<?xml version="1.0" encoding="UTF-8"?>
<gpx xmlns="http://www.topografix.com/GPX/1/1" xmlns:xsi="http://www.w3.org/2001/XMLSchema-instance" version="1.1" creator="phpGPX/1.3.0" xsi:schemaLocation="http://www.topografix.com/GPX/1/1 http://www.topografix.com/GPX/1/1/gpx.xsd">
  <metadata>
    <time>2026-05-11T18:27:42+00:00</time>
  </metadata>
  <trk>
    <name>Plan de l'Aiguille - Mer de glace</name>
    <trkseg>
      <trkpt lat="45.92363" lon="6.87166">
        <ele>1038</ele>
        <time>2026-05-11T18:27:43+00:00</time>
      </trkpt>
      <trkpt lat="45.92336" lon="6.87185">
        <ele>1039</ele>
        <time>2026-05-11T18:27:44+00:00</time>
      </trkpt>
      <trkpt lat="45.92296" lon="6.87342">
        <ele>1043</ele>
        <time>2026-05-11T18:27:45+00:00</time>
      </trkpt>
      <trkpt lat="45.9232" lon="6.87389">
        <ele>1044</ele>
        <time>2026-05-11T18:27:46+00:00</time>
      </trkpt>
      <trkpt lat="45.92349" lon="6.87423">
        <ele>1044</ele>
        <time>2026-05-11T18:27:47+00:00</time>
      </trkpt>
      <trkpt lat="45.924" lon="6.87464">
        <ele>1041</ele>
        <time>2026-05-11T18:27:48+00:00</time>
      </trkpt>
      <trkpt lat="45.92405" lon="6.87518">
        <ele>1043</ele>
        <time>2026-05-11T18:27:49+00:00</time>
      </trkpt>
      <trkpt lat="45.92374" lon="6.87575">
        <ele>1047</ele>
        <time>2026-05-11T18:27:50+00:00</time>
      </trkpt>
      <trkpt lat="45.92353" lon="6.87602">
        <ele>1048</ele>
        <time>2026-05-11T18:27:51+00:00</time>
      </trkpt>
      <trkpt lat="45.92325" lon="6.87625">
        <ele>1047</ele>
        <time>2026-05-11T18:27:52+00:00</time>
      </trkpt>
      <trkpt lat="45.92348" lon="6.87704">
        <ele>1048</ele>
        <time>2026-05-11T18:27:53+00:00</time>
      </trkpt>
      <trkpt lat="45.92383" lon="6.87778">
        <ele>1051</ele>
        <time>2026-05-11T18:27:54+00:00</time>
      </trkpt>
      <trkpt lat="45.92415" lon="6.87835">
        <ele>1054</ele>
        <time>2026-05-11T18:27:55+00:00</time>
      </trkpt>
      <trkpt lat="45.92421" lon="6.8785">
        <ele>1055</ele>
        <time>2026-05-11T18:27:56+00:00</time>
      </trkpt>
      <trkpt lat="45.9231" lon="6.8802">
        <ele>1074</ele>
        <time>2026-05-11T18:27:57+00:00</time>
      </trkpt>
      <trkpt lat="45.92294" lon="6.88035">
        <ele>1082</ele>
        <time>2026-05-11T18:27:58+00:00</time>
      </trkpt>
      <trkpt lat="45.92273" lon="6.88027">
        <ele>1085</ele>
        <time>2026-05-11T18:27:59+00:00</time>
      </trkpt>
      <trkpt lat="45.92243" lon="6.88032">
        <ele>1096</ele>
        <time>2026-05-11T18:28:00+00:00</time>
      </trkpt>
      <trkpt lat="45.9222" lon="6.88027">
        <ele>1105</ele>
        <time>2026-05-11T18:28:01+00:00</time>
      </trkpt>
      <trkpt lat="45.92206" lon="6.88005">
        <ele>1105</ele>
        <time>2026-05-11T18:28:02+00:00</time>
      </trkpt>
      <trkpt lat="45.92188" lon="6.8799">
        <ele>1108</ele>
        <time>2026-05-11T18:28:03+00:00</time>
      </trkpt>
      <trkpt lat="45.92188" lon="6.8801">
        <ele>1114</ele>
        <time>2026-05-11T18:28:04+00:00</time>
      </trkpt>
      <trkpt lat="45.92193" lon="6.88033">
        <ele>1119</ele>
        <time>2026-05-11T18:28:05+00:00</time>
      </trkpt>
      <trkpt lat="45.9219" lon="6.88034">
        <ele>1121</ele>
        <time>2026-05-11T18:28:06+00:00</time>
      </trkpt>
      <trkpt lat="45.9218" lon="6.88029">
        <ele>1124</ele>
        <time>2026-05-11T18:28:07+00:00</time>
      </trkpt>
      <trkpt lat="45.92151" lon="6.88008">
        <ele>1132</ele>
        <time>2026-05-11T18:28:08+00:00</time>
      </trkpt>
      <trkpt lat="45.92159" lon="6.88044">
        <ele>1139</ele>
        <time>2026-05-11T18:28:09+00:00</time>
      </trkpt>
      <trkpt lat="45.92158" lon="6.88053">
        <ele>1142</ele>
        <time>2026-05-11T18:28:10+00:00</time>
      </trkpt>
      <trkpt lat="45.92125" lon="6.88038">
        <ele>1156</ele>
        <time>2026-05-11T18:28:11+00:00</time>
      </trkpt>
      <trkpt lat="45.92131" lon="6.88053">
        <ele>1157</ele>
        <time>2026-05-11T18:28:12+00:00</time>
      </trkpt>
      <trkpt lat="45.92133" lon="6.8807">
        <ele>1161</ele>
        <time>2026-05-11T18:28:13+00:00</time>
      </trkpt>
      <trkpt lat="45.92141" lon="6.88086">
        <ele>1162</ele>
        <time>2026-05-11T18:28:14+00:00</time>
      </trkpt>
      <trkpt lat="45.92139" lon="6.88087">
        <ele>1163</ele>
        <time>2026-05-11T18:28:15+00:00</time>
      </trkpt>
      <trkpt lat="45.92126" lon="6.88081">
        <ele>1169</ele>
        <time>2026-05-11T18:28:16+00:00</time>
      </trkpt>
      <trkpt lat="45.92105" lon="6.8806">
        <ele>1174</ele>
        <time>2026-05-11T18:28:17+00:00</time>
      </trkpt>
      <trkpt lat="45.92092" lon="6.88056">
        <ele>1181</ele>
        <time>2026-05-11T18:28:18+00:00</time>
      </trkpt>
      <trkpt lat="45.92111" lon="6.88098">
        <ele>1183</ele>
        <time>2026-05-11T18:28:19+00:00</time>
      </trkpt>
      <trkpt lat="45.9211" lon="6.88114">
        <ele>1189</ele>
        <time>2026-05-11T18:28:20+00:00</time>
      </trkpt>
      <trkpt lat="45.92072" lon="6.88091">
        <ele>1202</ele>
        <time>2026-05-11T18:28:21+00:00</time>
      </trkpt>
      <trkpt lat="45.92103" lon="6.8817">
        <ele>1212</ele>
        <time>2026-05-11T18:28:22+00:00</time>
      </trkpt>
      <trkpt lat="45.92112" lon="6.88185">
        <ele>1213</ele>
        <time>2026-05-11T18:28:23+00:00</time>
      </trkpt>
      <trkpt lat="45.92127" lon="6.88224">
        <ele>1220</ele>
        <time>2026-05-11T18:28:24+00:00</time>
      </trkpt>
      <trkpt lat="45.92127" lon="6.8823">
        <ele>1222</ele>
        <time>2026-05-11T18:28:25+00:00</time>
      </trkpt>
      <trkpt lat="45.92121" lon="6.88232">
        <ele>1226</ele>
        <time>2026-05-11T18:28:26+00:00</time>
      </trkpt>
      <trkpt lat="45.92106" lon="6.88225">
        <ele>1233</ele>
        <time>2026-05-11T18:28:27+00:00</time>
      </trkpt>
      <trkpt lat="45.92081" lon="6.88202">
        <ele>1238</ele>
        <time>2026-05-11T18:28:28+00:00</time>
      </trkpt>
      <trkpt lat="45.92077" lon="6.88201">
        <ele>1240</ele>
        <time>2026-05-11T18:28:29+00:00</time>
      </trkpt>
      <trkpt lat="45.92073" lon="6.88191">
        <ele>1238</ele>
        <time>2026-05-11T18:28:30+00:00</time>
      </trkpt>
      <trkpt lat="45.92068" lon="6.88189">
        <ele>1240</ele>
        <time>2026-05-11T18:28:31+00:00</time>
      </trkpt>
      <trkpt lat="45.92068" lon="6.88185">
        <ele>1238</ele>
        <time>2026-05-11T18:28:32+00:00</time>
      </trkpt>
      <trkpt lat="45.92059" lon="6.88173">
        <ele>1238</ele>
        <time>2026-05-11T18:28:33+00:00</time>
      </trkpt>
      <trkpt lat="45.92037" lon="6.88149">
        <ele>1240</ele>
        <time>2026-05-11T18:28:34+00:00</time>
      </trkpt>
      <trkpt lat="45.9203" lon="6.88145">
        <ele>1242</ele>
        <time>2026-05-11T18:28:35+00:00</time>
      </trkpt>
      <trkpt lat="45.92037" lon="6.88174">
        <ele>1250</ele>
        <time>2026-05-11T18:28:36+00:00</time>
      </trkpt>
      <trkpt lat="45.92037" lon="6.88192">
        <ele>1258</ele>
        <time>2026-05-11T18:28:37+00:00</time>
      </trkpt>
      <trkpt lat="45.92042" lon="6.88202">
        <ele>1260</ele>
        <time>2026-05-11T18:28:38+00:00</time>
      </trkpt>
      <trkpt lat="45.92048" lon="6.88233">
        <ele>1270</ele>
        <time>2026-05-11T18:28:39+00:00</time>
      </trkpt>
      <trkpt lat="45.9206" lon="6.88256">
        <ele>1273</ele>
        <time>2026-05-11T18:28:40+00:00</time>
      </trkpt>
      <trkpt lat="45.92061" lon="6.88265">
        <ele>1277</ele>
        <time>2026-05-11T18:28:41+00:00</time>
      </trkpt>
      <trkpt lat="45.92053" lon="6.88265">
        <ele>1282</ele>
        <time>2026-05-11T18:28:42+00:00</time>
      </trkpt>
      <trkpt lat="45.92065" lon="6.88279">
        <ele>1283</ele>
        <time>2026-05-11T18:28:43+00:00</time>
      </trkpt>
      <trkpt lat="45.92068" lon="6.88287">
        <ele>1286</ele>
        <time>2026-05-11T18:28:44+00:00</time>
      </trkpt>
      <trkpt lat="45.92085" lon="6.88312">
        <ele>1291</ele>
        <time>2026-05-11T18:28:45+00:00</time>
      </trkpt>
      <trkpt lat="45.92083" lon="6.88318">
        <ele>1295</ele>
        <time>2026-05-11T18:28:46+00:00</time>
      </trkpt>
      <trkpt lat="45.92065" lon="6.88311">
        <ele>1301</ele>
        <time>2026-05-11T18:28:47+00:00</time>
      </trkpt>
      <trkpt lat="45.92061" lon="6.88314">
        <ele>1305</ele>
        <time>2026-05-11T18:28:48+00:00</time>
      </trkpt>
      <trkpt lat="45.92045" lon="6.88311">
        <ele>1312</ele>
        <time>2026-05-11T18:28:49+00:00</time>
      </trkpt>
      <trkpt lat="45.92035" lon="6.88305">
        <ele>1314</ele>
        <time>2026-05-11T18:28:50+00:00</time>
      </trkpt>
      <trkpt lat="45.92035" lon="6.88308">
        <ele>1315</ele>
        <time>2026-05-11T18:28:51+00:00</time>
      </trkpt>
      <trkpt lat="45.92074" lon="6.88362">
        <ele>1323</ele>
        <time>2026-05-11T18:28:52+00:00</time>
      </trkpt>
      <trkpt lat="45.9209" lon="6.88377">
        <ele>1322</ele>
        <time>2026-05-11T18:28:53+00:00</time>
      </trkpt>
      <trkpt lat="45.92097" lon="6.88399">
        <ele>1329</ele>
        <time>2026-05-11T18:28:54+00:00</time>
      </trkpt>
      <trkpt lat="45.9208" lon="6.88391">
        <ele>1335</ele>
        <time>2026-05-11T18:28:55+00:00</time>
      </trkpt>
      <trkpt lat="45.92057" lon="6.88387">
        <ele>1344</ele>
        <time>2026-05-11T18:28:56+00:00</time>
      </trkpt>
      <trkpt lat="45.92049" lon="6.88382">
        <ele>1345</ele>
        <time>2026-05-11T18:28:57+00:00</time>
      </trkpt>
      <trkpt lat="45.92049" lon="6.88386">
        <ele>1347</ele>
        <time>2026-05-11T18:28:58+00:00</time>
      </trkpt>
      <trkpt lat="45.92059" lon="6.88399">
        <ele>1349</ele>
        <time>2026-05-11T18:28:59+00:00</time>
      </trkpt>
      <trkpt lat="45.92064" lon="6.88402">
        <ele>1348</ele>
        <time>2026-05-11T18:29:00+00:00</time>
      </trkpt>
      <trkpt lat="45.92072" lon="6.88415">
        <ele>1351</ele>
        <time>2026-05-11T18:29:01+00:00</time>
      </trkpt>
      <trkpt lat="45.92029" lon="6.88405">
        <ele>1365</ele>
        <time>2026-05-11T18:29:02+00:00</time>
      </trkpt>
      <trkpt lat="45.92018" lon="6.88398">
        <ele>1367</ele>
        <time>2026-05-11T18:29:03+00:00</time>
      </trkpt>
      <trkpt lat="45.91997" lon="6.88376">
        <ele>1367</ele>
        <time>2026-05-11T18:29:04+00:00</time>
      </trkpt>
      <trkpt lat="45.91986" lon="6.8837">
        <ele>1372</ele>
        <time>2026-05-11T18:29:05+00:00</time>
      </trkpt>
      <trkpt lat="45.91969" lon="6.88352">
        <ele>1375</ele>
        <time>2026-05-11T18:29:06+00:00</time>
      </trkpt>
      <trkpt lat="45.91952" lon="6.88329">
        <ele>1376</ele>
        <time>2026-05-11T18:29:07+00:00</time>
      </trkpt>
      <trkpt lat="45.91941" lon="6.88321">
        <ele>1379</ele>
        <time>2026-05-11T18:29:08+00:00</time>
      </trkpt>
      <trkpt lat="45.91949" lon="6.88362">
        <ele>1392</ele>
        <time>2026-05-11T18:29:09+00:00</time>
      </trkpt>
      <trkpt lat="45.91967" lon="6.88399">
        <ele>1395</ele>
        <time>2026-05-11T18:29:10+00:00</time>
      </trkpt>
      <trkpt lat="45.91974" lon="6.88423">
        <ele>1401</ele>
        <time>2026-05-11T18:29:11+00:00</time>
      </trkpt>
      <trkpt lat="45.91972" lon="6.88431">
        <ele>1406</ele>
        <time>2026-05-11T18:29:12+00:00</time>
      </trkpt>
      <trkpt lat="45.92004" lon="6.885">
        <ele>1417</ele>
        <time>2026-05-11T18:29:13+00:00</time>
      </trkpt>
      <trkpt lat="45.92002" lon="6.88503">
        <ele>1420</ele>
        <time>2026-05-11T18:29:14+00:00</time>
      </trkpt>
      <trkpt lat="45.9201" lon="6.88518">
        <ele>1424</ele>
        <time>2026-05-11T18:29:15+00:00</time>
      </trkpt>
      <trkpt lat="45.92007" lon="6.8852">
        <ele>1427</ele>
        <time>2026-05-11T18:29:16+00:00</time>
      </trkpt>
      <trkpt lat="45.9196" lon="6.88488">
        <ele>1437</ele>
        <time>2026-05-11T18:29:17+00:00</time>
      </trkpt>
      <trkpt lat="45.91938" lon="6.88482">
        <ele>1447</ele>
        <time>2026-05-11T18:29:18+00:00</time>
      </trkpt>
      <trkpt lat="45.91911" lon="6.88464">
        <ele>1454</ele>
        <time>2026-05-11T18:29:19+00:00</time>
      </trkpt>
      <trkpt lat="45.91888" lon="6.88441">
        <ele>1458</ele>
        <time>2026-05-11T18:29:20+00:00</time>
      </trkpt>
      <trkpt lat="45.91871" lon="6.8843">
        <ele>1462</ele>
        <time>2026-05-11T18:29:21+00:00</time>
      </trkpt>
      <trkpt lat="45.91844" lon="6.88417">
        <ele>1471</ele>
        <time>2026-05-11T18:29:22+00:00</time>
      </trkpt>
      <trkpt lat="45.91855" lon="6.88435">
        <ele>1473</ele>
        <time>2026-05-11T18:29:23+00:00</time>
      </trkpt>
      <trkpt lat="45.91873" lon="6.88482">
        <ele>1483</ele>
        <time>2026-05-11T18:29:24+00:00</time>
      </trkpt>
      <trkpt lat="45.91845" lon="6.88468">
        <ele>1493</ele>
        <time>2026-05-11T18:29:25+00:00</time>
      </trkpt>
      <trkpt lat="45.91834" lon="6.88458">
        <ele>1494</ele>
        <time>2026-05-11T18:29:26+00:00</time>
      </trkpt>
      <trkpt lat="45.91815" lon="6.88447">
        <ele>1495</ele>
        <time>2026-05-11T18:29:27+00:00</time>
      </trkpt>
      <trkpt lat="45.91825" lon="6.88471">
        <ele>1503</ele>
        <time>2026-05-11T18:29:28+00:00</time>
      </trkpt>
      <trkpt lat="45.91827" lon="6.88484">
        <ele>1508</ele>
        <time>2026-05-11T18:29:29+00:00</time>
      </trkpt>
      <trkpt lat="45.9182" lon="6.88478">
        <ele>1507</ele>
        <time>2026-05-11T18:29:30+00:00</time>
      </trkpt>
      <trkpt lat="45.91813" lon="6.88478">
        <ele>1509</ele>
        <time>2026-05-11T18:29:31+00:00</time>
      </trkpt>
      <trkpt lat="45.91808" lon="6.88474">
        <ele>1508</ele>
        <time>2026-05-11T18:29:32+00:00</time>
      </trkpt>
      <trkpt lat="45.91804" lon="6.88476">
        <ele>1510</ele>
        <time>2026-05-11T18:29:33+00:00</time>
      </trkpt>
      <trkpt lat="45.91785" lon="6.88466">
        <ele>1510</ele>
        <time>2026-05-11T18:29:34+00:00</time>
      </trkpt>
      <trkpt lat="45.91763" lon="6.88464">
        <ele>1515</ele>
        <time>2026-05-11T18:29:35+00:00</time>
      </trkpt>
      <trkpt lat="45.91757" lon="6.88461">
        <ele>1515</ele>
        <time>2026-05-11T18:29:36+00:00</time>
      </trkpt>
      <trkpt lat="45.91753" lon="6.88464">
        <ele>1517</ele>
        <time>2026-05-11T18:29:37+00:00</time>
      </trkpt>
      <trkpt lat="45.91757" lon="6.88479">
        <ele>1523</ele>
        <time>2026-05-11T18:29:38+00:00</time>
      </trkpt>
      <trkpt lat="45.91765" lon="6.88488">
        <ele>1525</ele>
        <time>2026-05-11T18:29:39+00:00</time>
      </trkpt>
      <trkpt lat="45.91766" lon="6.88498">
        <ele>1529</ele>
        <time>2026-05-11T18:29:40+00:00</time>
      </trkpt>
      <trkpt lat="45.91751" lon="6.8851">
        <ele>1539</ele>
        <time>2026-05-11T18:29:41+00:00</time>
      </trkpt>
      <trkpt lat="45.91736" lon="6.88516">
        <ele>1544</ele>
        <time>2026-05-11T18:29:42+00:00</time>
      </trkpt>
      <trkpt lat="45.91711" lon="6.88521">
        <ele>1549</ele>
        <time>2026-05-11T18:29:43+00:00</time>
      </trkpt>
      <trkpt lat="45.91696" lon="6.88531">
        <ele>1556</ele>
        <time>2026-05-11T18:29:44+00:00</time>
      </trkpt>
      <trkpt lat="45.91682" lon="6.88537">
        <ele>1560</ele>
        <time>2026-05-11T18:29:45+00:00</time>
      </trkpt>
      <trkpt lat="45.91673" lon="6.88539">
        <ele>1562</ele>
        <time>2026-05-11T18:29:46+00:00</time>
      </trkpt>
      <trkpt lat="45.91666" lon="6.88536">
        <ele>1562</ele>
        <time>2026-05-11T18:29:47+00:00</time>
      </trkpt>
      <trkpt lat="45.91655" lon="6.88551">
        <ele>1571</ele>
        <time>2026-05-11T18:29:48+00:00</time>
      </trkpt>
      <trkpt lat="45.9165" lon="6.8855">
        <ele>1571</ele>
        <time>2026-05-11T18:29:49+00:00</time>
      </trkpt>
      <trkpt lat="45.91638" lon="6.88555">
        <ele>1576</ele>
        <time>2026-05-11T18:29:50+00:00</time>
      </trkpt>
      <trkpt lat="45.91625" lon="6.88565">
        <ele>1582</ele>
        <time>2026-05-11T18:29:51+00:00</time>
      </trkpt>
      <trkpt lat="45.91629" lon="6.88571">
        <ele>1584</ele>
        <time>2026-05-11T18:29:52+00:00</time>
      </trkpt>
      <trkpt lat="45.91623" lon="6.88572">
        <ele>1585</ele>
        <time>2026-05-11T18:29:53+00:00</time>
      </trkpt>
      <trkpt lat="45.91615" lon="6.88579">
        <ele>1589</ele>
        <time>2026-05-11T18:29:54+00:00</time>
      </trkpt>
      <trkpt lat="45.91621" lon="6.88585">
        <ele>1590</ele>
        <time>2026-05-11T18:29:55+00:00</time>
      </trkpt>
      <trkpt lat="45.91638" lon="6.88594">
        <ele>1591</ele>
        <time>2026-05-11T18:29:56+00:00</time>
      </trkpt>
      <trkpt lat="45.91647" lon="6.88605">
        <ele>1594</ele>
        <time>2026-05-11T18:29:57+00:00</time>
      </trkpt>
      <trkpt lat="45.9163" lon="6.88615">
        <ele>1600</ele>
        <time>2026-05-11T18:29:58+00:00</time>
      </trkpt>
      <trkpt lat="45.91623" lon="6.8863">
        <ele>1606</ele>
        <time>2026-05-11T18:29:59+00:00</time>
      </trkpt>
      <trkpt lat="45.91596" lon="6.88642">
        <ele>1612</ele>
        <time>2026-05-11T18:30:00+00:00</time>
      </trkpt>
      <trkpt lat="45.9157" lon="6.88635">
        <ele>1614</ele>
        <time>2026-05-11T18:30:01+00:00</time>
      </trkpt>
      <trkpt lat="45.91555" lon="6.88647">
        <ele>1621</ele>
        <time>2026-05-11T18:30:02+00:00</time>
      </trkpt>
      <trkpt lat="45.91548" lon="6.88643">
        <ele>1621</ele>
        <time>2026-05-11T18:30:03+00:00</time>
      </trkpt>
      <trkpt lat="45.91546" lon="6.88639">
        <ele>1621</ele>
        <time>2026-05-11T18:30:04+00:00</time>
      </trkpt>
      <trkpt lat="45.91541" lon="6.88611">
        <ele>1616</ele>
        <time>2026-05-11T18:30:05+00:00</time>
      </trkpt>
      <trkpt lat="45.91532" lon="6.88592">
        <ele>1615</ele>
        <time>2026-05-11T18:30:06+00:00</time>
      </trkpt>
      <trkpt lat="45.9152" lon="6.88596">
        <ele>1619</ele>
        <time>2026-05-11T18:30:07+00:00</time>
      </trkpt>
      <trkpt lat="45.9152" lon="6.88592">
        <ele>1619</ele>
        <time>2026-05-11T18:30:08+00:00</time>
      </trkpt>
      <trkpt lat="45.91526" lon="6.88587">
        <ele>1616</ele>
        <time>2026-05-11T18:30:09+00:00</time>
      </trkpt>
      <trkpt lat="45.91533" lon="6.88574">
        <ele>1611</ele>
        <time>2026-05-11T18:30:10+00:00</time>
      </trkpt>
      <trkpt lat="45.91529" lon="6.88566">
        <ele>1612</ele>
        <time>2026-05-11T18:30:11+00:00</time>
      </trkpt>
      <trkpt lat="45.9152" lon="6.88563">
        <ele>1615</ele>
        <time>2026-05-11T18:30:12+00:00</time>
      </trkpt>
      <trkpt lat="45.9152" lon="6.88557">
        <ele>1615</ele>
        <time>2026-05-11T18:30:13+00:00</time>
      </trkpt>
      <trkpt lat="45.91516" lon="6.88557">
        <ele>1617</ele>
        <time>2026-05-11T18:30:14+00:00</time>
      </trkpt>
      <trkpt lat="45.91511" lon="6.88566">
        <ele>1619</ele>
        <time>2026-05-11T18:30:15+00:00</time>
      </trkpt>
      <trkpt lat="45.91505" lon="6.88566">
        <ele>1622</ele>
        <time>2026-05-11T18:30:16+00:00</time>
      </trkpt>
      <trkpt lat="45.91501" lon="6.88569">
        <ele>1623</ele>
        <time>2026-05-11T18:30:17+00:00</time>
      </trkpt>
      <trkpt lat="45.91494" lon="6.88565">
        <ele>1627</ele>
        <time>2026-05-11T18:30:18+00:00</time>
      </trkpt>
      <trkpt lat="45.91489" lon="6.88571">
        <ele>1630</ele>
        <time>2026-05-11T18:30:19+00:00</time>
      </trkpt>
      <trkpt lat="45.91474" lon="6.88549">
        <ele>1639</ele>
        <time>2026-05-11T18:30:20+00:00</time>
      </trkpt>
      <trkpt lat="45.91471" lon="6.88557">
        <ele>1641</ele>
        <time>2026-05-11T18:30:21+00:00</time>
      </trkpt>
      <trkpt lat="45.91473" lon="6.88578">
        <ele>1640</ele>
        <time>2026-05-11T18:30:22+00:00</time>
      </trkpt>
      <trkpt lat="45.91471" lon="6.88585">
        <ele>1641</ele>
        <time>2026-05-11T18:30:23+00:00</time>
      </trkpt>
      <trkpt lat="45.91458" lon="6.88566">
        <ele>1648</ele>
        <time>2026-05-11T18:30:24+00:00</time>
      </trkpt>
      <trkpt lat="45.91453" lon="6.88554">
        <ele>1651</ele>
        <time>2026-05-11T18:30:25+00:00</time>
      </trkpt>
      <trkpt lat="45.9145" lon="6.88578">
        <ele>1653</ele>
        <time>2026-05-11T18:30:26+00:00</time>
      </trkpt>
      <trkpt lat="45.91444" lon="6.88598">
        <ele>1657</ele>
        <time>2026-05-11T18:30:27+00:00</time>
      </trkpt>
      <trkpt lat="45.91438" lon="6.88609">
        <ele>1661</ele>
        <time>2026-05-11T18:30:28+00:00</time>
      </trkpt>
      <trkpt lat="45.91434" lon="6.88606">
        <ele>1663</ele>
        <time>2026-05-11T18:30:29+00:00</time>
      </trkpt>
      <trkpt lat="45.91427" lon="6.88585">
        <ele>1666</ele>
        <time>2026-05-11T18:30:30+00:00</time>
      </trkpt>
      <trkpt lat="45.9142" lon="6.88608">
        <ele>1671</ele>
        <time>2026-05-11T18:30:31+00:00</time>
      </trkpt>
      <trkpt lat="45.9142" lon="6.8862">
        <ele>1671</ele>
        <time>2026-05-11T18:30:32+00:00</time>
      </trkpt>
      <trkpt lat="45.91417" lon="6.88625">
        <ele>1672</ele>
        <time>2026-05-11T18:30:33+00:00</time>
      </trkpt>
      <trkpt lat="45.91409" lon="6.88599">
        <ele>1676</ele>
        <time>2026-05-11T18:30:34+00:00</time>
      </trkpt>
      <trkpt lat="45.91406" lon="6.88601">
        <ele>1678</ele>
        <time>2026-05-11T18:30:35+00:00</time>
      </trkpt>
      <trkpt lat="45.91399" lon="6.88619">
        <ele>1682</ele>
        <time>2026-05-11T18:30:36+00:00</time>
      </trkpt>
      <trkpt lat="45.91397" lon="6.88635">
        <ele>1682</ele>
        <time>2026-05-11T18:30:37+00:00</time>
      </trkpt>
      <trkpt lat="45.9138" lon="6.88613">
        <ele>1692</ele>
        <time>2026-05-11T18:30:38+00:00</time>
      </trkpt>
      <trkpt lat="45.91377" lon="6.88632">
        <ele>1693</ele>
        <time>2026-05-11T18:30:39+00:00</time>
      </trkpt>
      <trkpt lat="45.91373" lon="6.88623">
        <ele>1695</ele>
        <time>2026-05-11T18:30:40+00:00</time>
      </trkpt>
      <trkpt lat="45.91373" lon="6.88636">
        <ele>1694</ele>
        <time>2026-05-11T18:30:41+00:00</time>
      </trkpt>
      <trkpt lat="45.91369" lon="6.88637">
        <ele>1696</ele>
        <time>2026-05-11T18:30:42+00:00</time>
      </trkpt>
      <trkpt lat="45.91362" lon="6.88626">
        <ele>1701</ele>
        <time>2026-05-11T18:30:43+00:00</time>
      </trkpt>
      <trkpt lat="45.91355" lon="6.88646">
        <ele>1702</ele>
        <time>2026-05-11T18:30:44+00:00</time>
      </trkpt>
      <trkpt lat="45.91348" lon="6.88627">
        <ele>1708</ele>
        <time>2026-05-11T18:30:45+00:00</time>
      </trkpt>
      <trkpt lat="45.91342" lon="6.88626">
        <ele>1711</ele>
        <time>2026-05-11T18:30:46+00:00</time>
      </trkpt>
      <trkpt lat="45.91333" lon="6.88639">
        <ele>1714</ele>
        <time>2026-05-11T18:30:47+00:00</time>
      </trkpt>
      <trkpt lat="45.91329" lon="6.8863">
        <ele>1717</ele>
        <time>2026-05-11T18:30:48+00:00</time>
      </trkpt>
      <trkpt lat="45.91327" lon="6.88563">
        <ele>1726</ele>
        <time>2026-05-11T18:30:49+00:00</time>
      </trkpt>
      <trkpt lat="45.9132" lon="6.88542">
        <ele>1730</ele>
        <time>2026-05-11T18:30:50+00:00</time>
      </trkpt>
      <trkpt lat="45.91315" lon="6.88535">
        <ele>1732</ele>
        <time>2026-05-11T18:30:51+00:00</time>
      </trkpt>
      <trkpt lat="45.91307" lon="6.88534">
        <ele>1736</ele>
        <time>2026-05-11T18:30:52+00:00</time>
      </trkpt>
      <trkpt lat="45.91298" lon="6.88526">
        <ele>1739</ele>
        <time>2026-05-11T18:30:53+00:00</time>
      </trkpt>
      <trkpt lat="45.91296" lon="6.88527">
        <ele>1740</ele>
        <time>2026-05-11T18:30:54+00:00</time>
      </trkpt>
      <trkpt lat="45.91274" lon="6.88516">
        <ele>1748</ele>
        <time>2026-05-11T18:30:55+00:00</time>
      </trkpt>
      <trkpt lat="45.91263" lon="6.88531">
        <ele>1753</ele>
        <time>2026-05-11T18:30:56+00:00</time>
      </trkpt>
      <trkpt lat="45.91263" lon="6.8854">
        <ele>1754</ele>
        <time>2026-05-11T18:30:57+00:00</time>
      </trkpt>
      <trkpt lat="45.91254" lon="6.88544">
        <ele>1758</ele>
        <time>2026-05-11T18:30:58+00:00</time>
      </trkpt>
      <trkpt lat="45.91247" lon="6.88542">
        <ele>1761</ele>
        <time>2026-05-11T18:30:59+00:00</time>
      </trkpt>
      <trkpt lat="45.91251" lon="6.88551">
        <ele>1759</ele>
        <time>2026-05-11T18:31:00+00:00</time>
      </trkpt>
      <trkpt lat="45.91247" lon="6.88551">
        <ele>1762</ele>
        <time>2026-05-11T18:31:01+00:00</time>
      </trkpt>
      <trkpt lat="45.91248" lon="6.88557">
        <ele>1762</ele>
        <time>2026-05-11T18:31:02+00:00</time>
      </trkpt>
      <trkpt lat="45.91239" lon="6.8856">
        <ele>1768</ele>
        <time>2026-05-11T18:31:03+00:00</time>
      </trkpt>
      <trkpt lat="45.91244" lon="6.88568">
        <ele>1765</ele>
        <time>2026-05-11T18:31:04+00:00</time>
      </trkpt>
      <trkpt lat="45.91229" lon="6.88576">
        <ele>1776</ele>
        <time>2026-05-11T18:31:05+00:00</time>
      </trkpt>
      <trkpt lat="45.91227" lon="6.88593">
        <ele>1777</ele>
        <time>2026-05-11T18:31:06+00:00</time>
      </trkpt>
      <trkpt lat="45.91223" lon="6.8859">
        <ele>1780</ele>
        <time>2026-05-11T18:31:07+00:00</time>
      </trkpt>
      <trkpt lat="45.91221" lon="6.88592">
        <ele>1781</ele>
        <time>2026-05-11T18:31:08+00:00</time>
      </trkpt>
      <trkpt lat="45.91213" lon="6.88608">
        <ele>1786</ele>
        <time>2026-05-11T18:31:09+00:00</time>
      </trkpt>
      <trkpt lat="45.9121" lon="6.88637">
        <ele>1787</ele>
        <time>2026-05-11T18:31:10+00:00</time>
      </trkpt>
      <trkpt lat="45.91204" lon="6.88651">
        <ele>1790</ele>
        <time>2026-05-11T18:31:11+00:00</time>
      </trkpt>
      <trkpt lat="45.91197" lon="6.8863">
        <ele>1795</ele>
        <time>2026-05-11T18:31:12+00:00</time>
      </trkpt>
      <trkpt lat="45.91195" lon="6.88634">
        <ele>1796</ele>
        <time>2026-05-11T18:31:13+00:00</time>
      </trkpt>
      <trkpt lat="45.91195" lon="6.88663">
        <ele>1795</ele>
        <time>2026-05-11T18:31:14+00:00</time>
      </trkpt>
      <trkpt lat="45.91191" lon="6.88662">
        <ele>1798</ele>
        <time>2026-05-11T18:31:15+00:00</time>
      </trkpt>
      <trkpt lat="45.91189" lon="6.88648">
        <ele>1800</ele>
        <time>2026-05-11T18:31:16+00:00</time>
      </trkpt>
      <trkpt lat="45.91182" lon="6.88634">
        <ele>1805</ele>
        <time>2026-05-11T18:31:17+00:00</time>
      </trkpt>
      <trkpt lat="45.91178" lon="6.88641">
        <ele>1807</ele>
        <time>2026-05-11T18:31:18+00:00</time>
      </trkpt>
      <trkpt lat="45.91174" lon="6.88669">
        <ele>1809</ele>
        <time>2026-05-11T18:31:19+00:00</time>
      </trkpt>
      <trkpt lat="45.91164" lon="6.88684">
        <ele>1817</ele>
        <time>2026-05-11T18:31:20+00:00</time>
      </trkpt>
      <trkpt lat="45.91165" lon="6.88654">
        <ele>1815</ele>
        <time>2026-05-11T18:31:21+00:00</time>
      </trkpt>
      <trkpt lat="45.91162" lon="6.88654">
        <ele>1817</ele>
        <time>2026-05-11T18:31:22+00:00</time>
      </trkpt>
      <trkpt lat="45.91147" lon="6.88691">
        <ele>1831</ele>
        <time>2026-05-11T18:31:23+00:00</time>
      </trkpt>
      <trkpt lat="45.91149" lon="6.887">
        <ele>1830</ele>
        <time>2026-05-11T18:31:24+00:00</time>
      </trkpt>
      <trkpt lat="45.91147" lon="6.88708">
        <ele>1832</ele>
        <time>2026-05-11T18:31:25+00:00</time>
      </trkpt>
      <trkpt lat="45.91142" lon="6.887">
        <ele>1835</ele>
        <time>2026-05-11T18:31:26+00:00</time>
      </trkpt>
      <trkpt lat="45.91139" lon="6.88673">
        <ele>1835</ele>
        <time>2026-05-11T18:31:27+00:00</time>
      </trkpt>
      <trkpt lat="45.91134" lon="6.88676">
        <ele>1839</ele>
        <time>2026-05-11T18:31:28+00:00</time>
      </trkpt>
      <trkpt lat="45.91134" lon="6.88702">
        <ele>1841</ele>
        <time>2026-05-11T18:31:29+00:00</time>
      </trkpt>
      <trkpt lat="45.91128" lon="6.88716">
        <ele>1846</ele>
        <time>2026-05-11T18:31:30+00:00</time>
      </trkpt>
      <trkpt lat="45.91124" lon="6.88741">
        <ele>1850</ele>
        <time>2026-05-11T18:31:31+00:00</time>
      </trkpt>
      <trkpt lat="45.91118" lon="6.88746">
        <ele>1854</ele>
        <time>2026-05-11T18:31:32+00:00</time>
      </trkpt>
      <trkpt lat="45.91107" lon="6.88689">
        <ele>1860</ele>
        <time>2026-05-11T18:31:33+00:00</time>
      </trkpt>
      <trkpt lat="45.9111" lon="6.88681">
        <ele>1858</ele>
        <time>2026-05-11T18:31:34+00:00</time>
      </trkpt>
      <trkpt lat="45.91104" lon="6.88687">
        <ele>1862</ele>
        <time>2026-05-11T18:31:35+00:00</time>
      </trkpt>
      <trkpt lat="45.91097" lon="6.88701">
        <ele>1868</ele>
        <time>2026-05-11T18:31:36+00:00</time>
      </trkpt>
      <trkpt lat="45.91095" lon="6.88702">
        <ele>1869</ele>
        <time>2026-05-11T18:31:37+00:00</time>
      </trkpt>
      <trkpt lat="45.91087" lon="6.88685">
        <ele>1875</ele>
        <time>2026-05-11T18:31:38+00:00</time>
      </trkpt>
      <trkpt lat="45.91081" lon="6.88688">
        <ele>1880</ele>
        <time>2026-05-11T18:31:39+00:00</time>
      </trkpt>
      <trkpt lat="45.91076" lon="6.88703">
        <ele>1884</ele>
        <time>2026-05-11T18:31:40+00:00</time>
      </trkpt>
      <trkpt lat="45.91072" lon="6.88702">
        <ele>1887</ele>
        <time>2026-05-11T18:31:41+00:00</time>
      </trkpt>
      <trkpt lat="45.9107" lon="6.88684">
        <ele>1889</ele>
        <time>2026-05-11T18:31:42+00:00</time>
      </trkpt>
      <trkpt lat="45.91074" lon="6.88666">
        <ele>1885</ele>
        <time>2026-05-11T18:31:43+00:00</time>
      </trkpt>
      <trkpt lat="45.91081" lon="6.88652">
        <ele>1881</ele>
        <time>2026-05-11T18:31:44+00:00</time>
      </trkpt>
      <trkpt lat="45.9109" lon="6.88648">
        <ele>1874</ele>
        <time>2026-05-11T18:31:45+00:00</time>
      </trkpt>
      <trkpt lat="45.91089" lon="6.88604">
        <ele>1878</ele>
        <time>2026-05-11T18:31:46+00:00</time>
      </trkpt>
      <trkpt lat="45.91082" lon="6.88606">
        <ele>1883</ele>
        <time>2026-05-11T18:31:47+00:00</time>
      </trkpt>
      <trkpt lat="45.91078" lon="6.88603">
        <ele>1886</ele>
        <time>2026-05-11T18:31:48+00:00</time>
      </trkpt>
      <trkpt lat="45.91078" lon="6.88606">
        <ele>1886</ele>
        <time>2026-05-11T18:31:49+00:00</time>
      </trkpt>
      <trkpt lat="45.91076" lon="6.88606">
        <ele>1887</ele>
        <time>2026-05-11T18:31:50+00:00</time>
      </trkpt>
      <trkpt lat="45.91057" lon="6.88594">
        <ele>1900</ele>
        <time>2026-05-11T18:31:51+00:00</time>
      </trkpt>
      <trkpt lat="45.91057" lon="6.88589">
        <ele>1900</ele>
        <time>2026-05-11T18:31:52+00:00</time>
      </trkpt>
      <trkpt lat="45.91054" lon="6.88586">
        <ele>1902</ele>
        <time>2026-05-11T18:31:53+00:00</time>
      </trkpt>
      <trkpt lat="45.91048" lon="6.88588">
        <ele>1906</ele>
        <time>2026-05-11T18:31:54+00:00</time>
      </trkpt>
      <trkpt lat="45.91046" lon="6.88582">
        <ele>1907</ele>
        <time>2026-05-11T18:31:55+00:00</time>
      </trkpt>
      <trkpt lat="45.91043" lon="6.88583">
        <ele>1909</ele>
        <time>2026-05-11T18:31:56+00:00</time>
      </trkpt>
      <trkpt lat="45.9104" lon="6.88567">
        <ele>1909</ele>
        <time>2026-05-11T18:31:57+00:00</time>
      </trkpt>
      <trkpt lat="45.91034" lon="6.8856">
        <ele>1912</ele>
        <time>2026-05-11T18:31:58+00:00</time>
      </trkpt>
      <trkpt lat="45.91029" lon="6.88591">
        <ele>1918</ele>
        <time>2026-05-11T18:31:59+00:00</time>
      </trkpt>
      <trkpt lat="45.91027" lon="6.8859">
        <ele>1919</ele>
        <time>2026-05-11T18:32:00+00:00</time>
      </trkpt>
      <trkpt lat="45.91022" lon="6.88585">
        <ele>1922</ele>
        <time>2026-05-11T18:32:01+00:00</time>
      </trkpt>
      <trkpt lat="45.91012" lon="6.8856">
        <ele>1926</ele>
        <time>2026-05-11T18:32:02+00:00</time>
      </trkpt>
      <trkpt lat="45.91008" lon="6.88555">
        <ele>1928</ele>
        <time>2026-05-11T18:32:03+00:00</time>
      </trkpt>
      <trkpt lat="45.91004" lon="6.88556">
        <ele>1930</ele>
        <time>2026-05-11T18:32:04+00:00</time>
      </trkpt>
      <trkpt lat="45.91001" lon="6.88565">
        <ele>1933</ele>
        <time>2026-05-11T18:32:05+00:00</time>
      </trkpt>
      <trkpt lat="45.91005" lon="6.88617">
        <ele>1935</ele>
        <time>2026-05-11T18:32:06+00:00</time>
      </trkpt>
      <trkpt lat="45.91004" lon="6.88634">
        <ele>1938</ele>
        <time>2026-05-11T18:32:07+00:00</time>
      </trkpt>
      <trkpt lat="45.91007" lon="6.88637">
        <ele>1936</ele>
        <time>2026-05-11T18:32:08+00:00</time>
      </trkpt>
      <trkpt lat="45.91009" lon="6.88647">
        <ele>1935</ele>
        <time>2026-05-11T18:32:09+00:00</time>
      </trkpt>
      <trkpt lat="45.90996" lon="6.88641">
        <ele>1944</ele>
        <time>2026-05-11T18:32:10+00:00</time>
      </trkpt>
      <trkpt lat="45.90984" lon="6.88627">
        <ele>1949</ele>
        <time>2026-05-11T18:32:11+00:00</time>
      </trkpt>
      <trkpt lat="45.9098" lon="6.88616">
        <ele>1951</ele>
        <time>2026-05-11T18:32:12+00:00</time>
      </trkpt>
      <trkpt lat="45.90953" lon="6.88576">
        <ele>1962</ele>
        <time>2026-05-11T18:32:13+00:00</time>
      </trkpt>
      <trkpt lat="45.9095" lon="6.88575">
        <ele>1964</ele>
        <time>2026-05-11T18:32:14+00:00</time>
      </trkpt>
      <trkpt lat="45.90956" lon="6.88596">
        <ele>1962</ele>
        <time>2026-05-11T18:32:15+00:00</time>
      </trkpt>
      <trkpt lat="45.90955" lon="6.88627">
        <ele>1967</ele>
        <time>2026-05-11T18:32:16+00:00</time>
      </trkpt>
      <trkpt lat="45.9096" lon="6.88636">
        <ele>1965</ele>
        <time>2026-05-11T18:32:17+00:00</time>
      </trkpt>
      <trkpt lat="45.90964" lon="6.88663">
        <ele>1966</ele>
        <time>2026-05-11T18:32:18+00:00</time>
      </trkpt>
      <trkpt lat="45.9095" lon="6.88701">
        <ele>1977</ele>
        <time>2026-05-11T18:32:19+00:00</time>
      </trkpt>
      <trkpt lat="45.90944" lon="6.88734">
        <ele>1982</ele>
        <time>2026-05-11T18:32:20+00:00</time>
      </trkpt>
      <trkpt lat="45.90946" lon="6.88754">
        <ele>1981</ele>
        <time>2026-05-11T18:32:21+00:00</time>
      </trkpt>
      <trkpt lat="45.90952" lon="6.88777">
        <ele>1977</ele>
        <time>2026-05-11T18:32:22+00:00</time>
      </trkpt>
      <trkpt lat="45.90945" lon="6.8881">
        <ele>1981</ele>
        <time>2026-05-11T18:32:23+00:00</time>
      </trkpt>
      <trkpt lat="45.90942" lon="6.88809">
        <ele>1982</ele>
        <time>2026-05-11T18:32:24+00:00</time>
      </trkpt>
      <trkpt lat="45.90921" lon="6.88773">
        <ele>1996</ele>
        <time>2026-05-11T18:32:25+00:00</time>
      </trkpt>
      <trkpt lat="45.90919" lon="6.88751">
        <ele>1998</ele>
        <time>2026-05-11T18:32:26+00:00</time>
      </trkpt>
      <trkpt lat="45.90916" lon="6.88742">
        <ele>1999</ele>
        <time>2026-05-11T18:32:27+00:00</time>
      </trkpt>
      <trkpt lat="45.909" lon="6.88746">
        <ele>2007</ele>
        <time>2026-05-11T18:32:28+00:00</time>
      </trkpt>
      <trkpt lat="45.90906" lon="6.88734">
        <ele>2004</ele>
        <time>2026-05-11T18:32:29+00:00</time>
      </trkpt>
      <trkpt lat="45.90908" lon="6.88715">
        <ele>2003</ele>
        <time>2026-05-11T18:32:30+00:00</time>
      </trkpt>
      <trkpt lat="45.90885" lon="6.88735">
        <ele>2015</ele>
        <time>2026-05-11T18:32:31+00:00</time>
      </trkpt>
      <trkpt lat="45.90875" lon="6.88735">
        <ele>2020</ele>
        <time>2026-05-11T18:32:32+00:00</time>
      </trkpt>
      <trkpt lat="45.9089" lon="6.88697">
        <ele>2011</ele>
        <time>2026-05-11T18:32:33+00:00</time>
      </trkpt>
      <trkpt lat="45.90889" lon="6.88689">
        <ele>2011</ele>
        <time>2026-05-11T18:32:34+00:00</time>
      </trkpt>
      <trkpt lat="45.90884" lon="6.88682">
        <ele>2013</ele>
        <time>2026-05-11T18:32:35+00:00</time>
      </trkpt>
      <trkpt lat="45.90872" lon="6.88676">
        <ele>2019</ele>
        <time>2026-05-11T18:32:36+00:00</time>
      </trkpt>
      <trkpt lat="45.90843" lon="6.88668">
        <ele>2032</ele>
        <time>2026-05-11T18:32:37+00:00</time>
      </trkpt>
      <trkpt lat="45.90828" lon="6.8866">
        <ele>2039</ele>
        <time>2026-05-11T18:32:38+00:00</time>
      </trkpt>
      <trkpt lat="45.90816" lon="6.88642">
        <ele>2043</ele>
        <time>2026-05-11T18:32:39+00:00</time>
      </trkpt>
      <trkpt lat="45.90809" lon="6.88642">
        <ele>2047</ele>
        <time>2026-05-11T18:32:40+00:00</time>
      </trkpt>
      <trkpt lat="45.90807" lon="6.88636">
        <ele>2047</ele>
        <time>2026-05-11T18:32:41+00:00</time>
      </trkpt>
      <trkpt lat="45.90791" lon="6.88624">
        <ele>2055</ele>
        <time>2026-05-11T18:32:42+00:00</time>
      </trkpt>
      <trkpt lat="45.90788" lon="6.88625">
        <ele>2056</ele>
        <time>2026-05-11T18:32:43+00:00</time>
      </trkpt>
      <trkpt lat="45.90779" lon="6.88621">
        <ele>2061</ele>
        <time>2026-05-11T18:32:44+00:00</time>
      </trkpt>
      <trkpt lat="45.90764" lon="6.88601">
        <ele>2067</ele>
        <time>2026-05-11T18:32:45+00:00</time>
      </trkpt>
      <trkpt lat="45.90766" lon="6.88558">
        <ele>2070</ele>
        <time>2026-05-11T18:32:46+00:00</time>
      </trkpt>
      <trkpt lat="45.90764" lon="6.88533">
        <ele>2077</ele>
        <time>2026-05-11T18:32:47+00:00</time>
      </trkpt>
      <trkpt lat="45.90778" lon="6.88519">
        <ele>2073</ele>
        <time>2026-05-11T18:32:48+00:00</time>
      </trkpt>
      <trkpt lat="45.90784" lon="6.88504">
        <ele>2073</ele>
        <time>2026-05-11T18:32:49+00:00</time>
      </trkpt>
      <trkpt lat="45.9079" lon="6.88498">
        <ele>2072</ele>
        <time>2026-05-11T18:32:50+00:00</time>
      </trkpt>
      <trkpt lat="45.90789" lon="6.88491">
        <ele>2074</ele>
        <time>2026-05-11T18:32:51+00:00</time>
      </trkpt>
      <trkpt lat="45.90792" lon="6.88485">
        <ele>2074</ele>
        <time>2026-05-11T18:32:52+00:00</time>
      </trkpt>
      <trkpt lat="45.90787" lon="6.88453">
        <ele>2085</ele>
        <time>2026-05-11T18:32:53+00:00</time>
      </trkpt>
      <trkpt lat="45.9079" lon="6.88432">
        <ele>2088</ele>
        <time>2026-05-11T18:32:54+00:00</time>
      </trkpt>
      <trkpt lat="45.90776" lon="6.8839">
        <ele>2096</ele>
        <time>2026-05-11T18:32:55+00:00</time>
      </trkpt>
      <trkpt lat="45.90758" lon="6.88368">
        <ele>2104</ele>
        <time>2026-05-11T18:32:56+00:00</time>
      </trkpt>
      <trkpt lat="45.90751" lon="6.88354">
        <ele>2107</ele>
        <time>2026-05-11T18:32:57+00:00</time>
      </trkpt>
      <trkpt lat="45.90724" lon="6.88323">
        <ele>2115</ele>
        <time>2026-05-11T18:32:58+00:00</time>
      </trkpt>
      <trkpt lat="45.90713" lon="6.88321">
        <ele>2120</ele>
        <time>2026-05-11T18:32:59+00:00</time>
      </trkpt>
      <trkpt lat="45.90721" lon="6.88336">
        <ele>2122</ele>
        <time>2026-05-11T18:33:00+00:00</time>
      </trkpt>
      <trkpt lat="45.90724" lon="6.88358">
        <ele>2123</ele>
        <time>2026-05-11T18:33:01+00:00</time>
      </trkpt>
      <trkpt lat="45.90721" lon="6.8836">
        <ele>2125</ele>
        <time>2026-05-11T18:33:02+00:00</time>
      </trkpt>
      <trkpt lat="45.90698" lon="6.88352">
        <ele>2137</ele>
        <time>2026-05-11T18:33:03+00:00</time>
      </trkpt>
      <trkpt lat="45.90684" lon="6.88344">
        <ele>2144</ele>
        <time>2026-05-11T18:33:04+00:00</time>
      </trkpt>
      <trkpt lat="45.90674" lon="6.88349">
        <ele>2150</ele>
        <time>2026-05-11T18:33:05+00:00</time>
      </trkpt>
      <trkpt lat="45.90659" lon="6.88341">
        <ele>2158</ele>
        <time>2026-05-11T18:33:06+00:00</time>
      </trkpt>
      <trkpt lat="45.9065" lon="6.88332">
        <ele>2161</ele>
        <time>2026-05-11T18:33:07+00:00</time>
      </trkpt>
      <trkpt lat="45.90648" lon="6.88334">
        <ele>2163</ele>
        <time>2026-05-11T18:33:08+00:00</time>
      </trkpt>
      <trkpt lat="45.90652" lon="6.88359">
        <ele>2164</ele>
        <time>2026-05-11T18:33:09+00:00</time>
      </trkpt>
      <trkpt lat="45.9065" lon="6.8836">
        <ele>2166</ele>
        <time>2026-05-11T18:33:10+00:00</time>
      </trkpt>
      <trkpt lat="45.90644" lon="6.88354">
        <ele>2168</ele>
        <time>2026-05-11T18:33:11+00:00</time>
      </trkpt>
      <trkpt lat="45.90639" lon="6.88344">
        <ele>2170</ele>
        <time>2026-05-11T18:33:12+00:00</time>
      </trkpt>
      <trkpt lat="45.90621" lon="6.88334">
        <ele>2179</ele>
        <time>2026-05-11T18:33:13+00:00</time>
      </trkpt>
      <trkpt lat="45.906" lon="6.88305">
        <ele>2185</ele>
        <time>2026-05-11T18:33:14+00:00</time>
      </trkpt>
      <trkpt lat="45.90589" lon="6.88296">
        <ele>2190</ele>
        <time>2026-05-11T18:33:15+00:00</time>
      </trkpt>
      <trkpt lat="45.90586" lon="6.88297">
        <ele>2192</ele>
        <time>2026-05-11T18:33:16+00:00</time>
      </trkpt>
      <trkpt lat="45.90598" lon="6.88315">
        <ele>2188</ele>
        <time>2026-05-11T18:33:17+00:00</time>
      </trkpt>
      <trkpt lat="45.90604" lon="6.88341">
        <ele>2189</ele>
        <time>2026-05-11T18:33:18+00:00</time>
      </trkpt>
      <trkpt lat="45.90604" lon="6.88359">
        <ele>2191</ele>
        <time>2026-05-11T18:33:19+00:00</time>
      </trkpt>
      <trkpt lat="45.90614" lon="6.88396">
        <ele>2188</ele>
        <time>2026-05-11T18:33:20+00:00</time>
      </trkpt>
      <trkpt lat="45.9062" lon="6.88443">
        <ele>2183</ele>
        <time>2026-05-11T18:33:21+00:00</time>
      </trkpt>
      <trkpt lat="45.90617" lon="6.88468">
        <ele>2180</ele>
        <time>2026-05-11T18:33:22+00:00</time>
      </trkpt>
      <trkpt lat="45.90601" lon="6.88489">
        <ele>2183</ele>
        <time>2026-05-11T18:33:23+00:00</time>
      </trkpt>
      <trkpt lat="45.90589" lon="6.88495">
        <ele>2187</ele>
        <time>2026-05-11T18:33:24+00:00</time>
      </trkpt>
      <trkpt lat="45.90569" lon="6.88496">
        <ele>2193</ele>
        <time>2026-05-11T18:33:25+00:00</time>
      </trkpt>
      <trkpt lat="45.90553" lon="6.88504">
        <ele>2196</ele>
        <time>2026-05-11T18:33:26+00:00</time>
      </trkpt>
      <trkpt lat="45.90506" lon="6.8854">
        <ele>2206</ele>
        <time>2026-05-11T18:33:27+00:00</time>
      </trkpt>
      <trkpt lat="45.90501" lon="6.88553">
        <ele>2206</ele>
        <time>2026-05-11T18:33:28+00:00</time>
      </trkpt>
      <trkpt lat="45.90502" lon="6.886">
        <ele>2201</ele>
        <time>2026-05-11T18:33:29+00:00</time>
      </trkpt>
      <trkpt lat="45.90509" lon="6.8863">
        <ele>2197</ele>
        <time>2026-05-11T18:33:30+00:00</time>
      </trkpt>
      <trkpt lat="45.90527" lon="6.88674">
        <ele>2189</ele>
        <time>2026-05-11T18:33:31+00:00</time>
      </trkpt>
      <trkpt lat="45.90558" lon="6.88731">
        <ele>2179</ele>
        <time>2026-05-11T18:33:32+00:00</time>
      </trkpt>
      <trkpt lat="45.90568" lon="6.88752">
        <ele>2177</ele>
        <time>2026-05-11T18:33:33+00:00</time>
      </trkpt>
      <trkpt lat="45.90571" lon="6.88764">
        <ele>2176</ele>
        <time>2026-05-11T18:33:34+00:00</time>
      </trkpt>
      <trkpt lat="45.90584" lon="6.88786">
        <ele>2171</ele>
        <time>2026-05-11T18:33:35+00:00</time>
      </trkpt>
      <trkpt lat="45.90592" lon="6.8881">
        <ele>2168</ele>
        <time>2026-05-11T18:33:36+00:00</time>
      </trkpt>
      <trkpt lat="45.90592" lon="6.88825">
        <ele>2168</ele>
        <time>2026-05-11T18:33:37+00:00</time>
      </trkpt>
      <trkpt lat="45.90588" lon="6.88824">
        <ele>2170</ele>
        <time>2026-05-11T18:33:38+00:00</time>
      </trkpt>
      <trkpt lat="45.90591" lon="6.88828">
        <ele>2169</ele>
        <time>2026-05-11T18:33:39+00:00</time>
      </trkpt>
      <trkpt lat="45.90593" lon="6.88849">
        <ele>2167</ele>
        <time>2026-05-11T18:33:40+00:00</time>
      </trkpt>
      <trkpt lat="45.906" lon="6.88847">
        <ele>2165</ele>
        <time>2026-05-11T18:33:41+00:00</time>
      </trkpt>
      <trkpt lat="45.90597" lon="6.88863">
        <ele>2165</ele>
        <time>2026-05-11T18:33:42+00:00</time>
      </trkpt>
      <trkpt lat="45.90599" lon="6.88866">
        <ele>2164</ele>
        <time>2026-05-11T18:33:43+00:00</time>
      </trkpt>
      <trkpt lat="45.90604" lon="6.88864">
        <ele>2162</ele>
        <time>2026-05-11T18:33:44+00:00</time>
      </trkpt>
      <trkpt lat="45.90608" lon="6.88877">
        <ele>2160</ele>
        <time>2026-05-11T18:33:45+00:00</time>
      </trkpt>
      <trkpt lat="45.90604" lon="6.88898">
        <ele>2160</ele>
        <time>2026-05-11T18:33:46+00:00</time>
      </trkpt>
      <trkpt lat="45.90609" lon="6.88904">
        <ele>2158</ele>
        <time>2026-05-11T18:33:47+00:00</time>
      </trkpt>
      <trkpt lat="45.90619" lon="6.88898">
        <ele>2156</ele>
        <time>2026-05-11T18:33:48+00:00</time>
      </trkpt>
      <trkpt lat="45.90622" lon="6.88899">
        <ele>2155</ele>
        <time>2026-05-11T18:33:49+00:00</time>
      </trkpt>
      <trkpt lat="45.90631" lon="6.88917">
        <ele>2153</ele>
        <time>2026-05-11T18:33:50+00:00</time>
      </trkpt>
      <trkpt lat="45.90619" lon="6.88933">
        <ele>2157</ele>
        <time>2026-05-11T18:33:51+00:00</time>
      </trkpt>
      <trkpt lat="45.90618" lon="6.88965">
        <ele>2159</ele>
        <time>2026-05-11T18:33:52+00:00</time>
      </trkpt>
      <trkpt lat="45.90622" lon="6.88977">
        <ele>2160</ele>
        <time>2026-05-11T18:33:53+00:00</time>
      </trkpt>
      <trkpt lat="45.9064" lon="6.88995">
        <ele>2159</ele>
        <time>2026-05-11T18:33:54+00:00</time>
      </trkpt>
      <trkpt lat="45.90643" lon="6.89008">
        <ele>2161</ele>
        <time>2026-05-11T18:33:55+00:00</time>
      </trkpt>
      <trkpt lat="45.90665" lon="6.89014">
        <ele>2159</ele>
        <time>2026-05-11T18:33:56+00:00</time>
      </trkpt>
      <trkpt lat="45.90689" lon="6.89038">
        <ele>2155</ele>
        <time>2026-05-11T18:33:57+00:00</time>
      </trkpt>
      <trkpt lat="45.90714" lon="6.89084">
        <ele>2157</ele>
        <time>2026-05-11T18:33:58+00:00</time>
      </trkpt>
      <trkpt lat="45.90725" lon="6.89096">
        <ele>2156</ele>
        <time>2026-05-11T18:33:59+00:00</time>
      </trkpt>
      <trkpt lat="45.90728" lon="6.89104">
        <ele>2158</ele>
        <time>2026-05-11T18:34:00+00:00</time>
      </trkpt>
      <trkpt lat="45.90768" lon="6.89159">
        <ele>2157</ele>
        <time>2026-05-11T18:34:01+00:00</time>
      </trkpt>
      <trkpt lat="45.90773" lon="6.89163">
        <ele>2156</ele>
        <time>2026-05-11T18:34:02+00:00</time>
      </trkpt>
      <trkpt lat="45.90802" lon="6.89218">
        <ele>2159</ele>
        <time>2026-05-11T18:34:03+00:00</time>
      </trkpt>
      <trkpt lat="45.90804" lon="6.89235">
        <ele>2163</ele>
        <time>2026-05-11T18:34:04+00:00</time>
      </trkpt>
      <trkpt lat="45.9081" lon="6.89255">
        <ele>2165</ele>
        <time>2026-05-11T18:34:05+00:00</time>
      </trkpt>
      <trkpt lat="45.90804" lon="6.89274">
        <ele>2173</ele>
        <time>2026-05-11T18:34:06+00:00</time>
      </trkpt>
      <trkpt lat="45.90804" lon="6.89285">
        <ele>2176</ele>
        <time>2026-05-11T18:34:07+00:00</time>
      </trkpt>
      <trkpt lat="45.90807" lon="6.89289">
        <ele>2176</ele>
        <time>2026-05-11T18:34:08+00:00</time>
      </trkpt>
      <trkpt lat="45.90815" lon="6.89287">
        <ele>2171</ele>
        <time>2026-05-11T18:34:09+00:00</time>
      </trkpt>
      <trkpt lat="45.90827" lon="6.89289">
        <ele>2165</ele>
        <time>2026-05-11T18:34:10+00:00</time>
      </trkpt>
      <trkpt lat="45.90851" lon="6.8932">
        <ele>2156</ele>
        <time>2026-05-11T18:34:11+00:00</time>
      </trkpt>
      <trkpt lat="45.90879" lon="6.89403">
        <ele>2158</ele>
        <time>2026-05-11T18:34:12+00:00</time>
      </trkpt>
      <trkpt lat="45.90886" lon="6.89436">
        <ele>2163</ele>
        <time>2026-05-11T18:34:13+00:00</time>
      </trkpt>
      <trkpt lat="45.90895" lon="6.89442">
        <ele>2159</ele>
        <time>2026-05-11T18:34:14+00:00</time>
      </trkpt>
      <trkpt lat="45.90912" lon="6.8946">
        <ele>2154</ele>
        <time>2026-05-11T18:34:15+00:00</time>
      </trkpt>
      <trkpt lat="45.90919" lon="6.89462">
        <ele>2151</ele>
        <time>2026-05-11T18:34:16+00:00</time>
      </trkpt>
      <trkpt lat="45.90923" lon="6.89469">
        <ele>2151</ele>
        <time>2026-05-11T18:34:17+00:00</time>
      </trkpt>
      <trkpt lat="45.9093" lon="6.89472">
        <ele>2149</ele>
        <time>2026-05-11T18:34:18+00:00</time>
      </trkpt>
      <trkpt lat="45.90947" lon="6.89489">
        <ele>2146</ele>
        <time>2026-05-11T18:34:19+00:00</time>
      </trkpt>
      <trkpt lat="45.90958" lon="6.89514">
        <ele>2149</ele>
        <time>2026-05-11T18:34:20+00:00</time>
      </trkpt>
      <trkpt lat="45.9097" lon="6.89527">
        <ele>2147</ele>
        <time>2026-05-11T18:34:21+00:00</time>
      </trkpt>
      <trkpt lat="45.9098" lon="6.89534">
        <ele>2145</ele>
        <time>2026-05-11T18:34:22+00:00</time>
      </trkpt>
      <trkpt lat="45.90988" lon="6.89535">
        <ele>2142</ele>
        <time>2026-05-11T18:34:23+00:00</time>
      </trkpt>
      <trkpt lat="45.91003" lon="6.89543">
        <ele>2137</ele>
        <time>2026-05-11T18:34:24+00:00</time>
      </trkpt>
      <trkpt lat="45.91007" lon="6.89549">
        <ele>2138</ele>
        <time>2026-05-11T18:34:25+00:00</time>
      </trkpt>
      <trkpt lat="45.91023" lon="6.89596">
        <ele>2147</ele>
        <time>2026-05-11T18:34:26+00:00</time>
      </trkpt>
      <trkpt lat="45.91025" lon="6.89595">
        <ele>2146</ele>
        <time>2026-05-11T18:34:27+00:00</time>
      </trkpt>
      <trkpt lat="45.91026" lon="6.89586">
        <ele>2143</ele>
        <time>2026-05-11T18:34:28+00:00</time>
      </trkpt>
      <trkpt lat="45.91028" lon="6.89586">
        <ele>2142</ele>
        <time>2026-05-11T18:34:29+00:00</time>
      </trkpt>
      <trkpt lat="45.91031" lon="6.89595">
        <ele>2144</ele>
        <time>2026-05-11T18:34:30+00:00</time>
      </trkpt>
      <trkpt lat="45.91034" lon="6.89594">
        <ele>2143</ele>
        <time>2026-05-11T18:34:31+00:00</time>
      </trkpt>
      <trkpt lat="45.91038" lon="6.8961">
        <ele>2147</ele>
        <time>2026-05-11T18:34:32+00:00</time>
      </trkpt>
      <trkpt lat="45.91063" lon="6.8963">
        <ele>2147</ele>
        <time>2026-05-11T18:34:33+00:00</time>
      </trkpt>
      <trkpt lat="45.91108" lon="6.89634">
        <ele>2139</ele>
        <time>2026-05-11T18:34:34+00:00</time>
      </trkpt>
      <trkpt lat="45.91116" lon="6.89638">
        <ele>2140</ele>
        <time>2026-05-11T18:34:35+00:00</time>
      </trkpt>
      <trkpt lat="45.91132" lon="6.89635">
        <ele>2136</ele>
        <time>2026-05-11T18:34:36+00:00</time>
      </trkpt>
      <trkpt lat="45.91139" lon="6.89639">
        <ele>2137</ele>
        <time>2026-05-11T18:34:37+00:00</time>
      </trkpt>
      <trkpt lat="45.91148" lon="6.8965">
        <ele>2141</ele>
        <time>2026-05-11T18:34:38+00:00</time>
      </trkpt>
      <trkpt lat="45.91159" lon="6.8965">
        <ele>2140</ele>
        <time>2026-05-11T18:34:39+00:00</time>
      </trkpt>
      <trkpt lat="45.91183" lon="6.89663">
        <ele>2142</ele>
        <time>2026-05-11T18:34:40+00:00</time>
      </trkpt>
      <trkpt lat="45.91208" lon="6.89691">
        <ele>2146</ele>
        <time>2026-05-11T18:34:41+00:00</time>
      </trkpt>
      <trkpt lat="45.91215" lon="6.89695">
        <ele>2146</ele>
        <time>2026-05-11T18:34:42+00:00</time>
      </trkpt>
      <trkpt lat="45.91231" lon="6.89711">
        <ele>2148</ele>
        <time>2026-05-11T18:34:43+00:00</time>
      </trkpt>
      <trkpt lat="45.91244" lon="6.8972">
        <ele>2147</ele>
        <time>2026-05-11T18:34:44+00:00</time>
      </trkpt>
      <trkpt lat="45.91258" lon="6.89722">
        <ele>2145</ele>
        <time>2026-05-11T18:34:45+00:00</time>
      </trkpt>
      <trkpt lat="45.91273" lon="6.89729">
        <ele>2143</ele>
        <time>2026-05-11T18:34:46+00:00</time>
      </trkpt>
      <trkpt lat="45.91277" lon="6.89736">
        <ele>2144</ele>
        <time>2026-05-11T18:34:47+00:00</time>
      </trkpt>
      <trkpt lat="45.91285" lon="6.89741">
        <ele>2144</ele>
        <time>2026-05-11T18:34:48+00:00</time>
      </trkpt>
      <trkpt lat="45.91297" lon="6.89744">
        <ele>2142</ele>
        <time>2026-05-11T18:34:49+00:00</time>
      </trkpt>
      <trkpt lat="45.91304" lon="6.89768">
        <ele>2146</ele>
        <time>2026-05-11T18:34:50+00:00</time>
      </trkpt>
      <trkpt lat="45.91315" lon="6.89766">
        <ele>2142</ele>
        <time>2026-05-11T18:34:51+00:00</time>
      </trkpt>
      <trkpt lat="45.91329" lon="6.89774">
        <ele>2140</ele>
        <time>2026-05-11T18:34:52+00:00</time>
      </trkpt>
      <trkpt lat="45.91337" lon="6.89775">
        <ele>2138</ele>
        <time>2026-05-11T18:34:53+00:00</time>
      </trkpt>
      <trkpt lat="45.91345" lon="6.8977">
        <ele>2134</ele>
        <time>2026-05-11T18:34:54+00:00</time>
      </trkpt>
      <trkpt lat="45.91354" lon="6.89784">
        <ele>2134</ele>
        <time>2026-05-11T18:34:55+00:00</time>
      </trkpt>
      <trkpt lat="45.91367" lon="6.89792">
        <ele>2132</ele>
        <time>2026-05-11T18:34:56+00:00</time>
      </trkpt>
      <trkpt lat="45.91374" lon="6.898">
        <ele>2131</ele>
        <time>2026-05-11T18:34:57+00:00</time>
      </trkpt>
      <trkpt lat="45.91381" lon="6.89803">
        <ele>2129</ele>
        <time>2026-05-11T18:34:58+00:00</time>
      </trkpt>
      <trkpt lat="45.91395" lon="6.89801">
        <ele>2125</ele>
        <time>2026-05-11T18:34:59+00:00</time>
      </trkpt>
      <trkpt lat="45.91417" lon="6.89808">
        <ele>2119</ele>
        <time>2026-05-11T18:35:00+00:00</time>
      </trkpt>
      <trkpt lat="45.91424" lon="6.89819">
        <ele>2118</ele>
        <time>2026-05-11T18:35:01+00:00</time>
      </trkpt>
      <trkpt lat="45.9144" lon="6.89836">
        <ele>2115</ele>
        <time>2026-05-11T18:35:02+00:00</time>
      </trkpt>
      <trkpt lat="45.91468" lon="6.89884">
        <ele>2115</ele>
        <time>2026-05-11T18:35:03+00:00</time>
      </trkpt>
      <trkpt lat="45.91509" lon="6.89928">
        <ele>2107</ele>
        <time>2026-05-11T18:35:04+00:00</time>
      </trkpt>
      <trkpt lat="45.91522" lon="6.89947">
        <ele>2105</ele>
        <time>2026-05-11T18:35:05+00:00</time>
      </trkpt>
      <trkpt lat="45.91521" lon="6.89962">
        <ele>2109</ele>
        <time>2026-05-11T18:35:06+00:00</time>
      </trkpt>
      <trkpt lat="45.91527" lon="6.89963">
        <ele>2107</ele>
        <time>2026-05-11T18:35:07+00:00</time>
      </trkpt>
      <trkpt lat="45.91531" lon="6.89973">
        <ele>2107</ele>
        <time>2026-05-11T18:35:08+00:00</time>
      </trkpt>
      <trkpt lat="45.91541" lon="6.8998">
        <ele>2105</ele>
        <time>2026-05-11T18:35:09+00:00</time>
      </trkpt>
      <trkpt lat="45.91579" lon="6.90035">
        <ele>2106</ele>
        <time>2026-05-11T18:35:10+00:00</time>
      </trkpt>
      <trkpt lat="45.91589" lon="6.90041">
        <ele>2104</ele>
        <time>2026-05-11T18:35:11+00:00</time>
      </trkpt>
      <trkpt lat="45.916" lon="6.90063">
        <ele>2108</ele>
        <time>2026-05-11T18:35:12+00:00</time>
      </trkpt>
      <trkpt lat="45.91635" lon="6.90099">
        <ele>2110</ele>
        <time>2026-05-11T18:35:13+00:00</time>
      </trkpt>
      <trkpt lat="45.9165" lon="6.90121">
        <ele>2113</ele>
        <time>2026-05-11T18:35:14+00:00</time>
      </trkpt>
      <trkpt lat="45.91667" lon="6.90136">
        <ele>2112</ele>
        <time>2026-05-11T18:35:15+00:00</time>
      </trkpt>
      <trkpt lat="45.91678" lon="6.9014">
        <ele>2108</ele>
        <time>2026-05-11T18:35:16+00:00</time>
      </trkpt>
      <trkpt lat="45.91686" lon="6.90149">
        <ele>2107</ele>
        <time>2026-05-11T18:35:17+00:00</time>
      </trkpt>
      <trkpt lat="45.91706" lon="6.90186">
        <ele>2107</ele>
        <time>2026-05-11T18:35:18+00:00</time>
      </trkpt>
      <trkpt lat="45.91713" lon="6.90207">
        <ele>2108</ele>
        <time>2026-05-11T18:35:19+00:00</time>
      </trkpt>
      <trkpt lat="45.91724" lon="6.90284">
        <ele>2121</ele>
        <time>2026-05-11T18:35:20+00:00</time>
      </trkpt>
      <trkpt lat="45.91727" lon="6.90286">
        <ele>2120</ele>
        <time>2026-05-11T18:35:21+00:00</time>
      </trkpt>
      <trkpt lat="45.91739" lon="6.90285">
        <ele>2116</ele>
        <time>2026-05-11T18:35:22+00:00</time>
      </trkpt>
      <trkpt lat="45.91775" lon="6.90268">
        <ele>2101</ele>
        <time>2026-05-11T18:35:23+00:00</time>
      </trkpt>
      <trkpt lat="45.91796" lon="6.90264">
        <ele>2094</ele>
        <time>2026-05-11T18:35:24+00:00</time>
      </trkpt>
      <trkpt lat="45.91822" lon="6.90286">
        <ele>2093</ele>
        <time>2026-05-11T18:35:25+00:00</time>
      </trkpt>
      <trkpt lat="45.91825" lon="6.90285">
        <ele>2092</ele>
        <time>2026-05-11T18:35:26+00:00</time>
      </trkpt>
      <trkpt lat="45.9183" lon="6.90291">
        <ele>2092</ele>
        <time>2026-05-11T18:35:27+00:00</time>
      </trkpt>
      <trkpt lat="45.91828" lon="6.90318">
        <ele>2098</ele>
        <time>2026-05-11T18:35:28+00:00</time>
      </trkpt>
      <trkpt lat="45.91835" lon="6.90328">
        <ele>2098</ele>
        <time>2026-05-11T18:35:29+00:00</time>
      </trkpt>
      <trkpt lat="45.91848" lon="6.90373">
        <ele>2106</ele>
        <time>2026-05-11T18:35:30+00:00</time>
      </trkpt>
      <trkpt lat="45.91861" lon="6.90392">
        <ele>2106</ele>
        <time>2026-05-11T18:35:31+00:00</time>
      </trkpt>
      <trkpt lat="45.91882" lon="6.90404">
        <ele>2100</ele>
        <time>2026-05-11T18:35:32+00:00</time>
      </trkpt>
      <trkpt lat="45.91897" lon="6.90418">
        <ele>2097</ele>
        <time>2026-05-11T18:35:33+00:00</time>
      </trkpt>
      <trkpt lat="45.91947" lon="6.90504">
        <ele>2112</ele>
        <time>2026-05-11T18:35:34+00:00</time>
      </trkpt>
      <trkpt lat="45.91965" lon="6.90513">
        <ele>2111</ele>
        <time>2026-05-11T18:35:35+00:00</time>
      </trkpt>
      <trkpt lat="45.91986" lon="6.90516">
        <ele>2105</ele>
        <time>2026-05-11T18:35:36+00:00</time>
      </trkpt>
      <trkpt lat="45.92005" lon="6.90525">
        <ele>2104</ele>
        <time>2026-05-11T18:35:37+00:00</time>
      </trkpt>
      <trkpt lat="45.92024" lon="6.90526">
        <ele>2102</ele>
        <time>2026-05-11T18:35:38+00:00</time>
      </trkpt>
      <trkpt lat="45.92063" lon="6.90516">
        <ele>2094</ele>
        <time>2026-05-11T18:35:39+00:00</time>
      </trkpt>
      <trkpt lat="45.92082" lon="6.90519">
        <ele>2094</ele>
        <time>2026-05-11T18:35:40+00:00</time>
      </trkpt>
      <trkpt lat="45.921" lon="6.90524">
        <ele>2092</ele>
        <time>2026-05-11T18:35:41+00:00</time>
      </trkpt>
      <trkpt lat="45.92117" lon="6.90541">
        <ele>2097</ele>
        <time>2026-05-11T18:35:42+00:00</time>
      </trkpt>
      <trkpt lat="45.92136" lon="6.90552">
        <ele>2100</ele>
        <time>2026-05-11T18:35:43+00:00</time>
      </trkpt>
      <trkpt lat="45.92177" lon="6.90543">
        <ele>2090</ele>
        <time>2026-05-11T18:35:44+00:00</time>
      </trkpt>
      <trkpt lat="45.92201" lon="6.90551">
        <ele>2095</ele>
        <time>2026-05-11T18:35:45+00:00</time>
      </trkpt>
      <trkpt lat="45.9222" lon="6.90547">
        <ele>2092</ele>
        <time>2026-05-11T18:35:46+00:00</time>
      </trkpt>
      <trkpt lat="45.92228" lon="6.90542">
        <ele>2088</ele>
        <time>2026-05-11T18:35:47+00:00</time>
      </trkpt>
      <trkpt lat="45.92263" lon="6.90539">
        <ele>2087</ele>
        <time>2026-05-11T18:35:48+00:00</time>
      </trkpt>
      <trkpt lat="45.92267" lon="6.90541">
        <ele>2089</ele>
        <time>2026-05-11T18:35:49+00:00</time>
      </trkpt>
      <trkpt lat="45.92294" lon="6.90532">
        <ele>2086</ele>
        <time>2026-05-11T18:35:50+00:00</time>
      </trkpt>
      <trkpt lat="45.92315" lon="6.9053">
        <ele>2088</ele>
        <time>2026-05-11T18:35:51+00:00</time>
      </trkpt>
      <trkpt lat="45.92319" lon="6.90532">
        <ele>2090</ele>
        <time>2026-05-11T18:35:52+00:00</time>
      </trkpt>
      <trkpt lat="45.92323" lon="6.90528">
        <ele>2088</ele>
        <time>2026-05-11T18:35:53+00:00</time>
      </trkpt>
      <trkpt lat="45.92334" lon="6.9053">
        <ele>2091</ele>
        <time>2026-05-11T18:35:54+00:00</time>
      </trkpt>
      <trkpt lat="45.92343" lon="6.90527">
        <ele>2090</ele>
        <time>2026-05-11T18:35:55+00:00</time>
      </trkpt>
      <trkpt lat="45.9233" lon="6.90552">
        <ele>2105</ele>
        <time>2026-05-11T18:35:56+00:00</time>
      </trkpt>
      <trkpt lat="45.9233" lon="6.90555">
        <ele>2107</ele>
        <time>2026-05-11T18:35:57+00:00</time>
      </trkpt>
      <trkpt lat="45.92342" lon="6.90551">
        <ele>2106</ele>
        <time>2026-05-11T18:35:58+00:00</time>
      </trkpt>
      <trkpt lat="45.92345" lon="6.90553">
        <ele>2107</ele>
        <time>2026-05-11T18:35:59+00:00</time>
      </trkpt>
      <trkpt lat="45.92336" lon="6.90572">
        <ele>2119</ele>
        <time>2026-05-11T18:36:00+00:00</time>
      </trkpt>
      <trkpt lat="45.9234" lon="6.90572">
        <ele>2119</ele>
        <time>2026-05-11T18:36:01+00:00</time>
      </trkpt>
      <trkpt lat="45.92351" lon="6.90564">
        <ele>2115</ele>
        <time>2026-05-11T18:36:02+00:00</time>
      </trkpt>
      <trkpt lat="45.92354" lon="6.90565">
        <ele>2115</ele>
        <time>2026-05-11T18:36:03+00:00</time>
      </trkpt>
      <trkpt lat="45.92361" lon="6.90562">
        <ele>2114</ele>
        <time>2026-05-11T18:36:04+00:00</time>
      </trkpt>
      <trkpt lat="45.92362" lon="6.90567">
        <ele>2117</ele>
        <time>2026-05-11T18:36:05+00:00</time>
      </trkpt>
      <trkpt lat="45.92355" lon="6.90576">
        <ele>2122</ele>
        <time>2026-05-11T18:36:06+00:00</time>
      </trkpt>
      <trkpt lat="45.92353" lon="6.90588">
        <ele>2129</ele>
        <time>2026-05-11T18:36:07+00:00</time>
      </trkpt>
      <trkpt lat="45.92346" lon="6.90592">
        <ele>2131</ele>
        <time>2026-05-11T18:36:08+00:00</time>
      </trkpt>
      <trkpt lat="45.92348" lon="6.90596">
        <ele>2134</ele>
        <time>2026-05-11T18:36:09+00:00</time>
      </trkpt>
      <trkpt lat="45.92354" lon="6.90598">
        <ele>2135</ele>
        <time>2026-05-11T18:36:10+00:00</time>
      </trkpt>
      <trkpt lat="45.9235" lon="6.90603">
        <ele>2137</ele>
        <time>2026-05-11T18:36:11+00:00</time>
      </trkpt>
      <trkpt lat="45.92342" lon="6.90605">
        <ele>2138</ele>
        <time>2026-05-11T18:36:12+00:00</time>
      </trkpt>
      <trkpt lat="45.92342" lon="6.90607">
        <ele>2139</ele>
        <time>2026-05-11T18:36:13+00:00</time>
      </trkpt>
      <trkpt lat="45.92354" lon="6.90613">
        <ele>2142</ele>
        <time>2026-05-11T18:36:14+00:00</time>
      </trkpt>
      <trkpt lat="45.92341" lon="6.90616">
        <ele>2144</ele>
        <time>2026-05-11T18:36:15+00:00</time>
      </trkpt>
      <trkpt lat="45.92342" lon="6.90621">
        <ele>2146</ele>
        <time>2026-05-11T18:36:16+00:00</time>
      </trkpt>
      <trkpt lat="45.92353" lon="6.90628">
        <ele>2150</ele>
        <time>2026-05-11T18:36:17+00:00</time>
      </trkpt>
      <trkpt lat="45.9237" lon="6.90618">
        <ele>2145</ele>
        <time>2026-05-11T18:36:18+00:00</time>
      </trkpt>
      <trkpt lat="45.92396" lon="6.90584">
        <ele>2127</ele>
        <time>2026-05-11T18:36:19+00:00</time>
      </trkpt>
      <trkpt lat="45.92413" lon="6.90582">
        <ele>2126</ele>
        <time>2026-05-11T18:36:20+00:00</time>
      </trkpt>
      <trkpt lat="45.92431" lon="6.90584">
        <ele>2128</ele>
        <time>2026-05-11T18:36:21+00:00</time>
      </trkpt>
      <trkpt lat="45.92447" lon="6.90594">
        <ele>2133</ele>
        <time>2026-05-11T18:36:22+00:00</time>
      </trkpt>
      <trkpt lat="45.92462" lon="6.90599">
        <ele>2135</ele>
        <time>2026-05-11T18:36:23+00:00</time>
      </trkpt>
      <trkpt lat="45.92484" lon="6.90626">
        <ele>2146</ele>
        <time>2026-05-11T18:36:24+00:00</time>
      </trkpt>
      <trkpt lat="45.92514" lon="6.90656">
        <ele>2152</ele>
        <time>2026-05-11T18:36:25+00:00</time>
      </trkpt>
      <trkpt lat="45.92534" lon="6.90665">
        <ele>2151</ele>
        <time>2026-05-11T18:36:26+00:00</time>
      </trkpt>
      <trkpt lat="45.92563" lon="6.90669">
        <ele>2145</ele>
        <time>2026-05-11T18:36:27+00:00</time>
      </trkpt>
      <trkpt lat="45.92582" lon="6.9068">
        <ele>2144</ele>
        <time>2026-05-11T18:36:28+00:00</time>
      </trkpt>
      <trkpt lat="45.92598" lon="6.90696">
        <ele>2141</ele>
        <time>2026-05-11T18:36:29+00:00</time>
      </trkpt>
      <trkpt lat="45.9261" lon="6.90721">
        <ele>2145</ele>
        <time>2026-05-11T18:36:30+00:00</time>
      </trkpt>
      <trkpt lat="45.92627" lon="6.90733">
        <ele>2142</ele>
        <time>2026-05-11T18:36:31+00:00</time>
      </trkpt>
      <trkpt lat="45.92644" lon="6.90749">
        <ele>2142</ele>
        <time>2026-05-11T18:36:32+00:00</time>
      </trkpt>
      <trkpt lat="45.92696" lon="6.90822">
        <ele>2150</ele>
        <time>2026-05-11T18:36:33+00:00</time>
      </trkpt>
      <trkpt lat="45.92725" lon="6.90855">
        <ele>2155</ele>
        <time>2026-05-11T18:36:34+00:00</time>
      </trkpt>
      <trkpt lat="45.92732" lon="6.90861">
        <ele>2155</ele>
        <time>2026-05-11T18:36:35+00:00</time>
      </trkpt>
      <trkpt lat="45.92744" lon="6.90865">
        <ele>2153</ele>
        <time>2026-05-11T18:36:36+00:00</time>
      </trkpt>
      <trkpt lat="45.92748" lon="6.90874">
        <ele>2156</ele>
        <time>2026-05-11T18:36:37+00:00</time>
      </trkpt>
      <trkpt lat="45.92747" lon="6.9088">
        <ele>2159</ele>
        <time>2026-05-11T18:36:38+00:00</time>
      </trkpt>
      <trkpt lat="45.9275" lon="6.90893">
        <ele>2164</ele>
        <time>2026-05-11T18:36:39+00:00</time>
      </trkpt>
      <trkpt lat="45.92758" lon="6.9091">
        <ele>2170</ele>
        <time>2026-05-11T18:36:40+00:00</time>
      </trkpt>
      <trkpt lat="45.92782" lon="6.90929">
        <ele>2170</ele>
        <time>2026-05-11T18:36:41+00:00</time>
      </trkpt>
      <trkpt lat="45.92805" lon="6.90956">
        <ele>2174</ele>
        <time>2026-05-11T18:36:42+00:00</time>
      </trkpt>
      <trkpt lat="45.9281" lon="6.90973">
        <ele>2180</ele>
        <time>2026-05-11T18:36:43+00:00</time>
      </trkpt>
      <trkpt lat="45.92826" lon="6.90998">
        <ele>2184</ele>
        <time>2026-05-11T18:36:44+00:00</time>
      </trkpt>
      <trkpt lat="45.92831" lon="6.91014">
        <ele>2186</ele>
        <time>2026-05-11T18:36:45+00:00</time>
      </trkpt>
      <trkpt lat="45.9285" lon="6.91054">
        <ele>2184</ele>
        <time>2026-05-11T18:36:46+00:00</time>
      </trkpt>
      <trkpt lat="45.92857" lon="6.91107">
        <ele>2186</ele>
        <time>2026-05-11T18:36:47+00:00</time>
      </trkpt>
      <trkpt lat="45.92847" lon="6.91179">
        <ele>2195</ele>
        <time>2026-05-11T18:36:48+00:00</time>
      </trkpt>
      <trkpt lat="45.92837" lon="6.91207">
        <ele>2201</ele>
        <time>2026-05-11T18:36:49+00:00</time>
      </trkpt>
      <trkpt lat="45.92837" lon="6.91218">
        <ele>2201</ele>
        <time>2026-05-11T18:36:50+00:00</time>
      </trkpt>
      <trkpt lat="45.92851" lon="6.91259">
        <ele>2193</ele>
        <time>2026-05-11T18:36:51+00:00</time>
      </trkpt>
      <trkpt lat="45.92852" lon="6.91271">
        <ele>2191</ele>
        <time>2026-05-11T18:36:52+00:00</time>
      </trkpt>
      <trkpt lat="45.92861" lon="6.91289">
        <ele>2185</ele>
        <time>2026-05-11T18:36:53+00:00</time>
      </trkpt>
      <trkpt lat="45.92862" lon="6.91302">
        <ele>2183</ele>
        <time>2026-05-11T18:36:54+00:00</time>
      </trkpt>
      <trkpt lat="45.92861" lon="6.913">
        <ele>2184</ele>
        <time>2026-05-11T18:36:55+00:00</time>
      </trkpt>
      <trkpt lat="45.92867" lon="6.91298">
        <ele>2181</ele>
        <time>2026-05-11T18:36:56+00:00</time>
      </trkpt>
      <trkpt lat="45.92871" lon="6.91292">
        <ele>2180</ele>
        <time>2026-05-11T18:36:57+00:00</time>
      </trkpt>
      <trkpt lat="45.92872" lon="6.91283">
        <ele>2181</ele>
        <time>2026-05-11T18:36:58+00:00</time>
      </trkpt>
      <trkpt lat="45.92876" lon="6.91275">
        <ele>2180</ele>
        <time>2026-05-11T18:36:59+00:00</time>
      </trkpt>
      <trkpt lat="45.92878" lon="6.91275">
        <ele>2179</ele>
        <time>2026-05-11T18:37:00+00:00</time>
      </trkpt>
      <trkpt lat="45.92882" lon="6.91285">
        <ele>2176</ele>
        <time>2026-05-11T18:37:01+00:00</time>
      </trkpt>
      <trkpt lat="45.92884" lon="6.91265">
        <ele>2177</ele>
        <time>2026-05-11T18:37:02+00:00</time>
      </trkpt>
      <trkpt lat="45.92885" lon="6.91263">
        <ele>2177</ele>
        <time>2026-05-11T18:37:03+00:00</time>
      </trkpt>
      <trkpt lat="45.92887" lon="6.91264">
        <ele>2176</ele>
        <time>2026-05-11T18:37:04+00:00</time>
      </trkpt>
      <trkpt lat="45.92895" lon="6.91277">
        <ele>2171</ele>
        <time>2026-05-11T18:37:05+00:00</time>
      </trkpt>
      <trkpt lat="45.92895" lon="6.91273">
        <ele>2171</ele>
        <time>2026-05-11T18:37:06+00:00</time>
      </trkpt>
      <trkpt lat="45.92897" lon="6.91273">
        <ele>2170</ele>
        <time>2026-05-11T18:37:07+00:00</time>
      </trkpt>
      <trkpt lat="45.92903" lon="6.91297">
        <ele>2166</ele>
        <time>2026-05-11T18:37:08+00:00</time>
      </trkpt>
      <trkpt lat="45.92905" lon="6.91289">
        <ele>2165</ele>
        <time>2026-05-11T18:37:09+00:00</time>
      </trkpt>
      <trkpt lat="45.9291" lon="6.91287">
        <ele>2163</ele>
        <time>2026-05-11T18:37:10+00:00</time>
      </trkpt>
      <trkpt lat="45.9291" lon="6.91312">
        <ele>2161</ele>
        <time>2026-05-11T18:37:11+00:00</time>
      </trkpt>
      <trkpt lat="45.92912" lon="6.91312">
        <ele>2161</ele>
        <time>2026-05-11T18:37:12+00:00</time>
      </trkpt>
      <trkpt lat="45.92913" lon="6.91308">
        <ele>2160</ele>
        <time>2026-05-11T18:37:13+00:00</time>
      </trkpt>
      <trkpt lat="45.92914" lon="6.9131">
        <ele>2160</ele>
        <time>2026-05-11T18:37:14+00:00</time>
      </trkpt>
      <trkpt lat="45.92912" lon="6.91329">
        <ele>2159</ele>
        <time>2026-05-11T18:37:15+00:00</time>
      </trkpt>
      <trkpt lat="45.92919" lon="6.91323">
        <ele>2156</ele>
        <time>2026-05-11T18:37:16+00:00</time>
      </trkpt>
      <trkpt lat="45.92916" lon="6.91354">
        <ele>2151</ele>
        <time>2026-05-11T18:37:17+00:00</time>
      </trkpt>
      <trkpt lat="45.92918" lon="6.91356">
        <ele>2149</ele>
        <time>2026-05-11T18:37:18+00:00</time>
      </trkpt>
      <trkpt lat="45.92927" lon="6.91342">
        <ele>2147</ele>
        <time>2026-05-11T18:37:19+00:00</time>
      </trkpt>
      <trkpt lat="45.92928" lon="6.91345">
        <ele>2146</ele>
        <time>2026-05-11T18:37:20+00:00</time>
      </trkpt>
      <trkpt lat="45.92926" lon="6.91367">
        <ele>2141</ele>
        <time>2026-05-11T18:37:21+00:00</time>
      </trkpt>
      <trkpt lat="45.9293" lon="6.91388">
        <ele>2132</ele>
        <time>2026-05-11T18:37:22+00:00</time>
      </trkpt>
      <trkpt lat="45.92918" lon="6.91415">
        <ele>2130</ele>
        <time>2026-05-11T18:37:23+00:00</time>
      </trkpt>
      <trkpt lat="45.92908" lon="6.91431">
        <ele>2126</ele>
        <time>2026-05-11T18:37:24+00:00</time>
      </trkpt>
      <trkpt lat="45.92912" lon="6.91432">
        <ele>2125</ele>
        <time>2026-05-11T18:37:25+00:00</time>
      </trkpt>
      <trkpt lat="45.92914" lon="6.91436">
        <ele>2123</ele>
        <time>2026-05-11T18:37:26+00:00</time>
      </trkpt>
      <trkpt lat="45.92904" lon="6.91458">
        <ele>2116</ele>
        <time>2026-05-11T18:37:27+00:00</time>
      </trkpt>
      <trkpt lat="45.92896" lon="6.91467">
        <ele>2114</ele>
        <time>2026-05-11T18:37:28+00:00</time>
      </trkpt>
      <trkpt lat="45.92901" lon="6.91475">
        <ele>2110</ele>
        <time>2026-05-11T18:37:29+00:00</time>
      </trkpt>
      <trkpt lat="45.92899" lon="6.91481">
        <ele>2108</ele>
        <time>2026-05-11T18:37:30+00:00</time>
      </trkpt>
      <trkpt lat="45.92868" lon="6.91482">
        <ele>2111</ele>
        <time>2026-05-11T18:37:31+00:00</time>
      </trkpt>
      <trkpt lat="45.92855" lon="6.91489">
        <ele>2110</ele>
        <time>2026-05-11T18:37:32+00:00</time>
      </trkpt>
      <trkpt lat="45.92847" lon="6.91497">
        <ele>2107</ele>
        <time>2026-05-11T18:37:33+00:00</time>
      </trkpt>
      <trkpt lat="45.92804" lon="6.91517">
        <ele>2101</ele>
        <time>2026-05-11T18:37:34+00:00</time>
      </trkpt>
      <trkpt lat="45.92827" lon="6.9153">
        <ele>2091</ele>
        <time>2026-05-11T18:37:35+00:00</time>
      </trkpt>
      <trkpt lat="45.92845" lon="6.9153">
        <ele>2090</ele>
        <time>2026-05-11T18:37:36+00:00</time>
      </trkpt>
      <trkpt lat="45.92846" lon="6.91532">
        <ele>2089</ele>
        <time>2026-05-11T18:37:37+00:00</time>
      </trkpt>
      <trkpt lat="45.92831" lon="6.91541">
        <ele>2085</ele>
        <time>2026-05-11T18:37:38+00:00</time>
      </trkpt>
      <trkpt lat="45.92851" lon="6.91551">
        <ele>2078</ele>
        <time>2026-05-11T18:37:39+00:00</time>
      </trkpt>
      <trkpt lat="45.9287" lon="6.91554">
        <ele>2075</ele>
        <time>2026-05-11T18:37:40+00:00</time>
      </trkpt>
      <trkpt lat="45.9288" lon="6.91559">
        <ele>2071</ele>
        <time>2026-05-11T18:37:41+00:00</time>
      </trkpt>
      <trkpt lat="45.92895" lon="6.91558">
        <ele>2070</ele>
        <time>2026-05-11T18:37:42+00:00</time>
      </trkpt>
      <trkpt lat="45.92915" lon="6.91564">
        <ele>2065</ele>
        <time>2026-05-11T18:37:43+00:00</time>
      </trkpt>
      <trkpt lat="45.92945" lon="6.91567">
        <ele>2054</ele>
        <time>2026-05-11T18:37:44+00:00</time>
      </trkpt>
      <trkpt lat="45.9294" lon="6.91576">
        <ele>2051</ele>
        <time>2026-05-11T18:37:45+00:00</time>
      </trkpt>
      <trkpt lat="45.92955" lon="6.91575">
        <ele>2047</ele>
        <time>2026-05-11T18:37:46+00:00</time>
      </trkpt>
      <trkpt lat="45.92963" lon="6.91578">
        <ele>2043</ele>
        <time>2026-05-11T18:37:47+00:00</time>
      </trkpt>
      <trkpt lat="45.92938" lon="6.91607">
        <ele>2033</ele>
        <time>2026-05-11T18:37:48+00:00</time>
      </trkpt>
      <trkpt lat="45.92926" lon="6.91616">
        <ele>2031</ele>
        <time>2026-05-11T18:37:49+00:00</time>
      </trkpt>
      <trkpt lat="45.92912" lon="6.91623">
        <ele>2029</ele>
        <time>2026-05-11T18:37:50+00:00</time>
      </trkpt>
      <trkpt lat="45.92893" lon="6.91628">
        <ele>2027</ele>
        <time>2026-05-11T18:37:51+00:00</time>
      </trkpt>
      <trkpt lat="45.92885" lon="6.91634">
        <ele>2024</ele>
        <time>2026-05-11T18:37:52+00:00</time>
      </trkpt>
      <trkpt lat="45.9284" lon="6.91648">
        <ele>2020</ele>
        <time>2026-05-11T18:37:53+00:00</time>
      </trkpt>
      <trkpt lat="45.92841" lon="6.9165">
        <ele>2018</ele>
        <time>2026-05-11T18:37:54+00:00</time>
      </trkpt>
      <trkpt lat="45.92896" lon="6.9167">
        <ele>1999</ele>
        <time>2026-05-11T18:37:55+00:00</time>
      </trkpt>
      <trkpt lat="45.92934" lon="6.91677">
        <ele>1991</ele>
        <time>2026-05-11T18:37:56+00:00</time>
      </trkpt>
      <trkpt lat="45.92953" lon="6.91673">
        <ele>1991</ele>
        <time>2026-05-11T18:37:57+00:00</time>
      </trkpt>
      <trkpt lat="45.92994" lon="6.91672">
        <ele>1986</ele>
        <time>2026-05-11T18:37:58+00:00</time>
      </trkpt>
      <trkpt lat="45.93001" lon="6.9167">
        <ele>1986</ele>
        <time>2026-05-11T18:37:59+00:00</time>
      </trkpt>
      <trkpt lat="45.93017" lon="6.91653">
        <ele>1989</ele>
        <time>2026-05-11T18:38:00+00:00</time>
      </trkpt>
      <trkpt lat="45.93035" lon="6.91646">
        <ele>1987</ele>
        <time>2026-05-11T18:38:01+00:00</time>
      </trkpt>
      <trkpt lat="45.93049" lon="6.91636">
        <ele>1987</ele>
        <time>2026-05-11T18:38:02+00:00</time>
      </trkpt>
      <trkpt lat="45.93062" lon="6.91646">
        <ele>1979</ele>
        <time>2026-05-11T18:38:03+00:00</time>
      </trkpt>
      <trkpt lat="45.93075" lon="6.91646">
        <ele>1975</ele>
        <time>2026-05-11T18:38:04+00:00</time>
      </trkpt>
      <trkpt lat="45.93084" lon="6.91656">
        <ele>1967</ele>
        <time>2026-05-11T18:38:05+00:00</time>
      </trkpt>
      <trkpt lat="45.93099" lon="6.91655">
        <ele>1964</ele>
        <time>2026-05-11T18:38:06+00:00</time>
      </trkpt>
      <trkpt lat="45.93112" lon="6.91668">
        <ele>1957</ele>
        <time>2026-05-11T18:38:07+00:00</time>
      </trkpt>
      <trkpt lat="45.93138" lon="6.91664">
        <ele>1954</ele>
        <time>2026-05-11T18:38:08+00:00</time>
      </trkpt>
      <trkpt lat="45.93153" lon="6.91658">
        <ele>1953</ele>
        <time>2026-05-11T18:38:09+00:00</time>
      </trkpt>
      <trkpt lat="45.93194" lon="6.91669">
        <ele>1941</ele>
        <time>2026-05-11T18:38:10+00:00</time>
      </trkpt>
      <trkpt lat="45.93219" lon="6.91673">
        <ele>1934</ele>
        <time>2026-05-11T18:38:11+00:00</time>
      </trkpt>
      <trkpt lat="45.93224" lon="6.91669">
        <ele>1934</ele>
        <time>2026-05-11T18:38:12+00:00</time>
      </trkpt>
      <trkpt lat="45.93227" lon="6.9167">
        <ele>1933</ele>
        <time>2026-05-11T18:38:13+00:00</time>
      </trkpt>
      <trkpt lat="45.93229" lon="6.91666">
        <ele>1934</ele>
        <time>2026-05-11T18:38:14+00:00</time>
      </trkpt>
      <trkpt lat="45.93233" lon="6.91666">
        <ele>1933</ele>
        <time>2026-05-11T18:38:15+00:00</time>
      </trkpt>
      <trkpt lat="45.93238" lon="6.91659">
        <ele>1932</ele>
        <time>2026-05-11T18:38:16+00:00</time>
      </trkpt>
      <trkpt lat="45.93247" lon="6.91623">
        <ele>1933</ele>
        <time>2026-05-11T18:38:17+00:00</time>
      </trkpt>
      <trkpt lat="45.93252" lon="6.91628">
        <ele>1931</ele>
        <time>2026-05-11T18:38:18+00:00</time>
      </trkpt>
      <trkpt lat="45.93263" lon="6.91657">
        <ele>1926</ele>
        <time>2026-05-11T18:38:19+00:00</time>
      </trkpt>
      <trkpt lat="45.93265" lon="6.91671">
        <ele>1924</ele>
        <time>2026-05-11T18:38:20+00:00</time>
      </trkpt>
      <trkpt lat="45.93262" lon="6.91696">
        <ele>1918</ele>
        <time>2026-05-11T18:38:21+00:00</time>
      </trkpt>
      <trkpt lat="45.93268" lon="6.91696">
        <ele>1917</ele>
        <time>2026-05-11T18:38:22+00:00</time>
      </trkpt>
      <trkpt lat="45.93278" lon="6.91688">
        <ele>1916</ele>
        <time>2026-05-11T18:38:23+00:00</time>
      </trkpt>
      <trkpt lat="45.93281" lon="6.91688">
        <ele>1916</ele>
        <time>2026-05-11T18:38:24+00:00</time>
      </trkpt>
      <trkpt lat="45.93285" lon="6.91691">
        <ele>1914</ele>
        <time>2026-05-11T18:38:25+00:00</time>
      </trkpt>
      <trkpt lat="45.93287" lon="6.91701">
        <ele>1911</ele>
        <time>2026-05-11T18:38:26+00:00</time>
      </trkpt>
      <trkpt lat="45.93305" lon="6.91703">
        <ele>1908</ele>
        <time>2026-05-11T18:38:27+00:00</time>
      </trkpt>
      <trkpt lat="45.9331" lon="6.91706">
        <ele>1906</ele>
        <time>2026-05-11T18:38:28+00:00</time>
      </trkpt>
      <trkpt lat="45.9332" lon="6.91731">
        <ele>1900</ele>
        <time>2026-05-11T18:38:29+00:00</time>
      </trkpt>
      <trkpt lat="45.9332" lon="6.91734">
        <ele>1900</ele>
        <time>2026-05-11T18:38:30+00:00</time>
      </trkpt>
      <trkpt lat="45.93317" lon="6.91736">
        <ele>1900</ele>
        <time>2026-05-11T18:38:31+00:00</time>
      </trkpt>
      <trkpt lat="45.93263" lon="6.91724">
        <ele>1910</ele>
        <time>2026-05-11T18:38:32+00:00</time>
      </trkpt>
      <trkpt lat="45.93227" lon="6.91726">
        <ele>1915</ele>
        <time>2026-05-11T18:38:33+00:00</time>
      </trkpt>
      <trkpt lat="45.93215" lon="6.91735">
        <ele>1914</ele>
        <time>2026-05-11T18:38:34+00:00</time>
      </trkpt>
      <trkpt lat="45.93198" lon="6.91753">
        <ele>1909</ele>
        <time>2026-05-11T18:38:35+00:00</time>
      </trkpt>
      <trkpt lat="45.93192" lon="6.91753">
        <ele>1910</ele>
        <time>2026-05-11T18:38:36+00:00</time>
      </trkpt>
      <trkpt lat="45.93175" lon="6.9176">
        <ele>1909</ele>
        <time>2026-05-11T18:38:37+00:00</time>
      </trkpt>
      <trkpt lat="45.93113" lon="6.91776">
        <ele>1905</ele>
        <time>2026-05-11T18:38:38+00:00</time>
      </trkpt>
      <trkpt lat="45.93095" lon="6.91774">
        <ele>1907</ele>
        <time>2026-05-11T18:38:39+00:00</time>
      </trkpt>
      <trkpt lat="45.93071" lon="6.91776">
        <ele>1908</ele>
        <time>2026-05-11T18:38:40+00:00</time>
      </trkpt>
      <trkpt lat="45.93057" lon="6.91781">
        <ele>1906</ele>
        <time>2026-05-11T18:38:41+00:00</time>
      </trkpt>
      <trkpt lat="45.93054" lon="6.91785">
        <ele>1904</ele>
        <time>2026-05-11T18:38:42+00:00</time>
      </trkpt>
      <trkpt lat="45.93043" lon="6.91786">
        <ele>1904</ele>
        <time>2026-05-11T18:38:43+00:00</time>
      </trkpt>
      <trkpt lat="45.93025" lon="6.91796">
        <ele>1899</ele>
        <time>2026-05-11T18:38:44+00:00</time>
      </trkpt>
      <trkpt lat="45.9302" lon="6.91796">
        <ele>1899</ele>
        <time>2026-05-11T18:38:45+00:00</time>
      </trkpt>
      <trkpt lat="45.92967" lon="6.91831">
        <ele>1879</ele>
        <time>2026-05-11T18:38:46+00:00</time>
      </trkpt>
      <trkpt lat="45.92953" lon="6.91854">
        <ele>1870</ele>
        <time>2026-05-11T18:38:47+00:00</time>
      </trkpt>
      <trkpt lat="45.92942" lon="6.91863">
        <ele>1868</ele>
        <time>2026-05-11T18:38:48+00:00</time>
      </trkpt>
      <trkpt lat="45.92949" lon="6.91865">
        <ele>1865</ele>
        <time>2026-05-11T18:38:49+00:00</time>
      </trkpt>
      <trkpt lat="45.92953" lon="6.91862">
        <ele>1866</ele>
        <time>2026-05-11T18:38:50+00:00</time>
      </trkpt>
      <trkpt lat="45.92972" lon="6.91859">
        <ele>1862</ele>
        <time>2026-05-11T18:38:51+00:00</time>
      </trkpt>
      <trkpt lat="45.93007" lon="6.91845">
        <ele>1862</ele>
        <time>2026-05-11T18:38:52+00:00</time>
      </trkpt>
      <trkpt lat="45.93023" lon="6.91849">
        <ele>1859</ele>
        <time>2026-05-11T18:38:53+00:00</time>
      </trkpt>
      <trkpt lat="45.93033" lon="6.91846">
        <ele>1860</ele>
        <time>2026-05-11T18:38:54+00:00</time>
      </trkpt>
      <trkpt lat="45.93063" lon="6.91852">
        <ele>1855</ele>
        <time>2026-05-11T18:38:55+00:00</time>
      </trkpt>
      <trkpt lat="45.93094" lon="6.91842">
        <ele>1861</ele>
        <time>2026-05-11T18:38:56+00:00</time>
      </trkpt>
      <trkpt lat="45.93119" lon="6.91852">
        <ele>1858</ele>
        <time>2026-05-11T18:38:57+00:00</time>
      </trkpt>
      <trkpt lat="45.93128" lon="6.91853">
        <ele>1859</ele>
        <time>2026-05-11T18:38:58+00:00</time>
      </trkpt>
      <trkpt lat="45.93136" lon="6.9185">
        <ele>1862</ele>
        <time>2026-05-11T18:38:59+00:00</time>
      </trkpt>
      <trkpt lat="45.93156" lon="6.91858">
        <ele>1860</ele>
        <time>2026-05-11T18:39:00+00:00</time>
      </trkpt>
      <trkpt lat="45.93168" lon="6.91856">
        <ele>1863</ele>
        <time>2026-05-11T18:39:01+00:00</time>
      </trkpt>
      <trkpt lat="45.93204" lon="6.91862">
        <ele>1857</ele>
        <time>2026-05-11T18:39:02+00:00</time>
      </trkpt>
      <trkpt lat="45.93232" lon="6.91858">
        <ele>1856</ele>
        <time>2026-05-11T18:39:03+00:00</time>
      </trkpt>
      <trkpt lat="45.93237" lon="6.91862">
        <ele>1854</ele>
        <time>2026-05-11T18:39:04+00:00</time>
      </trkpt>
      <trkpt lat="45.93242" lon="6.91857">
        <ele>1856</ele>
        <time>2026-05-11T18:39:05+00:00</time>
      </trkpt>
      <trkpt lat="45.93256" lon="6.91861">
        <ele>1853</ele>
        <time>2026-05-11T18:39:06+00:00</time>
      </trkpt>
      <trkpt lat="45.93275" lon="6.91861">
        <ele>1850</ele>
        <time>2026-05-11T18:39:07+00:00</time>
      </trkpt>
      <trkpt lat="45.93282" lon="6.91858">
        <ele>1850</ele>
        <time>2026-05-11T18:39:08+00:00</time>
      </trkpt>
      <trkpt lat="45.93302" lon="6.91856">
        <ele>1848</ele>
        <time>2026-05-11T18:39:09+00:00</time>
      </trkpt>
      <trkpt lat="45.93318" lon="6.91866">
        <ele>1841</ele>
        <time>2026-05-11T18:39:10+00:00</time>
      </trkpt>
      <trkpt lat="45.93404" lon="6.9184">
        <ele>1837</ele>
        <time>2026-05-11T18:39:11+00:00</time>
      </trkpt>
      <trkpt lat="45.93415" lon="6.9184">
        <ele>1835</ele>
        <time>2026-05-11T18:39:12+00:00</time>
      </trkpt>
      <trkpt lat="45.93423" lon="6.91836">
        <ele>1834</ele>
        <time>2026-05-11T18:39:13+00:00</time>
      </trkpt>
      <trkpt lat="45.93427" lon="6.91838">
        <ele>1831</ele>
        <time>2026-05-11T18:39:14+00:00</time>
      </trkpt>
      <trkpt lat="45.93456" lon="6.91835">
        <ele>1820</ele>
        <time>2026-05-11T18:39:15+00:00</time>
      </trkpt>
      <trkpt lat="45.93491" lon="6.91826">
        <ele>1809</ele>
        <time>2026-05-11T18:39:16+00:00</time>
      </trkpt>
      <trkpt lat="45.93497" lon="6.91835">
        <ele>1802</ele>
        <time>2026-05-11T18:39:17+00:00</time>
      </trkpt>
      <trkpt lat="45.93504" lon="6.91833">
        <ele>1800</ele>
        <time>2026-05-11T18:39:18+00:00</time>
      </trkpt>
      <trkpt lat="45.93508" lon="6.91827">
        <ele>1800</ele>
        <time>2026-05-11T18:39:19+00:00</time>
      </trkpt>
      <trkpt lat="45.93529" lon="6.91818">
        <ele>1792</ele>
        <time>2026-05-11T18:39:20+00:00</time>
      </trkpt>
      <trkpt lat="45.93538" lon="6.91809">
        <ele>1791</ele>
        <time>2026-05-11T18:39:21+00:00</time>
      </trkpt>
      <trkpt lat="45.93543" lon="6.91808">
        <ele>1788</ele>
        <time>2026-05-11T18:39:22+00:00</time>
      </trkpt>
      <trkpt lat="45.93547" lon="6.91804">
        <ele>1788</ele>
        <time>2026-05-11T18:39:23+00:00</time>
      </trkpt>
      <trkpt lat="45.93552" lon="6.91804">
        <ele>1785</ele>
        <time>2026-05-11T18:39:24+00:00</time>
      </trkpt>
      <trkpt lat="45.93558" lon="6.91799">
        <ele>1784</ele>
        <time>2026-05-11T18:39:25+00:00</time>
      </trkpt>
      <trkpt lat="45.93568" lon="6.91801">
        <ele>1777</ele>
        <time>2026-05-11T18:39:26+00:00</time>
      </trkpt>
      <trkpt lat="45.93585" lon="6.91791">
        <ele>1771</ele>
        <time>2026-05-11T18:39:27+00:00</time>
      </trkpt>
      <trkpt lat="45.93589" lon="6.91795">
        <ele>1766</ele>
        <time>2026-05-11T18:39:28+00:00</time>
      </trkpt>
      <trkpt lat="45.93596" lon="6.91795">
        <ele>1761</ele>
        <time>2026-05-11T18:39:29+00:00</time>
      </trkpt>
      <trkpt lat="45.93619" lon="6.91776">
        <ele>1751</ele>
        <time>2026-05-11T18:39:30+00:00</time>
      </trkpt>
      <trkpt lat="45.9363" lon="6.91762">
        <ele>1749</ele>
        <time>2026-05-11T18:39:31+00:00</time>
      </trkpt>
      <trkpt lat="45.93657" lon="6.91751">
        <ele>1734</ele>
        <time>2026-05-11T18:39:32+00:00</time>
      </trkpt>
      <trkpt lat="45.93657" lon="6.91746">
        <ele>1736</ele>
        <time>2026-05-11T18:39:33+00:00</time>
      </trkpt>
      <trkpt lat="45.9368" lon="6.91727">
        <ele>1725</ele>
        <time>2026-05-11T18:39:34+00:00</time>
      </trkpt>
      <trkpt lat="45.9369" lon="6.9173">
        <ele>1718</ele>
        <time>2026-05-11T18:39:35+00:00</time>
      </trkpt>
      <trkpt lat="45.93701" lon="6.91721">
        <ele>1712</ele>
        <time>2026-05-11T18:39:36+00:00</time>
      </trkpt>
      <trkpt lat="45.93705" lon="6.91722">
        <ele>1710</ele>
        <time>2026-05-11T18:39:37+00:00</time>
      </trkpt>
      <trkpt lat="45.93714" lon="6.91711">
        <ele>1706</ele>
        <time>2026-05-11T18:39:38+00:00</time>
      </trkpt>
      <trkpt lat="45.93723" lon="6.91709">
        <ele>1700</ele>
        <time>2026-05-11T18:39:39+00:00</time>
      </trkpt>
      <trkpt lat="45.93721" lon="6.91704">
        <ele>1703</ele>
        <time>2026-05-11T18:39:40+00:00</time>
      </trkpt>
      <trkpt lat="45.93725" lon="6.91695">
        <ele>1702</ele>
        <time>2026-05-11T18:39:41+00:00</time>
      </trkpt>
      <trkpt lat="45.9373" lon="6.91697">
        <ele>1698</ele>
        <time>2026-05-11T18:39:42+00:00</time>
      </trkpt>
      <trkpt lat="45.93739" lon="6.91708">
        <ele>1690</ele>
        <time>2026-05-11T18:39:43+00:00</time>
      </trkpt>
      <trkpt lat="45.93745" lon="6.91707">
        <ele>1686</ele>
        <time>2026-05-11T18:39:44+00:00</time>
      </trkpt>
      <trkpt lat="45.9375" lon="6.91712">
        <ele>1681</ele>
        <time>2026-05-11T18:39:45+00:00</time>
      </trkpt>
      <trkpt lat="45.93752" lon="6.91707">
        <ele>1681</ele>
        <time>2026-05-11T18:39:46+00:00</time>
      </trkpt>
      <trkpt lat="45.93755" lon="6.91706">
        <ele>1680</ele>
        <time>2026-05-11T18:39:47+00:00</time>
      </trkpt>
      <trkpt lat="45.93758" lon="6.91712">
        <ele>1678</ele>
        <time>2026-05-11T18:39:48+00:00</time>
      </trkpt>
      <trkpt lat="45.93765" lon="6.91707">
        <ele>1676</ele>
        <time>2026-05-11T18:39:49+00:00</time>
      </trkpt>
      <trkpt lat="45.93768" lon="6.9171">
        <ele>1674</ele>
        <time>2026-05-11T18:39:50+00:00</time>
      </trkpt>
      <trkpt lat="45.93778" lon="6.91709">
        <ele>1670</ele>
        <time>2026-05-11T18:39:51+00:00</time>
      </trkpt>
      <trkpt lat="45.93782" lon="6.91712">
        <ele>1668</ele>
        <time>2026-05-11T18:39:52+00:00</time>
      </trkpt>
      <trkpt lat="45.93789" lon="6.91706">
        <ele>1666</ele>
        <time>2026-05-11T18:39:53+00:00</time>
      </trkpt>
      <trkpt lat="45.93792" lon="6.91695">
        <ele>1665</ele>
        <time>2026-05-11T18:39:54+00:00</time>
      </trkpt>
      <trkpt lat="45.93797" lon="6.91692">
        <ele>1663</ele>
        <time>2026-05-11T18:39:55+00:00</time>
      </trkpt>
      <trkpt lat="45.93794" lon="6.91711">
        <ele>1663</ele>
        <time>2026-05-11T18:39:56+00:00</time>
      </trkpt>
      <trkpt lat="45.93803" lon="6.91716">
        <ele>1659</ele>
        <time>2026-05-11T18:39:57+00:00</time>
      </trkpt>
      <trkpt lat="45.93806" lon="6.91725">
        <ele>1658</ele>
        <time>2026-05-11T18:39:58+00:00</time>
      </trkpt>
      <trkpt lat="45.9381" lon="6.91727">
        <ele>1656</ele>
        <time>2026-05-11T18:39:59+00:00</time>
      </trkpt>
      <trkpt lat="45.93842" lon="6.91725">
        <ele>1645</ele>
        <time>2026-05-11T18:40:00+00:00</time>
      </trkpt>
      <trkpt lat="45.93855" lon="6.91733">
        <ele>1642</ele>
        <time>2026-05-11T18:40:01+00:00</time>
      </trkpt>
      <trkpt lat="45.93857" lon="6.91731">
        <ele>1641</ele>
        <time>2026-05-11T18:40:02+00:00</time>
      </trkpt>
      <trkpt lat="45.93865" lon="6.91735">
        <ele>1639</ele>
        <time>2026-05-11T18:40:03+00:00</time>
      </trkpt>
      <trkpt lat="45.9388" lon="6.91735">
        <ele>1635</ele>
        <time>2026-05-11T18:40:04+00:00</time>
      </trkpt>
      <trkpt lat="45.93885" lon="6.91741">
        <ele>1633</ele>
        <time>2026-05-11T18:40:05+00:00</time>
      </trkpt>
      <trkpt lat="45.9389" lon="6.91742">
        <ele>1632</ele>
        <time>2026-05-11T18:40:06+00:00</time>
      </trkpt>
      <trkpt lat="45.93901" lon="6.91732">
        <ele>1629</ele>
        <time>2026-05-11T18:40:07+00:00</time>
      </trkpt>
      <trkpt lat="45.93914" lon="6.91745">
        <ele>1625</ele>
        <time>2026-05-11T18:40:08+00:00</time>
      </trkpt>
      <trkpt lat="45.9393" lon="6.91737">
        <ele>1623</ele>
        <time>2026-05-11T18:40:09+00:00</time>
      </trkpt>
      <trkpt lat="45.9394" lon="6.9174">
        <ele>1622</ele>
        <time>2026-05-11T18:40:10+00:00</time>
      </trkpt>
      <trkpt lat="45.93948" lon="6.91737">
        <ele>1621</ele>
        <time>2026-05-11T18:40:11+00:00</time>
      </trkpt>
      <trkpt lat="45.9397" lon="6.91739">
        <ele>1619</ele>
        <time>2026-05-11T18:40:12+00:00</time>
      </trkpt>
      <trkpt lat="45.93985" lon="6.91743">
        <ele>1618</ele>
        <time>2026-05-11T18:40:13+00:00</time>
      </trkpt>
      <trkpt lat="45.93993" lon="6.91738">
        <ele>1617</ele>
        <time>2026-05-11T18:40:14+00:00</time>
      </trkpt>
      <trkpt lat="45.93993" lon="6.91734">
        <ele>1617</ele>
        <time>2026-05-11T18:40:15+00:00</time>
      </trkpt>
      <trkpt lat="45.93985" lon="6.91729">
        <ele>1618</ele>
        <time>2026-05-11T18:40:16+00:00</time>
      </trkpt>
      <trkpt lat="45.93986" lon="6.9172">
        <ele>1618</ele>
        <time>2026-05-11T18:40:17+00:00</time>
      </trkpt>
      <trkpt lat="45.93979" lon="6.91701">
        <ele>1618</ele>
        <time>2026-05-11T18:40:18+00:00</time>
      </trkpt>
      <trkpt lat="45.93981" lon="6.91692">
        <ele>1618</ele>
        <time>2026-05-11T18:40:19+00:00</time>
      </trkpt>
      <trkpt lat="45.93979" lon="6.91654">
        <ele>1614</ele>
        <time>2026-05-11T18:40:20+00:00</time>
      </trkpt>
      <trkpt lat="45.93969" lon="6.91646">
        <ele>1613</ele>
        <time>2026-05-11T18:40:21+00:00</time>
      </trkpt>
      <trkpt lat="45.93961" lon="6.91628">
        <ele>1609</ele>
        <time>2026-05-11T18:40:22+00:00</time>
      </trkpt>
      <trkpt lat="45.93949" lon="6.9161">
        <ele>1605</ele>
        <time>2026-05-11T18:40:23+00:00</time>
      </trkpt>
      <trkpt lat="45.9394" lon="6.91576">
        <ele>1594</ele>
        <time>2026-05-11T18:40:24+00:00</time>
      </trkpt>
      <trkpt lat="45.93923" lon="6.91553">
        <ele>1586</ele>
        <time>2026-05-11T18:40:25+00:00</time>
      </trkpt>
      <trkpt lat="45.93885" lon="6.91533">
        <ele>1588</ele>
        <time>2026-05-11T18:40:26+00:00</time>
      </trkpt>
      <trkpt lat="45.93863" lon="6.91517">
        <ele>1590</ele>
        <time>2026-05-11T18:40:27+00:00</time>
      </trkpt>
      <trkpt lat="45.93847" lon="6.91501">
        <ele>1590</ele>
        <time>2026-05-11T18:40:28+00:00</time>
      </trkpt>
      <trkpt lat="45.93844" lon="6.91487">
        <ele>1585</ele>
        <time>2026-05-11T18:40:29+00:00</time>
      </trkpt>
      <trkpt lat="45.93844" lon="6.91467">
        <ele>1577</ele>
        <time>2026-05-11T18:40:30+00:00</time>
      </trkpt>
      <trkpt lat="45.93848" lon="6.91462">
        <ele>1573</ele>
        <time>2026-05-11T18:40:31+00:00</time>
      </trkpt>
      <trkpt lat="45.93854" lon="6.91468">
        <ele>1573</ele>
        <time>2026-05-11T18:40:32+00:00</time>
      </trkpt>
      <trkpt lat="45.93862" lon="6.91469">
        <ele>1570</ele>
        <time>2026-05-11T18:40:33+00:00</time>
      </trkpt>
      <trkpt lat="45.93883" lon="6.91466">
        <ele>1560</ele>
        <time>2026-05-11T18:40:34+00:00</time>
      </trkpt>
      <trkpt lat="45.93903" lon="6.91468">
        <ele>1552</ele>
        <time>2026-05-11T18:40:35+00:00</time>
      </trkpt>
      <trkpt lat="45.93919" lon="6.91478">
        <ele>1550</ele>
        <time>2026-05-11T18:40:36+00:00</time>
      </trkpt>
      <trkpt lat="45.93928" lon="6.91479">
        <ele>1550</ele>
        <time>2026-05-11T18:40:37+00:00</time>
      </trkpt>
      <trkpt lat="45.93944" lon="6.91487">
        <ele>1552</ele>
        <time>2026-05-11T18:40:38+00:00</time>
      </trkpt>
      <trkpt lat="45.93971" lon="6.91493">
        <ele>1552</ele>
        <time>2026-05-11T18:40:39+00:00</time>
      </trkpt>
      <trkpt lat="45.93973" lon="6.91489">
        <ele>1549</ele>
        <time>2026-05-11T18:40:40+00:00</time>
      </trkpt>
      <trkpt lat="45.93972" lon="6.91486">
        <ele>1548</ele>
        <time>2026-05-11T18:40:41+00:00</time>
      </trkpt>
      <trkpt lat="45.93956" lon="6.91474">
        <ele>1543</ele>
        <time>2026-05-11T18:40:42+00:00</time>
      </trkpt>
      <trkpt lat="45.93937" lon="6.91451">
        <ele>1534</ele>
        <time>2026-05-11T18:40:43+00:00</time>
      </trkpt>
      <trkpt lat="45.93902" lon="6.91391">
        <ele>1518</ele>
        <time>2026-05-11T18:40:44+00:00</time>
      </trkpt>
      <trkpt lat="45.93896" lon="6.91385">
        <ele>1518</ele>
        <time>2026-05-11T18:40:45+00:00</time>
      </trkpt>
      <trkpt lat="45.93879" lon="6.91378">
        <ele>1522</ele>
        <time>2026-05-11T18:40:46+00:00</time>
      </trkpt>
      <trkpt lat="45.9385" lon="6.91359">
        <ele>1526</ele>
        <time>2026-05-11T18:40:47+00:00</time>
      </trkpt>
      <trkpt lat="45.93843" lon="6.9135">
        <ele>1524</ele>
        <time>2026-05-11T18:40:48+00:00</time>
      </trkpt>
      <trkpt lat="45.93833" lon="6.91334">
        <ele>1521</ele>
        <time>2026-05-11T18:40:49+00:00</time>
      </trkpt>
      <trkpt lat="45.93822" lon="6.91295">
        <ele>1518</ele>
        <time>2026-05-11T18:40:50+00:00</time>
      </trkpt>
      <trkpt lat="45.93809" lon="6.91271">
        <ele>1521</ele>
        <time>2026-05-11T18:40:51+00:00</time>
      </trkpt>
      <trkpt lat="45.93805" lon="6.91243">
        <ele>1515</ele>
        <time>2026-05-11T18:40:52+00:00</time>
      </trkpt>
      <trkpt lat="45.93798" lon="6.91218">
        <ele>1514</ele>
        <time>2026-05-11T18:40:53+00:00</time>
      </trkpt>
      <trkpt lat="45.93787" lon="6.91197">
        <ele>1516</ele>
        <time>2026-05-11T18:40:54+00:00</time>
      </trkpt>
      <trkpt lat="45.93776" lon="6.91141">
        <ele>1510</ele>
        <time>2026-05-11T18:40:55+00:00</time>
      </trkpt>
      <trkpt lat="45.93781" lon="6.91075">
        <ele>1493</ele>
        <time>2026-05-11T18:40:56+00:00</time>
      </trkpt>
      <trkpt lat="45.93759" lon="6.9101">
        <ele>1498</ele>
        <time>2026-05-11T18:40:57+00:00</time>
      </trkpt>
      <trkpt lat="45.93755" lon="6.90982">
        <ele>1494</ele>
        <time>2026-05-11T18:40:58+00:00</time>
      </trkpt>
      <trkpt lat="45.93731" lon="6.90892">
        <ele>1490</ele>
        <time>2026-05-11T18:40:59+00:00</time>
      </trkpt>
      <trkpt lat="45.93716" lon="6.9081">
        <ele>1488</ele>
        <time>2026-05-11T18:41:00+00:00</time>
      </trkpt>
      <trkpt lat="45.937" lon="6.90745">
        <ele>1480</ele>
        <time>2026-05-11T18:41:01+00:00</time>
      </trkpt>
      <trkpt lat="45.9369" lon="6.90718">
        <ele>1476</ele>
        <time>2026-05-11T18:41:02+00:00</time>
      </trkpt>
      <trkpt lat="45.93676" lon="6.90693">
        <ele>1476</ele>
        <time>2026-05-11T18:41:03+00:00</time>
      </trkpt>
      <trkpt lat="45.93661" lon="6.9067">
        <ele>1477</ele>
        <time>2026-05-11T18:41:04+00:00</time>
      </trkpt>
      <trkpt lat="45.93645" lon="6.90652">
        <ele>1480</ele>
        <time>2026-05-11T18:41:05+00:00</time>
      </trkpt>
      <trkpt lat="45.93637" lon="6.90622">
        <ele>1476</ele>
        <time>2026-05-11T18:41:06+00:00</time>
      </trkpt>
      <trkpt lat="45.93627" lon="6.90562">
        <ele>1465</ele>
        <time>2026-05-11T18:41:07+00:00</time>
      </trkpt>
      <trkpt lat="45.9361" lon="6.90486">
        <ele>1458</ele>
        <time>2026-05-11T18:41:08+00:00</time>
      </trkpt>
      <trkpt lat="45.93587" lon="6.9043">
        <ele>1460</ele>
        <time>2026-05-11T18:41:09+00:00</time>
      </trkpt>
      <trkpt lat="45.93559" lon="6.9034">
        <ele>1453</ele>
        <time>2026-05-11T18:41:10+00:00</time>
      </trkpt>
      <trkpt lat="45.93547" lon="6.90315">
        <ele>1452</ele>
        <time>2026-05-11T18:41:11+00:00</time>
      </trkpt>
      <trkpt lat="45.93529" lon="6.90292">
        <ele>1454</ele>
        <time>2026-05-11T18:41:12+00:00</time>
      </trkpt>
      <trkpt lat="45.93517" lon="6.9027">
        <ele>1454</ele>
        <time>2026-05-11T18:41:13+00:00</time>
      </trkpt>
      <trkpt lat="45.93512" lon="6.90241">
        <ele>1448</ele>
        <time>2026-05-11T18:41:14+00:00</time>
      </trkpt>
      <trkpt lat="45.93494" lon="6.90185">
        <ele>1445</ele>
        <time>2026-05-11T18:41:15+00:00</time>
      </trkpt>
      <trkpt lat="45.93412" lon="6.90051">
        <ele>1442</ele>
        <time>2026-05-11T18:41:16+00:00</time>
      </trkpt>
      <trkpt lat="45.93393" lon="6.90031">
        <ele>1446</ele>
        <time>2026-05-11T18:41:17+00:00</time>
      </trkpt>
      <trkpt lat="45.93381" lon="6.90004">
        <ele>1444</ele>
        <time>2026-05-11T18:41:18+00:00</time>
      </trkpt>
      <trkpt lat="45.93385" lon="6.89972">
        <ele>1428</ele>
        <time>2026-05-11T18:41:19+00:00</time>
      </trkpt>
      <trkpt lat="45.93373" lon="6.89947">
        <ele>1425</ele>
        <time>2026-05-11T18:41:20+00:00</time>
      </trkpt>
      <trkpt lat="45.93352" lon="6.89921">
        <ele>1426</ele>
        <time>2026-05-11T18:41:21+00:00</time>
      </trkpt>
      <trkpt lat="45.93349" lon="6.89914">
        <ele>1424</ele>
        <time>2026-05-11T18:41:22+00:00</time>
      </trkpt>
      <trkpt lat="45.93351" lon="6.89908">
        <ele>1420</ele>
        <time>2026-05-11T18:41:23+00:00</time>
      </trkpt>
      <trkpt lat="45.93386" lon="6.89937">
        <ele>1413</ele>
        <time>2026-05-11T18:41:24+00:00</time>
      </trkpt>
      <trkpt lat="45.93389" lon="6.89931">
        <ele>1409</ele>
        <time>2026-05-11T18:41:25+00:00</time>
      </trkpt>
      <trkpt lat="45.93367" lon="6.89901">
        <ele>1408</ele>
        <time>2026-05-11T18:41:26+00:00</time>
      </trkpt>
      <trkpt lat="45.93346" lon="6.89882">
        <ele>1410</ele>
        <time>2026-05-11T18:41:27+00:00</time>
      </trkpt>
      <trkpt lat="45.93338" lon="6.8987">
        <ele>1409</ele>
        <time>2026-05-11T18:41:28+00:00</time>
      </trkpt>
      <trkpt lat="45.93334" lon="6.89862">
        <ele>1407</ele>
        <time>2026-05-11T18:41:29+00:00</time>
      </trkpt>
      <trkpt lat="45.93338" lon="6.89856">
        <ele>1402</ele>
        <time>2026-05-11T18:41:30+00:00</time>
      </trkpt>
      <trkpt lat="45.93354" lon="6.89872">
        <ele>1401</ele>
        <time>2026-05-11T18:41:31+00:00</time>
      </trkpt>
      <trkpt lat="45.93358" lon="6.89874">
        <ele>1400</ele>
        <time>2026-05-11T18:41:32+00:00</time>
      </trkpt>
      <trkpt lat="45.93362" lon="6.89871">
        <ele>1396</ele>
        <time>2026-05-11T18:41:33+00:00</time>
      </trkpt>
      <trkpt lat="45.93358" lon="6.89862">
        <ele>1394</ele>
        <time>2026-05-11T18:41:34+00:00</time>
      </trkpt>
      <trkpt lat="45.9335" lon="6.89856">
        <ele>1395</ele>
        <time>2026-05-11T18:41:35+00:00</time>
      </trkpt>
      <trkpt lat="45.93325" lon="6.89827">
        <ele>1394</ele>
        <time>2026-05-11T18:41:36+00:00</time>
      </trkpt>
      <trkpt lat="45.93328" lon="6.89821">
        <ele>1390</ele>
        <time>2026-05-11T18:41:37+00:00</time>
      </trkpt>
      <trkpt lat="45.93332" lon="6.89821">
        <ele>1388</ele>
        <time>2026-05-11T18:41:38+00:00</time>
      </trkpt>
      <trkpt lat="45.93353" lon="6.89838">
        <ele>1385</ele>
        <time>2026-05-11T18:41:39+00:00</time>
      </trkpt>
      <trkpt lat="45.93355" lon="6.89837">
        <ele>1383</ele>
        <time>2026-05-11T18:41:40+00:00</time>
      </trkpt>
      <trkpt lat="45.93358" lon="6.89827">
        <ele>1377</ele>
        <time>2026-05-11T18:41:41+00:00</time>
      </trkpt>
      <trkpt lat="45.93352" lon="6.89806">
        <ele>1370</ele>
        <time>2026-05-11T18:41:42+00:00</time>
      </trkpt>
      <trkpt lat="45.93348" lon="6.89799">
        <ele>1369</ele>
        <time>2026-05-11T18:41:43+00:00</time>
      </trkpt>
      <trkpt lat="45.93307" lon="6.89765">
        <ele>1369</ele>
        <time>2026-05-11T18:41:44+00:00</time>
      </trkpt>
      <trkpt lat="45.93283" lon="6.89727">
        <ele>1354</ele>
        <time>2026-05-11T18:41:45+00:00</time>
      </trkpt>
      <trkpt lat="45.93258" lon="6.89719">
        <ele>1358</ele>
        <time>2026-05-11T18:41:46+00:00</time>
      </trkpt>
      <trkpt lat="45.93251" lon="6.89719">
        <ele>1360</ele>
        <time>2026-05-11T18:41:47+00:00</time>
      </trkpt>
      <trkpt lat="45.9325" lon="6.89717">
        <ele>1359</ele>
        <time>2026-05-11T18:41:48+00:00</time>
      </trkpt>
      <trkpt lat="45.93252" lon="6.89711">
        <ele>1355</ele>
        <time>2026-05-11T18:41:49+00:00</time>
      </trkpt>
      <trkpt lat="45.93257" lon="6.89712">
        <ele>1354</ele>
        <time>2026-05-11T18:41:50+00:00</time>
      </trkpt>
      <trkpt lat="45.93294" lon="6.89706">
        <ele>1336</ele>
        <time>2026-05-11T18:41:51+00:00</time>
      </trkpt>
      <trkpt lat="45.93301" lon="6.89699">
        <ele>1329</ele>
        <time>2026-05-11T18:41:52+00:00</time>
      </trkpt>
      <trkpt lat="45.93299" lon="6.89695">
        <ele>1327</ele>
        <time>2026-05-11T18:41:53+00:00</time>
      </trkpt>
      <trkpt lat="45.93265" lon="6.89676">
        <ele>1328</ele>
        <time>2026-05-11T18:41:54+00:00</time>
      </trkpt>
      <trkpt lat="45.93263" lon="6.89677">
        <ele>1330</ele>
        <time>2026-05-11T18:41:55+00:00</time>
      </trkpt>
      <trkpt lat="45.93242" lon="6.89668">
        <ele>1332</ele>
        <time>2026-05-11T18:41:56+00:00</time>
      </trkpt>
      <trkpt lat="45.93195" lon="6.89671">
        <ele>1343</ele>
        <time>2026-05-11T18:41:57+00:00</time>
      </trkpt>
      <trkpt lat="45.93176" lon="6.89657">
        <ele>1342</ele>
        <time>2026-05-11T18:41:58+00:00</time>
      </trkpt>
      <trkpt lat="45.93162" lon="6.89632">
        <ele>1340</ele>
        <time>2026-05-11T18:41:59+00:00</time>
      </trkpt>
      <trkpt lat="45.93156" lon="6.89602">
        <ele>1335</ele>
        <time>2026-05-11T18:42:00+00:00</time>
      </trkpt>
      <trkpt lat="45.93172" lon="6.89515">
        <ele>1305</ele>
        <time>2026-05-11T18:42:01+00:00</time>
      </trkpt>
      <trkpt lat="45.93162" lon="6.89501">
        <ele>1306</ele>
        <time>2026-05-11T18:42:02+00:00</time>
      </trkpt>
      <trkpt lat="45.93147" lon="6.89494">
        <ele>1311</ele>
        <time>2026-05-11T18:42:03+00:00</time>
      </trkpt>
      <trkpt lat="45.93147" lon="6.8949">
        <ele>1309</ele>
        <time>2026-05-11T18:42:04+00:00</time>
      </trkpt>
      <trkpt lat="45.93139" lon="6.89478">
        <ele>1309</ele>
        <time>2026-05-11T18:42:05+00:00</time>
      </trkpt>
      <trkpt lat="45.93138" lon="6.8947">
        <ele>1307</ele>
        <time>2026-05-11T18:42:06+00:00</time>
      </trkpt>
      <trkpt lat="45.93089" lon="6.89395">
        <ele>1304</ele>
        <time>2026-05-11T18:42:07+00:00</time>
      </trkpt>
      <trkpt lat="45.93089" lon="6.8939">
        <ele>1302</ele>
        <time>2026-05-11T18:42:08+00:00</time>
      </trkpt>
      <trkpt lat="45.93091" lon="6.89388">
        <ele>1300</ele>
        <time>2026-05-11T18:42:09+00:00</time>
      </trkpt>
      <trkpt lat="45.93097" lon="6.89389">
        <ele>1298</ele>
        <time>2026-05-11T18:42:10+00:00</time>
      </trkpt>
      <trkpt lat="45.93104" lon="6.89396">
        <ele>1298</ele>
        <time>2026-05-11T18:42:11+00:00</time>
      </trkpt>
      <trkpt lat="45.93123" lon="6.89406">
        <ele>1293</ele>
        <time>2026-05-11T18:42:12+00:00</time>
      </trkpt>
      <trkpt lat="45.93156" lon="6.8943">
        <ele>1287</ele>
        <time>2026-05-11T18:42:13+00:00</time>
      </trkpt>
      <trkpt lat="45.93171" lon="6.89444">
        <ele>1284</ele>
        <time>2026-05-11T18:42:14+00:00</time>
      </trkpt>
      <trkpt lat="45.93191" lon="6.89453">
        <ele>1277</ele>
        <time>2026-05-11T18:42:15+00:00</time>
      </trkpt>
      <trkpt lat="45.93191" lon="6.8945">
        <ele>1276</ele>
        <time>2026-05-11T18:42:16+00:00</time>
      </trkpt>
      <trkpt lat="45.93183" lon="6.89438">
        <ele>1277</ele>
        <time>2026-05-11T18:42:17+00:00</time>
      </trkpt>
      <trkpt lat="45.93167" lon="6.89401">
        <ele>1272</ele>
        <time>2026-05-11T18:42:18+00:00</time>
      </trkpt>
      <trkpt lat="45.93134" lon="6.89349">
        <ele>1266</ele>
        <time>2026-05-11T18:42:19+00:00</time>
      </trkpt>
      <trkpt lat="45.93095" lon="6.89295">
        <ele>1263</ele>
        <time>2026-05-11T18:42:20+00:00</time>
      </trkpt>
      <trkpt lat="45.93078" lon="6.8926">
        <ele>1258</ele>
        <time>2026-05-11T18:42:21+00:00</time>
      </trkpt>
      <trkpt lat="45.93051" lon="6.89227">
        <ele>1256</ele>
        <time>2026-05-11T18:42:22+00:00</time>
      </trkpt>
      <trkpt lat="45.93033" lon="6.89213">
        <ele>1257</ele>
        <time>2026-05-11T18:42:23+00:00</time>
      </trkpt>
      <trkpt lat="45.93034" lon="6.8921">
        <ele>1256</ele>
        <time>2026-05-11T18:42:24+00:00</time>
      </trkpt>
      <trkpt lat="45.93045" lon="6.89207">
        <ele>1251</ele>
        <time>2026-05-11T18:42:25+00:00</time>
      </trkpt>
      <trkpt lat="45.93047" lon="6.89199">
        <ele>1247</ele>
        <time>2026-05-11T18:42:26+00:00</time>
      </trkpt>
      <trkpt lat="45.93013" lon="6.89166">
        <ele>1245</ele>
        <time>2026-05-11T18:42:27+00:00</time>
      </trkpt>
      <trkpt lat="45.93012" lon="6.89162">
        <ele>1244</ele>
        <time>2026-05-11T18:42:28+00:00</time>
      </trkpt>
      <trkpt lat="45.93017" lon="6.89156">
        <ele>1240</ele>
        <time>2026-05-11T18:42:29+00:00</time>
      </trkpt>
      <trkpt lat="45.93022" lon="6.89156">
        <ele>1239</ele>
        <time>2026-05-11T18:42:30+00:00</time>
      </trkpt>
      <trkpt lat="45.93042" lon="6.89144">
        <ele>1229</ele>
        <time>2026-05-11T18:42:31+00:00</time>
      </trkpt>
      <trkpt lat="45.93044" lon="6.89135">
        <ele>1226</ele>
        <time>2026-05-11T18:42:32+00:00</time>
      </trkpt>
      <trkpt lat="45.93033" lon="6.89108">
        <ele>1220</ele>
        <time>2026-05-11T18:42:33+00:00</time>
      </trkpt>
      <trkpt lat="45.93013" lon="6.89044">
        <ele>1207</ele>
        <time>2026-05-11T18:42:34+00:00</time>
      </trkpt>
      <trkpt lat="45.93002" lon="6.89022">
        <ele>1206</ele>
        <time>2026-05-11T18:42:35+00:00</time>
      </trkpt>
      <trkpt lat="45.92969" lon="6.88971">
        <ele>1206</ele>
        <time>2026-05-11T18:42:36+00:00</time>
      </trkpt>
      <trkpt lat="45.92951" lon="6.88935">
        <ele>1203</ele>
        <time>2026-05-11T18:42:37+00:00</time>
      </trkpt>
      <trkpt lat="45.92912" lon="6.8889">
        <ele>1203</ele>
        <time>2026-05-11T18:42:38+00:00</time>
      </trkpt>
      <trkpt lat="45.92897" lon="6.88868">
        <ele>1201</ele>
        <time>2026-05-11T18:42:39+00:00</time>
      </trkpt>
      <trkpt lat="45.92876" lon="6.88816">
        <ele>1194</ele>
        <time>2026-05-11T18:42:40+00:00</time>
      </trkpt>
      <trkpt lat="45.92879" lon="6.88783">
        <ele>1187</ele>
        <time>2026-05-11T18:42:41+00:00</time>
      </trkpt>
      <trkpt lat="45.92869" lon="6.8872">
        <ele>1176</ele>
        <time>2026-05-11T18:42:42+00:00</time>
      </trkpt>
      <trkpt lat="45.92823" lon="6.88634">
        <ele>1171</ele>
        <time>2026-05-11T18:42:43+00:00</time>
      </trkpt>
      <trkpt lat="45.92773" lon="6.88567">
        <ele>1170</ele>
        <time>2026-05-11T18:42:44+00:00</time>
      </trkpt>
      <trkpt lat="45.92751" lon="6.88546">
        <ele>1170</ele>
        <time>2026-05-11T18:42:45+00:00</time>
      </trkpt>
      <trkpt lat="45.92725" lon="6.88508">
        <ele>1163</ele>
        <time>2026-05-11T18:42:46+00:00</time>
      </trkpt>
      <trkpt lat="45.92691" lon="6.88475">
        <ele>1156</ele>
        <time>2026-05-11T18:42:47+00:00</time>
      </trkpt>
      <trkpt lat="45.92662" lon="6.8844">
        <ele>1149</ele>
        <time>2026-05-11T18:42:48+00:00</time>
      </trkpt>
      <trkpt lat="45.92582" lon="6.884">
        <ele>1136</ele>
        <time>2026-05-11T18:42:49+00:00</time>
      </trkpt>
      <trkpt lat="45.92528" lon="6.88296">
        <ele>1114</ele>
        <time>2026-05-11T18:42:50+00:00</time>
      </trkpt>
      <trkpt lat="45.92521" lon="6.8826">
        <ele>1104</ele>
        <time>2026-05-11T18:42:51+00:00</time>
      </trkpt>
      <trkpt lat="45.92516" lon="6.88249">
        <ele>1101</ele>
        <time>2026-05-11T18:42:52+00:00</time>
      </trkpt>
      <trkpt lat="45.92496" lon="6.88234">
        <ele>1098</ele>
        <time>2026-05-11T18:42:53+00:00</time>
      </trkpt>
      <trkpt lat="45.92481" lon="6.88207">
        <ele>1094</ele>
        <time>2026-05-11T18:42:54+00:00</time>
      </trkpt>
      <trkpt lat="45.92414" lon="6.88061">
        <ele>1073</ele>
        <time>2026-05-11T18:42:55+00:00</time>
      </trkpt>
      <trkpt lat="45.92384" lon="6.87979">
        <ele>1064</ele>
        <time>2026-05-11T18:42:56+00:00</time>
      </trkpt>
      <trkpt lat="45.92364" lon="6.8794">
        <ele>1061</ele>
        <time>2026-05-11T18:42:57+00:00</time>
      </trkpt>
      <trkpt lat="45.92369" lon="6.87916">
        <ele>1059</ele>
        <time>2026-05-11T18:42:58+00:00</time>
      </trkpt>
      <trkpt lat="45.92397" lon="6.87876">
        <ele>1056</ele>
        <time>2026-05-11T18:42:59+00:00</time>
      </trkpt>
      <trkpt lat="45.92423" lon="6.87866">
        <ele>1056</ele>
        <time>2026-05-11T18:43:00+00:00</time>
      </trkpt>
      <trkpt lat="45.92357" lon="6.87739">
        <ele>1049</ele>
        <time>2026-05-11T18:43:01+00:00</time>
      </trkpt>
      <trkpt lat="45.92328" lon="6.87688">
        <ele>1047</ele>
        <time>2026-05-11T18:43:02+00:00</time>
      </trkpt>
      <trkpt lat="45.92298" lon="6.87642">
        <ele>1047</ele>
        <time>2026-05-11T18:43:03+00:00</time>
      </trkpt>
      <trkpt lat="45.92309" lon="6.87628">
        <ele>1047</ele>
        <time>2026-05-11T18:43:04+00:00</time>
      </trkpt>
      <trkpt lat="45.92337" lon="6.87606">
        <ele>1048</ele>
        <time>2026-05-11T18:43:05+00:00</time>
      </trkpt>
      <trkpt lat="45.9238" lon="6.8756">
        <ele>1046</ele>
        <time>2026-05-11T18:43:06+00:00</time>
      </trkpt>
      <trkpt lat="45.92416" lon="6.8749">
        <ele>1041</ele>
        <time>2026-05-11T18:43:07+00:00</time>
      </trkpt>
      <trkpt lat="45.92412" lon="6.87476">
        <ele>1041</ele>
        <time>2026-05-11T18:43:08+00:00</time>
      </trkpt>
      <trkpt lat="45.92391" lon="6.87468">
        <ele>1042</ele>
        <time>2026-05-11T18:43:09+00:00</time>
      </trkpt>
      <trkpt lat="45.92335" lon="6.87421">
        <ele>1045</ele>
        <time>2026-05-11T18:43:10+00:00</time>
      </trkpt>
      <trkpt lat="45.92277" lon="6.87352">
        <ele>1043</ele>
        <time>2026-05-11T18:43:11+00:00</time>
      </trkpt>
      <trkpt lat="45.92301" lon="6.87282">
        <ele>1041</ele>
        <time>2026-05-11T18:43:12+00:00</time>
      </trkpt>
      <trkpt lat="45.92324" lon="6.87186">
        <ele>1040</ele>
        <time>2026-05-11T18:43:13+00:00</time>
      </trkpt>
      <trkpt lat="45.92346" lon="6.87129">
        <ele>1039</ele>
        <time>2026-05-11T18:43:14+00:00</time>
      </trkpt>
    </trkseg>
  </trk>
</gpx>
