<?xml version="1.0" encoding="UTF-8" ?>
<gpx version="1.1" xmlns:xsi="http://www.w3.org/2001/XMLSchema-instance"
    xmlns="http://www.topografix.com/GPX/1/1"
    xsi:schemaLocation="http://www.topografix.com/GPX/1/1 http://www.topografix.com/GPX/1/1/gpx.xsd"
    creator="Openrunner - https://www.openrunner.com" >
                <wpt lat="45.917395" lon="6.867195">
                        <ele>0</ele>
                        <name><![CDATA[Arrêt de bus]]></name>
                        <desc><![CDATA[]]></desc>
                    <sym>71</sym>
                </wpt>
            
                <wpt lat="45.923795" lon="6.868685">
                        <ele>0</ele>
                        <name><![CDATA[Point d'eau potable]]></name>
                        <desc><![CDATA[]]></desc>
                    <sym>37</sym>
                </wpt>
            
                <wpt lat="45.922193" lon="6.829382">
                        <ele>0</ele>
                        <name><![CDATA[Bouteille d'eau]]></name>
                        <desc><![CDATA[]]></desc>
                    <sym>104</sym>
                </wpt>
            
                <wpt lat="45.974881" lon="6.800419">
                        <ele>0</ele>
                        <name><![CDATA[Point d'eau potable]]></name>
                        <desc><![CDATA[]]></desc>
                    <sym>37</sym>
                </wpt>
            
                <wpt lat="45.974949" lon="6.800469">
                        <ele>0</ele>
                        <name><![CDATA[Bivouac 1 - Parcours 4 jours - Moede Anterne]]></name>
                        <desc><![CDATA[]]></desc>
                    <sym>3</sym>
                </wpt>
            
                <wpt lat="45.992492" lon="6.831164">
                        <ele>0</ele>
                        <name><![CDATA[Bivouac 1 - Parcours 3 jours - Chalets de Villy]]></name>
                        <desc><![CDATA[]]></desc>
                    <sym>3</sym>
                </wpt>
            
                <wpt lat="46.003073" lon="6.868678">
                        <ele>0</ele>
                        <name><![CDATA[Bivouac 2 - Parcours 4 jours - Pierre à Bérard]]></name>
                        <desc><![CDATA[]]></desc>
                    <sym>3</sym>
                </wpt>
            
                <wpt lat="46.003097" lon="6.868589">
                        <ele>0</ele>
                        <name><![CDATA[Point d'eau potable]]></name>
                        <desc><![CDATA[]]></desc>
                    <sym>37</sym>
                </wpt>
            
                <wpt lat="45.995100" lon="6.927652">
                        <ele>0</ele>
                        <name><![CDATA[Bivouac 2 - Parcours 3 jours - Auberge La Boerne]]></name>
                        <desc><![CDATA[]]></desc>
                    <sym>3</sym>
                </wpt>
            
                <wpt lat="45.995133" lon="6.927672">
                        <ele>0</ele>
                        <name><![CDATA[Point d'eau potable]]></name>
                        <desc><![CDATA[]]></desc>
                    <sym>37</sym>
                </wpt>
            
                <wpt lat="45.982613" lon="6.897483">
                        <ele>0</ele>
                        <name><![CDATA[Bivouac 3 - Parcours 4 jours - Lac des Cheserys]]></name>
                        <desc><![CDATA[]]></desc>
                    <sym>3</sym>
                </wpt>
            
                <wpt lat="45.981440" lon="6.891870">
                        <ele>0</ele>
                        <name><![CDATA[Bouteille d'eau]]></name>
                        <desc><![CDATA[]]></desc>
                    <sym>104</sym>
                </wpt>
            
                <wpt lat="45.959939" lon="6.887238">
                        <ele>0</ele>
                        <name><![CDATA[Bouteille d'eau]]></name>
                        <desc><![CDATA[]]></desc>
                    <sym>104</sym>
                </wpt>
            
                <wpt lat="45.961769" lon="6.888032">
                        <ele>0</ele>
                        <name><![CDATA[Bivouac Possible]]></name>
                        <desc><![CDATA[]]></desc>
                    <sym>3</sym>
                </wpt>
            
                <wpt lat="45.922199" lon="6.829437">
                        <ele>0</ele>
                        <name><![CDATA[Restauration possible]]></name>
                        <desc><![CDATA[]]></desc>
                    <sym>50</sym>
                </wpt>
            
                <wpt lat="45.933910" lon="6.837647">
                        <ele>0</ele>
                        <name><![CDATA[Restauration possible]]></name>
                        <desc><![CDATA[]]></desc>
                    <sym>50</sym>
                </wpt>
            
                <wpt lat="45.974861" lon="6.800409">
                        <ele>0</ele>
                        <name><![CDATA[Restauration possible]]></name>
                        <desc><![CDATA[]]></desc>
                    <sym>50</sym>
                </wpt>
            
                <wpt lat="46.003050" lon="6.868755">
                        <ele>0</ele>
                        <name><![CDATA[Restauration possible]]></name>
                        <desc><![CDATA[]]></desc>
                    <sym>50</sym>
                </wpt>
            
                <wpt lat="45.995226" lon="6.927700">
                        <ele>0</ele>
                        <name><![CDATA[Restauration possible]]></name>
                        <desc><![CDATA[]]></desc>
                    <sym>50</sym>
                </wpt>
            
                <wpt lat="45.981454" lon="6.892044">
                        <ele>0</ele>
                        <name><![CDATA[Restauration possible]]></name>
                        <desc><![CDATA[]]></desc>
                    <sym>50</sym>
                </wpt>
            
                <wpt lat="45.959994" lon="6.887248">
                        <ele>0</ele>
                        <name><![CDATA[Restauration possible]]></name>
                        <desc><![CDATA[]]></desc>
                    <sym>50</sym>
                </wpt>
            
                <wpt lat="45.992082" lon="6.831076">
                        <ele>0</ele>
                        <name><![CDATA[Point d'eau potable]]></name>
                        <desc><![CDATA[]]></desc>
                    <sym>37</sym>
                </wpt>
            
                <wpt lat="45.933803" lon="6.837645">
                        <ele>0</ele>
                        <name><![CDATA[Bouteille d'eau]]></name>
                        <desc><![CDATA[]]></desc>
                    <sym>104</sym>
                </wpt>
            
                <wpt lat="45.933870" lon="6.836879">
                        <ele>0</ele>
                        <name><![CDATA[Le Brévent]]></name>
                        <desc><![CDATA[]]></desc>
                    <sym>40</sym>
                </wpt>
            
                <wpt lat="46.007227" lon="6.855315">
                        <ele>0</ele>
                        <name><![CDATA[Col de Salenton]]></name>
                        <desc><![CDATA[]]></desc>
                    <sym>40</sym>
                </wpt>
            
                <wpt lat="46.024799" lon="6.852547">
                        <ele>0</ele>
                        <name><![CDATA[Le Buet]]></name>
                        <desc><![CDATA[]]></desc>
                    <sym>40</sym>
                </wpt>
            
                <wpt lat="45.985075" lon="6.903550">
                        <ele>0</ele>
                        <name><![CDATA[Lac des Cheserys]]></name>
                        <desc><![CDATA[]]></desc>
                    <sym>40</sym>
                </wpt>
            
                <wpt lat="45.983047" lon="6.890525">
                        <ele>0</ele>
                        <name><![CDATA[Lac Blanc]]></name>
                        <desc><![CDATA[]]></desc>
                    <sym>40</sym>
                </wpt>
            
                <wpt lat="45.946776" lon="6.860304">
                        <ele>0</ele>
                        <name><![CDATA[Grand Balcon Sud]]></name>
                        <desc><![CDATA[]]></desc>
                    <sym>40</sym>
                </wpt>
            	<trk>
	                   <name>[Aiguilles Rouges] Tour des Aiguilles Rouges-17285943</name>
						<trkseg>
					<trkpt lat="45.923510" lon="6.867360">
						<ele>1049</ele>
						<time>2026-05-01T07:34:17Z</time>
					</trkpt>
					<trkpt lat="45.923490" lon="6.867290">
						<ele>1050</ele>
						<time>2026-05-01T07:34:24Z</time>
					</trkpt>
					<trkpt lat="45.923500" lon="6.866990">
						<ele>1053</ele>
						<time>2026-05-01T07:34:52Z</time>
					</trkpt>
					<trkpt lat="45.923530" lon="6.866540">
						<ele>1056</ele>
						<time>2026-05-01T07:35:34Z</time>
					</trkpt>
					<trkpt lat="45.923540" lon="6.866370">
						<ele>1057</ele>
						<time>2026-05-01T07:35:50Z</time>
					</trkpt>
					<trkpt lat="45.923540" lon="6.866340">
						<ele>1057</ele>
						<time>2026-05-01T07:35:52Z</time>
					</trkpt>
					<trkpt lat="45.923560" lon="6.866070">
						<ele>1059</ele>
						<time>2026-05-01T07:36:18Z</time>
					</trkpt>
					<trkpt lat="45.923600" lon="6.865790">
						<ele>1061</ele>
						<time>2026-05-01T07:36:44Z</time>
					</trkpt>
					<trkpt lat="45.923720" lon="6.865110">
						<ele>1068</ele>
						<time>2026-05-01T07:37:49Z</time>
					</trkpt>
					<trkpt lat="45.923750" lon="6.864920">
						<ele>1071</ele>
						<time>2026-05-01T07:38:07Z</time>
					</trkpt>
					<trkpt lat="45.923770" lon="6.864810">
						<ele>1072</ele>
						<time>2026-05-01T07:38:18Z</time>
					</trkpt>
					<trkpt lat="45.923780" lon="6.864740">
						<ele>1073</ele>
						<time>2026-05-01T07:38:25Z</time>
					</trkpt>
					<trkpt lat="45.923810" lon="6.864490">
						<ele>1077</ele>
						<time>2026-05-01T07:38:48Z</time>
					</trkpt>
					<trkpt lat="45.923850" lon="6.864210">
						<ele>1082</ele>
						<time>2026-05-01T07:39:15Z</time>
					</trkpt>
					<trkpt lat="45.923880" lon="6.864010">
						<ele>1084</ele>
						<time>2026-05-01T07:39:34Z</time>
					</trkpt>
					<trkpt lat="45.923920" lon="6.863760">
						<ele>1087</ele>
						<time>2026-05-01T07:39:58Z</time>
					</trkpt>
					<trkpt lat="45.923800" lon="6.863650">
						<ele>1087</ele>
						<time>2026-05-01T07:40:17Z</time>
					</trkpt>
					<trkpt lat="45.923760" lon="6.863590">
						<ele>1088</ele>
						<time>2026-05-01T07:40:24Z</time>
					</trkpt>
					<trkpt lat="45.923740" lon="6.863400">
						<ele>1090</ele>
						<time>2026-05-01T07:40:42Z</time>
					</trkpt>
					<trkpt lat="45.923750" lon="6.863320">
						<ele>1091</ele>
						<time>2026-05-01T07:40:50Z</time>
					</trkpt>
					<trkpt lat="45.923590" lon="6.863220">
						<ele>1091</ele>
						<time>2026-05-01T07:41:13Z</time>
					</trkpt>
					<trkpt lat="45.923360" lon="6.863160">
						<ele>1091</ele>
						<time>2026-05-01T07:41:44Z</time>
					</trkpt>
					<trkpt lat="45.923220" lon="6.863080">
						<ele>1091</ele>
						<time>2026-05-01T07:42:04Z</time>
					</trkpt>
					<trkpt lat="45.922730" lon="6.862670">
						<ele>1093</ele>
						<time>2026-05-01T07:43:20Z</time>
					</trkpt>
					<trkpt lat="45.922640" lon="6.862640">
						<ele>1093</ele>
						<time>2026-05-01T07:43:32Z</time>
					</trkpt>
					<trkpt lat="45.922380" lon="6.862670">
						<ele>1090</ele>
						<time>2026-05-01T07:44:07Z</time>
					</trkpt>
					<trkpt lat="45.921920" lon="6.862030">
						<ele>1093</ele>
						<time>2026-05-01T07:45:32Z</time>
					</trkpt>
					<trkpt lat="45.922010" lon="6.861900">
						<ele>1095</ele>
						<time>2026-05-01T07:45:49Z</time>
					</trkpt>
					<trkpt lat="45.922050" lon="6.861870">
						<ele>1096</ele>
						<time>2026-05-01T07:45:55Z</time>
					</trkpt>
					<trkpt lat="45.922150" lon="6.861860">
						<ele>1097</ele>
						<time>2026-05-01T07:46:09Z</time>
					</trkpt>
					<trkpt lat="45.922210" lon="6.861760">
						<ele>1099</ele>
						<time>2026-05-01T07:46:21Z</time>
					</trkpt>
					<trkpt lat="45.921640" lon="6.860990">
						<ele>1095</ele>
						<time>2026-05-01T07:48:05Z</time>
					</trkpt>
					<trkpt lat="45.921630" lon="6.860510">
						<ele>1100</ele>
						<time>2026-05-01T07:48:50Z</time>
					</trkpt>
					<trkpt lat="45.921630" lon="6.860160">
						<ele>1105</ele>
						<time>2026-05-01T07:49:23Z</time>
					</trkpt>
					<trkpt lat="45.921190" lon="6.859260">
						<ele>1104</ele>
						<time>2026-05-01T07:51:05Z</time>
					</trkpt>
					<trkpt lat="45.921110" lon="6.859180">
						<ele>1103</ele>
						<time>2026-05-01T07:51:18Z</time>
					</trkpt>
					<trkpt lat="45.921610" lon="6.858660">
						<ele>1118</ele>
						<time>2026-05-01T07:52:40Z</time>
					</trkpt>
					<trkpt lat="45.921600" lon="6.858220">
						<ele>1123</ele>
						<time>2026-05-01T07:53:21Z</time>
					</trkpt>
					<trkpt lat="45.921560" lon="6.857970">
						<ele>1124</ele>
						<time>2026-05-01T07:53:45Z</time>
					</trkpt>
					<trkpt lat="45.921550" lon="6.857710">
						<ele>1126</ele>
						<time>2026-05-01T07:54:09Z</time>
					</trkpt>
					<trkpt lat="45.921590" lon="6.857500">
						<ele>1128</ele>
						<time>2026-05-01T07:54:29Z</time>
					</trkpt>
					<trkpt lat="45.921640" lon="6.857250">
						<ele>1131</ele>
						<time>2026-05-01T07:54:53Z</time>
					</trkpt>
					<trkpt lat="45.921640" lon="6.856940">
						<ele>1133</ele>
						<time>2026-05-01T07:55:22Z</time>
					</trkpt>
					<trkpt lat="45.921640" lon="6.856630">
						<ele>1136</ele>
						<time>2026-05-01T07:55:51Z</time>
					</trkpt>
					<trkpt lat="45.921760" lon="6.856480">
						<ele>1140</ele>
						<time>2026-05-01T07:56:12Z</time>
					</trkpt>
					<trkpt lat="45.921850" lon="6.856330">
						<ele>1144</ele>
						<time>2026-05-01T07:56:30Z</time>
					</trkpt>
					<trkpt lat="45.921860" lon="6.856190">
						<ele>1146</ele>
						<time>2026-05-01T07:56:43Z</time>
					</trkpt>
					<trkpt lat="45.921900" lon="6.856130">
						<ele>1147</ele>
						<time>2026-05-01T07:56:51Z</time>
					</trkpt>
					<trkpt lat="45.922050" lon="6.856030">
						<ele>1153</ele>
						<time>2026-05-01T07:57:13Z</time>
					</trkpt>
					<trkpt lat="45.922300" lon="6.855840">
						<ele>1162</ele>
						<time>2026-05-01T07:57:51Z</time>
					</trkpt>
					<trkpt lat="45.922450" lon="6.855780">
						<ele>1167</ele>
						<time>2026-05-01T07:58:12Z</time>
					</trkpt>
					<trkpt lat="45.922520" lon="6.855630">
						<ele>1170</ele>
						<time>2026-05-01T07:58:29Z</time>
					</trkpt>
					<trkpt lat="45.922570" lon="6.855420">
						<ele>1171</ele>
						<time>2026-05-01T07:58:49Z</time>
					</trkpt>
					<trkpt lat="45.922730" lon="6.855180">
						<ele>1178</ele>
						<time>2026-05-01T07:59:20Z</time>
					</trkpt>
					<trkpt lat="45.922790" lon="6.855170">
						<ele>1180</ele>
						<time>2026-05-01T07:59:28Z</time>
					</trkpt>
					<trkpt lat="45.922800" lon="6.855210">
						<ele>1181</ele>
						<time>2026-05-01T07:59:32Z</time>
					</trkpt>
					<trkpt lat="45.922880" lon="6.855240">
						<ele>1184</ele>
						<time>2026-05-01T07:59:43Z</time>
					</trkpt>
					<trkpt lat="45.923050" lon="6.855110">
						<ele>1191</ele>
						<time>2026-05-01T08:00:09Z</time>
					</trkpt>
					<trkpt lat="45.923090" lon="6.855040">
						<ele>1193</ele>
						<time>2026-05-01T08:00:17Z</time>
					</trkpt>
					<trkpt lat="45.923240" lon="6.854780">
						<ele>1202</ele>
						<time>2026-05-01T08:00:48Z</time>
					</trkpt>
					<trkpt lat="45.923240" lon="6.854610">
						<ele>1205</ele>
						<time>2026-05-01T08:01:04Z</time>
					</trkpt>
					<trkpt lat="45.923240" lon="6.854040">
						<ele>1215</ele>
						<time>2026-05-01T08:01:57Z</time>
					</trkpt>
					<trkpt lat="45.923210" lon="6.853920">
						<ele>1217</ele>
						<time>2026-05-01T08:02:09Z</time>
					</trkpt>
					<trkpt lat="45.923080" lon="6.853610">
						<ele>1220</ele>
						<time>2026-05-01T08:02:43Z</time>
					</trkpt>
					<trkpt lat="45.922930" lon="6.853450">
						<ele>1218</ele>
						<time>2026-05-01T08:03:08Z</time>
					</trkpt>
					<trkpt lat="45.922820" lon="6.853390">
						<ele>1215</ele>
						<time>2026-05-01T08:03:23Z</time>
					</trkpt>
					<trkpt lat="45.922720" lon="6.853390">
						<ele>1211</ele>
						<time>2026-05-01T08:03:37Z</time>
					</trkpt>
					<trkpt lat="45.922600" lon="6.853170">
						<ele>1214</ele>
						<time>2026-05-01T08:04:03Z</time>
					</trkpt>
					<trkpt lat="45.922570" lon="6.852920">
						<ele>1222</ele>
						<time>2026-05-01T08:04:26Z</time>
					</trkpt>
					<trkpt lat="45.922510" lon="6.852800">
						<ele>1224</ele>
						<time>2026-05-01T08:04:40Z</time>
					</trkpt>
					<trkpt lat="45.922440" lon="6.852700">
						<ele>1225</ele>
						<time>2026-05-01T08:04:53Z</time>
					</trkpt>
					<trkpt lat="45.922180" lon="6.852080">
						<ele>1235</ele>
						<time>2026-05-01T08:06:00Z</time>
					</trkpt>
					<trkpt lat="45.922130" lon="6.851880">
						<ele>1239</ele>
						<time>2026-05-01T08:06:20Z</time>
					</trkpt>
					<trkpt lat="45.922030" lon="6.851680">
						<ele>1242</ele>
						<time>2026-05-01T08:06:43Z</time>
					</trkpt>
					<trkpt lat="45.922010" lon="6.851620">
						<ele>1243</ele>
						<time>2026-05-01T08:06:49Z</time>
					</trkpt>
					<trkpt lat="45.922030" lon="6.851380">
						<ele>1255</ele>
						<time>2026-05-01T08:07:11Z</time>
					</trkpt>
					<trkpt lat="45.922000" lon="6.851250">
						<ele>1259</ele>
						<time>2026-05-01T08:07:24Z</time>
					</trkpt>
					<trkpt lat="45.921930" lon="6.851130">
						<ele>1261</ele>
						<time>2026-05-01T08:07:39Z</time>
					</trkpt>
					<trkpt lat="45.921850" lon="6.850980">
						<ele>1265</ele>
						<time>2026-05-01T08:07:56Z</time>
					</trkpt>
					<trkpt lat="45.921850" lon="6.850690">
						<ele>1279</ele>
						<time>2026-05-01T08:08:23Z</time>
					</trkpt>
					<trkpt lat="45.921830" lon="6.850630">
						<ele>1282</ele>
						<time>2026-05-01T08:08:29Z</time>
					</trkpt>
					<trkpt lat="45.921800" lon="6.850610">
						<ele>1282</ele>
						<time>2026-05-01T08:08:34Z</time>
					</trkpt>
					<trkpt lat="45.921770" lon="6.850630">
						<ele>1280</ele>
						<time>2026-05-01T08:08:38Z</time>
					</trkpt>
					<trkpt lat="45.921680" lon="6.850770">
						<ele>1270</ele>
						<time>2026-05-01T08:08:56Z</time>
					</trkpt>
					<trkpt lat="45.921590" lon="6.850850">
						<ele>1263</ele>
						<time>2026-05-01T08:09:10Z</time>
					</trkpt>
					<trkpt lat="45.921380" lon="6.850880">
						<ele>1257</ele>
						<time>2026-05-01T08:09:38Z</time>
					</trkpt>
					<trkpt lat="45.921270" lon="6.850750">
						<ele>1261</ele>
						<time>2026-05-01T08:09:57Z</time>
					</trkpt>
					<trkpt lat="45.921110" lon="6.850640">
						<ele>1263</ele>
						<time>2026-05-01T08:10:21Z</time>
					</trkpt>
					<trkpt lat="45.920940" lon="6.850410">
						<ele>1272</ele>
						<time>2026-05-01T08:10:52Z</time>
					</trkpt>
					<trkpt lat="45.920900" lon="6.850320">
						<ele>1277</ele>
						<time>2026-05-01T08:11:02Z</time>
					</trkpt>
					<trkpt lat="45.920590" lon="6.850020">
						<ele>1280</ele>
						<time>2026-05-01T08:11:52Z</time>
					</trkpt>
					<trkpt lat="45.920530" lon="6.849920">
						<ele>1282</ele>
						<time>2026-05-01T08:12:04Z</time>
					</trkpt>
					<trkpt lat="45.920410" lon="6.849820">
						<ele>1281</ele>
						<time>2026-05-01T08:12:22Z</time>
					</trkpt>
					<trkpt lat="45.920410" lon="6.849740">
						<ele>1286</ele>
						<time>2026-05-01T08:12:30Z</time>
					</trkpt>
					<trkpt lat="45.920460" lon="6.849470">
						<ele>1302</ele>
						<time>2026-05-01T08:12:56Z</time>
					</trkpt>
					<trkpt lat="45.920410" lon="6.849300">
						<ele>1309</ele>
						<time>2026-05-01T08:13:13Z</time>
					</trkpt>
					<trkpt lat="45.920360" lon="6.849200">
						<ele>1312</ele>
						<time>2026-05-01T08:13:24Z</time>
					</trkpt>
					<trkpt lat="45.920370" lon="6.849160">
						<ele>1315</ele>
						<time>2026-05-01T08:13:28Z</time>
					</trkpt>
					<trkpt lat="45.920400" lon="6.849150">
						<ele>1317</ele>
						<time>2026-05-01T08:13:32Z</time>
					</trkpt>
					<trkpt lat="45.920510" lon="6.849160">
						<ele>1321</ele>
						<time>2026-05-01T08:13:47Z</time>
					</trkpt>
					<trkpt lat="45.920630" lon="6.849280">
						<ele>1320</ele>
						<time>2026-05-01T08:14:07Z</time>
					</trkpt>
					<trkpt lat="45.920670" lon="6.849400">
						<ele>1316</ele>
						<time>2026-05-01T08:14:19Z</time>
					</trkpt>
					<trkpt lat="45.920690" lon="6.849390">
						<ele>1317</ele>
						<time>2026-05-01T08:14:22Z</time>
					</trkpt>
					<trkpt lat="45.920720" lon="6.849330">
						<ele>1322</ele>
						<time>2026-05-01T08:14:29Z</time>
					</trkpt>
					<trkpt lat="45.920720" lon="6.849250">
						<ele>1326</ele>
						<time>2026-05-01T08:14:36Z</time>
					</trkpt>
					<trkpt lat="45.920740" lon="6.849240">
						<ele>1327</ele>
						<time>2026-05-01T08:14:39Z</time>
					</trkpt>
					<trkpt lat="45.920770" lon="6.849350">
						<ele>1323</ele>
						<time>2026-05-01T08:14:50Z</time>
					</trkpt>
					<trkpt lat="45.920820" lon="6.849430">
						<ele>1321</ele>
						<time>2026-05-01T08:15:00Z</time>
					</trkpt>
					<trkpt lat="45.920980" lon="6.849570">
						<ele>1318</ele>
						<time>2026-05-01T08:15:25Z</time>
					</trkpt>
					<trkpt lat="45.921300" lon="6.849700">
						<ele>1319</ele>
						<time>2026-05-01T08:16:09Z</time>
					</trkpt>
					<trkpt lat="45.921350" lon="6.849760">
						<ele>1317</ele>
						<time>2026-05-01T08:16:18Z</time>
					</trkpt>
					<trkpt lat="45.921370" lon="6.849760">
						<ele>1318</ele>
						<time>2026-05-01T08:16:21Z</time>
					</trkpt>
					<trkpt lat="45.921380" lon="6.849730">
						<ele>1319</ele>
						<time>2026-05-01T08:16:24Z</time>
					</trkpt>
					<trkpt lat="45.921360" lon="6.849680">
						<ele>1321</ele>
						<time>2026-05-01T08:16:29Z</time>
					</trkpt>
					<trkpt lat="45.921250" lon="6.849510">
						<ele>1327</ele>
						<time>2026-05-01T08:16:51Z</time>
					</trkpt>
					<trkpt lat="45.921100" lon="6.849210">
						<ele>1339</ele>
						<time>2026-05-01T08:17:25Z</time>
					</trkpt>
					<trkpt lat="45.921090" lon="6.849170">
						<ele>1341</ele>
						<time>2026-05-01T08:17:29Z</time>
					</trkpt>
					<trkpt lat="45.921120" lon="6.848910">
						<ele>1351</ele>
						<time>2026-05-01T08:17:53Z</time>
					</trkpt>
					<trkpt lat="45.921120" lon="6.848820">
						<ele>1354</ele>
						<time>2026-05-01T08:18:02Z</time>
					</trkpt>
					<trkpt lat="45.921080" lon="6.848730">
						<ele>1357</ele>
						<time>2026-05-01T08:18:12Z</time>
					</trkpt>
					<trkpt lat="45.920910" lon="6.848630">
						<ele>1357</ele>
						<time>2026-05-01T08:18:36Z</time>
					</trkpt>
					<trkpt lat="45.920830" lon="6.848530">
						<ele>1359</ele>
						<time>2026-05-01T08:18:50Z</time>
					</trkpt>
					<trkpt lat="45.920760" lon="6.848410">
						<ele>1362</ele>
						<time>2026-05-01T08:19:05Z</time>
					</trkpt>
					<trkpt lat="45.920680" lon="6.848310">
						<ele>1364</ele>
						<time>2026-05-01T08:19:19Z</time>
					</trkpt>
					<trkpt lat="45.920590" lon="6.848120">
						<ele>1369</ele>
						<time>2026-05-01T08:19:40Z</time>
					</trkpt>
					<trkpt lat="45.920480" lon="6.848020">
						<ele>1369</ele>
						<time>2026-05-01T08:19:58Z</time>
					</trkpt>
					<trkpt lat="45.920250" lon="6.847880">
						<ele>1368</ele>
						<time>2026-05-01T08:20:31Z</time>
					</trkpt>
					<trkpt lat="45.920130" lon="6.847660">
						<ele>1372</ele>
						<time>2026-05-01T08:20:57Z</time>
					</trkpt>
					<trkpt lat="45.920130" lon="6.847550">
						<ele>1375</ele>
						<time>2026-05-01T08:21:07Z</time>
					</trkpt>
					<trkpt lat="45.920120" lon="6.847490">
						<ele>1377</ele>
						<time>2026-05-01T08:21:13Z</time>
					</trkpt>
					<trkpt lat="45.920050" lon="6.847380">
						<ele>1377</ele>
						<time>2026-05-01T08:21:27Z</time>
					</trkpt>
					<trkpt lat="45.920030" lon="6.847290">
						<ele>1378</ele>
						<time>2026-05-01T08:21:36Z</time>
					</trkpt>
					<trkpt lat="45.920030" lon="6.847140">
						<ele>1382</ele>
						<time>2026-05-01T08:21:49Z</time>
					</trkpt>
					<trkpt lat="45.919910" lon="6.846800">
						<ele>1383</ele>
						<time>2026-05-01T08:22:25Z</time>
					</trkpt>
					<trkpt lat="45.919890" lon="6.846620">
						<ele>1386</ele>
						<time>2026-05-01T08:22:42Z</time>
					</trkpt>
					<trkpt lat="45.919890" lon="6.846490">
						<ele>1389</ele>
						<time>2026-05-01T08:22:54Z</time>
					</trkpt>
					<trkpt lat="45.919900" lon="6.846470">
						<ele>1390</ele>
						<time>2026-05-01T08:22:56Z</time>
					</trkpt>
					<trkpt lat="45.920020" lon="6.846670">
						<ele>1391</ele>
						<time>2026-05-01T08:23:21Z</time>
					</trkpt>
					<trkpt lat="45.920180" lon="6.846860">
						<ele>1395</ele>
						<time>2026-05-01T08:23:48Z</time>
					</trkpt>
					<trkpt lat="45.920330" lon="6.846950">
						<ele>1399</ele>
						<time>2026-05-01T08:24:10Z</time>
					</trkpt>
					<trkpt lat="45.920410" lon="6.847060">
						<ele>1399</ele>
						<time>2026-05-01T08:24:25Z</time>
					</trkpt>
					<trkpt lat="45.920450" lon="6.847170">
						<ele>1397</ele>
						<time>2026-05-01T08:24:36Z</time>
					</trkpt>
					<trkpt lat="45.920520" lon="6.847180">
						<ele>1400</ele>
						<time>2026-05-01T08:24:46Z</time>
					</trkpt>
					<trkpt lat="45.920880" lon="6.847050">
						<ele>1419</ele>
						<time>2026-05-01T08:25:35Z</time>
					</trkpt>
					<trkpt lat="45.921030" lon="6.847070">
						<ele>1423</ele>
						<time>2026-05-01T08:25:55Z</time>
					</trkpt>
					<trkpt lat="45.921200" lon="6.847270">
						<ele>1419</ele>
						<time>2026-05-01T08:26:25Z</time>
					</trkpt>
					<trkpt lat="45.921310" lon="6.847280">
						<ele>1422</ele>
						<time>2026-05-01T08:26:39Z</time>
					</trkpt>
					<trkpt lat="45.921460" lon="6.847220">
						<ele>1430</ele>
						<time>2026-05-01T08:27:00Z</time>
					</trkpt>
					<trkpt lat="45.921760" lon="6.847140">
						<ele>1442</ele>
						<time>2026-05-01T08:27:41Z</time>
					</trkpt>
					<trkpt lat="45.922100" lon="6.847270">
						<ele>1443</ele>
						<time>2026-05-01T08:28:28Z</time>
					</trkpt>
					<trkpt lat="45.922300" lon="6.847290">
						<ele>1446</ele>
						<time>2026-05-01T08:28:55Z</time>
					</trkpt>
					<trkpt lat="45.922390" lon="6.847310">
						<ele>1447</ele>
						<time>2026-05-01T08:29:07Z</time>
					</trkpt>
					<trkpt lat="45.922400" lon="6.847300">
						<ele>1447</ele>
						<time>2026-05-01T08:29:08Z</time>
					</trkpt>
					<trkpt lat="45.922400" lon="6.847270">
						<ele>1449</ele>
						<time>2026-05-01T08:29:11Z</time>
					</trkpt>
					<trkpt lat="45.922080" lon="6.846990">
						<ele>1456</ele>
						<time>2026-05-01T08:30:01Z</time>
					</trkpt>
					<trkpt lat="45.922010" lon="6.846820">
						<ele>1462</ele>
						<time>2026-05-01T08:30:19Z</time>
					</trkpt>
					<trkpt lat="45.921760" lon="6.846580">
						<ele>1469</ele>
						<time>2026-05-01T08:31:00Z</time>
					</trkpt>
					<trkpt lat="45.921590" lon="6.846340">
						<ele>1475</ele>
						<time>2026-05-01T08:31:31Z</time>
					</trkpt>
					<trkpt lat="45.921510" lon="6.846120">
						<ele>1480</ele>
						<time>2026-05-01T08:31:54Z</time>
					</trkpt>
					<trkpt lat="45.921440" lon="6.846030">
						<ele>1480</ele>
						<time>2026-05-01T08:32:07Z</time>
					</trkpt>
					<trkpt lat="45.921270" lon="6.845960">
						<ele>1474</ele>
						<time>2026-05-01T08:32:31Z</time>
					</trkpt>
					<trkpt lat="45.921220" lon="6.845820">
						<ele>1476</ele>
						<time>2026-05-01T08:32:45Z</time>
					</trkpt>
					<trkpt lat="45.921200" lon="6.845600">
						<ele>1481</ele>
						<time>2026-05-01T08:33:06Z</time>
					</trkpt>
					<trkpt lat="45.921240" lon="6.845350">
						<ele>1490</ele>
						<time>2026-05-01T08:33:30Z</time>
					</trkpt>
					<trkpt lat="45.921250" lon="6.845060">
						<ele>1498</ele>
						<time>2026-05-01T08:33:57Z</time>
					</trkpt>
					<trkpt lat="45.921210" lon="6.844870">
						<ele>1501</ele>
						<time>2026-05-01T08:34:15Z</time>
					</trkpt>
					<trkpt lat="45.921130" lon="6.844720">
						<ele>1501</ele>
						<time>2026-05-01T08:34:32Z</time>
					</trkpt>
					<trkpt lat="45.921100" lon="6.844500">
						<ele>1505</ele>
						<time>2026-05-01T08:34:53Z</time>
					</trkpt>
					<trkpt lat="45.921020" lon="6.844210">
						<ele>1509</ele>
						<time>2026-05-01T08:35:22Z</time>
					</trkpt>
					<trkpt lat="45.921040" lon="6.843950">
						<ele>1519</ele>
						<time>2026-05-01T08:35:47Z</time>
					</trkpt>
					<trkpt lat="45.920990" lon="6.843810">
						<ele>1521</ele>
						<time>2026-05-01T08:36:01Z</time>
					</trkpt>
					<trkpt lat="45.920990" lon="6.843700">
						<ele>1525</ele>
						<time>2026-05-01T08:36:11Z</time>
					</trkpt>
					<trkpt lat="45.920930" lon="6.843500">
						<ele>1528</ele>
						<time>2026-05-01T08:36:32Z</time>
					</trkpt>
					<trkpt lat="45.920810" lon="6.843330">
						<ele>1526</ele>
						<time>2026-05-01T08:36:54Z</time>
					</trkpt>
					<trkpt lat="45.920590" lon="6.842690">
						<ele>1527</ele>
						<time>2026-05-01T08:38:00Z</time>
					</trkpt>
					<trkpt lat="45.920590" lon="6.842440">
						<ele>1534</ele>
						<time>2026-05-01T08:38:24Z</time>
					</trkpt>
					<trkpt lat="45.920610" lon="6.842220">
						<ele>1542</ele>
						<time>2026-05-01T08:38:44Z</time>
					</trkpt>
					<trkpt lat="45.920800" lon="6.841070">
						<ele>1583</ele>
						<time>2026-05-01T08:40:34Z</time>
					</trkpt>
					<trkpt lat="45.920860" lon="6.840830">
						<ele>1591</ele>
						<time>2026-05-01T08:40:58Z</time>
					</trkpt>
					<trkpt lat="45.920850" lon="6.840790">
						<ele>1590</ele>
						<time>2026-05-01T08:41:01Z</time>
					</trkpt>
					<trkpt lat="45.920660" lon="6.840640">
						<ele>1581</ele>
						<time>2026-05-01T08:41:30Z</time>
					</trkpt>
					<trkpt lat="45.920480" lon="6.840640">
						<ele>1572</ele>
						<time>2026-05-01T08:41:54Z</time>
					</trkpt>
					<trkpt lat="45.920220" lon="6.840410">
						<ele>1562</ele>
						<time>2026-05-01T08:42:35Z</time>
					</trkpt>
					<trkpt lat="45.920160" lon="6.840240">
						<ele>1562</ele>
						<time>2026-05-01T08:42:53Z</time>
					</trkpt>
					<trkpt lat="45.920140" lon="6.840100">
						<ele>1563</ele>
						<time>2026-05-01T08:43:06Z</time>
					</trkpt>
					<trkpt lat="45.920220" lon="6.839720">
						<ele>1575</ele>
						<time>2026-05-01T08:43:43Z</time>
					</trkpt>
					<trkpt lat="45.920260" lon="6.839630">
						<ele>1579</ele>
						<time>2026-05-01T08:43:53Z</time>
					</trkpt>
					<trkpt lat="45.920380" lon="6.839750">
						<ele>1581</ele>
						<time>2026-05-01T08:44:12Z</time>
					</trkpt>
					<trkpt lat="45.920470" lon="6.839800">
						<ele>1583</ele>
						<time>2026-05-01T08:44:25Z</time>
					</trkpt>
					<trkpt lat="45.920850" lon="6.839930">
						<ele>1594</ele>
						<time>2026-05-01T08:45:17Z</time>
					</trkpt>
					<trkpt lat="45.920940" lon="6.839890">
						<ele>1601</ele>
						<time>2026-05-01T08:45:30Z</time>
					</trkpt>
					<trkpt lat="45.921060" lon="6.839920">
						<ele>1608</ele>
						<time>2026-05-01T08:45:46Z</time>
					</trkpt>
					<trkpt lat="45.921230" lon="6.840030">
						<ele>1617</ele>
						<time>2026-05-01T08:46:11Z</time>
					</trkpt>
					<trkpt lat="45.921280" lon="6.840100">
						<ele>1620</ele>
						<time>2026-05-01T08:46:20Z</time>
					</trkpt>
					<trkpt lat="45.921310" lon="6.840090">
						<ele>1622</ele>
						<time>2026-05-01T08:46:25Z</time>
					</trkpt>
					<trkpt lat="45.921320" lon="6.840060">
						<ele>1622</ele>
						<time>2026-05-01T08:46:28Z</time>
					</trkpt>
					<trkpt lat="45.921270" lon="6.839910">
						<ele>1621</ele>
						<time>2026-05-01T08:46:43Z</time>
					</trkpt>
					<trkpt lat="45.921230" lon="6.839840">
						<ele>1621</ele>
						<time>2026-05-01T08:46:51Z</time>
					</trkpt>
					<trkpt lat="45.921200" lon="6.839720">
						<ele>1622</ele>
						<time>2026-05-01T08:47:03Z</time>
					</trkpt>
					<trkpt lat="45.921100" lon="6.839530">
						<ele>1622</ele>
						<time>2026-05-01T08:47:25Z</time>
					</trkpt>
					<trkpt lat="45.921090" lon="6.839480">
						<ele>1622</ele>
						<time>2026-05-01T08:47:30Z</time>
					</trkpt>
					<trkpt lat="45.921110" lon="6.839440">
						<ele>1625</ele>
						<time>2026-05-01T08:47:35Z</time>
					</trkpt>
					<trkpt lat="45.921360" lon="6.839540">
						<ele>1635</ele>
						<time>2026-05-01T08:48:09Z</time>
					</trkpt>
					<trkpt lat="45.921450" lon="6.839640">
						<ele>1638</ele>
						<time>2026-05-01T08:48:25Z</time>
					</trkpt>
					<trkpt lat="45.921500" lon="6.839640">
						<ele>1641</ele>
						<time>2026-05-01T08:48:31Z</time>
					</trkpt>
					<trkpt lat="45.921550" lon="6.839710">
						<ele>1642</ele>
						<time>2026-05-01T08:48:41Z</time>
					</trkpt>
					<trkpt lat="45.921620" lon="6.839750">
						<ele>1646</ele>
						<time>2026-05-01T08:48:51Z</time>
					</trkpt>
					<trkpt lat="45.921640" lon="6.839740">
						<ele>1647</ele>
						<time>2026-05-01T08:48:53Z</time>
					</trkpt>
					<trkpt lat="45.921600" lon="6.839660">
						<ele>1646</ele>
						<time>2026-05-01T08:49:03Z</time>
					</trkpt>
					<trkpt lat="45.921550" lon="6.839380">
						<ele>1648</ele>
						<time>2026-05-01T08:49:29Z</time>
					</trkpt>
					<trkpt lat="45.921510" lon="6.839280">
						<ele>1648</ele>
						<time>2026-05-01T08:49:40Z</time>
					</trkpt>
					<trkpt lat="45.921440" lon="6.839190">
						<ele>1646</ele>
						<time>2026-05-01T08:49:53Z</time>
					</trkpt>
					<trkpt lat="45.921300" lon="6.838810">
						<ele>1657</ele>
						<time>2026-05-01T08:50:33Z</time>
					</trkpt>
					<trkpt lat="45.921210" lon="6.838750">
						<ele>1655</ele>
						<time>2026-05-01T08:50:46Z</time>
					</trkpt>
					<trkpt lat="45.921070" lon="6.838560">
						<ele>1658</ele>
						<time>2026-05-01T08:51:12Z</time>
					</trkpt>
					<trkpt lat="45.920970" lon="6.838480">
						<ele>1657</ele>
						<time>2026-05-01T08:51:27Z</time>
					</trkpt>
					<trkpt lat="45.921000" lon="6.838470">
						<ele>1659</ele>
						<time>2026-05-01T08:51:31Z</time>
					</trkpt>
					<trkpt lat="45.921260" lon="6.838540">
						<ele>1667</ele>
						<time>2026-05-01T08:52:06Z</time>
					</trkpt>
					<trkpt lat="45.921300" lon="6.838510">
						<ele>1670</ele>
						<time>2026-05-01T08:52:12Z</time>
					</trkpt>
					<trkpt lat="45.921300" lon="6.838470">
						<ele>1672</ele>
						<time>2026-05-01T08:52:16Z</time>
					</trkpt>
					<trkpt lat="45.921000" lon="6.838090">
						<ele>1677</ele>
						<time>2026-05-01T08:53:09Z</time>
					</trkpt>
					<trkpt lat="45.921160" lon="6.838070">
						<ele>1685</ele>
						<time>2026-05-01T08:53:31Z</time>
					</trkpt>
					<trkpt lat="45.921400" lon="6.838120">
						<ele>1693</ele>
						<time>2026-05-01T08:54:03Z</time>
					</trkpt>
					<trkpt lat="45.921430" lon="6.838090">
						<ele>1696</ele>
						<time>2026-05-01T08:54:08Z</time>
					</trkpt>
					<trkpt lat="45.921360" lon="6.837970">
						<ele>1699</ele>
						<time>2026-05-01T08:54:23Z</time>
					</trkpt>
					<trkpt lat="45.921160" lon="6.837680">
						<ele>1704</ele>
						<time>2026-05-01T08:55:00Z</time>
					</trkpt>
					<trkpt lat="45.921140" lon="6.837450">
						<ele>1715</ele>
						<time>2026-05-01T08:55:22Z</time>
					</trkpt>
					<trkpt lat="45.921110" lon="6.837350">
						<ele>1720</ele>
						<time>2026-05-01T08:55:32Z</time>
					</trkpt>
					<trkpt lat="45.920970" lon="6.837140">
						<ele>1726</ele>
						<time>2026-05-01T08:55:59Z</time>
					</trkpt>
					<trkpt lat="45.921060" lon="6.837100">
						<ele>1734</ele>
						<time>2026-05-01T08:56:12Z</time>
					</trkpt>
					<trkpt lat="45.921130" lon="6.837110">
						<ele>1737</ele>
						<time>2026-05-01T08:56:21Z</time>
					</trkpt>
					<trkpt lat="45.921220" lon="6.837290">
						<ele>1729</ele>
						<time>2026-05-01T08:56:42Z</time>
					</trkpt>
					<trkpt lat="45.921260" lon="6.837280">
						<ele>1732</ele>
						<time>2026-05-01T08:56:47Z</time>
					</trkpt>
					<trkpt lat="45.921270" lon="6.837250">
						<ele>1735</ele>
						<time>2026-05-01T08:56:50Z</time>
					</trkpt>
					<trkpt lat="45.921220" lon="6.837120">
						<ele>1741</ele>
						<time>2026-05-01T08:57:04Z</time>
					</trkpt>
					<trkpt lat="45.921100" lon="6.836970">
						<ele>1744</ele>
						<time>2026-05-01T08:57:25Z</time>
					</trkpt>
					<trkpt lat="45.920920" lon="6.836760">
						<ele>1749</ele>
						<time>2026-05-01T08:57:56Z</time>
					</trkpt>
					<trkpt lat="45.920840" lon="6.836750">
						<ele>1745</ele>
						<time>2026-05-01T08:58:07Z</time>
					</trkpt>
					<trkpt lat="45.920720" lon="6.836640">
						<ele>1745</ele>
						<time>2026-05-01T08:58:26Z</time>
					</trkpt>
					<trkpt lat="45.920610" lon="6.836500">
						<ele>1746</ele>
						<time>2026-05-01T08:58:45Z</time>
					</trkpt>
					<trkpt lat="45.920400" lon="6.836340">
						<ele>1742</ele>
						<time>2026-05-01T08:59:17Z</time>
					</trkpt>
					<trkpt lat="45.920230" lon="6.836160">
						<ele>1741</ele>
						<time>2026-05-01T08:59:45Z</time>
					</trkpt>
					<trkpt lat="45.920240" lon="6.836110">
						<ele>1744</ele>
						<time>2026-05-01T08:59:50Z</time>
					</trkpt>
					<trkpt lat="45.920280" lon="6.836150">
						<ele>1744</ele>
						<time>2026-05-01T08:59:57Z</time>
					</trkpt>
					<trkpt lat="45.920320" lon="6.836160">
						<ele>1746</ele>
						<time>2026-05-01T09:00:02Z</time>
					</trkpt>
					<trkpt lat="45.920350" lon="6.836130">
						<ele>1749</ele>
						<time>2026-05-01T09:00:07Z</time>
					</trkpt>
					<trkpt lat="45.920240" lon="6.836000">
						<ele>1749</ele>
						<time>2026-05-01T09:00:26Z</time>
					</trkpt>
					<trkpt lat="45.920160" lon="6.835880">
						<ele>1750</ele>
						<time>2026-05-01T09:00:41Z</time>
					</trkpt>
					<trkpt lat="45.920180" lon="6.835860">
						<ele>1752</ele>
						<time>2026-05-01T09:00:45Z</time>
					</trkpt>
					<trkpt lat="45.920240" lon="6.835910">
						<ele>1753</ele>
						<time>2026-05-01T09:00:54Z</time>
					</trkpt>
					<trkpt lat="45.920400" lon="6.835950">
						<ele>1759</ele>
						<time>2026-05-01T09:01:16Z</time>
					</trkpt>
					<trkpt lat="45.920420" lon="6.835910">
						<ele>1762</ele>
						<time>2026-05-01T09:01:20Z</time>
					</trkpt>
					<trkpt lat="45.920290" lon="6.835800">
						<ele>1760</ele>
						<time>2026-05-01T09:01:40Z</time>
					</trkpt>
					<trkpt lat="45.920260" lon="6.835730">
						<ele>1762</ele>
						<time>2026-05-01T09:01:48Z</time>
					</trkpt>
					<trkpt lat="45.920290" lon="6.835700">
						<ele>1765</ele>
						<time>2026-05-01T09:01:53Z</time>
					</trkpt>
					<trkpt lat="45.920460" lon="6.835830">
						<ele>1768</ele>
						<time>2026-05-01T09:02:18Z</time>
					</trkpt>
					<trkpt lat="45.920570" lon="6.835880">
						<ele>1772</ele>
						<time>2026-05-01T09:02:34Z</time>
					</trkpt>
					<trkpt lat="45.920610" lon="6.835870">
						<ele>1774</ele>
						<time>2026-05-01T09:02:39Z</time>
					</trkpt>
					<trkpt lat="45.920630" lon="6.835850">
						<ele>1776</ele>
						<time>2026-05-01T09:02:42Z</time>
					</trkpt>
					<trkpt lat="45.920590" lon="6.835790">
						<ele>1777</ele>
						<time>2026-05-01T09:02:50Z</time>
					</trkpt>
					<trkpt lat="45.920580" lon="6.835740">
						<ele>1779</ele>
						<time>2026-05-01T09:02:55Z</time>
					</trkpt>
					<trkpt lat="45.920520" lon="6.835710">
						<ele>1777</ele>
						<time>2026-05-01T09:03:04Z</time>
					</trkpt>
					<trkpt lat="45.920530" lon="6.835670">
						<ele>1780</ele>
						<time>2026-05-01T09:03:07Z</time>
					</trkpt>
					<trkpt lat="45.920720" lon="6.835720">
						<ele>1788</ele>
						<time>2026-05-01T09:03:33Z</time>
					</trkpt>
					<trkpt lat="45.920740" lon="6.835690">
						<ele>1790</ele>
						<time>2026-05-01T09:03:37Z</time>
					</trkpt>
					<trkpt lat="45.920740" lon="6.835640">
						<ele>1793</ele>
						<time>2026-05-01T09:03:42Z</time>
					</trkpt>
					<trkpt lat="45.920610" lon="6.835600">
						<ele>1787</ele>
						<time>2026-05-01T09:03:59Z</time>
					</trkpt>
					<trkpt lat="45.920560" lon="6.835550">
						<ele>1787</ele>
						<time>2026-05-01T09:04:08Z</time>
					</trkpt>
					<trkpt lat="45.920600" lon="6.835510">
						<ele>1791</ele>
						<time>2026-05-01T09:04:14Z</time>
					</trkpt>
					<trkpt lat="45.920700" lon="6.835520">
						<ele>1796</ele>
						<time>2026-05-01T09:04:27Z</time>
					</trkpt>
					<trkpt lat="45.920900" lon="6.835430">
						<ele>1812</ele>
						<time>2026-05-01T09:04:55Z</time>
					</trkpt>
					<trkpt lat="45.920900" lon="6.835420">
						<ele>1813</ele>
						<time>2026-05-01T09:04:56Z</time>
					</trkpt>
					<trkpt lat="45.920840" lon="6.835420">
						<ele>1809</ele>
						<time>2026-05-01T09:05:04Z</time>
					</trkpt>
					<trkpt lat="45.920690" lon="6.835330">
						<ele>1805</ele>
						<time>2026-05-01T09:05:26Z</time>
					</trkpt>
					<trkpt lat="45.920620" lon="6.835360">
						<ele>1800</ele>
						<time>2026-05-01T09:05:36Z</time>
					</trkpt>
					<trkpt lat="45.920570" lon="6.835340">
						<ele>1798</ele>
						<time>2026-05-01T09:05:43Z</time>
					</trkpt>
					<trkpt lat="45.920540" lon="6.835300">
						<ele>1798</ele>
						<time>2026-05-01T09:05:48Z</time>
					</trkpt>
					<trkpt lat="45.920760" lon="6.835230">
						<ele>1814</ele>
						<time>2026-05-01T09:06:18Z</time>
					</trkpt>
					<trkpt lat="45.920810" lon="6.835230">
						<ele>1817</ele>
						<time>2026-05-01T09:06:25Z</time>
					</trkpt>
					<trkpt lat="45.920850" lon="6.835260">
						<ele>1818</ele>
						<time>2026-05-01T09:06:31Z</time>
					</trkpt>
					<trkpt lat="45.920870" lon="6.835250">
						<ele>1819</ele>
						<time>2026-05-01T09:06:34Z</time>
					</trkpt>
					<trkpt lat="45.920860" lon="6.835210">
						<ele>1821</ele>
						<time>2026-05-01T09:06:38Z</time>
					</trkpt>
					<trkpt lat="45.920740" lon="6.835150">
						<ele>1817</ele>
						<time>2026-05-01T09:06:55Z</time>
					</trkpt>
					<trkpt lat="45.920690" lon="6.835170">
						<ele>1813</ele>
						<time>2026-05-01T09:07:02Z</time>
					</trkpt>
					<trkpt lat="45.920610" lon="6.835100">
						<ele>1812</ele>
						<time>2026-05-01T09:07:14Z</time>
					</trkpt>
					<trkpt lat="45.920620" lon="6.835020">
						<ele>1816</ele>
						<time>2026-05-01T09:07:22Z</time>
					</trkpt>
					<trkpt lat="45.920670" lon="6.835060">
						<ele>1817</ele>
						<time>2026-05-01T09:07:29Z</time>
					</trkpt>
					<trkpt lat="45.920740" lon="6.835040">
						<ele>1823</ele>
						<time>2026-05-01T09:07:39Z</time>
					</trkpt>
					<trkpt lat="45.920740" lon="6.835020">
						<ele>1824</ele>
						<time>2026-05-01T09:07:41Z</time>
					</trkpt>
					<trkpt lat="45.920650" lon="6.834940">
						<ele>1822</ele>
						<time>2026-05-01T09:07:55Z</time>
					</trkpt>
					<trkpt lat="45.920640" lon="6.834880">
						<ele>1824</ele>
						<time>2026-05-01T09:08:01Z</time>
					</trkpt>
					<trkpt lat="45.920750" lon="6.834970">
						<ele>1827</ele>
						<time>2026-05-01T09:08:17Z</time>
					</trkpt>
					<trkpt lat="45.920800" lon="6.834980">
						<ele>1829</ele>
						<time>2026-05-01T09:08:24Z</time>
					</trkpt>
					<trkpt lat="45.920800" lon="6.834930">
						<ele>1832</ele>
						<time>2026-05-01T09:08:29Z</time>
					</trkpt>
					<trkpt lat="45.920760" lon="6.834920">
						<ele>1830</ele>
						<time>2026-05-01T09:08:34Z</time>
					</trkpt>
					<trkpt lat="45.920680" lon="6.834800">
						<ele>1831</ele>
						<time>2026-05-01T09:08:50Z</time>
					</trkpt>
					<trkpt lat="45.920690" lon="6.834770">
						<ele>1833</ele>
						<time>2026-05-01T09:08:53Z</time>
					</trkpt>
					<trkpt lat="45.920800" lon="6.834880">
						<ele>1834</ele>
						<time>2026-05-01T09:09:11Z</time>
					</trkpt>
					<trkpt lat="45.920810" lon="6.834870">
						<ele>1835</ele>
						<time>2026-05-01T09:09:12Z</time>
					</trkpt>
					<trkpt lat="45.920770" lon="6.834820">
						<ele>1835</ele>
						<time>2026-05-01T09:09:19Z</time>
					</trkpt>
					<trkpt lat="45.920710" lon="6.834690">
						<ele>1838</ele>
						<time>2026-05-01T09:09:34Z</time>
					</trkpt>
					<trkpt lat="45.920660" lon="6.834690">
						<ele>1835</ele>
						<time>2026-05-01T09:09:40Z</time>
					</trkpt>
					<trkpt lat="45.920650" lon="6.834660">
						<ele>1836</ele>
						<time>2026-05-01T09:09:44Z</time>
					</trkpt>
					<trkpt lat="45.920650" lon="6.834650">
						<ele>1836</ele>
						<time>2026-05-01T09:09:44Z</time>
					</trkpt>
					<trkpt lat="45.920720" lon="6.834650">
						<ele>1841</ele>
						<time>2026-05-01T09:09:54Z</time>
					</trkpt>
					<trkpt lat="45.920730" lon="6.834630">
						<ele>1842</ele>
						<time>2026-05-01T09:09:56Z</time>
					</trkpt>
					<trkpt lat="45.920690" lon="6.834580">
						<ele>1842</ele>
						<time>2026-05-01T09:10:03Z</time>
					</trkpt>
					<trkpt lat="45.920670" lon="6.834540">
						<ele>1843</ele>
						<time>2026-05-01T09:10:08Z</time>
					</trkpt>
					<trkpt lat="45.920680" lon="6.834520">
						<ele>1844</ele>
						<time>2026-05-01T09:10:10Z</time>
					</trkpt>
					<trkpt lat="45.920720" lon="6.834560">
						<ele>1845</ele>
						<time>2026-05-01T09:10:17Z</time>
					</trkpt>
					<trkpt lat="45.920740" lon="6.834530">
						<ele>1848</ele>
						<time>2026-05-01T09:10:20Z</time>
					</trkpt>
					<trkpt lat="45.920740" lon="6.834490">
						<ele>1850</ele>
						<time>2026-05-01T09:10:24Z</time>
					</trkpt>
					<trkpt lat="45.920690" lon="6.834400">
						<ele>1851</ele>
						<time>2026-05-01T09:10:35Z</time>
					</trkpt>
					<trkpt lat="45.920610" lon="6.834360">
						<ele>1848</ele>
						<time>2026-05-01T09:10:46Z</time>
					</trkpt>
					<trkpt lat="45.920580" lon="6.834330">
						<ele>1847</ele>
						<time>2026-05-01T09:10:51Z</time>
					</trkpt>
					<trkpt lat="45.920590" lon="6.834280">
						<ele>1850</ele>
						<time>2026-05-01T09:10:56Z</time>
					</trkpt>
					<trkpt lat="45.920820" lon="6.834400">
						<ele>1859</ele>
						<time>2026-05-01T09:11:28Z</time>
					</trkpt>
					<trkpt lat="45.920930" lon="6.834600">
						<ele>1855</ele>
						<time>2026-05-01T09:11:52Z</time>
					</trkpt>
					<trkpt lat="45.921020" lon="6.834660">
						<ele>1857</ele>
						<time>2026-05-01T09:12:05Z</time>
					</trkpt>
					<trkpt lat="45.921100" lon="6.834680">
						<ele>1861</ele>
						<time>2026-05-01T09:12:16Z</time>
					</trkpt>
					<trkpt lat="45.921140" lon="6.834730">
						<ele>1861</ele>
						<time>2026-05-01T09:12:23Z</time>
					</trkpt>
					<trkpt lat="45.921240" lon="6.834770">
						<ele>1864</ele>
						<time>2026-05-01T09:12:37Z</time>
					</trkpt>
					<trkpt lat="45.921270" lon="6.834760">
						<ele>1866</ele>
						<time>2026-05-01T09:12:41Z</time>
					</trkpt>
					<trkpt lat="45.921230" lon="6.834730">
						<ele>1866</ele>
						<time>2026-05-01T09:12:47Z</time>
					</trkpt>
					<trkpt lat="45.921160" lon="6.834600">
						<ele>1868</ele>
						<time>2026-05-01T09:13:03Z</time>
					</trkpt>
					<trkpt lat="45.921090" lon="6.834550">
						<ele>1867</ele>
						<time>2026-05-01T09:13:13Z</time>
					</trkpt>
					<trkpt lat="45.921070" lon="6.834500">
						<ele>1868</ele>
						<time>2026-05-01T09:13:18Z</time>
					</trkpt>
					<trkpt lat="45.921030" lon="6.834470">
						<ele>1867</ele>
						<time>2026-05-01T09:13:24Z</time>
					</trkpt>
					<trkpt lat="45.921040" lon="6.834440">
						<ele>1869</ele>
						<time>2026-05-01T09:13:27Z</time>
					</trkpt>
					<trkpt lat="45.921090" lon="6.834440">
						<ele>1872</ele>
						<time>2026-05-01T09:13:34Z</time>
					</trkpt>
					<trkpt lat="45.921180" lon="6.834520">
						<ele>1873</ele>
						<time>2026-05-01T09:13:48Z</time>
					</trkpt>
					<trkpt lat="45.921180" lon="6.834470">
						<ele>1875</ele>
						<time>2026-05-01T09:13:53Z</time>
					</trkpt>
					<trkpt lat="45.921160" lon="6.834420">
						<ele>1877</ele>
						<time>2026-05-01T09:13:58Z</time>
					</trkpt>
					<trkpt lat="45.921080" lon="6.834370">
						<ele>1875</ele>
						<time>2026-05-01T09:14:10Z</time>
					</trkpt>
					<trkpt lat="45.921050" lon="6.834290">
						<ele>1877</ele>
						<time>2026-05-01T09:14:18Z</time>
					</trkpt>
					<trkpt lat="45.921000" lon="6.834200">
						<ele>1879</ele>
						<time>2026-05-01T09:14:29Z</time>
					</trkpt>
					<trkpt lat="45.920940" lon="6.833960">
						<ele>1888</ele>
						<time>2026-05-01T09:14:53Z</time>
					</trkpt>
					<trkpt lat="45.920900" lon="6.833850">
						<ele>1891</ele>
						<time>2026-05-01T09:15:04Z</time>
					</trkpt>
					<trkpt lat="45.920900" lon="6.833790">
						<ele>1894</ele>
						<time>2026-05-01T09:15:10Z</time>
					</trkpt>
					<trkpt lat="45.920930" lon="6.833790">
						<ele>1895</ele>
						<time>2026-05-01T09:15:14Z</time>
					</trkpt>
					<trkpt lat="45.921000" lon="6.833960">
						<ele>1891</ele>
						<time>2026-05-01T09:15:32Z</time>
					</trkpt>
					<trkpt lat="45.921040" lon="6.833960">
						<ele>1893</ele>
						<time>2026-05-01T09:15:37Z</time>
					</trkpt>
					<trkpt lat="45.921040" lon="6.833940">
						<ele>1894</ele>
						<time>2026-05-01T09:15:39Z</time>
					</trkpt>
					<trkpt lat="45.920890" lon="6.833560">
						<ele>1904</ele>
						<time>2026-05-01T09:16:20Z</time>
					</trkpt>
					<trkpt lat="45.920910" lon="6.833530">
						<ele>1907</ele>
						<time>2026-05-01T09:16:24Z</time>
					</trkpt>
					<trkpt lat="45.921020" lon="6.833610">
						<ele>1909</ele>
						<time>2026-05-01T09:16:40Z</time>
					</trkpt>
					<trkpt lat="45.921040" lon="6.833590">
						<ele>1912</ele>
						<time>2026-05-01T09:16:43Z</time>
					</trkpt>
					<trkpt lat="45.920980" lon="6.833530">
						<ele>1911</ele>
						<time>2026-05-01T09:16:53Z</time>
					</trkpt>
					<trkpt lat="45.920960" lon="6.833440">
						<ele>1914</ele>
						<time>2026-05-01T09:17:02Z</time>
					</trkpt>
					<trkpt lat="45.920900" lon="6.833380">
						<ele>1914</ele>
						<time>2026-05-01T09:17:12Z</time>
					</trkpt>
					<trkpt lat="45.920900" lon="6.833350">
						<ele>1915</ele>
						<time>2026-05-01T09:17:14Z</time>
					</trkpt>
					<trkpt lat="45.920910" lon="6.833340">
						<ele>1916</ele>
						<time>2026-05-01T09:17:16Z</time>
					</trkpt>
					<trkpt lat="45.920950" lon="6.833350">
						<ele>1918</ele>
						<time>2026-05-01T09:17:22Z</time>
					</trkpt>
					<trkpt lat="45.921090" lon="6.833490">
						<ele>1920</ele>
						<time>2026-05-01T09:17:44Z</time>
					</trkpt>
					<trkpt lat="45.921100" lon="6.833430">
						<ele>1923</ele>
						<time>2026-05-01T09:17:50Z</time>
					</trkpt>
					<trkpt lat="45.921070" lon="6.833340">
						<ele>1926</ele>
						<time>2026-05-01T09:17:59Z</time>
					</trkpt>
					<trkpt lat="45.921040" lon="6.833330">
						<ele>1925</ele>
						<time>2026-05-01T09:18:03Z</time>
					</trkpt>
					<trkpt lat="45.920950" lon="6.833170">
						<ele>1925</ele>
						<time>2026-05-01T09:18:22Z</time>
					</trkpt>
					<trkpt lat="45.920920" lon="6.833070">
						<ele>1927</ele>
						<time>2026-05-01T09:18:33Z</time>
					</trkpt>
					<trkpt lat="45.920920" lon="6.833040">
						<ele>1928</ele>
						<time>2026-05-01T09:18:35Z</time>
					</trkpt>
					<trkpt lat="45.920960" lon="6.833070">
						<ele>1929</ele>
						<time>2026-05-01T09:18:41Z</time>
					</trkpt>
					<trkpt lat="45.921020" lon="6.833180">
						<ele>1929</ele>
						<time>2026-05-01T09:18:54Z</time>
					</trkpt>
					<trkpt lat="45.921040" lon="6.833170">
						<ele>1930</ele>
						<time>2026-05-01T09:18:57Z</time>
					</trkpt>
					<trkpt lat="45.921050" lon="6.833140">
						<ele>1932</ele>
						<time>2026-05-01T09:19:00Z</time>
					</trkpt>
					<trkpt lat="45.921010" lon="6.832990">
						<ele>1935</ele>
						<time>2026-05-01T09:19:15Z</time>
					</trkpt>
					<trkpt lat="45.921030" lon="6.832960">
						<ele>1937</ele>
						<time>2026-05-01T09:19:19Z</time>
					</trkpt>
					<trkpt lat="45.921100" lon="6.833080">
						<ele>1937</ele>
						<time>2026-05-01T09:19:34Z</time>
					</trkpt>
					<trkpt lat="45.921250" lon="6.833270">
						<ele>1939</ele>
						<time>2026-05-01T09:20:00Z</time>
					</trkpt>
					<trkpt lat="45.921340" lon="6.833330">
						<ele>1943</ele>
						<time>2026-05-01T09:20:13Z</time>
					</trkpt>
					<trkpt lat="45.921360" lon="6.833300">
						<ele>1945</ele>
						<time>2026-05-01T09:20:17Z</time>
					</trkpt>
					<trkpt lat="45.921300" lon="6.833250">
						<ele>1943</ele>
						<time>2026-05-01T09:20:27Z</time>
					</trkpt>
					<trkpt lat="45.921290" lon="6.833180">
						<ele>1945</ele>
						<time>2026-05-01T09:20:33Z</time>
					</trkpt>
					<trkpt lat="45.921210" lon="6.833040">
						<ele>1945</ele>
						<time>2026-05-01T09:20:50Z</time>
					</trkpt>
					<trkpt lat="45.921200" lon="6.832950">
						<ele>1948</ele>
						<time>2026-05-01T09:20:59Z</time>
					</trkpt>
					<trkpt lat="45.921210" lon="6.832930">
						<ele>1949</ele>
						<time>2026-05-01T09:21:01Z</time>
					</trkpt>
					<trkpt lat="45.921240" lon="6.832990">
						<ele>1949</ele>
						<time>2026-05-01T09:21:08Z</time>
					</trkpt>
					<trkpt lat="45.921290" lon="6.833030">
						<ele>1950</ele>
						<time>2026-05-01T09:21:15Z</time>
					</trkpt>
					<trkpt lat="45.921330" lon="6.833020">
						<ele>1953</ele>
						<time>2026-05-01T09:21:21Z</time>
					</trkpt>
					<trkpt lat="45.921320" lon="6.832980">
						<ele>1954</ele>
						<time>2026-05-01T09:21:25Z</time>
					</trkpt>
					<trkpt lat="45.921280" lon="6.832930">
						<ele>1953</ele>
						<time>2026-05-01T09:21:32Z</time>
					</trkpt>
					<trkpt lat="45.921260" lon="6.832890">
						<ele>1954</ele>
						<time>2026-05-01T09:21:36Z</time>
					</trkpt>
					<trkpt lat="45.921280" lon="6.832860">
						<ele>1956</ele>
						<time>2026-05-01T09:21:40Z</time>
					</trkpt>
					<trkpt lat="45.921390" lon="6.832950">
						<ele>1959</ele>
						<time>2026-05-01T09:21:57Z</time>
					</trkpt>
					<trkpt lat="45.921400" lon="6.833000">
						<ele>1958</ele>
						<time>2026-05-01T09:22:02Z</time>
					</trkpt>
					<trkpt lat="45.921500" lon="6.833060">
						<ele>1962</ele>
						<time>2026-05-01T09:22:16Z</time>
					</trkpt>
					<trkpt lat="45.921540" lon="6.833240">
						<ele>1958</ele>
						<time>2026-05-01T09:22:34Z</time>
					</trkpt>
					<trkpt lat="45.921570" lon="6.833280">
						<ele>1958</ele>
						<time>2026-05-01T09:22:39Z</time>
					</trkpt>
					<trkpt lat="45.921610" lon="6.833260">
						<ele>1961</ele>
						<time>2026-05-01T09:22:45Z</time>
					</trkpt>
					<trkpt lat="45.921580" lon="6.833040">
						<ele>1967</ele>
						<time>2026-05-01T09:23:06Z</time>
					</trkpt>
					<trkpt lat="45.921540" lon="6.832960">
						<ele>1968</ele>
						<time>2026-05-01T09:23:15Z</time>
					</trkpt>
					<trkpt lat="45.921460" lon="6.832870">
						<ele>1966</ele>
						<time>2026-05-01T09:23:29Z</time>
					</trkpt>
					<trkpt lat="45.921460" lon="6.832830">
						<ele>1968</ele>
						<time>2026-05-01T09:23:32Z</time>
					</trkpt>
					<trkpt lat="45.921640" lon="6.832930">
						<ele>1975</ele>
						<time>2026-05-01T09:23:58Z</time>
					</trkpt>
					<trkpt lat="45.921670" lon="6.833030">
						<ele>1973</ele>
						<time>2026-05-01T09:24:08Z</time>
					</trkpt>
					<trkpt lat="45.921730" lon="6.833060">
						<ele>1976</ele>
						<time>2026-05-01T09:24:17Z</time>
					</trkpt>
					<trkpt lat="45.922060" lon="6.833120">
						<ele>1996</ele>
						<time>2026-05-01T09:25:01Z</time>
					</trkpt>
					<trkpt lat="45.922080" lon="6.833080">
						<ele>1999</ele>
						<time>2026-05-01T09:25:06Z</time>
					</trkpt>
					<trkpt lat="45.921950" lon="6.832980">
						<ele>1994</ele>
						<time>2026-05-01T09:25:25Z</time>
					</trkpt>
					<trkpt lat="45.921910" lon="6.832880">
						<ele>1995</ele>
						<time>2026-05-01T09:25:36Z</time>
					</trkpt>
					<trkpt lat="45.921840" lon="6.832820">
						<ele>1992</ele>
						<time>2026-05-01T09:25:47Z</time>
					</trkpt>
					<trkpt lat="45.921790" lon="6.832670">
						<ele>1994</ele>
						<time>2026-05-01T09:26:02Z</time>
					</trkpt>
					<trkpt lat="45.921690" lon="6.832530">
						<ele>1993</ele>
						<time>2026-05-01T09:26:21Z</time>
					</trkpt>
					<trkpt lat="45.921680" lon="6.832480">
						<ele>1994</ele>
						<time>2026-05-01T09:26:26Z</time>
					</trkpt>
					<trkpt lat="45.921800" lon="6.832500">
						<ele>2001</ele>
						<time>2026-05-01T09:26:42Z</time>
					</trkpt>
					<trkpt lat="45.921920" lon="6.832590">
						<ele>2006</ele>
						<time>2026-05-01T09:27:00Z</time>
					</trkpt>
					<trkpt lat="45.921970" lon="6.832600">
						<ele>2009</ele>
						<time>2026-05-01T09:27:07Z</time>
					</trkpt>
					<trkpt lat="45.922100" lon="6.832660">
						<ele>2016</ele>
						<time>2026-05-01T09:27:25Z</time>
					</trkpt>
					<trkpt lat="45.922140" lon="6.832650">
						<ele>2019</ele>
						<time>2026-05-01T09:27:30Z</time>
					</trkpt>
					<trkpt lat="45.922140" lon="6.832610">
						<ele>2021</ele>
						<time>2026-05-01T09:27:34Z</time>
					</trkpt>
					<trkpt lat="45.922060" lon="6.832570">
						<ele>2017</ele>
						<time>2026-05-01T09:27:45Z</time>
					</trkpt>
					<trkpt lat="45.922000" lon="6.832450">
						<ele>2017</ele>
						<time>2026-05-01T09:27:59Z</time>
					</trkpt>
					<trkpt lat="45.921930" lon="6.832390">
						<ele>2015</ele>
						<time>2026-05-01T09:28:10Z</time>
					</trkpt>
					<trkpt lat="45.921900" lon="6.832320">
						<ele>2017</ele>
						<time>2026-05-01T09:28:17Z</time>
					</trkpt>
					<trkpt lat="45.921760" lon="6.832220">
						<ele>2012</ele>
						<time>2026-05-01T09:28:38Z</time>
					</trkpt>
					<trkpt lat="45.921750" lon="6.832140">
						<ele>2015</ele>
						<time>2026-05-01T09:28:46Z</time>
					</trkpt>
					<trkpt lat="45.921770" lon="6.832140">
						<ele>2017</ele>
						<time>2026-05-01T09:28:49Z</time>
					</trkpt>
					<trkpt lat="45.921920" lon="6.832230">
						<ele>2022</ele>
						<time>2026-05-01T09:29:10Z</time>
					</trkpt>
					<trkpt lat="45.922260" lon="6.832290">
						<ele>2042</ele>
						<time>2026-05-01T09:29:56Z</time>
					</trkpt>
					<trkpt lat="45.922330" lon="6.832360">
						<ele>2043</ele>
						<time>2026-05-01T09:30:07Z</time>
					</trkpt>
					<trkpt lat="45.922420" lon="6.832370">
						<ele>2049</ele>
						<time>2026-05-01T09:30:19Z</time>
					</trkpt>
					<trkpt lat="45.922440" lon="6.832350">
						<ele>2051</ele>
						<time>2026-05-01T09:30:23Z</time>
					</trkpt>
					<trkpt lat="45.922440" lon="6.832330">
						<ele>2052</ele>
						<time>2026-05-01T09:30:24Z</time>
					</trkpt>
					<trkpt lat="45.922400" lon="6.832310">
						<ele>2050</ele>
						<time>2026-05-01T09:30:30Z</time>
					</trkpt>
					<trkpt lat="45.922270" lon="6.832060">
						<ele>2051</ele>
						<time>2026-05-01T09:30:59Z</time>
					</trkpt>
					<trkpt lat="45.922180" lon="6.832030">
						<ele>2047</ele>
						<time>2026-05-01T09:31:11Z</time>
					</trkpt>
					<trkpt lat="45.922180" lon="6.832010">
						<ele>2048</ele>
						<time>2026-05-01T09:31:13Z</time>
					</trkpt>
					<trkpt lat="45.922370" lon="6.831970">
						<ele>2061</ele>
						<time>2026-05-01T09:31:39Z</time>
					</trkpt>
					<trkpt lat="45.922400" lon="6.831950">
						<ele>2063</ele>
						<time>2026-05-01T09:31:43Z</time>
					</trkpt>
					<trkpt lat="45.922400" lon="6.831910">
						<ele>2065</ele>
						<time>2026-05-01T09:31:47Z</time>
					</trkpt>
					<trkpt lat="45.922090" lon="6.831740">
						<ele>2054</ele>
						<time>2026-05-01T09:32:31Z</time>
					</trkpt>
					<trkpt lat="45.922090" lon="6.831710">
						<ele>2055</ele>
						<time>2026-05-01T09:32:34Z</time>
					</trkpt>
					<trkpt lat="45.922150" lon="6.831710">
						<ele>2058</ele>
						<time>2026-05-01T09:32:42Z</time>
					</trkpt>
					<trkpt lat="45.922160" lon="6.831680">
						<ele>2060</ele>
						<time>2026-05-01T09:32:45Z</time>
					</trkpt>
					<trkpt lat="45.922070" lon="6.831640">
						<ele>2057</ele>
						<time>2026-05-01T09:32:58Z</time>
					</trkpt>
					<trkpt lat="45.921930" lon="6.831620">
						<ele>2050</ele>
						<time>2026-05-01T09:33:17Z</time>
					</trkpt>
					<trkpt lat="45.921930" lon="6.831570">
						<ele>2052</ele>
						<time>2026-05-01T09:33:21Z</time>
					</trkpt>
					<trkpt lat="45.922050" lon="6.831530">
						<ele>2060</ele>
						<time>2026-05-01T09:33:38Z</time>
					</trkpt>
					<trkpt lat="45.922120" lon="6.831520">
						<ele>2064</ele>
						<time>2026-05-01T09:33:47Z</time>
					</trkpt>
					<trkpt lat="45.922180" lon="6.831540">
						<ele>2066</ele>
						<time>2026-05-01T09:33:55Z</time>
					</trkpt>
					<trkpt lat="45.922190" lon="6.831530">
						<ele>2067</ele>
						<time>2026-05-01T09:33:57Z</time>
					</trkpt>
					<trkpt lat="45.922190" lon="6.831510">
						<ele>2068</ele>
						<time>2026-05-01T09:33:59Z</time>
					</trkpt>
					<trkpt lat="45.922030" lon="6.831390">
						<ele>2064</ele>
						<time>2026-05-01T09:34:23Z</time>
					</trkpt>
					<trkpt lat="45.921880" lon="6.831370">
						<ele>2057</ele>
						<time>2026-05-01T09:34:43Z</time>
					</trkpt>
					<trkpt lat="45.921800" lon="6.831330">
						<ele>2054</ele>
						<time>2026-05-01T09:34:54Z</time>
					</trkpt>
					<trkpt lat="45.921730" lon="6.831270">
						<ele>2053</ele>
						<time>2026-05-01T09:35:05Z</time>
					</trkpt>
					<trkpt lat="45.921630" lon="6.831150">
						<ele>2052</ele>
						<time>2026-05-01T09:35:22Z</time>
					</trkpt>
					<trkpt lat="45.921630" lon="6.831120">
						<ele>2053</ele>
						<time>2026-05-01T09:35:25Z</time>
					</trkpt>
					<trkpt lat="45.921650" lon="6.831120">
						<ele>2055</ele>
						<time>2026-05-01T09:35:28Z</time>
					</trkpt>
					<trkpt lat="45.921730" lon="6.831180">
						<ele>2056</ele>
						<time>2026-05-01T09:35:40Z</time>
					</trkpt>
					<trkpt lat="45.921840" lon="6.831170">
						<ele>2062</ele>
						<time>2026-05-01T09:35:55Z</time>
					</trkpt>
					<trkpt lat="45.921990" lon="6.831120">
						<ele>2071</ele>
						<time>2026-05-01T09:36:15Z</time>
					</trkpt>
					<trkpt lat="45.922000" lon="6.831090">
						<ele>2073</ele>
						<time>2026-05-01T09:36:18Z</time>
					</trkpt>
					<trkpt lat="45.921990" lon="6.831070">
						<ele>2073</ele>
						<time>2026-05-01T09:36:21Z</time>
					</trkpt>
					<trkpt lat="45.921870" lon="6.831050">
						<ele>2068</ele>
						<time>2026-05-01T09:36:37Z</time>
					</trkpt>
					<trkpt lat="45.921800" lon="6.831020">
						<ele>2066</ele>
						<time>2026-05-01T09:36:46Z</time>
					</trkpt>
					<trkpt lat="45.921740" lon="6.830970">
						<ele>2065</ele>
						<time>2026-05-01T09:36:56Z</time>
					</trkpt>
					<trkpt lat="45.921730" lon="6.830930">
						<ele>2066</ele>
						<time>2026-05-01T09:37:00Z</time>
					</trkpt>
					<trkpt lat="45.922090" lon="6.830800">
						<ele>2088</ele>
						<time>2026-05-01T09:37:49Z</time>
					</trkpt>
					<trkpt lat="45.922230" lon="6.830820">
						<ele>2093</ele>
						<time>2026-05-01T09:38:08Z</time>
					</trkpt>
					<trkpt lat="45.922380" lon="6.830890">
						<ele>2098</ele>
						<time>2026-05-01T09:38:29Z</time>
					</trkpt>
					<trkpt lat="45.922240" lon="6.830670">
						<ele>2102</ele>
						<time>2026-05-01T09:38:57Z</time>
					</trkpt>
					<trkpt lat="45.922090" lon="6.830500">
						<ele>2104</ele>
						<time>2026-05-01T09:39:22Z</time>
					</trkpt>
					<trkpt lat="45.921940" lon="6.830420">
						<ele>2101</ele>
						<time>2026-05-01T09:39:44Z</time>
					</trkpt>
					<trkpt lat="45.921860" lon="6.830420">
						<ele>2097</ele>
						<time>2026-05-01T09:39:54Z</time>
					</trkpt>
					<trkpt lat="45.921830" lon="6.830370">
						<ele>2098</ele>
						<time>2026-05-01T09:40:00Z</time>
					</trkpt>
					<trkpt lat="45.921840" lon="6.830340">
						<ele>2100</ele>
						<time>2026-05-01T09:40:03Z</time>
					</trkpt>
					<trkpt lat="45.921900" lon="6.830340">
						<ele>2103</ele>
						<time>2026-05-01T09:40:11Z</time>
					</trkpt>
					<trkpt lat="45.921950" lon="6.830290">
						<ele>2108</ele>
						<time>2026-05-01T09:40:20Z</time>
					</trkpt>
					<trkpt lat="45.921940" lon="6.830270">
						<ele>2108</ele>
						<time>2026-05-01T09:40:22Z</time>
					</trkpt>
					<trkpt lat="45.921850" lon="6.830260">
						<ele>2104</ele>
						<time>2026-05-01T09:40:34Z</time>
					</trkpt>
					<trkpt lat="45.921820" lon="6.830250">
						<ele>2103</ele>
						<time>2026-05-01T09:40:38Z</time>
					</trkpt>
					<trkpt lat="45.921820" lon="6.830220">
						<ele>2105</ele>
						<time>2026-05-01T09:40:41Z</time>
					</trkpt>
					<trkpt lat="45.921900" lon="6.830210">
						<ele>2109</ele>
						<time>2026-05-01T09:40:51Z</time>
					</trkpt>
					<trkpt lat="45.921930" lon="6.830180">
						<ele>2112</ele>
						<time>2026-05-01T09:40:56Z</time>
					</trkpt>
					<trkpt lat="45.921840" lon="6.830130">
						<ele>2110</ele>
						<time>2026-05-01T09:41:09Z</time>
					</trkpt>
					<trkpt lat="45.921790" lon="6.830000">
						<ele>2114</ele>
						<time>2026-05-01T09:41:23Z</time>
					</trkpt>
					<trkpt lat="45.921750" lon="6.829970">
						<ele>2113</ele>
						<time>2026-05-01T09:41:29Z</time>
					</trkpt>
					<trkpt lat="45.921660" lon="6.829660">
						<ele>2114</ele>
						<time>2026-05-01T09:42:00Z</time>
					</trkpt>
					<trkpt lat="45.921650" lon="6.829610">
						<ele>2114</ele>
						<time>2026-05-01T09:42:05Z</time>
					</trkpt>
					<trkpt lat="45.921680" lon="6.829610">
						<ele>2116</ele>
						<time>2026-05-01T09:42:09Z</time>
					</trkpt>
					<trkpt lat="45.921730" lon="6.829680">
						<ele>2117</ele>
						<time>2026-05-01T09:42:18Z</time>
					</trkpt>
					<trkpt lat="45.921760" lon="6.829690">
						<ele>2118</ele>
						<time>2026-05-01T09:42:23Z</time>
					</trkpt>
					<trkpt lat="45.921770" lon="6.829670">
						<ele>2119</ele>
						<time>2026-05-01T09:42:25Z</time>
					</trkpt>
					<trkpt lat="45.921730" lon="6.829630">
						<ele>2118</ele>
						<time>2026-05-01T09:42:31Z</time>
					</trkpt>
					<trkpt lat="45.921730" lon="6.829590">
						<ele>2118</ele>
						<time>2026-05-01T09:42:35Z</time>
					</trkpt>
					<trkpt lat="45.921750" lon="6.829600">
						<ele>2119</ele>
						<time>2026-05-01T09:42:38Z</time>
					</trkpt>
					<trkpt lat="45.921860" lon="6.829740">
						<ele>2122</ele>
						<time>2026-05-01T09:42:57Z</time>
					</trkpt>
					<trkpt lat="45.921870" lon="6.829720">
						<ele>2123</ele>
						<time>2026-05-01T09:43:00Z</time>
					</trkpt>
					<trkpt lat="45.921850" lon="6.829650">
						<ele>2123</ele>
						<time>2026-05-01T09:43:07Z</time>
					</trkpt>
					<trkpt lat="45.921840" lon="6.829440">
						<ele>2126</ele>
						<time>2026-05-01T09:43:26Z</time>
					</trkpt>
					<trkpt lat="45.921850" lon="6.829350">
						<ele>2128</ele>
						<time>2026-05-01T09:43:35Z</time>
					</trkpt>
					<trkpt lat="45.921930" lon="6.829200">
						<ele>2134</ele>
						<time>2026-05-01T09:43:52Z</time>
					</trkpt>
					<trkpt lat="45.921920" lon="6.829110">
						<ele>2134</ele>
						<time>2026-05-01T09:44:01Z</time>
					</trkpt>
					<trkpt lat="45.921960" lon="6.829020">
						<ele>2134</ele>
						<time>2026-05-01T09:44:11Z</time>
					</trkpt>
					<trkpt lat="45.921980" lon="6.829000">
						<ele>2134</ele>
						<time>2026-05-01T09:44:14Z</time>
					</trkpt>
					<trkpt lat="45.922030" lon="6.829220">
						<ele>2139</ele>
						<time>2026-05-01T09:44:35Z</time>
					</trkpt>
					<trkpt lat="45.922030" lon="6.829310">
						<ele>2137</ele>
						<time>2026-05-01T09:44:44Z</time>
					</trkpt>
					<trkpt lat="45.922070" lon="6.829420">
						<ele>2138</ele>
						<time>2026-05-01T09:44:55Z</time>
					</trkpt>
					<trkpt lat="45.922090" lon="6.829310">
						<ele>2140</ele>
						<time>2026-05-01T09:45:06Z</time>
					</trkpt>
					<trkpt lat="45.922070" lon="6.829420">
						<ele>2138</ele>
						<time>2026-05-01T09:45:16Z</time>
					</trkpt>
					<trkpt lat="45.922070" lon="6.829560">
						<ele>2135</ele>
						<time>2026-05-01T09:45:29Z</time>
					</trkpt>
					<trkpt lat="45.922150" lon="6.829450">
						<ele>2141</ele>
						<time>2026-05-01T09:45:44Z</time>
					</trkpt>
					<trkpt lat="45.922190" lon="6.829410">
						<ele>2143</ele>
						<time>2026-05-01T09:45:51Z</time>
					</trkpt>
					<trkpt lat="45.922450" lon="6.829400">
						<ele>2156</ele>
						<time>2026-05-01T09:46:25Z</time>
					</trkpt>
					<trkpt lat="45.922630" lon="6.829330">
						<ele>2165</ele>
						<time>2026-05-01T09:46:50Z</time>
					</trkpt>
					<trkpt lat="45.922760" lon="6.829300">
						<ele>2171</ele>
						<time>2026-05-01T09:47:08Z</time>
					</trkpt>
					<trkpt lat="45.922850" lon="6.829320">
						<ele>2175</ele>
						<time>2026-05-01T09:47:20Z</time>
					</trkpt>
					<trkpt lat="45.922900" lon="6.829290">
						<ele>2177</ele>
						<time>2026-05-01T09:47:27Z</time>
					</trkpt>
					<trkpt lat="45.923020" lon="6.829160">
						<ele>2184</ele>
						<time>2026-05-01T09:47:47Z</time>
					</trkpt>
					<trkpt lat="45.923040" lon="6.829010">
						<ele>2184</ele>
						<time>2026-05-01T09:48:01Z</time>
					</trkpt>
					<trkpt lat="45.923110" lon="6.828860">
						<ele>2186</ele>
						<time>2026-05-01T09:48:18Z</time>
					</trkpt>
					<trkpt lat="45.923180" lon="6.828790">
						<ele>2189</ele>
						<time>2026-05-01T09:48:30Z</time>
					</trkpt>
					<trkpt lat="45.923200" lon="6.828850">
						<ele>2190</ele>
						<time>2026-05-01T09:48:36Z</time>
					</trkpt>
					<trkpt lat="45.923190" lon="6.829080">
						<ele>2191</ele>
						<time>2026-05-01T09:48:57Z</time>
					</trkpt>
					<trkpt lat="45.923250" lon="6.829310">
						<ele>2192</ele>
						<time>2026-05-01T09:49:20Z</time>
					</trkpt>
					<trkpt lat="45.923210" lon="6.829470">
						<ele>2189</ele>
						<time>2026-05-01T09:49:36Z</time>
					</trkpt>
					<trkpt lat="45.923200" lon="6.829560">
						<ele>2187</ele>
						<time>2026-05-01T09:49:44Z</time>
					</trkpt>
					<trkpt lat="45.923220" lon="6.829590">
						<ele>2187</ele>
						<time>2026-05-01T09:49:48Z</time>
					</trkpt>
					<trkpt lat="45.923320" lon="6.829500">
						<ele>2193</ele>
						<time>2026-05-01T09:50:04Z</time>
					</trkpt>
					<trkpt lat="45.923350" lon="6.829420">
						<ele>2195</ele>
						<time>2026-05-01T09:50:12Z</time>
					</trkpt>
					<trkpt lat="45.923370" lon="6.829450">
						<ele>2196</ele>
						<time>2026-05-01T09:50:16Z</time>
					</trkpt>
					<trkpt lat="45.923400" lon="6.829580">
						<ele>2196</ele>
						<time>2026-05-01T09:50:29Z</time>
					</trkpt>
					<trkpt lat="45.923560" lon="6.829690">
						<ele>2202</ele>
						<time>2026-05-01T09:50:52Z</time>
					</trkpt>
					<trkpt lat="45.923580" lon="6.829660">
						<ele>2203</ele>
						<time>2026-05-01T09:50:56Z</time>
					</trkpt>
					<trkpt lat="45.923520" lon="6.829570">
						<ele>2201</ele>
						<time>2026-05-01T09:51:08Z</time>
					</trkpt>
					<trkpt lat="45.923500" lon="6.829470">
						<ele>2201</ele>
						<time>2026-05-01T09:51:18Z</time>
					</trkpt>
					<trkpt lat="45.923520" lon="6.829430">
						<ele>2203</ele>
						<time>2026-05-01T09:51:22Z</time>
					</trkpt>
					<trkpt lat="45.923550" lon="6.829500">
						<ele>2203</ele>
						<time>2026-05-01T09:51:30Z</time>
					</trkpt>
					<trkpt lat="45.923570" lon="6.829490">
						<ele>2204</ele>
						<time>2026-05-01T09:51:33Z</time>
					</trkpt>
					<trkpt lat="45.923600" lon="6.829410">
						<ele>2206</ele>
						<time>2026-05-01T09:51:41Z</time>
					</trkpt>
					<trkpt lat="45.923650" lon="6.829330">
						<ele>2209</ele>
						<time>2026-05-01T09:51:51Z</time>
					</trkpt>
					<trkpt lat="45.923600" lon="6.829160">
						<ele>2209</ele>
						<time>2026-05-01T09:52:08Z</time>
					</trkpt>
					<trkpt lat="45.923630" lon="6.829150">
						<ele>2210</ele>
						<time>2026-05-01T09:52:12Z</time>
					</trkpt>
					<trkpt lat="45.923700" lon="6.829180">
						<ele>2212</ele>
						<time>2026-05-01T09:52:22Z</time>
					</trkpt>
					<trkpt lat="45.923740" lon="6.829130">
						<ele>2214</ele>
						<time>2026-05-01T09:52:29Z</time>
					</trkpt>
					<trkpt lat="45.923850" lon="6.829170">
						<ele>2218</ele>
						<time>2026-05-01T09:52:44Z</time>
					</trkpt>
					<trkpt lat="45.923800" lon="6.829340">
						<ele>2216</ele>
						<time>2026-05-01T09:53:01Z</time>
					</trkpt>
					<trkpt lat="45.923820" lon="6.829490">
						<ele>2216</ele>
						<time>2026-05-01T09:53:16Z</time>
					</trkpt>
					<trkpt lat="45.923850" lon="6.829500">
						<ele>2217</ele>
						<time>2026-05-01T09:53:20Z</time>
					</trkpt>
					<trkpt lat="45.923870" lon="6.829420">
						<ele>2218</ele>
						<time>2026-05-01T09:53:28Z</time>
					</trkpt>
					<trkpt lat="45.923910" lon="6.829360">
						<ele>2220</ele>
						<time>2026-05-01T09:53:35Z</time>
					</trkpt>
					<trkpt lat="45.924020" lon="6.829320">
						<ele>2225</ele>
						<time>2026-05-01T09:53:50Z</time>
					</trkpt>
					<trkpt lat="45.924060" lon="6.829260">
						<ele>2227</ele>
						<time>2026-05-01T09:53:58Z</time>
					</trkpt>
					<trkpt lat="45.924090" lon="6.829240">
						<ele>2228</ele>
						<time>2026-05-01T09:54:03Z</time>
					</trkpt>
					<trkpt lat="45.924130" lon="6.829240">
						<ele>2230</ele>
						<time>2026-05-01T09:54:08Z</time>
					</trkpt>
					<trkpt lat="45.924170" lon="6.829220">
						<ele>2231</ele>
						<time>2026-05-01T09:54:14Z</time>
					</trkpt>
					<trkpt lat="45.924470" lon="6.829220">
						<ele>2238</ele>
						<time>2026-05-01T09:54:54Z</time>
					</trkpt>
					<trkpt lat="45.924760" lon="6.829300">
						<ele>2245</ele>
						<time>2026-05-01T09:55:33Z</time>
					</trkpt>
					<trkpt lat="45.924790" lon="6.829300">
						<ele>2245</ele>
						<time>2026-05-01T09:55:37Z</time>
					</trkpt>
					<trkpt lat="45.924810" lon="6.829180">
						<ele>2245</ele>
						<time>2026-05-01T09:55:48Z</time>
					</trkpt>
					<trkpt lat="45.924830" lon="6.829170">
						<ele>2245</ele>
						<time>2026-05-01T09:55:51Z</time>
					</trkpt>
					<trkpt lat="45.924860" lon="6.829300">
						<ele>2247</ele>
						<time>2026-05-01T09:56:04Z</time>
					</trkpt>
					<trkpt lat="45.924930" lon="6.829460">
						<ele>2250</ele>
						<time>2026-05-01T09:56:21Z</time>
					</trkpt>
					<trkpt lat="45.925050" lon="6.829640">
						<ele>2253</ele>
						<time>2026-05-01T09:56:45Z</time>
					</trkpt>
					<trkpt lat="45.925180" lon="6.829680">
						<ele>2252</ele>
						<time>2026-05-01T09:57:02Z</time>
					</trkpt>
					<trkpt lat="45.925270" lon="6.829750">
						<ele>2251</ele>
						<time>2026-05-01T09:57:16Z</time>
					</trkpt>
					<trkpt lat="45.925140" lon="6.829760">
						<ele>2253</ele>
						<time>2026-05-01T09:57:33Z</time>
					</trkpt>
					<trkpt lat="45.925090" lon="6.829780">
						<ele>2253</ele>
						<time>2026-05-01T09:57:40Z</time>
					</trkpt>
					<trkpt lat="45.925080" lon="6.829810">
						<ele>2253</ele>
						<time>2026-05-01T09:57:43Z</time>
					</trkpt>
					<trkpt lat="45.925140" lon="6.829860">
						<ele>2253</ele>
						<time>2026-05-01T09:57:53Z</time>
					</trkpt>
					<trkpt lat="45.925150" lon="6.829900">
						<ele>2253</ele>
						<time>2026-05-01T09:57:57Z</time>
					</trkpt>
					<trkpt lat="45.925110" lon="6.830190">
						<ele>2253</ele>
						<time>2026-05-01T09:58:24Z</time>
					</trkpt>
					<trkpt lat="45.925060" lon="6.830310">
						<ele>2254</ele>
						<time>2026-05-01T09:58:37Z</time>
					</trkpt>
					<trkpt lat="45.925050" lon="6.830400">
						<ele>2253</ele>
						<time>2026-05-01T09:58:46Z</time>
					</trkpt>
					<trkpt lat="45.924980" lon="6.830610">
						<ele>2252</ele>
						<time>2026-05-01T09:59:07Z</time>
					</trkpt>
					<trkpt lat="45.925020" lon="6.830780">
						<ele>2252</ele>
						<time>2026-05-01T09:59:24Z</time>
					</trkpt>
					<trkpt lat="45.925010" lon="6.830920">
						<ele>2252</ele>
						<time>2026-05-01T09:59:37Z</time>
					</trkpt>
					<trkpt lat="45.925020" lon="6.830990">
						<ele>2253</ele>
						<time>2026-05-01T09:59:43Z</time>
					</trkpt>
					<trkpt lat="45.925120" lon="6.831270">
						<ele>2254</ele>
						<time>2026-05-01T10:00:13Z</time>
					</trkpt>
					<trkpt lat="45.925120" lon="6.831340">
						<ele>2255</ele>
						<time>2026-05-01T10:00:19Z</time>
					</trkpt>
					<trkpt lat="45.925160" lon="6.831450">
						<ele>2255</ele>
						<time>2026-05-01T10:00:31Z</time>
					</trkpt>
					<trkpt lat="45.925330" lon="6.831800">
						<ele>2256</ele>
						<time>2026-05-01T10:01:10Z</time>
					</trkpt>
					<trkpt lat="45.925290" lon="6.831870">
						<ele>2256</ele>
						<time>2026-05-01T10:01:19Z</time>
					</trkpt>
					<trkpt lat="45.925300" lon="6.831910">
						<ele>2255</ele>
						<time>2026-05-01T10:01:23Z</time>
					</trkpt>
					<trkpt lat="45.925460" lon="6.832070">
						<ele>2256</ele>
						<time>2026-05-01T10:01:49Z</time>
					</trkpt>
					<trkpt lat="45.925500" lon="6.832140">
						<ele>2257</ele>
						<time>2026-05-01T10:01:57Z</time>
					</trkpt>
					<trkpt lat="45.925580" lon="6.832420">
						<ele>2259</ele>
						<time>2026-05-01T10:02:25Z</time>
					</trkpt>
					<trkpt lat="45.925610" lon="6.832460">
						<ele>2259</ele>
						<time>2026-05-01T10:02:31Z</time>
					</trkpt>
					<trkpt lat="45.925600" lon="6.832580">
						<ele>2257</ele>
						<time>2026-05-01T10:02:42Z</time>
					</trkpt>
					<trkpt lat="45.925660" lon="6.832640">
						<ele>2257</ele>
						<time>2026-05-01T10:02:52Z</time>
					</trkpt>
					<trkpt lat="45.925730" lon="6.832800">
						<ele>2256</ele>
						<time>2026-05-01T10:03:09Z</time>
					</trkpt>
					<trkpt lat="45.925790" lon="6.832840">
						<ele>2258</ele>
						<time>2026-05-01T10:03:18Z</time>
					</trkpt>
					<trkpt lat="45.925820" lon="6.832910">
						<ele>2258</ele>
						<time>2026-05-01T10:03:26Z</time>
					</trkpt>
					<trkpt lat="45.925870" lon="6.832950">
						<ele>2258</ele>
						<time>2026-05-01T10:03:33Z</time>
					</trkpt>
					<trkpt lat="45.925910" lon="6.833040">
						<ele>2258</ele>
						<time>2026-05-01T10:03:43Z</time>
					</trkpt>
					<trkpt lat="45.925990" lon="6.833160">
						<ele>2258</ele>
						<time>2026-05-01T10:03:59Z</time>
					</trkpt>
					<trkpt lat="45.926060" lon="6.833220">
						<ele>2259</ele>
						<time>2026-05-01T10:04:09Z</time>
					</trkpt>
					<trkpt lat="45.926090" lon="6.833290">
						<ele>2260</ele>
						<time>2026-05-01T10:04:17Z</time>
					</trkpt>
					<trkpt lat="45.926210" lon="6.833380">
						<ele>2263</ele>
						<time>2026-05-01T10:04:35Z</time>
					</trkpt>
					<trkpt lat="45.926250" lon="6.833450">
						<ele>2262</ele>
						<time>2026-05-01T10:04:44Z</time>
					</trkpt>
					<trkpt lat="45.926440" lon="6.833670">
						<ele>2266</ele>
						<time>2026-05-01T10:05:16Z</time>
					</trkpt>
					<trkpt lat="45.926530" lon="6.833640">
						<ele>2271</ele>
						<time>2026-05-01T10:05:28Z</time>
					</trkpt>
					<trkpt lat="45.926540" lon="6.833610">
						<ele>2272</ele>
						<time>2026-05-01T10:05:32Z</time>
					</trkpt>
					<trkpt lat="45.926500" lon="6.833430">
						<ele>2273</ele>
						<time>2026-05-01T10:05:49Z</time>
					</trkpt>
					<trkpt lat="45.926500" lon="6.833340">
						<ele>2275</ele>
						<time>2026-05-01T10:05:57Z</time>
					</trkpt>
					<trkpt lat="45.926480" lon="6.833280">
						<ele>2274</ele>
						<time>2026-05-01T10:06:04Z</time>
					</trkpt>
					<trkpt lat="45.926480" lon="6.833140">
						<ele>2272</ele>
						<time>2026-05-01T10:06:17Z</time>
					</trkpt>
					<trkpt lat="45.926510" lon="6.833130">
						<ele>2273</ele>
						<time>2026-05-01T10:06:21Z</time>
					</trkpt>
					<trkpt lat="45.926680" lon="6.833190">
						<ele>2278</ele>
						<time>2026-05-01T10:06:44Z</time>
					</trkpt>
					<trkpt lat="45.926800" lon="6.833200">
						<ele>2278</ele>
						<time>2026-05-01T10:07:00Z</time>
					</trkpt>
					<trkpt lat="45.926860" lon="6.833250">
						<ele>2278</ele>
						<time>2026-05-01T10:07:09Z</time>
					</trkpt>
					<trkpt lat="45.926950" lon="6.833290">
						<ele>2279</ele>
						<time>2026-05-01T10:07:22Z</time>
					</trkpt>
					<trkpt lat="45.927070" lon="6.833380">
						<ele>2279</ele>
						<time>2026-05-01T10:07:40Z</time>
					</trkpt>
					<trkpt lat="45.927220" lon="6.833410">
						<ele>2279</ele>
						<time>2026-05-01T10:08:00Z</time>
					</trkpt>
					<trkpt lat="45.927360" lon="6.833530">
						<ele>2281</ele>
						<time>2026-05-01T10:08:22Z</time>
					</trkpt>
					<trkpt lat="45.927450" lon="6.833580">
						<ele>2283</ele>
						<time>2026-05-01T10:08:35Z</time>
					</trkpt>
					<trkpt lat="45.927570" lon="6.833740">
						<ele>2286</ele>
						<time>2026-05-01T10:08:57Z</time>
					</trkpt>
					<trkpt lat="45.927730" lon="6.833770">
						<ele>2286</ele>
						<time>2026-05-01T10:09:18Z</time>
					</trkpt>
					<trkpt lat="45.927760" lon="6.833820">
						<ele>2287</ele>
						<time>2026-05-01T10:09:24Z</time>
					</trkpt>
					<trkpt lat="45.927820" lon="6.833840">
						<ele>2287</ele>
						<time>2026-05-01T10:09:33Z</time>
					</trkpt>
					<trkpt lat="45.927860" lon="6.833790">
						<ele>2286</ele>
						<time>2026-05-01T10:09:40Z</time>
					</trkpt>
					<trkpt lat="45.927920" lon="6.833830">
						<ele>2287</ele>
						<time>2026-05-01T10:09:48Z</time>
					</trkpt>
					<trkpt lat="45.928020" lon="6.833860">
						<ele>2287</ele>
						<time>2026-05-01T10:10:02Z</time>
					</trkpt>
					<trkpt lat="45.928190" lon="6.833860">
						<ele>2286</ele>
						<time>2026-05-01T10:10:25Z</time>
					</trkpt>
					<trkpt lat="45.928440" lon="6.833970">
						<ele>2289</ele>
						<time>2026-05-01T10:11:00Z</time>
					</trkpt>
					<trkpt lat="45.928610" lon="6.834010">
						<ele>2289</ele>
						<time>2026-05-01T10:11:23Z</time>
					</trkpt>
					<trkpt lat="45.928730" lon="6.834070">
						<ele>2290</ele>
						<time>2026-05-01T10:11:40Z</time>
					</trkpt>
					<trkpt lat="45.928780" lon="6.834190">
						<ele>2293</ele>
						<time>2026-05-01T10:11:53Z</time>
					</trkpt>
					<trkpt lat="45.928850" lon="6.834300">
						<ele>2294</ele>
						<time>2026-05-01T10:12:06Z</time>
					</trkpt>
					<trkpt lat="45.928980" lon="6.834420">
						<ele>2295</ele>
						<time>2026-05-01T10:12:27Z</time>
					</trkpt>
					<trkpt lat="45.929250" lon="6.834560">
						<ele>2297</ele>
						<time>2026-05-01T10:13:05Z</time>
					</trkpt>
					<trkpt lat="45.929310" lon="6.834580">
						<ele>2299</ele>
						<time>2026-05-01T10:13:14Z</time>
					</trkpt>
					<trkpt lat="45.929360" lon="6.834550">
						<ele>2299</ele>
						<time>2026-05-01T10:13:21Z</time>
					</trkpt>
					<trkpt lat="45.929400" lon="6.834590">
						<ele>2300</ele>
						<time>2026-05-01T10:13:27Z</time>
					</trkpt>
					<trkpt lat="45.929380" lon="6.834700">
						<ele>2302</ele>
						<time>2026-05-01T10:13:38Z</time>
					</trkpt>
					<trkpt lat="45.929420" lon="6.834690">
						<ele>2302</ele>
						<time>2026-05-01T10:13:43Z</time>
					</trkpt>
					<trkpt lat="45.929460" lon="6.834790">
						<ele>2304</ele>
						<time>2026-05-01T10:13:54Z</time>
					</trkpt>
					<trkpt lat="45.929510" lon="6.834750">
						<ele>2304</ele>
						<time>2026-05-01T10:14:02Z</time>
					</trkpt>
					<trkpt lat="45.929540" lon="6.834810">
						<ele>2306</ele>
						<time>2026-05-01T10:14:09Z</time>
					</trkpt>
					<trkpt lat="45.929570" lon="6.834740">
						<ele>2305</ele>
						<time>2026-05-01T10:14:16Z</time>
					</trkpt>
					<trkpt lat="45.929700" lon="6.834660">
						<ele>2306</ele>
						<time>2026-05-01T10:14:35Z</time>
					</trkpt>
					<trkpt lat="45.929750" lon="6.834540">
						<ele>2305</ele>
						<time>2026-05-01T10:14:48Z</time>
					</trkpt>
					<trkpt lat="45.929770" lon="6.834540">
						<ele>2306</ele>
						<time>2026-05-01T10:14:51Z</time>
					</trkpt>
					<trkpt lat="45.929790" lon="6.834640">
						<ele>2307</ele>
						<time>2026-05-01T10:15:00Z</time>
					</trkpt>
					<trkpt lat="45.929810" lon="6.834670">
						<ele>2308</ele>
						<time>2026-05-01T10:15:04Z</time>
					</trkpt>
					<trkpt lat="45.929840" lon="6.834600">
						<ele>2308</ele>
						<time>2026-05-01T10:15:12Z</time>
					</trkpt>
					<trkpt lat="45.929850" lon="6.834520">
						<ele>2307</ele>
						<time>2026-05-01T10:15:19Z</time>
					</trkpt>
					<trkpt lat="45.929930" lon="6.834550">
						<ele>2309</ele>
						<time>2026-05-01T10:15:30Z</time>
					</trkpt>
					<trkpt lat="45.929980" lon="6.834590">
						<ele>2310</ele>
						<time>2026-05-01T10:15:38Z</time>
					</trkpt>
					<trkpt lat="45.929980" lon="6.834650">
						<ele>2310</ele>
						<time>2026-05-01T10:15:44Z</time>
					</trkpt>
					<trkpt lat="45.930230" lon="6.834590">
						<ele>2314</ele>
						<time>2026-05-01T10:16:17Z</time>
					</trkpt>
					<trkpt lat="45.930310" lon="6.834610">
						<ele>2316</ele>
						<time>2026-05-01T10:16:28Z</time>
					</trkpt>
					<trkpt lat="45.930370" lon="6.834610">
						<ele>2317</ele>
						<time>2026-05-01T10:16:36Z</time>
					</trkpt>
					<trkpt lat="45.930410" lon="6.834640">
						<ele>2319</ele>
						<time>2026-05-01T10:16:42Z</time>
					</trkpt>
					<trkpt lat="45.930470" lon="6.834900">
						<ele>2323</ele>
						<time>2026-05-01T10:17:08Z</time>
					</trkpt>
					<trkpt lat="45.930510" lon="6.834880">
						<ele>2324</ele>
						<time>2026-05-01T10:17:13Z</time>
					</trkpt>
					<trkpt lat="45.930550" lon="6.834930">
						<ele>2326</ele>
						<time>2026-05-01T10:17:20Z</time>
					</trkpt>
					<trkpt lat="45.930640" lon="6.834900">
						<ele>2327</ele>
						<time>2026-05-01T10:17:33Z</time>
					</trkpt>
					<trkpt lat="45.930700" lon="6.834900">
						<ele>2329</ele>
						<time>2026-05-01T10:17:41Z</time>
					</trkpt>
					<trkpt lat="45.930770" lon="6.834840">
						<ele>2329</ele>
						<time>2026-05-01T10:17:52Z</time>
					</trkpt>
					<trkpt lat="45.930800" lon="6.834860">
						<ele>2331</ele>
						<time>2026-05-01T10:17:56Z</time>
					</trkpt>
					<trkpt lat="45.930820" lon="6.834920">
						<ele>2332</ele>
						<time>2026-05-01T10:18:02Z</time>
					</trkpt>
					<trkpt lat="45.930770" lon="6.835070">
						<ele>2334</ele>
						<time>2026-05-01T10:18:18Z</time>
					</trkpt>
					<trkpt lat="45.930860" lon="6.835090">
						<ele>2336</ele>
						<time>2026-05-01T10:18:30Z</time>
					</trkpt>
					<trkpt lat="45.930950" lon="6.835060">
						<ele>2338</ele>
						<time>2026-05-01T10:18:42Z</time>
					</trkpt>
					<trkpt lat="45.931010" lon="6.835070">
						<ele>2340</ele>
						<time>2026-05-01T10:18:50Z</time>
					</trkpt>
					<trkpt lat="45.931200" lon="6.835000">
						<ele>2343</ele>
						<time>2026-05-01T10:19:16Z</time>
					</trkpt>
					<trkpt lat="45.931260" lon="6.835060">
						<ele>2346</ele>
						<time>2026-05-01T10:19:26Z</time>
					</trkpt>
					<trkpt lat="45.931330" lon="6.835090">
						<ele>2349</ele>
						<time>2026-05-01T10:19:36Z</time>
					</trkpt>
					<trkpt lat="45.931430" lon="6.835080">
						<ele>2351</ele>
						<time>2026-05-01T10:19:49Z</time>
					</trkpt>
					<trkpt lat="45.931590" lon="6.834980">
						<ele>2353</ele>
						<time>2026-05-01T10:20:13Z</time>
					</trkpt>
					<trkpt lat="45.931740" lon="6.834800">
						<ele>2354</ele>
						<time>2026-05-01T10:20:39Z</time>
					</trkpt>
					<trkpt lat="45.931880" lon="6.834740">
						<ele>2358</ele>
						<time>2026-05-01T10:20:58Z</time>
					</trkpt>
					<trkpt lat="45.931960" lon="6.834790">
						<ele>2362</ele>
						<time>2026-05-01T10:21:10Z</time>
					</trkpt>
					<trkpt lat="45.931990" lon="6.834850">
						<ele>2364</ele>
						<time>2026-05-01T10:21:17Z</time>
					</trkpt>
					<trkpt lat="45.931890" lon="6.834970">
						<ele>2363</ele>
						<time>2026-05-01T10:21:34Z</time>
					</trkpt>
					<trkpt lat="45.931890" lon="6.835060">
						<ele>2365</ele>
						<time>2026-05-01T10:21:42Z</time>
					</trkpt>
					<trkpt lat="45.932070" lon="6.835020">
						<ele>2371</ele>
						<time>2026-05-01T10:22:07Z</time>
					</trkpt>
					<trkpt lat="45.932140" lon="6.835040">
						<ele>2374</ele>
						<time>2026-05-01T10:22:16Z</time>
					</trkpt>
					<trkpt lat="45.932210" lon="6.835030">
						<ele>2377</ele>
						<time>2026-05-01T10:22:26Z</time>
					</trkpt>
					<trkpt lat="45.932040" lon="6.835320">
						<ele>2379</ele>
						<time>2026-05-01T10:23:01Z</time>
					</trkpt>
					<trkpt lat="45.932110" lon="6.835330">
						<ele>2382</ele>
						<time>2026-05-01T10:23:10Z</time>
					</trkpt>
					<trkpt lat="45.932070" lon="6.835420">
						<ele>2383</ele>
						<time>2026-05-01T10:23:20Z</time>
					</trkpt>
					<trkpt lat="45.931960" lon="6.835560">
						<ele>2383</ele>
						<time>2026-05-01T10:23:40Z</time>
					</trkpt>
					<trkpt lat="45.931910" lon="6.835580">
						<ele>2382</ele>
						<time>2026-05-01T10:23:47Z</time>
					</trkpt>
					<trkpt lat="45.931880" lon="6.835620">
						<ele>2382</ele>
						<time>2026-05-01T10:23:52Z</time>
					</trkpt>
					<trkpt lat="45.931830" lon="6.835630">
						<ele>2381</ele>
						<time>2026-05-01T10:23:59Z</time>
					</trkpt>
					<trkpt lat="45.931770" lon="6.835700">
						<ele>2381</ele>
						<time>2026-05-01T10:24:09Z</time>
					</trkpt>
					<trkpt lat="45.931670" lon="6.835920">
						<ele>2383</ele>
						<time>2026-05-01T10:24:33Z</time>
					</trkpt>
					<trkpt lat="45.931470" lon="6.836170">
						<ele>2380</ele>
						<time>2026-05-01T10:25:09Z</time>
					</trkpt>
					<trkpt lat="45.931450" lon="6.836290">
						<ele>2382</ele>
						<time>2026-05-01T10:25:20Z</time>
					</trkpt>
					<trkpt lat="45.931450" lon="6.836480">
						<ele>2386</ele>
						<time>2026-05-01T10:25:38Z</time>
					</trkpt>
					<trkpt lat="45.931630" lon="6.836260">
						<ele>2389</ele>
						<time>2026-05-01T10:26:09Z</time>
					</trkpt>
					<trkpt lat="45.931890" lon="6.836170">
						<ele>2397</ele>
						<time>2026-05-01T10:26:45Z</time>
					</trkpt>
					<trkpt lat="45.931830" lon="6.836360">
						<ele>2400</ele>
						<time>2026-05-01T10:27:05Z</time>
					</trkpt>
					<trkpt lat="45.931770" lon="6.836590">
						<ele>2403</ele>
						<time>2026-05-01T10:27:27Z</time>
					</trkpt>
					<trkpt lat="45.931780" lon="6.836620">
						<ele>2404</ele>
						<time>2026-05-01T10:27:30Z</time>
					</trkpt>
					<trkpt lat="45.931860" lon="6.836530">
						<ele>2405</ele>
						<time>2026-05-01T10:27:44Z</time>
					</trkpt>
					<trkpt lat="45.931910" lon="6.836530">
						<ele>2407</ele>
						<time>2026-05-01T10:27:51Z</time>
					</trkpt>
					<trkpt lat="45.931860" lon="6.836730">
						<ele>2406</ele>
						<time>2026-05-01T10:28:10Z</time>
					</trkpt>
					<trkpt lat="45.931970" lon="6.836700">
						<ele>2412</ele>
						<time>2026-05-01T10:28:25Z</time>
					</trkpt>
					<trkpt lat="45.931920" lon="6.836820">
						<ele>2405</ele>
						<time>2026-05-01T10:28:38Z</time>
					</trkpt>
					<trkpt lat="45.932090" lon="6.836860">
						<ele>2411</ele>
						<time>2026-05-01T10:29:01Z</time>
					</trkpt>
					<trkpt lat="45.932210" lon="6.836780">
						<ele>2419</ele>
						<time>2026-05-01T10:29:19Z</time>
					</trkpt>
					<trkpt lat="45.932330" lon="6.836650">
						<ele>2427</ele>
						<time>2026-05-01T10:29:39Z</time>
					</trkpt>
					<trkpt lat="45.932410" lon="6.836610">
						<ele>2430</ele>
						<time>2026-05-01T10:29:50Z</time>
					</trkpt>
					<trkpt lat="45.932490" lon="6.836530">
						<ele>2431</ele>
						<time>2026-05-01T10:30:03Z</time>
					</trkpt>
					<trkpt lat="45.932630" lon="6.836510">
						<ele>2436</ele>
						<time>2026-05-01T10:30:22Z</time>
					</trkpt>
					<trkpt lat="45.932730" lon="6.836440">
						<ele>2439</ele>
						<time>2026-05-01T10:30:37Z</time>
					</trkpt>
					<trkpt lat="45.932840" lon="6.836410">
						<ele>2442</ele>
						<time>2026-05-01T10:30:52Z</time>
					</trkpt>
					<trkpt lat="45.932730" lon="6.836650">
						<ele>2445</ele>
						<time>2026-05-01T10:31:19Z</time>
					</trkpt>
					<trkpt lat="45.932980" lon="6.836530">
						<ele>2452</ele>
						<time>2026-05-01T10:31:54Z</time>
					</trkpt>
					<trkpt lat="45.933160" lon="6.836420">
						<ele>2456</ele>
						<time>2026-05-01T10:32:20Z</time>
					</trkpt>
					<trkpt lat="45.933280" lon="6.836380">
						<ele>2460</ele>
						<time>2026-05-01T10:32:36Z</time>
					</trkpt>
					<trkpt lat="45.933130" lon="6.836670">
						<ele>2464</ele>
						<time>2026-05-01T10:33:10Z</time>
					</trkpt>
					<trkpt lat="45.933150" lon="6.836690">
						<ele>2465</ele>
						<time>2026-05-01T10:33:13Z</time>
					</trkpt>
					<trkpt lat="45.933190" lon="6.836630">
						<ele>2465</ele>
						<time>2026-05-01T10:33:21Z</time>
					</trkpt>
					<trkpt lat="45.933290" lon="6.836620">
						<ele>2469</ele>
						<time>2026-05-01T10:33:34Z</time>
					</trkpt>
					<trkpt lat="45.933560" lon="6.836650">
						<ele>2473</ele>
						<time>2026-05-01T10:34:10Z</time>
					</trkpt>
					<trkpt lat="45.933690" lon="6.836690">
						<ele>2474</ele>
						<time>2026-05-01T10:34:28Z</time>
					</trkpt>
					<trkpt lat="45.933870" lon="6.836879">
						<ele>2478</ele>
						<time>2026-05-01T10:34:58Z</time>
					</trkpt>
					<trkpt lat="45.933890" lon="6.836900">
						<ele>2479</ele>
						<time>2026-05-01T10:35:01Z</time>
					</trkpt>
					<trkpt lat="45.934030" lon="6.836890">
						<ele>2479</ele>
						<time>2026-05-01T10:35:20Z</time>
					</trkpt>
					<trkpt lat="45.934120" lon="6.836920">
						<ele>2479</ele>
						<time>2026-05-01T10:35:32Z</time>
					</trkpt>
					<trkpt lat="45.934130" lon="6.836900">
						<ele>2479</ele>
						<time>2026-05-01T10:35:34Z</time>
					</trkpt>
					<trkpt lat="45.934330" lon="6.836880">
						<ele>2473</ele>
						<time>2026-05-01T10:36:01Z</time>
					</trkpt>
					<trkpt lat="45.934400" lon="6.836900">
						<ele>2471</ele>
						<time>2026-05-01T10:36:11Z</time>
					</trkpt>
					<trkpt lat="45.934620" lon="6.837170">
						<ele>2470</ele>
						<time>2026-05-01T10:36:49Z</time>
					</trkpt>
					<trkpt lat="45.934800" lon="6.837340">
						<ele>2467</ele>
						<time>2026-05-01T10:37:18Z</time>
					</trkpt>
					<trkpt lat="45.935210" lon="6.837580">
						<ele>2458</ele>
						<time>2026-05-01T10:38:17Z</time>
					</trkpt>
					<trkpt lat="45.935300" lon="6.837610">
						<ele>2455</ele>
						<time>2026-05-01T10:38:29Z</time>
					</trkpt>
					<trkpt lat="45.935570" lon="6.837460">
						<ele>2450</ele>
						<time>2026-05-01T10:39:08Z</time>
					</trkpt>
					<trkpt lat="45.935710" lon="6.837320">
						<ele>2444</ele>
						<time>2026-05-01T10:39:31Z</time>
					</trkpt>
					<trkpt lat="45.935900" lon="6.837260">
						<ele>2438</ele>
						<time>2026-05-01T10:39:57Z</time>
					</trkpt>
					<trkpt lat="45.936020" lon="6.837270">
						<ele>2435</ele>
						<time>2026-05-01T10:40:13Z</time>
					</trkpt>
					<trkpt lat="45.936080" lon="6.837300">
						<ele>2434</ele>
						<time>2026-05-01T10:40:21Z</time>
					</trkpt>
					<trkpt lat="45.936310" lon="6.837590">
						<ele>2433</ele>
						<time>2026-05-01T10:41:02Z</time>
					</trkpt>
					<trkpt lat="45.936560" lon="6.837830">
						<ele>2429</ele>
						<time>2026-05-01T10:41:42Z</time>
					</trkpt>
					<trkpt lat="45.936640" lon="6.837780">
						<ele>2428</ele>
						<time>2026-05-01T10:41:54Z</time>
					</trkpt>
					<trkpt lat="45.936700" lon="6.837720">
						<ele>2427</ele>
						<time>2026-05-01T10:42:04Z</time>
					</trkpt>
					<trkpt lat="45.936720" lon="6.837650">
						<ele>2426</ele>
						<time>2026-05-01T10:42:11Z</time>
					</trkpt>
					<trkpt lat="45.936770" lon="6.837590">
						<ele>2425</ele>
						<time>2026-05-01T10:42:19Z</time>
					</trkpt>
					<trkpt lat="45.936750" lon="6.837560">
						<ele>2425</ele>
						<time>2026-05-01T10:42:23Z</time>
					</trkpt>
					<trkpt lat="45.936610" lon="6.837520">
						<ele>2428</ele>
						<time>2026-05-01T10:42:42Z</time>
					</trkpt>
					<trkpt lat="45.936660" lon="6.837460">
						<ele>2425</ele>
						<time>2026-05-01T10:42:51Z</time>
					</trkpt>
					<trkpt lat="45.936760" lon="6.837430">
						<ele>2421</ele>
						<time>2026-05-01T10:43:05Z</time>
					</trkpt>
					<trkpt lat="45.936830" lon="6.837340">
						<ele>2415</ele>
						<time>2026-05-01T10:43:17Z</time>
					</trkpt>
					<trkpt lat="45.936930" lon="6.837320">
						<ele>2411</ele>
						<time>2026-05-01T10:43:31Z</time>
					</trkpt>
					<trkpt lat="45.936840" lon="6.837180">
						<ele>2408</ele>
						<time>2026-05-01T10:43:48Z</time>
					</trkpt>
					<trkpt lat="45.937080" lon="6.837170">
						<ele>2399</ele>
						<time>2026-05-01T10:44:20Z</time>
					</trkpt>
					<trkpt lat="45.937160" lon="6.837130">
						<ele>2394</ele>
						<time>2026-05-01T10:44:32Z</time>
					</trkpt>
					<trkpt lat="45.937240" lon="6.837080">
						<ele>2389</ele>
						<time>2026-05-01T10:44:43Z</time>
					</trkpt>
					<trkpt lat="45.937290" lon="6.837100">
						<ele>2388</ele>
						<time>2026-05-01T10:44:50Z</time>
					</trkpt>
					<trkpt lat="45.937350" lon="6.837120">
						<ele>2387</ele>
						<time>2026-05-01T10:44:58Z</time>
					</trkpt>
					<trkpt lat="45.937430" lon="6.837140">
						<ele>2386</ele>
						<time>2026-05-01T10:45:09Z</time>
					</trkpt>
					<trkpt lat="45.937400" lon="6.837220">
						<ele>2391</ele>
						<time>2026-05-01T10:45:18Z</time>
					</trkpt>
					<trkpt lat="45.937660" lon="6.837280">
						<ele>2387</ele>
						<time>2026-05-01T10:45:53Z</time>
					</trkpt>
					<trkpt lat="45.938130" lon="6.837280">
						<ele>2375</ele>
						<time>2026-05-01T10:46:55Z</time>
					</trkpt>
					<trkpt lat="45.938170" lon="6.837310">
						<ele>2376</ele>
						<time>2026-05-01T10:47:01Z</time>
					</trkpt>
					<trkpt lat="45.938200" lon="6.837370">
						<ele>2378</ele>
						<time>2026-05-01T10:47:08Z</time>
					</trkpt>
					<trkpt lat="45.938360" lon="6.837470">
						<ele>2379</ele>
						<time>2026-05-01T10:47:32Z</time>
					</trkpt>
					<trkpt lat="45.938580" lon="6.837480">
						<ele>2372</ele>
						<time>2026-05-01T10:48:01Z</time>
					</trkpt>
					<trkpt lat="45.938640" lon="6.837520">
						<ele>2371</ele>
						<time>2026-05-01T10:48:10Z</time>
					</trkpt>
					<trkpt lat="45.938720" lon="6.837540">
						<ele>2369</ele>
						<time>2026-05-01T10:48:21Z</time>
					</trkpt>
					<trkpt lat="45.938770" lon="6.837570">
						<ele>2368</ele>
						<time>2026-05-01T10:48:28Z</time>
					</trkpt>
					<trkpt lat="45.938920" lon="6.837720">
						<ele>2367</ele>
						<time>2026-05-01T10:48:52Z</time>
					</trkpt>
					<trkpt lat="45.939030" lon="6.837770">
						<ele>2364</ele>
						<time>2026-05-01T10:49:08Z</time>
					</trkpt>
					<trkpt lat="45.939100" lon="6.837900">
						<ele>2363</ele>
						<time>2026-05-01T10:49:23Z</time>
					</trkpt>
					<trkpt lat="45.939250" lon="6.838060">
						<ele>2361</ele>
						<time>2026-05-01T10:49:48Z</time>
					</trkpt>
					<trkpt lat="45.939290" lon="6.838190">
						<ele>2363</ele>
						<time>2026-05-01T10:50:01Z</time>
					</trkpt>
					<trkpt lat="45.939360" lon="6.838180">
						<ele>2361</ele>
						<time>2026-05-01T10:50:10Z</time>
					</trkpt>
					<trkpt lat="45.939380" lon="6.838260">
						<ele>2362</ele>
						<time>2026-05-01T10:50:18Z</time>
					</trkpt>
					<trkpt lat="45.939400" lon="6.838290">
						<ele>2362</ele>
						<time>2026-05-01T10:50:22Z</time>
					</trkpt>
					<trkpt lat="45.939490" lon="6.838290">
						<ele>2360</ele>
						<time>2026-05-01T10:50:34Z</time>
					</trkpt>
					<trkpt lat="45.939620" lon="6.838340">
						<ele>2358</ele>
						<time>2026-05-01T10:50:52Z</time>
					</trkpt>
					<trkpt lat="45.939640" lon="6.838380">
						<ele>2358</ele>
						<time>2026-05-01T10:50:57Z</time>
					</trkpt>
					<trkpt lat="45.939670" lon="6.838380">
						<ele>2357</ele>
						<time>2026-05-01T10:51:01Z</time>
					</trkpt>
					<trkpt lat="45.939740" lon="6.838470">
						<ele>2357</ele>
						<time>2026-05-01T10:51:13Z</time>
					</trkpt>
					<trkpt lat="45.939920" lon="6.838640">
						<ele>2356</ele>
						<time>2026-05-01T10:51:42Z</time>
					</trkpt>
					<trkpt lat="45.939930" lon="6.838690">
						<ele>2357</ele>
						<time>2026-05-01T10:51:47Z</time>
					</trkpt>
					<trkpt lat="45.939960" lon="6.838960">
						<ele>2362</ele>
						<time>2026-05-01T10:52:12Z</time>
					</trkpt>
					<trkpt lat="45.939940" lon="6.839070">
						<ele>2365</ele>
						<time>2026-05-01T10:52:23Z</time>
					</trkpt>
					<trkpt lat="45.939940" lon="6.839170">
						<ele>2367</ele>
						<time>2026-05-01T10:52:32Z</time>
					</trkpt>
					<trkpt lat="45.940010" lon="6.839280">
						<ele>2367</ele>
						<time>2026-05-01T10:52:46Z</time>
					</trkpt>
					<trkpt lat="45.940210" lon="6.839630">
						<ele>2373</ele>
						<time>2026-05-01T10:53:28Z</time>
					</trkpt>
					<trkpt lat="45.940240" lon="6.839720">
						<ele>2374</ele>
						<time>2026-05-01T10:53:37Z</time>
					</trkpt>
					<trkpt lat="45.940250" lon="6.839790">
						<ele>2375</ele>
						<time>2026-05-01T10:53:44Z</time>
					</trkpt>
					<trkpt lat="45.940320" lon="6.839930">
						<ele>2377</ele>
						<time>2026-05-01T10:54:00Z</time>
					</trkpt>
					<trkpt lat="45.940330" lon="6.840020">
						<ele>2378</ele>
						<time>2026-05-01T10:54:08Z</time>
					</trkpt>
					<trkpt lat="45.940370" lon="6.840120">
						<ele>2378</ele>
						<time>2026-05-01T10:54:19Z</time>
					</trkpt>
					<trkpt lat="45.940380" lon="6.840230">
						<ele>2379</ele>
						<time>2026-05-01T10:54:29Z</time>
					</trkpt>
					<trkpt lat="45.940430" lon="6.840250">
						<ele>2379</ele>
						<time>2026-05-01T10:54:36Z</time>
					</trkpt>
					<trkpt lat="45.940420" lon="6.840340">
						<ele>2380</ele>
						<time>2026-05-01T10:54:45Z</time>
					</trkpt>
					<trkpt lat="45.940470" lon="6.840310">
						<ele>2380</ele>
						<time>2026-05-01T10:54:52Z</time>
					</trkpt>
					<trkpt lat="45.940480" lon="6.840360">
						<ele>2380</ele>
						<time>2026-05-01T10:54:57Z</time>
					</trkpt>
					<trkpt lat="45.940510" lon="6.840310">
						<ele>2380</ele>
						<time>2026-05-01T10:55:03Z</time>
					</trkpt>
					<trkpt lat="45.940530" lon="6.840410">
						<ele>2380</ele>
						<time>2026-05-01T10:55:12Z</time>
					</trkpt>
					<trkpt lat="45.940650" lon="6.840590">
						<ele>2380</ele>
						<time>2026-05-01T10:55:36Z</time>
					</trkpt>
					<trkpt lat="45.940670" lon="6.840780">
						<ele>2380</ele>
						<time>2026-05-01T10:55:53Z</time>
					</trkpt>
					<trkpt lat="45.940730" lon="6.840920">
						<ele>2380</ele>
						<time>2026-05-01T10:56:09Z</time>
					</trkpt>
					<trkpt lat="45.940810" lon="6.841010">
						<ele>2380</ele>
						<time>2026-05-01T10:56:22Z</time>
					</trkpt>
					<trkpt lat="45.940820" lon="6.841080">
						<ele>2380</ele>
						<time>2026-05-01T10:56:29Z</time>
					</trkpt>
					<trkpt lat="45.940800" lon="6.841250">
						<ele>2382</ele>
						<time>2026-05-01T10:56:45Z</time>
					</trkpt>
					<trkpt lat="45.940820" lon="6.841300">
						<ele>2382</ele>
						<time>2026-05-01T10:56:50Z</time>
					</trkpt>
					<trkpt lat="45.940860" lon="6.841330">
						<ele>2381</ele>
						<time>2026-05-01T10:56:56Z</time>
					</trkpt>
					<trkpt lat="45.940910" lon="6.841510">
						<ele>2381</ele>
						<time>2026-05-01T10:57:14Z</time>
					</trkpt>
					<trkpt lat="45.940960" lon="6.841790">
						<ele>2381</ele>
						<time>2026-05-01T10:57:41Z</time>
					</trkpt>
					<trkpt lat="45.940960" lon="6.841850">
						<ele>2381</ele>
						<time>2026-05-01T10:57:47Z</time>
					</trkpt>
					<trkpt lat="45.940980" lon="6.841900">
						<ele>2380</ele>
						<time>2026-05-01T10:57:52Z</time>
					</trkpt>
					<trkpt lat="45.941020" lon="6.841930">
						<ele>2379</ele>
						<time>2026-05-01T10:57:58Z</time>
					</trkpt>
					<trkpt lat="45.941070" lon="6.842100">
						<ele>2378</ele>
						<time>2026-05-01T10:58:15Z</time>
					</trkpt>
					<trkpt lat="45.941230" lon="6.842410">
						<ele>2374</ele>
						<time>2026-05-01T10:58:51Z</time>
					</trkpt>
					<trkpt lat="45.941300" lon="6.842510">
						<ele>2372</ele>
						<time>2026-05-01T10:59:04Z</time>
					</trkpt>
					<trkpt lat="45.941340" lon="6.842520">
						<ele>2371</ele>
						<time>2026-05-01T10:59:10Z</time>
					</trkpt>
					<trkpt lat="45.941380" lon="6.842680">
						<ele>2368</ele>
						<time>2026-05-01T10:59:25Z</time>
					</trkpt>
					<trkpt lat="45.941390" lon="6.842750">
						<ele>2367</ele>
						<time>2026-05-01T10:59:32Z</time>
					</trkpt>
					<trkpt lat="45.941350" lon="6.842870">
						<ele>2366</ele>
						<time>2026-05-01T10:59:44Z</time>
					</trkpt>
					<trkpt lat="45.941350" lon="6.842980">
						<ele>2365</ele>
						<time>2026-05-01T10:59:55Z</time>
					</trkpt>
					<trkpt lat="45.941320" lon="6.843090">
						<ele>2363</ele>
						<time>2026-05-01T11:00:05Z</time>
					</trkpt>
					<trkpt lat="45.941340" lon="6.843150">
						<ele>2362</ele>
						<time>2026-05-01T11:00:12Z</time>
					</trkpt>
					<trkpt lat="45.941370" lon="6.843160">
						<ele>2362</ele>
						<time>2026-05-01T11:00:16Z</time>
					</trkpt>
					<trkpt lat="45.941350" lon="6.843280">
						<ele>2361</ele>
						<time>2026-05-01T11:00:27Z</time>
					</trkpt>
					<trkpt lat="45.941260" lon="6.843330">
						<ele>2359</ele>
						<time>2026-05-01T11:00:40Z</time>
					</trkpt>
					<trkpt lat="45.941250" lon="6.843360">
						<ele>2359</ele>
						<time>2026-05-01T11:00:43Z</time>
					</trkpt>
					<trkpt lat="45.941360" lon="6.843440">
						<ele>2360</ele>
						<time>2026-05-01T11:01:00Z</time>
					</trkpt>
					<trkpt lat="45.941340" lon="6.843540">
						<ele>2359</ele>
						<time>2026-05-01T11:01:09Z</time>
					</trkpt>
					<trkpt lat="45.941400" lon="6.843470">
						<ele>2360</ele>
						<time>2026-05-01T11:01:20Z</time>
					</trkpt>
					<trkpt lat="45.941660" lon="6.843340">
						<ele>2364</ele>
						<time>2026-05-01T11:01:56Z</time>
					</trkpt>
					<trkpt lat="45.941690" lon="6.843220">
						<ele>2364</ele>
						<time>2026-05-01T11:02:08Z</time>
					</trkpt>
					<trkpt lat="45.941790" lon="6.843050">
						<ele>2364</ele>
						<time>2026-05-01T11:02:29Z</time>
					</trkpt>
					<trkpt lat="45.941780" lon="6.843030">
						<ele>2364</ele>
						<time>2026-05-01T11:02:31Z</time>
					</trkpt>
					<trkpt lat="45.941730" lon="6.843030">
						<ele>2364</ele>
						<time>2026-05-01T11:02:38Z</time>
					</trkpt>
					<trkpt lat="45.941700" lon="6.842970">
						<ele>2363</ele>
						<time>2026-05-01T11:02:45Z</time>
					</trkpt>
					<trkpt lat="45.941660" lon="6.842840">
						<ele>2363</ele>
						<time>2026-05-01T11:02:58Z</time>
					</trkpt>
					<trkpt lat="45.941650" lon="6.842630">
						<ele>2363</ele>
						<time>2026-05-01T11:03:17Z</time>
					</trkpt>
					<trkpt lat="45.941720" lon="6.842450">
						<ele>2362</ele>
						<time>2026-05-01T11:03:37Z</time>
					</trkpt>
					<trkpt lat="45.941710" lon="6.842150">
						<ele>2359</ele>
						<time>2026-05-01T11:04:04Z</time>
					</trkpt>
					<trkpt lat="45.941690" lon="6.842010">
						<ele>2358</ele>
						<time>2026-05-01T11:04:18Z</time>
					</trkpt>
					<trkpt lat="45.941730" lon="6.841840">
						<ele>2356</ele>
						<time>2026-05-01T11:04:34Z</time>
					</trkpt>
					<trkpt lat="45.941780" lon="6.841760">
						<ele>2356</ele>
						<time>2026-05-01T11:04:44Z</time>
					</trkpt>
					<trkpt lat="45.941960" lon="6.841740">
						<ele>2355</ele>
						<time>2026-05-01T11:05:08Z</time>
					</trkpt>
					<trkpt lat="45.942060" lon="6.841770">
						<ele>2355</ele>
						<time>2026-05-01T11:05:22Z</time>
					</trkpt>
					<trkpt lat="45.942140" lon="6.841750">
						<ele>2355</ele>
						<time>2026-05-01T11:05:33Z</time>
					</trkpt>
					<trkpt lat="45.942200" lon="6.841640">
						<ele>2353</ele>
						<time>2026-05-01T11:05:46Z</time>
					</trkpt>
					<trkpt lat="45.942270" lon="6.841570">
						<ele>2351</ele>
						<time>2026-05-01T11:05:57Z</time>
					</trkpt>
					<trkpt lat="45.942430" lon="6.841440">
						<ele>2347</ele>
						<time>2026-05-01T11:06:22Z</time>
					</trkpt>
					<trkpt lat="45.942570" lon="6.841380">
						<ele>2344</ele>
						<time>2026-05-01T11:06:41Z</time>
					</trkpt>
					<trkpt lat="45.942620" lon="6.841330">
						<ele>2342</ele>
						<time>2026-05-01T11:06:49Z</time>
					</trkpt>
					<trkpt lat="45.942830" lon="6.841250">
						<ele>2336</ele>
						<time>2026-05-01T11:07:18Z</time>
					</trkpt>
					<trkpt lat="45.943280" lon="6.840900">
						<ele>2312</ele>
						<time>2026-05-01T11:08:27Z</time>
					</trkpt>
					<trkpt lat="45.943490" lon="6.840690">
						<ele>2296</ele>
						<time>2026-05-01T11:09:01Z</time>
					</trkpt>
					<trkpt lat="45.943530" lon="6.840550">
						<ele>2289</ele>
						<time>2026-05-01T11:09:15Z</time>
					</trkpt>
					<trkpt lat="45.943420" lon="6.840550">
						<ele>2293</ele>
						<time>2026-05-01T11:09:29Z</time>
					</trkpt>
					<trkpt lat="45.943290" lon="6.840590">
						<ele>2299</ele>
						<time>2026-05-01T11:09:47Z</time>
					</trkpt>
					<trkpt lat="45.943160" lon="6.840540">
						<ele>2302</ele>
						<time>2026-05-01T11:10:05Z</time>
					</trkpt>
					<trkpt lat="45.943130" lon="6.840470">
						<ele>2300</ele>
						<time>2026-05-01T11:10:13Z</time>
					</trkpt>
					<trkpt lat="45.942970" lon="6.840250">
						<ele>2299</ele>
						<time>2026-05-01T11:10:42Z</time>
					</trkpt>
					<trkpt lat="45.942980" lon="6.840240">
						<ele>2298</ele>
						<time>2026-05-01T11:10:44Z</time>
					</trkpt>
					<trkpt lat="45.943150" lon="6.840300">
						<ele>2294</ele>
						<time>2026-05-01T11:11:07Z</time>
					</trkpt>
					<trkpt lat="45.943380" lon="6.840270">
						<ele>2283</ele>
						<time>2026-05-01T11:11:38Z</time>
					</trkpt>
					<trkpt lat="45.943420" lon="6.840280">
						<ele>2282</ele>
						<time>2026-05-01T11:11:44Z</time>
					</trkpt>
					<trkpt lat="45.943430" lon="6.840250">
						<ele>2280</ele>
						<time>2026-05-01T11:11:47Z</time>
					</trkpt>
					<trkpt lat="45.943370" lon="6.840180">
						<ele>2280</ele>
						<time>2026-05-01T11:11:57Z</time>
					</trkpt>
					<trkpt lat="45.943300" lon="6.840140">
						<ele>2282</ele>
						<time>2026-05-01T11:12:07Z</time>
					</trkpt>
					<trkpt lat="45.943270" lon="6.840070">
						<ele>2280</ele>
						<time>2026-05-01T11:12:15Z</time>
					</trkpt>
					<trkpt lat="45.943490" lon="6.840080">
						<ele>2269</ele>
						<time>2026-05-01T11:12:44Z</time>
					</trkpt>
					<trkpt lat="45.943550" lon="6.840060">
						<ele>2265</ele>
						<time>2026-05-01T11:12:52Z</time>
					</trkpt>
					<trkpt lat="45.943610" lon="6.840000">
						<ele>2258</ele>
						<time>2026-05-01T11:13:02Z</time>
					</trkpt>
					<trkpt lat="45.943610" lon="6.839950">
						<ele>2256</ele>
						<time>2026-05-01T11:13:07Z</time>
					</trkpt>
					<trkpt lat="45.943590" lon="6.839910">
						<ele>2256</ele>
						<time>2026-05-01T11:13:11Z</time>
					</trkpt>
					<trkpt lat="45.943550" lon="6.839890">
						<ele>2257</ele>
						<time>2026-05-01T11:13:17Z</time>
					</trkpt>
					<trkpt lat="45.943400" lon="6.839730">
						<ele>2259</ele>
						<time>2026-05-01T11:13:42Z</time>
					</trkpt>
					<trkpt lat="45.943370" lon="6.839670">
						<ele>2258</ele>
						<time>2026-05-01T11:13:49Z</time>
					</trkpt>
					<trkpt lat="45.943430" lon="6.839640">
						<ele>2253</ele>
						<time>2026-05-01T11:13:57Z</time>
					</trkpt>
					<trkpt lat="45.943490" lon="6.839660">
						<ele>2251</ele>
						<time>2026-05-01T11:14:05Z</time>
					</trkpt>
					<trkpt lat="45.943670" lon="6.839660">
						<ele>2241</ele>
						<time>2026-05-01T11:14:29Z</time>
					</trkpt>
					<trkpt lat="45.943710" lon="6.839630">
						<ele>2238</ele>
						<time>2026-05-01T11:14:35Z</time>
					</trkpt>
					<trkpt lat="45.943920" lon="6.839580">
						<ele>2225</ele>
						<time>2026-05-01T11:15:04Z</time>
					</trkpt>
					<trkpt lat="45.943900" lon="6.839540">
						<ele>2224</ele>
						<time>2026-05-01T11:15:08Z</time>
					</trkpt>
					<trkpt lat="45.943830" lon="6.839480">
						<ele>2226</ele>
						<time>2026-05-01T11:15:19Z</time>
					</trkpt>
					<trkpt lat="45.943880" lon="6.839460">
						<ele>2222</ele>
						<time>2026-05-01T11:15:26Z</time>
					</trkpt>
					<trkpt lat="45.943990" lon="6.839470">
						<ele>2217</ele>
						<time>2026-05-01T11:15:41Z</time>
					</trkpt>
					<trkpt lat="45.944110" lon="6.839430">
						<ele>2210</ele>
						<time>2026-05-01T11:15:57Z</time>
					</trkpt>
					<trkpt lat="45.944150" lon="6.839430">
						<ele>2208</ele>
						<time>2026-05-01T11:16:03Z</time>
					</trkpt>
					<trkpt lat="45.944340" lon="6.839570">
						<ele>2205</ele>
						<time>2026-05-01T11:16:31Z</time>
					</trkpt>
					<trkpt lat="45.944330" lon="6.839510">
						<ele>2204</ele>
						<time>2026-05-01T11:16:37Z</time>
					</trkpt>
					<trkpt lat="45.944290" lon="6.839420">
						<ele>2203</ele>
						<time>2026-05-01T11:16:47Z</time>
					</trkpt>
					<trkpt lat="45.944270" lon="6.839330">
						<ele>2201</ele>
						<time>2026-05-01T11:16:56Z</time>
					</trkpt>
					<trkpt lat="45.944280" lon="6.839210">
						<ele>2197</ele>
						<time>2026-05-01T11:17:07Z</time>
					</trkpt>
					<trkpt lat="45.944260" lon="6.839160">
						<ele>2196</ele>
						<time>2026-05-01T11:17:12Z</time>
					</trkpt>
					<trkpt lat="45.944220" lon="6.839130">
						<ele>2196</ele>
						<time>2026-05-01T11:17:18Z</time>
					</trkpt>
					<trkpt lat="45.944200" lon="6.839040">
						<ele>2194</ele>
						<time>2026-05-01T11:17:27Z</time>
					</trkpt>
					<trkpt lat="45.944300" lon="6.839030">
						<ele>2190</ele>
						<time>2026-05-01T11:17:40Z</time>
					</trkpt>
					<trkpt lat="45.944330" lon="6.839010">
						<ele>2189</ele>
						<time>2026-05-01T11:17:45Z</time>
					</trkpt>
					<trkpt lat="45.944370" lon="6.839020">
						<ele>2188</ele>
						<time>2026-05-01T11:17:50Z</time>
					</trkpt>
					<trkpt lat="45.944410" lon="6.839060">
						<ele>2187</ele>
						<time>2026-05-01T11:17:57Z</time>
					</trkpt>
					<trkpt lat="45.944410" lon="6.839000">
						<ele>2186</ele>
						<time>2026-05-01T11:18:02Z</time>
					</trkpt>
					<trkpt lat="45.944360" lon="6.838900">
						<ele>2184</ele>
						<time>2026-05-01T11:18:14Z</time>
					</trkpt>
					<trkpt lat="45.944360" lon="6.838870">
						<ele>2183</ele>
						<time>2026-05-01T11:18:16Z</time>
					</trkpt>
					<trkpt lat="45.944520" lon="6.838870">
						<ele>2178</ele>
						<time>2026-05-01T11:18:38Z</time>
					</trkpt>
					<trkpt lat="45.944510" lon="6.838820">
						<ele>2177</ele>
						<time>2026-05-01T11:18:43Z</time>
					</trkpt>
					<trkpt lat="45.944520" lon="6.838820">
						<ele>2176</ele>
						<time>2026-05-01T11:18:44Z</time>
					</trkpt>
					<trkpt lat="45.944540" lon="6.838850">
						<ele>2177</ele>
						<time>2026-05-01T11:18:48Z</time>
					</trkpt>
					<trkpt lat="45.944550" lon="6.838770">
						<ele>2174</ele>
						<time>2026-05-01T11:18:55Z</time>
					</trkpt>
					<trkpt lat="45.944530" lon="6.838740">
						<ele>2173</ele>
						<time>2026-05-01T11:18:59Z</time>
					</trkpt>
					<trkpt lat="45.944510" lon="6.838650">
						<ele>2171</ele>
						<time>2026-05-01T11:19:08Z</time>
					</trkpt>
					<trkpt lat="45.944640" lon="6.838720">
						<ele>2169</ele>
						<time>2026-05-01T11:19:26Z</time>
					</trkpt>
					<trkpt lat="45.944620" lon="6.838620">
						<ele>2167</ele>
						<time>2026-05-01T11:19:36Z</time>
					</trkpt>
					<trkpt lat="45.944530" lon="6.838530">
						<ele>2167</ele>
						<time>2026-05-01T11:19:51Z</time>
					</trkpt>
					<trkpt lat="45.944540" lon="6.838510">
						<ele>2166</ele>
						<time>2026-05-01T11:19:53Z</time>
					</trkpt>
					<trkpt lat="45.944680" lon="6.838440">
						<ele>2159</ele>
						<time>2026-05-01T11:20:13Z</time>
					</trkpt>
					<trkpt lat="45.944640" lon="6.838410">
						<ele>2160</ele>
						<time>2026-05-01T11:20:19Z</time>
					</trkpt>
					<trkpt lat="45.944650" lon="6.838390">
						<ele>2159</ele>
						<time>2026-05-01T11:20:21Z</time>
					</trkpt>
					<trkpt lat="45.944690" lon="6.838380">
						<ele>2157</ele>
						<time>2026-05-01T11:20:26Z</time>
					</trkpt>
					<trkpt lat="45.944890" lon="6.838470">
						<ele>2154</ele>
						<time>2026-05-01T11:20:54Z</time>
					</trkpt>
					<trkpt lat="45.944960" lon="6.838450">
						<ele>2151</ele>
						<time>2026-05-01T11:21:04Z</time>
					</trkpt>
					<trkpt lat="45.945000" lon="6.838510">
						<ele>2151</ele>
						<time>2026-05-01T11:21:12Z</time>
					</trkpt>
					<trkpt lat="45.945030" lon="6.838510">
						<ele>2151</ele>
						<time>2026-05-01T11:21:16Z</time>
					</trkpt>
					<trkpt lat="45.945060" lon="6.838490">
						<ele>2150</ele>
						<time>2026-05-01T11:21:20Z</time>
					</trkpt>
					<trkpt lat="45.945110" lon="6.838360">
						<ele>2145</ele>
						<time>2026-05-01T11:21:34Z</time>
					</trkpt>
					<trkpt lat="45.945180" lon="6.838380">
						<ele>2145</ele>
						<time>2026-05-01T11:21:43Z</time>
					</trkpt>
					<trkpt lat="45.945210" lon="6.838350">
						<ele>2144</ele>
						<time>2026-05-01T11:21:48Z</time>
					</trkpt>
					<trkpt lat="45.945180" lon="6.838280">
						<ele>2142</ele>
						<time>2026-05-01T11:21:56Z</time>
					</trkpt>
					<trkpt lat="45.945290" lon="6.838240">
						<ele>2140</ele>
						<time>2026-05-01T11:22:11Z</time>
					</trkpt>
					<trkpt lat="45.945350" lon="6.838280">
						<ele>2140</ele>
						<time>2026-05-01T11:22:20Z</time>
					</trkpt>
					<trkpt lat="45.945480" lon="6.838230">
						<ele>2137</ele>
						<time>2026-05-01T11:22:38Z</time>
					</trkpt>
					<trkpt lat="45.945890" lon="6.837940">
						<ele>2123</ele>
						<time>2026-05-01T11:23:39Z</time>
					</trkpt>
					<trkpt lat="45.946010" lon="6.837880">
						<ele>2120</ele>
						<time>2026-05-01T11:23:56Z</time>
					</trkpt>
					<trkpt lat="45.946370" lon="6.837610">
						<ele>2111</ele>
						<time>2026-05-01T11:24:50Z</time>
					</trkpt>
					<trkpt lat="45.946360" lon="6.837450">
						<ele>2106</ele>
						<time>2026-05-01T11:25:05Z</time>
					</trkpt>
					<trkpt lat="45.946280" lon="6.837420">
						<ele>2106</ele>
						<time>2026-05-01T11:25:16Z</time>
					</trkpt>
					<trkpt lat="45.946200" lon="6.837340">
						<ele>2104</ele>
						<time>2026-05-01T11:25:29Z</time>
					</trkpt>
					<trkpt lat="45.946090" lon="6.837270">
						<ele>2102</ele>
						<time>2026-05-01T11:25:45Z</time>
					</trkpt>
					<trkpt lat="45.946050" lon="6.837090">
						<ele>2097</ele>
						<time>2026-05-01T11:26:02Z</time>
					</trkpt>
					<trkpt lat="45.946000" lon="6.837030">
						<ele>2096</ele>
						<time>2026-05-01T11:26:11Z</time>
					</trkpt>
					<trkpt lat="45.946010" lon="6.837010">
						<ele>2096</ele>
						<time>2026-05-01T11:26:13Z</time>
					</trkpt>
					<trkpt lat="45.946150" lon="6.837050">
						<ele>2095</ele>
						<time>2026-05-01T11:26:33Z</time>
					</trkpt>
					<trkpt lat="45.946180" lon="6.837080">
						<ele>2096</ele>
						<time>2026-05-01T11:26:37Z</time>
					</trkpt>
					<trkpt lat="45.946280" lon="6.837100">
						<ele>2095</ele>
						<time>2026-05-01T11:26:51Z</time>
					</trkpt>
					<trkpt lat="45.946420" lon="6.837060">
						<ele>2092</ele>
						<time>2026-05-01T11:27:10Z</time>
					</trkpt>
					<trkpt lat="45.946490" lon="6.837000">
						<ele>2089</ele>
						<time>2026-05-01T11:27:21Z</time>
					</trkpt>
					<trkpt lat="45.946540" lon="6.836980">
						<ele>2087</ele>
						<time>2026-05-01T11:27:28Z</time>
					</trkpt>
					<trkpt lat="45.946580" lon="6.837020">
						<ele>2088</ele>
						<time>2026-05-01T11:27:34Z</time>
					</trkpt>
					<trkpt lat="45.946610" lon="6.837020">
						<ele>2088</ele>
						<time>2026-05-01T11:27:38Z</time>
					</trkpt>
					<trkpt lat="45.946630" lon="6.836990">
						<ele>2086</ele>
						<time>2026-05-01T11:27:42Z</time>
					</trkpt>
					<trkpt lat="45.946630" lon="6.836940">
						<ele>2084</ele>
						<time>2026-05-01T11:27:47Z</time>
					</trkpt>
					<trkpt lat="45.946570" lon="6.836810">
						<ele>2080</ele>
						<time>2026-05-01T11:28:01Z</time>
					</trkpt>
					<trkpt lat="45.946310" lon="6.836690">
						<ele>2081</ele>
						<time>2026-05-01T11:28:38Z</time>
					</trkpt>
					<trkpt lat="45.946300" lon="6.836660">
						<ele>2080</ele>
						<time>2026-05-01T11:28:41Z</time>
					</trkpt>
					<trkpt lat="45.946320" lon="6.836500">
						<ele>2074</ele>
						<time>2026-05-01T11:28:56Z</time>
					</trkpt>
					<trkpt lat="45.946400" lon="6.836380">
						<ele>2069</ele>
						<time>2026-05-01T11:29:11Z</time>
					</trkpt>
					<trkpt lat="45.946400" lon="6.836300">
						<ele>2066</ele>
						<time>2026-05-01T11:29:19Z</time>
					</trkpt>
					<trkpt lat="45.946380" lon="6.836260">
						<ele>2066</ele>
						<time>2026-05-01T11:29:23Z</time>
					</trkpt>
					<trkpt lat="45.946400" lon="6.836260">
						<ele>2065</ele>
						<time>2026-05-01T11:29:26Z</time>
					</trkpt>
					<trkpt lat="45.946430" lon="6.836290">
						<ele>2065</ele>
						<time>2026-05-01T11:29:31Z</time>
					</trkpt>
					<trkpt lat="45.946500" lon="6.836440">
						<ele>2068</ele>
						<time>2026-05-01T11:29:48Z</time>
					</trkpt>
					<trkpt lat="45.946530" lon="6.836480">
						<ele>2069</ele>
						<time>2026-05-01T11:29:53Z</time>
					</trkpt>
					<trkpt lat="45.946680" lon="6.836560">
						<ele>2068</ele>
						<time>2026-05-01T11:30:14Z</time>
					</trkpt>
					<trkpt lat="45.946690" lon="6.836540">
						<ele>2067</ele>
						<time>2026-05-01T11:30:17Z</time>
					</trkpt>
					<trkpt lat="45.946660" lon="6.836490">
						<ele>2066</ele>
						<time>2026-05-01T11:30:23Z</time>
					</trkpt>
					<trkpt lat="45.946600" lon="6.836420">
						<ele>2065</ele>
						<time>2026-05-01T11:30:33Z</time>
					</trkpt>
					<trkpt lat="45.946600" lon="6.836350">
						<ele>2063</ele>
						<time>2026-05-01T11:30:40Z</time>
					</trkpt>
					<trkpt lat="45.946760" lon="6.836480">
						<ele>2064</ele>
						<time>2026-05-01T11:31:04Z</time>
					</trkpt>
					<trkpt lat="45.946780" lon="6.836470">
						<ele>2063</ele>
						<time>2026-05-01T11:31:07Z</time>
					</trkpt>
					<trkpt lat="45.946770" lon="6.836450">
						<ele>2063</ele>
						<time>2026-05-01T11:31:09Z</time>
					</trkpt>
					<trkpt lat="45.946710" lon="6.836310">
						<ele>2059</ele>
						<time>2026-05-01T11:31:24Z</time>
					</trkpt>
					<trkpt lat="45.946720" lon="6.836290">
						<ele>2058</ele>
						<time>2026-05-01T11:31:27Z</time>
					</trkpt>
					<trkpt lat="45.946860" lon="6.836380">
						<ele>2059</ele>
						<time>2026-05-01T11:31:47Z</time>
					</trkpt>
					<trkpt lat="45.946910" lon="6.836380">
						<ele>2058</ele>
						<time>2026-05-01T11:31:54Z</time>
					</trkpt>
					<trkpt lat="45.947010" lon="6.836330">
						<ele>2054</ele>
						<time>2026-05-01T11:32:08Z</time>
					</trkpt>
					<trkpt lat="45.947050" lon="6.836340">
						<ele>2053</ele>
						<time>2026-05-01T11:32:13Z</time>
					</trkpt>
					<trkpt lat="45.947050" lon="6.836320">
						<ele>2053</ele>
						<time>2026-05-01T11:32:15Z</time>
					</trkpt>
					<trkpt lat="45.946920" lon="6.836230">
						<ele>2052</ele>
						<time>2026-05-01T11:32:35Z</time>
					</trkpt>
					<trkpt lat="45.946900" lon="6.836080">
						<ele>2047</ele>
						<time>2026-05-01T11:32:49Z</time>
					</trkpt>
					<trkpt lat="45.946860" lon="6.836030">
						<ele>2046</ele>
						<time>2026-05-01T11:32:56Z</time>
					</trkpt>
					<trkpt lat="45.946800" lon="6.836010">
						<ele>2047</ele>
						<time>2026-05-01T11:33:04Z</time>
					</trkpt>
					<trkpt lat="45.946750" lon="6.835970">
						<ele>2047</ele>
						<time>2026-05-01T11:33:12Z</time>
					</trkpt>
					<trkpt lat="45.946710" lon="6.835810">
						<ele>2042</ele>
						<time>2026-05-01T11:33:27Z</time>
					</trkpt>
					<trkpt lat="45.946720" lon="6.835770">
						<ele>2040</ele>
						<time>2026-05-01T11:33:31Z</time>
					</trkpt>
					<trkpt lat="45.946800" lon="6.835690">
						<ele>2035</ele>
						<time>2026-05-01T11:33:44Z</time>
					</trkpt>
					<trkpt lat="45.946870" lon="6.835660">
						<ele>2032</ele>
						<time>2026-05-01T11:33:54Z</time>
					</trkpt>
					<trkpt lat="45.946930" lon="6.835690">
						<ele>2031</ele>
						<time>2026-05-01T11:34:03Z</time>
					</trkpt>
					<trkpt lat="45.946960" lon="6.835740">
						<ele>2032</ele>
						<time>2026-05-01T11:34:09Z</time>
					</trkpt>
					<trkpt lat="45.946990" lon="6.835740">
						<ele>2031</ele>
						<time>2026-05-01T11:34:13Z</time>
					</trkpt>
					<trkpt lat="45.946940" lon="6.835460">
						<ele>2021</ele>
						<time>2026-05-01T11:34:40Z</time>
					</trkpt>
					<trkpt lat="45.946890" lon="6.835340">
						<ele>2018</ele>
						<time>2026-05-01T11:34:53Z</time>
					</trkpt>
					<trkpt lat="45.946890" lon="6.835310">
						<ele>2016</ele>
						<time>2026-05-01T11:34:55Z</time>
					</trkpt>
					<trkpt lat="45.946920" lon="6.835310">
						<ele>2015</ele>
						<time>2026-05-01T11:34:59Z</time>
					</trkpt>
					<trkpt lat="45.946990" lon="6.835350">
						<ele>2015</ele>
						<time>2026-05-01T11:35:09Z</time>
					</trkpt>
					<trkpt lat="45.946990" lon="6.835310">
						<ele>2013</ele>
						<time>2026-05-01T11:35:13Z</time>
					</trkpt>
					<trkpt lat="45.946950" lon="6.835230">
						<ele>2011</ele>
						<time>2026-05-01T11:35:22Z</time>
					</trkpt>
					<trkpt lat="45.946900" lon="6.835210">
						<ele>2012</ele>
						<time>2026-05-01T11:35:29Z</time>
					</trkpt>
					<trkpt lat="45.946900" lon="6.835180">
						<ele>2011</ele>
						<time>2026-05-01T11:35:32Z</time>
					</trkpt>
					<trkpt lat="45.947070" lon="6.835210">
						<ele>2006</ele>
						<time>2026-05-01T11:35:55Z</time>
					</trkpt>
					<trkpt lat="45.947120" lon="6.835350">
						<ele>2011</ele>
						<time>2026-05-01T11:36:09Z</time>
					</trkpt>
					<trkpt lat="45.947180" lon="6.835430">
						<ele>2012</ele>
						<time>2026-05-01T11:36:20Z</time>
					</trkpt>
					<trkpt lat="45.947260" lon="6.835440">
						<ele>2010</ele>
						<time>2026-05-01T11:36:31Z</time>
					</trkpt>
					<trkpt lat="45.947320" lon="6.835400">
						<ele>2006</ele>
						<time>2026-05-01T11:36:40Z</time>
					</trkpt>
					<trkpt lat="45.947420" lon="6.835410">
						<ele>2004</ele>
						<time>2026-05-01T11:36:53Z</time>
					</trkpt>
					<trkpt lat="45.947480" lon="6.835370">
						<ele>2000</ele>
						<time>2026-05-01T11:37:02Z</time>
					</trkpt>
					<trkpt lat="45.947550" lon="6.835360">
						<ele>1998</ele>
						<time>2026-05-01T11:37:11Z</time>
					</trkpt>
					<trkpt lat="45.947710" lon="6.835370">
						<ele>1995</ele>
						<time>2026-05-01T11:37:33Z</time>
					</trkpt>
					<trkpt lat="45.947790" lon="6.835400">
						<ele>1995</ele>
						<time>2026-05-01T11:37:44Z</time>
					</trkpt>
					<trkpt lat="45.947890" lon="6.835500">
						<ele>1998</ele>
						<time>2026-05-01T11:38:00Z</time>
					</trkpt>
					<trkpt lat="45.947930" lon="6.835500">
						<ele>1998</ele>
						<time>2026-05-01T11:38:05Z</time>
					</trkpt>
					<trkpt lat="45.948020" lon="6.835540">
						<ele>1998</ele>
						<time>2026-05-01T11:38:18Z</time>
					</trkpt>
					<trkpt lat="45.948300" lon="6.835540">
						<ele>1993</ele>
						<time>2026-05-01T11:38:55Z</time>
					</trkpt>
					<trkpt lat="45.948330" lon="6.835510">
						<ele>1991</ele>
						<time>2026-05-01T11:39:00Z</time>
					</trkpt>
					<trkpt lat="45.948530" lon="6.835480">
						<ele>1988</ele>
						<time>2026-05-01T11:39:27Z</time>
					</trkpt>
					<trkpt lat="45.948930" lon="6.835250">
						<ele>1975</ele>
						<time>2026-05-01T11:40:25Z</time>
					</trkpt>
					<trkpt lat="45.948970" lon="6.835170">
						<ele>1971</ele>
						<time>2026-05-01T11:40:34Z</time>
					</trkpt>
					<trkpt lat="45.949040" lon="6.835120">
						<ele>1969</ele>
						<time>2026-05-01T11:40:44Z</time>
					</trkpt>
					<trkpt lat="45.949050" lon="6.835100">
						<ele>1968</ele>
						<time>2026-05-01T11:40:46Z</time>
					</trkpt>
					<trkpt lat="45.949030" lon="6.835080">
						<ele>1967</ele>
						<time>2026-05-01T11:40:50Z</time>
					</trkpt>
					<trkpt lat="45.948970" lon="6.835090">
						<ele>1968</ele>
						<time>2026-05-01T11:40:58Z</time>
					</trkpt>
					<trkpt lat="45.948970" lon="6.835050">
						<ele>1966</ele>
						<time>2026-05-01T11:41:01Z</time>
					</trkpt>
					<trkpt lat="45.949040" lon="6.834990">
						<ele>1964</ele>
						<time>2026-05-01T11:41:12Z</time>
					</trkpt>
					<trkpt lat="45.949070" lon="6.834970">
						<ele>1963</ele>
						<time>2026-05-01T11:41:17Z</time>
					</trkpt>
					<trkpt lat="45.949090" lon="6.834980">
						<ele>1963</ele>
						<time>2026-05-01T11:41:20Z</time>
					</trkpt>
					<trkpt lat="45.949190" lon="6.834830">
						<ele>1957</ele>
						<time>2026-05-01T11:41:39Z</time>
					</trkpt>
					<trkpt lat="45.949290" lon="6.834790">
						<ele>1955</ele>
						<time>2026-05-01T11:41:53Z</time>
					</trkpt>
					<trkpt lat="45.949320" lon="6.834780">
						<ele>1955</ele>
						<time>2026-05-01T11:41:57Z</time>
					</trkpt>
					<trkpt lat="45.949430" lon="6.834910">
						<ele>1960</ele>
						<time>2026-05-01T11:42:16Z</time>
					</trkpt>
					<trkpt lat="45.949430" lon="6.834910">
						<ele>1960</ele>
						<time>2026-05-01T11:42:16Z</time>
					</trkpt>
					<trkpt lat="45.949470" lon="6.834920">
						<ele>1961</ele>
						<time>2026-05-01T11:42:21Z</time>
					</trkpt>
					<trkpt lat="45.949580" lon="6.834860">
						<ele>1958</ele>
						<time>2026-05-01T11:42:37Z</time>
					</trkpt>
					<trkpt lat="45.949660" lon="6.834840">
						<ele>1958</ele>
						<time>2026-05-01T11:42:48Z</time>
					</trkpt>
					<trkpt lat="45.949780" lon="6.834690">
						<ele>1952</ele>
						<time>2026-05-01T11:43:09Z</time>
					</trkpt>
					<trkpt lat="45.949880" lon="6.834460">
						<ele>1943</ele>
						<time>2026-05-01T11:43:34Z</time>
					</trkpt>
					<trkpt lat="45.950010" lon="6.834420">
						<ele>1941</ele>
						<time>2026-05-01T11:43:52Z</time>
					</trkpt>
					<trkpt lat="45.950220" lon="6.834490">
						<ele>1939</ele>
						<time>2026-05-01T11:44:21Z</time>
					</trkpt>
					<trkpt lat="45.950330" lon="6.834480">
						<ele>1935</ele>
						<time>2026-05-01T11:44:35Z</time>
					</trkpt>
					<trkpt lat="45.950460" lon="6.834530">
						<ele>1934</ele>
						<time>2026-05-01T11:44:53Z</time>
					</trkpt>
					<trkpt lat="45.950620" lon="6.834730">
						<ele>1937</ele>
						<time>2026-05-01T11:45:22Z</time>
					</trkpt>
					<trkpt lat="45.950700" lon="6.834750">
						<ele>1936</ele>
						<time>2026-05-01T11:45:32Z</time>
					</trkpt>
					<trkpt lat="45.950790" lon="6.834840">
						<ele>1937</ele>
						<time>2026-05-01T11:45:47Z</time>
					</trkpt>
					<trkpt lat="45.951060" lon="6.834920">
						<ele>1934</ele>
						<time>2026-05-01T11:46:24Z</time>
					</trkpt>
					<trkpt lat="45.951180" lon="6.835010">
						<ele>1935</ele>
						<time>2026-05-01T11:46:42Z</time>
					</trkpt>
					<trkpt lat="45.951280" lon="6.835020">
						<ele>1933</ele>
						<time>2026-05-01T11:46:55Z</time>
					</trkpt>
					<trkpt lat="45.951380" lon="6.835110">
						<ele>1934</ele>
						<time>2026-05-01T11:47:11Z</time>
					</trkpt>
					<trkpt lat="45.951460" lon="6.835100">
						<ele>1932</ele>
						<time>2026-05-01T11:47:22Z</time>
					</trkpt>
					<trkpt lat="45.951790" lon="6.835240">
						<ele>1929</ele>
						<time>2026-05-01T11:48:08Z</time>
					</trkpt>
					<trkpt lat="45.952000" lon="6.835240">
						<ele>1924</ele>
						<time>2026-05-01T11:48:36Z</time>
					</trkpt>
					<trkpt lat="45.952000" lon="6.835240">
						<ele>1924</ele>
						<time>2026-05-01T11:48:36Z</time>
					</trkpt>
					<trkpt lat="45.952040" lon="6.835230">
						<ele>1923</ele>
						<time>2026-05-01T11:48:41Z</time>
					</trkpt>
					<trkpt lat="45.952090" lon="6.835170">
						<ele>1920</ele>
						<time>2026-05-01T11:48:50Z</time>
					</trkpt>
					<trkpt lat="45.952130" lon="6.835150">
						<ele>1918</ele>
						<time>2026-05-01T11:48:55Z</time>
					</trkpt>
					<trkpt lat="45.952170" lon="6.835150">
						<ele>1917</ele>
						<time>2026-05-01T11:49:01Z</time>
					</trkpt>
					<trkpt lat="45.952210" lon="6.835190">
						<ele>1918</ele>
						<time>2026-05-01T11:49:07Z</time>
					</trkpt>
					<trkpt lat="45.952270" lon="6.835190">
						<ele>1916</ele>
						<time>2026-05-01T11:49:15Z</time>
					</trkpt>
					<trkpt lat="45.952480" lon="6.835330">
						<ele>1916</ele>
						<time>2026-05-01T11:49:46Z</time>
					</trkpt>
					<trkpt lat="45.952550" lon="6.835500">
						<ele>1921</ele>
						<time>2026-05-01T11:50:04Z</time>
					</trkpt>
					<trkpt lat="45.952580" lon="6.835500">
						<ele>1920</ele>
						<time>2026-05-01T11:50:08Z</time>
					</trkpt>
					<trkpt lat="45.952580" lon="6.835500">
						<ele>1920</ele>
						<time>2026-05-01T11:50:08Z</time>
					</trkpt>
					<trkpt lat="45.952730" lon="6.835450">
						<ele>1917</ele>
						<time>2026-05-01T11:50:29Z</time>
					</trkpt>
					<trkpt lat="45.952830" lon="6.835520">
						<ele>1918</ele>
						<time>2026-05-01T11:50:44Z</time>
					</trkpt>
					<trkpt lat="45.952860" lon="6.835500">
						<ele>1917</ele>
						<time>2026-05-01T11:50:48Z</time>
					</trkpt>
					<trkpt lat="45.952860" lon="6.835500">
						<ele>1917</ele>
						<time>2026-05-01T11:50:48Z</time>
					</trkpt>
					<trkpt lat="45.952960" lon="6.835190">
						<ele>1905</ele>
						<time>2026-05-01T11:51:20Z</time>
					</trkpt>
					<trkpt lat="45.953010" lon="6.835150">
						<ele>1903</ele>
						<time>2026-05-01T11:51:28Z</time>
					</trkpt>
					<trkpt lat="45.953420" lon="6.835040">
						<ele>1894</ele>
						<time>2026-05-01T11:52:23Z</time>
					</trkpt>
					<trkpt lat="45.953450" lon="6.835010">
						<ele>1892</ele>
						<time>2026-05-01T11:52:28Z</time>
					</trkpt>
					<trkpt lat="45.953550" lon="6.835030">
						<ele>1891</ele>
						<time>2026-05-01T11:52:42Z</time>
					</trkpt>
					<trkpt lat="45.953560" lon="6.835100">
						<ele>1894</ele>
						<time>2026-05-01T11:52:48Z</time>
					</trkpt>
					<trkpt lat="45.953610" lon="6.835130">
						<ele>1894</ele>
						<time>2026-05-01T11:52:55Z</time>
					</trkpt>
					<trkpt lat="45.953610" lon="6.835130">
						<ele>1894</ele>
						<time>2026-05-01T11:52:55Z</time>
					</trkpt>
					<trkpt lat="45.953660" lon="6.835130">
						<ele>1894</ele>
						<time>2026-05-01T11:53:02Z</time>
					</trkpt>
					<trkpt lat="45.953660" lon="6.835130">
						<ele>1894</ele>
						<time>2026-05-01T11:53:02Z</time>
					</trkpt>
					<trkpt lat="45.953700" lon="6.835070">
						<ele>1890</ele>
						<time>2026-05-01T11:53:10Z</time>
					</trkpt>
					<trkpt lat="45.953850" lon="6.834980">
						<ele>1883</ele>
						<time>2026-05-01T11:53:32Z</time>
					</trkpt>
					<trkpt lat="45.954100" lon="6.834870">
						<ele>1877</ele>
						<time>2026-05-01T11:54:06Z</time>
					</trkpt>
					<trkpt lat="45.954220" lon="6.834860">
						<ele>1878</ele>
						<time>2026-05-01T11:54:22Z</time>
					</trkpt>
					<trkpt lat="45.954250" lon="6.834880">
						<ele>1879</ele>
						<time>2026-05-01T11:54:27Z</time>
					</trkpt>
					<trkpt lat="45.954270" lon="6.834970">
						<ele>1880</ele>
						<time>2026-05-01T11:54:36Z</time>
					</trkpt>
					<trkpt lat="45.954290" lon="6.835020">
						<ele>1883</ele>
						<time>2026-05-01T11:54:41Z</time>
					</trkpt>
					<trkpt lat="45.954290" lon="6.835020">
						<ele>1883</ele>
						<time>2026-05-01T11:54:41Z</time>
					</trkpt>
					<trkpt lat="45.954440" lon="6.834850">
						<ele>1885</ele>
						<time>2026-05-01T11:55:07Z</time>
					</trkpt>
					<trkpt lat="45.954530" lon="6.834810">
						<ele>1887</ele>
						<time>2026-05-01T11:55:19Z</time>
					</trkpt>
					<trkpt lat="45.954600" lon="6.834800">
						<ele>1889</ele>
						<time>2026-05-01T11:55:28Z</time>
					</trkpt>
					<trkpt lat="45.954600" lon="6.834800">
						<ele>1889</ele>
						<time>2026-05-01T11:55:28Z</time>
					</trkpt>
					<trkpt lat="45.954640" lon="6.834720">
						<ele>1889</ele>
						<time>2026-05-01T11:55:38Z</time>
					</trkpt>
					<trkpt lat="45.954670" lon="6.834720">
						<ele>1889</ele>
						<time>2026-05-01T11:55:42Z</time>
					</trkpt>
					<trkpt lat="45.954720" lon="6.834800">
						<ele>1892</ele>
						<time>2026-05-01T11:55:52Z</time>
					</trkpt>
					<trkpt lat="45.954760" lon="6.834800">
						<ele>1894</ele>
						<time>2026-05-01T11:55:57Z</time>
					</trkpt>
					<trkpt lat="45.954760" lon="6.834800">
						<ele>1894</ele>
						<time>2026-05-01T11:55:57Z</time>
					</trkpt>
					<trkpt lat="45.954930" lon="6.834400">
						<ele>1889</ele>
						<time>2026-05-01T11:56:40Z</time>
					</trkpt>
					<trkpt lat="45.955040" lon="6.834310">
						<ele>1889</ele>
						<time>2026-05-01T11:56:57Z</time>
					</trkpt>
					<trkpt lat="45.955100" lon="6.834290">
						<ele>1890</ele>
						<time>2026-05-01T11:57:06Z</time>
					</trkpt>
					<trkpt lat="45.955510" lon="6.833810">
						<ele>1885</ele>
						<time>2026-05-01T11:58:16Z</time>
					</trkpt>
					<trkpt lat="45.955640" lon="6.833550">
						<ele>1880</ele>
						<time>2026-05-01T11:58:46Z</time>
					</trkpt>
					<trkpt lat="45.955700" lon="6.833490">
						<ele>1880</ele>
						<time>2026-05-01T11:58:56Z</time>
					</trkpt>
					<trkpt lat="45.955720" lon="6.833450">
						<ele>1879</ele>
						<time>2026-05-01T11:59:00Z</time>
					</trkpt>
					<trkpt lat="45.955770" lon="6.833430">
						<ele>1880</ele>
						<time>2026-05-01T11:59:07Z</time>
					</trkpt>
					<trkpt lat="45.955820" lon="6.833300">
						<ele>1878</ele>
						<time>2026-05-01T11:59:21Z</time>
					</trkpt>
					<trkpt lat="45.955900" lon="6.833200">
						<ele>1877</ele>
						<time>2026-05-01T11:59:35Z</time>
					</trkpt>
					<trkpt lat="45.955910" lon="6.833150">
						<ele>1875</ele>
						<time>2026-05-01T11:59:40Z</time>
					</trkpt>
					<trkpt lat="45.955950" lon="6.833060">
						<ele>1874</ele>
						<time>2026-05-01T11:59:50Z</time>
					</trkpt>
					<trkpt lat="45.955990" lon="6.833020">
						<ele>1873</ele>
						<time>2026-05-01T11:59:56Z</time>
					</trkpt>
					<trkpt lat="45.956280" lon="6.832970">
						<ele>1874</ele>
						<time>2026-05-01T12:00:35Z</time>
					</trkpt>
					<trkpt lat="45.956380" lon="6.832900">
						<ele>1873</ele>
						<time>2026-05-01T12:00:50Z</time>
					</trkpt>
					<trkpt lat="45.956550" lon="6.832920">
						<ele>1875</ele>
						<time>2026-05-01T12:01:13Z</time>
					</trkpt>
					<trkpt lat="45.956720" lon="6.832800">
						<ele>1872</ele>
						<time>2026-05-01T12:01:38Z</time>
					</trkpt>
					<trkpt lat="45.956740" lon="6.832760">
						<ele>1871</ele>
						<time>2026-05-01T12:01:43Z</time>
					</trkpt>
					<trkpt lat="45.956990" lon="6.832590">
						<ele>1864</ele>
						<time>2026-05-01T12:02:20Z</time>
					</trkpt>
					<trkpt lat="45.957090" lon="6.832490">
						<ele>1859</ele>
						<time>2026-05-01T12:02:36Z</time>
					</trkpt>
					<trkpt lat="45.957200" lon="6.832480">
						<ele>1858</ele>
						<time>2026-05-01T12:02:50Z</time>
					</trkpt>
					<trkpt lat="45.957200" lon="6.832480">
						<ele>1858</ele>
						<time>2026-05-01T12:02:50Z</time>
					</trkpt>
					<trkpt lat="45.957300" lon="6.832450">
						<ele>1856</ele>
						<time>2026-05-01T12:03:04Z</time>
					</trkpt>
					<trkpt lat="45.957390" lon="6.832330">
						<ele>1853</ele>
						<time>2026-05-01T12:03:20Z</time>
					</trkpt>
					<trkpt lat="45.957460" lon="6.832320">
						<ele>1852</ele>
						<time>2026-05-01T12:03:30Z</time>
					</trkpt>
					<trkpt lat="45.957460" lon="6.832320">
						<ele>1852</ele>
						<time>2026-05-01T12:03:30Z</time>
					</trkpt>
					<trkpt lat="45.957490" lon="6.832280">
						<ele>1851</ele>
						<time>2026-05-01T12:03:35Z</time>
					</trkpt>
					<trkpt lat="45.957550" lon="6.832280">
						<ele>1851</ele>
						<time>2026-05-01T12:03:43Z</time>
					</trkpt>
					<trkpt lat="45.957630" lon="6.832200">
						<ele>1849</ele>
						<time>2026-05-01T12:03:56Z</time>
					</trkpt>
					<trkpt lat="45.957670" lon="6.832190">
						<ele>1849</ele>
						<time>2026-05-01T12:04:02Z</time>
					</trkpt>
					<trkpt lat="45.957700" lon="6.832240">
						<ele>1850</ele>
						<time>2026-05-01T12:04:08Z</time>
					</trkpt>
					<trkpt lat="45.957770" lon="6.832240">
						<ele>1850</ele>
						<time>2026-05-01T12:04:17Z</time>
					</trkpt>
					<trkpt lat="45.957830" lon="6.832220">
						<ele>1849</ele>
						<time>2026-05-01T12:04:25Z</time>
					</trkpt>
					<trkpt lat="45.957900" lon="6.832140">
						<ele>1847</ele>
						<time>2026-05-01T12:04:37Z</time>
					</trkpt>
					<trkpt lat="45.957980" lon="6.832130">
						<ele>1846</ele>
						<time>2026-05-01T12:04:48Z</time>
					</trkpt>
					<trkpt lat="45.958290" lon="6.831990">
						<ele>1840</ele>
						<time>2026-05-01T12:05:31Z</time>
					</trkpt>
					<trkpt lat="45.958650" lon="6.831990">
						<ele>1841</ele>
						<time>2026-05-01T12:06:19Z</time>
					</trkpt>
					<trkpt lat="45.958670" lon="6.831930">
						<ele>1840</ele>
						<time>2026-05-01T12:06:26Z</time>
					</trkpt>
					<trkpt lat="45.958720" lon="6.831890">
						<ele>1839</ele>
						<time>2026-05-01T12:06:33Z</time>
					</trkpt>
					<trkpt lat="45.958790" lon="6.831870">
						<ele>1839</ele>
						<time>2026-05-01T12:06:43Z</time>
					</trkpt>
					<trkpt lat="45.958850" lon="6.831780">
						<ele>1837</ele>
						<time>2026-05-01T12:06:54Z</time>
					</trkpt>
					<trkpt lat="45.958850" lon="6.831780">
						<ele>1837</ele>
						<time>2026-05-01T12:06:54Z</time>
					</trkpt>
					<trkpt lat="45.958880" lon="6.831760">
						<ele>1836</ele>
						<time>2026-05-01T12:06:59Z</time>
					</trkpt>
					<trkpt lat="45.958910" lon="6.831690">
						<ele>1835</ele>
						<time>2026-05-01T12:07:06Z</time>
					</trkpt>
					<trkpt lat="45.958950" lon="6.831650">
						<ele>1834</ele>
						<time>2026-05-01T12:07:13Z</time>
					</trkpt>
					<trkpt lat="45.959100" lon="6.831590">
						<ele>1834</ele>
						<time>2026-05-01T12:07:34Z</time>
					</trkpt>
					<trkpt lat="45.959190" lon="6.831510">
						<ele>1834</ele>
						<time>2026-05-01T12:07:48Z</time>
					</trkpt>
					<trkpt lat="45.959230" lon="6.831500">
						<ele>1834</ele>
						<time>2026-05-01T12:07:53Z</time>
					</trkpt>
					<trkpt lat="45.959280" lon="6.831410">
						<ele>1833</ele>
						<time>2026-05-01T12:08:04Z</time>
					</trkpt>
					<trkpt lat="45.959290" lon="6.831330">
						<ele>1832</ele>
						<time>2026-05-01T12:08:11Z</time>
					</trkpt>
					<trkpt lat="45.959340" lon="6.831260">
						<ele>1831</ele>
						<time>2026-05-01T12:08:21Z</time>
					</trkpt>
					<trkpt lat="45.959340" lon="6.831260">
						<ele>1831</ele>
						<time>2026-05-01T12:08:21Z</time>
					</trkpt>
					<trkpt lat="45.959420" lon="6.831120">
						<ele>1829</ele>
						<time>2026-05-01T12:08:38Z</time>
					</trkpt>
					<trkpt lat="45.959540" lon="6.831060">
						<ele>1828</ele>
						<time>2026-05-01T12:08:55Z</time>
					</trkpt>
					<trkpt lat="45.959610" lon="6.831070">
						<ele>1829</ele>
						<time>2026-05-01T12:09:04Z</time>
					</trkpt>
					<trkpt lat="45.959740" lon="6.831040">
						<ele>1829</ele>
						<time>2026-05-01T12:09:22Z</time>
					</trkpt>
					<trkpt lat="45.959740" lon="6.831000">
						<ele>1828</ele>
						<time>2026-05-01T12:09:25Z</time>
					</trkpt>
					<trkpt lat="45.959730" lon="6.830920">
						<ele>1825</ele>
						<time>2026-05-01T12:09:33Z</time>
					</trkpt>
					<trkpt lat="45.959750" lon="6.830820">
						<ele>1823</ele>
						<time>2026-05-01T12:09:42Z</time>
					</trkpt>
					<trkpt lat="45.959780" lon="6.830790">
						<ele>1822</ele>
						<time>2026-05-01T12:09:47Z</time>
					</trkpt>
					<trkpt lat="45.959990" lon="6.830840">
						<ele>1823</ele>
						<time>2026-05-01T12:10:16Z</time>
					</trkpt>
					<trkpt lat="45.959990" lon="6.830840">
						<ele>1823</ele>
						<time>2026-05-01T12:10:16Z</time>
					</trkpt>
					<trkpt lat="45.960210" lon="6.830850">
						<ele>1825</ele>
						<time>2026-05-01T12:10:45Z</time>
					</trkpt>
					<trkpt lat="45.960250" lon="6.830840">
						<ele>1825</ele>
						<time>2026-05-01T12:10:50Z</time>
					</trkpt>
					<trkpt lat="45.960310" lon="6.830760">
						<ele>1822</ele>
						<time>2026-05-01T12:11:01Z</time>
					</trkpt>
					<trkpt lat="45.960310" lon="6.830760">
						<ele>1822</ele>
						<time>2026-05-01T12:11:01Z</time>
					</trkpt>
					<trkpt lat="45.960380" lon="6.830710">
						<ele>1821</ele>
						<time>2026-05-01T12:11:12Z</time>
					</trkpt>
					<trkpt lat="45.960450" lon="6.830710">
						<ele>1821</ele>
						<time>2026-05-01T12:11:21Z</time>
					</trkpt>
					<trkpt lat="45.960530" lon="6.830670">
						<ele>1820</ele>
						<time>2026-05-01T12:11:32Z</time>
					</trkpt>
					<trkpt lat="45.960670" lon="6.830570">
						<ele>1818</ele>
						<time>2026-05-01T12:11:53Z</time>
					</trkpt>
					<trkpt lat="45.960770" lon="6.830450">
						<ele>1814</ele>
						<time>2026-05-01T12:12:11Z</time>
					</trkpt>
					<trkpt lat="45.960860" lon="6.830410">
						<ele>1814</ele>
						<time>2026-05-01T12:12:23Z</time>
					</trkpt>
					<trkpt lat="45.960940" lon="6.830270">
						<ele>1812</ele>
						<time>2026-05-01T12:12:40Z</time>
					</trkpt>
					<trkpt lat="45.961000" lon="6.830140">
						<ele>1810</ele>
						<time>2026-05-01T12:12:55Z</time>
					</trkpt>
					<trkpt lat="45.961020" lon="6.830120">
						<ele>1810</ele>
						<time>2026-05-01T12:12:58Z</time>
					</trkpt>
					<trkpt lat="45.961140" lon="6.829900">
						<ele>1807</ele>
						<time>2026-05-01T12:13:24Z</time>
					</trkpt>
					<trkpt lat="45.961180" lon="6.829860">
						<ele>1807</ele>
						<time>2026-05-01T12:13:30Z</time>
					</trkpt>
					<trkpt lat="45.961260" lon="6.829810">
						<ele>1808</ele>
						<time>2026-05-01T12:13:42Z</time>
					</trkpt>
					<trkpt lat="45.961320" lon="6.829720">
						<ele>1807</ele>
						<time>2026-05-01T12:13:53Z</time>
					</trkpt>
					<trkpt lat="45.961330" lon="6.829560">
						<ele>1802</ele>
						<time>2026-05-01T12:14:08Z</time>
					</trkpt>
					<trkpt lat="45.961380" lon="6.829480">
						<ele>1801</ele>
						<time>2026-05-01T12:14:18Z</time>
					</trkpt>
					<trkpt lat="45.961410" lon="6.829310">
						<ele>1797</ele>
						<time>2026-05-01T12:14:35Z</time>
					</trkpt>
					<trkpt lat="45.961450" lon="6.829230">
						<ele>1796</ele>
						<time>2026-05-01T12:14:44Z</time>
					</trkpt>
					<trkpt lat="45.961590" lon="6.829000">
						<ele>1790</ele>
						<time>2026-05-01T12:15:12Z</time>
					</trkpt>
					<trkpt lat="45.961700" lon="6.828890">
						<ele>1789</ele>
						<time>2026-05-01T12:15:30Z</time>
					</trkpt>
					<trkpt lat="45.961880" lon="6.828650">
						<ele>1783</ele>
						<time>2026-05-01T12:16:03Z</time>
					</trkpt>
					<trkpt lat="45.962050" lon="6.828550">
						<ele>1784</ele>
						<time>2026-05-01T12:16:27Z</time>
					</trkpt>
					<trkpt lat="45.962270" lon="6.828290">
						<ele>1777</ele>
						<time>2026-05-01T12:17:05Z</time>
					</trkpt>
					<trkpt lat="45.962440" lon="6.828160">
						<ele>1776</ele>
						<time>2026-05-01T12:17:31Z</time>
					</trkpt>
					<trkpt lat="45.962510" lon="6.828070">
						<ele>1775</ele>
						<time>2026-05-01T12:17:43Z</time>
					</trkpt>
					<trkpt lat="45.962590" lon="6.827950">
						<ele>1773</ele>
						<time>2026-05-01T12:17:59Z</time>
					</trkpt>
					<trkpt lat="45.962650" lon="6.827940">
						<ele>1775</ele>
						<time>2026-05-01T12:18:07Z</time>
					</trkpt>
					<trkpt lat="45.962690" lon="6.827880">
						<ele>1774</ele>
						<time>2026-05-01T12:18:15Z</time>
					</trkpt>
					<trkpt lat="45.962700" lon="6.827810">
						<ele>1772</ele>
						<time>2026-05-01T12:18:21Z</time>
					</trkpt>
					<trkpt lat="45.962770" lon="6.827760">
						<ele>1772</ele>
						<time>2026-05-01T12:18:32Z</time>
					</trkpt>
					<trkpt lat="45.962840" lon="6.827630">
						<ele>1769</ele>
						<time>2026-05-01T12:18:47Z</time>
					</trkpt>
					<trkpt lat="45.962960" lon="6.827500">
						<ele>1768</ele>
						<time>2026-05-01T12:19:07Z</time>
					</trkpt>
					<trkpt lat="45.963030" lon="6.827480">
						<ele>1770</ele>
						<time>2026-05-01T12:19:17Z</time>
					</trkpt>
					<trkpt lat="45.963100" lon="6.827420">
						<ele>1770</ele>
						<time>2026-05-01T12:19:27Z</time>
					</trkpt>
					<trkpt lat="45.963270" lon="6.827360">
						<ele>1774</ele>
						<time>2026-05-01T12:19:51Z</time>
					</trkpt>
					<trkpt lat="45.963450" lon="6.827200">
						<ele>1773</ele>
						<time>2026-05-01T12:20:19Z</time>
					</trkpt>
					<trkpt lat="45.963560" lon="6.827170">
						<ele>1774</ele>
						<time>2026-05-01T12:20:34Z</time>
					</trkpt>
					<trkpt lat="45.963670" lon="6.827080">
						<ele>1774</ele>
						<time>2026-05-01T12:20:51Z</time>
					</trkpt>
					<trkpt lat="45.963730" lon="6.827100">
						<ele>1776</ele>
						<time>2026-05-01T12:20:59Z</time>
					</trkpt>
					<trkpt lat="45.963800" lon="6.827080">
						<ele>1776</ele>
						<time>2026-05-01T12:21:09Z</time>
					</trkpt>
					<trkpt lat="45.963870" lon="6.827010">
						<ele>1775</ele>
						<time>2026-05-01T12:21:20Z</time>
					</trkpt>
					<trkpt lat="45.963960" lon="6.826830">
						<ele>1771</ele>
						<time>2026-05-01T12:21:41Z</time>
					</trkpt>
					<trkpt lat="45.964080" lon="6.826700">
						<ele>1768</ele>
						<time>2026-05-01T12:22:01Z</time>
					</trkpt>
					<trkpt lat="45.964070" lon="6.826640">
						<ele>1765</ele>
						<time>2026-05-01T12:22:06Z</time>
					</trkpt>
					<trkpt lat="45.964010" lon="6.826600">
						<ele>1761</ele>
						<time>2026-05-01T12:22:15Z</time>
					</trkpt>
					<trkpt lat="45.964010" lon="6.826570">
						<ele>1758</ele>
						<time>2026-05-01T12:22:18Z</time>
					</trkpt>
					<trkpt lat="45.964130" lon="6.826500">
						<ele>1755</ele>
						<time>2026-05-01T12:22:35Z</time>
					</trkpt>
					<trkpt lat="45.964160" lon="6.826460">
						<ele>1753</ele>
						<time>2026-05-01T12:22:41Z</time>
					</trkpt>
					<trkpt lat="45.964290" lon="6.826440">
						<ele>1749</ele>
						<time>2026-05-01T12:22:58Z</time>
					</trkpt>
					<trkpt lat="45.964450" lon="6.826460">
						<ele>1749</ele>
						<time>2026-05-01T12:23:20Z</time>
					</trkpt>
					<trkpt lat="45.964540" lon="6.826500">
						<ele>1750</ele>
						<time>2026-05-01T12:23:32Z</time>
					</trkpt>
					<trkpt lat="45.964600" lon="6.826550">
						<ele>1753</ele>
						<time>2026-05-01T12:23:41Z</time>
					</trkpt>
					<trkpt lat="45.964720" lon="6.826570">
						<ele>1753</ele>
						<time>2026-05-01T12:23:57Z</time>
					</trkpt>
					<trkpt lat="45.964820" lon="6.826700">
						<ele>1760</ele>
						<time>2026-05-01T12:24:15Z</time>
					</trkpt>
					<trkpt lat="45.964840" lon="6.826700">
						<ele>1759</ele>
						<time>2026-05-01T12:24:18Z</time>
					</trkpt>
					<trkpt lat="45.964880" lon="6.826620">
						<ele>1754</ele>
						<time>2026-05-01T12:24:27Z</time>
					</trkpt>
					<trkpt lat="45.964950" lon="6.826610">
						<ele>1752</ele>
						<time>2026-05-01T12:24:37Z</time>
					</trkpt>
					<trkpt lat="45.964970" lon="6.826580">
						<ele>1750</ele>
						<time>2026-05-01T12:24:41Z</time>
					</trkpt>
					<trkpt lat="45.964970" lon="6.826520">
						<ele>1746</ele>
						<time>2026-05-01T12:24:46Z</time>
					</trkpt>
					<trkpt lat="45.965050" lon="6.826490">
						<ele>1741</ele>
						<time>2026-05-01T12:24:57Z</time>
					</trkpt>
					<trkpt lat="45.965080" lon="6.826500">
						<ele>1741</ele>
						<time>2026-05-01T12:25:01Z</time>
					</trkpt>
					<trkpt lat="45.965140" lon="6.826470">
						<ele>1737</ele>
						<time>2026-05-01T12:25:10Z</time>
					</trkpt>
					<trkpt lat="45.965220" lon="6.826510">
						<ele>1737</ele>
						<time>2026-05-01T12:25:21Z</time>
					</trkpt>
					<trkpt lat="45.965330" lon="6.826460">
						<ele>1729</ele>
						<time>2026-05-01T12:25:36Z</time>
					</trkpt>
					<trkpt lat="45.965400" lon="6.826510">
						<ele>1730</ele>
						<time>2026-05-01T12:25:47Z</time>
					</trkpt>
					<trkpt lat="45.965470" lon="6.826490">
						<ele>1726</ele>
						<time>2026-05-01T12:25:56Z</time>
					</trkpt>
					<trkpt lat="45.965510" lon="6.826520">
						<ele>1727</ele>
						<time>2026-05-01T12:26:02Z</time>
					</trkpt>
					<trkpt lat="45.965620" lon="6.826660">
						<ele>1732</ele>
						<time>2026-05-01T12:26:22Z</time>
					</trkpt>
					<trkpt lat="45.965660" lon="6.826760">
						<ele>1735</ele>
						<time>2026-05-01T12:26:33Z</time>
					</trkpt>
					<trkpt lat="45.965710" lon="6.826770">
						<ele>1734</ele>
						<time>2026-05-01T12:26:39Z</time>
					</trkpt>
					<trkpt lat="45.965800" lon="6.826870">
						<ele>1736</ele>
						<time>2026-05-01T12:26:55Z</time>
					</trkpt>
					<trkpt lat="45.965870" lon="6.826870">
						<ele>1733</ele>
						<time>2026-05-01T12:27:04Z</time>
					</trkpt>
					<trkpt lat="45.965890" lon="6.826850">
						<ele>1731</ele>
						<time>2026-05-01T12:27:07Z</time>
					</trkpt>
					<trkpt lat="45.965950" lon="6.826830">
						<ele>1728</ele>
						<time>2026-05-01T12:27:15Z</time>
					</trkpt>
					<trkpt lat="45.965980" lon="6.826850">
						<ele>1728</ele>
						<time>2026-05-01T12:27:20Z</time>
					</trkpt>
					<trkpt lat="45.966130" lon="6.826890">
						<ele>1723</ele>
						<time>2026-05-01T12:27:40Z</time>
					</trkpt>
					<trkpt lat="45.966170" lon="6.826950">
						<ele>1725</ele>
						<time>2026-05-01T12:27:48Z</time>
					</trkpt>
					<trkpt lat="45.966220" lon="6.827160">
						<ele>1734</ele>
						<time>2026-05-01T12:28:08Z</time>
					</trkpt>
					<trkpt lat="45.966300" lon="6.827270">
						<ele>1737</ele>
						<time>2026-05-01T12:28:23Z</time>
					</trkpt>
					<trkpt lat="45.966300" lon="6.827270">
						<ele>1737</ele>
						<time>2026-05-01T12:28:23Z</time>
					</trkpt>
					<trkpt lat="45.966420" lon="6.827260">
						<ele>1731</ele>
						<time>2026-05-01T12:28:39Z</time>
					</trkpt>
					<trkpt lat="45.966530" lon="6.827110">
						<ele>1718</ele>
						<time>2026-05-01T12:28:59Z</time>
					</trkpt>
					<trkpt lat="45.966610" lon="6.827090">
						<ele>1714</ele>
						<time>2026-05-01T12:29:10Z</time>
					</trkpt>
					<trkpt lat="45.966810" lon="6.827120">
						<ele>1707</ele>
						<time>2026-05-01T12:29:37Z</time>
					</trkpt>
					<trkpt lat="45.967500" lon="6.827430">
						<ele>1694</ele>
						<time>2026-05-01T12:31:14Z</time>
					</trkpt>
					<trkpt lat="45.967630" lon="6.827470">
						<ele>1690</ele>
						<time>2026-05-01T12:31:31Z</time>
					</trkpt>
					<trkpt lat="45.967710" lon="6.827540">
						<ele>1689</ele>
						<time>2026-05-01T12:31:44Z</time>
					</trkpt>
					<trkpt lat="45.967810" lon="6.827530">
						<ele>1684</ele>
						<time>2026-05-01T12:31:57Z</time>
					</trkpt>
					<trkpt lat="45.967920" lon="6.827590">
						<ele>1681</ele>
						<time>2026-05-01T12:32:13Z</time>
					</trkpt>
					<trkpt lat="45.968060" lon="6.827620">
						<ele>1676</ele>
						<time>2026-05-01T12:32:32Z</time>
					</trkpt>
					<trkpt lat="45.968140" lon="6.827690">
						<ele>1675</ele>
						<time>2026-05-01T12:32:44Z</time>
					</trkpt>
					<trkpt lat="45.968430" lon="6.827730">
						<ele>1663</ele>
						<time>2026-05-01T12:33:23Z</time>
					</trkpt>
					<trkpt lat="45.968700" lon="6.827830">
						<ele>1659</ele>
						<time>2026-05-01T12:34:00Z</time>
					</trkpt>
					<trkpt lat="45.968780" lon="6.827900">
						<ele>1659</ele>
						<time>2026-05-01T12:34:13Z</time>
					</trkpt>
					<trkpt lat="45.968910" lon="6.827950">
						<ele>1656</ele>
						<time>2026-05-01T12:34:31Z</time>
					</trkpt>
					<trkpt lat="45.969230" lon="6.828010">
						<ele>1647</ele>
						<time>2026-05-01T12:35:14Z</time>
					</trkpt>
					<trkpt lat="45.969580" lon="6.828180">
						<ele>1642</ele>
						<time>2026-05-01T12:36:03Z</time>
					</trkpt>
					<trkpt lat="45.969640" lon="6.828180">
						<ele>1640</ele>
						<time>2026-05-01T12:36:11Z</time>
					</trkpt>
					<trkpt lat="45.969910" lon="6.828320">
						<ele>1635</ele>
						<time>2026-05-01T12:36:50Z</time>
					</trkpt>
					<trkpt lat="45.970040" lon="6.828340">
						<ele>1631</ele>
						<time>2026-05-01T12:37:07Z</time>
					</trkpt>
					<trkpt lat="45.970220" lon="6.828420">
						<ele>1630</ele>
						<time>2026-05-01T12:37:32Z</time>
					</trkpt>
					<trkpt lat="45.970230" lon="6.828390">
						<ele>1629</ele>
						<time>2026-05-01T12:37:35Z</time>
					</trkpt>
					<trkpt lat="45.969920" lon="6.827920">
						<ele>1623</ele>
						<time>2026-05-01T12:38:35Z</time>
					</trkpt>
					<trkpt lat="45.969700" lon="6.827450">
						<ele>1616</ele>
						<time>2026-05-01T12:39:28Z</time>
					</trkpt>
					<trkpt lat="45.969600" lon="6.827350">
						<ele>1615</ele>
						<time>2026-05-01T12:39:44Z</time>
					</trkpt>
					<trkpt lat="45.969590" lon="6.827320">
						<ele>1615</ele>
						<time>2026-05-01T12:39:47Z</time>
					</trkpt>
					<trkpt lat="45.969600" lon="6.827290">
						<ele>1614</ele>
						<time>2026-05-01T12:39:50Z</time>
					</trkpt>
					<trkpt lat="45.969770" lon="6.827350">
						<ele>1612</ele>
						<time>2026-05-01T12:40:14Z</time>
					</trkpt>
					<trkpt lat="45.969830" lon="6.827330">
						<ele>1611</ele>
						<time>2026-05-01T12:40:22Z</time>
					</trkpt>
					<trkpt lat="45.969910" lon="6.827190">
						<ele>1608</ele>
						<time>2026-05-01T12:40:39Z</time>
					</trkpt>
					<trkpt lat="45.969920" lon="6.827120">
						<ele>1607</ele>
						<time>2026-05-01T12:40:45Z</time>
					</trkpt>
					<trkpt lat="45.969910" lon="6.826970">
						<ele>1605</ele>
						<time>2026-05-01T12:40:59Z</time>
					</trkpt>
					<trkpt lat="45.969920" lon="6.826860">
						<ele>1603</ele>
						<time>2026-05-01T12:41:10Z</time>
					</trkpt>
					<trkpt lat="45.969850" lon="6.826720">
						<ele>1602</ele>
						<time>2026-05-01T12:41:26Z</time>
					</trkpt>
					<trkpt lat="45.969760" lon="6.826670">
						<ele>1601</ele>
						<time>2026-05-01T12:41:38Z</time>
					</trkpt>
					<trkpt lat="45.969710" lon="6.826620">
						<ele>1601</ele>
						<time>2026-05-01T12:41:47Z</time>
					</trkpt>
					<trkpt lat="45.969690" lon="6.826570">
						<ele>1602</ele>
						<time>2026-05-01T12:41:52Z</time>
					</trkpt>
					<trkpt lat="45.969740" lon="6.826260">
						<ele>1608</ele>
						<time>2026-05-01T12:42:21Z</time>
					</trkpt>
					<trkpt lat="45.969690" lon="6.826040">
						<ele>1611</ele>
						<time>2026-05-01T12:42:43Z</time>
					</trkpt>
					<trkpt lat="45.969590" lon="6.825860">
						<ele>1609</ele>
						<time>2026-05-01T12:43:04Z</time>
					</trkpt>
					<trkpt lat="45.969570" lon="6.825780">
						<ele>1610</ele>
						<time>2026-05-01T12:43:12Z</time>
					</trkpt>
					<trkpt lat="45.969530" lon="6.825740">
						<ele>1609</ele>
						<time>2026-05-01T12:43:19Z</time>
					</trkpt>
					<trkpt lat="45.969360" lon="6.825610">
						<ele>1603</ele>
						<time>2026-05-01T12:43:44Z</time>
					</trkpt>
					<trkpt lat="45.969310" lon="6.825510">
						<ele>1602</ele>
						<time>2026-05-01T12:43:56Z</time>
					</trkpt>
					<trkpt lat="45.969330" lon="6.825410">
						<ele>1605</ele>
						<time>2026-05-01T12:44:05Z</time>
					</trkpt>
					<trkpt lat="45.969360" lon="6.825340">
						<ele>1607</ele>
						<time>2026-05-01T12:44:13Z</time>
					</trkpt>
					<trkpt lat="45.969330" lon="6.825260">
						<ele>1607</ele>
						<time>2026-05-01T12:44:21Z</time>
					</trkpt>
					<trkpt lat="45.969350" lon="6.825220">
						<ele>1609</ele>
						<time>2026-05-01T12:44:26Z</time>
					</trkpt>
					<trkpt lat="45.969490" lon="6.825230">
						<ele>1616</ele>
						<time>2026-05-01T12:44:45Z</time>
					</trkpt>
					<trkpt lat="45.969610" lon="6.825340">
						<ele>1620</ele>
						<time>2026-05-01T12:45:04Z</time>
					</trkpt>
					<trkpt lat="45.969680" lon="6.825330">
						<ele>1624</ele>
						<time>2026-05-01T12:45:13Z</time>
					</trkpt>
					<trkpt lat="45.969800" lon="6.825370">
						<ele>1630</ele>
						<time>2026-05-01T12:45:30Z</time>
					</trkpt>
					<trkpt lat="45.969930" lon="6.825440">
						<ele>1634</ele>
						<time>2026-05-01T12:45:48Z</time>
					</trkpt>
					<trkpt lat="45.970080" lon="6.825600">
						<ele>1638</ele>
						<time>2026-05-01T12:46:13Z</time>
					</trkpt>
					<trkpt lat="45.970130" lon="6.825580">
						<ele>1642</ele>
						<time>2026-05-01T12:46:20Z</time>
					</trkpt>
					<trkpt lat="45.970110" lon="6.825520">
						<ele>1643</ele>
						<time>2026-05-01T12:46:26Z</time>
					</trkpt>
					<trkpt lat="45.970050" lon="6.825450">
						<ele>1641</ele>
						<time>2026-05-01T12:46:36Z</time>
					</trkpt>
					<trkpt lat="45.970060" lon="6.825410">
						<ele>1643</ele>
						<time>2026-05-01T12:46:40Z</time>
					</trkpt>
					<trkpt lat="45.970000" lon="6.825270">
						<ele>1643</ele>
						<time>2026-05-01T12:46:56Z</time>
					</trkpt>
					<trkpt lat="45.969960" lon="6.825120">
						<ele>1644</ele>
						<time>2026-05-01T12:47:11Z</time>
					</trkpt>
					<trkpt lat="45.969820" lon="6.824870">
						<ele>1642</ele>
						<time>2026-05-01T12:47:40Z</time>
					</trkpt>
					<trkpt lat="45.969780" lon="6.824770">
						<ele>1641</ele>
						<time>2026-05-01T12:47:51Z</time>
					</trkpt>
					<trkpt lat="45.969730" lon="6.824530">
						<ele>1642</ele>
						<time>2026-05-01T12:48:14Z</time>
					</trkpt>
					<trkpt lat="45.969640" lon="6.824370">
						<ele>1641</ele>
						<time>2026-05-01T12:48:33Z</time>
					</trkpt>
					<trkpt lat="45.969610" lon="6.824250">
						<ele>1642</ele>
						<time>2026-05-01T12:48:45Z</time>
					</trkpt>
					<trkpt lat="45.969500" lon="6.824000">
						<ele>1646</ele>
						<time>2026-05-01T12:49:13Z</time>
					</trkpt>
					<trkpt lat="45.969490" lon="6.823920">
						<ele>1649</ele>
						<time>2026-05-01T12:49:20Z</time>
					</trkpt>
					<trkpt lat="45.969340" lon="6.823790">
						<ele>1649</ele>
						<time>2026-05-01T12:49:43Z</time>
					</trkpt>
					<trkpt lat="45.969310" lon="6.823740">
						<ele>1650</ele>
						<time>2026-05-01T12:49:50Z</time>
					</trkpt>
					<trkpt lat="45.969170" lon="6.823650">
						<ele>1649</ele>
						<time>2026-05-01T12:50:10Z</time>
					</trkpt>
					<trkpt lat="45.969140" lon="6.823610">
						<ele>1651</ele>
						<time>2026-05-01T12:50:16Z</time>
					</trkpt>
					<trkpt lat="45.969020" lon="6.823530">
						<ele>1652</ele>
						<time>2026-05-01T12:50:33Z</time>
					</trkpt>
					<trkpt lat="45.968910" lon="6.823330">
						<ele>1660</ele>
						<time>2026-05-01T12:50:57Z</time>
					</trkpt>
					<trkpt lat="45.968770" lon="6.823250">
						<ele>1661</ele>
						<time>2026-05-01T12:51:17Z</time>
					</trkpt>
					<trkpt lat="45.968720" lon="6.823190">
						<ele>1663</ele>
						<time>2026-05-01T12:51:26Z</time>
					</trkpt>
					<trkpt lat="45.968540" lon="6.823150">
						<ele>1662</ele>
						<time>2026-05-01T12:51:50Z</time>
					</trkpt>
					<trkpt lat="45.968490" lon="6.823100">
						<ele>1664</ele>
						<time>2026-05-01T12:51:58Z</time>
					</trkpt>
					<trkpt lat="45.968470" lon="6.823050">
						<ele>1666</ele>
						<time>2026-05-01T12:52:03Z</time>
					</trkpt>
					<trkpt lat="45.968390" lon="6.822970">
						<ele>1669</ele>
						<time>2026-05-01T12:52:16Z</time>
					</trkpt>
					<trkpt lat="45.968250" lon="6.822950">
						<ele>1669</ele>
						<time>2026-05-01T12:52:35Z</time>
					</trkpt>
					<trkpt lat="45.968200" lon="6.822920">
						<ele>1670</ele>
						<time>2026-05-01T12:52:42Z</time>
					</trkpt>
					<trkpt lat="45.968120" lon="6.822740">
						<ele>1679</ele>
						<time>2026-05-01T12:53:02Z</time>
					</trkpt>
					<trkpt lat="45.968030" lon="6.822710">
						<ele>1681</ele>
						<time>2026-05-01T12:53:15Z</time>
					</trkpt>
					<trkpt lat="45.968000" lon="6.822650">
						<ele>1683</ele>
						<time>2026-05-01T12:53:21Z</time>
					</trkpt>
					<trkpt lat="45.968000" lon="6.822550">
						<ele>1688</ele>
						<time>2026-05-01T12:53:31Z</time>
					</trkpt>
					<trkpt lat="45.967980" lon="6.822530">
						<ele>1689</ele>
						<time>2026-05-01T12:53:34Z</time>
					</trkpt>
					<trkpt lat="45.967890" lon="6.822490">
						<ele>1691</ele>
						<time>2026-05-01T12:53:47Z</time>
					</trkpt>
					<trkpt lat="45.967730" lon="6.822530">
						<ele>1688</ele>
						<time>2026-05-01T12:54:08Z</time>
					</trkpt>
					<trkpt lat="45.967700" lon="6.822580">
						<ele>1686</ele>
						<time>2026-05-01T12:54:14Z</time>
					</trkpt>
					<trkpt lat="45.967650" lon="6.822590">
						<ele>1685</ele>
						<time>2026-05-01T12:54:21Z</time>
					</trkpt>
					<trkpt lat="45.967650" lon="6.822460">
						<ele>1690</ele>
						<time>2026-05-01T12:54:33Z</time>
					</trkpt>
					<trkpt lat="45.967640" lon="6.822420">
						<ele>1690</ele>
						<time>2026-05-01T12:54:37Z</time>
					</trkpt>
					<trkpt lat="45.967590" lon="6.822380">
						<ele>1690</ele>
						<time>2026-05-01T12:54:45Z</time>
					</trkpt>
					<trkpt lat="45.967540" lon="6.822250">
						<ele>1689</ele>
						<time>2026-05-01T12:54:58Z</time>
					</trkpt>
					<trkpt lat="45.967550" lon="6.822150">
						<ele>1689</ele>
						<time>2026-05-01T12:55:08Z</time>
					</trkpt>
					<trkpt lat="45.967570" lon="6.822120">
						<ele>1690</ele>
						<time>2026-05-01T12:55:12Z</time>
					</trkpt>
					<trkpt lat="45.967530" lon="6.821850">
						<ele>1688</ele>
						<time>2026-05-01T12:55:37Z</time>
					</trkpt>
					<trkpt lat="45.967420" lon="6.821700">
						<ele>1683</ele>
						<time>2026-05-01T12:55:58Z</time>
					</trkpt>
					<trkpt lat="45.967320" lon="6.821380">
						<ele>1678</ele>
						<time>2026-05-01T12:56:30Z</time>
					</trkpt>
					<trkpt lat="45.967310" lon="6.821270">
						<ele>1677</ele>
						<time>2026-05-01T12:56:40Z</time>
					</trkpt>
					<trkpt lat="45.967340" lon="6.821070">
						<ele>1678</ele>
						<time>2026-05-01T12:56:59Z</time>
					</trkpt>
					<trkpt lat="45.967470" lon="6.820950">
						<ele>1684</ele>
						<time>2026-05-01T12:57:20Z</time>
					</trkpt>
					<trkpt lat="45.967480" lon="6.820920">
						<ele>1684</ele>
						<time>2026-05-01T12:57:23Z</time>
					</trkpt>
					<trkpt lat="45.967470" lon="6.820840">
						<ele>1684</ele>
						<time>2026-05-01T12:57:31Z</time>
					</trkpt>
					<trkpt lat="45.967510" lon="6.820560">
						<ele>1682</ele>
						<time>2026-05-01T12:57:57Z</time>
					</trkpt>
					<trkpt lat="45.967590" lon="6.820320">
						<ele>1684</ele>
						<time>2026-05-01T12:58:22Z</time>
					</trkpt>
					<trkpt lat="45.967760" lon="6.820150">
						<ele>1691</ele>
						<time>2026-05-01T12:58:49Z</time>
					</trkpt>
					<trkpt lat="45.968010" lon="6.820000">
						<ele>1703</ele>
						<time>2026-05-01T12:59:26Z</time>
					</trkpt>
					<trkpt lat="45.968070" lon="6.819900">
						<ele>1705</ele>
						<time>2026-05-01T12:59:38Z</time>
					</trkpt>
					<trkpt lat="45.968120" lon="6.819790">
						<ele>1705</ele>
						<time>2026-05-01T12:59:50Z</time>
					</trkpt>
					<trkpt lat="45.968310" lon="6.819560">
						<ele>1709</ele>
						<time>2026-05-01T13:00:23Z</time>
					</trkpt>
					<trkpt lat="45.968350" lon="6.819480">
						<ele>1710</ele>
						<time>2026-05-01T13:00:32Z</time>
					</trkpt>
					<trkpt lat="45.968410" lon="6.819410">
						<ele>1712</ele>
						<time>2026-05-01T13:00:43Z</time>
					</trkpt>
					<trkpt lat="45.968460" lon="6.819300">
						<ele>1712</ele>
						<time>2026-05-01T13:00:55Z</time>
					</trkpt>
					<trkpt lat="45.968530" lon="6.819220">
						<ele>1714</ele>
						<time>2026-05-01T13:01:07Z</time>
					</trkpt>
					<trkpt lat="45.968570" lon="6.819080">
						<ele>1714</ele>
						<time>2026-05-01T13:01:21Z</time>
					</trkpt>
					<trkpt lat="45.968620" lon="6.819010">
						<ele>1716</ele>
						<time>2026-05-01T13:01:30Z</time>
					</trkpt>
					<trkpt lat="45.968630" lon="6.818940">
						<ele>1716</ele>
						<time>2026-05-01T13:01:37Z</time>
					</trkpt>
					<trkpt lat="45.968680" lon="6.818890">
						<ele>1717</ele>
						<time>2026-05-01T13:01:45Z</time>
					</trkpt>
					<trkpt lat="45.968690" lon="6.818800">
						<ele>1717</ele>
						<time>2026-05-01T13:01:53Z</time>
					</trkpt>
					<trkpt lat="45.968740" lon="6.818710">
						<ele>1718</ele>
						<time>2026-05-01T13:02:04Z</time>
					</trkpt>
					<trkpt lat="45.968790" lon="6.818660">
						<ele>1719</ele>
						<time>2026-05-01T13:02:12Z</time>
					</trkpt>
					<trkpt lat="45.968850" lon="6.818500">
						<ele>1719</ele>
						<time>2026-05-01T13:02:29Z</time>
					</trkpt>
					<trkpt lat="45.968990" lon="6.818330">
						<ele>1720</ele>
						<time>2026-05-01T13:02:53Z</time>
					</trkpt>
					<trkpt lat="45.969090" lon="6.818170">
						<ele>1723</ele>
						<time>2026-05-01T13:03:13Z</time>
					</trkpt>
					<trkpt lat="45.969200" lon="6.818130">
						<ele>1727</ele>
						<time>2026-05-01T13:03:28Z</time>
					</trkpt>
					<trkpt lat="45.969330" lon="6.817810">
						<ele>1734</ele>
						<time>2026-05-01T13:04:03Z</time>
					</trkpt>
					<trkpt lat="45.969420" lon="6.817690">
						<ele>1738</ele>
						<time>2026-05-01T13:04:19Z</time>
					</trkpt>
					<trkpt lat="45.969470" lon="6.817470">
						<ele>1740</ele>
						<time>2026-05-01T13:04:41Z</time>
					</trkpt>
					<trkpt lat="45.969460" lon="6.817390">
						<ele>1740</ele>
						<time>2026-05-01T13:04:48Z</time>
					</trkpt>
					<trkpt lat="45.969450" lon="6.817370">
						<ele>1740</ele>
						<time>2026-05-01T13:04:51Z</time>
					</trkpt>
					<trkpt lat="45.969370" lon="6.817350">
						<ele>1736</ele>
						<time>2026-05-01T13:05:01Z</time>
					</trkpt>
					<trkpt lat="45.969320" lon="6.817260">
						<ele>1735</ele>
						<time>2026-05-01T13:05:12Z</time>
					</trkpt>
					<trkpt lat="45.969320" lon="6.817220">
						<ele>1735</ele>
						<time>2026-05-01T13:05:16Z</time>
					</trkpt>
					<trkpt lat="45.969310" lon="6.817150">
						<ele>1736</ele>
						<time>2026-05-01T13:05:22Z</time>
					</trkpt>
					<trkpt lat="45.969320" lon="6.817030">
						<ele>1738</ele>
						<time>2026-05-01T13:05:34Z</time>
					</trkpt>
					<trkpt lat="45.969340" lon="6.817010">
						<ele>1739</ele>
						<time>2026-05-01T13:05:37Z</time>
					</trkpt>
					<trkpt lat="45.969450" lon="6.817130">
						<ele>1742</ele>
						<time>2026-05-01T13:05:55Z</time>
					</trkpt>
					<trkpt lat="45.969480" lon="6.817120">
						<ele>1743</ele>
						<time>2026-05-01T13:05:59Z</time>
					</trkpt>
					<trkpt lat="45.969520" lon="6.817040">
						<ele>1746</ele>
						<time>2026-05-01T13:06:09Z</time>
					</trkpt>
					<trkpt lat="45.969540" lon="6.816970">
						<ele>1747</ele>
						<time>2026-05-01T13:06:16Z</time>
					</trkpt>
					<trkpt lat="45.969530" lon="6.816810">
						<ele>1747</ele>
						<time>2026-05-01T13:06:30Z</time>
					</trkpt>
					<trkpt lat="45.969560" lon="6.816700">
						<ele>1749</ele>
						<time>2026-05-01T13:06:41Z</time>
					</trkpt>
					<trkpt lat="45.969600" lon="6.816640">
						<ele>1751</ele>
						<time>2026-05-01T13:06:49Z</time>
					</trkpt>
					<trkpt lat="45.969610" lon="6.816590">
						<ele>1751</ele>
						<time>2026-05-01T13:06:54Z</time>
					</trkpt>
					<trkpt lat="45.969650" lon="6.816520">
						<ele>1753</ele>
						<time>2026-05-01T13:07:02Z</time>
					</trkpt>
					<trkpt lat="45.969650" lon="6.816490">
						<ele>1753</ele>
						<time>2026-05-01T13:07:05Z</time>
					</trkpt>
					<trkpt lat="45.969620" lon="6.816460">
						<ele>1753</ele>
						<time>2026-05-01T13:07:10Z</time>
					</trkpt>
					<trkpt lat="45.969620" lon="6.816350">
						<ele>1753</ele>
						<time>2026-05-01T13:07:20Z</time>
					</trkpt>
					<trkpt lat="45.969650" lon="6.816230">
						<ele>1755</ele>
						<time>2026-05-01T13:07:32Z</time>
					</trkpt>
					<trkpt lat="45.969720" lon="6.816170">
						<ele>1757</ele>
						<time>2026-05-01T13:07:43Z</time>
					</trkpt>
					<trkpt lat="45.969800" lon="6.815900">
						<ele>1761</ele>
						<time>2026-05-01T13:08:10Z</time>
					</trkpt>
					<trkpt lat="45.969860" lon="6.815850">
						<ele>1762</ele>
						<time>2026-05-01T13:08:19Z</time>
					</trkpt>
					<trkpt lat="45.969930" lon="6.815750">
						<ele>1764</ele>
						<time>2026-05-01T13:08:33Z</time>
					</trkpt>
					<trkpt lat="45.970050" lon="6.815620">
						<ele>1768</ele>
						<time>2026-05-01T13:08:53Z</time>
					</trkpt>
					<trkpt lat="45.970070" lon="6.815520">
						<ele>1769</ele>
						<time>2026-05-01T13:09:02Z</time>
					</trkpt>
					<trkpt lat="45.970080" lon="6.815300">
						<ele>1770</ele>
						<time>2026-05-01T13:09:23Z</time>
					</trkpt>
					<trkpt lat="45.970170" lon="6.815230">
						<ele>1774</ele>
						<time>2026-05-01T13:09:36Z</time>
					</trkpt>
					<trkpt lat="45.970190" lon="6.815100">
						<ele>1775</ele>
						<time>2026-05-01T13:09:49Z</time>
					</trkpt>
					<trkpt lat="45.970370" lon="6.814880">
						<ele>1782</ele>
						<time>2026-05-01T13:10:20Z</time>
					</trkpt>
					<trkpt lat="45.970410" lon="6.814760">
						<ele>1783</ele>
						<time>2026-05-01T13:10:33Z</time>
					</trkpt>
					<trkpt lat="45.970440" lon="6.814750">
						<ele>1784</ele>
						<time>2026-05-01T13:10:37Z</time>
					</trkpt>
					<trkpt lat="45.970480" lon="6.814640">
						<ele>1785</ele>
						<time>2026-05-01T13:10:48Z</time>
					</trkpt>
					<trkpt lat="45.970540" lon="6.814550">
						<ele>1787</ele>
						<time>2026-05-01T13:11:00Z</time>
					</trkpt>
					<trkpt lat="45.970670" lon="6.814250">
						<ele>1788</ele>
						<time>2026-05-01T13:11:33Z</time>
					</trkpt>
					<trkpt lat="45.970720" lon="6.814010">
						<ele>1790</ele>
						<time>2026-05-01T13:11:56Z</time>
					</trkpt>
					<trkpt lat="45.970850" lon="6.813840">
						<ele>1794</ele>
						<time>2026-05-01T13:12:19Z</time>
					</trkpt>
					<trkpt lat="45.970860" lon="6.813720">
						<ele>1795</ele>
						<time>2026-05-01T13:12:30Z</time>
					</trkpt>
					<trkpt lat="45.970920" lon="6.813610">
						<ele>1799</ele>
						<time>2026-05-01T13:12:43Z</time>
					</trkpt>
					<trkpt lat="45.970960" lon="6.813590">
						<ele>1802</ele>
						<time>2026-05-01T13:12:49Z</time>
					</trkpt>
					<trkpt lat="45.971000" lon="6.813520">
						<ele>1804</ele>
						<time>2026-05-01T13:12:57Z</time>
					</trkpt>
					<trkpt lat="45.970980" lon="6.813380">
						<ele>1803</ele>
						<time>2026-05-01T13:13:11Z</time>
					</trkpt>
					<trkpt lat="45.971020" lon="6.813240">
						<ele>1806</ele>
						<time>2026-05-01T13:13:25Z</time>
					</trkpt>
					<trkpt lat="45.971070" lon="6.813170">
						<ele>1809</ele>
						<time>2026-05-01T13:13:34Z</time>
					</trkpt>
					<trkpt lat="45.971100" lon="6.813080">
						<ele>1811</ele>
						<time>2026-05-01T13:13:43Z</time>
					</trkpt>
					<trkpt lat="45.971130" lon="6.812930">
						<ele>1813</ele>
						<time>2026-05-01T13:13:58Z</time>
					</trkpt>
					<trkpt lat="45.971120" lon="6.812810">
						<ele>1813</ele>
						<time>2026-05-01T13:14:09Z</time>
					</trkpt>
					<trkpt lat="45.971130" lon="6.812750">
						<ele>1813</ele>
						<time>2026-05-01T13:14:15Z</time>
					</trkpt>
					<trkpt lat="45.971210" lon="6.812540">
						<ele>1818</ele>
						<time>2026-05-01T13:14:37Z</time>
					</trkpt>
					<trkpt lat="45.971300" lon="6.812390">
						<ele>1822</ele>
						<time>2026-05-01T13:14:55Z</time>
					</trkpt>
					<trkpt lat="45.971340" lon="6.812290">
						<ele>1824</ele>
						<time>2026-05-01T13:15:06Z</time>
					</trkpt>
					<trkpt lat="45.971340" lon="6.812190">
						<ele>1824</ele>
						<time>2026-05-01T13:15:15Z</time>
					</trkpt>
					<trkpt lat="45.971310" lon="6.812060">
						<ele>1823</ele>
						<time>2026-05-01T13:15:28Z</time>
					</trkpt>
					<trkpt lat="45.971310" lon="6.811950">
						<ele>1823</ele>
						<time>2026-05-01T13:15:38Z</time>
					</trkpt>
					<trkpt lat="45.971350" lon="6.811770">
						<ele>1825</ele>
						<time>2026-05-01T13:15:56Z</time>
					</trkpt>
					<trkpt lat="45.971340" lon="6.811600">
						<ele>1825</ele>
						<time>2026-05-01T13:16:12Z</time>
					</trkpt>
					<trkpt lat="45.971390" lon="6.811440">
						<ele>1828</ele>
						<time>2026-05-01T13:16:28Z</time>
					</trkpt>
					<trkpt lat="45.971390" lon="6.811270">
						<ele>1830</ele>
						<time>2026-05-01T13:16:44Z</time>
					</trkpt>
					<trkpt lat="45.971460" lon="6.811120">
						<ele>1833</ele>
						<time>2026-05-01T13:17:00Z</time>
					</trkpt>
					<trkpt lat="45.971480" lon="6.811050">
						<ele>1835</ele>
						<time>2026-05-01T13:17:07Z</time>
					</trkpt>
					<trkpt lat="45.971470" lon="6.810810">
						<ele>1837</ele>
						<time>2026-05-01T13:17:30Z</time>
					</trkpt>
					<trkpt lat="45.971450" lon="6.810720">
						<ele>1837</ele>
						<time>2026-05-01T13:17:38Z</time>
					</trkpt>
					<trkpt lat="45.971420" lon="6.810630">
						<ele>1838</ele>
						<time>2026-05-01T13:17:48Z</time>
					</trkpt>
					<trkpt lat="45.971420" lon="6.810510">
						<ele>1840</ele>
						<time>2026-05-01T13:17:59Z</time>
					</trkpt>
					<trkpt lat="45.971400" lon="6.810430">
						<ele>1840</ele>
						<time>2026-05-01T13:18:07Z</time>
					</trkpt>
					<trkpt lat="45.971410" lon="6.810260">
						<ele>1843</ele>
						<time>2026-05-01T13:18:23Z</time>
					</trkpt>
					<trkpt lat="45.971380" lon="6.810190">
						<ele>1844</ele>
						<time>2026-05-01T13:18:30Z</time>
					</trkpt>
					<trkpt lat="45.971280" lon="6.810040">
						<ele>1844</ele>
						<time>2026-05-01T13:18:49Z</time>
					</trkpt>
					<trkpt lat="45.971230" lon="6.809860">
						<ele>1846</ele>
						<time>2026-05-01T13:19:07Z</time>
					</trkpt>
					<trkpt lat="45.971180" lon="6.809810">
						<ele>1846</ele>
						<time>2026-05-01T13:19:16Z</time>
					</trkpt>
					<trkpt lat="45.971140" lon="6.809660">
						<ele>1847</ele>
						<time>2026-05-01T13:19:30Z</time>
					</trkpt>
					<trkpt lat="45.971030" lon="6.809530">
						<ele>1847</ele>
						<time>2026-05-01T13:19:49Z</time>
					</trkpt>
					<trkpt lat="45.970990" lon="6.809440">
						<ele>1848</ele>
						<time>2026-05-01T13:19:59Z</time>
					</trkpt>
					<trkpt lat="45.970980" lon="6.809360">
						<ele>1849</ele>
						<time>2026-05-01T13:20:07Z</time>
					</trkpt>
					<trkpt lat="45.970910" lon="6.809280">
						<ele>1849</ele>
						<time>2026-05-01T13:20:19Z</time>
					</trkpt>
					<trkpt lat="45.970840" lon="6.809130">
						<ele>1850</ele>
						<time>2026-05-01T13:20:36Z</time>
					</trkpt>
					<trkpt lat="45.970720" lon="6.808930">
						<ele>1853</ele>
						<time>2026-05-01T13:21:00Z</time>
					</trkpt>
					<trkpt lat="45.970720" lon="6.808820">
						<ele>1855</ele>
						<time>2026-05-01T13:21:10Z</time>
					</trkpt>
					<trkpt lat="45.970800" lon="6.808610">
						<ele>1857</ele>
						<time>2026-05-01T13:21:32Z</time>
					</trkpt>
					<trkpt lat="45.970870" lon="6.808370">
						<ele>1861</ele>
						<time>2026-05-01T13:21:57Z</time>
					</trkpt>
					<trkpt lat="45.970870" lon="6.808310">
						<ele>1862</ele>
						<time>2026-05-01T13:22:02Z</time>
					</trkpt>
					<trkpt lat="45.970920" lon="6.808220">
						<ele>1863</ele>
						<time>2026-05-01T13:22:13Z</time>
					</trkpt>
					<trkpt lat="45.970890" lon="6.808140">
						<ele>1863</ele>
						<time>2026-05-01T13:22:21Z</time>
					</trkpt>
					<trkpt lat="45.970890" lon="6.808080">
						<ele>1864</ele>
						<time>2026-05-01T13:22:27Z</time>
					</trkpt>
					<trkpt lat="45.970850" lon="6.807930">
						<ele>1864</ele>
						<time>2026-05-01T13:22:42Z</time>
					</trkpt>
					<trkpt lat="45.970850" lon="6.807800">
						<ele>1865</ele>
						<time>2026-05-01T13:22:54Z</time>
					</trkpt>
					<trkpt lat="45.970880" lon="6.807730">
						<ele>1866</ele>
						<time>2026-05-01T13:23:01Z</time>
					</trkpt>
					<trkpt lat="45.970890" lon="6.807660">
						<ele>1867</ele>
						<time>2026-05-01T13:23:08Z</time>
					</trkpt>
					<trkpt lat="45.970920" lon="6.807600">
						<ele>1867</ele>
						<time>2026-05-01T13:23:15Z</time>
					</trkpt>
					<trkpt lat="45.970970" lon="6.807450">
						<ele>1869</ele>
						<time>2026-05-01T13:23:30Z</time>
					</trkpt>
					<trkpt lat="45.971040" lon="6.807320">
						<ele>1870</ele>
						<time>2026-05-01T13:23:46Z</time>
					</trkpt>
					<trkpt lat="45.971120" lon="6.807130">
						<ele>1872</ele>
						<time>2026-05-01T13:24:06Z</time>
					</trkpt>
					<trkpt lat="45.971180" lon="6.807060">
						<ele>1872</ele>
						<time>2026-05-01T13:24:17Z</time>
					</trkpt>
					<trkpt lat="45.971260" lon="6.807030">
						<ele>1873</ele>
						<time>2026-05-01T13:24:28Z</time>
					</trkpt>
					<trkpt lat="45.971310" lon="6.806970">
						<ele>1874</ele>
						<time>2026-05-01T13:24:36Z</time>
					</trkpt>
					<trkpt lat="45.971340" lon="6.806860">
						<ele>1874</ele>
						<time>2026-05-01T13:24:47Z</time>
					</trkpt>
					<trkpt lat="45.971380" lon="6.806560">
						<ele>1875</ele>
						<time>2026-05-01T13:25:16Z</time>
					</trkpt>
					<trkpt lat="45.971430" lon="6.806460">
						<ele>1876</ele>
						<time>2026-05-01T13:25:27Z</time>
					</trkpt>
					<trkpt lat="45.971460" lon="6.806250">
						<ele>1877</ele>
						<time>2026-05-01T13:25:47Z</time>
					</trkpt>
					<trkpt lat="45.971460" lon="6.806040">
						<ele>1877</ele>
						<time>2026-05-01T13:26:06Z</time>
					</trkpt>
					<trkpt lat="45.971500" lon="6.805820">
						<ele>1878</ele>
						<time>2026-05-01T13:26:27Z</time>
					</trkpt>
					<trkpt lat="45.971540" lon="6.805690">
						<ele>1879</ele>
						<time>2026-05-01T13:26:41Z</time>
					</trkpt>
					<trkpt lat="45.971540" lon="6.805690">
						<ele>1879</ele>
						<time>2026-05-01T13:26:41Z</time>
					</trkpt>
					<trkpt lat="45.971560" lon="6.805550">
						<ele>1880</ele>
						<time>2026-05-01T13:26:54Z</time>
					</trkpt>
					<trkpt lat="45.971610" lon="6.805470">
						<ele>1880</ele>
						<time>2026-05-01T13:27:04Z</time>
					</trkpt>
					<trkpt lat="45.971640" lon="6.805350">
						<ele>1881</ele>
						<time>2026-05-01T13:27:16Z</time>
					</trkpt>
					<trkpt lat="45.971770" lon="6.805130">
						<ele>1884</ele>
						<time>2026-05-01T13:27:42Z</time>
					</trkpt>
					<trkpt lat="45.971830" lon="6.804910">
						<ele>1886</ele>
						<time>2026-05-01T13:28:04Z</time>
					</trkpt>
					<trkpt lat="45.971860" lon="6.804860">
						<ele>1887</ele>
						<time>2026-05-01T13:28:10Z</time>
					</trkpt>
					<trkpt lat="45.971890" lon="6.804640">
						<ele>1890</ele>
						<time>2026-05-01T13:28:31Z</time>
					</trkpt>
					<trkpt lat="45.971940" lon="6.804590">
						<ele>1891</ele>
						<time>2026-05-01T13:28:39Z</time>
					</trkpt>
					<trkpt lat="45.972090" lon="6.804500">
						<ele>1894</ele>
						<time>2026-05-01T13:29:01Z</time>
					</trkpt>
					<trkpt lat="45.972150" lon="6.804280">
						<ele>1897</ele>
						<time>2026-05-01T13:29:23Z</time>
					</trkpt>
					<trkpt lat="45.972210" lon="6.804230">
						<ele>1898</ele>
						<time>2026-05-01T13:29:32Z</time>
					</trkpt>
					<trkpt lat="45.972420" lon="6.803810">
						<ele>1905</ele>
						<time>2026-05-01T13:30:20Z</time>
					</trkpt>
					<trkpt lat="45.972480" lon="6.803540">
						<ele>1909</ele>
						<time>2026-05-01T13:30:47Z</time>
					</trkpt>
					<trkpt lat="45.972470" lon="6.803440">
						<ele>1910</ele>
						<time>2026-05-01T13:30:56Z</time>
					</trkpt>
					<trkpt lat="45.972540" lon="6.803380">
						<ele>1912</ele>
						<time>2026-05-01T13:31:07Z</time>
					</trkpt>
					<trkpt lat="45.972560" lon="6.803330">
						<ele>1913</ele>
						<time>2026-05-01T13:31:12Z</time>
					</trkpt>
					<trkpt lat="45.972650" lon="6.803280">
						<ele>1915</ele>
						<time>2026-05-01T13:31:25Z</time>
					</trkpt>
					<trkpt lat="45.972580" lon="6.803040">
						<ele>1916</ele>
						<time>2026-05-01T13:31:49Z</time>
					</trkpt>
					<trkpt lat="45.972550" lon="6.802740">
						<ele>1918</ele>
						<time>2026-05-01T13:32:17Z</time>
					</trkpt>
					<trkpt lat="45.972510" lon="6.802620">
						<ele>1918</ele>
						<time>2026-05-01T13:32:30Z</time>
					</trkpt>
					<trkpt lat="45.972500" lon="6.802260">
						<ele>1921</ele>
						<time>2026-05-01T13:33:03Z</time>
					</trkpt>
					<trkpt lat="45.972440" lon="6.802110">
						<ele>1922</ele>
						<time>2026-05-01T13:33:19Z</time>
					</trkpt>
					<trkpt lat="45.972330" lon="6.801680">
						<ele>1926</ele>
						<time>2026-05-01T13:34:02Z</time>
					</trkpt>
					<trkpt lat="45.972270" lon="6.801590">
						<ele>1926</ele>
						<time>2026-05-01T13:34:13Z</time>
					</trkpt>
					<trkpt lat="45.972240" lon="6.801490">
						<ele>1927</ele>
						<time>2026-05-01T13:34:23Z</time>
					</trkpt>
					<trkpt lat="45.972250" lon="6.801250">
						<ele>1930</ele>
						<time>2026-05-01T13:34:46Z</time>
					</trkpt>
					<trkpt lat="45.972200" lon="6.800950">
						<ele>1932</ele>
						<time>2026-05-01T13:35:14Z</time>
					</trkpt>
					<trkpt lat="45.972050" lon="6.800760">
						<ele>1933</ele>
						<time>2026-05-01T13:35:41Z</time>
					</trkpt>
					<trkpt lat="45.971950" lon="6.800310">
						<ele>1935</ele>
						<time>2026-05-01T13:36:25Z</time>
					</trkpt>
					<trkpt lat="45.971920" lon="6.800230">
						<ele>1935</ele>
						<time>2026-05-01T13:36:33Z</time>
					</trkpt>
					<trkpt lat="45.971800" lon="6.800040">
						<ele>1936</ele>
						<time>2026-05-01T13:36:57Z</time>
					</trkpt>
					<trkpt lat="45.971730" lon="6.799860">
						<ele>1937</ele>
						<time>2026-05-01T13:37:16Z</time>
					</trkpt>
					<trkpt lat="45.971670" lon="6.799680">
						<ele>1938</ele>
						<time>2026-05-01T13:37:35Z</time>
					</trkpt>
					<trkpt lat="45.971670" lon="6.799480">
						<ele>1940</ele>
						<time>2026-05-01T13:37:53Z</time>
					</trkpt>
					<trkpt lat="45.971680" lon="6.799430">
						<ele>1941</ele>
						<time>2026-05-01T13:37:58Z</time>
					</trkpt>
					<trkpt lat="45.971710" lon="6.799380">
						<ele>1942</ele>
						<time>2026-05-01T13:38:04Z</time>
					</trkpt>
					<trkpt lat="45.971750" lon="6.799360">
						<ele>1942</ele>
						<time>2026-05-01T13:38:10Z</time>
					</trkpt>
					<trkpt lat="45.971980" lon="6.799300">
						<ele>1946</ele>
						<time>2026-05-01T13:38:41Z</time>
					</trkpt>
					<trkpt lat="45.972040" lon="6.799230">
						<ele>1948</ele>
						<time>2026-05-01T13:38:51Z</time>
					</trkpt>
					<trkpt lat="45.972080" lon="6.799170">
						<ele>1949</ele>
						<time>2026-05-01T13:38:59Z</time>
					</trkpt>
					<trkpt lat="45.972100" lon="6.799030">
						<ele>1951</ele>
						<time>2026-05-01T13:39:12Z</time>
					</trkpt>
					<trkpt lat="45.972080" lon="6.798880">
						<ele>1952</ele>
						<time>2026-05-01T13:39:26Z</time>
					</trkpt>
					<trkpt lat="45.972080" lon="6.798730">
						<ele>1954</ele>
						<time>2026-05-01T13:39:40Z</time>
					</trkpt>
					<trkpt lat="45.972140" lon="6.798620">
						<ele>1956</ele>
						<time>2026-05-01T13:39:53Z</time>
					</trkpt>
					<trkpt lat="45.972210" lon="6.798550">
						<ele>1958</ele>
						<time>2026-05-01T13:40:05Z</time>
					</trkpt>
					<trkpt lat="45.972270" lon="6.798540">
						<ele>1958</ele>
						<time>2026-05-01T13:40:13Z</time>
					</trkpt>
					<trkpt lat="45.972410" lon="6.798580">
						<ele>1960</ele>
						<time>2026-05-01T13:40:32Z</time>
					</trkpt>
					<trkpt lat="45.972530" lon="6.798730">
						<ele>1959</ele>
						<time>2026-05-01T13:40:53Z</time>
					</trkpt>
					<trkpt lat="45.972880" lon="6.799070">
						<ele>1961</ele>
						<time>2026-05-01T13:41:49Z</time>
					</trkpt>
					<trkpt lat="45.973460" lon="6.799460">
						<ele>1966</ele>
						<time>2026-05-01T13:43:15Z</time>
					</trkpt>
					<trkpt lat="45.973580" lon="6.799600">
						<ele>1967</ele>
						<time>2026-05-01T13:43:35Z</time>
					</trkpt>
					<trkpt lat="45.973760" lon="6.799730">
						<ele>1968</ele>
						<time>2026-05-01T13:44:02Z</time>
					</trkpt>
					<trkpt lat="45.973850" lon="6.799760">
						<ele>1969</ele>
						<time>2026-05-01T13:44:15Z</time>
					</trkpt>
					<trkpt lat="45.973980" lon="6.799720">
						<ele>1970</ele>
						<time>2026-05-01T13:44:32Z</time>
					</trkpt>
					<trkpt lat="45.974150" lon="6.799870">
						<ele>1974</ele>
						<time>2026-05-01T13:44:59Z</time>
					</trkpt>
					<trkpt lat="45.974320" lon="6.799980">
						<ele>1978</ele>
						<time>2026-05-01T13:45:24Z</time>
					</trkpt>
					<trkpt lat="45.974460" lon="6.800140">
						<ele>1980</ele>
						<time>2026-05-01T13:45:48Z</time>
					</trkpt>
					<trkpt lat="45.974600" lon="6.800260">
						<ele>1982</ele>
						<time>2026-05-01T13:46:09Z</time>
					</trkpt>
					<trkpt lat="45.974780" lon="6.800350">
						<ele>1985</ele>
						<time>2026-05-01T13:46:35Z</time>
					</trkpt>
					<trkpt lat="45.974790" lon="6.800360">
						<ele>1985</ele>
						<time>2026-05-01T13:46:36Z</time>
					</trkpt>
					<trkpt lat="45.974800" lon="6.800360">
						<ele>1986</ele>
						<time>2026-05-01T13:46:38Z</time>
					</trkpt>
					<trkpt lat="45.974881" lon="6.800419">
						<ele>1987</ele>
						<time>2026-05-01T13:46:50Z</time>
					</trkpt>
					<trkpt lat="45.974949" lon="6.800469">
						<ele>1989</ele>
						<time>2026-05-01T13:47:00Z</time>
					</trkpt>
					<trkpt lat="45.975060" lon="6.800550">
						<ele>1992</ele>
						<time>2026-05-01T13:47:17Z</time>
					</trkpt>
					<trkpt lat="45.975190" lon="6.800590">
						<ele>1996</ele>
						<time>2026-05-01T13:47:34Z</time>
					</trkpt>
					<trkpt lat="45.975460" lon="6.800680">
						<ele>2003</ele>
						<time>2026-05-01T13:48:11Z</time>
					</trkpt>
					<trkpt lat="45.975450" lon="6.800720">
						<ele>2003</ele>
						<time>2026-05-01T13:48:15Z</time>
					</trkpt>
					<trkpt lat="45.975460" lon="6.800810">
						<ele>2004</ele>
						<time>2026-05-01T13:48:24Z</time>
					</trkpt>
					<trkpt lat="45.975520" lon="6.800900">
						<ele>2005</ele>
						<time>2026-05-01T13:48:35Z</time>
					</trkpt>
					<trkpt lat="45.975520" lon="6.801010">
						<ele>2004</ele>
						<time>2026-05-01T13:48:46Z</time>
					</trkpt>
					<trkpt lat="45.975380" lon="6.801260">
						<ele>1999</ele>
						<time>2026-05-01T13:49:15Z</time>
					</trkpt>
					<trkpt lat="45.975400" lon="6.801540">
						<ele>1997</ele>
						<time>2026-05-01T13:49:41Z</time>
					</trkpt>
					<trkpt lat="45.975440" lon="6.801680">
						<ele>1996</ele>
						<time>2026-05-01T13:49:55Z</time>
					</trkpt>
					<trkpt lat="45.975460" lon="6.801870">
						<ele>1995</ele>
						<time>2026-05-01T13:50:13Z</time>
					</trkpt>
					<trkpt lat="45.975540" lon="6.801950">
						<ele>1996</ele>
						<time>2026-05-01T13:50:26Z</time>
					</trkpt>
					<trkpt lat="45.975570" lon="6.802080">
						<ele>1995</ele>
						<time>2026-05-01T13:50:39Z</time>
					</trkpt>
					<trkpt lat="45.975570" lon="6.802180">
						<ele>1994</ele>
						<time>2026-05-01T13:50:48Z</time>
					</trkpt>
					<trkpt lat="45.975620" lon="6.802280">
						<ele>1994</ele>
						<time>2026-05-01T13:51:00Z</time>
					</trkpt>
					<trkpt lat="45.975670" lon="6.802350">
						<ele>1994</ele>
						<time>2026-05-01T13:51:09Z</time>
					</trkpt>
					<trkpt lat="45.975780" lon="6.802640">
						<ele>1997</ele>
						<time>2026-05-01T13:51:40Z</time>
					</trkpt>
					<trkpt lat="45.975780" lon="6.802730">
						<ele>1998</ele>
						<time>2026-05-01T13:51:48Z</time>
					</trkpt>
					<trkpt lat="45.975780" lon="6.802730">
						<ele>1998</ele>
						<time>2026-05-01T13:51:48Z</time>
					</trkpt>
					<trkpt lat="45.975780" lon="6.802780">
						<ele>1998</ele>
						<time>2026-05-01T13:51:53Z</time>
					</trkpt>
					<trkpt lat="45.975760" lon="6.802790">
						<ele>1998</ele>
						<time>2026-05-01T13:51:55Z</time>
					</trkpt>
					<trkpt lat="45.975760" lon="6.802790">
						<ele>1998</ele>
						<time>2026-05-01T13:51:56Z</time>
					</trkpt>
					<trkpt lat="45.975660" lon="6.802800">
						<ele>1995</ele>
						<time>2026-05-01T13:52:09Z</time>
					</trkpt>
					<trkpt lat="45.975360" lon="6.802980">
						<ele>1987</ele>
						<time>2026-05-01T13:52:52Z</time>
					</trkpt>
					<trkpt lat="45.975270" lon="6.803050">
						<ele>1985</ele>
						<time>2026-05-01T13:53:06Z</time>
					</trkpt>
					<trkpt lat="45.975200" lon="6.803170">
						<ele>1984</ele>
						<time>2026-05-01T13:53:21Z</time>
					</trkpt>
					<trkpt lat="45.975150" lon="6.803300">
						<ele>1983</ele>
						<time>2026-05-01T13:53:34Z</time>
					</trkpt>
					<trkpt lat="45.975110" lon="6.803470">
						<ele>1982</ele>
						<time>2026-05-01T13:53:51Z</time>
					</trkpt>
					<trkpt lat="45.975120" lon="6.803740">
						<ele>1984</ele>
						<time>2026-05-01T13:54:16Z</time>
					</trkpt>
					<trkpt lat="45.975150" lon="6.803860">
						<ele>1985</ele>
						<time>2026-05-01T13:54:28Z</time>
					</trkpt>
					<trkpt lat="45.975200" lon="6.803930">
						<ele>1988</ele>
						<time>2026-05-01T13:54:37Z</time>
					</trkpt>
					<trkpt lat="45.975300" lon="6.803970">
						<ele>1992</ele>
						<time>2026-05-01T13:54:51Z</time>
					</trkpt>
					<trkpt lat="45.975320" lon="6.804000">
						<ele>1993</ele>
						<time>2026-05-01T13:54:55Z</time>
					</trkpt>
					<trkpt lat="45.975320" lon="6.804000">
						<ele>1993</ele>
						<time>2026-05-01T13:54:55Z</time>
					</trkpt>
					<trkpt lat="45.975310" lon="6.804060">
						<ele>1993</ele>
						<time>2026-05-01T13:55:01Z</time>
					</trkpt>
					<trkpt lat="45.975230" lon="6.804180">
						<ele>1990</ele>
						<time>2026-05-01T13:55:16Z</time>
					</trkpt>
					<trkpt lat="45.975210" lon="6.804260">
						<ele>1990</ele>
						<time>2026-05-01T13:55:24Z</time>
					</trkpt>
					<trkpt lat="45.975210" lon="6.804400">
						<ele>1990</ele>
						<time>2026-05-01T13:55:37Z</time>
					</trkpt>
					<trkpt lat="45.975240" lon="6.804500">
						<ele>1992</ele>
						<time>2026-05-01T13:55:47Z</time>
					</trkpt>
					<trkpt lat="45.975310" lon="6.804600">
						<ele>1996</ele>
						<time>2026-05-01T13:56:00Z</time>
					</trkpt>
					<trkpt lat="45.975330" lon="6.804760">
						<ele>1998</ele>
						<time>2026-05-01T13:56:15Z</time>
					</trkpt>
					<trkpt lat="45.975380" lon="6.804840">
						<ele>2001</ele>
						<time>2026-05-01T13:56:25Z</time>
					</trkpt>
					<trkpt lat="45.975370" lon="6.805150">
						<ele>2002</ele>
						<time>2026-05-01T13:56:54Z</time>
					</trkpt>
					<trkpt lat="45.975390" lon="6.805360">
						<ele>2003</ele>
						<time>2026-05-01T13:57:14Z</time>
					</trkpt>
					<trkpt lat="45.975490" lon="6.805650">
						<ele>2008</ele>
						<time>2026-05-01T13:57:44Z</time>
					</trkpt>
					<trkpt lat="45.975560" lon="6.805750">
						<ele>2011</ele>
						<time>2026-05-01T13:57:57Z</time>
					</trkpt>
					<trkpt lat="45.975650" lon="6.805800">
						<ele>2015</ele>
						<time>2026-05-01T13:58:10Z</time>
					</trkpt>
					<trkpt lat="45.975690" lon="6.805860">
						<ele>2017</ele>
						<time>2026-05-01T13:58:17Z</time>
					</trkpt>
					<trkpt lat="45.975690" lon="6.805860">
						<ele>2017</ele>
						<time>2026-05-01T13:58:17Z</time>
					</trkpt>
					<trkpt lat="45.975720" lon="6.805990">
						<ele>2019</ele>
						<time>2026-05-01T13:58:30Z</time>
					</trkpt>
					<trkpt lat="45.975800" lon="6.806060">
						<ele>2022</ele>
						<time>2026-05-01T13:58:43Z</time>
					</trkpt>
					<trkpt lat="45.975800" lon="6.806060">
						<ele>2022</ele>
						<time>2026-05-01T13:58:43Z</time>
					</trkpt>
					<trkpt lat="45.975810" lon="6.806140">
						<ele>2023</ele>
						<time>2026-05-01T13:58:50Z</time>
					</trkpt>
					<trkpt lat="45.975790" lon="6.806190">
						<ele>2023</ele>
						<time>2026-05-01T13:58:56Z</time>
					</trkpt>
					<trkpt lat="45.975670" lon="6.806480">
						<ele>2020</ele>
						<time>2026-05-01T13:59:27Z</time>
					</trkpt>
					<trkpt lat="45.975650" lon="6.806820">
						<ele>2023</ele>
						<time>2026-05-01T13:59:58Z</time>
					</trkpt>
					<trkpt lat="45.975620" lon="6.806870">
						<ele>2023</ele>
						<time>2026-05-01T14:00:05Z</time>
					</trkpt>
					<trkpt lat="45.975510" lon="6.806890">
						<ele>2019</ele>
						<time>2026-05-01T14:00:19Z</time>
					</trkpt>
					<trkpt lat="45.975390" lon="6.806980">
						<ele>2016</ele>
						<time>2026-05-01T14:00:37Z</time>
					</trkpt>
					<trkpt lat="45.975310" lon="6.807130">
						<ele>2015</ele>
						<time>2026-05-01T14:00:55Z</time>
					</trkpt>
					<trkpt lat="45.975310" lon="6.807300">
						<ele>2018</ele>
						<time>2026-05-01T14:01:11Z</time>
					</trkpt>
					<trkpt lat="45.975210" lon="6.807450">
						<ele>2017</ele>
						<time>2026-05-01T14:01:30Z</time>
					</trkpt>
					<trkpt lat="45.975140" lon="6.807760">
						<ele>2018</ele>
						<time>2026-05-01T14:02:00Z</time>
					</trkpt>
					<trkpt lat="45.975130" lon="6.807980">
						<ele>2020</ele>
						<time>2026-05-01T14:02:21Z</time>
					</trkpt>
					<trkpt lat="45.975040" lon="6.808180">
						<ele>2020</ele>
						<time>2026-05-01T14:02:43Z</time>
					</trkpt>
					<trkpt lat="45.975010" lon="6.808300">
						<ele>2020</ele>
						<time>2026-05-01T14:02:55Z</time>
					</trkpt>
					<trkpt lat="45.975010" lon="6.808460">
						<ele>2021</ele>
						<time>2026-05-01T14:03:09Z</time>
					</trkpt>
					<trkpt lat="45.975040" lon="6.808660">
						<ele>2023</ele>
						<time>2026-05-01T14:03:28Z</time>
					</trkpt>
					<trkpt lat="45.975090" lon="6.808820">
						<ele>2025</ele>
						<time>2026-05-01T14:03:45Z</time>
					</trkpt>
					<trkpt lat="45.975180" lon="6.808990">
						<ele>2029</ele>
						<time>2026-05-01T14:04:05Z</time>
					</trkpt>
					<trkpt lat="45.975210" lon="6.809100">
						<ele>2030</ele>
						<time>2026-05-01T14:04:15Z</time>
					</trkpt>
					<trkpt lat="45.975120" lon="6.809470">
						<ele>2026</ele>
						<time>2026-05-01T14:04:52Z</time>
					</trkpt>
					<trkpt lat="45.975120" lon="6.809550">
						<ele>2025</ele>
						<time>2026-05-01T14:04:59Z</time>
					</trkpt>
					<trkpt lat="45.975220" lon="6.809670">
						<ele>2028</ele>
						<time>2026-05-01T14:05:17Z</time>
					</trkpt>
					<trkpt lat="45.975220" lon="6.809800">
						<ele>2028</ele>
						<time>2026-05-01T14:05:29Z</time>
					</trkpt>
					<trkpt lat="45.975290" lon="6.810210">
						<ele>2030</ele>
						<time>2026-05-01T14:06:08Z</time>
					</trkpt>
					<trkpt lat="45.975360" lon="6.810330">
						<ele>2034</ele>
						<time>2026-05-01T14:06:22Z</time>
					</trkpt>
					<trkpt lat="45.975350" lon="6.810540">
						<ele>2034</ele>
						<time>2026-05-01T14:06:42Z</time>
					</trkpt>
					<trkpt lat="45.975220" lon="6.810640">
						<ele>2030</ele>
						<time>2026-05-01T14:07:02Z</time>
					</trkpt>
					<trkpt lat="45.975110" lon="6.810860">
						<ele>2026</ele>
						<time>2026-05-01T14:07:27Z</time>
					</trkpt>
					<trkpt lat="45.975090" lon="6.811360">
						<ele>2027</ele>
						<time>2026-05-01T14:08:13Z</time>
					</trkpt>
					<trkpt lat="45.975130" lon="6.811610">
						<ele>2029</ele>
						<time>2026-05-01T14:08:37Z</time>
					</trkpt>
					<trkpt lat="45.975280" lon="6.811850">
						<ele>2036</ele>
						<time>2026-05-01T14:09:07Z</time>
					</trkpt>
					<trkpt lat="45.975360" lon="6.812220">
						<ele>2040</ele>
						<time>2026-05-01T14:09:43Z</time>
					</trkpt>
					<trkpt lat="45.975360" lon="6.812220">
						<ele>2040</ele>
						<time>2026-05-01T14:09:43Z</time>
					</trkpt>
					<trkpt lat="45.975360" lon="6.812250">
						<ele>2041</ele>
						<time>2026-05-01T14:09:46Z</time>
					</trkpt>
					<trkpt lat="45.975250" lon="6.812400">
						<ele>2037</ele>
						<time>2026-05-01T14:10:06Z</time>
					</trkpt>
					<trkpt lat="45.975150" lon="6.812600">
						<ele>2036</ele>
						<time>2026-05-01T14:10:29Z</time>
					</trkpt>
					<trkpt lat="45.974850" lon="6.813470">
						<ele>2040</ele>
						<time>2026-05-01T14:11:59Z</time>
					</trkpt>
					<trkpt lat="45.974790" lon="6.813600">
						<ele>2042</ele>
						<time>2026-05-01T14:12:13Z</time>
					</trkpt>
					<trkpt lat="45.974570" lon="6.813790">
						<ele>2038</ele>
						<time>2026-05-01T14:12:47Z</time>
					</trkpt>
					<trkpt lat="45.974520" lon="6.813930">
						<ele>2039</ele>
						<time>2026-05-01T14:13:02Z</time>
					</trkpt>
					<trkpt lat="45.974350" lon="6.814230">
						<ele>2037</ele>
						<time>2026-05-01T14:13:38Z</time>
					</trkpt>
					<trkpt lat="45.974330" lon="6.814430">
						<ele>2040</ele>
						<time>2026-05-01T14:13:57Z</time>
					</trkpt>
					<trkpt lat="45.974350" lon="6.814690">
						<ele>2047</ele>
						<time>2026-05-01T14:14:21Z</time>
					</trkpt>
					<trkpt lat="45.974200" lon="6.814880">
						<ele>2041</ele>
						<time>2026-05-01T14:14:48Z</time>
					</trkpt>
					<trkpt lat="45.974200" lon="6.815010">
						<ele>2043</ele>
						<time>2026-05-01T14:15:00Z</time>
					</trkpt>
					<trkpt lat="45.974070" lon="6.815340">
						<ele>2042</ele>
						<time>2026-05-01T14:15:35Z</time>
					</trkpt>
					<trkpt lat="45.973970" lon="6.816000">
						<ele>2046</ele>
						<time>2026-05-01T14:16:37Z</time>
					</trkpt>
					<trkpt lat="45.973900" lon="6.816190">
						<ele>2043</ele>
						<time>2026-05-01T14:16:57Z</time>
					</trkpt>
					<trkpt lat="45.973860" lon="6.816260">
						<ele>2041</ele>
						<time>2026-05-01T14:17:06Z</time>
					</trkpt>
					<trkpt lat="45.973860" lon="6.816560">
						<ele>2043</ele>
						<time>2026-05-01T14:17:34Z</time>
					</trkpt>
					<trkpt lat="45.973880" lon="6.816790">
						<ele>2045</ele>
						<time>2026-05-01T14:17:55Z</time>
					</trkpt>
					<trkpt lat="45.974060" lon="6.817330">
						<ele>2055</ele>
						<time>2026-05-01T14:18:51Z</time>
					</trkpt>
					<trkpt lat="45.974080" lon="6.817940">
						<ele>2046</ele>
						<time>2026-05-01T14:19:47Z</time>
					</trkpt>
					<trkpt lat="45.974460" lon="6.818420">
						<ele>2047</ele>
						<time>2026-05-01T14:20:55Z</time>
					</trkpt>
					<trkpt lat="45.974570" lon="6.818710">
						<ele>2041</ele>
						<time>2026-05-01T14:21:25Z</time>
					</trkpt>
					<trkpt lat="45.974580" lon="6.818920">
						<ele>2034</ele>
						<time>2026-05-01T14:21:45Z</time>
					</trkpt>
					<trkpt lat="45.974370" lon="6.819330">
						<ele>2017</ele>
						<time>2026-05-01T14:22:32Z</time>
					</trkpt>
					<trkpt lat="45.974510" lon="6.819330">
						<ele>2018</ele>
						<time>2026-05-01T14:22:51Z</time>
					</trkpt>
					<trkpt lat="45.974620" lon="6.819270">
						<ele>2021</ele>
						<time>2026-05-01T14:23:07Z</time>
					</trkpt>
					<trkpt lat="45.974700" lon="6.819340">
						<ele>2018</ele>
						<time>2026-05-01T14:23:19Z</time>
					</trkpt>
					<trkpt lat="45.975160" lon="6.819450">
						<ele>2014</ele>
						<time>2026-05-01T14:24:21Z</time>
					</trkpt>
					<trkpt lat="45.975450" lon="6.819740">
						<ele>2001</ele>
						<time>2026-05-01T14:25:08Z</time>
					</trkpt>
					<trkpt lat="45.975860" lon="6.819960">
						<ele>1994</ele>
						<time>2026-05-01T14:26:07Z</time>
					</trkpt>
					<trkpt lat="45.975980" lon="6.820080">
						<ele>1991</ele>
						<time>2026-05-01T14:26:26Z</time>
					</trkpt>
					<trkpt lat="45.976220" lon="6.820450">
						<ele>1978</ele>
						<time>2026-05-01T14:27:13Z</time>
					</trkpt>
					<trkpt lat="45.976250" lon="6.820530">
						<ele>1975</ele>
						<time>2026-05-01T14:27:22Z</time>
					</trkpt>
					<trkpt lat="45.976340" lon="6.820650">
						<ele>1971</ele>
						<time>2026-05-01T14:27:38Z</time>
					</trkpt>
					<trkpt lat="45.976430" lon="6.820720">
						<ele>1969</ele>
						<time>2026-05-01T14:27:52Z</time>
					</trkpt>
					<trkpt lat="45.976580" lon="6.820810">
						<ele>1966</ele>
						<time>2026-05-01T14:28:13Z</time>
					</trkpt>
					<trkpt lat="45.976770" lon="6.820780">
						<ele>1970</ele>
						<time>2026-05-01T14:28:39Z</time>
					</trkpt>
					<trkpt lat="45.976850" lon="6.820830">
						<ele>1969</ele>
						<time>2026-05-01T14:28:51Z</time>
					</trkpt>
					<trkpt lat="45.976900" lon="6.820920">
						<ele>1967</ele>
						<time>2026-05-01T14:29:01Z</time>
					</trkpt>
					<trkpt lat="45.976930" lon="6.821050">
						<ele>1962</ele>
						<time>2026-05-01T14:29:14Z</time>
					</trkpt>
					<trkpt lat="45.977010" lon="6.821090">
						<ele>1962</ele>
						<time>2026-05-01T14:29:25Z</time>
					</trkpt>
					<trkpt lat="45.977040" lon="6.821100">
						<ele>1962</ele>
						<time>2026-05-01T14:29:29Z</time>
					</trkpt>
					<trkpt lat="45.977110" lon="6.821210">
						<ele>1959</ele>
						<time>2026-05-01T14:29:43Z</time>
					</trkpt>
					<trkpt lat="45.977360" lon="6.821410">
						<ele>1955</ele>
						<time>2026-05-01T14:30:21Z</time>
					</trkpt>
					<trkpt lat="45.977470" lon="6.821540">
						<ele>1952</ele>
						<time>2026-05-01T14:30:40Z</time>
					</trkpt>
					<trkpt lat="45.977620" lon="6.821580">
						<ele>1952</ele>
						<time>2026-05-01T14:31:01Z</time>
					</trkpt>
					<trkpt lat="45.977740" lon="6.821690">
						<ele>1950</ele>
						<time>2026-05-01T14:31:20Z</time>
					</trkpt>
					<trkpt lat="45.978270" lon="6.821930">
						<ele>1947</ele>
						<time>2026-05-01T14:32:34Z</time>
					</trkpt>
					<trkpt lat="45.978420" lon="6.822050">
						<ele>1944</ele>
						<time>2026-05-01T14:32:57Z</time>
					</trkpt>
					<trkpt lat="45.978690" lon="6.822180">
						<ele>1940</ele>
						<time>2026-05-01T14:33:35Z</time>
					</trkpt>
					<trkpt lat="45.978760" lon="6.822270">
						<ele>1937</ele>
						<time>2026-05-01T14:33:47Z</time>
					</trkpt>
					<trkpt lat="45.978910" lon="6.822360">
						<ele>1935</ele>
						<time>2026-05-01T14:34:09Z</time>
					</trkpt>
					<trkpt lat="45.979030" lon="6.822490">
						<ele>1931</ele>
						<time>2026-05-01T14:34:29Z</time>
					</trkpt>
					<trkpt lat="45.979170" lon="6.822530">
						<ele>1931</ele>
						<time>2026-05-01T14:34:48Z</time>
					</trkpt>
					<trkpt lat="45.979370" lon="6.822720">
						<ele>1932</ele>
						<time>2026-05-01T14:35:20Z</time>
					</trkpt>
					<trkpt lat="45.979540" lon="6.822960">
						<ele>1930</ele>
						<time>2026-05-01T14:35:52Z</time>
					</trkpt>
					<trkpt lat="45.979620" lon="6.823050">
						<ele>1929</ele>
						<time>2026-05-01T14:36:05Z</time>
					</trkpt>
					<trkpt lat="45.979880" lon="6.823430">
						<ele>1926</ele>
						<time>2026-05-01T14:36:55Z</time>
					</trkpt>
					<trkpt lat="45.979890" lon="6.823540">
						<ele>1924</ele>
						<time>2026-05-01T14:37:05Z</time>
					</trkpt>
					<trkpt lat="45.979960" lon="6.823670">
						<ele>1922</ele>
						<time>2026-05-01T14:37:20Z</time>
					</trkpt>
					<trkpt lat="45.979960" lon="6.823760">
						<ele>1920</ele>
						<time>2026-05-01T14:37:29Z</time>
					</trkpt>
					<trkpt lat="45.980020" lon="6.824050">
						<ele>1915</ele>
						<time>2026-05-01T14:37:57Z</time>
					</trkpt>
					<trkpt lat="45.979970" lon="6.824390">
						<ele>1908</ele>
						<time>2026-05-01T14:38:29Z</time>
					</trkpt>
					<trkpt lat="45.980050" lon="6.824530">
						<ele>1909</ele>
						<time>2026-05-01T14:38:46Z</time>
					</trkpt>
					<trkpt lat="45.980120" lon="6.824890">
						<ele>1907</ele>
						<time>2026-05-01T14:39:20Z</time>
					</trkpt>
					<trkpt lat="45.980240" lon="6.825060">
						<ele>1910</ele>
						<time>2026-05-01T14:39:43Z</time>
					</trkpt>
					<trkpt lat="45.980310" lon="6.825200">
						<ele>1911</ele>
						<time>2026-05-01T14:39:59Z</time>
					</trkpt>
					<trkpt lat="45.980310" lon="6.825430">
						<ele>1909</ele>
						<time>2026-05-01T14:40:20Z</time>
					</trkpt>
					<trkpt lat="45.980340" lon="6.825690">
						<ele>1907</ele>
						<time>2026-05-01T14:40:45Z</time>
					</trkpt>
					<trkpt lat="45.980400" lon="6.825910">
						<ele>1906</ele>
						<time>2026-05-01T14:41:07Z</time>
					</trkpt>
					<trkpt lat="45.980540" lon="6.826100">
						<ele>1906</ele>
						<time>2026-05-01T14:41:32Z</time>
					</trkpt>
					<trkpt lat="45.980620" lon="6.826100">
						<ele>1909</ele>
						<time>2026-05-01T14:41:43Z</time>
					</trkpt>
					<trkpt lat="45.980830" lon="6.826340">
						<ele>1911</ele>
						<time>2026-05-01T14:42:19Z</time>
					</trkpt>
					<trkpt lat="45.980850" lon="6.826650">
						<ele>1905</ele>
						<time>2026-05-01T14:42:48Z</time>
					</trkpt>
					<trkpt lat="45.981100" lon="6.827210">
						<ele>1897</ele>
						<time>2026-05-01T14:43:49Z</time>
					</trkpt>
					<trkpt lat="45.981180" lon="6.827480">
						<ele>1890</ele>
						<time>2026-05-01T14:44:17Z</time>
					</trkpt>
					<trkpt lat="45.982170" lon="6.828320">
						<ele>1892</ele>
						<time>2026-05-01T14:46:50Z</time>
					</trkpt>
					<trkpt lat="45.982460" lon="6.828450">
						<ele>1895</ele>
						<time>2026-05-01T14:47:30Z</time>
					</trkpt>
					<trkpt lat="45.982920" lon="6.828870">
						<ele>1888</ele>
						<time>2026-05-01T14:48:43Z</time>
					</trkpt>
					<trkpt lat="45.983290" lon="6.828960">
						<ele>1889</ele>
						<time>2026-05-01T14:49:33Z</time>
					</trkpt>
					<trkpt lat="45.983760" lon="6.829170">
						<ele>1888</ele>
						<time>2026-05-01T14:50:39Z</time>
					</trkpt>
					<trkpt lat="45.984170" lon="6.829620">
						<ele>1884</ele>
						<time>2026-05-01T14:51:48Z</time>
					</trkpt>
					<trkpt lat="45.984620" lon="6.829800">
						<ele>1882</ele>
						<time>2026-05-01T14:52:50Z</time>
					</trkpt>
					<trkpt lat="45.984800" lon="6.829760">
						<ele>1884</ele>
						<time>2026-05-01T14:53:14Z</time>
					</trkpt>
					<trkpt lat="45.984910" lon="6.829770">
						<ele>1885</ele>
						<time>2026-05-01T14:53:29Z</time>
					</trkpt>
					<trkpt lat="45.985040" lon="6.829730">
						<ele>1886</ele>
						<time>2026-05-01T14:53:47Z</time>
					</trkpt>
					<trkpt lat="45.985690" lon="6.830080">
						<ele>1878</ele>
						<time>2026-05-01T14:55:19Z</time>
					</trkpt>
					<trkpt lat="45.986250" lon="6.830310">
						<ele>1876</ele>
						<time>2026-05-01T14:56:37Z</time>
					</trkpt>
					<trkpt lat="45.986610" lon="6.830390">
						<ele>1876</ele>
						<time>2026-05-01T14:57:26Z</time>
					</trkpt>
					<trkpt lat="45.986810" lon="6.830400">
						<ele>1877</ele>
						<time>2026-05-01T14:57:52Z</time>
					</trkpt>
					<trkpt lat="45.987070" lon="6.830270">
						<ele>1881</ele>
						<time>2026-05-01T14:58:29Z</time>
					</trkpt>
					<trkpt lat="45.987240" lon="6.830140">
						<ele>1885</ele>
						<time>2026-05-01T14:58:55Z</time>
					</trkpt>
					<trkpt lat="45.987300" lon="6.830150">
						<ele>1885</ele>
						<time>2026-05-01T14:59:03Z</time>
					</trkpt>
					<trkpt lat="45.987390" lon="6.830210">
						<ele>1883</ele>
						<time>2026-05-01T14:59:16Z</time>
					</trkpt>
					<trkpt lat="45.987610" lon="6.830220">
						<ele>1883</ele>
						<time>2026-05-01T14:59:46Z</time>
					</trkpt>
					<trkpt lat="45.987800" lon="6.830180">
						<ele>1885</ele>
						<time>2026-05-01T15:00:11Z</time>
					</trkpt>
					<trkpt lat="45.988020" lon="6.830000">
						<ele>1892</ele>
						<time>2026-05-01T15:00:45Z</time>
					</trkpt>
					<trkpt lat="45.988100" lon="6.830000">
						<ele>1892</ele>
						<time>2026-05-01T15:00:56Z</time>
					</trkpt>
					<trkpt lat="45.988230" lon="6.830100">
						<ele>1889</ele>
						<time>2026-05-01T15:01:15Z</time>
					</trkpt>
					<trkpt lat="45.988360" lon="6.830120">
						<ele>1889</ele>
						<time>2026-05-01T15:01:33Z</time>
					</trkpt>
					<trkpt lat="45.988520" lon="6.830070">
						<ele>1890</ele>
						<time>2026-05-01T15:01:55Z</time>
					</trkpt>
					<trkpt lat="45.988580" lon="6.830090">
						<ele>1889</ele>
						<time>2026-05-01T15:02:03Z</time>
					</trkpt>
					<trkpt lat="45.988640" lon="6.830200">
						<ele>1885</ele>
						<time>2026-05-01T15:02:16Z</time>
					</trkpt>
					<trkpt lat="45.988970" lon="6.830140">
						<ele>1885</ele>
						<time>2026-05-01T15:03:00Z</time>
					</trkpt>
					<trkpt lat="45.989500" lon="6.830290">
						<ele>1883</ele>
						<time>2026-05-01T15:04:12Z</time>
					</trkpt>
					<trkpt lat="45.989870" lon="6.830310">
						<ele>1886</ele>
						<time>2026-05-01T15:05:02Z</time>
					</trkpt>
					<trkpt lat="45.990480" lon="6.830460">
						<ele>1886</ele>
						<time>2026-05-01T15:06:24Z</time>
					</trkpt>
					<trkpt lat="45.990590" lon="6.830460">
						<ele>1886</ele>
						<time>2026-05-01T15:06:39Z</time>
					</trkpt>
					<trkpt lat="45.990780" lon="6.830500">
						<ele>1887</ele>
						<time>2026-05-01T15:07:05Z</time>
					</trkpt>
					<trkpt lat="45.991100" lon="6.830460">
						<ele>1891</ele>
						<time>2026-05-01T15:07:47Z</time>
					</trkpt>
					<trkpt lat="45.991230" lon="6.830470">
						<ele>1892</ele>
						<time>2026-05-01T15:08:05Z</time>
					</trkpt>
					<trkpt lat="45.991340" lon="6.830550">
						<ele>1891</ele>
						<time>2026-05-01T15:08:21Z</time>
					</trkpt>
					<trkpt lat="45.991470" lon="6.830570">
						<ele>1892</ele>
						<time>2026-05-01T15:08:39Z</time>
					</trkpt>
					<trkpt lat="45.991700" lon="6.830830">
						<ele>1889</ele>
						<time>2026-05-01T15:09:18Z</time>
					</trkpt>
					<trkpt lat="45.991840" lon="6.830940">
						<ele>1889</ele>
						<time>2026-05-01T15:09:39Z</time>
					</trkpt>
					<trkpt lat="45.991920" lon="6.830980">
						<ele>1889</ele>
						<time>2026-05-01T15:09:50Z</time>
					</trkpt>
					<trkpt lat="45.991990" lon="6.831050">
						<ele>1889</ele>
						<time>2026-05-01T15:10:02Z</time>
					</trkpt>
					<trkpt lat="45.992020" lon="6.831140">
						<ele>1888</ele>
						<time>2026-05-01T15:10:11Z</time>
					</trkpt>
					<trkpt lat="45.992110" lon="6.831180">
						<ele>1888</ele>
						<time>2026-05-01T15:10:23Z</time>
					</trkpt>
					<trkpt lat="45.992280" lon="6.831170">
						<ele>1890</ele>
						<time>2026-05-01T15:10:46Z</time>
					</trkpt>
					<trkpt lat="45.992340" lon="6.831150">
						<ele>1891</ele>
						<time>2026-05-01T15:10:54Z</time>
					</trkpt>
					<trkpt lat="45.992492" lon="6.831164">
						<ele>1893</ele>
						<time>2026-05-01T15:11:14Z</time>
					</trkpt>
					<trkpt lat="45.992550" lon="6.831170">
						<ele>1893</ele>
						<time>2026-05-01T15:11:22Z</time>
					</trkpt>
					<trkpt lat="45.992750" lon="6.831070">
						<ele>1898</ele>
						<time>2026-05-01T15:11:51Z</time>
					</trkpt>
					<trkpt lat="45.992820" lon="6.831070">
						<ele>1899</ele>
						<time>2026-05-01T15:12:00Z</time>
					</trkpt>
					<trkpt lat="45.992880" lon="6.831030">
						<ele>1901</ele>
						<time>2026-05-01T15:12:09Z</time>
					</trkpt>
					<trkpt lat="45.992970" lon="6.831040">
						<ele>1902</ele>
						<time>2026-05-01T15:12:21Z</time>
					</trkpt>
					<trkpt lat="45.993160" lon="6.831120">
						<ele>1903</ele>
						<time>2026-05-01T15:12:47Z</time>
					</trkpt>
					<trkpt lat="45.993280" lon="6.831100">
						<ele>1905</ele>
						<time>2026-05-01T15:13:03Z</time>
					</trkpt>
					<trkpt lat="45.993360" lon="6.831130">
						<ele>1906</ele>
						<time>2026-05-01T15:13:15Z</time>
					</trkpt>
					<trkpt lat="45.993450" lon="6.831080">
						<ele>1908</ele>
						<time>2026-05-01T15:13:27Z</time>
					</trkpt>
					<trkpt lat="45.993550" lon="6.831070">
						<ele>1910</ele>
						<time>2026-05-01T15:13:41Z</time>
					</trkpt>
					<trkpt lat="45.993590" lon="6.831080">
						<ele>1911</ele>
						<time>2026-05-01T15:13:46Z</time>
					</trkpt>
					<trkpt lat="45.993690" lon="6.831060">
						<ele>1913</ele>
						<time>2026-05-01T15:14:00Z</time>
					</trkpt>
					<trkpt lat="45.993760" lon="6.831090">
						<ele>1913</ele>
						<time>2026-05-01T15:14:09Z</time>
					</trkpt>
					<trkpt lat="45.993840" lon="6.831060">
						<ele>1915</ele>
						<time>2026-05-01T15:14:20Z</time>
					</trkpt>
					<trkpt lat="45.994060" lon="6.831150">
						<ele>1917</ele>
						<time>2026-05-01T15:14:51Z</time>
					</trkpt>
					<trkpt lat="45.994160" lon="6.831150">
						<ele>1919</ele>
						<time>2026-05-01T15:15:04Z</time>
					</trkpt>
					<trkpt lat="45.994200" lon="6.831190">
						<ele>1918</ele>
						<time>2026-05-01T15:15:11Z</time>
					</trkpt>
					<trkpt lat="45.994320" lon="6.831200">
						<ele>1921</ele>
						<time>2026-05-01T15:15:27Z</time>
					</trkpt>
					<trkpt lat="45.994480" lon="6.831330">
						<ele>1921</ele>
						<time>2026-05-01T15:15:51Z</time>
					</trkpt>
					<trkpt lat="45.994660" lon="6.831310">
						<ele>1925</ele>
						<time>2026-05-01T15:16:15Z</time>
					</trkpt>
					<trkpt lat="45.995160" lon="6.831560">
						<ele>1929</ele>
						<time>2026-05-01T15:17:26Z</time>
					</trkpt>
					<trkpt lat="45.995220" lon="6.831530">
						<ele>1931</ele>
						<time>2026-05-01T15:17:35Z</time>
					</trkpt>
					<trkpt lat="45.995390" lon="6.831550">
						<ele>1934</ele>
						<time>2026-05-01T15:17:57Z</time>
					</trkpt>
					<trkpt lat="45.995520" lon="6.831550">
						<ele>1936</ele>
						<time>2026-05-01T15:18:15Z</time>
					</trkpt>
					<trkpt lat="45.995550" lon="6.831480">
						<ele>1939</ele>
						<time>2026-05-01T15:18:22Z</time>
					</trkpt>
					<trkpt lat="45.995670" lon="6.831420">
						<ele>1943</ele>
						<time>2026-05-01T15:18:39Z</time>
					</trkpt>
					<trkpt lat="45.995720" lon="6.831490">
						<ele>1942</ele>
						<time>2026-05-01T15:18:49Z</time>
					</trkpt>
					<trkpt lat="45.995770" lon="6.831500">
						<ele>1943</ele>
						<time>2026-05-01T15:18:55Z</time>
					</trkpt>
					<trkpt lat="45.995820" lon="6.831580">
						<ele>1941</ele>
						<time>2026-05-01T15:19:05Z</time>
					</trkpt>
					<trkpt lat="45.995970" lon="6.831650">
						<ele>1943</ele>
						<time>2026-05-01T15:19:26Z</time>
					</trkpt>
					<trkpt lat="45.996070" lon="6.831720">
						<ele>1943</ele>
						<time>2026-05-01T15:19:41Z</time>
					</trkpt>
					<trkpt lat="45.996170" lon="6.831730">
						<ele>1945</ele>
						<time>2026-05-01T15:19:55Z</time>
					</trkpt>
					<trkpt lat="45.996210" lon="6.831690">
						<ele>1947</ele>
						<time>2026-05-01T15:20:01Z</time>
					</trkpt>
					<trkpt lat="45.996440" lon="6.831860">
						<ele>1947</ele>
						<time>2026-05-01T15:20:36Z</time>
					</trkpt>
					<trkpt lat="45.996520" lon="6.831900">
						<ele>1947</ele>
						<time>2026-05-01T15:20:47Z</time>
					</trkpt>
					<trkpt lat="45.996670" lon="6.831940">
						<ele>1949</ele>
						<time>2026-05-01T15:21:07Z</time>
					</trkpt>
					<trkpt lat="45.996790" lon="6.831950">
						<ele>1952</ele>
						<time>2026-05-01T15:21:23Z</time>
					</trkpt>
					<trkpt lat="45.996900" lon="6.831940">
						<ele>1955</ele>
						<time>2026-05-01T15:21:38Z</time>
					</trkpt>
					<trkpt lat="45.996920" lon="6.831920">
						<ele>1956</ele>
						<time>2026-05-01T15:21:41Z</time>
					</trkpt>
					<trkpt lat="45.997110" lon="6.831820">
						<ele>1964</ele>
						<time>2026-05-01T15:22:08Z</time>
					</trkpt>
					<trkpt lat="45.997220" lon="6.831820">
						<ele>1967</ele>
						<time>2026-05-01T15:22:23Z</time>
					</trkpt>
					<trkpt lat="45.997210" lon="6.831920">
						<ele>1964</ele>
						<time>2026-05-01T15:22:32Z</time>
					</trkpt>
					<trkpt lat="45.997170" lon="6.831960">
						<ele>1962</ele>
						<time>2026-05-01T15:22:39Z</time>
					</trkpt>
					<trkpt lat="45.997170" lon="6.832050">
						<ele>1959</ele>
						<time>2026-05-01T15:22:47Z</time>
					</trkpt>
					<trkpt lat="45.997420" lon="6.832460">
						<ele>1956</ele>
						<time>2026-05-01T15:23:38Z</time>
					</trkpt>
					<trkpt lat="45.997540" lon="6.832540">
						<ele>1958</ele>
						<time>2026-05-01T15:23:55Z</time>
					</trkpt>
					<trkpt lat="45.997600" lon="6.832610">
						<ele>1957</ele>
						<time>2026-05-01T15:24:06Z</time>
					</trkpt>
					<trkpt lat="45.997670" lon="6.832650">
						<ele>1958</ele>
						<time>2026-05-01T15:24:16Z</time>
					</trkpt>
					<trkpt lat="45.997770" lon="6.832640">
						<ele>1960</ele>
						<time>2026-05-01T15:24:29Z</time>
					</trkpt>
					<trkpt lat="45.997780" lon="6.832780">
						<ele>1957</ele>
						<time>2026-05-01T15:24:42Z</time>
					</trkpt>
					<trkpt lat="45.997950" lon="6.833210">
						<ele>1950</ele>
						<time>2026-05-01T15:25:28Z</time>
					</trkpt>
					<trkpt lat="45.997990" lon="6.833340">
						<ele>1948</ele>
						<time>2026-05-01T15:25:41Z</time>
					</trkpt>
					<trkpt lat="45.998050" lon="6.833430">
						<ele>1949</ele>
						<time>2026-05-01T15:25:53Z</time>
					</trkpt>
					<trkpt lat="45.998130" lon="6.833500">
						<ele>1950</ele>
						<time>2026-05-01T15:26:05Z</time>
					</trkpt>
					<trkpt lat="45.998150" lon="6.833550">
						<ele>1951</ele>
						<time>2026-05-01T15:26:11Z</time>
					</trkpt>
					<trkpt lat="45.998130" lon="6.833590">
						<ele>1950</ele>
						<time>2026-05-01T15:26:15Z</time>
					</trkpt>
					<trkpt lat="45.998190" lon="6.833580">
						<ele>1951</ele>
						<time>2026-05-01T15:26:23Z</time>
					</trkpt>
					<trkpt lat="45.998380" lon="6.833800">
						<ele>1954</ele>
						<time>2026-05-01T15:26:56Z</time>
					</trkpt>
					<trkpt lat="45.998470" lon="6.833850">
						<ele>1956</ele>
						<time>2026-05-01T15:27:09Z</time>
					</trkpt>
					<trkpt lat="45.998630" lon="6.833970">
						<ele>1958</ele>
						<time>2026-05-01T15:27:33Z</time>
					</trkpt>
					<trkpt lat="45.998720" lon="6.834100">
						<ele>1958</ele>
						<time>2026-05-01T15:27:50Z</time>
					</trkpt>
					<trkpt lat="45.998760" lon="6.834100">
						<ele>1959</ele>
						<time>2026-05-01T15:27:55Z</time>
					</trkpt>
					<trkpt lat="45.998890" lon="6.834280">
						<ele>1961</ele>
						<time>2026-05-01T15:28:19Z</time>
					</trkpt>
					<trkpt lat="45.999140" lon="6.834490">
						<ele>1966</ele>
						<time>2026-05-01T15:28:58Z</time>
					</trkpt>
					<trkpt lat="45.999160" lon="6.834570">
						<ele>1967</ele>
						<time>2026-05-01T15:29:06Z</time>
					</trkpt>
					<trkpt lat="45.999330" lon="6.834750">
						<ele>1970</ele>
						<time>2026-05-01T15:29:34Z</time>
					</trkpt>
					<trkpt lat="45.999380" lon="6.834910">
						<ele>1972</ele>
						<time>2026-05-01T15:29:50Z</time>
					</trkpt>
					<trkpt lat="45.999470" lon="6.835070">
						<ele>1975</ele>
						<time>2026-05-01T15:30:09Z</time>
					</trkpt>
					<trkpt lat="45.999630" lon="6.835150">
						<ele>1979</ele>
						<time>2026-05-01T15:30:32Z</time>
					</trkpt>
					<trkpt lat="45.999660" lon="6.835230">
						<ele>1980</ele>
						<time>2026-05-01T15:30:40Z</time>
					</trkpt>
					<trkpt lat="45.999720" lon="6.835250">
						<ele>1982</ele>
						<time>2026-05-01T15:30:48Z</time>
					</trkpt>
					<trkpt lat="45.999740" lon="6.835360">
						<ele>1984</ele>
						<time>2026-05-01T15:30:59Z</time>
					</trkpt>
					<trkpt lat="45.999890" lon="6.835650">
						<ele>1992</ele>
						<time>2026-05-01T15:31:32Z</time>
					</trkpt>
					<trkpt lat="46.000090" lon="6.835870">
						<ele>1997</ele>
						<time>2026-05-01T15:32:06Z</time>
					</trkpt>
					<trkpt lat="46.000130" lon="6.835990">
						<ele>1997</ele>
						<time>2026-05-01T15:32:18Z</time>
					</trkpt>
					<trkpt lat="46.000360" lon="6.836240">
						<ele>1999</ele>
						<time>2026-05-01T15:32:57Z</time>
					</trkpt>
					<trkpt lat="46.000420" lon="6.836340">
						<ele>2000</ele>
						<time>2026-05-01T15:33:09Z</time>
					</trkpt>
					<trkpt lat="46.000520" lon="6.836380">
						<ele>2000</ele>
						<time>2026-05-01T15:33:23Z</time>
					</trkpt>
					<trkpt lat="46.000640" lon="6.836500">
						<ele>2002</ele>
						<time>2026-05-01T15:33:42Z</time>
					</trkpt>
					<trkpt lat="46.000780" lon="6.836600">
						<ele>2004</ele>
						<time>2026-05-01T15:34:03Z</time>
					</trkpt>
					<trkpt lat="46.000950" lon="6.836840">
						<ele>2006</ele>
						<time>2026-05-01T15:34:35Z</time>
					</trkpt>
					<trkpt lat="46.001050" lon="6.836910">
						<ele>2007</ele>
						<time>2026-05-01T15:34:50Z</time>
					</trkpt>
					<trkpt lat="46.001120" lon="6.837040">
						<ele>2008</ele>
						<time>2026-05-01T15:35:05Z</time>
					</trkpt>
					<trkpt lat="46.001310" lon="6.837250">
						<ele>2011</ele>
						<time>2026-05-01T15:35:37Z</time>
					</trkpt>
					<trkpt lat="46.001670" lon="6.837540">
						<ele>2017</ele>
						<time>2026-05-01T15:36:32Z</time>
					</trkpt>
					<trkpt lat="46.001750" lon="6.837630">
						<ele>2019</ele>
						<time>2026-05-01T15:36:46Z</time>
					</trkpt>
					<trkpt lat="46.001900" lon="6.837730">
						<ele>2022</ele>
						<time>2026-05-01T15:37:08Z</time>
					</trkpt>
					<trkpt lat="46.001980" lon="6.837830">
						<ele>2024</ele>
						<time>2026-05-01T15:37:22Z</time>
					</trkpt>
					<trkpt lat="46.002170" lon="6.837950">
						<ele>2028</ele>
						<time>2026-05-01T15:37:50Z</time>
					</trkpt>
					<trkpt lat="46.002240" lon="6.838060">
						<ele>2031</ele>
						<time>2026-05-01T15:38:03Z</time>
					</trkpt>
					<trkpt lat="46.002260" lon="6.838120">
						<ele>2032</ele>
						<time>2026-05-01T15:38:10Z</time>
					</trkpt>
					<trkpt lat="46.002390" lon="6.838210">
						<ele>2036</ele>
						<time>2026-05-01T15:38:29Z</time>
					</trkpt>
					<trkpt lat="46.002510" lon="6.838590">
						<ele>2042</ele>
						<time>2026-05-01T15:39:07Z</time>
					</trkpt>
					<trkpt lat="46.002540" lon="6.838640">
						<ele>2043</ele>
						<time>2026-05-01T15:39:14Z</time>
					</trkpt>
					<trkpt lat="46.002570" lon="6.838730">
						<ele>2044</ele>
						<time>2026-05-01T15:39:23Z</time>
					</trkpt>
					<trkpt lat="46.002710" lon="6.838980">
						<ele>2051</ele>
						<time>2026-05-01T15:39:53Z</time>
					</trkpt>
					<trkpt lat="46.002830" lon="6.839120">
						<ele>2056</ele>
						<time>2026-05-01T15:40:13Z</time>
					</trkpt>
					<trkpt lat="46.002850" lon="6.839180">
						<ele>2058</ele>
						<time>2026-05-01T15:40:19Z</time>
					</trkpt>
					<trkpt lat="46.002880" lon="6.839200">
						<ele>2059</ele>
						<time>2026-05-01T15:40:24Z</time>
					</trkpt>
					<trkpt lat="46.002910" lon="6.839240">
						<ele>2059</ele>
						<time>2026-05-01T15:40:29Z</time>
					</trkpt>
					<trkpt lat="46.002960" lon="6.839270">
						<ele>2061</ele>
						<time>2026-05-01T15:40:36Z</time>
					</trkpt>
					<trkpt lat="46.003100" lon="6.839240">
						<ele>2066</ele>
						<time>2026-05-01T15:40:55Z</time>
					</trkpt>
					<trkpt lat="46.003160" lon="6.839330">
						<ele>2068</ele>
						<time>2026-05-01T15:41:07Z</time>
					</trkpt>
					<trkpt lat="46.003250" lon="6.839270">
						<ele>2072</ele>
						<time>2026-05-01T15:41:20Z</time>
					</trkpt>
					<trkpt lat="46.003320" lon="6.839290">
						<ele>2074</ele>
						<time>2026-05-01T15:41:30Z</time>
					</trkpt>
					<trkpt lat="46.003330" lon="6.839240">
						<ele>2075</ele>
						<time>2026-05-01T15:41:35Z</time>
					</trkpt>
					<trkpt lat="46.003460" lon="6.839160">
						<ele>2078</ele>
						<time>2026-05-01T15:41:53Z</time>
					</trkpt>
					<trkpt lat="46.003660" lon="6.839160">
						<ele>2082</ele>
						<time>2026-05-01T15:42:20Z</time>
					</trkpt>
					<trkpt lat="46.003770" lon="6.839230">
						<ele>2085</ele>
						<time>2026-05-01T15:42:36Z</time>
					</trkpt>
					<trkpt lat="46.003840" lon="6.839250">
						<ele>2087</ele>
						<time>2026-05-01T15:42:46Z</time>
					</trkpt>
					<trkpt lat="46.003890" lon="6.839310">
						<ele>2088</ele>
						<time>2026-05-01T15:42:54Z</time>
					</trkpt>
					<trkpt lat="46.004030" lon="6.839380">
						<ele>2091</ele>
						<time>2026-05-01T15:43:14Z</time>
					</trkpt>
					<trkpt lat="46.004200" lon="6.839530">
						<ele>2095</ele>
						<time>2026-05-01T15:43:41Z</time>
					</trkpt>
					<trkpt lat="46.004300" lon="6.839750">
						<ele>2097</ele>
						<time>2026-05-01T15:44:05Z</time>
					</trkpt>
					<trkpt lat="46.004600" lon="6.840020">
						<ele>2103</ele>
						<time>2026-05-01T15:44:52Z</time>
					</trkpt>
					<trkpt lat="46.004780" lon="6.840130">
						<ele>2107</ele>
						<time>2026-05-01T15:45:18Z</time>
					</trkpt>
					<trkpt lat="46.004850" lon="6.840140">
						<ele>2108</ele>
						<time>2026-05-01T15:45:28Z</time>
					</trkpt>
					<trkpt lat="46.005000" lon="6.840080">
						<ele>2110</ele>
						<time>2026-05-01T15:45:49Z</time>
					</trkpt>
					<trkpt lat="46.005160" lon="6.840100">
						<ele>2112</ele>
						<time>2026-05-01T15:46:10Z</time>
					</trkpt>
					<trkpt lat="46.005330" lon="6.840190">
						<ele>2114</ele>
						<time>2026-05-01T15:46:34Z</time>
					</trkpt>
					<trkpt lat="46.005410" lon="6.840290">
						<ele>2115</ele>
						<time>2026-05-01T15:46:48Z</time>
					</trkpt>
					<trkpt lat="46.005490" lon="6.840320">
						<ele>2116</ele>
						<time>2026-05-01T15:46:59Z</time>
					</trkpt>
					<trkpt lat="46.005620" lon="6.840420">
						<ele>2119</ele>
						<time>2026-05-01T15:47:19Z</time>
					</trkpt>
					<trkpt lat="46.005710" lon="6.840500">
						<ele>2121</ele>
						<time>2026-05-01T15:47:33Z</time>
					</trkpt>
					<trkpt lat="46.005780" lon="6.840670">
						<ele>2125</ele>
						<time>2026-05-01T15:47:51Z</time>
					</trkpt>
					<trkpt lat="46.006090" lon="6.840890">
						<ele>2135</ele>
						<time>2026-05-01T15:48:38Z</time>
					</trkpt>
					<trkpt lat="46.006260" lon="6.841040">
						<ele>2140</ele>
						<time>2026-05-01T15:49:04Z</time>
					</trkpt>
					<trkpt lat="46.006370" lon="6.841170">
						<ele>2144</ele>
						<time>2026-05-01T15:49:23Z</time>
					</trkpt>
					<trkpt lat="46.006410" lon="6.841190">
						<ele>2145</ele>
						<time>2026-05-01T15:49:29Z</time>
					</trkpt>
					<trkpt lat="46.006400" lon="6.841270">
						<ele>2145</ele>
						<time>2026-05-01T15:49:36Z</time>
					</trkpt>
					<trkpt lat="46.006440" lon="6.841280">
						<ele>2146</ele>
						<time>2026-05-01T15:49:42Z</time>
					</trkpt>
					<trkpt lat="46.006460" lon="6.841370">
						<ele>2147</ele>
						<time>2026-05-01T15:49:51Z</time>
					</trkpt>
					<trkpt lat="46.006460" lon="6.841420">
						<ele>2147</ele>
						<time>2026-05-01T15:49:55Z</time>
					</trkpt>
					<trkpt lat="46.006530" lon="6.841610">
						<ele>2150</ele>
						<time>2026-05-01T15:50:15Z</time>
					</trkpt>
					<trkpt lat="46.006580" lon="6.841670">
						<ele>2151</ele>
						<time>2026-05-01T15:50:24Z</time>
					</trkpt>
					<trkpt lat="46.006740" lon="6.842020">
						<ele>2160</ele>
						<time>2026-05-01T15:51:03Z</time>
					</trkpt>
					<trkpt lat="46.006790" lon="6.842200">
						<ele>2164</ele>
						<time>2026-05-01T15:51:21Z</time>
					</trkpt>
					<trkpt lat="46.006910" lon="6.842450">
						<ele>2169</ele>
						<time>2026-05-01T15:51:49Z</time>
					</trkpt>
					<trkpt lat="46.006930" lon="6.842540">
						<ele>2171</ele>
						<time>2026-05-01T15:51:58Z</time>
					</trkpt>
					<trkpt lat="46.006920" lon="6.842590">
						<ele>2172</ele>
						<time>2026-05-01T15:52:02Z</time>
					</trkpt>
					<trkpt lat="46.006850" lon="6.842680">
						<ele>2175</ele>
						<time>2026-05-01T15:52:15Z</time>
					</trkpt>
					<trkpt lat="46.006710" lon="6.842780">
						<ele>2178</ele>
						<time>2026-05-01T15:52:36Z</time>
					</trkpt>
					<trkpt lat="46.006610" lon="6.842950">
						<ele>2183</ele>
						<time>2026-05-01T15:52:56Z</time>
					</trkpt>
					<trkpt lat="46.006560" lon="6.842940">
						<ele>2183</ele>
						<time>2026-05-01T15:53:03Z</time>
					</trkpt>
					<trkpt lat="46.006520" lon="6.843010">
						<ele>2186</ele>
						<time>2026-05-01T15:53:12Z</time>
					</trkpt>
					<trkpt lat="46.006470" lon="6.843210">
						<ele>2194</ele>
						<time>2026-05-01T15:53:31Z</time>
					</trkpt>
					<trkpt lat="46.006470" lon="6.843240">
						<ele>2195</ele>
						<time>2026-05-01T15:53:34Z</time>
					</trkpt>
					<trkpt lat="46.006500" lon="6.843280">
						<ele>2196</ele>
						<time>2026-05-01T15:53:39Z</time>
					</trkpt>
					<trkpt lat="46.006470" lon="6.843320">
						<ele>2198</ele>
						<time>2026-05-01T15:53:45Z</time>
					</trkpt>
					<trkpt lat="46.006450" lon="6.843400">
						<ele>2200</ele>
						<time>2026-05-01T15:53:53Z</time>
					</trkpt>
					<trkpt lat="46.006460" lon="6.843420">
						<ele>2201</ele>
						<time>2026-05-01T15:53:55Z</time>
					</trkpt>
					<trkpt lat="46.006600" lon="6.843360">
						<ele>2198</ele>
						<time>2026-05-01T15:54:15Z</time>
					</trkpt>
					<trkpt lat="46.006660" lon="6.843440">
						<ele>2199</ele>
						<time>2026-05-01T15:54:25Z</time>
					</trkpt>
					<trkpt lat="46.006750" lon="6.843440">
						<ele>2200</ele>
						<time>2026-05-01T15:54:37Z</time>
					</trkpt>
					<trkpt lat="46.006760" lon="6.843500">
						<ele>2202</ele>
						<time>2026-05-01T15:54:43Z</time>
					</trkpt>
					<trkpt lat="46.006790" lon="6.843540">
						<ele>2203</ele>
						<time>2026-05-01T15:54:49Z</time>
					</trkpt>
					<trkpt lat="46.006790" lon="6.843580">
						<ele>2204</ele>
						<time>2026-05-01T15:54:52Z</time>
					</trkpt>
					<trkpt lat="46.006860" lon="6.843660">
						<ele>2207</ele>
						<time>2026-05-01T15:55:04Z</time>
					</trkpt>
					<trkpt lat="46.006930" lon="6.843660">
						<ele>2208</ele>
						<time>2026-05-01T15:55:14Z</time>
					</trkpt>
					<trkpt lat="46.006970" lon="6.843710">
						<ele>2210</ele>
						<time>2026-05-01T15:55:21Z</time>
					</trkpt>
					<trkpt lat="46.007020" lon="6.843710">
						<ele>2211</ele>
						<time>2026-05-01T15:55:27Z</time>
					</trkpt>
					<trkpt lat="46.007070" lon="6.843750">
						<ele>2213</ele>
						<time>2026-05-01T15:55:35Z</time>
					</trkpt>
					<trkpt lat="46.007200" lon="6.843790">
						<ele>2216</ele>
						<time>2026-05-01T15:55:53Z</time>
					</trkpt>
					<trkpt lat="46.007300" lon="6.843860">
						<ele>2220</ele>
						<time>2026-05-01T15:56:08Z</time>
					</trkpt>
					<trkpt lat="46.007290" lon="6.843920">
						<ele>2222</ele>
						<time>2026-05-01T15:56:13Z</time>
					</trkpt>
					<trkpt lat="46.007220" lon="6.843970">
						<ele>2223</ele>
						<time>2026-05-01T15:56:24Z</time>
					</trkpt>
					<trkpt lat="46.007190" lon="6.844030">
						<ele>2225</ele>
						<time>2026-05-01T15:56:31Z</time>
					</trkpt>
					<trkpt lat="46.007180" lon="6.844070">
						<ele>2226</ele>
						<time>2026-05-01T15:56:35Z</time>
					</trkpt>
					<trkpt lat="46.007200" lon="6.844090">
						<ele>2228</ele>
						<time>2026-05-01T15:56:38Z</time>
					</trkpt>
					<trkpt lat="46.007180" lon="6.844110">
						<ele>2228</ele>
						<time>2026-05-01T15:56:41Z</time>
					</trkpt>
					<trkpt lat="46.007190" lon="6.844130">
						<ele>2229</ele>
						<time>2026-05-01T15:56:43Z</time>
					</trkpt>
					<trkpt lat="46.007150" lon="6.844220">
						<ele>2233</ele>
						<time>2026-05-01T15:56:53Z</time>
					</trkpt>
					<trkpt lat="46.007090" lon="6.844240">
						<ele>2233</ele>
						<time>2026-05-01T15:57:01Z</time>
					</trkpt>
					<trkpt lat="46.007000" lon="6.844200">
						<ele>2229</ele>
						<time>2026-05-01T15:57:14Z</time>
					</trkpt>
					<trkpt lat="46.006990" lon="6.844270">
						<ele>2232</ele>
						<time>2026-05-01T15:57:21Z</time>
					</trkpt>
					<trkpt lat="46.007020" lon="6.844340">
						<ele>2237</ele>
						<time>2026-05-01T15:57:28Z</time>
					</trkpt>
					<trkpt lat="46.007040" lon="6.844320">
						<ele>2236</ele>
						<time>2026-05-01T15:57:32Z</time>
					</trkpt>
					<trkpt lat="46.007100" lon="6.844350">
						<ele>2239</ele>
						<time>2026-05-01T15:57:40Z</time>
					</trkpt>
					<trkpt lat="46.007140" lon="6.844410">
						<ele>2243</ele>
						<time>2026-05-01T15:57:48Z</time>
					</trkpt>
					<trkpt lat="46.007080" lon="6.844440">
						<ele>2243</ele>
						<time>2026-05-01T15:57:56Z</time>
					</trkpt>
					<trkpt lat="46.007080" lon="6.844500">
						<ele>2246</ele>
						<time>2026-05-01T15:58:02Z</time>
					</trkpt>
					<trkpt lat="46.007160" lon="6.844580">
						<ele>2252</ele>
						<time>2026-05-01T15:58:15Z</time>
					</trkpt>
					<trkpt lat="46.007160" lon="6.844630">
						<ele>2255</ele>
						<time>2026-05-01T15:58:19Z</time>
					</trkpt>
					<trkpt lat="46.007060" lon="6.844720">
						<ele>2258</ele>
						<time>2026-05-01T15:58:35Z</time>
					</trkpt>
					<trkpt lat="46.007110" lon="6.844750">
						<ele>2260</ele>
						<time>2026-05-01T15:58:42Z</time>
					</trkpt>
					<trkpt lat="46.007110" lon="6.844810">
						<ele>2263</ele>
						<time>2026-05-01T15:58:48Z</time>
					</trkpt>
					<trkpt lat="46.007040" lon="6.844830">
						<ele>2263</ele>
						<time>2026-05-01T15:58:57Z</time>
					</trkpt>
					<trkpt lat="46.007120" lon="6.844920">
						<ele>2269</ele>
						<time>2026-05-01T15:59:11Z</time>
					</trkpt>
					<trkpt lat="46.007140" lon="6.844980">
						<ele>2273</ele>
						<time>2026-05-01T15:59:17Z</time>
					</trkpt>
					<trkpt lat="46.007070" lon="6.845090">
						<ele>2276</ele>
						<time>2026-05-01T15:59:31Z</time>
					</trkpt>
					<trkpt lat="46.007070" lon="6.845170">
						<ele>2279</ele>
						<time>2026-05-01T15:59:38Z</time>
					</trkpt>
					<trkpt lat="46.007120" lon="6.845240">
						<ele>2283</ele>
						<time>2026-05-01T15:59:48Z</time>
					</trkpt>
					<trkpt lat="46.007100" lon="6.845300">
						<ele>2285</ele>
						<time>2026-05-01T15:59:54Z</time>
					</trkpt>
					<trkpt lat="46.007000" lon="6.845290">
						<ele>2283</ele>
						<time>2026-05-01T16:00:07Z</time>
					</trkpt>
					<trkpt lat="46.006930" lon="6.845330">
						<ele>2284</ele>
						<time>2026-05-01T16:00:17Z</time>
					</trkpt>
					<trkpt lat="46.006920" lon="6.845360">
						<ele>2285</ele>
						<time>2026-05-01T16:00:20Z</time>
					</trkpt>
					<trkpt lat="46.006950" lon="6.845480">
						<ele>2290</ele>
						<time>2026-05-01T16:00:32Z</time>
					</trkpt>
					<trkpt lat="46.006800" lon="6.845530">
						<ele>2291</ele>
						<time>2026-05-01T16:00:53Z</time>
					</trkpt>
					<trkpt lat="46.006790" lon="6.845590">
						<ele>2293</ele>
						<time>2026-05-01T16:00:58Z</time>
					</trkpt>
					<trkpt lat="46.006690" lon="6.845670">
						<ele>2296</ele>
						<time>2026-05-01T16:01:14Z</time>
					</trkpt>
					<trkpt lat="46.006600" lon="6.845700">
						<ele>2296</ele>
						<time>2026-05-01T16:01:26Z</time>
					</trkpt>
					<trkpt lat="46.006490" lon="6.845900">
						<ele>2303</ele>
						<time>2026-05-01T16:01:50Z</time>
					</trkpt>
					<trkpt lat="46.006490" lon="6.845900">
						<ele>2303</ele>
						<time>2026-05-01T16:01:50Z</time>
					</trkpt>
					<trkpt lat="46.006470" lon="6.845940">
						<ele>2304</ele>
						<time>2026-05-01T16:01:54Z</time>
					</trkpt>
					<trkpt lat="46.006440" lon="6.845960">
						<ele>2305</ele>
						<time>2026-05-01T16:01:59Z</time>
					</trkpt>
					<trkpt lat="46.006400" lon="6.845960">
						<ele>2304</ele>
						<time>2026-05-01T16:02:04Z</time>
					</trkpt>
					<trkpt lat="46.006360" lon="6.846050">
						<ele>2306</ele>
						<time>2026-05-01T16:02:14Z</time>
					</trkpt>
					<trkpt lat="46.006340" lon="6.846130">
						<ele>2308</ele>
						<time>2026-05-01T16:02:22Z</time>
					</trkpt>
					<trkpt lat="46.006360" lon="6.846440">
						<ele>2318</ele>
						<time>2026-05-01T16:02:51Z</time>
					</trkpt>
					<trkpt lat="46.006340" lon="6.846490">
						<ele>2319</ele>
						<time>2026-05-01T16:02:56Z</time>
					</trkpt>
					<trkpt lat="46.006360" lon="6.846520">
						<ele>2320</ele>
						<time>2026-05-01T16:03:00Z</time>
					</trkpt>
					<trkpt lat="46.006310" lon="6.846640">
						<ele>2322</ele>
						<time>2026-05-01T16:03:13Z</time>
					</trkpt>
					<trkpt lat="46.006330" lon="6.846700">
						<ele>2324</ele>
						<time>2026-05-01T16:03:19Z</time>
					</trkpt>
					<trkpt lat="46.006320" lon="6.846750">
						<ele>2325</ele>
						<time>2026-05-01T16:03:24Z</time>
					</trkpt>
					<trkpt lat="46.006330" lon="6.846810">
						<ele>2326</ele>
						<time>2026-05-01T16:03:30Z</time>
					</trkpt>
					<trkpt lat="46.006370" lon="6.846950">
						<ele>2331</ele>
						<time>2026-05-01T16:03:44Z</time>
					</trkpt>
					<trkpt lat="46.006370" lon="6.847110">
						<ele>2334</ele>
						<time>2026-05-01T16:03:58Z</time>
					</trkpt>
					<trkpt lat="46.006310" lon="6.847320">
						<ele>2336</ele>
						<time>2026-05-01T16:04:19Z</time>
					</trkpt>
					<trkpt lat="46.006330" lon="6.847360">
						<ele>2337</ele>
						<time>2026-05-01T16:04:24Z</time>
					</trkpt>
					<trkpt lat="46.006330" lon="6.847440">
						<ele>2339</ele>
						<time>2026-05-01T16:04:31Z</time>
					</trkpt>
					<trkpt lat="46.006310" lon="6.847480">
						<ele>2339</ele>
						<time>2026-05-01T16:04:36Z</time>
					</trkpt>
					<trkpt lat="46.006340" lon="6.847730">
						<ele>2344</ele>
						<time>2026-05-01T16:05:00Z</time>
					</trkpt>
					<trkpt lat="46.006350" lon="6.847860">
						<ele>2347</ele>
						<time>2026-05-01T16:05:12Z</time>
					</trkpt>
					<trkpt lat="46.006330" lon="6.847940">
						<ele>2347</ele>
						<time>2026-05-01T16:05:20Z</time>
					</trkpt>
					<trkpt lat="46.006340" lon="6.848010">
						<ele>2349</ele>
						<time>2026-05-01T16:05:26Z</time>
					</trkpt>
					<trkpt lat="46.006270" lon="6.848200">
						<ele>2348</ele>
						<time>2026-05-01T16:05:46Z</time>
					</trkpt>
					<trkpt lat="46.006230" lon="6.848260">
						<ele>2347</ele>
						<time>2026-05-01T16:05:54Z</time>
					</trkpt>
					<trkpt lat="46.006230" lon="6.848330">
						<ele>2348</ele>
						<time>2026-05-01T16:06:00Z</time>
					</trkpt>
					<trkpt lat="46.006260" lon="6.848390">
						<ele>2351</ele>
						<time>2026-05-01T16:06:07Z</time>
					</trkpt>
					<trkpt lat="46.006350" lon="6.849060">
						<ele>2369</ele>
						<time>2026-05-01T16:07:10Z</time>
					</trkpt>
					<trkpt lat="46.006290" lon="6.849990">
						<ele>2386</ele>
						<time>2026-05-01T16:08:37Z</time>
					</trkpt>
					<trkpt lat="46.006320" lon="6.850100">
						<ele>2391</ele>
						<time>2026-05-01T16:08:48Z</time>
					</trkpt>
					<trkpt lat="46.006300" lon="6.850430">
						<ele>2398</ele>
						<time>2026-05-01T16:09:19Z</time>
					</trkpt>
					<trkpt lat="46.006240" lon="6.850820">
						<ele>2407</ele>
						<time>2026-05-01T16:09:56Z</time>
					</trkpt>
					<trkpt lat="46.006320" lon="6.851000">
						<ele>2414</ele>
						<time>2026-05-01T16:10:15Z</time>
					</trkpt>
					<trkpt lat="46.006330" lon="6.851110">
						<ele>2416</ele>
						<time>2026-05-01T16:10:26Z</time>
					</trkpt>
					<trkpt lat="46.006370" lon="6.851120">
						<ele>2418</ele>
						<time>2026-05-01T16:10:31Z</time>
					</trkpt>
					<trkpt lat="46.006390" lon="6.851270">
						<ele>2422</ele>
						<time>2026-05-01T16:10:45Z</time>
					</trkpt>
					<trkpt lat="46.006430" lon="6.851280">
						<ele>2423</ele>
						<time>2026-05-01T16:10:51Z</time>
					</trkpt>
					<trkpt lat="46.006460" lon="6.851360">
						<ele>2426</ele>
						<time>2026-05-01T16:10:59Z</time>
					</trkpt>
					<trkpt lat="46.006460" lon="6.851830">
						<ele>2436</ele>
						<time>2026-05-01T16:11:43Z</time>
					</trkpt>
					<trkpt lat="46.006510" lon="6.852020">
						<ele>2441</ele>
						<time>2026-05-01T16:12:02Z</time>
					</trkpt>
					<trkpt lat="46.006570" lon="6.852090">
						<ele>2443</ele>
						<time>2026-05-01T16:12:12Z</time>
					</trkpt>
					<trkpt lat="46.006660" lon="6.852550">
						<ele>2453</ele>
						<time>2026-05-01T16:12:56Z</time>
					</trkpt>
					<trkpt lat="46.006720" lon="6.852790">
						<ele>2463</ele>
						<time>2026-05-01T16:13:20Z</time>
					</trkpt>
					<trkpt lat="46.006740" lon="6.852790">
						<ele>2464</ele>
						<time>2026-05-01T16:13:22Z</time>
					</trkpt>
					<trkpt lat="46.006750" lon="6.853120">
						<ele>2475</ele>
						<time>2026-05-01T16:13:53Z</time>
					</trkpt>
					<trkpt lat="46.006740" lon="6.853320">
						<ele>2481</ele>
						<time>2026-05-01T16:14:12Z</time>
					</trkpt>
					<trkpt lat="46.006670" lon="6.854010">
						<ele>2496</ele>
						<time>2026-05-01T16:15:16Z</time>
					</trkpt>
					<trkpt lat="46.006690" lon="6.854060">
						<ele>2498</ele>
						<time>2026-05-01T16:15:22Z</time>
					</trkpt>
					<trkpt lat="46.006680" lon="6.854150">
						<ele>2500</ele>
						<time>2026-05-01T16:15:30Z</time>
					</trkpt>
					<trkpt lat="46.006710" lon="6.854290">
						<ele>2503</ele>
						<time>2026-05-01T16:15:44Z</time>
					</trkpt>
					<trkpt lat="46.006700" lon="6.854310">
						<ele>2503</ele>
						<time>2026-05-01T16:15:46Z</time>
					</trkpt>
					<trkpt lat="46.006730" lon="6.854350">
						<ele>2504</ele>
						<time>2026-05-01T16:15:51Z</time>
					</trkpt>
					<trkpt lat="46.006770" lon="6.854380">
						<ele>2506</ele>
						<time>2026-05-01T16:15:57Z</time>
					</trkpt>
					<trkpt lat="46.006830" lon="6.854520">
						<ele>2509</ele>
						<time>2026-05-01T16:16:13Z</time>
					</trkpt>
					<trkpt lat="46.006830" lon="6.854550">
						<ele>2509</ele>
						<time>2026-05-01T16:16:15Z</time>
					</trkpt>
					<trkpt lat="46.006950" lon="6.854710">
						<ele>2512</ele>
						<time>2026-05-01T16:16:37Z</time>
					</trkpt>
					<trkpt lat="46.007110" lon="6.855110">
						<ele>2514</ele>
						<time>2026-05-01T16:17:20Z</time>
					</trkpt>
					<trkpt lat="46.007140" lon="6.855150">
						<ele>2513</ele>
						<time>2026-05-01T16:17:26Z</time>
					</trkpt>
					<trkpt lat="46.007227" lon="6.855315">
						<ele>2510</ele>
						<time>2026-05-01T16:17:44Z</time>
					</trkpt>
					<trkpt lat="46.007230" lon="6.855320">
						<ele>2510</ele>
						<time>2026-05-01T16:17:45Z</time>
					</trkpt>
					<trkpt lat="46.007280" lon="6.855300">
						<ele>2510</ele>
						<time>2026-05-01T16:17:52Z</time>
					</trkpt>
					<trkpt lat="46.007320" lon="6.855250">
						<ele>2510</ele>
						<time>2026-05-01T16:17:59Z</time>
					</trkpt>
					<trkpt lat="46.007380" lon="6.855210">
						<ele>2510</ele>
						<time>2026-05-01T16:18:08Z</time>
					</trkpt>
					<trkpt lat="46.007580" lon="6.855190">
						<ele>2511</ele>
						<time>2026-05-01T16:18:35Z</time>
					</trkpt>
					<trkpt lat="46.007660" lon="6.855230">
						<ele>2511</ele>
						<time>2026-05-01T16:18:46Z</time>
					</trkpt>
					<trkpt lat="46.007720" lon="6.855310">
						<ele>2510</ele>
						<time>2026-05-01T16:18:57Z</time>
					</trkpt>
					<trkpt lat="46.007860" lon="6.855650">
						<ele>2499</ele>
						<time>2026-05-01T16:19:34Z</time>
					</trkpt>
					<trkpt lat="46.008140" lon="6.855940">
						<ele>2491</ele>
						<time>2026-05-01T16:20:20Z</time>
					</trkpt>
					<trkpt lat="46.008360" lon="6.856050">
						<ele>2489</ele>
						<time>2026-05-01T16:20:51Z</time>
					</trkpt>
					<trkpt lat="46.008490" lon="6.856150">
						<ele>2486</ele>
						<time>2026-05-01T16:21:11Z</time>
					</trkpt>
					<trkpt lat="46.008850" lon="6.856340">
						<ele>2482</ele>
						<time>2026-05-01T16:22:02Z</time>
					</trkpt>
					<trkpt lat="46.008960" lon="6.856340">
						<ele>2482</ele>
						<time>2026-05-01T16:22:16Z</time>
					</trkpt>
					<trkpt lat="46.009140" lon="6.856230">
						<ele>2486</ele>
						<time>2026-05-01T16:22:42Z</time>
					</trkpt>
					<trkpt lat="46.009350" lon="6.856190">
						<ele>2489</ele>
						<time>2026-05-01T16:23:11Z</time>
					</trkpt>
					<trkpt lat="46.009450" lon="6.856070">
						<ele>2493</ele>
						<time>2026-05-01T16:23:28Z</time>
					</trkpt>
					<trkpt lat="46.009790" lon="6.856110">
						<ele>2493</ele>
						<time>2026-05-01T16:24:14Z</time>
					</trkpt>
					<trkpt lat="46.009880" lon="6.856140">
						<ele>2493</ele>
						<time>2026-05-01T16:24:26Z</time>
					</trkpt>
					<trkpt lat="46.010060" lon="6.856040">
						<ele>2498</ele>
						<time>2026-05-01T16:24:52Z</time>
					</trkpt>
					<trkpt lat="46.010270" lon="6.856070">
						<ele>2499</ele>
						<time>2026-05-01T16:25:20Z</time>
					</trkpt>
					<trkpt lat="46.010480" lon="6.856020">
						<ele>2503</ele>
						<time>2026-05-01T16:25:48Z</time>
					</trkpt>
					<trkpt lat="46.010570" lon="6.856020">
						<ele>2504</ele>
						<time>2026-05-01T16:26:00Z</time>
					</trkpt>
					<trkpt lat="46.010630" lon="6.855940">
						<ele>2507</ele>
						<time>2026-05-01T16:26:11Z</time>
					</trkpt>
					<trkpt lat="46.010700" lon="6.855900">
						<ele>2508</ele>
						<time>2026-05-01T16:26:21Z</time>
					</trkpt>
					<trkpt lat="46.010730" lon="6.855700">
						<ele>2512</ele>
						<time>2026-05-01T16:26:40Z</time>
					</trkpt>
					<trkpt lat="46.010780" lon="6.855640">
						<ele>2513</ele>
						<time>2026-05-01T16:26:49Z</time>
					</trkpt>
					<trkpt lat="46.010770" lon="6.855570">
						<ele>2514</ele>
						<time>2026-05-01T16:26:56Z</time>
					</trkpt>
					<trkpt lat="46.010790" lon="6.855520">
						<ele>2515</ele>
						<time>2026-05-01T16:27:01Z</time>
					</trkpt>
					<trkpt lat="46.010790" lon="6.855270">
						<ele>2519</ele>
						<time>2026-05-01T16:27:24Z</time>
					</trkpt>
					<trkpt lat="46.010850" lon="6.855060">
						<ele>2520</ele>
						<time>2026-05-01T16:27:45Z</time>
					</trkpt>
					<trkpt lat="46.010850" lon="6.854840">
						<ele>2524</ele>
						<time>2026-05-01T16:28:05Z</time>
					</trkpt>
					<trkpt lat="46.010900" lon="6.854500">
						<ele>2531</ele>
						<time>2026-05-01T16:28:38Z</time>
					</trkpt>
					<trkpt lat="46.010990" lon="6.854080">
						<ele>2538</ele>
						<time>2026-05-01T16:29:18Z</time>
					</trkpt>
					<trkpt lat="46.011180" lon="6.853710">
						<ele>2543</ele>
						<time>2026-05-01T16:30:01Z</time>
					</trkpt>
					<trkpt lat="46.011300" lon="6.853420">
						<ele>2548</ele>
						<time>2026-05-01T16:30:32Z</time>
					</trkpt>
					<trkpt lat="46.011290" lon="6.853320">
						<ele>2551</ele>
						<time>2026-05-01T16:30:42Z</time>
					</trkpt>
					<trkpt lat="46.011380" lon="6.853220">
						<ele>2553</ele>
						<time>2026-05-01T16:30:57Z</time>
					</trkpt>
					<trkpt lat="46.011590" lon="6.853130">
						<ele>2551</ele>
						<time>2026-05-01T16:31:26Z</time>
					</trkpt>
					<trkpt lat="46.011600" lon="6.853040">
						<ele>2553</ele>
						<time>2026-05-01T16:31:35Z</time>
					</trkpt>
					<trkpt lat="46.011740" lon="6.852930">
						<ele>2554</ele>
						<time>2026-05-01T16:31:56Z</time>
					</trkpt>
					<trkpt lat="46.011960" lon="6.852670">
						<ele>2558</ele>
						<time>2026-05-01T16:32:34Z</time>
					</trkpt>
					<trkpt lat="46.012110" lon="6.852380">
						<ele>2565</ele>
						<time>2026-05-01T16:33:07Z</time>
					</trkpt>
					<trkpt lat="46.012140" lon="6.852150">
						<ele>2576</ele>
						<time>2026-05-01T16:33:29Z</time>
					</trkpt>
					<trkpt lat="46.012430" lon="6.851580">
						<ele>2593</ele>
						<time>2026-05-01T16:34:35Z</time>
					</trkpt>
					<trkpt lat="46.012660" lon="6.851180">
						<ele>2602</ele>
						<time>2026-05-01T16:35:23Z</time>
					</trkpt>
					<trkpt lat="46.012770" lon="6.851090">
						<ele>2605</ele>
						<time>2026-05-01T16:35:40Z</time>
					</trkpt>
					<trkpt lat="46.012930" lon="6.851010">
						<ele>2607</ele>
						<time>2026-05-01T16:36:02Z</time>
					</trkpt>
					<trkpt lat="46.012960" lon="6.850940">
						<ele>2609</ele>
						<time>2026-05-01T16:36:10Z</time>
					</trkpt>
					<trkpt lat="46.013060" lon="6.850840">
						<ele>2611</ele>
						<time>2026-05-01T16:36:26Z</time>
					</trkpt>
					<trkpt lat="46.013170" lon="6.850820">
						<ele>2612</ele>
						<time>2026-05-01T16:36:41Z</time>
					</trkpt>
					<trkpt lat="46.013650" lon="6.850310">
						<ele>2631</ele>
						<time>2026-05-01T16:38:00Z</time>
					</trkpt>
					<trkpt lat="46.013800" lon="6.850110">
						<ele>2637</ele>
						<time>2026-05-01T16:38:28Z</time>
					</trkpt>
					<trkpt lat="46.013960" lon="6.849960">
						<ele>2640</ele>
						<time>2026-05-01T16:38:53Z</time>
					</trkpt>
					<trkpt lat="46.014010" lon="6.849940">
						<ele>2641</ele>
						<time>2026-05-01T16:39:00Z</time>
					</trkpt>
					<trkpt lat="46.014070" lon="6.849880">
						<ele>2641</ele>
						<time>2026-05-01T16:39:10Z</time>
					</trkpt>
					<trkpt lat="46.014210" lon="6.849870">
						<ele>2644</ele>
						<time>2026-05-01T16:39:29Z</time>
					</trkpt>
					<trkpt lat="46.014320" lon="6.849920">
						<ele>2649</ele>
						<time>2026-05-01T16:39:44Z</time>
					</trkpt>
					<trkpt lat="46.014360" lon="6.849910">
						<ele>2650</ele>
						<time>2026-05-01T16:39:49Z</time>
					</trkpt>
					<trkpt lat="46.014360" lon="6.849880">
						<ele>2650</ele>
						<time>2026-05-01T16:39:52Z</time>
					</trkpt>
					<trkpt lat="46.014560" lon="6.849770">
						<ele>2656</ele>
						<time>2026-05-01T16:40:21Z</time>
					</trkpt>
					<trkpt lat="46.014550" lon="6.849940">
						<ele>2656</ele>
						<time>2026-05-01T16:40:37Z</time>
					</trkpt>
					<trkpt lat="46.014600" lon="6.850070">
						<ele>2658</ele>
						<time>2026-05-01T16:40:50Z</time>
					</trkpt>
					<trkpt lat="46.014710" lon="6.850090">
						<ele>2662</ele>
						<time>2026-05-01T16:41:05Z</time>
					</trkpt>
					<trkpt lat="46.014840" lon="6.850250">
						<ele>2668</ele>
						<time>2026-05-01T16:41:28Z</time>
					</trkpt>
					<trkpt lat="46.014890" lon="6.850290">
						<ele>2670</ele>
						<time>2026-05-01T16:41:36Z</time>
					</trkpt>
					<trkpt lat="46.014870" lon="6.850310">
						<ele>2669</ele>
						<time>2026-05-01T16:41:39Z</time>
					</trkpt>
					<trkpt lat="46.014950" lon="6.850420">
						<ele>2673</ele>
						<time>2026-05-01T16:41:54Z</time>
					</trkpt>
					<trkpt lat="46.014910" lon="6.850460">
						<ele>2671</ele>
						<time>2026-05-01T16:42:00Z</time>
					</trkpt>
					<trkpt lat="46.015130" lon="6.850690">
						<ele>2681</ele>
						<time>2026-05-01T16:42:36Z</time>
					</trkpt>
					<trkpt lat="46.015270" lon="6.850750">
						<ele>2687</ele>
						<time>2026-05-01T16:42:56Z</time>
					</trkpt>
					<trkpt lat="46.015360" lon="6.850750">
						<ele>2690</ele>
						<time>2026-05-01T16:43:08Z</time>
					</trkpt>
					<trkpt lat="46.015620" lon="6.850890">
						<ele>2699</ele>
						<time>2026-05-01T16:43:45Z</time>
					</trkpt>
					<trkpt lat="46.015810" lon="6.851080">
						<ele>2703</ele>
						<time>2026-05-01T16:44:16Z</time>
					</trkpt>
					<trkpt lat="46.015930" lon="6.851230">
						<ele>2705</ele>
						<time>2026-05-01T16:44:37Z</time>
					</trkpt>
					<trkpt lat="46.016100" lon="6.851410">
						<ele>2709</ele>
						<time>2026-05-01T16:45:05Z</time>
					</trkpt>
					<trkpt lat="46.016340" lon="6.851570">
						<ele>2716</ele>
						<time>2026-05-01T16:45:40Z</time>
					</trkpt>
					<trkpt lat="46.016530" lon="6.851640">
						<ele>2723</ele>
						<time>2026-05-01T16:46:07Z</time>
					</trkpt>
					<trkpt lat="46.016590" lon="6.851690">
						<ele>2725</ele>
						<time>2026-05-01T16:46:16Z</time>
					</trkpt>
					<trkpt lat="46.016660" lon="6.851720">
						<ele>2727</ele>
						<time>2026-05-01T16:46:26Z</time>
					</trkpt>
					<trkpt lat="46.016830" lon="6.851730">
						<ele>2733</ele>
						<time>2026-05-01T16:46:48Z</time>
					</trkpt>
					<trkpt lat="46.016890" lon="6.851690">
						<ele>2736</ele>
						<time>2026-05-01T16:46:57Z</time>
					</trkpt>
					<trkpt lat="46.016960" lon="6.851640">
						<ele>2739</ele>
						<time>2026-05-01T16:47:08Z</time>
					</trkpt>
					<trkpt lat="46.017000" lon="6.851650">
						<ele>2741</ele>
						<time>2026-05-01T16:47:13Z</time>
					</trkpt>
					<trkpt lat="46.017060" lon="6.851600">
						<ele>2743</ele>
						<time>2026-05-01T16:47:22Z</time>
					</trkpt>
					<trkpt lat="46.017090" lon="6.851670">
						<ele>2745</ele>
						<time>2026-05-01T16:47:30Z</time>
					</trkpt>
					<trkpt lat="46.017140" lon="6.851710">
						<ele>2746</ele>
						<time>2026-05-01T16:47:37Z</time>
					</trkpt>
					<trkpt lat="46.017160" lon="6.851760">
						<ele>2746</ele>
						<time>2026-05-01T16:47:43Z</time>
					</trkpt>
					<trkpt lat="46.017200" lon="6.851730">
						<ele>2748</ele>
						<time>2026-05-01T16:47:49Z</time>
					</trkpt>
					<trkpt lat="46.017240" lon="6.851640">
						<ele>2751</ele>
						<time>2026-05-01T16:47:59Z</time>
					</trkpt>
					<trkpt lat="46.017270" lon="6.851630">
						<ele>2752</ele>
						<time>2026-05-01T16:48:03Z</time>
					</trkpt>
					<trkpt lat="46.017290" lon="6.851700">
						<ele>2752</ele>
						<time>2026-05-01T16:48:10Z</time>
					</trkpt>
					<trkpt lat="46.017330" lon="6.851700">
						<ele>2754</ele>
						<time>2026-05-01T16:48:15Z</time>
					</trkpt>
					<trkpt lat="46.017350" lon="6.851740">
						<ele>2754</ele>
						<time>2026-05-01T16:48:20Z</time>
					</trkpt>
					<trkpt lat="46.017380" lon="6.851760">
						<ele>2755</ele>
						<time>2026-05-01T16:48:24Z</time>
					</trkpt>
					<trkpt lat="46.017440" lon="6.851730">
						<ele>2758</ele>
						<time>2026-05-01T16:48:33Z</time>
					</trkpt>
					<trkpt lat="46.017460" lon="6.851820">
						<ele>2758</ele>
						<time>2026-05-01T16:48:41Z</time>
					</trkpt>
					<trkpt lat="46.017520" lon="6.851770">
						<ele>2761</ele>
						<time>2026-05-01T16:48:51Z</time>
					</trkpt>
					<trkpt lat="46.017540" lon="6.851840">
						<ele>2761</ele>
						<time>2026-05-01T16:48:58Z</time>
					</trkpt>
					<trkpt lat="46.017600" lon="6.851790">
						<ele>2766</ele>
						<time>2026-05-01T16:49:07Z</time>
					</trkpt>
					<trkpt lat="46.017650" lon="6.851900">
						<ele>2767</ele>
						<time>2026-05-01T16:49:19Z</time>
					</trkpt>
					<trkpt lat="46.017720" lon="6.851830">
						<ele>2772</ele>
						<time>2026-05-01T16:49:30Z</time>
					</trkpt>
					<trkpt lat="46.017740" lon="6.851830">
						<ele>2773</ele>
						<time>2026-05-01T16:49:33Z</time>
					</trkpt>
					<trkpt lat="46.017760" lon="6.851880">
						<ele>2774</ele>
						<time>2026-05-01T16:49:38Z</time>
					</trkpt>
					<trkpt lat="46.017800" lon="6.851840">
						<ele>2777</ele>
						<time>2026-05-01T16:49:45Z</time>
					</trkpt>
					<trkpt lat="46.017940" lon="6.852080">
						<ele>2781</ele>
						<time>2026-05-01T16:50:14Z</time>
					</trkpt>
					<trkpt lat="46.017980" lon="6.852060">
						<ele>2784</ele>
						<time>2026-05-01T16:50:20Z</time>
					</trkpt>
					<trkpt lat="46.018040" lon="6.852200">
						<ele>2785</ele>
						<time>2026-05-01T16:50:35Z</time>
					</trkpt>
					<trkpt lat="46.018070" lon="6.852190">
						<ele>2787</ele>
						<time>2026-05-01T16:50:39Z</time>
					</trkpt>
					<trkpt lat="46.018090" lon="6.852150">
						<ele>2789</ele>
						<time>2026-05-01T16:50:44Z</time>
					</trkpt>
					<trkpt lat="46.018110" lon="6.852190">
						<ele>2789</ele>
						<time>2026-05-01T16:50:48Z</time>
					</trkpt>
					<trkpt lat="46.018130" lon="6.852180">
						<ele>2790</ele>
						<time>2026-05-01T16:50:51Z</time>
					</trkpt>
					<trkpt lat="46.018150" lon="6.852080">
						<ele>2793</ele>
						<time>2026-05-01T16:51:01Z</time>
					</trkpt>
					<trkpt lat="46.018170" lon="6.852100">
						<ele>2794</ele>
						<time>2026-05-01T16:51:04Z</time>
					</trkpt>
					<trkpt lat="46.018210" lon="6.852040">
						<ele>2797</ele>
						<time>2026-05-01T16:51:12Z</time>
					</trkpt>
					<trkpt lat="46.018240" lon="6.852080">
						<ele>2798</ele>
						<time>2026-05-01T16:51:17Z</time>
					</trkpt>
					<trkpt lat="46.018260" lon="6.852060">
						<ele>2800</ele>
						<time>2026-05-01T16:51:20Z</time>
					</trkpt>
					<trkpt lat="46.018280" lon="6.851990">
						<ele>2802</ele>
						<time>2026-05-01T16:51:27Z</time>
					</trkpt>
					<trkpt lat="46.018340" lon="6.851930">
						<ele>2807</ele>
						<time>2026-05-01T16:51:37Z</time>
					</trkpt>
					<trkpt lat="46.018450" lon="6.852070">
						<ele>2811</ele>
						<time>2026-05-01T16:51:57Z</time>
					</trkpt>
					<trkpt lat="46.018480" lon="6.851980">
						<ele>2814</ele>
						<time>2026-05-01T16:52:06Z</time>
					</trkpt>
					<trkpt lat="46.018520" lon="6.852060">
						<ele>2815</ele>
						<time>2026-05-01T16:52:15Z</time>
					</trkpt>
					<trkpt lat="46.018580" lon="6.851980">
						<ele>2821</ele>
						<time>2026-05-01T16:52:26Z</time>
					</trkpt>
					<trkpt lat="46.018650" lon="6.852020">
						<ele>2824</ele>
						<time>2026-05-01T16:52:36Z</time>
					</trkpt>
					<trkpt lat="46.018690" lon="6.851910">
						<ele>2829</ele>
						<time>2026-05-01T16:52:47Z</time>
					</trkpt>
					<trkpt lat="46.018730" lon="6.851880">
						<ele>2832</ele>
						<time>2026-05-01T16:52:54Z</time>
					</trkpt>
					<trkpt lat="46.018810" lon="6.851960">
						<ele>2835</ele>
						<time>2026-05-01T16:53:07Z</time>
					</trkpt>
					<trkpt lat="46.018830" lon="6.851960">
						<ele>2836</ele>
						<time>2026-05-01T16:53:09Z</time>
					</trkpt>
					<trkpt lat="46.018870" lon="6.851870">
						<ele>2841</ele>
						<time>2026-05-01T16:53:19Z</time>
					</trkpt>
					<trkpt lat="46.018900" lon="6.851900">
						<ele>2842</ele>
						<time>2026-05-01T16:53:24Z</time>
					</trkpt>
					<trkpt lat="46.018930" lon="6.851870">
						<ele>2845</ele>
						<time>2026-05-01T16:53:29Z</time>
					</trkpt>
					<trkpt lat="46.018940" lon="6.851770">
						<ele>2848</ele>
						<time>2026-05-01T16:53:38Z</time>
					</trkpt>
					<trkpt lat="46.019010" lon="6.851620">
						<ele>2855</ele>
						<time>2026-05-01T16:53:55Z</time>
					</trkpt>
					<trkpt lat="46.019120" lon="6.851700">
						<ele>2861</ele>
						<time>2026-05-01T16:54:11Z</time>
					</trkpt>
					<trkpt lat="46.019170" lon="6.851720">
						<ele>2864</ele>
						<time>2026-05-01T16:54:18Z</time>
					</trkpt>
					<trkpt lat="46.019240" lon="6.851550">
						<ele>2870</ele>
						<time>2026-05-01T16:54:37Z</time>
					</trkpt>
					<trkpt lat="46.019270" lon="6.851540">
						<ele>2872</ele>
						<time>2026-05-01T16:54:41Z</time>
					</trkpt>
					<trkpt lat="46.019300" lon="6.851580">
						<ele>2873</ele>
						<time>2026-05-01T16:54:46Z</time>
					</trkpt>
					<trkpt lat="46.019340" lon="6.851590">
						<ele>2875</ele>
						<time>2026-05-01T16:54:52Z</time>
					</trkpt>
					<trkpt lat="46.019370" lon="6.851570">
						<ele>2877</ele>
						<time>2026-05-01T16:54:56Z</time>
					</trkpt>
					<trkpt lat="46.019390" lon="6.851500">
						<ele>2879</ele>
						<time>2026-05-01T16:55:03Z</time>
					</trkpt>
					<trkpt lat="46.019440" lon="6.851530">
						<ele>2881</ele>
						<time>2026-05-01T16:55:10Z</time>
					</trkpt>
					<trkpt lat="46.019450" lon="6.851410">
						<ele>2883</ele>
						<time>2026-05-01T16:55:21Z</time>
					</trkpt>
					<trkpt lat="46.019500" lon="6.851360">
						<ele>2886</ele>
						<time>2026-05-01T16:55:30Z</time>
					</trkpt>
					<trkpt lat="46.019580" lon="6.851460">
						<ele>2890</ele>
						<time>2026-05-01T16:55:44Z</time>
					</trkpt>
					<trkpt lat="46.019680" lon="6.851540">
						<ele>2894</ele>
						<time>2026-05-01T16:55:59Z</time>
					</trkpt>
					<trkpt lat="46.019760" lon="6.851580">
						<ele>2898</ele>
						<time>2026-05-01T16:56:10Z</time>
					</trkpt>
					<trkpt lat="46.019800" lon="6.851560">
						<ele>2900</ele>
						<time>2026-05-01T16:56:16Z</time>
					</trkpt>
					<trkpt lat="46.019830" lon="6.851500">
						<ele>2903</ele>
						<time>2026-05-01T16:56:23Z</time>
					</trkpt>
					<trkpt lat="46.019790" lon="6.851350">
						<ele>2902</ele>
						<time>2026-05-01T16:56:38Z</time>
					</trkpt>
					<trkpt lat="46.019840" lon="6.850970">
						<ele>2909</ele>
						<time>2026-05-01T16:57:14Z</time>
					</trkpt>
					<trkpt lat="46.019860" lon="6.850910">
						<ele>2911</ele>
						<time>2026-05-01T16:57:20Z</time>
					</trkpt>
					<trkpt lat="46.019920" lon="6.850790">
						<ele>2916</ele>
						<time>2026-05-01T16:57:33Z</time>
					</trkpt>
					<trkpt lat="46.019930" lon="6.850710">
						<ele>2917</ele>
						<time>2026-05-01T16:57:41Z</time>
					</trkpt>
					<trkpt lat="46.019990" lon="6.850510">
						<ele>2923</ele>
						<time>2026-05-01T16:58:01Z</time>
					</trkpt>
					<trkpt lat="46.020010" lon="6.850290">
						<ele>2926</ele>
						<time>2026-05-01T16:58:22Z</time>
					</trkpt>
					<trkpt lat="46.020050" lon="6.850200">
						<ele>2929</ele>
						<time>2026-05-01T16:58:32Z</time>
					</trkpt>
					<trkpt lat="46.020050" lon="6.850080">
						<ele>2931</ele>
						<time>2026-05-01T16:58:43Z</time>
					</trkpt>
					<trkpt lat="46.020070" lon="6.850000">
						<ele>2933</ele>
						<time>2026-05-01T16:58:51Z</time>
					</trkpt>
					<trkpt lat="46.020200" lon="6.850100">
						<ele>2939</ele>
						<time>2026-05-01T16:59:10Z</time>
					</trkpt>
					<trkpt lat="46.020220" lon="6.850060">
						<ele>2941</ele>
						<time>2026-05-01T16:59:15Z</time>
					</trkpt>
					<trkpt lat="46.020280" lon="6.850090">
						<ele>2943</ele>
						<time>2026-05-01T16:59:23Z</time>
					</trkpt>
					<trkpt lat="46.020280" lon="6.850000">
						<ele>2945</ele>
						<time>2026-05-01T16:59:32Z</time>
					</trkpt>
					<trkpt lat="46.020360" lon="6.849980">
						<ele>2950</ele>
						<time>2026-05-01T16:59:42Z</time>
					</trkpt>
					<trkpt lat="46.020490" lon="6.850050">
						<ele>2956</ele>
						<time>2026-05-01T17:00:01Z</time>
					</trkpt>
					<trkpt lat="46.020630" lon="6.850060">
						<ele>2963</ele>
						<time>2026-05-01T17:00:20Z</time>
					</trkpt>
					<trkpt lat="46.020630" lon="6.849940">
						<ele>2965</ele>
						<time>2026-05-01T17:00:31Z</time>
					</trkpt>
					<trkpt lat="46.020710" lon="6.849940">
						<ele>2970</ele>
						<time>2026-05-01T17:00:41Z</time>
					</trkpt>
					<trkpt lat="46.020750" lon="6.849850">
						<ele>2973</ele>
						<time>2026-05-01T17:00:51Z</time>
					</trkpt>
					<trkpt lat="46.020830" lon="6.849860">
						<ele>2977</ele>
						<time>2026-05-01T17:01:02Z</time>
					</trkpt>
					<trkpt lat="46.020860" lon="6.849790">
						<ele>2979</ele>
						<time>2026-05-01T17:01:10Z</time>
					</trkpt>
					<trkpt lat="46.020950" lon="6.849890">
						<ele>2981</ele>
						<time>2026-05-01T17:01:25Z</time>
					</trkpt>
					<trkpt lat="46.020980" lon="6.849850">
						<ele>2983</ele>
						<time>2026-05-01T17:01:30Z</time>
					</trkpt>
					<trkpt lat="46.020980" lon="6.849780">
						<ele>2983</ele>
						<time>2026-05-01T17:01:37Z</time>
					</trkpt>
					<trkpt lat="46.021190" lon="6.849760">
						<ele>2990</ele>
						<time>2026-05-01T17:02:05Z</time>
					</trkpt>
					<trkpt lat="46.021180" lon="6.849720">
						<ele>2990</ele>
						<time>2026-05-01T17:02:09Z</time>
					</trkpt>
					<trkpt lat="46.021230" lon="6.849620">
						<ele>2993</ele>
						<time>2026-05-01T17:02:20Z</time>
					</trkpt>
					<trkpt lat="46.021220" lon="6.849490">
						<ele>2993</ele>
						<time>2026-05-01T17:02:32Z</time>
					</trkpt>
					<trkpt lat="46.021210" lon="6.849340">
						<ele>2994</ele>
						<time>2026-05-01T17:02:46Z</time>
					</trkpt>
					<trkpt lat="46.021280" lon="6.849130">
						<ele>2996</ele>
						<time>2026-05-01T17:03:08Z</time>
					</trkpt>
					<trkpt lat="46.021370" lon="6.849250">
						<ele>2999</ele>
						<time>2026-05-01T17:03:24Z</time>
					</trkpt>
					<trkpt lat="46.021450" lon="6.849330">
						<ele>3001</ele>
						<time>2026-05-01T17:03:37Z</time>
					</trkpt>
					<trkpt lat="46.021530" lon="6.849360">
						<ele>3003</ele>
						<time>2026-05-01T17:03:48Z</time>
					</trkpt>
					<trkpt lat="46.021610" lon="6.849450">
						<ele>3005</ele>
						<time>2026-05-01T17:04:02Z</time>
					</trkpt>
					<trkpt lat="46.021720" lon="6.849520">
						<ele>3006</ele>
						<time>2026-05-01T17:04:18Z</time>
					</trkpt>
					<trkpt lat="46.021740" lon="6.849580">
						<ele>3006</ele>
						<time>2026-05-01T17:04:24Z</time>
					</trkpt>
					<trkpt lat="46.021860" lon="6.849700">
						<ele>3007</ele>
						<time>2026-05-01T17:04:44Z</time>
					</trkpt>
					<trkpt lat="46.022010" lon="6.849750">
						<ele>3009</ele>
						<time>2026-05-01T17:05:04Z</time>
					</trkpt>
					<trkpt lat="46.022260" lon="6.849990">
						<ele>3017</ele>
						<time>2026-05-01T17:05:44Z</time>
					</trkpt>
					<trkpt lat="46.022390" lon="6.850020">
						<ele>3020</ele>
						<time>2026-05-01T17:06:02Z</time>
					</trkpt>
					<trkpt lat="46.022550" lon="6.850100">
						<ele>3021</ele>
						<time>2026-05-01T17:06:24Z</time>
					</trkpt>
					<trkpt lat="46.022710" lon="6.850120">
						<ele>3022</ele>
						<time>2026-05-01T17:06:46Z</time>
					</trkpt>
					<trkpt lat="46.023060" lon="6.850310">
						<ele>3026</ele>
						<time>2026-05-01T17:07:36Z</time>
					</trkpt>
					<trkpt lat="46.023150" lon="6.850380">
						<ele>3028</ele>
						<time>2026-05-01T17:07:49Z</time>
					</trkpt>
					<trkpt lat="46.023380" lon="6.850640">
						<ele>3037</ele>
						<time>2026-05-01T17:08:28Z</time>
					</trkpt>
					<trkpt lat="46.023780" lon="6.851360">
						<ele>3051</ele>
						<time>2026-05-01T17:09:54Z</time>
					</trkpt>
					<trkpt lat="46.023900" lon="6.851420">
						<ele>3054</ele>
						<time>2026-05-01T17:10:11Z</time>
					</trkpt>
					<trkpt lat="46.024210" lon="6.851680">
						<ele>3066</ele>
						<time>2026-05-01T17:10:59Z</time>
					</trkpt>
					<trkpt lat="46.024240" lon="6.851830">
						<ele>3068</ele>
						<time>2026-05-01T17:11:13Z</time>
					</trkpt>
					<trkpt lat="46.024300" lon="6.851980">
						<ele>3070</ele>
						<time>2026-05-01T17:11:29Z</time>
					</trkpt>
					<trkpt lat="46.024630" lon="6.852120">
						<ele>3072</ele>
						<time>2026-05-01T17:12:15Z</time>
					</trkpt>
					<trkpt lat="46.024640" lon="6.852200">
						<ele>3072</ele>
						<time>2026-05-01T17:12:23Z</time>
					</trkpt>
					<trkpt lat="46.024700" lon="6.852320">
						<ele>3073</ele>
						<time>2026-05-01T17:12:36Z</time>
					</trkpt>
					<trkpt lat="46.024820" lon="6.852470">
						<ele>3073</ele>
						<time>2026-05-01T17:12:58Z</time>
					</trkpt>
					<trkpt lat="46.024770" lon="6.852650">
						<ele>3068</ele>
						<time>2026-05-01T17:13:16Z</time>
					</trkpt>
					<trkpt lat="46.024799" lon="6.852547">
						<ele>3072</ele>
						<time>2026-05-01T17:13:26Z</time>
					</trkpt>
					<trkpt lat="46.024820" lon="6.852470">
						<ele>3073</ele>
						<time>2026-05-01T17:13:33Z</time>
					</trkpt>
					<trkpt lat="46.024700" lon="6.852320">
						<ele>3073</ele>
						<time>2026-05-01T17:13:55Z</time>
					</trkpt>
					<trkpt lat="46.024640" lon="6.852200">
						<ele>3072</ele>
						<time>2026-05-01T17:14:08Z</time>
					</trkpt>
					<trkpt lat="46.024630" lon="6.852120">
						<ele>3072</ele>
						<time>2026-05-01T17:14:16Z</time>
					</trkpt>
					<trkpt lat="46.024300" lon="6.851980">
						<ele>3070</ele>
						<time>2026-05-01T17:15:02Z</time>
					</trkpt>
					<trkpt lat="46.024240" lon="6.851830">
						<ele>3068</ele>
						<time>2026-05-01T17:15:18Z</time>
					</trkpt>
					<trkpt lat="46.024210" lon="6.851680">
						<ele>3066</ele>
						<time>2026-05-01T17:15:32Z</time>
					</trkpt>
					<trkpt lat="46.023900" lon="6.851420">
						<ele>3054</ele>
						<time>2026-05-01T17:16:20Z</time>
					</trkpt>
					<trkpt lat="46.023780" lon="6.851360">
						<ele>3051</ele>
						<time>2026-05-01T17:16:37Z</time>
					</trkpt>
					<trkpt lat="46.023380" lon="6.850640">
						<ele>3037</ele>
						<time>2026-05-01T17:18:03Z</time>
					</trkpt>
					<trkpt lat="46.023150" lon="6.850380">
						<ele>3028</ele>
						<time>2026-05-01T17:18:42Z</time>
					</trkpt>
					<trkpt lat="46.023060" lon="6.850310">
						<ele>3026</ele>
						<time>2026-05-01T17:18:55Z</time>
					</trkpt>
					<trkpt lat="46.022710" lon="6.850120">
						<ele>3022</ele>
						<time>2026-05-01T17:19:45Z</time>
					</trkpt>
					<trkpt lat="46.022550" lon="6.850100">
						<ele>3021</ele>
						<time>2026-05-01T17:20:07Z</time>
					</trkpt>
					<trkpt lat="46.022390" lon="6.850020">
						<ele>3020</ele>
						<time>2026-05-01T17:20:29Z</time>
					</trkpt>
					<trkpt lat="46.022260" lon="6.849990">
						<ele>3017</ele>
						<time>2026-05-01T17:20:47Z</time>
					</trkpt>
					<trkpt lat="46.022010" lon="6.849750">
						<ele>3009</ele>
						<time>2026-05-01T17:21:27Z</time>
					</trkpt>
					<trkpt lat="46.021860" lon="6.849700">
						<ele>3007</ele>
						<time>2026-05-01T17:21:47Z</time>
					</trkpt>
					<trkpt lat="46.021740" lon="6.849580">
						<ele>3006</ele>
						<time>2026-05-01T17:22:07Z</time>
					</trkpt>
					<trkpt lat="46.021720" lon="6.849520">
						<ele>3006</ele>
						<time>2026-05-01T17:22:13Z</time>
					</trkpt>
					<trkpt lat="46.021610" lon="6.849450">
						<ele>3005</ele>
						<time>2026-05-01T17:22:29Z</time>
					</trkpt>
					<trkpt lat="46.021530" lon="6.849360">
						<ele>3003</ele>
						<time>2026-05-01T17:22:43Z</time>
					</trkpt>
					<trkpt lat="46.021450" lon="6.849330">
						<ele>3001</ele>
						<time>2026-05-01T17:22:54Z</time>
					</trkpt>
					<trkpt lat="46.021370" lon="6.849250">
						<ele>2999</ele>
						<time>2026-05-01T17:23:07Z</time>
					</trkpt>
					<trkpt lat="46.021280" lon="6.849130">
						<ele>2996</ele>
						<time>2026-05-01T17:23:23Z</time>
					</trkpt>
					<trkpt lat="46.021210" lon="6.849340">
						<ele>2994</ele>
						<time>2026-05-01T17:23:45Z</time>
					</trkpt>
					<trkpt lat="46.021220" lon="6.849490">
						<ele>2993</ele>
						<time>2026-05-01T17:23:59Z</time>
					</trkpt>
					<trkpt lat="46.021230" lon="6.849620">
						<ele>2993</ele>
						<time>2026-05-01T17:24:11Z</time>
					</trkpt>
					<trkpt lat="46.021180" lon="6.849720">
						<ele>2990</ele>
						<time>2026-05-01T17:24:22Z</time>
					</trkpt>
					<trkpt lat="46.021190" lon="6.849760">
						<ele>2990</ele>
						<time>2026-05-01T17:24:26Z</time>
					</trkpt>
					<trkpt lat="46.020980" lon="6.849780">
						<ele>2983</ele>
						<time>2026-05-01T17:24:54Z</time>
					</trkpt>
					<trkpt lat="46.020980" lon="6.849850">
						<ele>2983</ele>
						<time>2026-05-01T17:25:01Z</time>
					</trkpt>
					<trkpt lat="46.020950" lon="6.849890">
						<ele>2981</ele>
						<time>2026-05-01T17:25:06Z</time>
					</trkpt>
					<trkpt lat="46.020860" lon="6.849790">
						<ele>2979</ele>
						<time>2026-05-01T17:25:21Z</time>
					</trkpt>
					<trkpt lat="46.020830" lon="6.849860">
						<ele>2977</ele>
						<time>2026-05-01T17:25:29Z</time>
					</trkpt>
					<trkpt lat="46.020750" lon="6.849850">
						<ele>2973</ele>
						<time>2026-05-01T17:25:40Z</time>
					</trkpt>
					<trkpt lat="46.020710" lon="6.849940">
						<ele>2970</ele>
						<time>2026-05-01T17:25:50Z</time>
					</trkpt>
					<trkpt lat="46.020630" lon="6.849940">
						<ele>2965</ele>
						<time>2026-05-01T17:26:00Z</time>
					</trkpt>
					<trkpt lat="46.020630" lon="6.850060">
						<ele>2963</ele>
						<time>2026-05-01T17:26:11Z</time>
					</trkpt>
					<trkpt lat="46.020490" lon="6.850050">
						<ele>2956</ele>
						<time>2026-05-01T17:26:30Z</time>
					</trkpt>
					<trkpt lat="46.020360" lon="6.849980">
						<ele>2950</ele>
						<time>2026-05-01T17:26:49Z</time>
					</trkpt>
					<trkpt lat="46.020280" lon="6.850000">
						<ele>2945</ele>
						<time>2026-05-01T17:26:59Z</time>
					</trkpt>
					<trkpt lat="46.020280" lon="6.850090">
						<ele>2943</ele>
						<time>2026-05-01T17:27:08Z</time>
					</trkpt>
					<trkpt lat="46.020220" lon="6.850060">
						<ele>2941</ele>
						<time>2026-05-01T17:27:16Z</time>
					</trkpt>
					<trkpt lat="46.020200" lon="6.850100">
						<ele>2939</ele>
						<time>2026-05-01T17:27:21Z</time>
					</trkpt>
					<trkpt lat="46.020070" lon="6.850000">
						<ele>2933</ele>
						<time>2026-05-01T17:27:40Z</time>
					</trkpt>
					<trkpt lat="46.020050" lon="6.850080">
						<ele>2931</ele>
						<time>2026-05-01T17:27:48Z</time>
					</trkpt>
					<trkpt lat="46.020050" lon="6.850200">
						<ele>2929</ele>
						<time>2026-05-01T17:27:59Z</time>
					</trkpt>
					<trkpt lat="46.020010" lon="6.850290">
						<ele>2926</ele>
						<time>2026-05-01T17:28:09Z</time>
					</trkpt>
					<trkpt lat="46.019990" lon="6.850510">
						<ele>2923</ele>
						<time>2026-05-01T17:28:30Z</time>
					</trkpt>
					<trkpt lat="46.019930" lon="6.850710">
						<ele>2917</ele>
						<time>2026-05-01T17:28:50Z</time>
					</trkpt>
					<trkpt lat="46.019920" lon="6.850790">
						<ele>2916</ele>
						<time>2026-05-01T17:28:58Z</time>
					</trkpt>
					<trkpt lat="46.019860" lon="6.850910">
						<ele>2911</ele>
						<time>2026-05-01T17:29:11Z</time>
					</trkpt>
					<trkpt lat="46.019840" lon="6.850970">
						<ele>2909</ele>
						<time>2026-05-01T17:29:17Z</time>
					</trkpt>
					<trkpt lat="46.019790" lon="6.851350">
						<ele>2902</ele>
						<time>2026-05-01T17:29:53Z</time>
					</trkpt>
					<trkpt lat="46.019830" lon="6.851500">
						<ele>2903</ele>
						<time>2026-05-01T17:30:08Z</time>
					</trkpt>
					<trkpt lat="46.019800" lon="6.851560">
						<ele>2900</ele>
						<time>2026-05-01T17:30:15Z</time>
					</trkpt>
					<trkpt lat="46.019760" lon="6.851580">
						<ele>2898</ele>
						<time>2026-05-01T17:30:21Z</time>
					</trkpt>
					<trkpt lat="46.019680" lon="6.851540">
						<ele>2894</ele>
						<time>2026-05-01T17:30:32Z</time>
					</trkpt>
					<trkpt lat="46.019580" lon="6.851460">
						<ele>2890</ele>
						<time>2026-05-01T17:30:47Z</time>
					</trkpt>
					<trkpt lat="46.019500" lon="6.851360">
						<ele>2886</ele>
						<time>2026-05-01T17:31:01Z</time>
					</trkpt>
					<trkpt lat="46.019450" lon="6.851410">
						<ele>2883</ele>
						<time>2026-05-01T17:31:10Z</time>
					</trkpt>
					<trkpt lat="46.019440" lon="6.851530">
						<ele>2881</ele>
						<time>2026-05-01T17:31:21Z</time>
					</trkpt>
					<trkpt lat="46.019390" lon="6.851500">
						<ele>2879</ele>
						<time>2026-05-01T17:31:28Z</time>
					</trkpt>
					<trkpt lat="46.019370" lon="6.851570">
						<ele>2877</ele>
						<time>2026-05-01T17:31:35Z</time>
					</trkpt>
					<trkpt lat="46.019340" lon="6.851590">
						<ele>2875</ele>
						<time>2026-05-01T17:31:39Z</time>
					</trkpt>
					<trkpt lat="46.019300" lon="6.851580">
						<ele>2873</ele>
						<time>2026-05-01T17:31:45Z</time>
					</trkpt>
					<trkpt lat="46.019270" lon="6.851540">
						<ele>2872</ele>
						<time>2026-05-01T17:31:50Z</time>
					</trkpt>
					<trkpt lat="46.019240" lon="6.851550">
						<ele>2870</ele>
						<time>2026-05-01T17:31:54Z</time>
					</trkpt>
					<trkpt lat="46.019170" lon="6.851720">
						<ele>2864</ele>
						<time>2026-05-01T17:32:13Z</time>
					</trkpt>
					<trkpt lat="46.019120" lon="6.851700">
						<ele>2861</ele>
						<time>2026-05-01T17:32:20Z</time>
					</trkpt>
					<trkpt lat="46.019010" lon="6.851620">
						<ele>2855</ele>
						<time>2026-05-01T17:32:36Z</time>
					</trkpt>
					<trkpt lat="46.018940" lon="6.851770">
						<ele>2848</ele>
						<time>2026-05-01T17:32:53Z</time>
					</trkpt>
					<trkpt lat="46.018930" lon="6.851870">
						<ele>2845</ele>
						<time>2026-05-01T17:33:02Z</time>
					</trkpt>
					<trkpt lat="46.018900" lon="6.851900">
						<ele>2842</ele>
						<time>2026-05-01T17:33:07Z</time>
					</trkpt>
					<trkpt lat="46.018870" lon="6.851870">
						<ele>2841</ele>
						<time>2026-05-01T17:33:12Z</time>
					</trkpt>
					<trkpt lat="46.018830" lon="6.851960">
						<ele>2836</ele>
						<time>2026-05-01T17:33:22Z</time>
					</trkpt>
					<trkpt lat="46.018810" lon="6.851960">
						<ele>2835</ele>
						<time>2026-05-01T17:33:24Z</time>
					</trkpt>
					<trkpt lat="46.018730" lon="6.851880">
						<ele>2832</ele>
						<time>2026-05-01T17:33:37Z</time>
					</trkpt>
					<trkpt lat="46.018690" lon="6.851910">
						<ele>2829</ele>
						<time>2026-05-01T17:33:44Z</time>
					</trkpt>
					<trkpt lat="46.018650" lon="6.852020">
						<ele>2824</ele>
						<time>2026-05-01T17:33:55Z</time>
					</trkpt>
					<trkpt lat="46.018580" lon="6.851980">
						<ele>2821</ele>
						<time>2026-05-01T17:34:05Z</time>
					</trkpt>
					<trkpt lat="46.018520" lon="6.852060">
						<ele>2815</ele>
						<time>2026-05-01T17:34:16Z</time>
					</trkpt>
					<trkpt lat="46.018480" lon="6.851980">
						<ele>2814</ele>
						<time>2026-05-01T17:34:25Z</time>
					</trkpt>
					<trkpt lat="46.018450" lon="6.852070">
						<ele>2811</ele>
						<time>2026-05-01T17:34:34Z</time>
					</trkpt>
					<trkpt lat="46.018340" lon="6.851930">
						<ele>2807</ele>
						<time>2026-05-01T17:34:54Z</time>
					</trkpt>
					<trkpt lat="46.018280" lon="6.851990">
						<ele>2802</ele>
						<time>2026-05-01T17:35:04Z</time>
					</trkpt>
					<trkpt lat="46.018260" lon="6.852060">
						<ele>2800</ele>
						<time>2026-05-01T17:35:11Z</time>
					</trkpt>
					<trkpt lat="46.018240" lon="6.852080">
						<ele>2798</ele>
						<time>2026-05-01T17:35:14Z</time>
					</trkpt>
					<trkpt lat="46.018210" lon="6.852040">
						<ele>2797</ele>
						<time>2026-05-01T17:35:19Z</time>
					</trkpt>
					<trkpt lat="46.018170" lon="6.852100">
						<ele>2794</ele>
						<time>2026-05-01T17:35:27Z</time>
					</trkpt>
					<trkpt lat="46.018150" lon="6.852080">
						<ele>2793</ele>
						<time>2026-05-01T17:35:30Z</time>
					</trkpt>
					<trkpt lat="46.018130" lon="6.852180">
						<ele>2790</ele>
						<time>2026-05-01T17:35:40Z</time>
					</trkpt>
					<trkpt lat="46.018110" lon="6.852190">
						<ele>2789</ele>
						<time>2026-05-01T17:35:43Z</time>
					</trkpt>
					<trkpt lat="46.018090" lon="6.852150">
						<ele>2789</ele>
						<time>2026-05-01T17:35:47Z</time>
					</trkpt>
					<trkpt lat="46.018070" lon="6.852190">
						<ele>2787</ele>
						<time>2026-05-01T17:35:52Z</time>
					</trkpt>
					<trkpt lat="46.018040" lon="6.852200">
						<ele>2785</ele>
						<time>2026-05-01T17:35:56Z</time>
					</trkpt>
					<trkpt lat="46.017980" lon="6.852060">
						<ele>2784</ele>
						<time>2026-05-01T17:36:11Z</time>
					</trkpt>
					<trkpt lat="46.017940" lon="6.852080">
						<ele>2781</ele>
						<time>2026-05-01T17:36:17Z</time>
					</trkpt>
					<trkpt lat="46.017800" lon="6.851840">
						<ele>2777</ele>
						<time>2026-05-01T17:36:46Z</time>
					</trkpt>
					<trkpt lat="46.017760" lon="6.851880">
						<ele>2774</ele>
						<time>2026-05-01T17:36:53Z</time>
					</trkpt>
					<trkpt lat="46.017740" lon="6.851830">
						<ele>2773</ele>
						<time>2026-05-01T17:36:58Z</time>
					</trkpt>
					<trkpt lat="46.017720" lon="6.851830">
						<ele>2772</ele>
						<time>2026-05-01T17:37:01Z</time>
					</trkpt>
					<trkpt lat="46.017650" lon="6.851900">
						<ele>2767</ele>
						<time>2026-05-01T17:37:12Z</time>
					</trkpt>
					<trkpt lat="46.017600" lon="6.851790">
						<ele>2766</ele>
						<time>2026-05-01T17:37:24Z</time>
					</trkpt>
					<trkpt lat="46.017540" lon="6.851840">
						<ele>2761</ele>
						<time>2026-05-01T17:37:33Z</time>
					</trkpt>
					<trkpt lat="46.017520" lon="6.851770">
						<ele>2761</ele>
						<time>2026-05-01T17:37:40Z</time>
					</trkpt>
					<trkpt lat="46.017460" lon="6.851820">
						<ele>2758</ele>
						<time>2026-05-01T17:37:50Z</time>
					</trkpt>
					<trkpt lat="46.017440" lon="6.851730">
						<ele>2758</ele>
						<time>2026-05-01T17:37:58Z</time>
					</trkpt>
					<trkpt lat="46.017380" lon="6.851760">
						<ele>2755</ele>
						<time>2026-05-01T17:38:07Z</time>
					</trkpt>
					<trkpt lat="46.017350" lon="6.851740">
						<ele>2754</ele>
						<time>2026-05-01T17:38:11Z</time>
					</trkpt>
					<trkpt lat="46.017330" lon="6.851700">
						<ele>2754</ele>
						<time>2026-05-01T17:38:16Z</time>
					</trkpt>
					<trkpt lat="46.017290" lon="6.851700">
						<ele>2752</ele>
						<time>2026-05-01T17:38:21Z</time>
					</trkpt>
					<trkpt lat="46.017270" lon="6.851630">
						<ele>2752</ele>
						<time>2026-05-01T17:38:28Z</time>
					</trkpt>
					<trkpt lat="46.017240" lon="6.851640">
						<ele>2751</ele>
						<time>2026-05-01T17:38:32Z</time>
					</trkpt>
					<trkpt lat="46.017200" lon="6.851730">
						<ele>2748</ele>
						<time>2026-05-01T17:38:42Z</time>
					</trkpt>
					<trkpt lat="46.017160" lon="6.851760">
						<ele>2746</ele>
						<time>2026-05-01T17:38:48Z</time>
					</trkpt>
					<trkpt lat="46.017140" lon="6.851710">
						<ele>2746</ele>
						<time>2026-05-01T17:38:54Z</time>
					</trkpt>
					<trkpt lat="46.017090" lon="6.851670">
						<ele>2745</ele>
						<time>2026-05-01T17:39:01Z</time>
					</trkpt>
					<trkpt lat="46.017060" lon="6.851600">
						<ele>2743</ele>
						<time>2026-05-01T17:39:09Z</time>
					</trkpt>
					<trkpt lat="46.017000" lon="6.851650">
						<ele>2741</ele>
						<time>2026-05-01T17:39:18Z</time>
					</trkpt>
					<trkpt lat="46.016960" lon="6.851640">
						<ele>2739</ele>
						<time>2026-05-01T17:39:23Z</time>
					</trkpt>
					<trkpt lat="46.016890" lon="6.851690">
						<ele>2736</ele>
						<time>2026-05-01T17:39:34Z</time>
					</trkpt>
					<trkpt lat="46.016830" lon="6.851730">
						<ele>2733</ele>
						<time>2026-05-01T17:39:43Z</time>
					</trkpt>
					<trkpt lat="46.016660" lon="6.851720">
						<ele>2727</ele>
						<time>2026-05-01T17:40:05Z</time>
					</trkpt>
					<trkpt lat="46.016590" lon="6.851690">
						<ele>2725</ele>
						<time>2026-05-01T17:40:15Z</time>
					</trkpt>
					<trkpt lat="46.016530" lon="6.851640">
						<ele>2723</ele>
						<time>2026-05-01T17:40:24Z</time>
					</trkpt>
					<trkpt lat="46.016340" lon="6.851570">
						<ele>2716</ele>
						<time>2026-05-01T17:40:51Z</time>
					</trkpt>
					<trkpt lat="46.016100" lon="6.851410">
						<ele>2709</ele>
						<time>2026-05-01T17:41:26Z</time>
					</trkpt>
					<trkpt lat="46.015930" lon="6.851230">
						<ele>2705</ele>
						<time>2026-05-01T17:41:54Z</time>
					</trkpt>
					<trkpt lat="46.015810" lon="6.851080">
						<ele>2703</ele>
						<time>2026-05-01T17:42:15Z</time>
					</trkpt>
					<trkpt lat="46.015620" lon="6.850890">
						<ele>2699</ele>
						<time>2026-05-01T17:42:46Z</time>
					</trkpt>
					<trkpt lat="46.015360" lon="6.850750">
						<ele>2690</ele>
						<time>2026-05-01T17:43:23Z</time>
					</trkpt>
					<trkpt lat="46.015270" lon="6.850750">
						<ele>2687</ele>
						<time>2026-05-01T17:43:35Z</time>
					</trkpt>
					<trkpt lat="46.015130" lon="6.850690">
						<ele>2681</ele>
						<time>2026-05-01T17:43:55Z</time>
					</trkpt>
					<trkpt lat="46.014910" lon="6.850460">
						<ele>2671</ele>
						<time>2026-05-01T17:44:31Z</time>
					</trkpt>
					<trkpt lat="46.014950" lon="6.850420">
						<ele>2673</ele>
						<time>2026-05-01T17:44:37Z</time>
					</trkpt>
					<trkpt lat="46.014870" lon="6.850310">
						<ele>2669</ele>
						<time>2026-05-01T17:44:52Z</time>
					</trkpt>
					<trkpt lat="46.014890" lon="6.850290">
						<ele>2670</ele>
						<time>2026-05-01T17:44:55Z</time>
					</trkpt>
					<trkpt lat="46.014840" lon="6.850250">
						<ele>2668</ele>
						<time>2026-05-01T17:45:03Z</time>
					</trkpt>
					<trkpt lat="46.014710" lon="6.850090">
						<ele>2662</ele>
						<time>2026-05-01T17:45:26Z</time>
					</trkpt>
					<trkpt lat="46.014600" lon="6.850070">
						<ele>2658</ele>
						<time>2026-05-01T17:45:41Z</time>
					</trkpt>
					<trkpt lat="46.014550" lon="6.849940">
						<ele>2656</ele>
						<time>2026-05-01T17:45:54Z</time>
					</trkpt>
					<trkpt lat="46.014560" lon="6.849770">
						<ele>2656</ele>
						<time>2026-05-01T17:46:10Z</time>
					</trkpt>
					<trkpt lat="46.014360" lon="6.849880">
						<ele>2650</ele>
						<time>2026-05-01T17:46:39Z</time>
					</trkpt>
					<trkpt lat="46.014360" lon="6.849910">
						<ele>2650</ele>
						<time>2026-05-01T17:46:42Z</time>
					</trkpt>
					<trkpt lat="46.014320" lon="6.849920">
						<ele>2649</ele>
						<time>2026-05-01T17:46:47Z</time>
					</trkpt>
					<trkpt lat="46.014210" lon="6.849870">
						<ele>2644</ele>
						<time>2026-05-01T17:47:02Z</time>
					</trkpt>
					<trkpt lat="46.014070" lon="6.849880">
						<ele>2641</ele>
						<time>2026-05-01T17:47:21Z</time>
					</trkpt>
					<trkpt lat="46.014010" lon="6.849940">
						<ele>2641</ele>
						<time>2026-05-01T17:47:31Z</time>
					</trkpt>
					<trkpt lat="46.013960" lon="6.849960">
						<ele>2640</ele>
						<time>2026-05-01T17:47:38Z</time>
					</trkpt>
					<trkpt lat="46.013800" lon="6.850110">
						<ele>2637</ele>
						<time>2026-05-01T17:48:03Z</time>
					</trkpt>
					<trkpt lat="46.013650" lon="6.850310">
						<ele>2631</ele>
						<time>2026-05-01T17:48:31Z</time>
					</trkpt>
					<trkpt lat="46.013170" lon="6.850820">
						<ele>2612</ele>
						<time>2026-05-01T17:49:50Z</time>
					</trkpt>
					<trkpt lat="46.013060" lon="6.850840">
						<ele>2611</ele>
						<time>2026-05-01T17:50:05Z</time>
					</trkpt>
					<trkpt lat="46.012960" lon="6.850940">
						<ele>2609</ele>
						<time>2026-05-01T17:50:21Z</time>
					</trkpt>
					<trkpt lat="46.012930" lon="6.851010">
						<ele>2607</ele>
						<time>2026-05-01T17:50:29Z</time>
					</trkpt>
					<trkpt lat="46.012770" lon="6.851090">
						<ele>2605</ele>
						<time>2026-05-01T17:50:51Z</time>
					</trkpt>
					<trkpt lat="46.012660" lon="6.851180">
						<ele>2602</ele>
						<time>2026-05-01T17:51:08Z</time>
					</trkpt>
					<trkpt lat="46.012430" lon="6.851580">
						<ele>2593</ele>
						<time>2026-05-01T17:51:56Z</time>
					</trkpt>
					<trkpt lat="46.012140" lon="6.852150">
						<ele>2576</ele>
						<time>2026-05-01T17:53:02Z</time>
					</trkpt>
					<trkpt lat="46.012110" lon="6.852380">
						<ele>2565</ele>
						<time>2026-05-01T17:53:24Z</time>
					</trkpt>
					<trkpt lat="46.011960" lon="6.852670">
						<ele>2558</ele>
						<time>2026-05-01T17:53:57Z</time>
					</trkpt>
					<trkpt lat="46.011740" lon="6.852930">
						<ele>2554</ele>
						<time>2026-05-01T17:54:35Z</time>
					</trkpt>
					<trkpt lat="46.011600" lon="6.853040">
						<ele>2553</ele>
						<time>2026-05-01T17:54:56Z</time>
					</trkpt>
					<trkpt lat="46.011590" lon="6.853130">
						<ele>2551</ele>
						<time>2026-05-01T17:55:05Z</time>
					</trkpt>
					<trkpt lat="46.011380" lon="6.853220">
						<ele>2553</ele>
						<time>2026-05-01T17:55:34Z</time>
					</trkpt>
					<trkpt lat="46.011290" lon="6.853320">
						<ele>2551</ele>
						<time>2026-05-01T17:55:49Z</time>
					</trkpt>
					<trkpt lat="46.011300" lon="6.853420">
						<ele>2548</ele>
						<time>2026-05-01T17:55:59Z</time>
					</trkpt>
					<trkpt lat="46.011180" lon="6.853710">
						<ele>2543</ele>
						<time>2026-05-01T17:56:30Z</time>
					</trkpt>
					<trkpt lat="46.010990" lon="6.854080">
						<ele>2538</ele>
						<time>2026-05-01T17:57:13Z</time>
					</trkpt>
					<trkpt lat="46.010900" lon="6.854500">
						<ele>2531</ele>
						<time>2026-05-01T17:57:53Z</time>
					</trkpt>
					<trkpt lat="46.010850" lon="6.854840">
						<ele>2524</ele>
						<time>2026-05-01T17:58:26Z</time>
					</trkpt>
					<trkpt lat="46.010850" lon="6.855060">
						<ele>2520</ele>
						<time>2026-05-01T17:58:46Z</time>
					</trkpt>
					<trkpt lat="46.010790" lon="6.855270">
						<ele>2519</ele>
						<time>2026-05-01T17:59:07Z</time>
					</trkpt>
					<trkpt lat="46.010790" lon="6.855520">
						<ele>2515</ele>
						<time>2026-05-01T17:59:30Z</time>
					</trkpt>
					<trkpt lat="46.010770" lon="6.855570">
						<ele>2514</ele>
						<time>2026-05-01T17:59:35Z</time>
					</trkpt>
					<trkpt lat="46.010780" lon="6.855640">
						<ele>2513</ele>
						<time>2026-05-01T17:59:42Z</time>
					</trkpt>
					<trkpt lat="46.010730" lon="6.855700">
						<ele>2512</ele>
						<time>2026-05-01T17:59:51Z</time>
					</trkpt>
					<trkpt lat="46.010700" lon="6.855900">
						<ele>2508</ele>
						<time>2026-05-01T18:00:10Z</time>
					</trkpt>
					<trkpt lat="46.010630" lon="6.855940">
						<ele>2507</ele>
						<time>2026-05-01T18:00:20Z</time>
					</trkpt>
					<trkpt lat="46.010570" lon="6.856020">
						<ele>2504</ele>
						<time>2026-05-01T18:00:31Z</time>
					</trkpt>
					<trkpt lat="46.010480" lon="6.856020">
						<ele>2503</ele>
						<time>2026-05-01T18:00:43Z</time>
					</trkpt>
					<trkpt lat="46.010270" lon="6.856070">
						<ele>2499</ele>
						<time>2026-05-01T18:01:11Z</time>
					</trkpt>
					<trkpt lat="46.010060" lon="6.856040">
						<ele>2498</ele>
						<time>2026-05-01T18:01:39Z</time>
					</trkpt>
					<trkpt lat="46.009880" lon="6.856140">
						<ele>2493</ele>
						<time>2026-05-01T18:02:05Z</time>
					</trkpt>
					<trkpt lat="46.009790" lon="6.856110">
						<ele>2493</ele>
						<time>2026-05-01T18:02:17Z</time>
					</trkpt>
					<trkpt lat="46.009450" lon="6.856070">
						<ele>2493</ele>
						<time>2026-05-01T18:03:03Z</time>
					</trkpt>
					<trkpt lat="46.009350" lon="6.856190">
						<ele>2489</ele>
						<time>2026-05-01T18:03:20Z</time>
					</trkpt>
					<trkpt lat="46.009140" lon="6.856230">
						<ele>2486</ele>
						<time>2026-05-01T18:03:49Z</time>
					</trkpt>
					<trkpt lat="46.008960" lon="6.856340">
						<ele>2482</ele>
						<time>2026-05-01T18:04:15Z</time>
					</trkpt>
					<trkpt lat="46.008850" lon="6.856340">
						<ele>2482</ele>
						<time>2026-05-01T18:04:29Z</time>
					</trkpt>
					<trkpt lat="46.008500" lon="6.856430">
						<ele>2476</ele>
						<time>2026-05-01T18:05:17Z</time>
					</trkpt>
					<trkpt lat="46.008460" lon="6.856460">
						<ele>2475</ele>
						<time>2026-05-01T18:05:23Z</time>
					</trkpt>
					<trkpt lat="46.008420" lon="6.856570">
						<ele>2471</ele>
						<time>2026-05-01T18:05:34Z</time>
					</trkpt>
					<trkpt lat="46.008250" lon="6.856510">
						<ele>2472</ele>
						<time>2026-05-01T18:05:58Z</time>
					</trkpt>
					<trkpt lat="46.008150" lon="6.856700">
						<ele>2465</ele>
						<time>2026-05-01T18:06:20Z</time>
					</trkpt>
					<trkpt lat="46.008010" lon="6.856830">
						<ele>2460</ele>
						<time>2026-05-01T18:06:42Z</time>
					</trkpt>
					<trkpt lat="46.007930" lon="6.857030">
						<ele>2453</ele>
						<time>2026-05-01T18:07:03Z</time>
					</trkpt>
					<trkpt lat="46.007900" lon="6.857180">
						<ele>2448</ele>
						<time>2026-05-01T18:07:18Z</time>
					</trkpt>
					<trkpt lat="46.007860" lon="6.857290">
						<ele>2445</ele>
						<time>2026-05-01T18:07:29Z</time>
					</trkpt>
					<trkpt lat="46.007850" lon="6.857520">
						<ele>2437</ele>
						<time>2026-05-01T18:07:51Z</time>
					</trkpt>
					<trkpt lat="46.007760" lon="6.857860">
						<ele>2426</ele>
						<time>2026-05-01T18:08:24Z</time>
					</trkpt>
					<trkpt lat="46.007590" lon="6.858190">
						<ele>2413</ele>
						<time>2026-05-01T18:09:03Z</time>
					</trkpt>
					<trkpt lat="46.007410" lon="6.858260">
						<ele>2407</ele>
						<time>2026-05-01T18:09:27Z</time>
					</trkpt>
					<trkpt lat="46.007370" lon="6.858330">
						<ele>2403</ele>
						<time>2026-05-01T18:09:36Z</time>
					</trkpt>
					<trkpt lat="46.007170" lon="6.858330">
						<ele>2397</ele>
						<time>2026-05-01T18:10:02Z</time>
					</trkpt>
					<trkpt lat="46.007070" lon="6.858400">
						<ele>2392</ele>
						<time>2026-05-01T18:10:17Z</time>
					</trkpt>
					<trkpt lat="46.007070" lon="6.858400">
						<ele>2392</ele>
						<time>2026-05-01T18:10:17Z</time>
					</trkpt>
					<trkpt lat="46.007020" lon="6.858460">
						<ele>2389</ele>
						<time>2026-05-01T18:10:26Z</time>
					</trkpt>
					<trkpt lat="46.006870" lon="6.858540">
						<ele>2382</ele>
						<time>2026-05-01T18:10:48Z</time>
					</trkpt>
					<trkpt lat="46.006730" lon="6.858580">
						<ele>2378</ele>
						<time>2026-05-01T18:11:07Z</time>
					</trkpt>
					<trkpt lat="46.006600" lon="6.858570">
						<ele>2377</ele>
						<time>2026-05-01T18:11:24Z</time>
					</trkpt>
					<trkpt lat="46.006510" lon="6.858640">
						<ele>2375</ele>
						<time>2026-05-01T18:11:38Z</time>
					</trkpt>
					<trkpt lat="46.006410" lon="6.858980">
						<ele>2365</ele>
						<time>2026-05-01T18:12:12Z</time>
					</trkpt>
					<trkpt lat="46.006380" lon="6.859180">
						<ele>2358</ele>
						<time>2026-05-01T18:12:31Z</time>
					</trkpt>
					<trkpt lat="46.006090" lon="6.859430">
						<ele>2348</ele>
						<time>2026-05-01T18:13:16Z</time>
					</trkpt>
					<trkpt lat="46.005710" lon="6.860190">
						<ele>2320</ele>
						<time>2026-05-01T18:14:43Z</time>
					</trkpt>
					<trkpt lat="46.005530" lon="6.860410">
						<ele>2308</ele>
						<time>2026-05-01T18:15:14Z</time>
					</trkpt>
					<trkpt lat="46.005440" lon="6.860440">
						<ele>2305</ele>
						<time>2026-05-01T18:15:27Z</time>
					</trkpt>
					<trkpt lat="46.005240" lon="6.860430">
						<ele>2301</ele>
						<time>2026-05-01T18:15:53Z</time>
					</trkpt>
					<trkpt lat="46.005210" lon="6.860620">
						<ele>2293</ele>
						<time>2026-05-01T18:16:11Z</time>
					</trkpt>
					<trkpt lat="46.005050" lon="6.860580">
						<ele>2291</ele>
						<time>2026-05-01T18:16:33Z</time>
					</trkpt>
					<trkpt lat="46.004940" lon="6.860590">
						<ele>2288</ele>
						<time>2026-05-01T18:16:48Z</time>
					</trkpt>
					<trkpt lat="46.004890" lon="6.860660">
						<ele>2283</ele>
						<time>2026-05-01T18:16:57Z</time>
					</trkpt>
					<trkpt lat="46.004630" lon="6.860870">
						<ele>2265</ele>
						<time>2026-05-01T18:17:37Z</time>
					</trkpt>
					<trkpt lat="46.004600" lon="6.860870">
						<ele>2264</ele>
						<time>2026-05-01T18:17:41Z</time>
					</trkpt>
					<trkpt lat="46.004600" lon="6.860890">
						<ele>2263</ele>
						<time>2026-05-01T18:17:43Z</time>
					</trkpt>
					<trkpt lat="46.004550" lon="6.860910">
						<ele>2260</ele>
						<time>2026-05-01T18:17:50Z</time>
					</trkpt>
					<trkpt lat="46.004530" lon="6.860950">
						<ele>2258</ele>
						<time>2026-05-01T18:17:54Z</time>
					</trkpt>
					<trkpt lat="46.004530" lon="6.860990">
						<ele>2256</ele>
						<time>2026-05-01T18:17:58Z</time>
					</trkpt>
					<trkpt lat="46.004480" lon="6.861020">
						<ele>2253</ele>
						<time>2026-05-01T18:18:05Z</time>
					</trkpt>
					<trkpt lat="46.004440" lon="6.860980">
						<ele>2253</ele>
						<time>2026-05-01T18:18:12Z</time>
					</trkpt>
					<trkpt lat="46.004370" lon="6.860980">
						<ele>2251</ele>
						<time>2026-05-01T18:18:21Z</time>
					</trkpt>
					<trkpt lat="46.004340" lon="6.861040">
						<ele>2247</ele>
						<time>2026-05-01T18:18:28Z</time>
					</trkpt>
					<trkpt lat="46.004260" lon="6.861020">
						<ele>2245</ele>
						<time>2026-05-01T18:18:39Z</time>
					</trkpt>
					<trkpt lat="46.004160" lon="6.860950">
						<ele>2245</ele>
						<time>2026-05-01T18:18:53Z</time>
					</trkpt>
					<trkpt lat="46.004020" lon="6.860970">
						<ele>2240</ele>
						<time>2026-05-01T18:19:12Z</time>
					</trkpt>
					<trkpt lat="46.004000" lon="6.860950">
						<ele>2240</ele>
						<time>2026-05-01T18:19:15Z</time>
					</trkpt>
					<trkpt lat="46.003970" lon="6.861000">
						<ele>2237</ele>
						<time>2026-05-01T18:19:22Z</time>
					</trkpt>
					<trkpt lat="46.003940" lon="6.860990">
						<ele>2237</ele>
						<time>2026-05-01T18:19:26Z</time>
					</trkpt>
					<trkpt lat="46.003920" lon="6.861030">
						<ele>2235</ele>
						<time>2026-05-01T18:19:30Z</time>
					</trkpt>
					<trkpt lat="46.003860" lon="6.861000">
						<ele>2234</ele>
						<time>2026-05-01T18:19:39Z</time>
					</trkpt>
					<trkpt lat="46.003840" lon="6.861040">
						<ele>2232</ele>
						<time>2026-05-01T18:19:43Z</time>
					</trkpt>
					<trkpt lat="46.003750" lon="6.861040">
						<ele>2229</ele>
						<time>2026-05-01T18:19:55Z</time>
					</trkpt>
					<trkpt lat="46.003660" lon="6.861130">
						<ele>2223</ele>
						<time>2026-05-01T18:20:10Z</time>
					</trkpt>
					<trkpt lat="46.003640" lon="6.861170">
						<ele>2221</ele>
						<time>2026-05-01T18:20:14Z</time>
					</trkpt>
					<trkpt lat="46.003540" lon="6.861230">
						<ele>2216</ele>
						<time>2026-05-01T18:20:29Z</time>
					</trkpt>
					<trkpt lat="46.003450" lon="6.861210">
						<ele>2214</ele>
						<time>2026-05-01T18:20:41Z</time>
					</trkpt>
					<trkpt lat="46.003380" lon="6.861230">
						<ele>2212</ele>
						<time>2026-05-01T18:20:51Z</time>
					</trkpt>
					<trkpt lat="46.003360" lon="6.861280">
						<ele>2209</ele>
						<time>2026-05-01T18:20:56Z</time>
					</trkpt>
					<trkpt lat="46.003350" lon="6.861300">
						<ele>2208</ele>
						<time>2026-05-01T18:20:58Z</time>
					</trkpt>
					<trkpt lat="46.003320" lon="6.861290">
						<ele>2208</ele>
						<time>2026-05-01T18:21:02Z</time>
					</trkpt>
					<trkpt lat="46.003250" lon="6.861400">
						<ele>2203</ele>
						<time>2026-05-01T18:21:16Z</time>
					</trkpt>
					<trkpt lat="46.003210" lon="6.861580">
						<ele>2195</ele>
						<time>2026-05-01T18:21:34Z</time>
					</trkpt>
					<trkpt lat="46.003040" lon="6.861560">
						<ele>2193</ele>
						<time>2026-05-01T18:21:56Z</time>
					</trkpt>
					<trkpt lat="46.002970" lon="6.861570">
						<ele>2192</ele>
						<time>2026-05-01T18:22:06Z</time>
					</trkpt>
					<trkpt lat="46.002950" lon="6.861600">
						<ele>2191</ele>
						<time>2026-05-01T18:22:10Z</time>
					</trkpt>
					<trkpt lat="46.002950" lon="6.861660">
						<ele>2189</ele>
						<time>2026-05-01T18:22:15Z</time>
					</trkpt>
					<trkpt lat="46.002900" lon="6.861830">
						<ele>2183</ele>
						<time>2026-05-01T18:22:32Z</time>
					</trkpt>
					<trkpt lat="46.002900" lon="6.861990">
						<ele>2178</ele>
						<time>2026-05-01T18:22:47Z</time>
					</trkpt>
					<trkpt lat="46.002910" lon="6.862030">
						<ele>2177</ele>
						<time>2026-05-01T18:22:51Z</time>
					</trkpt>
					<trkpt lat="46.002860" lon="6.862100">
						<ele>2174</ele>
						<time>2026-05-01T18:23:00Z</time>
					</trkpt>
					<trkpt lat="46.002850" lon="6.862210">
						<ele>2171</ele>
						<time>2026-05-01T18:23:11Z</time>
					</trkpt>
					<trkpt lat="46.002880" lon="6.862350">
						<ele>2166</ele>
						<time>2026-05-01T18:23:24Z</time>
					</trkpt>
					<trkpt lat="46.002870" lon="6.862430">
						<ele>2164</ele>
						<time>2026-05-01T18:23:32Z</time>
					</trkpt>
					<trkpt lat="46.002910" lon="6.862560">
						<ele>2160</ele>
						<time>2026-05-01T18:23:45Z</time>
					</trkpt>
					<trkpt lat="46.002960" lon="6.862850">
						<ele>2150</ele>
						<time>2026-05-01T18:24:13Z</time>
					</trkpt>
					<trkpt lat="46.002930" lon="6.862990">
						<ele>2145</ele>
						<time>2026-05-01T18:24:26Z</time>
					</trkpt>
					<trkpt lat="46.002960" lon="6.863130">
						<ele>2141</ele>
						<time>2026-05-01T18:24:40Z</time>
					</trkpt>
					<trkpt lat="46.002980" lon="6.863410">
						<ele>2131</ele>
						<time>2026-05-01T18:25:06Z</time>
					</trkpt>
					<trkpt lat="46.003010" lon="6.863480">
						<ele>2128</ele>
						<time>2026-05-01T18:25:14Z</time>
					</trkpt>
					<trkpt lat="46.003020" lon="6.863640">
						<ele>2122</ele>
						<time>2026-05-01T18:25:29Z</time>
					</trkpt>
					<trkpt lat="46.003040" lon="6.863680">
						<ele>2121</ele>
						<time>2026-05-01T18:25:33Z</time>
					</trkpt>
					<trkpt lat="46.003030" lon="6.863770">
						<ele>2117</ele>
						<time>2026-05-01T18:25:42Z</time>
					</trkpt>
					<trkpt lat="46.003070" lon="6.863880">
						<ele>2113</ele>
						<time>2026-05-01T18:25:53Z</time>
					</trkpt>
					<trkpt lat="46.003140" lon="6.863850">
						<ele>2115</ele>
						<time>2026-05-01T18:26:03Z</time>
					</trkpt>
					<trkpt lat="46.003070" lon="6.863880">
						<ele>2113</ele>
						<time>2026-05-01T18:26:13Z</time>
					</trkpt>
					<trkpt lat="46.003020" lon="6.863890">
						<ele>2112</ele>
						<time>2026-05-01T18:26:19Z</time>
					</trkpt>
					<trkpt lat="46.003070" lon="6.863970">
						<ele>2109</ele>
						<time>2026-05-01T18:26:29Z</time>
					</trkpt>
					<trkpt lat="46.003240" lon="6.864080">
						<ele>2106</ele>
						<time>2026-05-01T18:26:54Z</time>
					</trkpt>
					<trkpt lat="46.003220" lon="6.864130">
						<ele>2104</ele>
						<time>2026-05-01T18:26:59Z</time>
					</trkpt>
					<trkpt lat="46.003170" lon="6.864130">
						<ele>2104</ele>
						<time>2026-05-01T18:27:06Z</time>
					</trkpt>
					<trkpt lat="46.003070" lon="6.864240">
						<ele>2098</ele>
						<time>2026-05-01T18:27:23Z</time>
					</trkpt>
					<trkpt lat="46.003050" lon="6.864320">
						<ele>2095</ele>
						<time>2026-05-01T18:27:31Z</time>
					</trkpt>
					<trkpt lat="46.003200" lon="6.864470">
						<ele>2090</ele>
						<time>2026-05-01T18:27:55Z</time>
					</trkpt>
					<trkpt lat="46.003310" lon="6.864480">
						<ele>2090</ele>
						<time>2026-05-01T18:28:10Z</time>
					</trkpt>
					<trkpt lat="46.003360" lon="6.864420">
						<ele>2094</ele>
						<time>2026-05-01T18:28:19Z</time>
					</trkpt>
					<trkpt lat="46.003380" lon="6.864480">
						<ele>2091</ele>
						<time>2026-05-01T18:28:25Z</time>
					</trkpt>
					<trkpt lat="46.003380" lon="6.864480">
						<ele>2091</ele>
						<time>2026-05-01T18:28:25Z</time>
					</trkpt>
					<trkpt lat="46.003400" lon="6.864530">
						<ele>2089</ele>
						<time>2026-05-01T18:28:30Z</time>
					</trkpt>
					<trkpt lat="46.003390" lon="6.864570">
						<ele>2087</ele>
						<time>2026-05-01T18:28:34Z</time>
					</trkpt>
					<trkpt lat="46.003400" lon="6.864620">
						<ele>2085</ele>
						<time>2026-05-01T18:28:39Z</time>
					</trkpt>
					<trkpt lat="46.003420" lon="6.864640">
						<ele>2085</ele>
						<time>2026-05-01T18:28:42Z</time>
					</trkpt>
					<trkpt lat="46.003430" lon="6.864650">
						<ele>2084</ele>
						<time>2026-05-01T18:28:44Z</time>
					</trkpt>
					<trkpt lat="46.003460" lon="6.864620">
						<ele>2086</ele>
						<time>2026-05-01T18:28:49Z</time>
					</trkpt>
					<trkpt lat="46.003540" lon="6.864620">
						<ele>2087</ele>
						<time>2026-05-01T18:28:59Z</time>
					</trkpt>
					<trkpt lat="46.003630" lon="6.864760">
						<ele>2081</ele>
						<time>2026-05-01T18:29:17Z</time>
					</trkpt>
					<trkpt lat="46.003720" lon="6.864790">
						<ele>2080</ele>
						<time>2026-05-01T18:29:29Z</time>
					</trkpt>
					<trkpt lat="46.003740" lon="6.864840">
						<ele>2078</ele>
						<time>2026-05-01T18:29:35Z</time>
					</trkpt>
					<trkpt lat="46.003830" lon="6.864900">
						<ele>2075</ele>
						<time>2026-05-01T18:29:48Z</time>
					</trkpt>
					<trkpt lat="46.004030" lon="6.864970">
						<ele>2072</ele>
						<time>2026-05-01T18:30:15Z</time>
					</trkpt>
					<trkpt lat="46.004320" lon="6.865410">
						<ele>2051</ele>
						<time>2026-05-01T18:31:12Z</time>
					</trkpt>
					<trkpt lat="46.004360" lon="6.865420">
						<ele>2051</ele>
						<time>2026-05-01T18:31:17Z</time>
					</trkpt>
					<trkpt lat="46.004390" lon="6.865480">
						<ele>2049</ele>
						<time>2026-05-01T18:31:24Z</time>
					</trkpt>
					<trkpt lat="46.004450" lon="6.865460">
						<ele>2051</ele>
						<time>2026-05-01T18:31:32Z</time>
					</trkpt>
					<trkpt lat="46.004550" lon="6.865540">
						<ele>2049</ele>
						<time>2026-05-01T18:31:47Z</time>
					</trkpt>
					<trkpt lat="46.004570" lon="6.865540">
						<ele>2049</ele>
						<time>2026-05-01T18:31:50Z</time>
					</trkpt>
					<trkpt lat="46.004600" lon="6.865580">
						<ele>2048</ele>
						<time>2026-05-01T18:31:55Z</time>
					</trkpt>
					<trkpt lat="46.004680" lon="6.865600">
						<ele>2049</ele>
						<time>2026-05-01T18:32:06Z</time>
					</trkpt>
					<trkpt lat="46.004720" lon="6.865670">
						<ele>2047</ele>
						<time>2026-05-01T18:32:15Z</time>
					</trkpt>
					<trkpt lat="46.004730" lon="6.865740">
						<ele>2044</ele>
						<time>2026-05-01T18:32:21Z</time>
					</trkpt>
					<trkpt lat="46.004760" lon="6.865780">
						<ele>2043</ele>
						<time>2026-05-01T18:32:27Z</time>
					</trkpt>
					<trkpt lat="46.004770" lon="6.865830">
						<ele>2041</ele>
						<time>2026-05-01T18:32:32Z</time>
					</trkpt>
					<trkpt lat="46.004740" lon="6.865900">
						<ele>2037</ele>
						<time>2026-05-01T18:32:39Z</time>
					</trkpt>
					<trkpt lat="46.004740" lon="6.865940">
						<ele>2036</ele>
						<time>2026-05-01T18:32:43Z</time>
					</trkpt>
					<trkpt lat="46.004770" lon="6.865980">
						<ele>2036</ele>
						<time>2026-05-01T18:32:48Z</time>
					</trkpt>
					<trkpt lat="46.004760" lon="6.866060">
						<ele>2033</ele>
						<time>2026-05-01T18:32:56Z</time>
					</trkpt>
					<trkpt lat="46.004840" lon="6.866230">
						<ele>2029</ele>
						<time>2026-05-01T18:33:15Z</time>
					</trkpt>
					<trkpt lat="46.004950" lon="6.866260">
						<ele>2030</ele>
						<time>2026-05-01T18:33:30Z</time>
					</trkpt>
					<trkpt lat="46.005050" lon="6.866430">
						<ele>2027</ele>
						<time>2026-05-01T18:33:51Z</time>
					</trkpt>
					<trkpt lat="46.005040" lon="6.866460">
						<ele>2026</ele>
						<time>2026-05-01T18:33:54Z</time>
					</trkpt>
					<trkpt lat="46.004930" lon="6.866450">
						<ele>2024</ele>
						<time>2026-05-01T18:34:08Z</time>
					</trkpt>
					<trkpt lat="46.004900" lon="6.866470">
						<ele>2022</ele>
						<time>2026-05-01T18:34:13Z</time>
					</trkpt>
					<trkpt lat="46.004950" lon="6.866580">
						<ele>2020</ele>
						<time>2026-05-01T18:34:25Z</time>
					</trkpt>
					<trkpt lat="46.004950" lon="6.866620">
						<ele>2018</ele>
						<time>2026-05-01T18:34:29Z</time>
					</trkpt>
					<trkpt lat="46.004900" lon="6.866710">
						<ele>2014</ele>
						<time>2026-05-01T18:34:39Z</time>
					</trkpt>
					<trkpt lat="46.004880" lon="6.866800">
						<ele>2011</ele>
						<time>2026-05-01T18:34:48Z</time>
					</trkpt>
					<trkpt lat="46.004860" lon="6.866800">
						<ele>2011</ele>
						<time>2026-05-01T18:34:51Z</time>
					</trkpt>
					<trkpt lat="46.004850" lon="6.866830">
						<ele>2009</ele>
						<time>2026-05-01T18:34:54Z</time>
					</trkpt>
					<trkpt lat="46.004850" lon="6.866890">
						<ele>2008</ele>
						<time>2026-05-01T18:34:59Z</time>
					</trkpt>
					<trkpt lat="46.004810" lon="6.866960">
						<ele>2004</ele>
						<time>2026-05-01T18:35:08Z</time>
					</trkpt>
					<trkpt lat="46.004790" lon="6.866960">
						<ele>2004</ele>
						<time>2026-05-01T18:35:10Z</time>
					</trkpt>
					<trkpt lat="46.004780" lon="6.866900">
						<ele>2005</ele>
						<time>2026-05-01T18:35:16Z</time>
					</trkpt>
					<trkpt lat="46.004770" lon="6.866890">
						<ele>2005</ele>
						<time>2026-05-01T18:35:18Z</time>
					</trkpt>
					<trkpt lat="46.004750" lon="6.866950">
						<ele>2003</ele>
						<time>2026-05-01T18:35:24Z</time>
					</trkpt>
					<trkpt lat="46.004730" lon="6.866940">
						<ele>2003</ele>
						<time>2026-05-01T18:35:27Z</time>
					</trkpt>
					<trkpt lat="46.004720" lon="6.866970">
						<ele>2001</ele>
						<time>2026-05-01T18:35:30Z</time>
					</trkpt>
					<trkpt lat="46.004710" lon="6.866970">
						<ele>2001</ele>
						<time>2026-05-01T18:35:31Z</time>
					</trkpt>
					<trkpt lat="46.004670" lon="6.866900">
						<ele>2002</ele>
						<time>2026-05-01T18:35:40Z</time>
					</trkpt>
					<trkpt lat="46.004650" lon="6.866920">
						<ele>2001</ele>
						<time>2026-05-01T18:35:43Z</time>
					</trkpt>
					<trkpt lat="46.004620" lon="6.866910">
						<ele>2000</ele>
						<time>2026-05-01T18:35:47Z</time>
					</trkpt>
					<trkpt lat="46.004600" lon="6.866970">
						<ele>1998</ele>
						<time>2026-05-01T18:35:53Z</time>
					</trkpt>
					<trkpt lat="46.004570" lon="6.866970">
						<ele>1997</ele>
						<time>2026-05-01T18:35:57Z</time>
					</trkpt>
					<trkpt lat="46.004400" lon="6.867050">
						<ele>1988</ele>
						<time>2026-05-01T18:36:21Z</time>
					</trkpt>
					<trkpt lat="46.004380" lon="6.867080">
						<ele>1987</ele>
						<time>2026-05-01T18:36:25Z</time>
					</trkpt>
					<trkpt lat="46.004380" lon="6.867130">
						<ele>1985</ele>
						<time>2026-05-01T18:36:29Z</time>
					</trkpt>
					<trkpt lat="46.004330" lon="6.867150">
						<ele>1982</ele>
						<time>2026-05-01T18:36:36Z</time>
					</trkpt>
					<trkpt lat="46.004300" lon="6.867200">
						<ele>1979</ele>
						<time>2026-05-01T18:36:43Z</time>
					</trkpt>
					<trkpt lat="46.004270" lon="6.867200">
						<ele>1978</ele>
						<time>2026-05-01T18:36:47Z</time>
					</trkpt>
					<trkpt lat="46.004240" lon="6.867230">
						<ele>1976</ele>
						<time>2026-05-01T18:36:51Z</time>
					</trkpt>
					<trkpt lat="46.004230" lon="6.867280">
						<ele>1974</ele>
						<time>2026-05-01T18:36:56Z</time>
					</trkpt>
					<trkpt lat="46.004180" lon="6.867330">
						<ele>1970</ele>
						<time>2026-05-01T18:37:04Z</time>
					</trkpt>
					<trkpt lat="46.004180" lon="6.867390">
						<ele>1967</ele>
						<time>2026-05-01T18:37:10Z</time>
					</trkpt>
					<trkpt lat="46.004160" lon="6.867400">
						<ele>1966</ele>
						<time>2026-05-01T18:37:13Z</time>
					</trkpt>
					<trkpt lat="46.004120" lon="6.867410">
						<ele>1966</ele>
						<time>2026-05-01T18:37:18Z</time>
					</trkpt>
					<trkpt lat="46.004080" lon="6.867370">
						<ele>1967</ele>
						<time>2026-05-01T18:37:25Z</time>
					</trkpt>
					<trkpt lat="46.004060" lon="6.867400">
						<ele>1966</ele>
						<time>2026-05-01T18:37:29Z</time>
					</trkpt>
					<trkpt lat="46.004050" lon="6.867380">
						<ele>1967</ele>
						<time>2026-05-01T18:37:31Z</time>
					</trkpt>
					<trkpt lat="46.003950" lon="6.867430">
						<ele>1965</ele>
						<time>2026-05-01T18:37:45Z</time>
					</trkpt>
					<trkpt lat="46.003720" lon="6.867480">
						<ele>1963</ele>
						<time>2026-05-01T18:38:16Z</time>
					</trkpt>
					<trkpt lat="46.003690" lon="6.867500">
						<ele>1962</ele>
						<time>2026-05-01T18:38:20Z</time>
					</trkpt>
					<trkpt lat="46.003670" lon="6.867560">
						<ele>1960</ele>
						<time>2026-05-01T18:38:27Z</time>
					</trkpt>
					<trkpt lat="46.003570" lon="6.867670">
						<ele>1957</ele>
						<time>2026-05-01T18:38:43Z</time>
					</trkpt>
					<trkpt lat="46.003570" lon="6.867670">
						<ele>1957</ele>
						<time>2026-05-01T18:38:43Z</time>
					</trkpt>
					<trkpt lat="46.003500" lon="6.867770">
						<ele>1954</ele>
						<time>2026-05-01T18:38:57Z</time>
					</trkpt>
					<trkpt lat="46.003480" lon="6.867940">
						<ele>1949</ele>
						<time>2026-05-01T18:39:13Z</time>
					</trkpt>
					<trkpt lat="46.003430" lon="6.868060">
						<ele>1945</ele>
						<time>2026-05-01T18:39:25Z</time>
					</trkpt>
					<trkpt lat="46.003340" lon="6.868190">
						<ele>1941</ele>
						<time>2026-05-01T18:39:42Z</time>
					</trkpt>
					<trkpt lat="46.003300" lon="6.868220">
						<ele>1940</ele>
						<time>2026-05-01T18:39:49Z</time>
					</trkpt>
					<trkpt lat="46.003260" lon="6.868280">
						<ele>1938</ele>
						<time>2026-05-01T18:39:56Z</time>
					</trkpt>
					<trkpt lat="46.003110" lon="6.868420">
						<ele>1936</ele>
						<time>2026-05-01T18:40:20Z</time>
					</trkpt>
					<trkpt lat="46.003100" lon="6.868450">
						<ele>1935</ele>
						<time>2026-05-01T18:40:23Z</time>
					</trkpt>
					<trkpt lat="46.003120" lon="6.868510">
						<ele>1933</ele>
						<time>2026-05-01T18:40:29Z</time>
					</trkpt>
					<trkpt lat="46.003100" lon="6.868560">
						<ele>1932</ele>
						<time>2026-05-01T18:40:35Z</time>
					</trkpt>
					<trkpt lat="46.003097" lon="6.868589">
						<ele>1931</ele>
						<time>2026-05-01T18:40:38Z</time>
					</trkpt>
					<trkpt lat="46.003090" lon="6.868650">
						<ele>1930</ele>
						<time>2026-05-01T18:40:43Z</time>
					</trkpt>
					<trkpt lat="46.003073" lon="6.868678">
						<ele>1929</ele>
						<time>2026-05-01T18:40:46Z</time>
					</trkpt>
					<trkpt lat="46.003060" lon="6.868700">
						<ele>1929</ele>
						<time>2026-05-01T18:40:49Z</time>
					</trkpt>
					<trkpt lat="46.003050" lon="6.868710">
						<ele>1929</ele>
						<time>2026-05-01T18:40:51Z</time>
					</trkpt>
					<trkpt lat="46.003050" lon="6.868755">
						<ele>1928</ele>
						<time>2026-05-01T18:40:55Z</time>
					</trkpt>
					<trkpt lat="46.003050" lon="6.868770">
						<ele>1927</ele>
						<time>2026-05-01T18:40:56Z</time>
					</trkpt>
					<trkpt lat="46.002970" lon="6.868950">
						<ele>1924</ele>
						<time>2026-05-01T18:41:16Z</time>
					</trkpt>
					<trkpt lat="46.002960" lon="6.869060">
						<ele>1922</ele>
						<time>2026-05-01T18:41:27Z</time>
					</trkpt>
					<trkpt lat="46.003030" lon="6.869140">
						<ele>1918</ele>
						<time>2026-05-01T18:41:38Z</time>
					</trkpt>
					<trkpt lat="46.002950" lon="6.869260">
						<ele>1918</ele>
						<time>2026-05-01T18:41:54Z</time>
					</trkpt>
					<trkpt lat="46.002950" lon="6.869260">
						<ele>1918</ele>
						<time>2026-05-01T18:41:54Z</time>
					</trkpt>
					<trkpt lat="46.002940" lon="6.869380">
						<ele>1916</ele>
						<time>2026-05-01T18:42:05Z</time>
					</trkpt>
					<trkpt lat="46.003010" lon="6.869480">
						<ele>1913</ele>
						<time>2026-05-01T18:42:18Z</time>
					</trkpt>
					<trkpt lat="46.003060" lon="6.869480">
						<ele>1912</ele>
						<time>2026-05-01T18:42:25Z</time>
					</trkpt>
					<trkpt lat="46.003080" lon="6.869500">
						<ele>1911</ele>
						<time>2026-05-01T18:42:28Z</time>
					</trkpt>
					<trkpt lat="46.003080" lon="6.869570">
						<ele>1910</ele>
						<time>2026-05-01T18:42:35Z</time>
					</trkpt>
					<trkpt lat="46.003080" lon="6.869680">
						<ele>1908</ele>
						<time>2026-05-01T18:42:45Z</time>
					</trkpt>
					<trkpt lat="46.003050" lon="6.869900">
						<ele>1906</ele>
						<time>2026-05-01T18:43:06Z</time>
					</trkpt>
					<trkpt lat="46.003070" lon="6.870040">
						<ele>1903</ele>
						<time>2026-05-01T18:43:19Z</time>
					</trkpt>
					<trkpt lat="46.003110" lon="6.870110">
						<ele>1901</ele>
						<time>2026-05-01T18:43:27Z</time>
					</trkpt>
					<trkpt lat="46.003130" lon="6.870220">
						<ele>1900</ele>
						<time>2026-05-01T18:43:38Z</time>
					</trkpt>
					<trkpt lat="46.003200" lon="6.870340">
						<ele>1896</ele>
						<time>2026-05-01T18:43:52Z</time>
					</trkpt>
					<trkpt lat="46.003220" lon="6.870560">
						<ele>1894</ele>
						<time>2026-05-01T18:44:13Z</time>
					</trkpt>
					<trkpt lat="46.003280" lon="6.870700">
						<ele>1891</ele>
						<time>2026-05-01T18:44:28Z</time>
					</trkpt>
					<trkpt lat="46.003340" lon="6.870940">
						<ele>1885</ele>
						<time>2026-05-01T18:44:52Z</time>
					</trkpt>
					<trkpt lat="46.003370" lon="6.870990">
						<ele>1883</ele>
						<time>2026-05-01T18:44:58Z</time>
					</trkpt>
					<trkpt lat="46.003330" lon="6.871040">
						<ele>1883</ele>
						<time>2026-05-01T18:45:05Z</time>
					</trkpt>
					<trkpt lat="46.003100" lon="6.870910">
						<ele>1891</ele>
						<time>2026-05-01T18:45:38Z</time>
					</trkpt>
					<trkpt lat="46.003070" lon="6.870920">
						<ele>1892</ele>
						<time>2026-05-01T18:45:42Z</time>
					</trkpt>
					<trkpt lat="46.003060" lon="6.870960">
						<ele>1891</ele>
						<time>2026-05-01T18:45:46Z</time>
					</trkpt>
					<trkpt lat="46.003230" lon="6.871220">
						<ele>1881</ele>
						<time>2026-05-01T18:46:19Z</time>
					</trkpt>
					<trkpt lat="46.003220" lon="6.871270">
						<ele>1880</ele>
						<time>2026-05-01T18:46:24Z</time>
					</trkpt>
					<trkpt lat="46.003160" lon="6.871250">
						<ele>1882</ele>
						<time>2026-05-01T18:46:32Z</time>
					</trkpt>
					<trkpt lat="46.003150" lon="6.871260">
						<ele>1882</ele>
						<time>2026-05-01T18:46:34Z</time>
					</trkpt>
					<trkpt lat="46.003300" lon="6.871440">
						<ele>1873</ele>
						<time>2026-05-01T18:47:00Z</time>
					</trkpt>
					<trkpt lat="46.003350" lon="6.871460">
						<ele>1871</ele>
						<time>2026-05-01T18:47:07Z</time>
					</trkpt>
					<trkpt lat="46.003330" lon="6.871500">
						<ele>1871</ele>
						<time>2026-05-01T18:47:11Z</time>
					</trkpt>
					<trkpt lat="46.003290" lon="6.871520">
						<ele>1871</ele>
						<time>2026-05-01T18:47:17Z</time>
					</trkpt>
					<trkpt lat="46.003300" lon="6.871580">
						<ele>1870</ele>
						<time>2026-05-01T18:47:23Z</time>
					</trkpt>
					<trkpt lat="46.003380" lon="6.871560">
						<ele>1868</ele>
						<time>2026-05-01T18:47:34Z</time>
					</trkpt>
					<trkpt lat="46.003410" lon="6.871580">
						<ele>1867</ele>
						<time>2026-05-01T18:47:38Z</time>
					</trkpt>
					<trkpt lat="46.003410" lon="6.871620">
						<ele>1866</ele>
						<time>2026-05-01T18:47:42Z</time>
					</trkpt>
					<trkpt lat="46.003370" lon="6.871660">
						<ele>1865</ele>
						<time>2026-05-01T18:47:48Z</time>
					</trkpt>
					<trkpt lat="46.003360" lon="6.871710">
						<ele>1865</ele>
						<time>2026-05-01T18:47:53Z</time>
					</trkpt>
					<trkpt lat="46.003490" lon="6.871760">
						<ele>1861</ele>
						<time>2026-05-01T18:48:11Z</time>
					</trkpt>
					<trkpt lat="46.003500" lon="6.871850">
						<ele>1860</ele>
						<time>2026-05-01T18:48:19Z</time>
					</trkpt>
					<trkpt lat="46.003600" lon="6.871920">
						<ele>1856</ele>
						<time>2026-05-01T18:48:34Z</time>
					</trkpt>
					<trkpt lat="46.003630" lon="6.871980">
						<ele>1855</ele>
						<time>2026-05-01T18:48:41Z</time>
					</trkpt>
					<trkpt lat="46.003690" lon="6.871970">
						<ele>1853</ele>
						<time>2026-05-01T18:48:49Z</time>
					</trkpt>
					<trkpt lat="46.003700" lon="6.872000">
						<ele>1852</ele>
						<time>2026-05-01T18:48:52Z</time>
					</trkpt>
					<trkpt lat="46.003830" lon="6.872050">
						<ele>1847</ele>
						<time>2026-05-01T18:49:10Z</time>
					</trkpt>
					<trkpt lat="46.003890" lon="6.872090">
						<ele>1845</ele>
						<time>2026-05-01T18:49:19Z</time>
					</trkpt>
					<trkpt lat="46.003930" lon="6.872070">
						<ele>1844</ele>
						<time>2026-05-01T18:49:25Z</time>
					</trkpt>
					<trkpt lat="46.003980" lon="6.872130">
						<ele>1841</ele>
						<time>2026-05-01T18:49:33Z</time>
					</trkpt>
					<trkpt lat="46.004040" lon="6.872080">
						<ele>1840</ele>
						<time>2026-05-01T18:49:43Z</time>
					</trkpt>
					<trkpt lat="46.004040" lon="6.872160">
						<ele>1838</ele>
						<time>2026-05-01T18:49:50Z</time>
					</trkpt>
					<trkpt lat="46.004070" lon="6.872200">
						<ele>1836</ele>
						<time>2026-05-01T18:49:55Z</time>
					</trkpt>
					<trkpt lat="46.004090" lon="6.872190">
						<ele>1836</ele>
						<time>2026-05-01T18:49:58Z</time>
					</trkpt>
					<trkpt lat="46.004160" lon="6.872310">
						<ele>1830</ele>
						<time>2026-05-01T18:50:13Z</time>
					</trkpt>
					<trkpt lat="46.004170" lon="6.872500">
						<ele>1824</ele>
						<time>2026-05-01T18:50:30Z</time>
					</trkpt>
					<trkpt lat="46.004190" lon="6.872560">
						<ele>1823</ele>
						<time>2026-05-01T18:50:37Z</time>
					</trkpt>
					<trkpt lat="46.004230" lon="6.872500">
						<ele>1825</ele>
						<time>2026-05-01T18:50:44Z</time>
					</trkpt>
					<trkpt lat="46.004240" lon="6.872610">
						<ele>1823</ele>
						<time>2026-05-01T18:50:55Z</time>
					</trkpt>
					<trkpt lat="46.004200" lon="6.872720">
						<ele>1820</ele>
						<time>2026-05-01T18:51:06Z</time>
					</trkpt>
					<trkpt lat="46.004160" lon="6.872780">
						<ele>1819</ele>
						<time>2026-05-01T18:51:14Z</time>
					</trkpt>
					<trkpt lat="46.004090" lon="6.872800">
						<ele>1822</ele>
						<time>2026-05-01T18:51:23Z</time>
					</trkpt>
					<trkpt lat="46.004100" lon="6.872820">
						<ele>1821</ele>
						<time>2026-05-01T18:51:26Z</time>
					</trkpt>
					<trkpt lat="46.004200" lon="6.872890">
						<ele>1817</ele>
						<time>2026-05-01T18:51:41Z</time>
					</trkpt>
					<trkpt lat="46.004280" lon="6.872850">
						<ele>1818</ele>
						<time>2026-05-01T18:51:52Z</time>
					</trkpt>
					<trkpt lat="46.004350" lon="6.872800">
						<ele>1820</ele>
						<time>2026-05-01T18:52:02Z</time>
					</trkpt>
					<trkpt lat="46.004420" lon="6.872670">
						<ele>1824</ele>
						<time>2026-05-01T18:52:17Z</time>
					</trkpt>
					<trkpt lat="46.004480" lon="6.872590">
						<ele>1826</ele>
						<time>2026-05-01T18:52:28Z</time>
					</trkpt>
					<trkpt lat="46.004540" lon="6.872590">
						<ele>1827</ele>
						<time>2026-05-01T18:52:36Z</time>
					</trkpt>
					<trkpt lat="46.004610" lon="6.872710">
						<ele>1824</ele>
						<time>2026-05-01T18:52:51Z</time>
					</trkpt>
					<trkpt lat="46.004720" lon="6.872750">
						<ele>1824</ele>
						<time>2026-05-01T18:53:06Z</time>
					</trkpt>
					<trkpt lat="46.004770" lon="6.872710">
						<ele>1826</ele>
						<time>2026-05-01T18:53:14Z</time>
					</trkpt>
					<trkpt lat="46.004910" lon="6.872790">
						<ele>1824</ele>
						<time>2026-05-01T18:53:34Z</time>
					</trkpt>
					<trkpt lat="46.004930" lon="6.872790">
						<ele>1824</ele>
						<time>2026-05-01T18:53:36Z</time>
					</trkpt>
					<trkpt lat="46.005060" lon="6.872870">
						<ele>1823</ele>
						<time>2026-05-01T18:53:55Z</time>
					</trkpt>
					<trkpt lat="46.005180" lon="6.872920">
						<ele>1825</ele>
						<time>2026-05-01T18:54:12Z</time>
					</trkpt>
					<trkpt lat="46.005330" lon="6.873050">
						<ele>1824</ele>
						<time>2026-05-01T18:54:35Z</time>
					</trkpt>
					<trkpt lat="46.005470" lon="6.873060">
						<ele>1827</ele>
						<time>2026-05-01T18:54:54Z</time>
					</trkpt>
					<trkpt lat="46.005540" lon="6.873150">
						<ele>1826</ele>
						<time>2026-05-01T18:55:07Z</time>
					</trkpt>
					<trkpt lat="46.005600" lon="6.873160">
						<ele>1827</ele>
						<time>2026-05-01T18:55:15Z</time>
					</trkpt>
					<trkpt lat="46.005640" lon="6.873210">
						<ele>1826</ele>
						<time>2026-05-01T18:55:22Z</time>
					</trkpt>
					<trkpt lat="46.005700" lon="6.873390">
						<ele>1822</ele>
						<time>2026-05-01T18:55:40Z</time>
					</trkpt>
					<trkpt lat="46.005780" lon="6.873410">
						<ele>1823</ele>
						<time>2026-05-01T18:55:51Z</time>
					</trkpt>
					<trkpt lat="46.005830" lon="6.873440">
						<ele>1823</ele>
						<time>2026-05-01T18:55:58Z</time>
					</trkpt>
					<trkpt lat="46.005920" lon="6.873460">
						<ele>1826</ele>
						<time>2026-05-01T18:56:10Z</time>
					</trkpt>
					<trkpt lat="46.005950" lon="6.873500">
						<ele>1826</ele>
						<time>2026-05-01T18:56:16Z</time>
					</trkpt>
					<trkpt lat="46.006000" lon="6.873660">
						<ele>1822</ele>
						<time>2026-05-01T18:56:32Z</time>
					</trkpt>
					<trkpt lat="46.006120" lon="6.873760">
						<ele>1824</ele>
						<time>2026-05-01T18:56:51Z</time>
					</trkpt>
					<trkpt lat="46.006250" lon="6.873970">
						<ele>1823</ele>
						<time>2026-05-01T18:57:17Z</time>
					</trkpt>
					<trkpt lat="46.006450" lon="6.874220">
						<ele>1825</ele>
						<time>2026-05-01T18:57:52Z</time>
					</trkpt>
					<trkpt lat="46.006550" lon="6.874400">
						<ele>1824</ele>
						<time>2026-05-01T18:58:13Z</time>
					</trkpt>
					<trkpt lat="46.006650" lon="6.874610">
						<ele>1820</ele>
						<time>2026-05-01T18:58:37Z</time>
					</trkpt>
					<trkpt lat="46.006740" lon="6.874870">
						<ele>1818</ele>
						<time>2026-05-01T18:59:04Z</time>
					</trkpt>
					<trkpt lat="46.006770" lon="6.875070">
						<ele>1815</ele>
						<time>2026-05-01T18:59:23Z</time>
					</trkpt>
					<trkpt lat="46.006950" lon="6.875480">
						<ele>1820</ele>
						<time>2026-05-01T19:00:08Z</time>
					</trkpt>
					<trkpt lat="46.006920" lon="6.875970">
						<ele>1806</ele>
						<time>2026-05-01T19:00:53Z</time>
					</trkpt>
					<trkpt lat="46.007020" lon="6.876460">
						<ele>1803</ele>
						<time>2026-05-01T19:01:41Z</time>
					</trkpt>
					<trkpt lat="46.007040" lon="6.876660">
						<ele>1799</ele>
						<time>2026-05-01T19:02:00Z</time>
					</trkpt>
					<trkpt lat="46.007030" lon="6.876750">
						<ele>1797</ele>
						<time>2026-05-01T19:02:08Z</time>
					</trkpt>
					<trkpt lat="46.007130" lon="6.877010">
						<ele>1796</ele>
						<time>2026-05-01T19:02:36Z</time>
					</trkpt>
					<trkpt lat="46.007230" lon="6.877440">
						<ele>1790</ele>
						<time>2026-05-01T19:03:18Z</time>
					</trkpt>
					<trkpt lat="46.007290" lon="6.877590">
						<ele>1788</ele>
						<time>2026-05-01T19:03:34Z</time>
					</trkpt>
					<trkpt lat="46.007270" lon="6.877750">
						<ele>1783</ele>
						<time>2026-05-01T19:03:49Z</time>
					</trkpt>
					<trkpt lat="46.007310" lon="6.877790">
						<ele>1783</ele>
						<time>2026-05-01T19:03:55Z</time>
					</trkpt>
					<trkpt lat="46.007390" lon="6.878060">
						<ele>1777</ele>
						<time>2026-05-01T19:04:22Z</time>
					</trkpt>
					<trkpt lat="46.007420" lon="6.878310">
						<ele>1770</ele>
						<time>2026-05-01T19:04:46Z</time>
					</trkpt>
					<trkpt lat="46.007560" lon="6.878620">
						<ele>1770</ele>
						<time>2026-05-01T19:05:20Z</time>
					</trkpt>
					<trkpt lat="46.007710" lon="6.878840">
						<ele>1774</ele>
						<time>2026-05-01T19:05:49Z</time>
					</trkpt>
					<trkpt lat="46.007970" lon="6.879310">
						<ele>1774</ele>
						<time>2026-05-01T19:06:44Z</time>
					</trkpt>
					<trkpt lat="46.008020" lon="6.879430">
						<ele>1772</ele>
						<time>2026-05-01T19:06:57Z</time>
					</trkpt>
					<trkpt lat="46.008070" lon="6.879640">
						<ele>1767</ele>
						<time>2026-05-01T19:07:18Z</time>
					</trkpt>
					<trkpt lat="46.008140" lon="6.879810">
						<ele>1762</ele>
						<time>2026-05-01T19:07:36Z</time>
					</trkpt>
					<trkpt lat="46.008520" lon="6.880390">
						<ele>1759</ele>
						<time>2026-05-01T19:08:50Z</time>
					</trkpt>
					<trkpt lat="46.008670" lon="6.880650">
						<ele>1757</ele>
						<time>2026-05-01T19:09:22Z</time>
					</trkpt>
					<trkpt lat="46.008800" lon="6.880790">
						<ele>1757</ele>
						<time>2026-05-01T19:09:43Z</time>
					</trkpt>
					<trkpt lat="46.008990" lon="6.881110">
						<ele>1752</ele>
						<time>2026-05-01T19:10:22Z</time>
					</trkpt>
					<trkpt lat="46.009030" lon="6.881220">
						<ele>1749</ele>
						<time>2026-05-01T19:10:34Z</time>
					</trkpt>
					<trkpt lat="46.009080" lon="6.881270">
						<ele>1748</ele>
						<time>2026-05-01T19:10:42Z</time>
					</trkpt>
					<trkpt lat="46.009190" lon="6.881460">
						<ele>1742</ele>
						<time>2026-05-01T19:11:05Z</time>
					</trkpt>
					<trkpt lat="46.009530" lon="6.881640">
						<ele>1746</ele>
						<time>2026-05-01T19:11:53Z</time>
					</trkpt>
					<trkpt lat="46.009590" lon="6.881750">
						<ele>1746</ele>
						<time>2026-05-01T19:12:06Z</time>
					</trkpt>
					<trkpt lat="46.009640" lon="6.881970">
						<ele>1744</ele>
						<time>2026-05-01T19:12:28Z</time>
					</trkpt>
					<trkpt lat="46.009750" lon="6.882210">
						<ele>1741</ele>
						<time>2026-05-01T19:12:54Z</time>
					</trkpt>
					<trkpt lat="46.009850" lon="6.882250">
						<ele>1742</ele>
						<time>2026-05-01T19:13:08Z</time>
					</trkpt>
					<trkpt lat="46.010210" lon="6.882920">
						<ele>1734</ele>
						<time>2026-05-01T19:14:27Z</time>
					</trkpt>
					<trkpt lat="46.010240" lon="6.883070">
						<ele>1732</ele>
						<time>2026-05-01T19:14:41Z</time>
					</trkpt>
					<trkpt lat="46.010280" lon="6.883120">
						<ele>1732</ele>
						<time>2026-05-01T19:14:48Z</time>
					</trkpt>
					<trkpt lat="46.010330" lon="6.883130">
						<ele>1733</ele>
						<time>2026-05-01T19:14:55Z</time>
					</trkpt>
					<trkpt lat="46.010360" lon="6.883100">
						<ele>1735</ele>
						<time>2026-05-01T19:15:00Z</time>
					</trkpt>
					<trkpt lat="46.010360" lon="6.883100">
						<ele>1735</ele>
						<time>2026-05-01T19:15:00Z</time>
					</trkpt>
					<trkpt lat="46.010380" lon="6.883100">
						<ele>1735</ele>
						<time>2026-05-01T19:15:02Z</time>
					</trkpt>
					<trkpt lat="46.010400" lon="6.883150">
						<ele>1734</ele>
						<time>2026-05-01T19:15:08Z</time>
					</trkpt>
					<trkpt lat="46.010430" lon="6.883260">
						<ele>1733</ele>
						<time>2026-05-01T19:15:19Z</time>
					</trkpt>
					<trkpt lat="46.010470" lon="6.883320">
						<ele>1732</ele>
						<time>2026-05-01T19:15:27Z</time>
					</trkpt>
					<trkpt lat="46.010480" lon="6.883430">
						<ele>1730</ele>
						<time>2026-05-01T19:15:37Z</time>
					</trkpt>
					<trkpt lat="46.010530" lon="6.883490">
						<ele>1730</ele>
						<time>2026-05-01T19:15:45Z</time>
					</trkpt>
					<trkpt lat="46.010570" lon="6.883510">
						<ele>1730</ele>
						<time>2026-05-01T19:15:51Z</time>
					</trkpt>
					<trkpt lat="46.010660" lon="6.883620">
						<ele>1729</ele>
						<time>2026-05-01T19:16:07Z</time>
					</trkpt>
					<trkpt lat="46.010730" lon="6.883800">
						<ele>1724</ele>
						<time>2026-05-01T19:16:26Z</time>
					</trkpt>
					<trkpt lat="46.010840" lon="6.883910">
						<ele>1721</ele>
						<time>2026-05-01T19:16:44Z</time>
					</trkpt>
					<trkpt lat="46.010900" lon="6.884110">
						<ele>1718</ele>
						<time>2026-05-01T19:17:04Z</time>
					</trkpt>
					<trkpt lat="46.010990" lon="6.884280">
						<ele>1721</ele>
						<time>2026-05-01T19:17:24Z</time>
					</trkpt>
					<trkpt lat="46.011040" lon="6.884430">
						<ele>1722</ele>
						<time>2026-05-01T19:17:39Z</time>
					</trkpt>
					<trkpt lat="46.011040" lon="6.884470">
						<ele>1722</ele>
						<time>2026-05-01T19:17:43Z</time>
					</trkpt>
					<trkpt lat="46.011330" lon="6.884920">
						<ele>1729</ele>
						<time>2026-05-01T19:18:40Z</time>
					</trkpt>
					<trkpt lat="46.011540" lon="6.885340">
						<ele>1727</ele>
						<time>2026-05-01T19:19:28Z</time>
					</trkpt>
					<trkpt lat="46.011760" lon="6.885910">
						<ele>1716</ele>
						<time>2026-05-01T19:20:28Z</time>
					</trkpt>
					<trkpt lat="46.011870" lon="6.886300">
						<ele>1711</ele>
						<time>2026-05-01T19:21:07Z</time>
					</trkpt>
					<trkpt lat="46.011930" lon="6.886440">
						<ele>1710</ele>
						<time>2026-05-01T19:21:23Z</time>
					</trkpt>
					<trkpt lat="46.011940" lon="6.886530">
						<ele>1708</ele>
						<time>2026-05-01T19:21:31Z</time>
					</trkpt>
					<trkpt lat="46.012040" lon="6.886740">
						<ele>1707</ele>
						<time>2026-05-01T19:21:55Z</time>
					</trkpt>
					<trkpt lat="46.012140" lon="6.886870">
						<ele>1709</ele>
						<time>2026-05-01T19:22:13Z</time>
					</trkpt>
					<trkpt lat="46.012300" lon="6.886980">
						<ele>1711</ele>
						<time>2026-05-01T19:22:36Z</time>
					</trkpt>
					<trkpt lat="46.012390" lon="6.887090">
						<ele>1711</ele>
						<time>2026-05-01T19:22:52Z</time>
					</trkpt>
					<trkpt lat="46.012390" lon="6.887130">
						<ele>1710</ele>
						<time>2026-05-01T19:22:56Z</time>
					</trkpt>
					<trkpt lat="46.012380" lon="6.887150">
						<ele>1709</ele>
						<time>2026-05-01T19:22:58Z</time>
					</trkpt>
					<trkpt lat="46.012180" lon="6.887090">
						<ele>1707</ele>
						<time>2026-05-01T19:23:25Z</time>
					</trkpt>
					<trkpt lat="46.012140" lon="6.887100">
						<ele>1706</ele>
						<time>2026-05-01T19:23:31Z</time>
					</trkpt>
					<trkpt lat="46.012140" lon="6.887130">
						<ele>1706</ele>
						<time>2026-05-01T19:23:33Z</time>
					</trkpt>
					<trkpt lat="46.012160" lon="6.887170">
						<ele>1705</ele>
						<time>2026-05-01T19:23:38Z</time>
					</trkpt>
					<trkpt lat="46.012450" lon="6.887430">
						<ele>1704</ele>
						<time>2026-05-01T19:24:24Z</time>
					</trkpt>
					<trkpt lat="46.012480" lon="6.887540">
						<ele>1702</ele>
						<time>2026-05-01T19:24:35Z</time>
					</trkpt>
					<trkpt lat="46.012630" lon="6.887820">
						<ele>1699</ele>
						<time>2026-05-01T19:25:07Z</time>
					</trkpt>
					<trkpt lat="46.012630" lon="6.887990">
						<ele>1695</ele>
						<time>2026-05-01T19:25:23Z</time>
					</trkpt>
					<trkpt lat="46.012560" lon="6.888300">
						<ele>1684</ele>
						<time>2026-05-01T19:25:53Z</time>
					</trkpt>
					<trkpt lat="46.012610" lon="6.888480">
						<ele>1684</ele>
						<time>2026-05-01T19:26:11Z</time>
					</trkpt>
					<trkpt lat="46.012680" lon="6.888560">
						<ele>1686</ele>
						<time>2026-05-01T19:26:23Z</time>
					</trkpt>
					<trkpt lat="46.012710" lon="6.888690">
						<ele>1685</ele>
						<time>2026-05-01T19:26:36Z</time>
					</trkpt>
					<trkpt lat="46.012830" lon="6.888820">
						<ele>1686</ele>
						<time>2026-05-01T19:26:56Z</time>
					</trkpt>
					<trkpt lat="46.012950" lon="6.888850">
						<ele>1687</ele>
						<time>2026-05-01T19:27:12Z</time>
					</trkpt>
					<trkpt lat="46.013010" lon="6.888920">
						<ele>1687</ele>
						<time>2026-05-01T19:27:22Z</time>
					</trkpt>
					<trkpt lat="46.013070" lon="6.889220">
						<ele>1680</ele>
						<time>2026-05-01T19:27:51Z</time>
					</trkpt>
					<trkpt lat="46.013120" lon="6.889300">
						<ele>1680</ele>
						<time>2026-05-01T19:28:01Z</time>
					</trkpt>
					<trkpt lat="46.013310" lon="6.889430">
						<ele>1678</ele>
						<time>2026-05-01T19:28:29Z</time>
					</trkpt>
					<trkpt lat="46.013550" lon="6.890010">
						<ele>1678</ele>
						<time>2026-05-01T19:29:32Z</time>
					</trkpt>
					<trkpt lat="46.013610" lon="6.890270">
						<ele>1678</ele>
						<time>2026-05-01T19:29:57Z</time>
					</trkpt>
					<trkpt lat="46.013710" lon="6.890500">
						<ele>1679</ele>
						<time>2026-05-01T19:30:23Z</time>
					</trkpt>
					<trkpt lat="46.013780" lon="6.890940">
						<ele>1676</ele>
						<time>2026-05-01T19:31:04Z</time>
					</trkpt>
					<trkpt lat="46.013850" lon="6.891200">
						<ele>1675</ele>
						<time>2026-05-01T19:31:30Z</time>
					</trkpt>
					<trkpt lat="46.013860" lon="6.891430">
						<ele>1674</ele>
						<time>2026-05-01T19:31:52Z</time>
					</trkpt>
					<trkpt lat="46.013930" lon="6.891610">
						<ele>1672</ele>
						<time>2026-05-01T19:32:11Z</time>
					</trkpt>
					<trkpt lat="46.014170" lon="6.891840">
						<ele>1666</ele>
						<time>2026-05-01T19:32:49Z</time>
					</trkpt>
					<trkpt lat="46.014200" lon="6.892040">
						<ele>1663</ele>
						<time>2026-05-01T19:33:08Z</time>
					</trkpt>
					<trkpt lat="46.014290" lon="6.892120">
						<ele>1664</ele>
						<time>2026-05-01T19:33:22Z</time>
					</trkpt>
					<trkpt lat="46.014320" lon="6.892170">
						<ele>1663</ele>
						<time>2026-05-01T19:33:28Z</time>
					</trkpt>
					<trkpt lat="46.014360" lon="6.892190">
						<ele>1664</ele>
						<time>2026-05-01T19:33:34Z</time>
					</trkpt>
					<trkpt lat="46.014390" lon="6.892190">
						<ele>1664</ele>
						<time>2026-05-01T19:33:38Z</time>
					</trkpt>
					<trkpt lat="46.014410" lon="6.892310">
						<ele>1663</ele>
						<time>2026-05-01T19:33:49Z</time>
					</trkpt>
					<trkpt lat="46.014500" lon="6.892490">
						<ele>1661</ele>
						<time>2026-05-01T19:34:10Z</time>
					</trkpt>
					<trkpt lat="46.014600" lon="6.892650">
						<ele>1663</ele>
						<time>2026-05-01T19:34:30Z</time>
					</trkpt>
					<trkpt lat="46.014670" lon="6.892710">
						<ele>1664</ele>
						<time>2026-05-01T19:34:41Z</time>
					</trkpt>
					<trkpt lat="46.014700" lon="6.892900">
						<ele>1665</ele>
						<time>2026-05-01T19:34:59Z</time>
					</trkpt>
					<trkpt lat="46.014750" lon="6.892970">
						<ele>1666</ele>
						<time>2026-05-01T19:35:08Z</time>
					</trkpt>
					<trkpt lat="46.014770" lon="6.893020">
						<ele>1666</ele>
						<time>2026-05-01T19:35:14Z</time>
					</trkpt>
					<trkpt lat="46.014760" lon="6.893200">
						<ele>1666</ele>
						<time>2026-05-01T19:35:30Z</time>
					</trkpt>
					<trkpt lat="46.014780" lon="6.893430">
						<ele>1666</ele>
						<time>2026-05-01T19:35:52Z</time>
					</trkpt>
					<trkpt lat="46.014890" lon="6.894020">
						<ele>1665</ele>
						<time>2026-05-01T19:36:48Z</time>
					</trkpt>
					<trkpt lat="46.015170" lon="6.894680">
						<ele>1658</ele>
						<time>2026-05-01T19:38:00Z</time>
					</trkpt>
					<trkpt lat="46.015220" lon="6.894840">
						<ele>1656</ele>
						<time>2026-05-01T19:38:16Z</time>
					</trkpt>
					<trkpt lat="46.015470" lon="6.895230">
						<ele>1654</ele>
						<time>2026-05-01T19:39:06Z</time>
					</trkpt>
					<trkpt lat="46.015450" lon="6.895270">
						<ele>1651</ele>
						<time>2026-05-01T19:39:10Z</time>
					</trkpt>
					<trkpt lat="46.015410" lon="6.895280">
						<ele>1649</ele>
						<time>2026-05-01T19:39:16Z</time>
					</trkpt>
					<trkpt lat="46.015210" lon="6.895240">
						<ele>1641</ele>
						<time>2026-05-01T19:39:42Z</time>
					</trkpt>
					<trkpt lat="46.015180" lon="6.895250">
						<ele>1639</ele>
						<time>2026-05-01T19:39:47Z</time>
					</trkpt>
					<trkpt lat="46.015170" lon="6.895290">
						<ele>1637</ele>
						<time>2026-05-01T19:39:51Z</time>
					</trkpt>
					<trkpt lat="46.015190" lon="6.895330">
						<ele>1637</ele>
						<time>2026-05-01T19:39:55Z</time>
					</trkpt>
					<trkpt lat="46.015320" lon="6.895470">
						<ele>1637</ele>
						<time>2026-05-01T19:40:17Z</time>
					</trkpt>
					<trkpt lat="46.015340" lon="6.895540">
						<ele>1635</ele>
						<time>2026-05-01T19:40:24Z</time>
					</trkpt>
					<trkpt lat="46.015400" lon="6.895590">
						<ele>1635</ele>
						<time>2026-05-01T19:40:33Z</time>
					</trkpt>
					<trkpt lat="46.015410" lon="6.895610">
						<ele>1635</ele>
						<time>2026-05-01T19:40:35Z</time>
					</trkpt>
					<trkpt lat="46.015390" lon="6.895620">
						<ele>1633</ele>
						<time>2026-05-01T19:40:38Z</time>
					</trkpt>
					<trkpt lat="46.015320" lon="6.895620">
						<ele>1630</ele>
						<time>2026-05-01T19:40:47Z</time>
					</trkpt>
					<trkpt lat="46.015320" lon="6.895640">
						<ele>1630</ele>
						<time>2026-05-01T19:40:49Z</time>
					</trkpt>
					<trkpt lat="46.015630" lon="6.896010">
						<ele>1627</ele>
						<time>2026-05-01T19:41:43Z</time>
					</trkpt>
					<trkpt lat="46.015920" lon="6.896690">
						<ele>1607</ele>
						<time>2026-05-01T19:42:57Z</time>
					</trkpt>
					<trkpt lat="46.016300" lon="6.897530">
						<ele>1586</ele>
						<time>2026-05-01T19:44:30Z</time>
					</trkpt>
					<trkpt lat="46.016340" lon="6.897800">
						<ele>1581</ele>
						<time>2026-05-01T19:44:55Z</time>
					</trkpt>
					<trkpt lat="46.016470" lon="6.898020">
						<ele>1577</ele>
						<time>2026-05-01T19:45:22Z</time>
					</trkpt>
					<trkpt lat="46.016600" lon="6.898140">
						<ele>1574</ele>
						<time>2026-05-01T19:45:43Z</time>
					</trkpt>
					<trkpt lat="46.016700" lon="6.898310">
						<ele>1569</ele>
						<time>2026-05-01T19:46:04Z</time>
					</trkpt>
					<trkpt lat="46.016880" lon="6.898420">
						<ele>1568</ele>
						<time>2026-05-01T19:46:30Z</time>
					</trkpt>
					<trkpt lat="46.017380" lon="6.899010">
						<ele>1561</ele>
						<time>2026-05-01T19:47:56Z</time>
					</trkpt>
					<trkpt lat="46.017450" lon="6.899170">
						<ele>1558</ele>
						<time>2026-05-01T19:48:13Z</time>
					</trkpt>
					<trkpt lat="46.017470" lon="6.899450">
						<ele>1554</ele>
						<time>2026-05-01T19:48:39Z</time>
					</trkpt>
					<trkpt lat="46.017510" lon="6.899680">
						<ele>1551</ele>
						<time>2026-05-01T19:49:01Z</time>
					</trkpt>
					<trkpt lat="46.017560" lon="6.899780">
						<ele>1550</ele>
						<time>2026-05-01T19:49:13Z</time>
					</trkpt>
					<trkpt lat="46.017680" lon="6.900100">
						<ele>1547</ele>
						<time>2026-05-01T19:49:47Z</time>
					</trkpt>
					<trkpt lat="46.017710" lon="6.900290">
						<ele>1545</ele>
						<time>2026-05-01T19:50:05Z</time>
					</trkpt>
					<trkpt lat="46.017680" lon="6.900370">
						<ele>1544</ele>
						<time>2026-05-01T19:50:13Z</time>
					</trkpt>
					<trkpt lat="46.017730" lon="6.900710">
						<ele>1541</ele>
						<time>2026-05-01T19:50:45Z</time>
					</trkpt>
					<trkpt lat="46.017690" lon="6.900810">
						<ele>1539</ele>
						<time>2026-05-01T19:50:56Z</time>
					</trkpt>
					<trkpt lat="46.017710" lon="6.900870">
						<ele>1540</ele>
						<time>2026-05-01T19:51:02Z</time>
					</trkpt>
					<trkpt lat="46.017690" lon="6.900900">
						<ele>1540</ele>
						<time>2026-05-01T19:51:06Z</time>
					</trkpt>
					<trkpt lat="46.017640" lon="6.900970">
						<ele>1540</ele>
						<time>2026-05-01T19:51:15Z</time>
					</trkpt>
					<trkpt lat="46.017630" lon="6.900980">
						<ele>1540</ele>
						<time>2026-05-01T19:51:17Z</time>
					</trkpt>
					<trkpt lat="46.017740" lon="6.901240">
						<ele>1543</ele>
						<time>2026-05-01T19:51:45Z</time>
					</trkpt>
					<trkpt lat="46.017870" lon="6.901310">
						<ele>1543</ele>
						<time>2026-05-01T19:52:04Z</time>
					</trkpt>
					<trkpt lat="46.017950" lon="6.901530">
						<ele>1543</ele>
						<time>2026-05-01T19:52:27Z</time>
					</trkpt>
					<trkpt lat="46.018030" lon="6.901840">
						<ele>1541</ele>
						<time>2026-05-01T19:52:57Z</time>
					</trkpt>
					<trkpt lat="46.018200" lon="6.902090">
						<ele>1536</ele>
						<time>2026-05-01T19:53:30Z</time>
					</trkpt>
					<trkpt lat="46.018330" lon="6.902110">
						<ele>1531</ele>
						<time>2026-05-01T19:53:47Z</time>
					</trkpt>
					<trkpt lat="46.018380" lon="6.902220">
						<ele>1533</ele>
						<time>2026-05-01T19:53:59Z</time>
					</trkpt>
					<trkpt lat="46.018400" lon="6.902440">
						<ele>1532</ele>
						<time>2026-05-01T19:54:20Z</time>
					</trkpt>
					<trkpt lat="46.018360" lon="6.902550">
						<ele>1528</ele>
						<time>2026-05-01T19:54:31Z</time>
					</trkpt>
					<trkpt lat="46.018360" lon="6.902650">
						<ele>1527</ele>
						<time>2026-05-01T19:54:41Z</time>
					</trkpt>
					<trkpt lat="46.018280" lon="6.902950">
						<ele>1525</ele>
						<time>2026-05-01T19:55:10Z</time>
					</trkpt>
					<trkpt lat="46.018260" lon="6.902960">
						<ele>1527</ele>
						<time>2026-05-01T19:55:13Z</time>
					</trkpt>
					<trkpt lat="46.018220" lon="6.903010">
						<ele>1529</ele>
						<time>2026-05-01T19:55:20Z</time>
					</trkpt>
					<trkpt lat="46.018200" lon="6.903070">
						<ele>1530</ele>
						<time>2026-05-01T19:55:27Z</time>
					</trkpt>
					<trkpt lat="46.018220" lon="6.903200">
						<ele>1528</ele>
						<time>2026-05-01T19:55:39Z</time>
					</trkpt>
					<trkpt lat="46.018230" lon="6.903650">
						<ele>1528</ele>
						<time>2026-05-01T19:56:21Z</time>
					</trkpt>
					<trkpt lat="46.018270" lon="6.903840">
						<ele>1526</ele>
						<time>2026-05-01T19:56:39Z</time>
					</trkpt>
					<trkpt lat="46.018250" lon="6.903930">
						<ele>1528</ele>
						<time>2026-05-01T19:56:48Z</time>
					</trkpt>
					<trkpt lat="46.018320" lon="6.904140">
						<ele>1523</ele>
						<time>2026-05-01T19:57:09Z</time>
					</trkpt>
					<trkpt lat="46.018530" lon="6.904580">
						<ele>1531</ele>
						<time>2026-05-01T19:57:59Z</time>
					</trkpt>
					<trkpt lat="46.018570" lon="6.904860">
						<ele>1533</ele>
						<time>2026-05-01T19:58:25Z</time>
					</trkpt>
					<trkpt lat="46.018650" lon="6.905170">
						<ele>1534</ele>
						<time>2026-05-01T19:58:56Z</time>
					</trkpt>
					<trkpt lat="46.018670" lon="6.905560">
						<ele>1535</ele>
						<time>2026-05-01T19:59:32Z</time>
					</trkpt>
					<trkpt lat="46.018700" lon="6.905630">
						<ele>1534</ele>
						<time>2026-05-01T19:59:40Z</time>
					</trkpt>
					<trkpt lat="46.018710" lon="6.905780">
						<ele>1533</ele>
						<time>2026-05-01T19:59:54Z</time>
					</trkpt>
					<trkpt lat="46.018750" lon="6.905990">
						<ele>1532</ele>
						<time>2026-05-01T20:00:14Z</time>
					</trkpt>
					<trkpt lat="46.018790" lon="6.906260">
						<ele>1531</ele>
						<time>2026-05-01T20:00:40Z</time>
					</trkpt>
					<trkpt lat="46.018900" lon="6.906500">
						<ele>1525</ele>
						<time>2026-05-01T20:01:06Z</time>
					</trkpt>
					<trkpt lat="46.018940" lon="6.906550">
						<ele>1522</ele>
						<time>2026-05-01T20:01:13Z</time>
					</trkpt>
					<trkpt lat="46.019020" lon="6.906800">
						<ele>1517</ele>
						<time>2026-05-01T20:01:39Z</time>
					</trkpt>
					<trkpt lat="46.019020" lon="6.906890">
						<ele>1517</ele>
						<time>2026-05-01T20:01:47Z</time>
					</trkpt>
					<trkpt lat="46.019040" lon="6.906990">
						<ele>1516</ele>
						<time>2026-05-01T20:01:57Z</time>
					</trkpt>
					<trkpt lat="46.019050" lon="6.907270">
						<ele>1515</ele>
						<time>2026-05-01T20:02:23Z</time>
					</trkpt>
					<trkpt lat="46.019100" lon="6.907380">
						<ele>1511</ele>
						<time>2026-05-01T20:02:35Z</time>
					</trkpt>
					<trkpt lat="46.019250" lon="6.907520">
						<ele>1507</ele>
						<time>2026-05-01T20:02:59Z</time>
					</trkpt>
					<trkpt lat="46.019300" lon="6.907610">
						<ele>1507</ele>
						<time>2026-05-01T20:03:09Z</time>
					</trkpt>
					<trkpt lat="46.019410" lon="6.907920">
						<ele>1508</ele>
						<time>2026-05-01T20:03:42Z</time>
					</trkpt>
					<trkpt lat="46.019420" lon="6.908140">
						<ele>1508</ele>
						<time>2026-05-01T20:04:02Z</time>
					</trkpt>
					<trkpt lat="46.019460" lon="6.908340">
						<ele>1509</ele>
						<time>2026-05-01T20:04:21Z</time>
					</trkpt>
					<trkpt lat="46.019470" lon="6.908460">
						<ele>1508</ele>
						<time>2026-05-01T20:04:33Z</time>
					</trkpt>
					<trkpt lat="46.019430" lon="6.908610">
						<ele>1508</ele>
						<time>2026-05-01T20:04:48Z</time>
					</trkpt>
					<trkpt lat="46.019350" lon="6.908760">
						<ele>1508</ele>
						<time>2026-05-01T20:05:05Z</time>
					</trkpt>
					<trkpt lat="46.019340" lon="6.908910">
						<ele>1508</ele>
						<time>2026-05-01T20:05:19Z</time>
					</trkpt>
					<trkpt lat="46.019410" lon="6.909210">
						<ele>1506</ele>
						<time>2026-05-01T20:05:48Z</time>
					</trkpt>
					<trkpt lat="46.019470" lon="6.909390">
						<ele>1503</ele>
						<time>2026-05-01T20:06:07Z</time>
					</trkpt>
					<trkpt lat="46.019500" lon="6.909420">
						<ele>1502</ele>
						<time>2026-05-01T20:06:12Z</time>
					</trkpt>
					<trkpt lat="46.019510" lon="6.909480">
						<ele>1501</ele>
						<time>2026-05-01T20:06:17Z</time>
					</trkpt>
					<trkpt lat="46.019560" lon="6.909840">
						<ele>1495</ele>
						<time>2026-05-01T20:06:51Z</time>
					</trkpt>
					<trkpt lat="46.019540" lon="6.909990">
						<ele>1493</ele>
						<time>2026-05-01T20:07:06Z</time>
					</trkpt>
					<trkpt lat="46.019560" lon="6.910150">
						<ele>1490</ele>
						<time>2026-05-01T20:07:21Z</time>
					</trkpt>
					<trkpt lat="46.019540" lon="6.910240">
						<ele>1489</ele>
						<time>2026-05-01T20:07:29Z</time>
					</trkpt>
					<trkpt lat="46.019560" lon="6.910450">
						<ele>1485</ele>
						<time>2026-05-01T20:07:49Z</time>
					</trkpt>
					<trkpt lat="46.019620" lon="6.910550">
						<ele>1482</ele>
						<time>2026-05-01T20:08:01Z</time>
					</trkpt>
					<trkpt lat="46.019670" lon="6.910730">
						<ele>1478</ele>
						<time>2026-05-01T20:08:19Z</time>
					</trkpt>
					<trkpt lat="46.019780" lon="6.910950">
						<ele>1471</ele>
						<time>2026-05-01T20:08:44Z</time>
					</trkpt>
					<trkpt lat="46.019780" lon="6.911140">
						<ele>1466</ele>
						<time>2026-05-01T20:09:02Z</time>
					</trkpt>
					<trkpt lat="46.019750" lon="6.911260">
						<ele>1464</ele>
						<time>2026-05-01T20:09:14Z</time>
					</trkpt>
					<trkpt lat="46.019770" lon="6.911380">
						<ele>1461</ele>
						<time>2026-05-01T20:09:25Z</time>
					</trkpt>
					<trkpt lat="46.019770" lon="6.911760">
						<ele>1452</ele>
						<time>2026-05-01T20:10:00Z</time>
					</trkpt>
					<trkpt lat="46.019810" lon="6.912070">
						<ele>1443</ele>
						<time>2026-05-01T20:10:30Z</time>
					</trkpt>
					<trkpt lat="46.019800" lon="6.912120">
						<ele>1442</ele>
						<time>2026-05-01T20:10:35Z</time>
					</trkpt>
					<trkpt lat="46.019700" lon="6.912270">
						<ele>1440</ele>
						<time>2026-05-01T20:10:54Z</time>
					</trkpt>
					<trkpt lat="46.019660" lon="6.912350">
						<ele>1439</ele>
						<time>2026-05-01T20:11:03Z</time>
					</trkpt>
					<trkpt lat="46.019640" lon="6.912750">
						<ele>1429</ele>
						<time>2026-05-01T20:11:40Z</time>
					</trkpt>
					<trkpt lat="46.019700" lon="6.912840">
						<ele>1426</ele>
						<time>2026-05-01T20:11:52Z</time>
					</trkpt>
					<trkpt lat="46.019670" lon="6.912880">
						<ele>1426</ele>
						<time>2026-05-01T20:11:57Z</time>
					</trkpt>
					<trkpt lat="46.019600" lon="6.912910">
						<ele>1426</ele>
						<time>2026-05-01T20:12:07Z</time>
					</trkpt>
					<trkpt lat="46.019370" lon="6.912880">
						<ele>1431</ele>
						<time>2026-05-01T20:12:38Z</time>
					</trkpt>
					<trkpt lat="46.019250" lon="6.912930">
						<ele>1431</ele>
						<time>2026-05-01T20:12:54Z</time>
					</trkpt>
					<trkpt lat="46.019150" lon="6.913030">
						<ele>1430</ele>
						<time>2026-05-01T20:13:11Z</time>
					</trkpt>
					<trkpt lat="46.018960" lon="6.913060">
						<ele>1431</ele>
						<time>2026-05-01T20:13:36Z</time>
					</trkpt>
					<trkpt lat="46.018820" lon="6.913130">
						<ele>1430</ele>
						<time>2026-05-01T20:13:56Z</time>
					</trkpt>
					<trkpt lat="46.018700" lon="6.913210">
						<ele>1428</ele>
						<time>2026-05-01T20:14:14Z</time>
					</trkpt>
					<trkpt lat="46.018570" lon="6.913220">
						<ele>1428</ele>
						<time>2026-05-01T20:14:31Z</time>
					</trkpt>
					<trkpt lat="46.018470" lon="6.913130">
						<ele>1432</ele>
						<time>2026-05-01T20:14:47Z</time>
					</trkpt>
					<trkpt lat="46.018400" lon="6.913100">
						<ele>1433</ele>
						<time>2026-05-01T20:14:56Z</time>
					</trkpt>
					<trkpt lat="46.018300" lon="6.913130">
						<ele>1433</ele>
						<time>2026-05-01T20:15:10Z</time>
					</trkpt>
					<trkpt lat="46.018470" lon="6.913240">
						<ele>1428</ele>
						<time>2026-05-01T20:15:35Z</time>
					</trkpt>
					<trkpt lat="46.018560" lon="6.913450">
						<ele>1422</ele>
						<time>2026-05-01T20:15:58Z</time>
					</trkpt>
					<trkpt lat="46.018670" lon="6.913510">
						<ele>1419</ele>
						<time>2026-05-01T20:16:13Z</time>
					</trkpt>
					<trkpt lat="46.018710" lon="6.913690">
						<ele>1414</ele>
						<time>2026-05-01T20:16:31Z</time>
					</trkpt>
					<trkpt lat="46.018860" lon="6.913670">
						<ele>1414</ele>
						<time>2026-05-01T20:16:51Z</time>
					</trkpt>
					<trkpt lat="46.019010" lon="6.913810">
						<ele>1409</ele>
						<time>2026-05-01T20:17:15Z</time>
					</trkpt>
					<trkpt lat="46.019030" lon="6.913860">
						<ele>1407</ele>
						<time>2026-05-01T20:17:20Z</time>
					</trkpt>
					<trkpt lat="46.019090" lon="6.913880">
						<ele>1406</ele>
						<time>2026-05-01T20:17:28Z</time>
					</trkpt>
					<trkpt lat="46.019200" lon="6.914100">
						<ele>1399</ele>
						<time>2026-05-01T20:17:54Z</time>
					</trkpt>
					<trkpt lat="46.019190" lon="6.914190">
						<ele>1396</ele>
						<time>2026-05-01T20:18:02Z</time>
					</trkpt>
					<trkpt lat="46.019090" lon="6.914290">
						<ele>1394</ele>
						<time>2026-05-01T20:18:18Z</time>
					</trkpt>
					<trkpt lat="46.019080" lon="6.914350">
						<ele>1393</ele>
						<time>2026-05-01T20:18:24Z</time>
					</trkpt>
					<trkpt lat="46.019070" lon="6.914520">
						<ele>1388</ele>
						<time>2026-05-01T20:18:40Z</time>
					</trkpt>
					<trkpt lat="46.019080" lon="6.914620">
						<ele>1386</ele>
						<time>2026-05-01T20:18:49Z</time>
					</trkpt>
					<trkpt lat="46.019150" lon="6.914830">
						<ele>1380</ele>
						<time>2026-05-01T20:19:11Z</time>
					</trkpt>
					<trkpt lat="46.019360" lon="6.914840">
						<ele>1378</ele>
						<time>2026-05-01T20:19:39Z</time>
					</trkpt>
					<trkpt lat="46.019360" lon="6.915130">
						<ele>1372</ele>
						<time>2026-05-01T20:20:06Z</time>
					</trkpt>
					<trkpt lat="46.019310" lon="6.915700">
						<ele>1365</ele>
						<time>2026-05-01T20:20:59Z</time>
					</trkpt>
					<trkpt lat="46.019270" lon="6.915910">
						<ele>1363</ele>
						<time>2026-05-01T20:21:19Z</time>
					</trkpt>
					<trkpt lat="46.018960" lon="6.916440">
						<ele>1361</ele>
						<time>2026-05-01T20:22:23Z</time>
					</trkpt>
					<trkpt lat="46.018890" lon="6.916600">
						<ele>1361</ele>
						<time>2026-05-01T20:22:41Z</time>
					</trkpt>
					<trkpt lat="46.018770" lon="6.917090">
						<ele>1357</ele>
						<time>2026-05-01T20:23:29Z</time>
					</trkpt>
					<trkpt lat="46.018700" lon="6.917240">
						<ele>1357</ele>
						<time>2026-05-01T20:23:46Z</time>
					</trkpt>
					<trkpt lat="46.018680" lon="6.917440">
						<ele>1355</ele>
						<time>2026-05-01T20:24:04Z</time>
					</trkpt>
					<trkpt lat="46.018700" lon="6.917550">
						<ele>1355</ele>
						<time>2026-05-01T20:24:15Z</time>
					</trkpt>
					<trkpt lat="46.018820" lon="6.917880">
						<ele>1353</ele>
						<time>2026-05-01T20:24:49Z</time>
					</trkpt>
					<trkpt lat="46.018770" lon="6.918160">
						<ele>1353</ele>
						<time>2026-05-01T20:25:16Z</time>
					</trkpt>
					<trkpt lat="46.018730" lon="6.918360">
						<ele>1353</ele>
						<time>2026-05-01T20:25:36Z</time>
					</trkpt>
					<trkpt lat="46.018900" lon="6.918560">
						<ele>1351</ele>
						<time>2026-05-01T20:26:05Z</time>
					</trkpt>
					<trkpt lat="46.019000" lon="6.918830">
						<ele>1349</ele>
						<time>2026-05-01T20:26:33Z</time>
					</trkpt>
					<trkpt lat="46.019180" lon="6.919170">
						<ele>1346</ele>
						<time>2026-05-01T20:27:13Z</time>
					</trkpt>
					<trkpt lat="46.019280" lon="6.919250">
						<ele>1345</ele>
						<time>2026-05-01T20:27:28Z</time>
					</trkpt>
					<trkpt lat="46.019310" lon="6.919310">
						<ele>1344</ele>
						<time>2026-05-01T20:27:35Z</time>
					</trkpt>
					<trkpt lat="46.019380" lon="6.919440">
						<ele>1344</ele>
						<time>2026-05-01T20:27:50Z</time>
					</trkpt>
					<trkpt lat="46.019440" lon="6.919480">
						<ele>1343</ele>
						<time>2026-05-01T20:27:59Z</time>
					</trkpt>
					<trkpt lat="46.019440" lon="6.919550">
						<ele>1343</ele>
						<time>2026-05-01T20:28:06Z</time>
					</trkpt>
					<trkpt lat="46.019460" lon="6.919840">
						<ele>1342</ele>
						<time>2026-05-01T20:28:33Z</time>
					</trkpt>
					<trkpt lat="46.019300" lon="6.919890">
						<ele>1343</ele>
						<time>2026-05-01T20:28:54Z</time>
					</trkpt>
					<trkpt lat="46.019230" lon="6.920000">
						<ele>1343</ele>
						<time>2026-05-01T20:29:08Z</time>
					</trkpt>
					<trkpt lat="46.019250" lon="6.920140">
						<ele>1344</ele>
						<time>2026-05-01T20:29:21Z</time>
					</trkpt>
					<trkpt lat="46.019290" lon="6.920190">
						<ele>1344</ele>
						<time>2026-05-01T20:29:29Z</time>
					</trkpt>
					<trkpt lat="46.019730" lon="6.920390">
						<ele>1341</ele>
						<time>2026-05-01T20:30:30Z</time>
					</trkpt>
					<trkpt lat="46.020080" lon="6.920670">
						<ele>1338</ele>
						<time>2026-05-01T20:31:24Z</time>
					</trkpt>
					<trkpt lat="46.020370" lon="6.920970">
						<ele>1336</ele>
						<time>2026-05-01T20:32:11Z</time>
					</trkpt>
					<trkpt lat="46.020060" lon="6.921520">
						<ele>1339</ele>
						<time>2026-05-01T20:33:17Z</time>
					</trkpt>
					<trkpt lat="46.019860" lon="6.921890">
						<ele>1345</ele>
						<time>2026-05-01T20:34:00Z</time>
					</trkpt>
					<trkpt lat="46.019720" lon="6.921860">
						<ele>1347</ele>
						<time>2026-05-01T20:34:19Z</time>
					</trkpt>
					<trkpt lat="46.019600" lon="6.921710">
						<ele>1347</ele>
						<time>2026-05-01T20:34:40Z</time>
					</trkpt>
					<trkpt lat="46.019480" lon="6.921510">
						<ele>1348</ele>
						<time>2026-05-01T20:35:05Z</time>
					</trkpt>
					<trkpt lat="46.019320" lon="6.921370">
						<ele>1349</ele>
						<time>2026-05-01T20:35:30Z</time>
					</trkpt>
					<trkpt lat="46.018980" lon="6.921010">
						<ele>1351</ele>
						<time>2026-05-01T20:36:26Z</time>
					</trkpt>
					<trkpt lat="46.018940" lon="6.921000">
						<ele>1351</ele>
						<time>2026-05-01T20:36:32Z</time>
					</trkpt>
					<trkpt lat="46.018920" lon="6.921010">
						<ele>1352</ele>
						<time>2026-05-01T20:36:34Z</time>
					</trkpt>
					<trkpt lat="46.018830" lon="6.921040">
						<ele>1353</ele>
						<time>2026-05-01T20:36:47Z</time>
					</trkpt>
					<trkpt lat="46.018630" lon="6.920900">
						<ele>1354</ele>
						<time>2026-05-01T20:37:16Z</time>
					</trkpt>
					<trkpt lat="46.018400" lon="6.920830">
						<ele>1355</ele>
						<time>2026-05-01T20:37:48Z</time>
					</trkpt>
					<trkpt lat="46.018250" lon="6.920810">
						<ele>1356</ele>
						<time>2026-05-01T20:38:08Z</time>
					</trkpt>
					<trkpt lat="46.018000" lon="6.920850">
						<ele>1358</ele>
						<time>2026-05-01T20:38:41Z</time>
					</trkpt>
					<trkpt lat="46.017790" lon="6.920950">
						<ele>1361</ele>
						<time>2026-05-01T20:39:11Z</time>
					</trkpt>
					<trkpt lat="46.017480" lon="6.920970">
						<ele>1363</ele>
						<time>2026-05-01T20:39:52Z</time>
					</trkpt>
					<trkpt lat="46.017110" lon="6.920950">
						<ele>1366</ele>
						<time>2026-05-01T20:40:42Z</time>
					</trkpt>
					<trkpt lat="46.016940" lon="6.920870">
						<ele>1366</ele>
						<time>2026-05-01T20:41:06Z</time>
					</trkpt>
					<trkpt lat="46.016690" lon="6.920680">
						<ele>1366</ele>
						<time>2026-05-01T20:41:43Z</time>
					</trkpt>
					<trkpt lat="46.016550" lon="6.920680">
						<ele>1366</ele>
						<time>2026-05-01T20:42:02Z</time>
					</trkpt>
					<trkpt lat="46.016430" lon="6.920700">
						<ele>1367</ele>
						<time>2026-05-01T20:42:18Z</time>
					</trkpt>
					<trkpt lat="46.016270" lon="6.920760">
						<ele>1367</ele>
						<time>2026-05-01T20:42:40Z</time>
					</trkpt>
					<trkpt lat="46.016140" lon="6.920840">
						<ele>1367</ele>
						<time>2026-05-01T20:42:59Z</time>
					</trkpt>
					<trkpt lat="46.015820" lon="6.921090">
						<ele>1371</ele>
						<time>2026-05-01T20:43:48Z</time>
					</trkpt>
					<trkpt lat="46.015490" lon="6.921420">
						<ele>1373</ele>
						<time>2026-05-01T20:44:41Z</time>
					</trkpt>
					<trkpt lat="46.015310" lon="6.921680">
						<ele>1375</ele>
						<time>2026-05-01T20:45:15Z</time>
					</trkpt>
					<trkpt lat="46.015100" lon="6.921860">
						<ele>1376</ele>
						<time>2026-05-01T20:45:48Z</time>
					</trkpt>
					<trkpt lat="46.014900" lon="6.921970">
						<ele>1377</ele>
						<time>2026-05-01T20:46:16Z</time>
					</trkpt>
					<trkpt lat="46.014750" lon="6.922000">
						<ele>1377</ele>
						<time>2026-05-01T20:46:37Z</time>
					</trkpt>
					<trkpt lat="46.014610" lon="6.921980">
						<ele>1377</ele>
						<time>2026-05-01T20:46:55Z</time>
					</trkpt>
					<trkpt lat="46.014200" lon="6.921990">
						<ele>1378</ele>
						<time>2026-05-01T20:47:50Z</time>
					</trkpt>
					<trkpt lat="46.014150" lon="6.921990">
						<ele>1379</ele>
						<time>2026-05-01T20:47:57Z</time>
					</trkpt>
					<trkpt lat="46.014040" lon="6.922120">
						<ele>1381</ele>
						<time>2026-05-01T20:48:16Z</time>
					</trkpt>
					<trkpt lat="46.013620" lon="6.922450">
						<ele>1385</ele>
						<time>2026-05-01T20:49:20Z</time>
					</trkpt>
					<trkpt lat="46.012820" lon="6.922990">
						<ele>1393</ele>
						<time>2026-05-01T20:51:18Z</time>
					</trkpt>
					<trkpt lat="46.012650" lon="6.923350">
						<ele>1396</ele>
						<time>2026-05-01T20:51:58Z</time>
					</trkpt>
					<trkpt lat="46.012330" lon="6.923810">
						<ele>1403</ele>
						<time>2026-05-01T20:52:58Z</time>
					</trkpt>
					<trkpt lat="46.012100" lon="6.924100">
						<ele>1407</ele>
						<time>2026-05-01T20:53:39Z</time>
					</trkpt>
					<trkpt lat="46.011870" lon="6.924280">
						<ele>1410</ele>
						<time>2026-05-01T20:54:14Z</time>
					</trkpt>
					<trkpt lat="46.011450" lon="6.924280">
						<ele>1410</ele>
						<time>2026-05-01T20:55:10Z</time>
					</trkpt>
					<trkpt lat="46.011340" lon="6.924310">
						<ele>1411</ele>
						<time>2026-05-01T20:55:25Z</time>
					</trkpt>
					<trkpt lat="46.011130" lon="6.924450">
						<ele>1415</ele>
						<time>2026-05-01T20:55:56Z</time>
					</trkpt>
					<trkpt lat="46.010820" lon="6.924470">
						<ele>1416</ele>
						<time>2026-05-01T20:56:37Z</time>
					</trkpt>
					<trkpt lat="46.010730" lon="6.924440">
						<ele>1416</ele>
						<time>2026-05-01T20:56:50Z</time>
					</trkpt>
					<trkpt lat="46.010550" lon="6.924290">
						<ele>1414</ele>
						<time>2026-05-01T20:57:17Z</time>
					</trkpt>
					<trkpt lat="46.010440" lon="6.924250">
						<ele>1414</ele>
						<time>2026-05-01T20:57:33Z</time>
					</trkpt>
					<trkpt lat="46.010250" lon="6.924230">
						<ele>1414</ele>
						<time>2026-05-01T20:57:58Z</time>
					</trkpt>
					<trkpt lat="46.009910" lon="6.924270">
						<ele>1416</ele>
						<time>2026-05-01T20:58:43Z</time>
					</trkpt>
					<trkpt lat="46.009780" lon="6.924260">
						<ele>1416</ele>
						<time>2026-05-01T20:59:01Z</time>
					</trkpt>
					<trkpt lat="46.009700" lon="6.924280">
						<ele>1417</ele>
						<time>2026-05-01T20:59:12Z</time>
					</trkpt>
					<trkpt lat="46.009500" lon="6.924400">
						<ele>1418</ele>
						<time>2026-05-01T20:59:41Z</time>
					</trkpt>
					<trkpt lat="46.009120" lon="6.924470">
						<ele>1419</ele>
						<time>2026-05-01T21:00:32Z</time>
					</trkpt>
					<trkpt lat="46.008960" lon="6.924480">
						<ele>1421</ele>
						<time>2026-05-01T21:00:53Z</time>
					</trkpt>
					<trkpt lat="46.008910" lon="6.924470">
						<ele>1421</ele>
						<time>2026-05-01T21:01:00Z</time>
					</trkpt>
					<trkpt lat="46.008680" lon="6.924440">
						<ele>1422</ele>
						<time>2026-05-01T21:01:31Z</time>
					</trkpt>
					<trkpt lat="46.008460" lon="6.924250">
						<ele>1423</ele>
						<time>2026-05-01T21:02:05Z</time>
					</trkpt>
					<trkpt lat="46.007910" lon="6.924030">
						<ele>1426</ele>
						<time>2026-05-01T21:03:21Z</time>
					</trkpt>
					<trkpt lat="46.007650" lon="6.923890">
						<ele>1428</ele>
						<time>2026-05-01T21:03:58Z</time>
					</trkpt>
					<trkpt lat="46.007430" lon="6.923740">
						<ele>1430</ele>
						<time>2026-05-01T21:04:31Z</time>
					</trkpt>
					<trkpt lat="46.007140" lon="6.923430">
						<ele>1434</ele>
						<time>2026-05-01T21:05:19Z</time>
					</trkpt>
					<trkpt lat="46.006880" lon="6.923400">
						<ele>1437</ele>
						<time>2026-05-01T21:05:54Z</time>
					</trkpt>
					<trkpt lat="46.006800" lon="6.923410">
						<ele>1438</ele>
						<time>2026-05-01T21:06:04Z</time>
					</trkpt>
					<trkpt lat="46.006590" lon="6.923310">
						<ele>1440</ele>
						<time>2026-05-01T21:06:34Z</time>
					</trkpt>
					<trkpt lat="46.006440" lon="6.923260">
						<ele>1442</ele>
						<time>2026-05-01T21:06:54Z</time>
					</trkpt>
					<trkpt lat="46.006230" lon="6.923290">
						<ele>1443</ele>
						<time>2026-05-01T21:07:23Z</time>
					</trkpt>
					<trkpt lat="46.006100" lon="6.923340">
						<ele>1444</ele>
						<time>2026-05-01T21:07:40Z</time>
					</trkpt>
					<trkpt lat="46.005970" lon="6.923500">
						<ele>1445</ele>
						<time>2026-05-01T21:08:03Z</time>
					</trkpt>
					<trkpt lat="46.005860" lon="6.923670">
						<ele>1447</ele>
						<time>2026-05-01T21:08:25Z</time>
					</trkpt>
					<trkpt lat="46.005790" lon="6.923840">
						<ele>1448</ele>
						<time>2026-05-01T21:08:43Z</time>
					</trkpt>
					<trkpt lat="46.005580" lon="6.924440">
						<ele>1456</ele>
						<time>2026-05-01T21:09:45Z</time>
					</trkpt>
					<trkpt lat="46.005530" lon="6.924530">
						<ele>1458</ele>
						<time>2026-05-01T21:09:56Z</time>
					</trkpt>
					<trkpt lat="46.005480" lon="6.924580">
						<ele>1459</ele>
						<time>2026-05-01T21:10:04Z</time>
					</trkpt>
					<trkpt lat="46.005430" lon="6.924610">
						<ele>1460</ele>
						<time>2026-05-01T21:10:11Z</time>
					</trkpt>
					<trkpt lat="46.005370" lon="6.924610">
						<ele>1461</ele>
						<time>2026-05-01T21:10:19Z</time>
					</trkpt>
					<trkpt lat="46.005200" lon="6.924570">
						<ele>1463</ele>
						<time>2026-05-01T21:10:42Z</time>
					</trkpt>
					<trkpt lat="46.004800" lon="6.924360">
						<ele>1466</ele>
						<time>2026-05-01T21:11:39Z</time>
					</trkpt>
					<trkpt lat="46.004490" lon="6.924190">
						<ele>1467</ele>
						<time>2026-05-01T21:12:24Z</time>
					</trkpt>
					<trkpt lat="46.004390" lon="6.924110">
						<ele>1468</ele>
						<time>2026-05-01T21:12:39Z</time>
					</trkpt>
					<trkpt lat="46.004200" lon="6.923920">
						<ele>1470</ele>
						<time>2026-05-01T21:13:10Z</time>
					</trkpt>
					<trkpt lat="46.004170" lon="6.923960">
						<ele>1471</ele>
						<time>2026-05-01T21:13:15Z</time>
					</trkpt>
					<trkpt lat="46.003940" lon="6.923740">
						<ele>1468</ele>
						<time>2026-05-01T21:13:52Z</time>
					</trkpt>
					<trkpt lat="46.003780" lon="6.923670">
						<ele>1467</ele>
						<time>2026-05-01T21:14:14Z</time>
					</trkpt>
					<trkpt lat="46.003690" lon="6.923670">
						<ele>1466</ele>
						<time>2026-05-01T21:14:26Z</time>
					</trkpt>
					<trkpt lat="46.002980" lon="6.923750">
						<ele>1464</ele>
						<time>2026-05-01T21:16:01Z</time>
					</trkpt>
					<trkpt lat="46.002800" lon="6.923730">
						<ele>1463</ele>
						<time>2026-05-01T21:16:25Z</time>
					</trkpt>
					<trkpt lat="46.002510" lon="6.923670">
						<ele>1460</ele>
						<time>2026-05-01T21:17:05Z</time>
					</trkpt>
					<trkpt lat="46.002360" lon="6.923690">
						<ele>1460</ele>
						<time>2026-05-01T21:17:25Z</time>
					</trkpt>
					<trkpt lat="46.001890" lon="6.923820">
						<ele>1460</ele>
						<time>2026-05-01T21:18:29Z</time>
					</trkpt>
					<trkpt lat="46.001770" lon="6.923850">
						<ele>1460</ele>
						<time>2026-05-01T21:18:45Z</time>
					</trkpt>
					<trkpt lat="46.001490" lon="6.923900">
						<ele>1459</ele>
						<time>2026-05-01T21:19:22Z</time>
					</trkpt>
					<trkpt lat="46.000710" lon="6.924110">
						<ele>1453</ele>
						<time>2026-05-01T21:21:08Z</time>
					</trkpt>
					<trkpt lat="46.000150" lon="6.924240">
						<ele>1447</ele>
						<time>2026-05-01T21:22:24Z</time>
					</trkpt>
					<trkpt lat="45.999500" lon="6.924110">
						<ele>1444</ele>
						<time>2026-05-01T21:23:52Z</time>
					</trkpt>
					<trkpt lat="45.999400" lon="6.924130">
						<ele>1444</ele>
						<time>2026-05-01T21:24:05Z</time>
					</trkpt>
					<trkpt lat="45.999210" lon="6.924260">
						<ele>1447</ele>
						<time>2026-05-01T21:24:33Z</time>
					</trkpt>
					<trkpt lat="45.999120" lon="6.924240">
						<ele>1446</ele>
						<time>2026-05-01T21:24:45Z</time>
					</trkpt>
					<trkpt lat="45.999020" lon="6.924170">
						<ele>1444</ele>
						<time>2026-05-01T21:25:00Z</time>
					</trkpt>
					<trkpt lat="45.998810" lon="6.924310">
						<ele>1445</ele>
						<time>2026-05-01T21:25:31Z</time>
					</trkpt>
					<trkpt lat="45.998680" lon="6.924370">
						<ele>1445</ele>
						<time>2026-05-01T21:25:49Z</time>
					</trkpt>
					<trkpt lat="45.998530" lon="6.924420">
						<ele>1444</ele>
						<time>2026-05-01T21:26:10Z</time>
					</trkpt>
					<trkpt lat="45.998390" lon="6.924610">
						<ele>1443</ele>
						<time>2026-05-01T21:26:35Z</time>
					</trkpt>
					<trkpt lat="45.998250" lon="6.924930">
						<ele>1443</ele>
						<time>2026-05-01T21:27:11Z</time>
					</trkpt>
					<trkpt lat="45.997810" lon="6.925700">
						<ele>1439</ele>
						<time>2026-05-01T21:28:43Z</time>
					</trkpt>
					<trkpt lat="45.997650" lon="6.925900">
						<ele>1434</ele>
						<time>2026-05-01T21:29:11Z</time>
					</trkpt>
					<trkpt lat="45.997620" lon="6.925880">
						<ele>1433</ele>
						<time>2026-05-01T21:29:16Z</time>
					</trkpt>
					<trkpt lat="45.997420" lon="6.926110">
						<ele>1429</ele>
						<time>2026-05-01T21:29:50Z</time>
					</trkpt>
					<trkpt lat="45.997250" lon="6.926260">
						<ele>1428</ele>
						<time>2026-05-01T21:30:16Z</time>
					</trkpt>
					<trkpt lat="45.997120" lon="6.926340">
						<ele>1426</ele>
						<time>2026-05-01T21:30:35Z</time>
					</trkpt>
					<trkpt lat="45.996960" lon="6.926410">
						<ele>1424</ele>
						<time>2026-05-01T21:30:58Z</time>
					</trkpt>
					<trkpt lat="45.996670" lon="6.926720">
						<ele>1419</ele>
						<time>2026-05-01T21:31:46Z</time>
					</trkpt>
					<trkpt lat="45.996630" lon="6.926850">
						<ele>1418</ele>
						<time>2026-05-01T21:31:59Z</time>
					</trkpt>
					<trkpt lat="45.996450" lon="6.927050">
						<ele>1416</ele>
						<time>2026-05-01T21:32:29Z</time>
					</trkpt>
					<trkpt lat="45.996240" lon="6.927140">
						<ele>1414</ele>
						<time>2026-05-01T21:32:59Z</time>
					</trkpt>
					<trkpt lat="45.996090" lon="6.927180">
						<ele>1412</ele>
						<time>2026-05-01T21:33:19Z</time>
					</trkpt>
					<trkpt lat="45.995990" lon="6.927280">
						<ele>1410</ele>
						<time>2026-05-01T21:33:35Z</time>
					</trkpt>
					<trkpt lat="45.995280" lon="6.927700">
						<ele>1404</ele>
						<time>2026-05-01T21:35:18Z</time>
					</trkpt>
					<trkpt lat="45.995180" lon="6.927700">
						<ele>1404</ele>
						<time>2026-05-01T21:35:31Z</time>
					</trkpt>
					<trkpt lat="45.995100" lon="6.927652">
						<ele>1404</ele>
						<time>2026-05-01T21:35:43Z</time>
					</trkpt>
					<trkpt lat="45.995030" lon="6.927610">
						<ele>1404</ele>
						<time>2026-05-01T21:35:53Z</time>
					</trkpt>
					<trkpt lat="45.995133" lon="6.927672">
						<ele>1404</ele>
						<time>2026-05-01T21:36:07Z</time>
					</trkpt>
					<trkpt lat="45.995180" lon="6.927700">
						<ele>1404</ele>
						<time>2026-05-01T21:36:14Z</time>
					</trkpt>
					<trkpt lat="45.995226" lon="6.927700">
						<ele>1404</ele>
						<time>2026-05-01T21:36:20Z</time>
					</trkpt>
					<trkpt lat="45.995280" lon="6.927700">
						<ele>1404</ele>
						<time>2026-05-01T21:36:28Z</time>
					</trkpt>
					<trkpt lat="45.995990" lon="6.927280">
						<ele>1410</ele>
						<time>2026-05-01T21:38:10Z</time>
					</trkpt>
					<trkpt lat="45.996090" lon="6.927180">
						<ele>1412</ele>
						<time>2026-05-01T21:38:26Z</time>
					</trkpt>
					<trkpt lat="45.996240" lon="6.927140">
						<ele>1414</ele>
						<time>2026-05-01T21:38:47Z</time>
					</trkpt>
					<trkpt lat="45.996450" lon="6.927050">
						<ele>1416</ele>
						<time>2026-05-01T21:39:16Z</time>
					</trkpt>
					<trkpt lat="45.996630" lon="6.926850">
						<ele>1418</ele>
						<time>2026-05-01T21:39:46Z</time>
					</trkpt>
					<trkpt lat="45.996670" lon="6.926720">
						<ele>1419</ele>
						<time>2026-05-01T21:39:59Z</time>
					</trkpt>
					<trkpt lat="45.996960" lon="6.926410">
						<ele>1424</ele>
						<time>2026-05-01T21:40:48Z</time>
					</trkpt>
					<trkpt lat="45.996750" lon="6.926460">
						<ele>1421</ele>
						<time>2026-05-01T21:41:16Z</time>
					</trkpt>
					<trkpt lat="45.996620" lon="6.926390">
						<ele>1421</ele>
						<time>2026-05-01T21:41:35Z</time>
					</trkpt>
					<trkpt lat="45.996410" lon="6.926150">
						<ele>1426</ele>
						<time>2026-05-01T21:42:10Z</time>
					</trkpt>
					<trkpt lat="45.996340" lon="6.926110">
						<ele>1428</ele>
						<time>2026-05-01T21:42:20Z</time>
					</trkpt>
					<trkpt lat="45.996250" lon="6.926150">
						<ele>1428</ele>
						<time>2026-05-01T21:42:33Z</time>
					</trkpt>
					<trkpt lat="45.996020" lon="6.926340">
						<ele>1428</ele>
						<time>2026-05-01T21:43:08Z</time>
					</trkpt>
					<trkpt lat="45.995750" lon="6.926430">
						<ele>1428</ele>
						<time>2026-05-01T21:43:45Z</time>
					</trkpt>
					<trkpt lat="45.995380" lon="6.926310">
						<ele>1434</ele>
						<time>2026-05-01T21:44:36Z</time>
					</trkpt>
					<trkpt lat="45.995200" lon="6.926130">
						<ele>1441</ele>
						<time>2026-05-01T21:45:05Z</time>
					</trkpt>
					<trkpt lat="45.995040" lon="6.926020">
						<ele>1445</ele>
						<time>2026-05-01T21:45:29Z</time>
					</trkpt>
					<trkpt lat="45.995010" lon="6.925980">
						<ele>1447</ele>
						<time>2026-05-01T21:45:34Z</time>
					</trkpt>
					<trkpt lat="45.994900" lon="6.925920">
						<ele>1447</ele>
						<time>2026-05-01T21:45:50Z</time>
					</trkpt>
					<trkpt lat="45.994610" lon="6.925520">
						<ele>1453</ele>
						<time>2026-05-01T21:46:44Z</time>
					</trkpt>
					<trkpt lat="45.994560" lon="6.925420">
						<ele>1454</ele>
						<time>2026-05-01T21:46:55Z</time>
					</trkpt>
					<trkpt lat="45.994580" lon="6.925340">
						<ele>1456</ele>
						<time>2026-05-01T21:47:03Z</time>
					</trkpt>
					<trkpt lat="45.994630" lon="6.925280">
						<ele>1459</ele>
						<time>2026-05-01T21:47:12Z</time>
					</trkpt>
					<trkpt lat="45.994580" lon="6.925200">
						<ele>1460</ele>
						<time>2026-05-01T21:47:22Z</time>
					</trkpt>
					<trkpt lat="45.994500" lon="6.924970">
						<ele>1463</ele>
						<time>2026-05-01T21:47:45Z</time>
					</trkpt>
					<trkpt lat="45.994540" lon="6.924890">
						<ele>1465</ele>
						<time>2026-05-01T21:47:55Z</time>
					</trkpt>
					<trkpt lat="45.994660" lon="6.924860">
						<ele>1468</ele>
						<time>2026-05-01T21:48:11Z</time>
					</trkpt>
					<trkpt lat="45.994690" lon="6.924790">
						<ele>1470</ele>
						<time>2026-05-01T21:48:18Z</time>
					</trkpt>
					<trkpt lat="45.994710" lon="6.924700">
						<ele>1472</ele>
						<time>2026-05-01T21:48:27Z</time>
					</trkpt>
					<trkpt lat="45.994680" lon="6.924570">
						<ele>1473</ele>
						<time>2026-05-01T21:48:40Z</time>
					</trkpt>
					<trkpt lat="45.994530" lon="6.924380">
						<ele>1474</ele>
						<time>2026-05-01T21:49:07Z</time>
					</trkpt>
					<trkpt lat="45.994380" lon="6.924140">
						<ele>1476</ele>
						<time>2026-05-01T21:49:37Z</time>
					</trkpt>
					<trkpt lat="45.994270" lon="6.924090">
						<ele>1477</ele>
						<time>2026-05-01T21:49:52Z</time>
					</trkpt>
					<trkpt lat="45.994320" lon="6.924030">
						<ele>1479</ele>
						<time>2026-05-01T21:50:01Z</time>
					</trkpt>
					<trkpt lat="45.994340" lon="6.923990">
						<ele>1480</ele>
						<time>2026-05-01T21:50:05Z</time>
					</trkpt>
					<trkpt lat="45.994240" lon="6.923940">
						<ele>1481</ele>
						<time>2026-05-01T21:50:19Z</time>
					</trkpt>
					<trkpt lat="45.994210" lon="6.923850">
						<ele>1484</ele>
						<time>2026-05-01T21:50:29Z</time>
					</trkpt>
					<trkpt lat="45.994170" lon="6.923810">
						<ele>1485</ele>
						<time>2026-05-01T21:50:35Z</time>
					</trkpt>
					<trkpt lat="45.994140" lon="6.923700">
						<ele>1488</ele>
						<time>2026-05-01T21:50:46Z</time>
					</trkpt>
					<trkpt lat="45.994140" lon="6.923560">
						<ele>1493</ele>
						<time>2026-05-01T21:50:59Z</time>
					</trkpt>
					<trkpt lat="45.994080" lon="6.923460">
						<ele>1496</ele>
						<time>2026-05-01T21:51:11Z</time>
					</trkpt>
					<trkpt lat="45.993870" lon="6.923290">
						<ele>1501</ele>
						<time>2026-05-01T21:51:43Z</time>
					</trkpt>
					<trkpt lat="45.993840" lon="6.923200">
						<ele>1504</ele>
						<time>2026-05-01T21:51:53Z</time>
					</trkpt>
					<trkpt lat="45.993760" lon="6.923220">
						<ele>1503</ele>
						<time>2026-05-01T21:52:03Z</time>
					</trkpt>
					<trkpt lat="45.993730" lon="6.923110">
						<ele>1507</ele>
						<time>2026-05-01T21:52:14Z</time>
					</trkpt>
					<trkpt lat="45.993640" lon="6.923010">
						<ele>1510</ele>
						<time>2026-05-01T21:52:30Z</time>
					</trkpt>
					<trkpt lat="45.993500" lon="6.922900">
						<ele>1514</ele>
						<time>2026-05-01T21:52:51Z</time>
					</trkpt>
					<trkpt lat="45.993370" lon="6.922750">
						<ele>1519</ele>
						<time>2026-05-01T21:53:13Z</time>
					</trkpt>
					<trkpt lat="45.993200" lon="6.922690">
						<ele>1521</ele>
						<time>2026-05-01T21:53:36Z</time>
					</trkpt>
					<trkpt lat="45.993140" lon="6.922620">
						<ele>1523</ele>
						<time>2026-05-01T21:53:47Z</time>
					</trkpt>
					<trkpt lat="45.992910" lon="6.922550">
						<ele>1524</ele>
						<time>2026-05-01T21:54:18Z</time>
					</trkpt>
					<trkpt lat="45.992830" lon="6.922500">
						<ele>1526</ele>
						<time>2026-05-01T21:54:30Z</time>
					</trkpt>
					<trkpt lat="45.992700" lon="6.922500">
						<ele>1525</ele>
						<time>2026-05-01T21:54:47Z</time>
					</trkpt>
					<trkpt lat="45.992670" lon="6.922430">
						<ele>1527</ele>
						<time>2026-05-01T21:54:55Z</time>
					</trkpt>
					<trkpt lat="45.992500" lon="6.922380">
						<ele>1528</ele>
						<time>2026-05-01T21:55:18Z</time>
					</trkpt>
					<trkpt lat="45.992430" lon="6.922320">
						<ele>1530</ele>
						<time>2026-05-01T21:55:29Z</time>
					</trkpt>
					<trkpt lat="45.992380" lon="6.922230">
						<ele>1534</ele>
						<time>2026-05-01T21:55:39Z</time>
					</trkpt>
					<trkpt lat="45.992320" lon="6.922040">
						<ele>1541</ele>
						<time>2026-05-01T21:55:59Z</time>
					</trkpt>
					<trkpt lat="45.992250" lon="6.922010">
						<ele>1543</ele>
						<time>2026-05-01T21:56:09Z</time>
					</trkpt>
					<trkpt lat="45.992180" lon="6.921880">
						<ele>1548</ele>
						<time>2026-05-01T21:56:24Z</time>
					</trkpt>
					<trkpt lat="45.992090" lon="6.921870">
						<ele>1549</ele>
						<time>2026-05-01T21:56:36Z</time>
					</trkpt>
					<trkpt lat="45.992070" lon="6.921800">
						<ele>1552</ele>
						<time>2026-05-01T21:56:43Z</time>
					</trkpt>
					<trkpt lat="45.992220" lon="6.921700">
						<ele>1555</ele>
						<time>2026-05-01T21:57:05Z</time>
					</trkpt>
					<trkpt lat="45.992220" lon="6.921660">
						<ele>1556</ele>
						<time>2026-05-01T21:57:09Z</time>
					</trkpt>
					<trkpt lat="45.992190" lon="6.921660">
						<ele>1557</ele>
						<time>2026-05-01T21:57:13Z</time>
					</trkpt>
					<trkpt lat="45.992080" lon="6.921600">
						<ele>1560</ele>
						<time>2026-05-01T21:57:28Z</time>
					</trkpt>
					<trkpt lat="45.992000" lon="6.921440">
						<ele>1567</ele>
						<time>2026-05-01T21:57:47Z</time>
					</trkpt>
					<trkpt lat="45.991950" lon="6.921380">
						<ele>1570</ele>
						<time>2026-05-01T21:57:55Z</time>
					</trkpt>
					<trkpt lat="45.991870" lon="6.921370">
						<ele>1571</ele>
						<time>2026-05-01T21:58:06Z</time>
					</trkpt>
					<trkpt lat="45.991760" lon="6.921360">
						<ele>1573</ele>
						<time>2026-05-01T21:58:21Z</time>
					</trkpt>
					<trkpt lat="45.991680" lon="6.921460">
						<ele>1570</ele>
						<time>2026-05-01T21:58:35Z</time>
					</trkpt>
					<trkpt lat="45.991620" lon="6.921430">
						<ele>1572</ele>
						<time>2026-05-01T21:58:43Z</time>
					</trkpt>
					<trkpt lat="45.991570" lon="6.921470">
						<ele>1571</ele>
						<time>2026-05-01T21:58:51Z</time>
					</trkpt>
					<trkpt lat="45.991410" lon="6.921330">
						<ele>1578</ele>
						<time>2026-05-01T21:59:16Z</time>
					</trkpt>
					<trkpt lat="45.991380" lon="6.921260">
						<ele>1581</ele>
						<time>2026-05-01T21:59:24Z</time>
					</trkpt>
					<trkpt lat="45.991170" lon="6.921190">
						<ele>1586</ele>
						<time>2026-05-01T21:59:52Z</time>
					</trkpt>
					<trkpt lat="45.991110" lon="6.921140">
						<ele>1589</ele>
						<time>2026-05-01T22:00:02Z</time>
					</trkpt>
					<trkpt lat="45.991100" lon="6.921120">
						<ele>1590</ele>
						<time>2026-05-01T22:00:04Z</time>
					</trkpt>
					<trkpt lat="45.991130" lon="6.921030">
						<ele>1593</ele>
						<time>2026-05-01T22:00:13Z</time>
					</trkpt>
					<trkpt lat="45.991030" lon="6.920810">
						<ele>1604</ele>
						<time>2026-05-01T22:00:38Z</time>
					</trkpt>
					<trkpt lat="45.990930" lon="6.920780">
						<ele>1606</ele>
						<time>2026-05-01T22:00:51Z</time>
					</trkpt>
					<trkpt lat="45.990900" lon="6.920710">
						<ele>1610</ele>
						<time>2026-05-01T22:00:59Z</time>
					</trkpt>
					<trkpt lat="45.990770" lon="6.920740">
						<ele>1610</ele>
						<time>2026-05-01T22:01:16Z</time>
					</trkpt>
					<trkpt lat="45.990730" lon="6.920750">
						<ele>1610</ele>
						<time>2026-05-01T22:01:22Z</time>
					</trkpt>
					<trkpt lat="45.990650" lon="6.920800">
						<ele>1607</ele>
						<time>2026-05-01T22:01:33Z</time>
					</trkpt>
					<trkpt lat="45.990570" lon="6.920810">
						<ele>1607</ele>
						<time>2026-05-01T22:01:44Z</time>
					</trkpt>
					<trkpt lat="45.990580" lon="6.920740">
						<ele>1611</ele>
						<time>2026-05-01T22:01:51Z</time>
					</trkpt>
					<trkpt lat="45.990490" lon="6.920760">
						<ele>1610</ele>
						<time>2026-05-01T22:02:03Z</time>
					</trkpt>
					<trkpt lat="45.990490" lon="6.920700">
						<ele>1613</ele>
						<time>2026-05-01T22:02:08Z</time>
					</trkpt>
					<trkpt lat="45.990310" lon="6.920680">
						<ele>1615</ele>
						<time>2026-05-01T22:02:33Z</time>
					</trkpt>
					<trkpt lat="45.990110" lon="6.920590">
						<ele>1621</ele>
						<time>2026-05-01T22:03:01Z</time>
					</trkpt>
					<trkpt lat="45.990030" lon="6.920600">
						<ele>1621</ele>
						<time>2026-05-01T22:03:11Z</time>
					</trkpt>
					<trkpt lat="45.990000" lon="6.920540">
						<ele>1625</ele>
						<time>2026-05-01T22:03:18Z</time>
					</trkpt>
					<trkpt lat="45.989860" lon="6.920470">
						<ele>1629</ele>
						<time>2026-05-01T22:03:38Z</time>
					</trkpt>
					<trkpt lat="45.989800" lon="6.920400">
						<ele>1634</ele>
						<time>2026-05-01T22:03:48Z</time>
					</trkpt>
					<trkpt lat="45.989730" lon="6.920390">
						<ele>1634</ele>
						<time>2026-05-01T22:03:58Z</time>
					</trkpt>
					<trkpt lat="45.989650" lon="6.920340">
						<ele>1637</ele>
						<time>2026-05-01T22:04:09Z</time>
					</trkpt>
					<trkpt lat="45.989560" lon="6.920230">
						<ele>1643</ele>
						<time>2026-05-01T22:04:25Z</time>
					</trkpt>
					<trkpt lat="45.989420" lon="6.920150">
						<ele>1647</ele>
						<time>2026-05-01T22:04:45Z</time>
					</trkpt>
					<trkpt lat="45.989420" lon="6.920110">
						<ele>1649</ele>
						<time>2026-05-01T22:04:49Z</time>
					</trkpt>
					<trkpt lat="45.989480" lon="6.920110">
						<ele>1649</ele>
						<time>2026-05-01T22:04:57Z</time>
					</trkpt>
					<trkpt lat="45.989490" lon="6.920080">
						<ele>1651</ele>
						<time>2026-05-01T22:05:00Z</time>
					</trkpt>
					<trkpt lat="45.989430" lon="6.920040">
						<ele>1653</ele>
						<time>2026-05-01T22:05:09Z</time>
					</trkpt>
					<trkpt lat="45.989380" lon="6.920030">
						<ele>1653</ele>
						<time>2026-05-01T22:05:15Z</time>
					</trkpt>
					<trkpt lat="45.989370" lon="6.920010">
						<ele>1654</ele>
						<time>2026-05-01T22:05:18Z</time>
					</trkpt>
					<trkpt lat="45.989400" lon="6.919980">
						<ele>1655</ele>
						<time>2026-05-01T22:05:23Z</time>
					</trkpt>
					<trkpt lat="45.989400" lon="6.919950">
						<ele>1657</ele>
						<time>2026-05-01T22:05:25Z</time>
					</trkpt>
					<trkpt lat="45.989370" lon="6.919920">
						<ele>1658</ele>
						<time>2026-05-01T22:05:30Z</time>
					</trkpt>
					<trkpt lat="45.989310" lon="6.919910">
						<ele>1658</ele>
						<time>2026-05-01T22:05:38Z</time>
					</trkpt>
					<trkpt lat="45.989320" lon="6.919870">
						<ele>1659</ele>
						<time>2026-05-01T22:05:42Z</time>
					</trkpt>
					<trkpt lat="45.989300" lon="6.919850">
						<ele>1660</ele>
						<time>2026-05-01T22:05:45Z</time>
					</trkpt>
					<trkpt lat="45.989260" lon="6.919850">
						<ele>1660</ele>
						<time>2026-05-01T22:05:51Z</time>
					</trkpt>
					<trkpt lat="45.989230" lon="6.919820">
						<ele>1661</ele>
						<time>2026-05-01T22:05:56Z</time>
					</trkpt>
					<trkpt lat="45.989140" lon="6.919810">
						<ele>1661</ele>
						<time>2026-05-01T22:06:08Z</time>
					</trkpt>
					<trkpt lat="45.989040" lon="6.919740">
						<ele>1662</ele>
						<time>2026-05-01T22:06:23Z</time>
					</trkpt>
					<trkpt lat="45.989050" lon="6.919690">
						<ele>1664</ele>
						<time>2026-05-01T22:06:27Z</time>
					</trkpt>
					<trkpt lat="45.989040" lon="6.919670">
						<ele>1665</ele>
						<time>2026-05-01T22:06:30Z</time>
					</trkpt>
					<trkpt lat="45.988910" lon="6.919610">
						<ele>1665</ele>
						<time>2026-05-01T22:06:48Z</time>
					</trkpt>
					<trkpt lat="45.988860" lon="6.919500">
						<ele>1668</ele>
						<time>2026-05-01T22:07:00Z</time>
					</trkpt>
					<trkpt lat="45.988770" lon="6.919410">
						<ele>1670</ele>
						<time>2026-05-01T22:07:15Z</time>
					</trkpt>
					<trkpt lat="45.988710" lon="6.919320">
						<ele>1672</ele>
						<time>2026-05-01T22:07:26Z</time>
					</trkpt>
					<trkpt lat="45.988650" lon="6.919260">
						<ele>1673</ele>
						<time>2026-05-01T22:07:36Z</time>
					</trkpt>
					<trkpt lat="45.988620" lon="6.919200">
						<ele>1675</ele>
						<time>2026-05-01T22:07:43Z</time>
					</trkpt>
					<trkpt lat="45.988550" lon="6.919160">
						<ele>1675</ele>
						<time>2026-05-01T22:07:53Z</time>
					</trkpt>
					<trkpt lat="45.988500" lon="6.919090">
						<ele>1677</ele>
						<time>2026-05-01T22:08:02Z</time>
					</trkpt>
					<trkpt lat="45.988410" lon="6.919020">
						<ele>1678</ele>
						<time>2026-05-01T22:08:16Z</time>
					</trkpt>
					<trkpt lat="45.988270" lon="6.918650">
						<ele>1690</ele>
						<time>2026-05-01T22:08:55Z</time>
					</trkpt>
					<trkpt lat="45.988040" lon="6.918620">
						<ele>1690</ele>
						<time>2026-05-01T22:09:26Z</time>
					</trkpt>
					<trkpt lat="45.988040" lon="6.918580">
						<ele>1692</ele>
						<time>2026-05-01T22:09:30Z</time>
					</trkpt>
					<trkpt lat="45.988060" lon="6.918550">
						<ele>1693</ele>
						<time>2026-05-01T22:09:33Z</time>
					</trkpt>
					<trkpt lat="45.988040" lon="6.918480">
						<ele>1696</ele>
						<time>2026-05-01T22:09:40Z</time>
					</trkpt>
					<trkpt lat="45.987930" lon="6.918400">
						<ele>1699</ele>
						<time>2026-05-01T22:09:57Z</time>
					</trkpt>
					<trkpt lat="45.987830" lon="6.918290">
						<ele>1703</ele>
						<time>2026-05-01T22:10:14Z</time>
					</trkpt>
					<trkpt lat="45.987670" lon="6.918200">
						<ele>1705</ele>
						<time>2026-05-01T22:10:37Z</time>
					</trkpt>
					<trkpt lat="45.987670" lon="6.918160">
						<ele>1706</ele>
						<time>2026-05-01T22:10:40Z</time>
					</trkpt>
					<trkpt lat="45.987730" lon="6.918080">
						<ele>1708</ele>
						<time>2026-05-01T22:10:51Z</time>
					</trkpt>
					<trkpt lat="45.987700" lon="6.918010">
						<ele>1710</ele>
						<time>2026-05-01T22:10:59Z</time>
					</trkpt>
					<trkpt lat="45.987660" lon="6.917790">
						<ele>1715</ele>
						<time>2026-05-01T22:11:20Z</time>
					</trkpt>
					<trkpt lat="45.987670" lon="6.917770">
						<ele>1715</ele>
						<time>2026-05-01T22:11:22Z</time>
					</trkpt>
					<trkpt lat="45.987740" lon="6.917770">
						<ele>1716</ele>
						<time>2026-05-01T22:11:32Z</time>
					</trkpt>
					<trkpt lat="45.987810" lon="6.917720">
						<ele>1717</ele>
						<time>2026-05-01T22:11:42Z</time>
					</trkpt>
					<trkpt lat="45.987830" lon="6.917660">
						<ele>1719</ele>
						<time>2026-05-01T22:11:48Z</time>
					</trkpt>
					<trkpt lat="45.987810" lon="6.917490">
						<ele>1723</ele>
						<time>2026-05-01T22:12:04Z</time>
					</trkpt>
					<trkpt lat="45.987820" lon="6.917450">
						<ele>1724</ele>
						<time>2026-05-01T22:12:08Z</time>
					</trkpt>
					<trkpt lat="45.987880" lon="6.917410">
						<ele>1726</ele>
						<time>2026-05-01T22:12:17Z</time>
					</trkpt>
					<trkpt lat="45.987830" lon="6.917350">
						<ele>1728</ele>
						<time>2026-05-01T22:12:26Z</time>
					</trkpt>
					<trkpt lat="45.987810" lon="6.917220">
						<ele>1732</ele>
						<time>2026-05-01T22:12:38Z</time>
					</trkpt>
					<trkpt lat="45.987890" lon="6.917250">
						<ele>1732</ele>
						<time>2026-05-01T22:12:49Z</time>
					</trkpt>
					<trkpt lat="45.987960" lon="6.917220">
						<ele>1733</ele>
						<time>2026-05-01T22:12:59Z</time>
					</trkpt>
					<trkpt lat="45.988040" lon="6.917240">
						<ele>1733</ele>
						<time>2026-05-01T22:13:10Z</time>
					</trkpt>
					<trkpt lat="45.988040" lon="6.917220">
						<ele>1734</ele>
						<time>2026-05-01T22:13:11Z</time>
					</trkpt>
					<trkpt lat="45.988020" lon="6.917170">
						<ele>1735</ele>
						<time>2026-05-01T22:13:17Z</time>
					</trkpt>
					<trkpt lat="45.988030" lon="6.917150">
						<ele>1736</ele>
						<time>2026-05-01T22:13:19Z</time>
					</trkpt>
					<trkpt lat="45.988190" lon="6.917190">
						<ele>1736</ele>
						<time>2026-05-01T22:13:41Z</time>
					</trkpt>
					<trkpt lat="45.988220" lon="6.917180">
						<ele>1736</ele>
						<time>2026-05-01T22:13:45Z</time>
					</trkpt>
					<trkpt lat="45.988290" lon="6.917220">
						<ele>1735</ele>
						<time>2026-05-01T22:13:55Z</time>
					</trkpt>
					<trkpt lat="45.988340" lon="6.917200">
						<ele>1737</ele>
						<time>2026-05-01T22:14:02Z</time>
					</trkpt>
					<trkpt lat="45.988340" lon="6.917150">
						<ele>1739</ele>
						<time>2026-05-01T22:14:06Z</time>
					</trkpt>
					<trkpt lat="45.988290" lon="6.917050">
						<ele>1742</ele>
						<time>2026-05-01T22:14:18Z</time>
					</trkpt>
					<trkpt lat="45.988310" lon="6.917010">
						<ele>1744</ele>
						<time>2026-05-01T22:14:22Z</time>
					</trkpt>
					<trkpt lat="45.988280" lon="6.916980">
						<ele>1744</ele>
						<time>2026-05-01T22:14:27Z</time>
					</trkpt>
					<trkpt lat="45.988280" lon="6.916950">
						<ele>1746</ele>
						<time>2026-05-01T22:14:30Z</time>
					</trkpt>
					<trkpt lat="45.988320" lon="6.916930">
						<ele>1747</ele>
						<time>2026-05-01T22:14:36Z</time>
					</trkpt>
					<trkpt lat="45.988310" lon="6.916870">
						<ele>1749</ele>
						<time>2026-05-01T22:14:41Z</time>
					</trkpt>
					<trkpt lat="45.988280" lon="6.916750">
						<ele>1753</ele>
						<time>2026-05-01T22:14:53Z</time>
					</trkpt>
					<trkpt lat="45.988230" lon="6.916720">
						<ele>1754</ele>
						<time>2026-05-01T22:15:00Z</time>
					</trkpt>
					<trkpt lat="45.988250" lon="6.916690">
						<ele>1755</ele>
						<time>2026-05-01T22:15:04Z</time>
					</trkpt>
					<trkpt lat="45.988380" lon="6.916680">
						<ele>1758</ele>
						<time>2026-05-01T22:15:22Z</time>
					</trkpt>
					<trkpt lat="45.988360" lon="6.916600">
						<ele>1761</ele>
						<time>2026-05-01T22:15:30Z</time>
					</trkpt>
					<trkpt lat="45.988310" lon="6.916520">
						<ele>1763</ele>
						<time>2026-05-01T22:15:40Z</time>
					</trkpt>
					<trkpt lat="45.988330" lon="6.916480">
						<ele>1764</ele>
						<time>2026-05-01T22:15:44Z</time>
					</trkpt>
					<trkpt lat="45.988300" lon="6.916450">
						<ele>1765</ele>
						<time>2026-05-01T22:15:49Z</time>
					</trkpt>
					<trkpt lat="45.988240" lon="6.916410">
						<ele>1766</ele>
						<time>2026-05-01T22:15:58Z</time>
					</trkpt>
					<trkpt lat="45.988210" lon="6.916340">
						<ele>1769</ele>
						<time>2026-05-01T22:16:05Z</time>
					</trkpt>
					<trkpt lat="45.988080" lon="6.916240">
						<ele>1771</ele>
						<time>2026-05-01T22:16:25Z</time>
					</trkpt>
					<trkpt lat="45.988050" lon="6.916180">
						<ele>1773</ele>
						<time>2026-05-01T22:16:32Z</time>
					</trkpt>
					<trkpt lat="45.987940" lon="6.916090">
						<ele>1776</ele>
						<time>2026-05-01T22:16:49Z</time>
					</trkpt>
					<trkpt lat="45.987720" lon="6.915870">
						<ele>1783</ele>
						<time>2026-05-01T22:17:25Z</time>
					</trkpt>
					<trkpt lat="45.987640" lon="6.915710">
						<ele>1791</ele>
						<time>2026-05-01T22:17:43Z</time>
					</trkpt>
					<trkpt lat="45.987650" lon="6.915650">
						<ele>1795</ele>
						<time>2026-05-01T22:17:49Z</time>
					</trkpt>
					<trkpt lat="45.987620" lon="6.915600">
						<ele>1797</ele>
						<time>2026-05-01T22:17:55Z</time>
					</trkpt>
					<trkpt lat="45.987620" lon="6.915520">
						<ele>1802</ele>
						<time>2026-05-01T22:18:02Z</time>
					</trkpt>
					<trkpt lat="45.987570" lon="6.915420">
						<ele>1806</ele>
						<time>2026-05-01T22:18:14Z</time>
					</trkpt>
					<trkpt lat="45.987390" lon="6.915160">
						<ele>1813</ele>
						<time>2026-05-01T22:18:48Z</time>
					</trkpt>
					<trkpt lat="45.987260" lon="6.915080">
						<ele>1813</ele>
						<time>2026-05-01T22:19:06Z</time>
					</trkpt>
					<trkpt lat="45.987230" lon="6.915020">
						<ele>1815</ele>
						<time>2026-05-01T22:19:13Z</time>
					</trkpt>
					<trkpt lat="45.987150" lon="6.914960">
						<ele>1815</ele>
						<time>2026-05-01T22:19:25Z</time>
					</trkpt>
					<trkpt lat="45.987060" lon="6.914830">
						<ele>1819</ele>
						<time>2026-05-01T22:19:42Z</time>
					</trkpt>
					<trkpt lat="45.987080" lon="6.914820">
						<ele>1821</ele>
						<time>2026-05-01T22:19:45Z</time>
					</trkpt>
					<trkpt lat="45.987080" lon="6.914800">
						<ele>1822</ele>
						<time>2026-05-01T22:19:47Z</time>
					</trkpt>
					<trkpt lat="45.986980" lon="6.914580">
						<ele>1831</ele>
						<time>2026-05-01T22:20:11Z</time>
					</trkpt>
					<trkpt lat="45.986840" lon="6.914540">
						<ele>1827</ele>
						<time>2026-05-01T22:20:30Z</time>
					</trkpt>
					<trkpt lat="45.986710" lon="6.914430">
						<ele>1827</ele>
						<time>2026-05-01T22:20:51Z</time>
					</trkpt>
					<trkpt lat="45.986540" lon="6.914240">
						<ele>1830</ele>
						<time>2026-05-01T22:21:19Z</time>
					</trkpt>
					<trkpt lat="45.986510" lon="6.914230">
						<ele>1830</ele>
						<time>2026-05-01T22:21:23Z</time>
					</trkpt>
					<trkpt lat="45.986440" lon="6.914140">
						<ele>1833</ele>
						<time>2026-05-01T22:21:36Z</time>
					</trkpt>
					<trkpt lat="45.986310" lon="6.914040">
						<ele>1835</ele>
						<time>2026-05-01T22:21:56Z</time>
					</trkpt>
					<trkpt lat="45.986210" lon="6.913930">
						<ele>1838</ele>
						<time>2026-05-01T22:22:12Z</time>
					</trkpt>
					<trkpt lat="45.986140" lon="6.913880">
						<ele>1838</ele>
						<time>2026-05-01T22:22:23Z</time>
					</trkpt>
					<trkpt lat="45.986020" lon="6.913850">
						<ele>1835</ele>
						<time>2026-05-01T22:22:39Z</time>
					</trkpt>
					<trkpt lat="45.985880" lon="6.913730">
						<ele>1835</ele>
						<time>2026-05-01T22:23:01Z</time>
					</trkpt>
					<trkpt lat="45.985850" lon="6.913680">
						<ele>1837</ele>
						<time>2026-05-01T22:23:07Z</time>
					</trkpt>
					<trkpt lat="45.985940" lon="6.913690">
						<ele>1841</ele>
						<time>2026-05-01T22:23:19Z</time>
					</trkpt>
					<trkpt lat="45.985980" lon="6.913670">
						<ele>1844</ele>
						<time>2026-05-01T22:23:25Z</time>
					</trkpt>
					<trkpt lat="45.985970" lon="6.913640">
						<ele>1845</ele>
						<time>2026-05-01T22:23:28Z</time>
					</trkpt>
					<trkpt lat="45.985900" lon="6.913590">
						<ele>1845</ele>
						<time>2026-05-01T22:23:38Z</time>
					</trkpt>
					<trkpt lat="45.985830" lon="6.913460">
						<ele>1849</ele>
						<time>2026-05-01T22:23:53Z</time>
					</trkpt>
					<trkpt lat="45.985820" lon="6.913350">
						<ele>1854</ele>
						<time>2026-05-01T22:24:04Z</time>
					</trkpt>
					<trkpt lat="45.985790" lon="6.913310">
						<ele>1856</ele>
						<time>2026-05-01T22:24:09Z</time>
					</trkpt>
					<trkpt lat="45.985800" lon="6.913260">
						<ele>1861</ele>
						<time>2026-05-01T22:24:14Z</time>
					</trkpt>
					<trkpt lat="45.985710" lon="6.913200">
						<ele>1863</ele>
						<time>2026-05-01T22:24:27Z</time>
					</trkpt>
					<trkpt lat="45.985730" lon="6.913140">
						<ele>1869</ele>
						<time>2026-05-01T22:24:33Z</time>
					</trkpt>
					<trkpt lat="45.985710" lon="6.913110">
						<ele>1871</ele>
						<time>2026-05-01T22:24:37Z</time>
					</trkpt>
					<trkpt lat="45.985670" lon="6.913100">
						<ele>1870</ele>
						<time>2026-05-01T22:24:43Z</time>
					</trkpt>
					<trkpt lat="45.985680" lon="6.913060">
						<ele>1874</ele>
						<time>2026-05-01T22:24:47Z</time>
					</trkpt>
					<trkpt lat="45.985590" lon="6.912980">
						<ele>1877</ele>
						<time>2026-05-01T22:25:01Z</time>
					</trkpt>
					<trkpt lat="45.985570" lon="6.912940">
						<ele>1879</ele>
						<time>2026-05-01T22:25:05Z</time>
					</trkpt>
					<trkpt lat="45.985480" lon="6.912860">
						<ele>1881</ele>
						<time>2026-05-01T22:25:19Z</time>
					</trkpt>
					<trkpt lat="45.985400" lon="6.912850">
						<ele>1877</ele>
						<time>2026-05-01T22:25:30Z</time>
					</trkpt>
					<trkpt lat="45.985390" lon="6.912820">
						<ele>1879</ele>
						<time>2026-05-01T22:25:33Z</time>
					</trkpt>
					<trkpt lat="45.985410" lon="6.912810">
						<ele>1881</ele>
						<time>2026-05-01T22:25:36Z</time>
					</trkpt>
					<trkpt lat="45.985340" lon="6.912780">
						<ele>1879</ele>
						<time>2026-05-01T22:25:46Z</time>
					</trkpt>
					<trkpt lat="45.985380" lon="6.912750">
						<ele>1884</ele>
						<time>2026-05-01T22:25:52Z</time>
					</trkpt>
					<trkpt lat="45.985380" lon="6.912730">
						<ele>1885</ele>
						<time>2026-05-01T22:25:54Z</time>
					</trkpt>
					<trkpt lat="45.985290" lon="6.912700">
						<ele>1882</ele>
						<time>2026-05-01T22:26:06Z</time>
					</trkpt>
					<trkpt lat="45.985290" lon="6.912660">
						<ele>1885</ele>
						<time>2026-05-01T22:26:10Z</time>
					</trkpt>
					<trkpt lat="45.985240" lon="6.912670">
						<ele>1881</ele>
						<time>2026-05-01T22:26:16Z</time>
					</trkpt>
					<trkpt lat="45.985270" lon="6.912600">
						<ele>1889</ele>
						<time>2026-05-01T22:26:24Z</time>
					</trkpt>
					<trkpt lat="45.985230" lon="6.912590">
						<ele>1887</ele>
						<time>2026-05-01T22:26:30Z</time>
					</trkpt>
					<trkpt lat="45.985240" lon="6.912510">
						<ele>1894</ele>
						<time>2026-05-01T22:26:37Z</time>
					</trkpt>
					<trkpt lat="45.985200" lon="6.912490">
						<ele>1893</ele>
						<time>2026-05-01T22:26:43Z</time>
					</trkpt>
					<trkpt lat="45.985180" lon="6.912420">
						<ele>1898</ele>
						<time>2026-05-01T22:26:50Z</time>
					</trkpt>
					<trkpt lat="45.985120" lon="6.912380">
						<ele>1898</ele>
						<time>2026-05-01T22:26:59Z</time>
					</trkpt>
					<trkpt lat="45.984970" lon="6.912180">
						<ele>1908</ele>
						<time>2026-05-01T22:27:26Z</time>
					</trkpt>
					<trkpt lat="45.984850" lon="6.912110">
						<ele>1908</ele>
						<time>2026-05-01T22:27:43Z</time>
					</trkpt>
					<trkpt lat="45.984820" lon="6.912060">
						<ele>1911</ele>
						<time>2026-05-01T22:27:49Z</time>
					</trkpt>
					<trkpt lat="45.984800" lon="6.911980">
						<ele>1918</ele>
						<time>2026-05-01T22:27:57Z</time>
					</trkpt>
					<trkpt lat="45.984760" lon="6.912000">
						<ele>1914</ele>
						<time>2026-05-01T22:28:03Z</time>
					</trkpt>
					<trkpt lat="45.984560" lon="6.911980">
						<ele>1903</ele>
						<time>2026-05-01T22:28:30Z</time>
					</trkpt>
					<trkpt lat="45.984510" lon="6.911890">
						<ele>1909</ele>
						<time>2026-05-01T22:28:40Z</time>
					</trkpt>
					<trkpt lat="45.984430" lon="6.911870">
						<ele>1906</ele>
						<time>2026-05-01T22:28:51Z</time>
					</trkpt>
					<trkpt lat="45.984400" lon="6.911890">
						<ele>1902</ele>
						<time>2026-05-01T22:28:55Z</time>
					</trkpt>
					<trkpt lat="45.984370" lon="6.911870">
						<ele>1902</ele>
						<time>2026-05-01T22:29:00Z</time>
					</trkpt>
					<trkpt lat="45.984310" lon="6.911800">
						<ele>1905</ele>
						<time>2026-05-01T22:29:10Z</time>
					</trkpt>
					<trkpt lat="45.984280" lon="6.911660">
						<ele>1917</ele>
						<time>2026-05-01T22:29:24Z</time>
					</trkpt>
					<trkpt lat="45.984310" lon="6.911640">
						<ele>1920</ele>
						<time>2026-05-01T22:29:28Z</time>
					</trkpt>
					<trkpt lat="45.984310" lon="6.911610">
						<ele>1922</ele>
						<time>2026-05-01T22:29:31Z</time>
					</trkpt>
					<trkpt lat="45.984200" lon="6.911450">
						<ele>1927</ele>
						<time>2026-05-01T22:29:52Z</time>
					</trkpt>
					<trkpt lat="45.984150" lon="6.911420">
						<ele>1926</ele>
						<time>2026-05-01T22:29:59Z</time>
					</trkpt>
					<trkpt lat="45.984150" lon="6.911390">
						<ele>1929</ele>
						<time>2026-05-01T22:30:02Z</time>
					</trkpt>
					<trkpt lat="45.984160" lon="6.911340">
						<ele>1933</ele>
						<time>2026-05-01T22:30:07Z</time>
					</trkpt>
					<trkpt lat="45.984030" lon="6.911070">
						<ele>1946</ele>
						<time>2026-05-01T22:30:37Z</time>
					</trkpt>
					<trkpt lat="45.984010" lon="6.910960">
						<ele>1953</ele>
						<time>2026-05-01T22:30:48Z</time>
					</trkpt>
					<trkpt lat="45.983890" lon="6.910740">
						<ele>1962</ele>
						<time>2026-05-01T22:31:14Z</time>
					</trkpt>
					<trkpt lat="45.983880" lon="6.910700">
						<ele>1964</ele>
						<time>2026-05-01T22:31:18Z</time>
					</trkpt>
					<trkpt lat="45.983900" lon="6.910660">
						<ele>1968</ele>
						<time>2026-05-01T22:31:22Z</time>
					</trkpt>
					<trkpt lat="45.983840" lon="6.910660">
						<ele>1965</ele>
						<time>2026-05-01T22:31:30Z</time>
					</trkpt>
					<trkpt lat="45.983730" lon="6.910550">
						<ele>1966</ele>
						<time>2026-05-01T22:31:48Z</time>
					</trkpt>
					<trkpt lat="45.983560" lon="6.910340">
						<ele>1971</ele>
						<time>2026-05-01T22:32:18Z</time>
					</trkpt>
					<trkpt lat="45.983520" lon="6.910260">
						<ele>1974</ele>
						<time>2026-05-01T22:32:27Z</time>
					</trkpt>
					<trkpt lat="45.983440" lon="6.910150">
						<ele>1978</ele>
						<time>2026-05-01T22:32:42Z</time>
					</trkpt>
					<trkpt lat="45.983240" lon="6.909930">
						<ele>1982</ele>
						<time>2026-05-01T22:33:15Z</time>
					</trkpt>
					<trkpt lat="45.983260" lon="6.909890">
						<ele>1985</ele>
						<time>2026-05-01T22:33:20Z</time>
					</trkpt>
					<trkpt lat="45.983250" lon="6.909850">
						<ele>1987</ele>
						<time>2026-05-01T22:33:24Z</time>
					</trkpt>
					<trkpt lat="45.983210" lon="6.909790">
						<ele>1989</ele>
						<time>2026-05-01T22:33:32Z</time>
					</trkpt>
					<trkpt lat="45.983200" lon="6.909730">
						<ele>1991</ele>
						<time>2026-05-01T22:33:37Z</time>
					</trkpt>
					<trkpt lat="45.983140" lon="6.909650">
						<ele>1993</ele>
						<time>2026-05-01T22:33:48Z</time>
					</trkpt>
					<trkpt lat="45.983030" lon="6.909540">
						<ele>1995</ele>
						<time>2026-05-01T22:34:06Z</time>
					</trkpt>
					<trkpt lat="45.983010" lon="6.909450">
						<ele>1999</ele>
						<time>2026-05-01T22:34:15Z</time>
					</trkpt>
					<trkpt lat="45.982980" lon="6.909440">
						<ele>1999</ele>
						<time>2026-05-01T22:34:19Z</time>
					</trkpt>
					<trkpt lat="45.982990" lon="6.909390">
						<ele>2002</ele>
						<time>2026-05-01T22:34:24Z</time>
					</trkpt>
					<trkpt lat="45.982960" lon="6.909310">
						<ele>2006</ele>
						<time>2026-05-01T22:34:32Z</time>
					</trkpt>
					<trkpt lat="45.982930" lon="6.909320">
						<ele>2004</ele>
						<time>2026-05-01T22:34:36Z</time>
					</trkpt>
					<trkpt lat="45.982940" lon="6.909300">
						<ele>2005</ele>
						<time>2026-05-01T22:34:39Z</time>
					</trkpt>
					<trkpt lat="45.982920" lon="6.909290">
						<ele>2005</ele>
						<time>2026-05-01T22:34:41Z</time>
					</trkpt>
					<trkpt lat="45.982910" lon="6.909240">
						<ele>2008</ele>
						<time>2026-05-01T22:34:46Z</time>
					</trkpt>
					<trkpt lat="45.982890" lon="6.909240">
						<ele>2007</ele>
						<time>2026-05-01T22:34:49Z</time>
					</trkpt>
					<trkpt lat="45.982890" lon="6.909210">
						<ele>2009</ele>
						<time>2026-05-01T22:34:52Z</time>
					</trkpt>
					<trkpt lat="45.982860" lon="6.909220">
						<ele>2007</ele>
						<time>2026-05-01T22:34:56Z</time>
					</trkpt>
					<trkpt lat="45.982870" lon="6.909170">
						<ele>2011</ele>
						<time>2026-05-01T22:35:01Z</time>
					</trkpt>
					<trkpt lat="45.982830" lon="6.909120">
						<ele>2012</ele>
						<time>2026-05-01T22:35:08Z</time>
					</trkpt>
					<trkpt lat="45.982790" lon="6.909090">
						<ele>2012</ele>
						<time>2026-05-01T22:35:14Z</time>
					</trkpt>
					<trkpt lat="45.982750" lon="6.909020">
						<ele>2014</ele>
						<time>2026-05-01T22:35:22Z</time>
					</trkpt>
					<trkpt lat="45.982740" lon="6.908970">
						<ele>2017</ele>
						<time>2026-05-01T22:35:27Z</time>
					</trkpt>
					<trkpt lat="45.982770" lon="6.908910">
						<ele>2021</ele>
						<time>2026-05-01T22:35:34Z</time>
					</trkpt>
					<trkpt lat="45.982800" lon="6.908930">
						<ele>2021</ele>
						<time>2026-05-01T22:35:38Z</time>
					</trkpt>
					<trkpt lat="45.982780" lon="6.908880">
						<ele>2023</ele>
						<time>2026-05-01T22:35:44Z</time>
					</trkpt>
					<trkpt lat="45.982830" lon="6.908870">
						<ele>2025</ele>
						<time>2026-05-01T22:35:50Z</time>
					</trkpt>
					<trkpt lat="45.982750" lon="6.908800">
						<ele>2027</ele>
						<time>2026-05-01T22:36:03Z</time>
					</trkpt>
					<trkpt lat="45.982800" lon="6.908780">
						<ele>2029</ele>
						<time>2026-05-01T22:36:10Z</time>
					</trkpt>
					<trkpt lat="45.982980" lon="6.908750">
						<ele>2036</ele>
						<time>2026-05-01T22:36:34Z</time>
					</trkpt>
					<trkpt lat="45.982940" lon="6.908660">
						<ele>2040</ele>
						<time>2026-05-01T22:36:44Z</time>
					</trkpt>
					<trkpt lat="45.982870" lon="6.908570">
						<ele>2042</ele>
						<time>2026-05-01T22:36:56Z</time>
					</trkpt>
					<trkpt lat="45.982760" lon="6.908540">
						<ele>2041</ele>
						<time>2026-05-01T22:37:11Z</time>
					</trkpt>
					<trkpt lat="45.982660" lon="6.908550">
						<ele>2038</ele>
						<time>2026-05-01T22:37:25Z</time>
					</trkpt>
					<trkpt lat="45.982580" lon="6.908530">
						<ele>2037</ele>
						<time>2026-05-01T22:37:36Z</time>
					</trkpt>
					<trkpt lat="45.982600" lon="6.908480">
						<ele>2041</ele>
						<time>2026-05-01T22:37:41Z</time>
					</trkpt>
					<trkpt lat="45.982560" lon="6.908470">
						<ele>2040</ele>
						<time>2026-05-01T22:37:46Z</time>
					</trkpt>
					<trkpt lat="45.982500" lon="6.908520">
						<ele>2036</ele>
						<time>2026-05-01T22:37:56Z</time>
					</trkpt>
					<trkpt lat="45.982500" lon="6.908480">
						<ele>2038</ele>
						<time>2026-05-01T22:37:59Z</time>
					</trkpt>
					<trkpt lat="45.982460" lon="6.908500">
						<ele>2036</ele>
						<time>2026-05-01T22:38:05Z</time>
					</trkpt>
					<trkpt lat="45.982410" lon="6.908570">
						<ele>2029</ele>
						<time>2026-05-01T22:38:14Z</time>
					</trkpt>
					<trkpt lat="45.982350" lon="6.908580">
						<ele>2027</ele>
						<time>2026-05-01T22:38:22Z</time>
					</trkpt>
					<trkpt lat="45.982320" lon="6.908560">
						<ele>2027</ele>
						<time>2026-05-01T22:38:27Z</time>
					</trkpt>
					<trkpt lat="45.982370" lon="6.908500">
						<ele>2032</ele>
						<time>2026-05-01T22:38:35Z</time>
					</trkpt>
					<trkpt lat="45.982360" lon="6.908410">
						<ele>2037</ele>
						<time>2026-05-01T22:38:44Z</time>
					</trkpt>
					<trkpt lat="45.982340" lon="6.908380">
						<ele>2038</ele>
						<time>2026-05-01T22:38:48Z</time>
					</trkpt>
					<trkpt lat="45.982330" lon="6.908360">
						<ele>2039</ele>
						<time>2026-05-01T22:38:50Z</time>
					</trkpt>
					<trkpt lat="45.982380" lon="6.908320">
						<ele>2043</ele>
						<time>2026-05-01T22:38:58Z</time>
					</trkpt>
					<trkpt lat="45.982410" lon="6.908260">
						<ele>2048</ele>
						<time>2026-05-01T22:39:04Z</time>
					</trkpt>
					<trkpt lat="45.982540" lon="6.908170">
						<ele>2056</ele>
						<time>2026-05-01T22:39:24Z</time>
					</trkpt>
					<trkpt lat="45.982440" lon="6.908090">
						<ele>2058</ele>
						<time>2026-05-01T22:39:39Z</time>
					</trkpt>
					<trkpt lat="45.982390" lon="6.907970">
						<ele>2062</ele>
						<time>2026-05-01T22:39:52Z</time>
					</trkpt>
					<trkpt lat="45.982400" lon="6.907960">
						<ele>2063</ele>
						<time>2026-05-01T22:39:54Z</time>
					</trkpt>
					<trkpt lat="45.982460" lon="6.907980">
						<ele>2064</ele>
						<time>2026-05-01T22:40:02Z</time>
					</trkpt>
					<trkpt lat="45.982430" lon="6.907920">
						<ele>2066</ele>
						<time>2026-05-01T22:40:09Z</time>
					</trkpt>
					<trkpt lat="45.982500" lon="6.907910">
						<ele>2069</ele>
						<time>2026-05-01T22:40:18Z</time>
					</trkpt>
					<trkpt lat="45.982460" lon="6.907830">
						<ele>2072</ele>
						<time>2026-05-01T22:40:27Z</time>
					</trkpt>
					<trkpt lat="45.982500" lon="6.907830">
						<ele>2074</ele>
						<time>2026-05-01T22:40:33Z</time>
					</trkpt>
					<trkpt lat="45.982500" lon="6.907810">
						<ele>2075</ele>
						<time>2026-05-01T22:40:34Z</time>
					</trkpt>
					<trkpt lat="45.982460" lon="6.907770">
						<ele>2075</ele>
						<time>2026-05-01T22:40:41Z</time>
					</trkpt>
					<trkpt lat="45.982430" lon="6.907730">
						<ele>2076</ele>
						<time>2026-05-01T22:40:46Z</time>
					</trkpt>
					<trkpt lat="45.982440" lon="6.907700">
						<ele>2078</ele>
						<time>2026-05-01T22:40:49Z</time>
					</trkpt>
					<trkpt lat="45.982520" lon="6.907720">
						<ele>2080</ele>
						<time>2026-05-01T22:41:00Z</time>
					</trkpt>
					<trkpt lat="45.982520" lon="6.907680">
						<ele>2082</ele>
						<time>2026-05-01T22:41:04Z</time>
					</trkpt>
					<trkpt lat="45.982460" lon="6.907620">
						<ele>2083</ele>
						<time>2026-05-01T22:41:14Z</time>
					</trkpt>
					<trkpt lat="45.982540" lon="6.907600">
						<ele>2087</ele>
						<time>2026-05-01T22:41:25Z</time>
					</trkpt>
					<trkpt lat="45.982470" lon="6.907490">
						<ele>2090</ele>
						<time>2026-05-01T22:41:38Z</time>
					</trkpt>
					<trkpt lat="45.982460" lon="6.907400">
						<ele>2092</ele>
						<time>2026-05-01T22:41:47Z</time>
					</trkpt>
					<trkpt lat="45.982430" lon="6.907370">
						<ele>2092</ele>
						<time>2026-05-01T22:41:52Z</time>
					</trkpt>
					<trkpt lat="45.982410" lon="6.907270">
						<ele>2095</ele>
						<time>2026-05-01T22:42:01Z</time>
					</trkpt>
					<trkpt lat="45.982450" lon="6.907260">
						<ele>2097</ele>
						<time>2026-05-01T22:42:07Z</time>
					</trkpt>
					<trkpt lat="45.982510" lon="6.907290">
						<ele>2098</ele>
						<time>2026-05-01T22:42:15Z</time>
					</trkpt>
					<trkpt lat="45.982530" lon="6.907220">
						<ele>2100</ele>
						<time>2026-05-01T22:42:22Z</time>
					</trkpt>
					<trkpt lat="45.982560" lon="6.907190">
						<ele>2102</ele>
						<time>2026-05-01T22:42:27Z</time>
					</trkpt>
					<trkpt lat="45.982550" lon="6.907110">
						<ele>2104</ele>
						<time>2026-05-01T22:42:35Z</time>
					</trkpt>
					<trkpt lat="45.982500" lon="6.907080">
						<ele>2104</ele>
						<time>2026-05-01T22:42:42Z</time>
					</trkpt>
					<trkpt lat="45.982510" lon="6.907010">
						<ele>2106</ele>
						<time>2026-05-01T22:42:49Z</time>
					</trkpt>
					<trkpt lat="45.982460" lon="6.906990">
						<ele>2105</ele>
						<time>2026-05-01T22:42:55Z</time>
					</trkpt>
					<trkpt lat="45.982470" lon="6.906920">
						<ele>2108</ele>
						<time>2026-05-01T22:43:02Z</time>
					</trkpt>
					<trkpt lat="45.982460" lon="6.906900">
						<ele>2108</ele>
						<time>2026-05-01T22:43:04Z</time>
					</trkpt>
					<trkpt lat="45.982430" lon="6.906910">
						<ele>2107</ele>
						<time>2026-05-01T22:43:08Z</time>
					</trkpt>
					<trkpt lat="45.982400" lon="6.906890">
						<ele>2107</ele>
						<time>2026-05-01T22:43:13Z</time>
					</trkpt>
					<trkpt lat="45.982390" lon="6.906860">
						<ele>2107</ele>
						<time>2026-05-01T22:43:16Z</time>
					</trkpt>
					<trkpt lat="45.982430" lon="6.906810">
						<ele>2110</ele>
						<time>2026-05-01T22:43:23Z</time>
					</trkpt>
					<trkpt lat="45.982480" lon="6.906780">
						<ele>2113</ele>
						<time>2026-05-01T22:43:30Z</time>
					</trkpt>
					<trkpt lat="45.982480" lon="6.906660">
						<ele>2117</ele>
						<time>2026-05-01T22:43:41Z</time>
					</trkpt>
					<trkpt lat="45.982500" lon="6.906630">
						<ele>2118</ele>
						<time>2026-05-01T22:43:45Z</time>
					</trkpt>
					<trkpt lat="45.982460" lon="6.906600">
						<ele>2117</ele>
						<time>2026-05-01T22:43:51Z</time>
					</trkpt>
					<trkpt lat="45.982450" lon="6.906550">
						<ele>2118</ele>
						<time>2026-05-01T22:43:56Z</time>
					</trkpt>
					<trkpt lat="45.982660" lon="6.906420">
						<ele>2125</ele>
						<time>2026-05-01T22:44:27Z</time>
					</trkpt>
					<trkpt lat="45.982800" lon="6.906380">
						<ele>2128</ele>
						<time>2026-05-01T22:44:46Z</time>
					</trkpt>
					<trkpt lat="45.982930" lon="6.906420">
						<ele>2129</ele>
						<time>2026-05-01T22:45:03Z</time>
					</trkpt>
					<trkpt lat="45.983000" lon="6.906420">
						<ele>2130</ele>
						<time>2026-05-01T22:45:13Z</time>
					</trkpt>
					<trkpt lat="45.983220" lon="6.906530">
						<ele>2129</ele>
						<time>2026-05-01T22:45:44Z</time>
					</trkpt>
					<trkpt lat="45.983300" lon="6.906520">
						<ele>2131</ele>
						<time>2026-05-01T22:45:55Z</time>
					</trkpt>
					<trkpt lat="45.983390" lon="6.906530">
						<ele>2132</ele>
						<time>2026-05-01T22:46:07Z</time>
					</trkpt>
					<trkpt lat="45.983450" lon="6.906640">
						<ele>2130</ele>
						<time>2026-05-01T22:46:20Z</time>
					</trkpt>
					<trkpt lat="45.983540" lon="6.906690">
						<ele>2131</ele>
						<time>2026-05-01T22:46:32Z</time>
					</trkpt>
					<trkpt lat="45.983620" lon="6.906790">
						<ele>2131</ele>
						<time>2026-05-01T22:46:47Z</time>
					</trkpt>
					<trkpt lat="45.983710" lon="6.906840">
						<ele>2132</ele>
						<time>2026-05-01T22:46:59Z</time>
					</trkpt>
					<trkpt lat="45.984020" lon="6.907110">
						<ele>2133</ele>
						<time>2026-05-01T22:47:48Z</time>
					</trkpt>
					<trkpt lat="45.984200" lon="6.907280">
						<ele>2132</ele>
						<time>2026-05-01T22:48:17Z</time>
					</trkpt>
					<trkpt lat="45.984280" lon="6.907410">
						<ele>2130</ele>
						<time>2026-05-01T22:48:33Z</time>
					</trkpt>
					<trkpt lat="45.984440" lon="6.907440">
						<ele>2131</ele>
						<time>2026-05-01T22:48:54Z</time>
					</trkpt>
					<trkpt lat="45.984600" lon="6.907580">
						<ele>2129</ele>
						<time>2026-05-01T22:49:19Z</time>
					</trkpt>
					<trkpt lat="45.984600" lon="6.907470">
						<ele>2132</ele>
						<time>2026-05-01T22:49:29Z</time>
					</trkpt>
					<trkpt lat="45.984640" lon="6.907380">
						<ele>2134</ele>
						<time>2026-05-01T22:49:39Z</time>
					</trkpt>
					<trkpt lat="45.984760" lon="6.906920">
						<ele>2140</ele>
						<time>2026-05-01T22:50:25Z</time>
					</trkpt>
					<trkpt lat="45.984720" lon="6.906810">
						<ele>2141</ele>
						<time>2026-05-01T22:50:36Z</time>
					</trkpt>
					<trkpt lat="45.984740" lon="6.906740">
						<ele>2142</ele>
						<time>2026-05-01T22:50:43Z</time>
					</trkpt>
					<trkpt lat="45.984680" lon="6.906100">
						<ele>2142</ele>
						<time>2026-05-01T22:51:43Z</time>
					</trkpt>
					<trkpt lat="45.984690" lon="6.905920">
						<ele>2141</ele>
						<time>2026-05-01T22:52:00Z</time>
					</trkpt>
					<trkpt lat="45.984770" lon="6.905550">
						<ele>2138</ele>
						<time>2026-05-01T22:52:36Z</time>
					</trkpt>
					<trkpt lat="45.984800" lon="6.905500">
						<ele>2137</ele>
						<time>2026-05-01T22:52:42Z</time>
					</trkpt>
					<trkpt lat="45.984880" lon="6.905170">
						<ele>2134</ele>
						<time>2026-05-01T22:53:14Z</time>
					</trkpt>
					<trkpt lat="45.984870" lon="6.904990">
						<ele>2134</ele>
						<time>2026-05-01T22:53:31Z</time>
					</trkpt>
					<trkpt lat="45.984820" lon="6.904880">
						<ele>2135</ele>
						<time>2026-05-01T22:53:43Z</time>
					</trkpt>
					<trkpt lat="45.984730" lon="6.904510">
						<ele>2137</ele>
						<time>2026-05-01T22:54:20Z</time>
					</trkpt>
					<trkpt lat="45.984710" lon="6.904300">
						<ele>2137</ele>
						<time>2026-05-01T22:54:39Z</time>
					</trkpt>
					<trkpt lat="45.984710" lon="6.904200">
						<ele>2137</ele>
						<time>2026-05-01T22:54:49Z</time>
					</trkpt>
					<trkpt lat="45.984670" lon="6.904050">
						<ele>2140</ele>
						<time>2026-05-01T22:55:04Z</time>
					</trkpt>
					<trkpt lat="45.984740" lon="6.903840">
						<ele>2143</ele>
						<time>2026-05-01T22:55:25Z</time>
					</trkpt>
					<trkpt lat="45.984920" lon="6.903660">
						<ele>2143</ele>
						<time>2026-05-01T22:55:54Z</time>
					</trkpt>
					<trkpt lat="45.985075" lon="6.903550">
						<ele>2143</ele>
						<time>2026-05-01T22:56:17Z</time>
					</trkpt>
					<trkpt lat="45.985160" lon="6.903490">
						<ele>2144</ele>
						<time>2026-05-01T22:56:30Z</time>
					</trkpt>
					<trkpt lat="45.985290" lon="6.903330">
						<ele>2145</ele>
						<time>2026-05-01T22:56:53Z</time>
					</trkpt>
					<trkpt lat="45.985320" lon="6.903120">
						<ele>2146</ele>
						<time>2026-05-01T22:57:13Z</time>
					</trkpt>
					<trkpt lat="45.985310" lon="6.902820">
						<ele>2147</ele>
						<time>2026-05-01T22:57:41Z</time>
					</trkpt>
					<trkpt lat="45.985250" lon="6.902570">
						<ele>2147</ele>
						<time>2026-05-01T22:58:05Z</time>
					</trkpt>
					<trkpt lat="45.985050" lon="6.902130">
						<ele>2154</ele>
						<time>2026-05-01T22:58:54Z</time>
					</trkpt>
					<trkpt lat="45.984990" lon="6.901780">
						<ele>2162</ele>
						<time>2026-05-01T22:59:27Z</time>
					</trkpt>
					<trkpt lat="45.984720" lon="6.901330">
						<ele>2171</ele>
						<time>2026-05-01T23:00:22Z</time>
					</trkpt>
					<trkpt lat="45.984640" lon="6.900710">
						<ele>2173</ele>
						<time>2026-05-01T23:01:21Z</time>
					</trkpt>
					<trkpt lat="45.984590" lon="6.900510">
						<ele>2174</ele>
						<time>2026-05-01T23:01:41Z</time>
					</trkpt>
					<trkpt lat="45.984610" lon="6.900430">
						<ele>2174</ele>
						<time>2026-05-01T23:01:49Z</time>
					</trkpt>
					<trkpt lat="45.984560" lon="6.900250">
						<ele>2175</ele>
						<time>2026-05-01T23:02:07Z</time>
					</trkpt>
					<trkpt lat="45.984510" lon="6.900250">
						<ele>2175</ele>
						<time>2026-05-01T23:02:13Z</time>
					</trkpt>
					<trkpt lat="45.984470" lon="6.900360">
						<ele>2175</ele>
						<time>2026-05-01T23:02:25Z</time>
					</trkpt>
					<trkpt lat="45.984340" lon="6.900460">
						<ele>2176</ele>
						<time>2026-05-01T23:02:44Z</time>
					</trkpt>
					<trkpt lat="45.984110" lon="6.900470">
						<ele>2177</ele>
						<time>2026-05-01T23:03:15Z</time>
					</trkpt>
					<trkpt lat="45.983830" lon="6.900410">
						<ele>2182</ele>
						<time>2026-05-01T23:03:53Z</time>
					</trkpt>
					<trkpt lat="45.983700" lon="6.900150">
						<ele>2185</ele>
						<time>2026-05-01T23:04:23Z</time>
					</trkpt>
					<trkpt lat="45.983660" lon="6.899990">
						<ele>2187</ele>
						<time>2026-05-01T23:04:38Z</time>
					</trkpt>
					<trkpt lat="45.983490" lon="6.899890">
						<ele>2192</ele>
						<time>2026-05-01T23:05:03Z</time>
					</trkpt>
					<trkpt lat="45.983470" lon="6.899800">
						<ele>2194</ele>
						<time>2026-05-01T23:05:12Z</time>
					</trkpt>
					<trkpt lat="45.983320" lon="6.899710">
						<ele>2199</ele>
						<time>2026-05-01T23:05:33Z</time>
					</trkpt>
					<trkpt lat="45.983240" lon="6.899740">
						<ele>2198</ele>
						<time>2026-05-01T23:05:44Z</time>
					</trkpt>
					<trkpt lat="45.983100" lon="6.899850">
						<ele>2195</ele>
						<time>2026-05-01T23:06:06Z</time>
					</trkpt>
					<trkpt lat="45.982950" lon="6.899830">
						<ele>2195</ele>
						<time>2026-05-01T23:06:26Z</time>
					</trkpt>
					<trkpt lat="45.982970" lon="6.899650">
						<ele>2199</ele>
						<time>2026-05-01T23:06:43Z</time>
					</trkpt>
					<trkpt lat="45.982870" lon="6.899300">
						<ele>2206</ele>
						<time>2026-05-01T23:07:18Z</time>
					</trkpt>
					<trkpt lat="45.982920" lon="6.899060">
						<ele>2210</ele>
						<time>2026-05-01T23:07:41Z</time>
					</trkpt>
					<trkpt lat="45.982870" lon="6.898700">
						<ele>2217</ele>
						<time>2026-05-01T23:08:15Z</time>
					</trkpt>
					<trkpt lat="45.982810" lon="6.898530">
						<ele>2220</ele>
						<time>2026-05-01T23:08:33Z</time>
					</trkpt>
					<trkpt lat="45.982880" lon="6.898440">
						<ele>2221</ele>
						<time>2026-05-01T23:08:45Z</time>
					</trkpt>
					<trkpt lat="45.982940" lon="6.898410">
						<ele>2222</ele>
						<time>2026-05-01T23:08:54Z</time>
					</trkpt>
					<trkpt lat="45.982950" lon="6.898340">
						<ele>2223</ele>
						<time>2026-05-01T23:09:00Z</time>
					</trkpt>
					<trkpt lat="45.982890" lon="6.898180">
						<ele>2224</ele>
						<time>2026-05-01T23:09:17Z</time>
					</trkpt>
					<trkpt lat="45.982930" lon="6.897910">
						<ele>2225</ele>
						<time>2026-05-01T23:09:43Z</time>
					</trkpt>
					<trkpt lat="45.983070" lon="6.897730">
						<ele>2229</ele>
						<time>2026-05-01T23:10:08Z</time>
					</trkpt>
					<trkpt lat="45.983060" lon="6.897640">
						<ele>2230</ele>
						<time>2026-05-01T23:10:16Z</time>
					</trkpt>
					<trkpt lat="45.983030" lon="6.897570">
						<ele>2230</ele>
						<time>2026-05-01T23:10:24Z</time>
					</trkpt>
					<trkpt lat="45.982960" lon="6.897560">
						<ele>2228</ele>
						<time>2026-05-01T23:10:33Z</time>
					</trkpt>
					<trkpt lat="45.982870" lon="6.897500">
						<ele>2226</ele>
						<time>2026-05-01T23:10:47Z</time>
					</trkpt>
					<trkpt lat="45.982750" lon="6.897510">
						<ele>2223</ele>
						<time>2026-05-01T23:11:03Z</time>
					</trkpt>
					<trkpt lat="45.982650" lon="6.897490">
						<ele>2221</ele>
						<time>2026-05-01T23:11:16Z</time>
					</trkpt>
					<trkpt lat="45.982580" lon="6.897540">
						<ele>2219</ele>
						<time>2026-05-01T23:11:26Z</time>
					</trkpt>
					<trkpt lat="45.982613" lon="6.897483">
						<ele>2220</ele>
						<time>2026-05-01T23:11:33Z</time>
					</trkpt>
					<trkpt lat="45.982660" lon="6.897400">
						<ele>2223</ele>
						<time>2026-05-01T23:11:43Z</time>
					</trkpt>
					<trkpt lat="45.982670" lon="6.897320">
						<ele>2224</ele>
						<time>2026-05-01T23:11:51Z</time>
					</trkpt>
					<trkpt lat="45.982610" lon="6.897100">
						<ele>2227</ele>
						<time>2026-05-01T23:12:13Z</time>
					</trkpt>
					<trkpt lat="45.982580" lon="6.897030">
						<ele>2227</ele>
						<time>2026-05-01T23:12:20Z</time>
					</trkpt>
					<trkpt lat="45.982540" lon="6.896980">
						<ele>2226</ele>
						<time>2026-05-01T23:12:27Z</time>
					</trkpt>
					<trkpt lat="45.982590" lon="6.896790">
						<ele>2231</ele>
						<time>2026-05-01T23:12:46Z</time>
					</trkpt>
					<trkpt lat="45.982580" lon="6.896740">
						<ele>2232</ele>
						<time>2026-05-01T23:12:51Z</time>
					</trkpt>
					<trkpt lat="45.982620" lon="6.896650">
						<ele>2235</ele>
						<time>2026-05-01T23:13:01Z</time>
					</trkpt>
					<trkpt lat="45.982510" lon="6.896440">
						<ele>2237</ele>
						<time>2026-05-01T23:13:25Z</time>
					</trkpt>
					<trkpt lat="45.982330" lon="6.896220">
						<ele>2237</ele>
						<time>2026-05-01T23:13:57Z</time>
					</trkpt>
					<trkpt lat="45.982220" lon="6.896150">
						<ele>2234</ele>
						<time>2026-05-01T23:14:13Z</time>
					</trkpt>
					<trkpt lat="45.982160" lon="6.895920">
						<ele>2237</ele>
						<time>2026-05-01T23:14:36Z</time>
					</trkpt>
					<trkpt lat="45.982170" lon="6.895850">
						<ele>2239</ele>
						<time>2026-05-01T23:14:42Z</time>
					</trkpt>
					<trkpt lat="45.982120" lon="6.895710">
						<ele>2241</ele>
						<time>2026-05-01T23:14:57Z</time>
					</trkpt>
					<trkpt lat="45.982080" lon="6.895640">
						<ele>2242</ele>
						<time>2026-05-01T23:15:05Z</time>
					</trkpt>
					<trkpt lat="45.982030" lon="6.895580">
						<ele>2242</ele>
						<time>2026-05-01T23:15:14Z</time>
					</trkpt>
					<trkpt lat="45.982020" lon="6.895490">
						<ele>2244</ele>
						<time>2026-05-01T23:15:22Z</time>
					</trkpt>
					<trkpt lat="45.982100" lon="6.895330">
						<ele>2253</ele>
						<time>2026-05-01T23:15:41Z</time>
					</trkpt>
					<trkpt lat="45.982180" lon="6.895240">
						<ele>2258</ele>
						<time>2026-05-01T23:15:54Z</time>
					</trkpt>
					<trkpt lat="45.982230" lon="6.895150">
						<ele>2263</ele>
						<time>2026-05-01T23:16:05Z</time>
					</trkpt>
					<trkpt lat="45.982200" lon="6.895020">
						<ele>2266</ele>
						<time>2026-05-01T23:16:18Z</time>
					</trkpt>
					<trkpt lat="45.982190" lon="6.894810">
						<ele>2273</ele>
						<time>2026-05-01T23:16:37Z</time>
					</trkpt>
					<trkpt lat="45.982140" lon="6.894700">
						<ele>2275</ele>
						<time>2026-05-01T23:16:49Z</time>
					</trkpt>
					<trkpt lat="45.982180" lon="6.894370">
						<ele>2287</ele>
						<time>2026-05-01T23:17:20Z</time>
					</trkpt>
					<trkpt lat="45.982120" lon="6.894190">
						<ele>2292</ele>
						<time>2026-05-01T23:17:39Z</time>
					</trkpt>
					<trkpt lat="45.982040" lon="6.894030">
						<ele>2297</ele>
						<time>2026-05-01T23:17:57Z</time>
					</trkpt>
					<trkpt lat="45.982040" lon="6.893870">
						<ele>2301</ele>
						<time>2026-05-01T23:18:12Z</time>
					</trkpt>
					<trkpt lat="45.982060" lon="6.893670">
						<ele>2307</ele>
						<time>2026-05-01T23:18:31Z</time>
					</trkpt>
					<trkpt lat="45.982050" lon="6.893560">
						<ele>2310</ele>
						<time>2026-05-01T23:18:41Z</time>
					</trkpt>
					<trkpt lat="45.981970" lon="6.893470">
						<ele>2312</ele>
						<time>2026-05-01T23:18:55Z</time>
					</trkpt>
					<trkpt lat="45.981920" lon="6.893480">
						<ele>2311</ele>
						<time>2026-05-01T23:19:01Z</time>
					</trkpt>
					<trkpt lat="45.981890" lon="6.893570">
						<ele>2308</ele>
						<time>2026-05-01T23:19:11Z</time>
					</trkpt>
					<trkpt lat="45.981820" lon="6.893670">
						<ele>2304</ele>
						<time>2026-05-01T23:19:24Z</time>
					</trkpt>
					<trkpt lat="45.981770" lon="6.893690">
						<ele>2303</ele>
						<time>2026-05-01T23:19:31Z</time>
					</trkpt>
					<trkpt lat="45.981760" lon="6.893620">
						<ele>2305</ele>
						<time>2026-05-01T23:19:37Z</time>
					</trkpt>
					<trkpt lat="45.981740" lon="6.893610">
						<ele>2305</ele>
						<time>2026-05-01T23:19:40Z</time>
					</trkpt>
					<trkpt lat="45.981710" lon="6.893660">
						<ele>2303</ele>
						<time>2026-05-01T23:19:46Z</time>
					</trkpt>
					<trkpt lat="45.981670" lon="6.893650">
						<ele>2303</ele>
						<time>2026-05-01T23:19:52Z</time>
					</trkpt>
					<trkpt lat="45.981660" lon="6.893490">
						<ele>2307</ele>
						<time>2026-05-01T23:20:07Z</time>
					</trkpt>
					<trkpt lat="45.981630" lon="6.893420">
						<ele>2309</ele>
						<time>2026-05-01T23:20:14Z</time>
					</trkpt>
					<trkpt lat="45.981420" lon="6.893160">
						<ele>2316</ele>
						<time>2026-05-01T23:20:51Z</time>
					</trkpt>
					<trkpt lat="45.981430" lon="6.893030">
						<ele>2320</ele>
						<time>2026-05-01T23:21:03Z</time>
					</trkpt>
					<trkpt lat="45.981280" lon="6.892910">
						<ele>2323</ele>
						<time>2026-05-01T23:21:26Z</time>
					</trkpt>
					<trkpt lat="45.981250" lon="6.892800">
						<ele>2326</ele>
						<time>2026-05-01T23:21:37Z</time>
					</trkpt>
					<trkpt lat="45.981280" lon="6.892720">
						<ele>2329</ele>
						<time>2026-05-01T23:21:46Z</time>
					</trkpt>
					<trkpt lat="45.981330" lon="6.892660">
						<ele>2332</ele>
						<time>2026-05-01T23:21:54Z</time>
					</trkpt>
					<trkpt lat="45.981420" lon="6.892630">
						<ele>2334</ele>
						<time>2026-05-01T23:22:07Z</time>
					</trkpt>
					<trkpt lat="45.981420" lon="6.892570">
						<ele>2336</ele>
						<time>2026-05-01T23:22:12Z</time>
					</trkpt>
					<trkpt lat="45.981350" lon="6.892470">
						<ele>2338</ele>
						<time>2026-05-01T23:22:25Z</time>
					</trkpt>
					<trkpt lat="45.981330" lon="6.892380">
						<ele>2339</ele>
						<time>2026-05-01T23:22:34Z</time>
					</trkpt>
					<trkpt lat="45.981350" lon="6.892280">
						<ele>2342</ele>
						<time>2026-05-01T23:22:44Z</time>
					</trkpt>
					<trkpt lat="45.981460" lon="6.892260">
						<ele>2344</ele>
						<time>2026-05-01T23:22:59Z</time>
					</trkpt>
					<trkpt lat="45.981470" lon="6.892170">
						<ele>2346</ele>
						<time>2026-05-01T23:23:07Z</time>
					</trkpt>
					<trkpt lat="45.981454" lon="6.892044">
						<ele>2349</ele>
						<time>2026-05-01T23:23:19Z</time>
					</trkpt>
					<trkpt lat="45.981450" lon="6.892010">
						<ele>2350</ele>
						<time>2026-05-01T23:23:22Z</time>
					</trkpt>
					<trkpt lat="45.981440" lon="6.891880">
						<ele>2352</ele>
						<time>2026-05-01T23:23:34Z</time>
					</trkpt>
					<trkpt lat="45.981530" lon="6.891760">
						<ele>2356</ele>
						<time>2026-05-01T23:23:51Z</time>
					</trkpt>
					<trkpt lat="45.981650" lon="6.891520">
						<ele>2359</ele>
						<time>2026-05-01T23:24:18Z</time>
					</trkpt>
					<trkpt lat="45.981700" lon="6.891470">
						<ele>2360</ele>
						<time>2026-05-01T23:24:26Z</time>
					</trkpt>
					<trkpt lat="45.981730" lon="6.891390">
						<ele>2361</ele>
						<time>2026-05-01T23:24:35Z</time>
					</trkpt>
					<trkpt lat="45.981770" lon="6.891270">
						<ele>2362</ele>
						<time>2026-05-01T23:24:47Z</time>
					</trkpt>
					<trkpt lat="45.981850" lon="6.891130">
						<ele>2363</ele>
						<time>2026-05-01T23:25:04Z</time>
					</trkpt>
					<trkpt lat="45.981910" lon="6.891050">
						<ele>2364</ele>
						<time>2026-05-01T23:25:15Z</time>
					</trkpt>
					<trkpt lat="45.981950" lon="6.891030">
						<ele>2365</ele>
						<time>2026-05-01T23:25:20Z</time>
					</trkpt>
					<trkpt lat="45.981980" lon="6.891050">
						<ele>2366</ele>
						<time>2026-05-01T23:25:25Z</time>
					</trkpt>
					<trkpt lat="45.981850" lon="6.891290">
						<ele>2363</ele>
						<time>2026-05-01T23:25:53Z</time>
					</trkpt>
					<trkpt lat="45.981960" lon="6.891260">
						<ele>2366</ele>
						<time>2026-05-01T23:26:08Z</time>
					</trkpt>
					<trkpt lat="45.982110" lon="6.891190">
						<ele>2369</ele>
						<time>2026-05-01T23:26:29Z</time>
					</trkpt>
					<trkpt lat="45.982210" lon="6.891060">
						<ele>2372</ele>
						<time>2026-05-01T23:26:47Z</time>
					</trkpt>
					<trkpt lat="45.982270" lon="6.890940">
						<ele>2373</ele>
						<time>2026-05-01T23:27:01Z</time>
					</trkpt>
					<trkpt lat="45.982320" lon="6.890920">
						<ele>2374</ele>
						<time>2026-05-01T23:27:08Z</time>
					</trkpt>
					<trkpt lat="45.982500" lon="6.890670">
						<ele>2376</ele>
						<time>2026-05-01T23:27:41Z</time>
					</trkpt>
					<trkpt lat="45.982590" lon="6.890730">
						<ele>2379</ele>
						<time>2026-05-01T23:27:54Z</time>
					</trkpt>
					<trkpt lat="45.982620" lon="6.890690">
						<ele>2379</ele>
						<time>2026-05-01T23:28:00Z</time>
					</trkpt>
					<trkpt lat="45.982640" lon="6.890740">
						<ele>2380</ele>
						<time>2026-05-01T23:28:05Z</time>
					</trkpt>
					<trkpt lat="45.982760" lon="6.890600">
						<ele>2382</ele>
						<time>2026-05-01T23:28:26Z</time>
					</trkpt>
					<trkpt lat="45.982890" lon="6.890490">
						<ele>2384</ele>
						<time>2026-05-01T23:28:46Z</time>
					</trkpt>
					<trkpt lat="45.983040" lon="6.890520">
						<ele>2388</ele>
						<time>2026-05-01T23:29:06Z</time>
					</trkpt>
					<trkpt lat="45.983047" lon="6.890525">
						<ele>2388</ele>
						<time>2026-05-01T23:29:07Z</time>
					</trkpt>
					<trkpt lat="45.983120" lon="6.890580">
						<ele>2390</ele>
						<time>2026-05-01T23:29:18Z</time>
					</trkpt>
					<trkpt lat="45.983040" lon="6.890520">
						<ele>2388</ele>
						<time>2026-05-01T23:29:30Z</time>
					</trkpt>
					<trkpt lat="45.982890" lon="6.890490">
						<ele>2384</ele>
						<time>2026-05-01T23:29:50Z</time>
					</trkpt>
					<trkpt lat="45.982760" lon="6.890600">
						<ele>2382</ele>
						<time>2026-05-01T23:30:10Z</time>
					</trkpt>
					<trkpt lat="45.982640" lon="6.890740">
						<ele>2380</ele>
						<time>2026-05-01T23:30:31Z</time>
					</trkpt>
					<trkpt lat="45.982620" lon="6.890690">
						<ele>2379</ele>
						<time>2026-05-01T23:30:36Z</time>
					</trkpt>
					<trkpt lat="45.982590" lon="6.890730">
						<ele>2379</ele>
						<time>2026-05-01T23:30:42Z</time>
					</trkpt>
					<trkpt lat="45.982500" lon="6.890670">
						<ele>2376</ele>
						<time>2026-05-01T23:30:55Z</time>
					</trkpt>
					<trkpt lat="45.982320" lon="6.890920">
						<ele>2374</ele>
						<time>2026-05-01T23:31:28Z</time>
					</trkpt>
					<trkpt lat="45.982270" lon="6.890940">
						<ele>2373</ele>
						<time>2026-05-01T23:31:35Z</time>
					</trkpt>
					<trkpt lat="45.982210" lon="6.891060">
						<ele>2372</ele>
						<time>2026-05-01T23:31:49Z</time>
					</trkpt>
					<trkpt lat="45.982110" lon="6.891190">
						<ele>2369</ele>
						<time>2026-05-01T23:32:07Z</time>
					</trkpt>
					<trkpt lat="45.981960" lon="6.891260">
						<ele>2366</ele>
						<time>2026-05-01T23:32:28Z</time>
					</trkpt>
					<trkpt lat="45.981850" lon="6.891290">
						<ele>2363</ele>
						<time>2026-05-01T23:32:43Z</time>
					</trkpt>
					<trkpt lat="45.981980" lon="6.891050">
						<ele>2366</ele>
						<time>2026-05-01T23:33:11Z</time>
					</trkpt>
					<trkpt lat="45.981950" lon="6.891030">
						<ele>2365</ele>
						<time>2026-05-01T23:33:16Z</time>
					</trkpt>
					<trkpt lat="45.981910" lon="6.891050">
						<ele>2364</ele>
						<time>2026-05-01T23:33:21Z</time>
					</trkpt>
					<trkpt lat="45.981850" lon="6.891130">
						<ele>2363</ele>
						<time>2026-05-01T23:33:32Z</time>
					</trkpt>
					<trkpt lat="45.981770" lon="6.891270">
						<ele>2362</ele>
						<time>2026-05-01T23:33:49Z</time>
					</trkpt>
					<trkpt lat="45.981730" lon="6.891390">
						<ele>2361</ele>
						<time>2026-05-01T23:34:01Z</time>
					</trkpt>
					<trkpt lat="45.981700" lon="6.891470">
						<ele>2360</ele>
						<time>2026-05-01T23:34:10Z</time>
					</trkpt>
					<trkpt lat="45.981650" lon="6.891520">
						<ele>2359</ele>
						<time>2026-05-01T23:34:18Z</time>
					</trkpt>
					<trkpt lat="45.981530" lon="6.891760">
						<ele>2356</ele>
						<time>2026-05-01T23:34:45Z</time>
					</trkpt>
					<trkpt lat="45.981440" lon="6.891880">
						<ele>2352</ele>
						<time>2026-05-01T23:35:02Z</time>
					</trkpt>
					<trkpt lat="45.981440" lon="6.891870">
						<ele>2352</ele>
						<time>2026-05-01T23:35:03Z</time>
					</trkpt>
					<trkpt lat="45.981400" lon="6.891790">
						<ele>2354</ele>
						<time>2026-05-01T23:35:12Z</time>
					</trkpt>
					<trkpt lat="45.981280" lon="6.891580">
						<ele>2355</ele>
						<time>2026-05-01T23:35:37Z</time>
					</trkpt>
					<trkpt lat="45.981220" lon="6.891580">
						<ele>2355</ele>
						<time>2026-05-01T23:35:45Z</time>
					</trkpt>
					<trkpt lat="45.981170" lon="6.891550">
						<ele>2354</ele>
						<time>2026-05-01T23:35:52Z</time>
					</trkpt>
					<trkpt lat="45.981060" lon="6.891320">
						<ele>2354</ele>
						<time>2026-05-01T23:36:18Z</time>
					</trkpt>
					<trkpt lat="45.981000" lon="6.891250">
						<ele>2355</ele>
						<time>2026-05-01T23:36:28Z</time>
					</trkpt>
					<trkpt lat="45.980680" lon="6.891250">
						<ele>2352</ele>
						<time>2026-05-01T23:37:11Z</time>
					</trkpt>
					<trkpt lat="45.980390" lon="6.891310">
						<ele>2348</ele>
						<time>2026-05-01T23:37:50Z</time>
					</trkpt>
					<trkpt lat="45.980210" lon="6.891290">
						<ele>2346</ele>
						<time>2026-05-01T23:38:14Z</time>
					</trkpt>
					<trkpt lat="45.980130" lon="6.891410">
						<ele>2343</ele>
						<time>2026-05-01T23:38:30Z</time>
					</trkpt>
					<trkpt lat="45.980070" lon="6.891330">
						<ele>2344</ele>
						<time>2026-05-01T23:38:41Z</time>
					</trkpt>
					<trkpt lat="45.980020" lon="6.891010">
						<ele>2350</ele>
						<time>2026-05-01T23:39:11Z</time>
					</trkpt>
					<trkpt lat="45.980000" lon="6.890970">
						<ele>2350</ele>
						<time>2026-05-01T23:39:16Z</time>
					</trkpt>
					<trkpt lat="45.979950" lon="6.891110">
						<ele>2346</ele>
						<time>2026-05-01T23:39:30Z</time>
					</trkpt>
					<trkpt lat="45.979900" lon="6.891290">
						<ele>2341</ele>
						<time>2026-05-01T23:39:48Z</time>
					</trkpt>
					<trkpt lat="45.979820" lon="6.891400">
						<ele>2337</ele>
						<time>2026-05-01T23:40:03Z</time>
					</trkpt>
					<trkpt lat="45.979810" lon="6.891530">
						<ele>2334</ele>
						<time>2026-05-01T23:40:15Z</time>
					</trkpt>
					<trkpt lat="45.979780" lon="6.891630">
						<ele>2331</ele>
						<time>2026-05-01T23:40:25Z</time>
					</trkpt>
					<trkpt lat="45.979750" lon="6.891610">
						<ele>2330</ele>
						<time>2026-05-01T23:40:30Z</time>
					</trkpt>
					<trkpt lat="45.979660" lon="6.891460">
						<ele>2331</ele>
						<time>2026-05-01T23:40:48Z</time>
					</trkpt>
					<trkpt lat="45.979480" lon="6.891400">
						<ele>2327</ele>
						<time>2026-05-01T23:41:13Z</time>
					</trkpt>
					<trkpt lat="45.979320" lon="6.891420">
						<ele>2323</ele>
						<time>2026-05-01T23:41:34Z</time>
					</trkpt>
					<trkpt lat="45.978950" lon="6.891630">
						<ele>2308</ele>
						<time>2026-05-01T23:42:27Z</time>
					</trkpt>
					<trkpt lat="45.978870" lon="6.891630">
						<ele>2306</ele>
						<time>2026-05-01T23:42:38Z</time>
					</trkpt>
					<trkpt lat="45.978680" lon="6.891570">
						<ele>2302</ele>
						<time>2026-05-01T23:43:04Z</time>
					</trkpt>
					<trkpt lat="45.978590" lon="6.891610">
						<ele>2299</ele>
						<time>2026-05-01T23:43:16Z</time>
					</trkpt>
					<trkpt lat="45.978340" lon="6.891880">
						<ele>2285</ele>
						<time>2026-05-01T23:43:58Z</time>
					</trkpt>
					<trkpt lat="45.978230" lon="6.892030">
						<ele>2277</ele>
						<time>2026-05-01T23:44:18Z</time>
					</trkpt>
					<trkpt lat="45.978140" lon="6.892040">
						<ele>2274</ele>
						<time>2026-05-01T23:44:30Z</time>
					</trkpt>
					<trkpt lat="45.978000" lon="6.891950">
						<ele>2273</ele>
						<time>2026-05-01T23:44:51Z</time>
					</trkpt>
					<trkpt lat="45.977960" lon="6.891960">
						<ele>2271</ele>
						<time>2026-05-01T23:44:56Z</time>
					</trkpt>
					<trkpt lat="45.977910" lon="6.892040">
						<ele>2267</ele>
						<time>2026-05-01T23:45:06Z</time>
					</trkpt>
					<trkpt lat="45.977880" lon="6.892220">
						<ele>2261</ele>
						<time>2026-05-01T23:45:23Z</time>
					</trkpt>
					<trkpt lat="45.977930" lon="6.892380">
						<ele>2258</ele>
						<time>2026-05-01T23:45:40Z</time>
					</trkpt>
					<trkpt lat="45.977980" lon="6.892500">
						<ele>2256</ele>
						<time>2026-05-01T23:45:53Z</time>
					</trkpt>
					<trkpt lat="45.977950" lon="6.892600">
						<ele>2250</ele>
						<time>2026-05-01T23:46:03Z</time>
					</trkpt>
					<trkpt lat="45.977880" lon="6.892620">
						<ele>2247</ele>
						<time>2026-05-01T23:46:12Z</time>
					</trkpt>
					<trkpt lat="45.977840" lon="6.892610">
						<ele>2246</ele>
						<time>2026-05-01T23:46:18Z</time>
					</trkpt>
					<trkpt lat="45.977730" lon="6.892490">
						<ele>2248</ele>
						<time>2026-05-01T23:46:36Z</time>
					</trkpt>
					<trkpt lat="45.977480" lon="6.892430">
						<ele>2241</ele>
						<time>2026-05-01T23:47:10Z</time>
					</trkpt>
					<trkpt lat="45.977460" lon="6.892460">
						<ele>2240</ele>
						<time>2026-05-01T23:47:14Z</time>
					</trkpt>
					<trkpt lat="45.977450" lon="6.892500">
						<ele>2238</ele>
						<time>2026-05-01T23:47:18Z</time>
					</trkpt>
					<trkpt lat="45.977480" lon="6.892570">
						<ele>2237</ele>
						<time>2026-05-01T23:47:25Z</time>
					</trkpt>
					<trkpt lat="45.977500" lon="6.892640">
						<ele>2235</ele>
						<time>2026-05-01T23:47:32Z</time>
					</trkpt>
					<trkpt lat="45.977480" lon="6.892670">
						<ele>2233</ele>
						<time>2026-05-01T23:47:36Z</time>
					</trkpt>
					<trkpt lat="45.977440" lon="6.892670">
						<ele>2232</ele>
						<time>2026-05-01T23:47:41Z</time>
					</trkpt>
					<trkpt lat="45.977380" lon="6.892750">
						<ele>2227</ele>
						<time>2026-05-01T23:47:52Z</time>
					</trkpt>
					<trkpt lat="45.977320" lon="6.892750">
						<ele>2225</ele>
						<time>2026-05-01T23:48:00Z</time>
					</trkpt>
					<trkpt lat="45.977230" lon="6.892640">
						<ele>2226</ele>
						<time>2026-05-01T23:48:16Z</time>
					</trkpt>
					<trkpt lat="45.977090" lon="6.892720">
						<ele>2219</ele>
						<time>2026-05-01T23:48:36Z</time>
					</trkpt>
					<trkpt lat="45.977050" lon="6.892800">
						<ele>2215</ele>
						<time>2026-05-01T23:48:45Z</time>
					</trkpt>
					<trkpt lat="45.977080" lon="6.892850">
						<ele>2214</ele>
						<time>2026-05-01T23:48:52Z</time>
					</trkpt>
					<trkpt lat="45.976910" lon="6.892800">
						<ele>2211</ele>
						<time>2026-05-01T23:49:15Z</time>
					</trkpt>
					<trkpt lat="45.976800" lon="6.892740">
						<ele>2209</ele>
						<time>2026-05-01T23:49:30Z</time>
					</trkpt>
					<trkpt lat="45.976660" lon="6.892820">
						<ele>2202</ele>
						<time>2026-05-01T23:49:50Z</time>
					</trkpt>
					<trkpt lat="45.976320" lon="6.892940">
						<ele>2193</ele>
						<time>2026-05-01T23:50:37Z</time>
					</trkpt>
					<trkpt lat="45.976200" lon="6.893150">
						<ele>2187</ele>
						<time>2026-05-01T23:51:02Z</time>
					</trkpt>
					<trkpt lat="45.976150" lon="6.893080">
						<ele>2188</ele>
						<time>2026-05-01T23:51:12Z</time>
					</trkpt>
					<trkpt lat="45.976010" lon="6.893170">
						<ele>2184</ele>
						<time>2026-05-01T23:51:32Z</time>
					</trkpt>
					<trkpt lat="45.975900" lon="6.893160">
						<ele>2183</ele>
						<time>2026-05-01T23:51:47Z</time>
					</trkpt>
					<trkpt lat="45.975810" lon="6.893050">
						<ele>2183</ele>
						<time>2026-05-01T23:52:03Z</time>
					</trkpt>
					<trkpt lat="45.975630" lon="6.893020">
						<ele>2182</ele>
						<time>2026-05-01T23:52:27Z</time>
					</trkpt>
					<trkpt lat="45.975410" lon="6.892900">
						<ele>2183</ele>
						<time>2026-05-01T23:52:58Z</time>
					</trkpt>
					<trkpt lat="45.975260" lon="6.892920">
						<ele>2181</ele>
						<time>2026-05-01T23:53:18Z</time>
					</trkpt>
					<trkpt lat="45.975100" lon="6.893040">
						<ele>2177</ele>
						<time>2026-05-01T23:53:42Z</time>
					</trkpt>
					<trkpt lat="45.975040" lon="6.893030">
						<ele>2177</ele>
						<time>2026-05-01T23:53:50Z</time>
					</trkpt>
					<trkpt lat="45.974920" lon="6.893160">
						<ele>2170</ele>
						<time>2026-05-01T23:54:11Z</time>
					</trkpt>
					<trkpt lat="45.974800" lon="6.893160">
						<ele>2167</ele>
						<time>2026-05-01T23:54:27Z</time>
					</trkpt>
					<trkpt lat="45.974710" lon="6.893240">
						<ele>2162</ele>
						<time>2026-05-01T23:54:41Z</time>
					</trkpt>
					<trkpt lat="45.974660" lon="6.893330">
						<ele>2157</ele>
						<time>2026-05-01T23:54:51Z</time>
					</trkpt>
					<trkpt lat="45.974560" lon="6.893360">
						<ele>2154</ele>
						<time>2026-05-01T23:55:05Z</time>
					</trkpt>
					<trkpt lat="45.974290" lon="6.893260">
						<ele>2148</ele>
						<time>2026-05-01T23:55:42Z</time>
					</trkpt>
					<trkpt lat="45.974170" lon="6.893050">
						<ele>2150</ele>
						<time>2026-05-01T23:56:07Z</time>
					</trkpt>
					<trkpt lat="45.974040" lon="6.893080">
						<ele>2143</ele>
						<time>2026-05-01T23:56:25Z</time>
					</trkpt>
					<trkpt lat="45.973950" lon="6.893190">
						<ele>2136</ele>
						<time>2026-05-01T23:56:41Z</time>
					</trkpt>
					<trkpt lat="45.973870" lon="6.893080">
						<ele>2136</ele>
						<time>2026-05-01T23:56:55Z</time>
					</trkpt>
					<trkpt lat="45.973840" lon="6.893200">
						<ele>2131</ele>
						<time>2026-05-01T23:57:07Z</time>
					</trkpt>
					<trkpt lat="45.973780" lon="6.893020">
						<ele>2133</ele>
						<time>2026-05-01T23:57:26Z</time>
					</trkpt>
					<trkpt lat="45.973750" lon="6.893070">
						<ele>2130</ele>
						<time>2026-05-01T23:57:32Z</time>
					</trkpt>
					<trkpt lat="45.973670" lon="6.893060">
						<ele>2127</ele>
						<time>2026-05-01T23:57:43Z</time>
					</trkpt>
					<trkpt lat="45.973620" lon="6.892990">
						<ele>2127</ele>
						<time>2026-05-01T23:57:52Z</time>
					</trkpt>
					<trkpt lat="45.973290" lon="6.892850">
						<ele>2114</ele>
						<time>2026-05-01T23:58:38Z</time>
					</trkpt>
					<trkpt lat="45.973140" lon="6.892860">
						<ele>2107</ele>
						<time>2026-05-01T23:58:58Z</time>
					</trkpt>
					<trkpt lat="45.972970" lon="6.892820">
						<ele>2100</ele>
						<time>2026-05-01T23:59:21Z</time>
					</trkpt>
					<trkpt lat="45.972930" lon="6.892850">
						<ele>2098</ele>
						<time>2026-05-01T23:59:27Z</time>
					</trkpt>
					<trkpt lat="45.972770" lon="6.892580">
						<ele>2095</ele>
						<time>2026-05-02T00:00:00Z</time>
					</trkpt>
					<trkpt lat="45.972640" lon="6.892550">
						<ele>2089</ele>
						<time>2026-05-02T00:00:17Z</time>
					</trkpt>
					<trkpt lat="45.972150" lon="6.892120">
						<ele>2075</ele>
						<time>2026-05-02T00:01:34Z</time>
					</trkpt>
					<trkpt lat="45.971860" lon="6.891980">
						<ele>2065</ele>
						<time>2026-05-02T00:02:15Z</time>
					</trkpt>
					<trkpt lat="45.971860" lon="6.891860">
						<ele>2067</ele>
						<time>2026-05-02T00:02:26Z</time>
					</trkpt>
					<trkpt lat="45.971780" lon="6.891700">
						<ele>2066</ele>
						<time>2026-05-02T00:02:44Z</time>
					</trkpt>
					<trkpt lat="45.971800" lon="6.891530">
						<ele>2071</ele>
						<time>2026-05-02T00:03:00Z</time>
					</trkpt>
					<trkpt lat="45.971730" lon="6.891400">
						<ele>2071</ele>
						<time>2026-05-02T00:03:15Z</time>
					</trkpt>
					<trkpt lat="45.971580" lon="6.891240">
						<ele>2069</ele>
						<time>2026-05-02T00:03:40Z</time>
					</trkpt>
					<trkpt lat="45.971210" lon="6.890620">
						<ele>2069</ele>
						<time>2026-05-02T00:04:56Z</time>
					</trkpt>
					<trkpt lat="45.971030" lon="6.890450">
						<ele>2066</ele>
						<time>2026-05-02T00:05:25Z</time>
					</trkpt>
					<trkpt lat="45.970770" lon="6.890280">
						<ele>2061</ele>
						<time>2026-05-02T00:06:03Z</time>
					</trkpt>
					<trkpt lat="45.970710" lon="6.890150">
						<ele>2062</ele>
						<time>2026-05-02T00:06:18Z</time>
					</trkpt>
					<trkpt lat="45.970250" lon="6.889700">
						<ele>2051</ele>
						<time>2026-05-02T00:07:32Z</time>
					</trkpt>
					<trkpt lat="45.970220" lon="6.889600">
						<ele>2052</ele>
						<time>2026-05-02T00:07:42Z</time>
					</trkpt>
					<trkpt lat="45.970070" lon="6.889420">
						<ele>2049</ele>
						<time>2026-05-02T00:08:08Z</time>
					</trkpt>
					<trkpt lat="45.969930" lon="6.889280">
						<ele>2046</ele>
						<time>2026-05-02T00:08:31Z</time>
					</trkpt>
					<trkpt lat="45.969780" lon="6.889270">
						<ele>2040</ele>
						<time>2026-05-02T00:08:51Z</time>
					</trkpt>
					<trkpt lat="45.969780" lon="6.889160">
						<ele>2043</ele>
						<time>2026-05-02T00:09:01Z</time>
					</trkpt>
					<trkpt lat="45.969840" lon="6.888740">
						<ele>2047</ele>
						<time>2026-05-02T00:09:41Z</time>
					</trkpt>
					<trkpt lat="45.969820" lon="6.888530">
						<ele>2046</ele>
						<time>2026-05-02T00:10:00Z</time>
					</trkpt>
					<trkpt lat="45.969870" lon="6.888260">
						<ele>2048</ele>
						<time>2026-05-02T00:10:26Z</time>
					</trkpt>
					<trkpt lat="45.969800" lon="6.888040">
						<ele>2045</ele>
						<time>2026-05-02T00:10:49Z</time>
					</trkpt>
					<trkpt lat="45.969610" lon="6.887850">
						<ele>2038</ele>
						<time>2026-05-02T00:11:20Z</time>
					</trkpt>
					<trkpt lat="45.969380" lon="6.887690">
						<ele>2030</ele>
						<time>2026-05-02T00:11:54Z</time>
					</trkpt>
					<trkpt lat="45.969320" lon="6.887560">
						<ele>2028</ele>
						<time>2026-05-02T00:12:08Z</time>
					</trkpt>
					<trkpt lat="45.969310" lon="6.887460">
						<ele>2028</ele>
						<time>2026-05-02T00:12:18Z</time>
					</trkpt>
					<trkpt lat="45.969050" lon="6.887360">
						<ele>2020</ele>
						<time>2026-05-02T00:12:53Z</time>
					</trkpt>
					<trkpt lat="45.968880" lon="6.887330">
						<ele>2017</ele>
						<time>2026-05-02T00:13:16Z</time>
					</trkpt>
					<trkpt lat="45.968660" lon="6.887330">
						<ele>2013</ele>
						<time>2026-05-02T00:13:46Z</time>
					</trkpt>
					<trkpt lat="45.968500" lon="6.887410">
						<ele>2010</ele>
						<time>2026-05-02T00:14:08Z</time>
					</trkpt>
					<trkpt lat="45.968320" lon="6.887450">
						<ele>2007</ele>
						<time>2026-05-02T00:14:33Z</time>
					</trkpt>
					<trkpt lat="45.968270" lon="6.887400">
						<ele>2005</ele>
						<time>2026-05-02T00:14:41Z</time>
					</trkpt>
					<trkpt lat="45.968100" lon="6.887220">
						<ele>2001</ele>
						<time>2026-05-02T00:15:09Z</time>
					</trkpt>
					<trkpt lat="45.967980" lon="6.887200">
						<ele>1999</ele>
						<time>2026-05-02T00:15:25Z</time>
					</trkpt>
					<trkpt lat="45.967840" lon="6.887250">
						<ele>1996</ele>
						<time>2026-05-02T00:15:44Z</time>
					</trkpt>
					<trkpt lat="45.967620" lon="6.887280">
						<ele>1991</ele>
						<time>2026-05-02T00:16:14Z</time>
					</trkpt>
					<trkpt lat="45.967470" lon="6.887130">
						<ele>1988</ele>
						<time>2026-05-02T00:16:38Z</time>
					</trkpt>
					<trkpt lat="45.967300" lon="6.887120">
						<ele>1984</ele>
						<time>2026-05-02T00:17:01Z</time>
					</trkpt>
					<trkpt lat="45.966800" lon="6.886890">
						<ele>1976</ele>
						<time>2026-05-02T00:18:11Z</time>
					</trkpt>
					<trkpt lat="45.966640" lon="6.887070">
						<ele>1970</ele>
						<time>2026-05-02T00:18:38Z</time>
					</trkpt>
					<trkpt lat="45.966580" lon="6.886980">
						<ele>1969</ele>
						<time>2026-05-02T00:18:49Z</time>
					</trkpt>
					<trkpt lat="45.966550" lon="6.886880">
						<ele>1970</ele>
						<time>2026-05-02T00:19:00Z</time>
					</trkpt>
					<trkpt lat="45.966520" lon="6.886870">
						<ele>1969</ele>
						<time>2026-05-02T00:19:04Z</time>
					</trkpt>
					<trkpt lat="45.966520" lon="6.886870">
						<ele>1969</ele>
						<time>2026-05-02T00:19:04Z</time>
					</trkpt>
					<trkpt lat="45.966300" lon="6.886950">
						<ele>1963</ele>
						<time>2026-05-02T00:19:34Z</time>
					</trkpt>
					<trkpt lat="45.966150" lon="6.887040">
						<ele>1957</ele>
						<time>2026-05-02T00:19:56Z</time>
					</trkpt>
					<trkpt lat="45.965750" lon="6.887220">
						<ele>1943</ele>
						<time>2026-05-02T00:20:52Z</time>
					</trkpt>
					<trkpt lat="45.965670" lon="6.887220">
						<ele>1940</ele>
						<time>2026-05-02T00:21:02Z</time>
					</trkpt>
					<trkpt lat="45.965620" lon="6.887180">
						<ele>1939</ele>
						<time>2026-05-02T00:21:10Z</time>
					</trkpt>
					<trkpt lat="45.965580" lon="6.887130">
						<ele>1938</ele>
						<time>2026-05-02T00:21:17Z</time>
					</trkpt>
					<trkpt lat="45.965420" lon="6.886780">
						<ele>1937</ele>
						<time>2026-05-02T00:21:56Z</time>
					</trkpt>
					<trkpt lat="45.965230" lon="6.886480">
						<ele>1932</ele>
						<time>2026-05-02T00:22:33Z</time>
					</trkpt>
					<trkpt lat="45.965100" lon="6.886350">
						<ele>1928</ele>
						<time>2026-05-02T00:22:55Z</time>
					</trkpt>
					<trkpt lat="45.964940" lon="6.886270">
						<ele>1921</ele>
						<time>2026-05-02T00:23:17Z</time>
					</trkpt>
					<trkpt lat="45.964790" lon="6.886220">
						<ele>1916</ele>
						<time>2026-05-02T00:23:38Z</time>
					</trkpt>
					<trkpt lat="45.964680" lon="6.886150">
						<ele>1912</ele>
						<time>2026-05-02T00:23:54Z</time>
					</trkpt>
					<trkpt lat="45.964510" lon="6.885880">
						<ele>1909</ele>
						<time>2026-05-02T00:24:28Z</time>
					</trkpt>
					<trkpt lat="45.964410" lon="6.885790">
						<ele>1907</ele>
						<time>2026-05-02T00:24:43Z</time>
					</trkpt>
					<trkpt lat="45.964180" lon="6.885700">
						<ele>1901</ele>
						<time>2026-05-02T00:25:15Z</time>
					</trkpt>
					<trkpt lat="45.964130" lon="6.885760">
						<ele>1898</ele>
						<time>2026-05-02T00:25:24Z</time>
					</trkpt>
					<trkpt lat="45.964040" lon="6.885700">
						<ele>1898</ele>
						<time>2026-05-02T00:25:37Z</time>
					</trkpt>
					<trkpt lat="45.963940" lon="6.885710">
						<ele>1894</ele>
						<time>2026-05-02T00:25:50Z</time>
					</trkpt>
					<trkpt lat="45.963610" lon="6.885990">
						<ele>1878</ele>
						<time>2026-05-02T00:26:42Z</time>
					</trkpt>
					<trkpt lat="45.963230" lon="6.886190">
						<ele>1867</ele>
						<time>2026-05-02T00:27:36Z</time>
					</trkpt>
					<trkpt lat="45.962810" lon="6.886590">
						<ele>1858</ele>
						<time>2026-05-02T00:28:43Z</time>
					</trkpt>
					<trkpt lat="45.962710" lon="6.886780">
						<ele>1854</ele>
						<time>2026-05-02T00:29:05Z</time>
					</trkpt>
					<trkpt lat="45.962570" lon="6.886910">
						<ele>1852</ele>
						<time>2026-05-02T00:29:27Z</time>
					</trkpt>
					<trkpt lat="45.962340" lon="6.887000">
						<ele>1854</ele>
						<time>2026-05-02T00:29:59Z</time>
					</trkpt>
					<trkpt lat="45.962140" lon="6.887160">
						<ele>1856</ele>
						<time>2026-05-02T00:30:29Z</time>
					</trkpt>
					<trkpt lat="45.961980" lon="6.887440">
						<ele>1854</ele>
						<time>2026-05-02T00:31:03Z</time>
					</trkpt>
					<trkpt lat="45.961750" lon="6.887970">
						<ele>1851</ele>
						<time>2026-05-02T00:32:01Z</time>
					</trkpt>
					<trkpt lat="45.961769" lon="6.888032">
						<ele>1850</ele>
						<time>2026-05-02T00:32:07Z</time>
					</trkpt>
					<trkpt lat="45.961800" lon="6.888130">
						<ele>1849</ele>
						<time>2026-05-02T00:32:17Z</time>
					</trkpt>
					<trkpt lat="45.961750" lon="6.887970">
						<ele>1851</ele>
						<time>2026-05-02T00:32:34Z</time>
					</trkpt>
					<trkpt lat="45.961980" lon="6.887440">
						<ele>1854</ele>
						<time>2026-05-02T00:33:32Z</time>
					</trkpt>
					<trkpt lat="45.961930" lon="6.887180">
						<ele>1859</ele>
						<time>2026-05-02T00:33:57Z</time>
					</trkpt>
					<trkpt lat="45.961890" lon="6.886710">
						<ele>1869</ele>
						<time>2026-05-02T00:34:41Z</time>
					</trkpt>
					<trkpt lat="45.961910" lon="6.886510">
						<ele>1876</ele>
						<time>2026-05-02T00:34:59Z</time>
					</trkpt>
					<trkpt lat="45.961980" lon="6.886350">
						<ele>1880</ele>
						<time>2026-05-02T00:35:17Z</time>
					</trkpt>
					<trkpt lat="45.961990" lon="6.886240">
						<ele>1884</ele>
						<time>2026-05-02T00:35:27Z</time>
					</trkpt>
					<trkpt lat="45.961900" lon="6.886220">
						<ele>1888</ele>
						<time>2026-05-02T00:35:39Z</time>
					</trkpt>
					<trkpt lat="45.961430" lon="6.886740">
						<ele>1879</ele>
						<time>2026-05-02T00:36:58Z</time>
					</trkpt>
					<trkpt lat="45.961110" lon="6.886880">
						<ele>1883</ele>
						<time>2026-05-02T00:37:43Z</time>
					</trkpt>
					<trkpt lat="45.961070" lon="6.886870">
						<ele>1884</ele>
						<time>2026-05-02T00:37:48Z</time>
					</trkpt>
					<trkpt lat="45.961110" lon="6.886880">
						<ele>1883</ele>
						<time>2026-05-02T00:37:54Z</time>
					</trkpt>
					<trkpt lat="45.961040" lon="6.886980">
						<ele>1881</ele>
						<time>2026-05-02T00:38:07Z</time>
					</trkpt>
					<trkpt lat="45.960580" lon="6.887170">
						<ele>1877</ele>
						<time>2026-05-02T00:39:11Z</time>
					</trkpt>
					<trkpt lat="45.960380" lon="6.887190">
						<ele>1874</ele>
						<time>2026-05-02T00:39:38Z</time>
					</trkpt>
					<trkpt lat="45.960230" lon="6.887130">
						<ele>1873</ele>
						<time>2026-05-02T00:39:58Z</time>
					</trkpt>
					<trkpt lat="45.960210" lon="6.887090">
						<ele>1874</ele>
						<time>2026-05-02T00:40:03Z</time>
					</trkpt>
					<trkpt lat="45.960130" lon="6.887080">
						<ele>1873</ele>
						<time>2026-05-02T00:40:14Z</time>
					</trkpt>
					<trkpt lat="45.960080" lon="6.887110">
						<ele>1872</ele>
						<time>2026-05-02T00:40:21Z</time>
					</trkpt>
					<trkpt lat="45.959930" lon="6.887150">
						<ele>1867</ele>
						<time>2026-05-02T00:40:41Z</time>
					</trkpt>
					<trkpt lat="45.959940" lon="6.887020">
						<ele>1870</ele>
						<time>2026-05-02T00:40:53Z</time>
					</trkpt>
					<trkpt lat="45.959920" lon="6.886910">
						<ele>1870</ele>
						<time>2026-05-02T00:41:04Z</time>
					</trkpt>
					<trkpt lat="45.959930" lon="6.886780">
						<ele>1873</ele>
						<time>2026-05-02T00:41:16Z</time>
					</trkpt>
					<trkpt lat="45.959970" lon="6.886730">
						<ele>1876</ele>
						<time>2026-05-02T00:41:23Z</time>
					</trkpt>
					<trkpt lat="45.959990" lon="6.886620">
						<ele>1878</ele>
						<time>2026-05-02T00:41:34Z</time>
					</trkpt>
					<trkpt lat="45.959990" lon="6.886480">
						<ele>1879</ele>
						<time>2026-05-02T00:41:47Z</time>
					</trkpt>
					<trkpt lat="45.959980" lon="6.886380">
						<ele>1879</ele>
						<time>2026-05-02T00:41:56Z</time>
					</trkpt>
					<trkpt lat="45.959920" lon="6.886200">
						<ele>1877</ele>
						<time>2026-05-02T00:42:15Z</time>
					</trkpt>
					<trkpt lat="45.959870" lon="6.886120">
						<ele>1875</ele>
						<time>2026-05-02T00:42:25Z</time>
					</trkpt>
					<trkpt lat="45.959740" lon="6.886070">
						<ele>1870</ele>
						<time>2026-05-02T00:42:43Z</time>
					</trkpt>
					<trkpt lat="45.959690" lon="6.886010">
						<ele>1868</ele>
						<time>2026-05-02T00:42:51Z</time>
					</trkpt>
					<trkpt lat="45.959650" lon="6.885920">
						<ele>1867</ele>
						<time>2026-05-02T00:43:01Z</time>
					</trkpt>
					<trkpt lat="45.959640" lon="6.885780">
						<ele>1868</ele>
						<time>2026-05-02T00:43:14Z</time>
					</trkpt>
					<trkpt lat="45.959610" lon="6.885700">
						<ele>1869</ele>
						<time>2026-05-02T00:43:23Z</time>
					</trkpt>
					<trkpt lat="45.959550" lon="6.885590">
						<ele>1868</ele>
						<time>2026-05-02T00:43:36Z</time>
					</trkpt>
					<trkpt lat="45.959380" lon="6.885190">
						<ele>1868</ele>
						<time>2026-05-02T00:44:19Z</time>
					</trkpt>
					<trkpt lat="45.959340" lon="6.885130">
						<ele>1867</ele>
						<time>2026-05-02T00:44:27Z</time>
					</trkpt>
					<trkpt lat="45.959270" lon="6.885070">
						<ele>1865</ele>
						<time>2026-05-02T00:44:38Z</time>
					</trkpt>
					<trkpt lat="45.959160" lon="6.885020">
						<ele>1861</ele>
						<time>2026-05-02T00:44:53Z</time>
					</trkpt>
					<trkpt lat="45.959140" lon="6.884940">
						<ele>1862</ele>
						<time>2026-05-02T00:45:01Z</time>
					</trkpt>
					<trkpt lat="45.959010" lon="6.884750">
						<ele>1859</ele>
						<time>2026-05-02T00:45:26Z</time>
					</trkpt>
					<trkpt lat="45.958960" lon="6.884610">
						<ele>1860</ele>
						<time>2026-05-02T00:45:40Z</time>
					</trkpt>
					<trkpt lat="45.958930" lon="6.884470">
						<ele>1861</ele>
						<time>2026-05-02T00:45:54Z</time>
					</trkpt>
					<trkpt lat="45.958940" lon="6.884320">
						<ele>1864</ele>
						<time>2026-05-02T00:46:08Z</time>
					</trkpt>
					<trkpt lat="45.958910" lon="6.884130">
						<ele>1866</ele>
						<time>2026-05-02T00:46:26Z</time>
					</trkpt>
					<trkpt lat="45.958850" lon="6.883930">
						<ele>1866</ele>
						<time>2026-05-02T00:46:46Z</time>
					</trkpt>
					<trkpt lat="45.958910" lon="6.883720">
						<ele>1872</ele>
						<time>2026-05-02T00:47:07Z</time>
					</trkpt>
					<trkpt lat="45.958710" lon="6.883260">
						<ele>1869</ele>
						<time>2026-05-02T00:47:58Z</time>
					</trkpt>
					<trkpt lat="45.958700" lon="6.883100">
						<ele>1872</ele>
						<time>2026-05-02T00:48:12Z</time>
					</trkpt>
					<trkpt lat="45.958570" lon="6.882650">
						<ele>1874</ele>
						<time>2026-05-02T00:48:58Z</time>
					</trkpt>
					<trkpt lat="45.958470" lon="6.882500">
						<ele>1870</ele>
						<time>2026-05-02T00:49:17Z</time>
					</trkpt>
					<trkpt lat="45.958380" lon="6.882130">
						<ele>1865</ele>
						<time>2026-05-02T00:49:53Z</time>
					</trkpt>
					<trkpt lat="45.958320" lon="6.881780">
						<ele>1863</ele>
						<time>2026-05-02T00:50:27Z</time>
					</trkpt>
					<trkpt lat="45.958300" lon="6.881550">
						<ele>1860</ele>
						<time>2026-05-02T00:50:48Z</time>
					</trkpt>
					<trkpt lat="45.958270" lon="6.881250">
						<ele>1853</ele>
						<time>2026-05-02T00:51:16Z</time>
					</trkpt>
					<trkpt lat="45.958360" lon="6.880930">
						<ele>1853</ele>
						<time>2026-05-02T00:51:48Z</time>
					</trkpt>
					<trkpt lat="45.958370" lon="6.880750">
						<ele>1850</ele>
						<time>2026-05-02T00:52:05Z</time>
					</trkpt>
					<trkpt lat="45.958300" lon="6.880730">
						<ele>1844</ele>
						<time>2026-05-02T00:52:15Z</time>
					</trkpt>
					<trkpt lat="45.958430" lon="6.880630">
						<ele>1851</ele>
						<time>2026-05-02T00:52:34Z</time>
					</trkpt>
					<trkpt lat="45.958720" lon="6.880250">
						<ele>1864</ele>
						<time>2026-05-02T00:53:27Z</time>
					</trkpt>
					<trkpt lat="45.958820" lon="6.879860">
						<ele>1863</ele>
						<time>2026-05-02T00:54:05Z</time>
					</trkpt>
					<trkpt lat="45.959040" lon="6.879670">
						<ele>1876</ele>
						<time>2026-05-02T00:54:39Z</time>
					</trkpt>
					<trkpt lat="45.959200" lon="6.879210">
						<ele>1876</ele>
						<time>2026-05-02T00:55:27Z</time>
					</trkpt>
					<trkpt lat="45.959250" lon="6.878940">
						<ele>1880</ele>
						<time>2026-05-02T00:55:53Z</time>
					</trkpt>
					<trkpt lat="45.959220" lon="6.878610">
						<ele>1878</ele>
						<time>2026-05-02T00:56:24Z</time>
					</trkpt>
					<trkpt lat="45.959260" lon="6.878340">
						<ele>1882</ele>
						<time>2026-05-02T00:56:50Z</time>
					</trkpt>
					<trkpt lat="45.959230" lon="6.878230">
						<ele>1881</ele>
						<time>2026-05-02T00:57:01Z</time>
					</trkpt>
					<trkpt lat="45.959140" lon="6.878050">
						<ele>1879</ele>
						<time>2026-05-02T00:57:21Z</time>
					</trkpt>
					<trkpt lat="45.959020" lon="6.878000">
						<ele>1875</ele>
						<time>2026-05-02T00:57:38Z</time>
					</trkpt>
					<trkpt lat="45.958950" lon="6.877800">
						<ele>1876</ele>
						<time>2026-05-02T00:57:59Z</time>
					</trkpt>
					<trkpt lat="45.958870" lon="6.877730">
						<ele>1874</ele>
						<time>2026-05-02T00:58:11Z</time>
					</trkpt>
					<trkpt lat="45.958600" lon="6.877560">
						<ele>1868</ele>
						<time>2026-05-02T00:58:50Z</time>
					</trkpt>
					<trkpt lat="45.958400" lon="6.877360">
						<ele>1863</ele>
						<time>2026-05-02T00:59:23Z</time>
					</trkpt>
					<trkpt lat="45.958380" lon="6.877310">
						<ele>1863</ele>
						<time>2026-05-02T00:59:28Z</time>
					</trkpt>
					<trkpt lat="45.958490" lon="6.876990">
						<ele>1867</ele>
						<time>2026-05-02T01:00:01Z</time>
					</trkpt>
					<trkpt lat="45.958640" lon="6.876640">
						<ele>1875</ele>
						<time>2026-05-02T01:00:40Z</time>
					</trkpt>
					<trkpt lat="45.958670" lon="6.876430">
						<ele>1877</ele>
						<time>2026-05-02T01:00:59Z</time>
					</trkpt>
					<trkpt lat="45.958750" lon="6.876240">
						<ele>1881</ele>
						<time>2026-05-02T01:01:20Z</time>
					</trkpt>
					<trkpt lat="45.958780" lon="6.876100">
						<ele>1883</ele>
						<time>2026-05-02T01:01:34Z</time>
					</trkpt>
					<trkpt lat="45.958760" lon="6.876000">
						<ele>1882</ele>
						<time>2026-05-02T01:01:43Z</time>
					</trkpt>
					<trkpt lat="45.958770" lon="6.875880">
						<ele>1883</ele>
						<time>2026-05-02T01:01:54Z</time>
					</trkpt>
					<trkpt lat="45.958740" lon="6.875700">
						<ele>1884</ele>
						<time>2026-05-02T01:02:12Z</time>
					</trkpt>
					<trkpt lat="45.958700" lon="6.875600">
						<ele>1884</ele>
						<time>2026-05-02T01:02:22Z</time>
					</trkpt>
					<trkpt lat="45.958680" lon="6.875470">
						<ele>1886</ele>
						<time>2026-05-02T01:02:35Z</time>
					</trkpt>
					<trkpt lat="45.958660" lon="6.875390">
						<ele>1886</ele>
						<time>2026-05-02T01:02:43Z</time>
					</trkpt>
					<trkpt lat="45.958560" lon="6.875210">
						<ele>1886</ele>
						<time>2026-05-02T01:03:04Z</time>
					</trkpt>
					<trkpt lat="45.958520" lon="6.875190">
						<ele>1885</ele>
						<time>2026-05-02T01:03:10Z</time>
					</trkpt>
					<trkpt lat="45.958400" lon="6.874950">
						<ele>1886</ele>
						<time>2026-05-02T01:03:37Z</time>
					</trkpt>
					<trkpt lat="45.958310" lon="6.874950">
						<ele>1883</ele>
						<time>2026-05-02T01:03:49Z</time>
					</trkpt>
					<trkpt lat="45.958180" lon="6.874920">
						<ele>1880</ele>
						<time>2026-05-02T01:04:07Z</time>
					</trkpt>
					<trkpt lat="45.957900" lon="6.874830">
						<ele>1875</ele>
						<time>2026-05-02T01:04:45Z</time>
					</trkpt>
					<trkpt lat="45.957740" lon="6.874690">
						<ele>1877</ele>
						<time>2026-05-02T01:05:10Z</time>
					</trkpt>
					<trkpt lat="45.957600" lon="6.874450">
						<ele>1884</ele>
						<time>2026-05-02T01:05:39Z</time>
					</trkpt>
					<trkpt lat="45.957220" lon="6.874280">
						<ele>1879</ele>
						<time>2026-05-02T01:06:32Z</time>
					</trkpt>
					<trkpt lat="45.957070" lon="6.874100">
						<ele>1881</ele>
						<time>2026-05-02T01:06:58Z</time>
					</trkpt>
					<trkpt lat="45.956850" lon="6.873760">
						<ele>1892</ele>
						<time>2026-05-02T01:07:41Z</time>
					</trkpt>
					<trkpt lat="45.956730" lon="6.873690">
						<ele>1891</ele>
						<time>2026-05-02T01:07:58Z</time>
					</trkpt>
					<trkpt lat="45.956620" lon="6.873690">
						<ele>1888</ele>
						<time>2026-05-02T01:08:13Z</time>
					</trkpt>
					<trkpt lat="45.956410" lon="6.873760">
						<ele>1879</ele>
						<time>2026-05-02T01:08:42Z</time>
					</trkpt>
					<trkpt lat="45.956190" lon="6.873700">
						<ele>1876</ele>
						<time>2026-05-02T01:09:12Z</time>
					</trkpt>
					<trkpt lat="45.956020" lon="6.873710">
						<ele>1872</ele>
						<time>2026-05-02T01:09:35Z</time>
					</trkpt>
					<trkpt lat="45.955640" lon="6.873570">
						<ele>1870</ele>
						<time>2026-05-02T01:10:27Z</time>
					</trkpt>
					<trkpt lat="45.955500" lon="6.873490">
						<ele>1872</ele>
						<time>2026-05-02T01:10:47Z</time>
					</trkpt>
					<trkpt lat="45.955500" lon="6.873490">
						<ele>1872</ele>
						<time>2026-05-02T01:10:47Z</time>
					</trkpt>
					<trkpt lat="45.955440" lon="6.873420">
						<ele>1874</ele>
						<time>2026-05-02T01:10:57Z</time>
					</trkpt>
					<trkpt lat="45.955310" lon="6.873470">
						<ele>1869</ele>
						<time>2026-05-02T01:11:15Z</time>
					</trkpt>
					<trkpt lat="45.955000" lon="6.873360">
						<ele>1870</ele>
						<time>2026-05-02T01:11:58Z</time>
					</trkpt>
					<trkpt lat="45.954790" lon="6.873320">
						<ele>1860</ele>
						<time>2026-05-02T01:12:26Z</time>
					</trkpt>
					<trkpt lat="45.954630" lon="6.873360">
						<ele>1849</ele>
						<time>2026-05-02T01:12:48Z</time>
					</trkpt>
					<trkpt lat="45.954580" lon="6.873180">
						<ele>1854</ele>
						<time>2026-05-02T01:13:06Z</time>
					</trkpt>
					<trkpt lat="45.954520" lon="6.873040">
						<ele>1856</ele>
						<time>2026-05-02T01:13:21Z</time>
					</trkpt>
					<trkpt lat="45.954320" lon="6.872760">
						<ele>1856</ele>
						<time>2026-05-02T01:13:58Z</time>
					</trkpt>
					<trkpt lat="45.954280" lon="6.872650">
						<ele>1858</ele>
						<time>2026-05-02T01:14:10Z</time>
					</trkpt>
					<trkpt lat="45.954180" lon="6.872570">
						<ele>1855</ele>
						<time>2026-05-02T01:14:25Z</time>
					</trkpt>
					<trkpt lat="45.954190" lon="6.872430">
						<ele>1863</ele>
						<time>2026-05-02T01:14:38Z</time>
					</trkpt>
					<trkpt lat="45.954100" lon="6.872270">
						<ele>1869</ele>
						<time>2026-05-02T01:14:57Z</time>
					</trkpt>
					<trkpt lat="45.954060" lon="6.872080">
						<ele>1879</ele>
						<time>2026-05-02T01:15:16Z</time>
					</trkpt>
					<trkpt lat="45.953970" lon="6.871920">
						<ele>1884</ele>
						<time>2026-05-02T01:15:35Z</time>
					</trkpt>
					<trkpt lat="45.953850" lon="6.871890">
						<ele>1880</ele>
						<time>2026-05-02T01:15:51Z</time>
					</trkpt>
					<trkpt lat="45.953670" lon="6.871940">
						<ele>1868</ele>
						<time>2026-05-02T01:16:15Z</time>
					</trkpt>
					<trkpt lat="45.953570" lon="6.871840">
						<ele>1869</ele>
						<time>2026-05-02T01:16:32Z</time>
					</trkpt>
					<trkpt lat="45.953440" lon="6.871820">
						<ele>1863</ele>
						<time>2026-05-02T01:16:49Z</time>
					</trkpt>
					<trkpt lat="45.953280" lon="6.871980">
						<ele>1848</ele>
						<time>2026-05-02T01:17:15Z</time>
					</trkpt>
					<trkpt lat="45.953160" lon="6.871780">
						<ele>1853</ele>
						<time>2026-05-02T01:17:40Z</time>
					</trkpt>
					<trkpt lat="45.953010" lon="6.871470">
						<ele>1863</ele>
						<time>2026-05-02T01:18:15Z</time>
					</trkpt>
					<trkpt lat="45.953010" lon="6.871210">
						<ele>1876</ele>
						<time>2026-05-02T01:18:39Z</time>
					</trkpt>
					<trkpt lat="45.952950" lon="6.871100">
						<ele>1879</ele>
						<time>2026-05-02T01:18:52Z</time>
					</trkpt>
					<trkpt lat="45.952870" lon="6.871060">
						<ele>1878</ele>
						<time>2026-05-02T01:19:03Z</time>
					</trkpt>
					<trkpt lat="45.952790" lon="6.871060">
						<ele>1874</ele>
						<time>2026-05-02T01:19:14Z</time>
					</trkpt>
					<trkpt lat="45.952710" lon="6.870880">
						<ele>1880</ele>
						<time>2026-05-02T01:19:34Z</time>
					</trkpt>
					<trkpt lat="45.952650" lon="6.870840">
						<ele>1879</ele>
						<time>2026-05-02T01:19:42Z</time>
					</trkpt>
					<trkpt lat="45.952560" lon="6.870840">
						<ele>1874</ele>
						<time>2026-05-02T01:19:54Z</time>
					</trkpt>
					<trkpt lat="45.952460" lon="6.870900">
						<ele>1868</ele>
						<time>2026-05-02T01:20:09Z</time>
					</trkpt>
					<trkpt lat="45.952370" lon="6.870860">
						<ele>1867</ele>
						<time>2026-05-02T01:20:21Z</time>
					</trkpt>
					<trkpt lat="45.952320" lon="6.870930">
						<ele>1862</ele>
						<time>2026-05-02T01:20:31Z</time>
					</trkpt>
					<trkpt lat="45.952280" lon="6.870940">
						<ele>1861</ele>
						<time>2026-05-02T01:20:36Z</time>
					</trkpt>
					<trkpt lat="45.952140" lon="6.870800">
						<ele>1863</ele>
						<time>2026-05-02T01:20:59Z</time>
					</trkpt>
					<trkpt lat="45.951880" lon="6.870890">
						<ele>1852</ele>
						<time>2026-05-02T01:21:35Z</time>
					</trkpt>
					<trkpt lat="45.951720" lon="6.870880">
						<ele>1847</ele>
						<time>2026-05-02T01:21:56Z</time>
					</trkpt>
					<trkpt lat="45.951580" lon="6.870780">
						<ele>1847</ele>
						<time>2026-05-02T01:22:17Z</time>
					</trkpt>
					<trkpt lat="45.951510" lon="6.870820">
						<ele>1845</ele>
						<time>2026-05-02T01:22:27Z</time>
					</trkpt>
					<trkpt lat="45.951390" lon="6.870930">
						<ele>1839</ele>
						<time>2026-05-02T01:22:46Z</time>
					</trkpt>
					<trkpt lat="45.951400" lon="6.870630">
						<ele>1845</ele>
						<time>2026-05-02T01:23:14Z</time>
					</trkpt>
					<trkpt lat="45.951420" lon="6.870500">
						<ele>1848</ele>
						<time>2026-05-02T01:23:26Z</time>
					</trkpt>
					<trkpt lat="45.951380" lon="6.870520">
						<ele>1846</ele>
						<time>2026-05-02T01:23:32Z</time>
					</trkpt>
					<trkpt lat="45.951310" lon="6.870640">
						<ele>1842</ele>
						<time>2026-05-02T01:23:46Z</time>
					</trkpt>
					<trkpt lat="45.951350" lon="6.870100">
						<ele>1852</ele>
						<time>2026-05-02T01:24:37Z</time>
					</trkpt>
					<trkpt lat="45.951310" lon="6.869830">
						<ele>1850</ele>
						<time>2026-05-02T01:25:02Z</time>
					</trkpt>
					<trkpt lat="45.951210" lon="6.869930">
						<ele>1846</ele>
						<time>2026-05-02T01:25:19Z</time>
					</trkpt>
					<trkpt lat="45.951170" lon="6.869840">
						<ele>1843</ele>
						<time>2026-05-02T01:25:28Z</time>
					</trkpt>
					<trkpt lat="45.951200" lon="6.869390">
						<ele>1842</ele>
						<time>2026-05-02T01:26:10Z</time>
					</trkpt>
					<trkpt lat="45.951130" lon="6.869300">
						<ele>1838</ele>
						<time>2026-05-02T01:26:23Z</time>
					</trkpt>
					<trkpt lat="45.950870" lon="6.869290">
						<ele>1827</ele>
						<time>2026-05-02T01:26:58Z</time>
					</trkpt>
					<trkpt lat="45.950750" lon="6.869260">
						<ele>1823</ele>
						<time>2026-05-02T01:27:14Z</time>
					</trkpt>
					<trkpt lat="45.950600" lon="6.869340">
						<ele>1820</ele>
						<time>2026-05-02T01:27:35Z</time>
					</trkpt>
					<trkpt lat="45.950450" lon="6.869330">
						<ele>1816</ele>
						<time>2026-05-02T01:27:55Z</time>
					</trkpt>
					<trkpt lat="45.950410" lon="6.869230">
						<ele>1816</ele>
						<time>2026-05-02T01:28:06Z</time>
					</trkpt>
					<trkpt lat="45.950290" lon="6.869060">
						<ele>1814</ele>
						<time>2026-05-02T01:28:28Z</time>
					</trkpt>
					<trkpt lat="45.950210" lon="6.868960">
						<ele>1814</ele>
						<time>2026-05-02T01:28:43Z</time>
					</trkpt>
					<trkpt lat="45.950190" lon="6.868840">
						<ele>1815</ele>
						<time>2026-05-02T01:28:54Z</time>
					</trkpt>
					<trkpt lat="45.949730" lon="6.868430">
						<ele>1815</ele>
						<time>2026-05-02T01:30:06Z</time>
					</trkpt>
					<trkpt lat="45.949600" lon="6.868360">
						<ele>1815</ele>
						<time>2026-05-02T01:30:25Z</time>
					</trkpt>
					<trkpt lat="45.949580" lon="6.868300">
						<ele>1816</ele>
						<time>2026-05-02T01:30:31Z</time>
					</trkpt>
					<trkpt lat="45.949510" lon="6.868290">
						<ele>1815</ele>
						<time>2026-05-02T01:30:40Z</time>
					</trkpt>
					<trkpt lat="45.949420" lon="6.868190">
						<ele>1817</ele>
						<time>2026-05-02T01:30:56Z</time>
					</trkpt>
					<trkpt lat="45.949270" lon="6.868150">
						<ele>1817</ele>
						<time>2026-05-02T01:31:16Z</time>
					</trkpt>
					<trkpt lat="45.949220" lon="6.868110">
						<ele>1818</ele>
						<time>2026-05-02T01:31:24Z</time>
					</trkpt>
					<trkpt lat="45.949180" lon="6.867990">
						<ele>1821</ele>
						<time>2026-05-02T01:31:36Z</time>
					</trkpt>
					<trkpt lat="45.949050" lon="6.867930">
						<ele>1821</ele>
						<time>2026-05-02T01:31:54Z</time>
					</trkpt>
					<trkpt lat="45.949070" lon="6.867870">
						<ele>1823</ele>
						<time>2026-05-02T01:32:00Z</time>
					</trkpt>
					<trkpt lat="45.949050" lon="6.867830">
						<ele>1824</ele>
						<time>2026-05-02T01:32:05Z</time>
					</trkpt>
					<trkpt lat="45.948910" lon="6.867790">
						<ele>1823</ele>
						<time>2026-05-02T01:32:24Z</time>
					</trkpt>
					<trkpt lat="45.948830" lon="6.867690">
						<ele>1825</ele>
						<time>2026-05-02T01:32:38Z</time>
					</trkpt>
					<trkpt lat="45.948750" lon="6.867630">
						<ele>1825</ele>
						<time>2026-05-02T01:32:50Z</time>
					</trkpt>
					<trkpt lat="45.948660" lon="6.867400">
						<ele>1831</ele>
						<time>2026-05-02T01:33:15Z</time>
					</trkpt>
					<trkpt lat="45.948450" lon="6.867090">
						<ele>1841</ele>
						<time>2026-05-02T01:33:55Z</time>
					</trkpt>
					<trkpt lat="45.948430" lon="6.867050">
						<ele>1843</ele>
						<time>2026-05-02T01:33:59Z</time>
					</trkpt>
					<trkpt lat="45.948340" lon="6.866730">
						<ele>1855</ele>
						<time>2026-05-02T01:34:31Z</time>
					</trkpt>
					<trkpt lat="45.948090" lon="6.866620">
						<ele>1853</ele>
						<time>2026-05-02T01:35:06Z</time>
					</trkpt>
					<trkpt lat="45.947910" lon="6.866690">
						<ele>1845</ele>
						<time>2026-05-02T01:35:31Z</time>
					</trkpt>
					<trkpt lat="45.947860" lon="6.866610">
						<ele>1848</ele>
						<time>2026-05-02T01:35:41Z</time>
					</trkpt>
					<trkpt lat="45.947750" lon="6.866550">
						<ele>1848</ele>
						<time>2026-05-02T01:35:57Z</time>
					</trkpt>
					<trkpt lat="45.947650" lon="6.866480">
						<ele>1849</ele>
						<time>2026-05-02T01:36:12Z</time>
					</trkpt>
					<trkpt lat="45.947570" lon="6.866470">
						<ele>1848</ele>
						<time>2026-05-02T01:36:22Z</time>
					</trkpt>
					<trkpt lat="45.947460" lon="6.866420">
						<ele>1847</ele>
						<time>2026-05-02T01:36:38Z</time>
					</trkpt>
					<trkpt lat="45.947370" lon="6.866250">
						<ele>1852</ele>
						<time>2026-05-02T01:36:58Z</time>
					</trkpt>
					<trkpt lat="45.947240" lon="6.866190">
						<ele>1849</ele>
						<time>2026-05-02T01:37:16Z</time>
					</trkpt>
					<trkpt lat="45.947170" lon="6.866200">
						<ele>1844</ele>
						<time>2026-05-02T01:37:25Z</time>
					</trkpt>
					<trkpt lat="45.946980" lon="6.865980">
						<ele>1845</ele>
						<time>2026-05-02T01:37:58Z</time>
					</trkpt>
					<trkpt lat="45.946930" lon="6.865590">
						<ele>1862</ele>
						<time>2026-05-02T01:38:35Z</time>
					</trkpt>
					<trkpt lat="45.946930" lon="6.865350">
						<ele>1873</ele>
						<time>2026-05-02T01:38:57Z</time>
					</trkpt>
					<trkpt lat="45.946900" lon="6.865300">
						<ele>1874</ele>
						<time>2026-05-02T01:39:03Z</time>
					</trkpt>
					<trkpt lat="45.946790" lon="6.865080">
						<ele>1879</ele>
						<time>2026-05-02T01:39:28Z</time>
					</trkpt>
					<trkpt lat="45.946640" lon="6.864960">
						<ele>1877</ele>
						<time>2026-05-02T01:39:51Z</time>
					</trkpt>
					<trkpt lat="45.946600" lon="6.864700">
						<ele>1884</ele>
						<time>2026-05-02T01:40:16Z</time>
					</trkpt>
					<trkpt lat="45.946510" lon="6.864620">
						<ele>1882</ele>
						<time>2026-05-02T01:40:30Z</time>
					</trkpt>
					<trkpt lat="45.946330" lon="6.864320">
						<ele>1882</ele>
						<time>2026-05-02T01:41:07Z</time>
					</trkpt>
					<trkpt lat="45.946060" lon="6.864250">
						<ele>1870</ele>
						<time>2026-05-02T01:41:43Z</time>
					</trkpt>
					<trkpt lat="45.945970" lon="6.864070">
						<ele>1869</ele>
						<time>2026-05-02T01:42:04Z</time>
					</trkpt>
					<trkpt lat="45.946030" lon="6.863890">
						<ele>1873</ele>
						<time>2026-05-02T01:42:22Z</time>
					</trkpt>
					<trkpt lat="45.946190" lon="6.863700">
						<ele>1883</ele>
						<time>2026-05-02T01:42:50Z</time>
					</trkpt>
					<trkpt lat="45.946260" lon="6.863530">
						<ele>1888</ele>
						<time>2026-05-02T01:43:08Z</time>
					</trkpt>
					<trkpt lat="45.946230" lon="6.862960">
						<ele>1887</ele>
						<time>2026-05-02T01:44:01Z</time>
					</trkpt>
					<trkpt lat="45.946270" lon="6.862820">
						<ele>1889</ele>
						<time>2026-05-02T01:44:15Z</time>
					</trkpt>
					<trkpt lat="45.946400" lon="6.862740">
						<ele>1896</ele>
						<time>2026-05-02T01:44:34Z</time>
					</trkpt>
					<trkpt lat="45.946500" lon="6.862440">
						<ele>1900</ele>
						<time>2026-05-02T01:45:05Z</time>
					</trkpt>
					<trkpt lat="45.946540" lon="6.862240">
						<ele>1901</ele>
						<time>2026-05-02T01:45:24Z</time>
					</trkpt>
					<trkpt lat="45.946620" lon="6.861680">
						<ele>1901</ele>
						<time>2026-05-02T01:46:17Z</time>
					</trkpt>
					<trkpt lat="45.946770" lon="6.861090">
						<ele>1907</ele>
						<time>2026-05-02T01:47:16Z</time>
					</trkpt>
					<trkpt lat="45.946776" lon="6.860304">
						<ele>1908</ele>
						<time>2026-05-02T01:48:29Z</time>
					</trkpt>
					<trkpt lat="45.946780" lon="6.859860">
						<ele>1912</ele>
						<time>2026-05-02T01:49:10Z</time>
					</trkpt>
					<trkpt lat="45.946690" lon="6.859450">
						<ele>1908</ele>
						<time>2026-05-02T01:49:50Z</time>
					</trkpt>
					<trkpt lat="45.946600" lon="6.858790">
						<ele>1914</ele>
						<time>2026-05-02T01:50:52Z</time>
					</trkpt>
					<trkpt lat="45.946540" lon="6.858530">
						<ele>1917</ele>
						<time>2026-05-02T01:51:18Z</time>
					</trkpt>
					<trkpt lat="45.946540" lon="6.858360">
						<ele>1921</ele>
						<time>2026-05-02T01:51:33Z</time>
					</trkpt>
					<trkpt lat="45.946480" lon="6.858170">
						<ele>1921</ele>
						<time>2026-05-02T01:51:53Z</time>
					</trkpt>
					<trkpt lat="45.946490" lon="6.857820">
						<ele>1927</ele>
						<time>2026-05-02T01:52:25Z</time>
					</trkpt>
					<trkpt lat="45.946430" lon="6.857480">
						<ele>1929</ele>
						<time>2026-05-02T01:52:58Z</time>
					</trkpt>
					<trkpt lat="45.946320" lon="6.857220">
						<ele>1932</ele>
						<time>2026-05-02T01:53:26Z</time>
					</trkpt>
					<trkpt lat="45.946170" lon="6.857040">
						<ele>1928</ele>
						<time>2026-05-02T01:53:52Z</time>
					</trkpt>
					<trkpt lat="45.946110" lon="6.856900">
						<ele>1928</ele>
						<time>2026-05-02T01:54:07Z</time>
					</trkpt>
					<trkpt lat="45.945970" lon="6.856340">
						<ele>1937</ele>
						<time>2026-05-02T01:55:03Z</time>
					</trkpt>
					<trkpt lat="45.945900" lon="6.855990">
						<ele>1943</ele>
						<time>2026-05-02T01:55:36Z</time>
					</trkpt>
					<trkpt lat="45.945770" lon="6.855790">
						<ele>1942</ele>
						<time>2026-05-02T01:56:02Z</time>
					</trkpt>
					<trkpt lat="45.945650" lon="6.855560">
						<ele>1943</ele>
						<time>2026-05-02T01:56:28Z</time>
					</trkpt>
					<trkpt lat="45.945160" lon="6.854360">
						<ele>1950</ele>
						<time>2026-05-02T01:58:38Z</time>
					</trkpt>
					<trkpt lat="45.945000" lon="6.853790">
						<ele>1955</ele>
						<time>2026-05-02T01:59:35Z</time>
					</trkpt>
					<trkpt lat="45.944960" lon="6.853440">
						<ele>1962</ele>
						<time>2026-05-02T02:00:08Z</time>
					</trkpt>
					<trkpt lat="45.944910" lon="6.853200">
						<ele>1967</ele>
						<time>2026-05-02T02:00:31Z</time>
					</trkpt>
					<trkpt lat="45.944830" lon="6.853000">
						<ele>1971</ele>
						<time>2026-05-02T02:00:52Z</time>
					</trkpt>
					<trkpt lat="45.944790" lon="6.852920">
						<ele>1973</ele>
						<time>2026-05-02T02:01:01Z</time>
					</trkpt>
					<trkpt lat="45.944720" lon="6.852840">
						<ele>1975</ele>
						<time>2026-05-02T02:01:13Z</time>
					</trkpt>
					<trkpt lat="45.944640" lon="6.852800">
						<ele>1975</ele>
						<time>2026-05-02T02:01:25Z</time>
					</trkpt>
					<trkpt lat="45.944530" lon="6.852770">
						<ele>1974</ele>
						<time>2026-05-02T02:01:40Z</time>
					</trkpt>
					<trkpt lat="45.944310" lon="6.852730">
						<ele>1973</ele>
						<time>2026-05-02T02:02:09Z</time>
					</trkpt>
					<trkpt lat="45.944230" lon="6.852690">
						<ele>1973</ele>
						<time>2026-05-02T02:02:20Z</time>
					</trkpt>
					<trkpt lat="45.944210" lon="6.852580">
						<ele>1978</ele>
						<time>2026-05-02T02:02:31Z</time>
					</trkpt>
					<trkpt lat="45.944290" lon="6.852410">
						<ele>1985</ele>
						<time>2026-05-02T02:02:50Z</time>
					</trkpt>
					<trkpt lat="45.944420" lon="6.852290">
						<ele>1991</ele>
						<time>2026-05-02T02:03:11Z</time>
					</trkpt>
					<trkpt lat="45.944430" lon="6.852250">
						<ele>1993</ele>
						<time>2026-05-02T02:03:15Z</time>
					</trkpt>
					<trkpt lat="45.944350" lon="6.852160">
						<ele>1995</ele>
						<time>2026-05-02T02:03:28Z</time>
					</trkpt>
					<trkpt lat="45.944200" lon="6.852080">
						<ele>1995</ele>
						<time>2026-05-02T02:03:49Z</time>
					</trkpt>
					<trkpt lat="45.944010" lon="6.851930">
						<ele>2000</ele>
						<time>2026-05-02T02:04:18Z</time>
					</trkpt>
					<trkpt lat="45.944000" lon="6.851890">
						<ele>2002</ele>
						<time>2026-05-02T02:04:22Z</time>
					</trkpt>
					<trkpt lat="45.944020" lon="6.851770">
						<ele>2006</ele>
						<time>2026-05-02T02:04:34Z</time>
					</trkpt>
					<trkpt lat="45.944080" lon="6.851710">
						<ele>2007</ele>
						<time>2026-05-02T02:04:44Z</time>
					</trkpt>
					<trkpt lat="45.944090" lon="6.851680">
						<ele>2008</ele>
						<time>2026-05-02T02:04:47Z</time>
					</trkpt>
					<trkpt lat="45.944070" lon="6.851640">
						<ele>2009</ele>
						<time>2026-05-02T02:04:51Z</time>
					</trkpt>
					<trkpt lat="45.943950" lon="6.851490">
						<ele>2011</ele>
						<time>2026-05-02T02:05:12Z</time>
					</trkpt>
					<trkpt lat="45.943850" lon="6.851370">
						<ele>2013</ele>
						<time>2026-05-02T02:05:30Z</time>
					</trkpt>
					<trkpt lat="45.943810" lon="6.851270">
						<ele>2013</ele>
						<time>2026-05-02T02:05:41Z</time>
					</trkpt>
					<trkpt lat="45.943770" lon="6.851090">
						<ele>2015</ele>
						<time>2026-05-02T02:05:58Z</time>
					</trkpt>
					<trkpt lat="45.943780" lon="6.850890">
						<ele>2016</ele>
						<time>2026-05-02T02:06:17Z</time>
					</trkpt>
					<trkpt lat="45.943750" lon="6.850620">
						<ele>2019</ele>
						<time>2026-05-02T02:06:42Z</time>
					</trkpt>
					<trkpt lat="45.943690" lon="6.850510">
						<ele>2020</ele>
						<time>2026-05-02T02:06:55Z</time>
					</trkpt>
					<trkpt lat="45.943580" lon="6.850370">
						<ele>2020</ele>
						<time>2026-05-02T02:07:15Z</time>
					</trkpt>
					<trkpt lat="45.943430" lon="6.850250">
						<ele>2019</ele>
						<time>2026-05-02T02:07:38Z</time>
					</trkpt>
					<trkpt lat="45.943220" lon="6.849970">
						<ele>2021</ele>
						<time>2026-05-02T02:08:16Z</time>
					</trkpt>
					<trkpt lat="45.942940" lon="6.849800">
						<ele>2026</ele>
						<time>2026-05-02T02:08:56Z</time>
					</trkpt>
					<trkpt lat="45.942670" lon="6.849700">
						<ele>2028</ele>
						<time>2026-05-02T02:09:33Z</time>
					</trkpt>
					<trkpt lat="45.942200" lon="6.849590">
						<ele>2032</ele>
						<time>2026-05-02T02:10:37Z</time>
					</trkpt>
					<trkpt lat="45.942110" lon="6.849540">
						<ele>2034</ele>
						<time>2026-05-02T02:10:50Z</time>
					</trkpt>
					<trkpt lat="45.942020" lon="6.849450">
						<ele>2037</ele>
						<time>2026-05-02T02:11:05Z</time>
					</trkpt>
					<trkpt lat="45.941700" lon="6.849220">
						<ele>2046</ele>
						<time>2026-05-02T02:11:52Z</time>
					</trkpt>
					<trkpt lat="45.941620" lon="6.849190">
						<ele>2048</ele>
						<time>2026-05-02T02:12:03Z</time>
					</trkpt>
					<trkpt lat="45.941540" lon="6.849200">
						<ele>2048</ele>
						<time>2026-05-02T02:12:14Z</time>
					</trkpt>
					<trkpt lat="45.941340" lon="6.849270">
						<ele>2049</ele>
						<time>2026-05-02T02:12:42Z</time>
					</trkpt>
					<trkpt lat="45.940980" lon="6.849210">
						<ele>2056</ele>
						<time>2026-05-02T02:13:30Z</time>
					</trkpt>
					<trkpt lat="45.940850" lon="6.849220">
						<ele>2057</ele>
						<time>2026-05-02T02:13:47Z</time>
					</trkpt>
					<trkpt lat="45.940470" lon="6.849340">
						<ele>2055</ele>
						<time>2026-05-02T02:14:39Z</time>
					</trkpt>
					<trkpt lat="45.940420" lon="6.849350">
						<ele>2055</ele>
						<time>2026-05-02T02:14:46Z</time>
					</trkpt>
					<trkpt lat="45.940020" lon="6.849160">
						<ele>2061</ele>
						<time>2026-05-02T02:15:42Z</time>
					</trkpt>
					<trkpt lat="45.939840" lon="6.849130">
						<ele>2064</ele>
						<time>2026-05-02T02:16:06Z</time>
					</trkpt>
					<trkpt lat="45.939640" lon="6.849140">
						<ele>2066</ele>
						<time>2026-05-02T02:16:33Z</time>
					</trkpt>
					<trkpt lat="45.939460" lon="6.849160">
						<ele>2066</ele>
						<time>2026-05-02T02:16:57Z</time>
					</trkpt>
					<trkpt lat="45.939380" lon="6.849190">
						<ele>2067</ele>
						<time>2026-05-02T02:17:08Z</time>
					</trkpt>
					<trkpt lat="45.939300" lon="6.849270">
						<ele>2066</ele>
						<time>2026-05-02T02:17:21Z</time>
					</trkpt>
					<trkpt lat="45.938990" lon="6.849330">
						<ele>2067</ele>
						<time>2026-05-02T02:18:03Z</time>
					</trkpt>
					<trkpt lat="45.938950" lon="6.849360">
						<ele>2067</ele>
						<time>2026-05-02T02:18:09Z</time>
					</trkpt>
					<trkpt lat="45.938740" lon="6.849530">
						<ele>2065</ele>
						<time>2026-05-02T02:18:41Z</time>
					</trkpt>
					<trkpt lat="45.938620" lon="6.849570">
						<ele>2065</ele>
						<time>2026-05-02T02:18:57Z</time>
					</trkpt>
					<trkpt lat="45.938040" lon="6.849270">
						<ele>2065</ele>
						<time>2026-05-02T02:20:20Z</time>
					</trkpt>
					<trkpt lat="45.937950" lon="6.849260">
						<ele>2063</ele>
						<time>2026-05-02T02:20:32Z</time>
					</trkpt>
					<trkpt lat="45.937890" lon="6.849280">
						<ele>2061</ele>
						<time>2026-05-02T02:20:40Z</time>
					</trkpt>
					<trkpt lat="45.937810" lon="6.849350">
						<ele>2059</ele>
						<time>2026-05-02T02:20:52Z</time>
					</trkpt>
					<trkpt lat="45.937780" lon="6.849440">
						<ele>2057</ele>
						<time>2026-05-02T02:21:02Z</time>
					</trkpt>
					<trkpt lat="45.937680" lon="6.849460">
						<ele>2054</ele>
						<time>2026-05-02T02:21:15Z</time>
					</trkpt>
					<trkpt lat="45.937620" lon="6.849510">
						<ele>2053</ele>
						<time>2026-05-02T02:21:24Z</time>
					</trkpt>
					<trkpt lat="45.937540" lon="6.849390">
						<ele>2052</ele>
						<time>2026-05-02T02:21:40Z</time>
					</trkpt>
					<trkpt lat="45.937460" lon="6.849320">
						<ele>2048</ele>
						<time>2026-05-02T02:21:52Z</time>
					</trkpt>
					<trkpt lat="45.937470" lon="6.849540">
						<ele>2048</ele>
						<time>2026-05-02T02:22:13Z</time>
					</trkpt>
					<trkpt lat="45.937370" lon="6.849380">
						<ele>2042</ele>
						<time>2026-05-02T02:22:33Z</time>
					</trkpt>
					<trkpt lat="45.937360" lon="6.849530">
						<ele>2041</ele>
						<time>2026-05-02T02:22:47Z</time>
					</trkpt>
					<trkpt lat="45.937350" lon="6.849530">
						<ele>2041</ele>
						<time>2026-05-02T02:22:48Z</time>
					</trkpt>
					<trkpt lat="45.937280" lon="6.849360">
						<ele>2037</ele>
						<time>2026-05-02T02:23:06Z</time>
					</trkpt>
					<trkpt lat="45.937220" lon="6.849560">
						<ele>2033</ele>
						<time>2026-05-02T02:23:27Z</time>
					</trkpt>
					<trkpt lat="45.937200" lon="6.849590">
						<ele>2032</ele>
						<time>2026-05-02T02:23:31Z</time>
					</trkpt>
					<trkpt lat="45.937160" lon="6.849380">
						<ele>2029</ele>
						<time>2026-05-02T02:23:51Z</time>
					</trkpt>
					<trkpt lat="45.937000" lon="6.849540">
						<ele>2020</ele>
						<time>2026-05-02T02:24:17Z</time>
					</trkpt>
					<trkpt lat="45.936920" lon="6.849790">
						<ele>2016</ele>
						<time>2026-05-02T02:24:42Z</time>
					</trkpt>
					<trkpt lat="45.936910" lon="6.849970">
						<ele>2017</ele>
						<time>2026-05-02T02:24:59Z</time>
					</trkpt>
					<trkpt lat="45.936860" lon="6.850060">
						<ele>2016</ele>
						<time>2026-05-02T02:25:10Z</time>
					</trkpt>
					<trkpt lat="45.936650" lon="6.850180">
						<ele>2008</ele>
						<time>2026-05-02T02:25:40Z</time>
					</trkpt>
					<trkpt lat="45.936440" lon="6.850200">
						<ele>1998</ele>
						<time>2026-05-02T02:26:08Z</time>
					</trkpt>
					<trkpt lat="45.936430" lon="6.850170">
						<ele>1997</ele>
						<time>2026-05-02T02:26:11Z</time>
					</trkpt>
					<trkpt lat="45.936540" lon="6.849980">
						<ele>1998</ele>
						<time>2026-05-02T02:26:34Z</time>
					</trkpt>
					<trkpt lat="45.936660" lon="6.849760">
						<ele>2002</ele>
						<time>2026-05-02T02:27:00Z</time>
					</trkpt>
					<trkpt lat="45.936650" lon="6.849710">
						<ele>2001</ele>
						<time>2026-05-02T02:27:05Z</time>
					</trkpt>
					<trkpt lat="45.936300" lon="6.849880">
						<ele>1985</ele>
						<time>2026-05-02T02:27:54Z</time>
					</trkpt>
					<trkpt lat="45.936280" lon="6.849840">
						<ele>1983</ele>
						<time>2026-05-02T02:27:59Z</time>
					</trkpt>
					<trkpt lat="45.936490" lon="6.849580">
						<ele>1990</ele>
						<time>2026-05-02T02:28:36Z</time>
					</trkpt>
					<trkpt lat="45.936490" lon="6.849430">
						<ele>1988</ele>
						<time>2026-05-02T02:28:50Z</time>
					</trkpt>
					<trkpt lat="45.936520" lon="6.849330">
						<ele>1988</ele>
						<time>2026-05-02T02:29:00Z</time>
					</trkpt>
					<trkpt lat="45.936520" lon="6.849140">
						<ele>1987</ele>
						<time>2026-05-02T02:29:17Z</time>
					</trkpt>
					<trkpt lat="45.936490" lon="6.849060">
						<ele>1988</ele>
						<time>2026-05-02T02:29:26Z</time>
					</trkpt>
					<trkpt lat="45.936440" lon="6.849120">
						<ele>1983</ele>
						<time>2026-05-02T02:29:34Z</time>
					</trkpt>
					<trkpt lat="45.936380" lon="6.849310">
						<ele>1980</ele>
						<time>2026-05-02T02:29:54Z</time>
					</trkpt>
					<trkpt lat="45.936220" lon="6.849410">
						<ele>1972</ele>
						<time>2026-05-02T02:30:17Z</time>
					</trkpt>
					<trkpt lat="45.936050" lon="6.849560">
						<ele>1965</ele>
						<time>2026-05-02T02:30:44Z</time>
					</trkpt>
					<trkpt lat="45.936040" lon="6.849510">
						<ele>1964</ele>
						<time>2026-05-02T02:30:49Z</time>
					</trkpt>
					<trkpt lat="45.936170" lon="6.849310">
						<ele>1967</ele>
						<time>2026-05-02T02:31:14Z</time>
					</trkpt>
					<trkpt lat="45.936160" lon="6.849230">
						<ele>1965</ele>
						<time>2026-05-02T02:31:21Z</time>
					</trkpt>
					<trkpt lat="45.936200" lon="6.849170">
						<ele>1967</ele>
						<time>2026-05-02T02:31:29Z</time>
					</trkpt>
					<trkpt lat="45.936180" lon="6.849050">
						<ele>1969</ele>
						<time>2026-05-02T02:31:41Z</time>
					</trkpt>
					<trkpt lat="45.936160" lon="6.849050">
						<ele>1968</ele>
						<time>2026-05-02T02:31:43Z</time>
					</trkpt>
					<trkpt lat="45.936030" lon="6.849310">
						<ele>1959</ele>
						<time>2026-05-02T02:32:13Z</time>
					</trkpt>
					<trkpt lat="45.936010" lon="6.849280">
						<ele>1957</ele>
						<time>2026-05-02T02:32:17Z</time>
					</trkpt>
					<trkpt lat="45.936040" lon="6.849120">
						<ele>1958</ele>
						<time>2026-05-02T02:32:32Z</time>
					</trkpt>
					<trkpt lat="45.936040" lon="6.849000">
						<ele>1962</ele>
						<time>2026-05-02T02:32:43Z</time>
					</trkpt>
					<trkpt lat="45.935880" lon="6.849250">
						<ele>1949</ele>
						<time>2026-05-02T02:33:15Z</time>
					</trkpt>
					<trkpt lat="45.935860" lon="6.849210">
						<ele>1947</ele>
						<time>2026-05-02T02:33:20Z</time>
					</trkpt>
					<trkpt lat="45.935900" lon="6.848990">
						<ele>1953</ele>
						<time>2026-05-02T02:33:41Z</time>
					</trkpt>
					<trkpt lat="45.935880" lon="6.848970">
						<ele>1953</ele>
						<time>2026-05-02T02:33:44Z</time>
					</trkpt>
					<trkpt lat="45.935840" lon="6.849060">
						<ele>1948</ele>
						<time>2026-05-02T02:33:54Z</time>
					</trkpt>
					<trkpt lat="45.935800" lon="6.849100">
						<ele>1943</ele>
						<time>2026-05-02T02:34:00Z</time>
					</trkpt>
					<trkpt lat="45.935670" lon="6.849300">
						<ele>1933</ele>
						<time>2026-05-02T02:34:26Z</time>
					</trkpt>
					<trkpt lat="45.935640" lon="6.849270">
						<ele>1930</ele>
						<time>2026-05-02T02:34:31Z</time>
					</trkpt>
					<trkpt lat="45.935680" lon="6.849180">
						<ele>1932</ele>
						<time>2026-05-02T02:34:40Z</time>
					</trkpt>
					<trkpt lat="45.935680" lon="6.848910">
						<ele>1939</ele>
						<time>2026-05-02T02:35:06Z</time>
					</trkpt>
					<trkpt lat="45.935650" lon="6.848780">
						<ele>1940</ele>
						<time>2026-05-02T02:35:18Z</time>
					</trkpt>
					<trkpt lat="45.935620" lon="6.848770">
						<ele>1938</ele>
						<time>2026-05-02T02:35:22Z</time>
					</trkpt>
					<trkpt lat="45.935610" lon="6.848950">
						<ele>1932</ele>
						<time>2026-05-02T02:35:39Z</time>
					</trkpt>
					<trkpt lat="45.935580" lon="6.848980">
						<ele>1928</ele>
						<time>2026-05-02T02:35:44Z</time>
					</trkpt>
					<trkpt lat="45.935580" lon="6.849100">
						<ele>1925</ele>
						<time>2026-05-02T02:35:55Z</time>
					</trkpt>
					<trkpt lat="45.935540" lon="6.849150">
						<ele>1920</ele>
						<time>2026-05-02T02:36:02Z</time>
					</trkpt>
					<trkpt lat="45.935520" lon="6.849130">
						<ele>1919</ele>
						<time>2026-05-02T02:36:05Z</time>
					</trkpt>
					<trkpt lat="45.935530" lon="6.849000">
						<ele>1924</ele>
						<time>2026-05-02T02:36:18Z</time>
					</trkpt>
					<trkpt lat="45.935500" lon="6.848770">
						<ele>1928</ele>
						<time>2026-05-02T02:36:39Z</time>
					</trkpt>
					<trkpt lat="45.935450" lon="6.848710">
						<ele>1925</ele>
						<time>2026-05-02T02:36:48Z</time>
					</trkpt>
					<trkpt lat="45.935440" lon="6.848670">
						<ele>1926</ele>
						<time>2026-05-02T02:36:52Z</time>
					</trkpt>
					<trkpt lat="45.935420" lon="6.848730">
						<ele>1922</ele>
						<time>2026-05-02T02:36:58Z</time>
					</trkpt>
					<trkpt lat="45.935460" lon="6.848830">
						<ele>1923</ele>
						<time>2026-05-02T02:37:09Z</time>
					</trkpt>
					<trkpt lat="45.935460" lon="6.848850">
						<ele>1922</ele>
						<time>2026-05-02T02:37:11Z</time>
					</trkpt>
					<trkpt lat="45.935440" lon="6.848940">
						<ele>1918</ele>
						<time>2026-05-02T02:37:19Z</time>
					</trkpt>
					<trkpt lat="45.935400" lon="6.848960">
						<ele>1914</ele>
						<time>2026-05-02T02:37:25Z</time>
					</trkpt>
					<trkpt lat="45.935380" lon="6.849120">
						<ele>1908</ele>
						<time>2026-05-02T02:37:40Z</time>
					</trkpt>
					<trkpt lat="45.935330" lon="6.849130">
						<ele>1903</ele>
						<time>2026-05-02T02:37:47Z</time>
					</trkpt>
					<trkpt lat="45.935290" lon="6.849210">
						<ele>1900</ele>
						<time>2026-05-02T02:37:56Z</time>
					</trkpt>
					<trkpt lat="45.935260" lon="6.849530">
						<ele>1902</ele>
						<time>2026-05-02T02:38:26Z</time>
					</trkpt>
					<trkpt lat="45.935190" lon="6.849450">
						<ele>1895</ele>
						<time>2026-05-02T02:38:38Z</time>
					</trkpt>
					<trkpt lat="45.935160" lon="6.849360">
						<ele>1891</ele>
						<time>2026-05-02T02:38:47Z</time>
					</trkpt>
					<trkpt lat="45.935210" lon="6.849180">
						<ele>1893</ele>
						<time>2026-05-02T02:39:05Z</time>
					</trkpt>
					<trkpt lat="45.935200" lon="6.849040">
						<ele>1895</ele>
						<time>2026-05-02T02:39:18Z</time>
					</trkpt>
					<trkpt lat="45.935130" lon="6.848920">
						<ele>1893</ele>
						<time>2026-05-02T02:39:33Z</time>
					</trkpt>
					<trkpt lat="45.935100" lon="6.848880">
						<ele>1891</ele>
						<time>2026-05-02T02:39:38Z</time>
					</trkpt>
					<trkpt lat="45.935090" lon="6.848820">
						<ele>1892</ele>
						<time>2026-05-02T02:39:44Z</time>
					</trkpt>
					<trkpt lat="45.935050" lon="6.848740">
						<ele>1891</ele>
						<time>2026-05-02T02:39:53Z</time>
					</trkpt>
					<trkpt lat="45.935030" lon="6.848760">
						<ele>1889</ele>
						<time>2026-05-02T02:39:56Z</time>
					</trkpt>
					<trkpt lat="45.935030" lon="6.848840">
						<ele>1887</ele>
						<time>2026-05-02T02:40:04Z</time>
					</trkpt>
					<trkpt lat="45.935080" lon="6.848940">
						<ele>1888</ele>
						<time>2026-05-02T02:40:15Z</time>
					</trkpt>
					<trkpt lat="45.935060" lon="6.849090">
						<ele>1882</ele>
						<time>2026-05-02T02:40:29Z</time>
					</trkpt>
					<trkpt lat="45.935020" lon="6.849240">
						<ele>1877</ele>
						<time>2026-05-02T02:40:44Z</time>
					</trkpt>
					<trkpt lat="45.935000" lon="6.849230">
						<ele>1876</ele>
						<time>2026-05-02T02:40:47Z</time>
					</trkpt>
					<trkpt lat="45.934960" lon="6.849370">
						<ele>1874</ele>
						<time>2026-05-02T02:41:01Z</time>
					</trkpt>
					<trkpt lat="45.934930" lon="6.849520">
						<ele>1874</ele>
						<time>2026-05-02T02:41:16Z</time>
					</trkpt>
					<trkpt lat="45.934790" lon="6.849740">
						<ele>1867</ele>
						<time>2026-05-02T02:41:43Z</time>
					</trkpt>
					<trkpt lat="45.934680" lon="6.849850">
						<ele>1860</ele>
						<time>2026-05-02T02:42:01Z</time>
					</trkpt>
					<trkpt lat="45.934610" lon="6.849990">
						<ele>1857</ele>
						<time>2026-05-02T02:42:17Z</time>
					</trkpt>
					<trkpt lat="45.934550" lon="6.850030">
						<ele>1854</ele>
						<time>2026-05-02T02:42:26Z</time>
					</trkpt>
					<trkpt lat="45.934540" lon="6.849980">
						<ele>1852</ele>
						<time>2026-05-02T02:42:31Z</time>
					</trkpt>
					<trkpt lat="45.934640" lon="6.849550">
						<ele>1854</ele>
						<time>2026-05-02T02:43:13Z</time>
					</trkpt>
					<trkpt lat="45.934640" lon="6.849440">
						<ele>1853</ele>
						<time>2026-05-02T02:43:23Z</time>
					</trkpt>
					<trkpt lat="45.934610" lon="6.849440">
						<ele>1851</ele>
						<time>2026-05-02T02:43:27Z</time>
					</trkpt>
					<trkpt lat="45.934520" lon="6.849630">
						<ele>1847</ele>
						<time>2026-05-02T02:43:49Z</time>
					</trkpt>
					<trkpt lat="45.934450" lon="6.849700">
						<ele>1843</ele>
						<time>2026-05-02T02:44:00Z</time>
					</trkpt>
					<trkpt lat="45.934410" lon="6.849710">
						<ele>1840</ele>
						<time>2026-05-02T02:44:05Z</time>
					</trkpt>
					<trkpt lat="45.934410" lon="6.849620">
						<ele>1839</ele>
						<time>2026-05-02T02:44:14Z</time>
					</trkpt>
					<trkpt lat="45.934440" lon="6.849460">
						<ele>1839</ele>
						<time>2026-05-02T02:44:29Z</time>
					</trkpt>
					<trkpt lat="45.934450" lon="6.849370">
						<ele>1839</ele>
						<time>2026-05-02T02:44:38Z</time>
					</trkpt>
					<trkpt lat="45.934420" lon="6.849320">
						<ele>1836</ele>
						<time>2026-05-02T02:44:44Z</time>
					</trkpt>
					<trkpt lat="45.934220" lon="6.849650">
						<ele>1826</ele>
						<time>2026-05-02T02:45:24Z</time>
					</trkpt>
					<trkpt lat="45.934170" lon="6.849660">
						<ele>1823</ele>
						<time>2026-05-02T02:45:31Z</time>
					</trkpt>
					<trkpt lat="45.934160" lon="6.849620">
						<ele>1822</ele>
						<time>2026-05-02T02:45:35Z</time>
					</trkpt>
					<trkpt lat="45.934190" lon="6.849490">
						<ele>1822</ele>
						<time>2026-05-02T02:45:48Z</time>
					</trkpt>
					<trkpt lat="45.934170" lon="6.849270">
						<ele>1818</ele>
						<time>2026-05-02T02:46:08Z</time>
					</trkpt>
					<trkpt lat="45.934080" lon="6.848950">
						<ele>1815</ele>
						<time>2026-05-02T02:46:40Z</time>
					</trkpt>
					<trkpt lat="45.934040" lon="6.848890">
						<ele>1814</ele>
						<time>2026-05-02T02:46:48Z</time>
					</trkpt>
					<trkpt lat="45.934030" lon="6.848900">
						<ele>1813</ele>
						<time>2026-05-02T02:46:50Z</time>
					</trkpt>
					<trkpt lat="45.934000" lon="6.848960">
						<ele>1809</ele>
						<time>2026-05-02T02:46:57Z</time>
					</trkpt>
					<trkpt lat="45.934000" lon="6.849140">
						<ele>1805</ele>
						<time>2026-05-02T02:47:13Z</time>
					</trkpt>
					<trkpt lat="45.933980" lon="6.849310">
						<ele>1805</ele>
						<time>2026-05-02T02:47:29Z</time>
					</trkpt>
					<trkpt lat="45.933940" lon="6.849400">
						<ele>1803</ele>
						<time>2026-05-02T02:47:39Z</time>
					</trkpt>
					<trkpt lat="45.933780" lon="6.849640">
						<ele>1795</ele>
						<time>2026-05-02T02:48:10Z</time>
					</trkpt>
					<trkpt lat="45.933750" lon="6.849640">
						<ele>1793</ele>
						<time>2026-05-02T02:48:14Z</time>
					</trkpt>
					<trkpt lat="45.933740" lon="6.849610">
						<ele>1792</ele>
						<time>2026-05-02T02:48:17Z</time>
					</trkpt>
					<trkpt lat="45.933790" lon="6.849390">
						<ele>1792</ele>
						<time>2026-05-02T02:48:39Z</time>
					</trkpt>
					<trkpt lat="45.933790" lon="6.849320">
						<ele>1791</ele>
						<time>2026-05-02T02:48:45Z</time>
					</trkpt>
					<trkpt lat="45.933710" lon="6.849110">
						<ele>1784</ele>
						<time>2026-05-02T02:49:07Z</time>
					</trkpt>
					<trkpt lat="45.933640" lon="6.848840">
						<ele>1785</ele>
						<time>2026-05-02T02:49:34Z</time>
					</trkpt>
					<trkpt lat="45.933520" lon="6.848600">
						<ele>1781</ele>
						<time>2026-05-02T02:50:01Z</time>
					</trkpt>
					<trkpt lat="45.933360" lon="6.848440">
						<ele>1772</ele>
						<time>2026-05-02T02:50:27Z</time>
					</trkpt>
					<trkpt lat="45.933300" lon="6.848360">
						<ele>1770</ele>
						<time>2026-05-02T02:50:38Z</time>
					</trkpt>
					<trkpt lat="45.933220" lon="6.848170">
						<ele>1772</ele>
						<time>2026-05-02T02:50:59Z</time>
					</trkpt>
					<trkpt lat="45.933040" lon="6.848110">
						<ele>1765</ele>
						<time>2026-05-02T02:51:24Z</time>
					</trkpt>
					<trkpt lat="45.932770" lon="6.847870">
						<ele>1760</ele>
						<time>2026-05-02T02:52:06Z</time>
					</trkpt>
					<trkpt lat="45.932570" lon="6.847820">
						<ele>1752</ele>
						<time>2026-05-02T02:52:33Z</time>
					</trkpt>
					<trkpt lat="45.932400" lon="6.847820">
						<ele>1745</ele>
						<time>2026-05-02T02:52:56Z</time>
					</trkpt>
					<trkpt lat="45.932250" lon="6.847780">
						<ele>1742</ele>
						<time>2026-05-02T02:53:16Z</time>
					</trkpt>
					<trkpt lat="45.932080" lon="6.847790">
						<ele>1736</ele>
						<time>2026-05-02T02:53:39Z</time>
					</trkpt>
					<trkpt lat="45.931940" lon="6.847760">
						<ele>1732</ele>
						<time>2026-05-02T02:53:58Z</time>
					</trkpt>
					<trkpt lat="45.931830" lon="6.847760">
						<ele>1729</ele>
						<time>2026-05-02T02:54:12Z</time>
					</trkpt>
					<trkpt lat="45.931810" lon="6.847780">
						<ele>1727</ele>
						<time>2026-05-02T02:54:16Z</time>
					</trkpt>
					<trkpt lat="45.931850" lon="6.847860">
						<ele>1725</ele>
						<time>2026-05-02T02:54:25Z</time>
					</trkpt>
					<trkpt lat="45.932040" lon="6.848020">
						<ele>1724</ele>
						<time>2026-05-02T02:54:54Z</time>
					</trkpt>
					<trkpt lat="45.932120" lon="6.848120">
						<ele>1722</ele>
						<time>2026-05-02T02:55:08Z</time>
					</trkpt>
					<trkpt lat="45.932190" lon="6.848260">
						<ele>1718</ele>
						<time>2026-05-02T02:55:24Z</time>
					</trkpt>
					<trkpt lat="45.932240" lon="6.848280">
						<ele>1719</ele>
						<time>2026-05-02T02:55:31Z</time>
					</trkpt>
					<trkpt lat="45.932300" lon="6.848450">
						<ele>1714</ele>
						<time>2026-05-02T02:55:49Z</time>
					</trkpt>
					<trkpt lat="45.932370" lon="6.848470">
						<ele>1716</ele>
						<time>2026-05-02T02:55:58Z</time>
					</trkpt>
					<trkpt lat="45.932540" lon="6.848730">
						<ele>1715</ele>
						<time>2026-05-02T02:56:32Z</time>
					</trkpt>
					<trkpt lat="45.932680" lon="6.848840">
						<ele>1720</ele>
						<time>2026-05-02T02:56:53Z</time>
					</trkpt>
					<trkpt lat="45.932680" lon="6.848870">
						<ele>1719</ele>
						<time>2026-05-02T02:56:56Z</time>
					</trkpt>
					<trkpt lat="45.932640" lon="6.848900">
						<ele>1716</ele>
						<time>2026-05-02T02:57:02Z</time>
					</trkpt>
					<trkpt lat="45.932500" lon="6.848870">
						<ele>1708</ele>
						<time>2026-05-02T02:57:21Z</time>
					</trkpt>
					<trkpt lat="45.932410" lon="6.848890">
						<ele>1704</ele>
						<time>2026-05-02T02:57:33Z</time>
					</trkpt>
					<trkpt lat="45.932230" lon="6.848870">
						<ele>1698</ele>
						<time>2026-05-02T02:57:57Z</time>
					</trkpt>
					<trkpt lat="45.932090" lon="6.848890">
						<ele>1692</ele>
						<time>2026-05-02T02:58:16Z</time>
					</trkpt>
					<trkpt lat="45.932010" lon="6.848850">
						<ele>1690</ele>
						<time>2026-05-02T02:58:27Z</time>
					</trkpt>
					<trkpt lat="45.931940" lon="6.848860">
						<ele>1687</ele>
						<time>2026-05-02T02:58:36Z</time>
					</trkpt>
					<trkpt lat="45.931810" lon="6.848780">
						<ele>1685</ele>
						<time>2026-05-02T02:58:55Z</time>
					</trkpt>
					<trkpt lat="45.931800" lon="6.848760">
						<ele>1686</ele>
						<time>2026-05-02T02:58:57Z</time>
					</trkpt>
					<trkpt lat="45.931620" lon="6.848750">
						<ele>1680</ele>
						<time>2026-05-02T02:59:21Z</time>
					</trkpt>
					<trkpt lat="45.931440" lon="6.848630">
						<ele>1679</ele>
						<time>2026-05-02T02:59:48Z</time>
					</trkpt>
					<trkpt lat="45.931130" lon="6.848560">
						<ele>1671</ele>
						<time>2026-05-02T03:00:30Z</time>
					</trkpt>
					<trkpt lat="45.931130" lon="6.848600">
						<ele>1669</ele>
						<time>2026-05-02T03:00:34Z</time>
					</trkpt>
					<trkpt lat="45.931170" lon="6.848660">
						<ele>1668</ele>
						<time>2026-05-02T03:00:41Z</time>
					</trkpt>
					<trkpt lat="45.931170" lon="6.848740">
						<ele>1664</ele>
						<time>2026-05-02T03:00:49Z</time>
					</trkpt>
					<trkpt lat="45.931280" lon="6.848820">
						<ele>1665</ele>
						<time>2026-05-02T03:01:05Z</time>
					</trkpt>
					<trkpt lat="45.931300" lon="6.848870">
						<ele>1663</ele>
						<time>2026-05-02T03:01:11Z</time>
					</trkpt>
					<trkpt lat="45.931360" lon="6.848910">
						<ele>1664</ele>
						<time>2026-05-02T03:01:19Z</time>
					</trkpt>
					<trkpt lat="45.931360" lon="6.848970">
						<ele>1661</ele>
						<time>2026-05-02T03:01:25Z</time>
					</trkpt>
					<trkpt lat="45.931390" lon="6.849000">
						<ele>1661</ele>
						<time>2026-05-02T03:01:30Z</time>
					</trkpt>
					<trkpt lat="45.931420" lon="6.849100">
						<ele>1657</ele>
						<time>2026-05-02T03:01:40Z</time>
					</trkpt>
					<trkpt lat="45.931430" lon="6.849230">
						<ele>1653</ele>
						<time>2026-05-02T03:01:52Z</time>
					</trkpt>
					<trkpt lat="45.931580" lon="6.849580">
						<ele>1650</ele>
						<time>2026-05-02T03:02:30Z</time>
					</trkpt>
					<trkpt lat="45.931690" lon="6.849780">
						<ele>1650</ele>
						<time>2026-05-02T03:02:54Z</time>
					</trkpt>
					<trkpt lat="45.931700" lon="6.849850">
						<ele>1649</ele>
						<time>2026-05-02T03:03:00Z</time>
					</trkpt>
					<trkpt lat="45.931670" lon="6.849900">
						<ele>1646</ele>
						<time>2026-05-02T03:03:07Z</time>
					</trkpt>
					<trkpt lat="45.931340" lon="6.849720">
						<ele>1637</ele>
						<time>2026-05-02T03:03:54Z</time>
					</trkpt>
					<trkpt lat="45.931170" lon="6.849550">
						<ele>1635</ele>
						<time>2026-05-02T03:04:21Z</time>
					</trkpt>
					<trkpt lat="45.931010" lon="6.849470">
						<ele>1632</ele>
						<time>2026-05-02T03:04:44Z</time>
					</trkpt>
					<trkpt lat="45.930840" lon="6.849440">
						<ele>1626</ele>
						<time>2026-05-02T03:05:07Z</time>
					</trkpt>
					<trkpt lat="45.930790" lon="6.849450">
						<ele>1624</ele>
						<time>2026-05-02T03:05:14Z</time>
					</trkpt>
					<trkpt lat="45.930800" lon="6.849500">
						<ele>1623</ele>
						<time>2026-05-02T03:05:18Z</time>
					</trkpt>
					<trkpt lat="45.930840" lon="6.849510">
						<ele>1624</ele>
						<time>2026-05-02T03:05:24Z</time>
					</trkpt>
					<trkpt lat="45.930870" lon="6.849620">
						<ele>1622</ele>
						<time>2026-05-02T03:05:35Z</time>
					</trkpt>
					<trkpt lat="45.930930" lon="6.849710">
						<ele>1622</ele>
						<time>2026-05-02T03:05:46Z</time>
					</trkpt>
					<trkpt lat="45.930910" lon="6.849800">
						<ele>1618</ele>
						<time>2026-05-02T03:05:55Z</time>
					</trkpt>
					<trkpt lat="45.930990" lon="6.850160">
						<ele>1613</ele>
						<time>2026-05-02T03:06:30Z</time>
					</trkpt>
					<trkpt lat="45.930990" lon="6.850250">
						<ele>1612</ele>
						<time>2026-05-02T03:06:39Z</time>
					</trkpt>
					<trkpt lat="45.931080" lon="6.850390">
						<ele>1614</ele>
						<time>2026-05-02T03:06:56Z</time>
					</trkpt>
					<trkpt lat="45.931100" lon="6.850540">
						<ele>1613</ele>
						<time>2026-05-02T03:07:10Z</time>
					</trkpt>
					<trkpt lat="45.931120" lon="6.850600">
						<ele>1614</ele>
						<time>2026-05-02T03:07:17Z</time>
					</trkpt>
					<trkpt lat="45.931160" lon="6.850650">
						<ele>1615</ele>
						<time>2026-05-02T03:07:24Z</time>
					</trkpt>
					<trkpt lat="45.931220" lon="6.850850">
						<ele>1616</ele>
						<time>2026-05-02T03:07:44Z</time>
					</trkpt>
					<trkpt lat="45.931220" lon="6.850980">
						<ele>1615</ele>
						<time>2026-05-02T03:07:56Z</time>
					</trkpt>
					<trkpt lat="45.931110" lon="6.851260">
						<ele>1605</ele>
						<time>2026-05-02T03:08:26Z</time>
					</trkpt>
					<trkpt lat="45.931150" lon="6.851750">
						<ele>1603</ele>
						<time>2026-05-02T03:09:12Z</time>
					</trkpt>
					<trkpt lat="45.931150" lon="6.851840">
						<ele>1603</ele>
						<time>2026-05-02T03:09:20Z</time>
					</trkpt>
					<trkpt lat="45.931090" lon="6.852040">
						<ele>1599</ele>
						<time>2026-05-02T03:09:40Z</time>
					</trkpt>
					<trkpt lat="45.931060" lon="6.852260">
						<ele>1596</ele>
						<time>2026-05-02T03:10:01Z</time>
					</trkpt>
					<trkpt lat="45.930970" lon="6.852380">
						<ele>1589</ele>
						<time>2026-05-02T03:10:17Z</time>
					</trkpt>
					<trkpt lat="45.930900" lon="6.852720">
						<ele>1587</ele>
						<time>2026-05-02T03:10:50Z</time>
					</trkpt>
					<trkpt lat="45.930720" lon="6.853310">
						<ele>1580</ele>
						<time>2026-05-02T03:11:50Z</time>
					</trkpt>
					<trkpt lat="45.930530" lon="6.853650">
						<ele>1573</ele>
						<time>2026-05-02T03:12:31Z</time>
					</trkpt>
					<trkpt lat="45.930570" lon="6.853890">
						<ele>1583</ele>
						<time>2026-05-02T03:12:53Z</time>
					</trkpt>
					<trkpt lat="45.930560" lon="6.854060">
						<ele>1587</ele>
						<time>2026-05-02T03:13:09Z</time>
					</trkpt>
					<trkpt lat="45.930480" lon="6.854280">
						<ele>1585</ele>
						<time>2026-05-02T03:13:32Z</time>
					</trkpt>
					<trkpt lat="45.930330" lon="6.854560">
						<ele>1578</ele>
						<time>2026-05-02T03:14:05Z</time>
					</trkpt>
					<trkpt lat="45.930330" lon="6.854650">
						<ele>1579</ele>
						<time>2026-05-02T03:14:13Z</time>
					</trkpt>
					<trkpt lat="45.930240" lon="6.854950">
						<ele>1577</ele>
						<time>2026-05-02T03:14:44Z</time>
					</trkpt>
					<trkpt lat="45.930070" lon="6.855260">
						<ele>1563</ele>
						<time>2026-05-02T03:15:20Z</time>
					</trkpt>
					<trkpt lat="45.929970" lon="6.855300">
						<ele>1556</ele>
						<time>2026-05-02T03:15:34Z</time>
					</trkpt>
					<trkpt lat="45.929840" lon="6.855440">
						<ele>1545</ele>
						<time>2026-05-02T03:15:56Z</time>
					</trkpt>
					<trkpt lat="45.929800" lon="6.855460">
						<ele>1542</ele>
						<time>2026-05-02T03:16:02Z</time>
					</trkpt>
					<trkpt lat="45.929800" lon="6.855480">
						<ele>1542</ele>
						<time>2026-05-02T03:16:03Z</time>
					</trkpt>
					<trkpt lat="45.929940" lon="6.855740">
						<ele>1552</ele>
						<time>2026-05-02T03:16:34Z</time>
					</trkpt>
					<trkpt lat="45.929980" lon="6.855890">
						<ele>1553</ele>
						<time>2026-05-02T03:16:49Z</time>
					</trkpt>
					<trkpt lat="45.930040" lon="6.856040">
						<ele>1554</ele>
						<time>2026-05-02T03:17:05Z</time>
					</trkpt>
					<trkpt lat="45.930040" lon="6.856330">
						<ele>1546</ele>
						<time>2026-05-02T03:17:32Z</time>
					</trkpt>
					<trkpt lat="45.930050" lon="6.856420">
						<ele>1545</ele>
						<time>2026-05-02T03:17:40Z</time>
					</trkpt>
					<trkpt lat="45.930030" lon="6.856630">
						<ele>1538</ele>
						<time>2026-05-02T03:18:00Z</time>
					</trkpt>
					<trkpt lat="45.930050" lon="6.857120">
						<ele>1520</ele>
						<time>2026-05-02T03:18:46Z</time>
					</trkpt>
					<trkpt lat="45.930010" lon="6.857220">
						<ele>1514</ele>
						<time>2026-05-02T03:18:56Z</time>
					</trkpt>
					<trkpt lat="45.929940" lon="6.857170">
						<ele>1511</ele>
						<time>2026-05-02T03:19:07Z</time>
					</trkpt>
					<trkpt lat="45.929910" lon="6.857270">
						<ele>1505</ele>
						<time>2026-05-02T03:19:17Z</time>
					</trkpt>
					<trkpt lat="45.929820" lon="6.857020">
						<ele>1509</ele>
						<time>2026-05-02T03:19:43Z</time>
					</trkpt>
					<trkpt lat="45.929740" lon="6.857040">
						<ele>1504</ele>
						<time>2026-05-02T03:19:54Z</time>
					</trkpt>
					<trkpt lat="45.929480" lon="6.856650">
						<ele>1501</ele>
						<time>2026-05-02T03:20:44Z</time>
					</trkpt>
					<trkpt lat="45.929390" lon="6.856590">
						<ele>1496</ele>
						<time>2026-05-02T03:20:57Z</time>
					</trkpt>
					<trkpt lat="45.929180" lon="6.856320">
						<ele>1488</ele>
						<time>2026-05-02T03:21:35Z</time>
					</trkpt>
					<trkpt lat="45.928860" lon="6.856230">
						<ele>1466</ele>
						<time>2026-05-02T03:22:18Z</time>
					</trkpt>
					<trkpt lat="45.928800" lon="6.856250">
						<ele>1461</ele>
						<time>2026-05-02T03:22:26Z</time>
					</trkpt>
					<trkpt lat="45.929010" lon="6.856560">
						<ele>1471</ele>
						<time>2026-05-02T03:23:07Z</time>
					</trkpt>
					<trkpt lat="45.928950" lon="6.856590">
						<ele>1467</ele>
						<time>2026-05-02T03:23:15Z</time>
					</trkpt>
					<trkpt lat="45.928640" lon="6.856500">
						<ele>1446</ele>
						<time>2026-05-02T03:23:57Z</time>
					</trkpt>
					<trkpt lat="45.928470" lon="6.856270">
						<ele>1436</ele>
						<time>2026-05-02T03:24:28Z</time>
					</trkpt>
					<trkpt lat="45.928380" lon="6.855870">
						<ele>1432</ele>
						<time>2026-05-02T03:25:07Z</time>
					</trkpt>
					<trkpt lat="45.928300" lon="6.855790">
						<ele>1425</ele>
						<time>2026-05-02T03:25:20Z</time>
					</trkpt>
					<trkpt lat="45.928290" lon="6.855910">
						<ele>1425</ele>
						<time>2026-05-02T03:25:32Z</time>
					</trkpt>
					<trkpt lat="45.928370" lon="6.856420">
						<ele>1428</ele>
						<time>2026-05-02T03:26:20Z</time>
					</trkpt>
					<trkpt lat="45.928550" lon="6.856760">
						<ele>1436</ele>
						<time>2026-05-02T03:27:00Z</time>
					</trkpt>
					<trkpt lat="45.928660" lon="6.856970">
						<ele>1437</ele>
						<time>2026-05-02T03:27:24Z</time>
					</trkpt>
					<trkpt lat="45.928500" lon="6.856930">
						<ele>1428</ele>
						<time>2026-05-02T03:27:46Z</time>
					</trkpt>
					<trkpt lat="45.928490" lon="6.857060">
						<ele>1423</ele>
						<time>2026-05-02T03:27:58Z</time>
					</trkpt>
					<trkpt lat="45.928400" lon="6.857070">
						<ele>1417</ele>
						<time>2026-05-02T03:28:10Z</time>
					</trkpt>
					<trkpt lat="45.928220" lon="6.856900">
						<ele>1411</ele>
						<time>2026-05-02T03:28:39Z</time>
					</trkpt>
					<trkpt lat="45.927990" lon="6.856730">
						<ele>1400</ele>
						<time>2026-05-02T03:29:13Z</time>
					</trkpt>
					<trkpt lat="45.927890" lon="6.856700">
						<ele>1394</ele>
						<time>2026-05-02T03:29:27Z</time>
					</trkpt>
					<trkpt lat="45.927850" lon="6.856530">
						<ele>1393</ele>
						<time>2026-05-02T03:29:44Z</time>
					</trkpt>
					<trkpt lat="45.927770" lon="6.856670">
						<ele>1387</ele>
						<time>2026-05-02T03:30:01Z</time>
					</trkpt>
					<trkpt lat="45.927810" lon="6.856800">
						<ele>1387</ele>
						<time>2026-05-02T03:30:14Z</time>
					</trkpt>
					<trkpt lat="45.927970" lon="6.857110">
						<ele>1391</ele>
						<time>2026-05-02T03:30:50Z</time>
					</trkpt>
					<trkpt lat="45.928000" lon="6.857360">
						<ele>1387</ele>
						<time>2026-05-02T03:31:13Z</time>
					</trkpt>
					<trkpt lat="45.927980" lon="6.857500">
						<ele>1383</ele>
						<time>2026-05-02T03:31:26Z</time>
					</trkpt>
					<trkpt lat="45.927910" lon="6.857390">
						<ele>1382</ele>
						<time>2026-05-02T03:31:40Z</time>
					</trkpt>
					<trkpt lat="45.927780" lon="6.857270">
						<ele>1377</ele>
						<time>2026-05-02T03:32:01Z</time>
					</trkpt>
					<trkpt lat="45.927540" lon="6.857150">
						<ele>1365</ele>
						<time>2026-05-02T03:32:35Z</time>
					</trkpt>
					<trkpt lat="45.927320" lon="6.856910">
						<ele>1352</ele>
						<time>2026-05-02T03:33:12Z</time>
					</trkpt>
					<trkpt lat="45.927340" lon="6.857140">
						<ele>1351</ele>
						<time>2026-05-02T03:33:33Z</time>
					</trkpt>
					<trkpt lat="45.927160" lon="6.856800">
						<ele>1341</ele>
						<time>2026-05-02T03:34:13Z</time>
					</trkpt>
					<trkpt lat="45.927090" lon="6.856550">
						<ele>1337</ele>
						<time>2026-05-02T03:34:38Z</time>
					</trkpt>
					<trkpt lat="45.927080" lon="6.856950">
						<ele>1333</ele>
						<time>2026-05-02T03:35:15Z</time>
					</trkpt>
					<trkpt lat="45.927040" lon="6.857200">
						<ele>1327</ele>
						<time>2026-05-02T03:35:39Z</time>
					</trkpt>
					<trkpt lat="45.927040" lon="6.857410">
						<ele>1325</ele>
						<time>2026-05-02T03:35:58Z</time>
					</trkpt>
					<trkpt lat="45.927180" lon="6.857550">
						<ele>1333</ele>
						<time>2026-05-02T03:36:21Z</time>
					</trkpt>
					<trkpt lat="45.927320" lon="6.857630">
						<ele>1340</ele>
						<time>2026-05-02T03:36:41Z</time>
					</trkpt>
					<trkpt lat="45.927390" lon="6.857910">
						<ele>1334</ele>
						<time>2026-05-02T03:37:09Z</time>
					</trkpt>
					<trkpt lat="45.927430" lon="6.858410">
						<ele>1315</ele>
						<time>2026-05-02T03:37:55Z</time>
					</trkpt>
					<trkpt lat="45.927580" lon="6.858510">
						<ele>1320</ele>
						<time>2026-05-02T03:38:17Z</time>
					</trkpt>
					<trkpt lat="45.927590" lon="6.858590">
						<ele>1317</ele>
						<time>2026-05-02T03:38:25Z</time>
					</trkpt>
					<trkpt lat="45.927430" lon="6.858580">
						<ele>1309</ele>
						<time>2026-05-02T03:38:46Z</time>
					</trkpt>
					<trkpt lat="45.927350" lon="6.858520">
						<ele>1307</ele>
						<time>2026-05-02T03:38:58Z</time>
					</trkpt>
					<trkpt lat="45.927160" lon="6.858050">
						<ele>1314</ele>
						<time>2026-05-02T03:39:49Z</time>
					</trkpt>
					<trkpt lat="45.927050" lon="6.858010">
						<ele>1308</ele>
						<time>2026-05-02T03:40:04Z</time>
					</trkpt>
					<trkpt lat="45.926720" lon="6.858000">
						<ele>1288</ele>
						<time>2026-05-02T03:40:48Z</time>
					</trkpt>
					<trkpt lat="45.926320" lon="6.857500">
						<ele>1280</ele>
						<time>2026-05-02T03:41:59Z</time>
					</trkpt>
					<trkpt lat="45.926290" lon="6.857530">
						<ele>1278</ele>
						<time>2026-05-02T03:42:04Z</time>
					</trkpt>
					<trkpt lat="45.926300" lon="6.857640">
						<ele>1276</ele>
						<time>2026-05-02T03:42:14Z</time>
					</trkpt>
					<trkpt lat="45.926560" lon="6.858210">
						<ele>1275</ele>
						<time>2026-05-02T03:43:17Z</time>
					</trkpt>
					<trkpt lat="45.926810" lon="6.858310">
						<ele>1286</ele>
						<time>2026-05-02T03:43:52Z</time>
					</trkpt>
					<trkpt lat="45.926880" lon="6.858440">
						<ele>1285</ele>
						<time>2026-05-02T03:44:07Z</time>
					</trkpt>
					<trkpt lat="45.926900" lon="6.858730">
						<ele>1275</ele>
						<time>2026-05-02T03:44:34Z</time>
					</trkpt>
					<trkpt lat="45.927070" lon="6.859170">
						<ele>1267</ele>
						<time>2026-05-02T03:45:21Z</time>
					</trkpt>
					<trkpt lat="45.926960" lon="6.859150">
						<ele>1261</ele>
						<time>2026-05-02T03:45:36Z</time>
					</trkpt>
					<trkpt lat="45.926670" lon="6.858660">
						<ele>1265</ele>
						<time>2026-05-02T03:46:35Z</time>
					</trkpt>
					<trkpt lat="45.926410" lon="6.858520">
						<ele>1258</ele>
						<time>2026-05-02T03:47:12Z</time>
					</trkpt>
					<trkpt lat="45.926220" lon="6.858450">
						<ele>1252</ele>
						<time>2026-05-02T03:47:39Z</time>
					</trkpt>
					<trkpt lat="45.926030" lon="6.858320">
						<ele>1247</ele>
						<time>2026-05-02T03:48:07Z</time>
					</trkpt>
					<trkpt lat="45.925970" lon="6.858140">
						<ele>1248</ele>
						<time>2026-05-02T03:48:25Z</time>
					</trkpt>
					<trkpt lat="45.925770" lon="6.857780">
						<ele>1248</ele>
						<time>2026-05-02T03:49:08Z</time>
					</trkpt>
					<trkpt lat="45.925660" lon="6.857650">
						<ele>1246</ele>
						<time>2026-05-02T03:49:27Z</time>
					</trkpt>
					<trkpt lat="45.925610" lon="6.857620">
						<ele>1244</ele>
						<time>2026-05-02T03:49:34Z</time>
					</trkpt>
					<trkpt lat="45.925600" lon="6.857700">
						<ele>1242</ele>
						<time>2026-05-02T03:49:42Z</time>
					</trkpt>
					<trkpt lat="45.925610" lon="6.857780">
						<ele>1241</ele>
						<time>2026-05-02T03:49:49Z</time>
					</trkpt>
					<trkpt lat="45.925700" lon="6.858010">
						<ele>1240</ele>
						<time>2026-05-02T03:50:14Z</time>
					</trkpt>
					<trkpt lat="45.925680" lon="6.858240">
						<ele>1234</ele>
						<time>2026-05-02T03:50:35Z</time>
					</trkpt>
					<trkpt lat="45.925640" lon="6.858440">
						<ele>1227</ele>
						<time>2026-05-02T03:50:55Z</time>
					</trkpt>
					<trkpt lat="45.925580" lon="6.858590">
						<ele>1220</ele>
						<time>2026-05-02T03:51:11Z</time>
					</trkpt>
					<trkpt lat="45.925530" lon="6.858650">
						<ele>1217</ele>
						<time>2026-05-02T03:51:19Z</time>
					</trkpt>
					<trkpt lat="45.925500" lon="6.858610">
						<ele>1217</ele>
						<time>2026-05-02T03:51:25Z</time>
					</trkpt>
					<trkpt lat="45.925510" lon="6.858410">
						<ele>1223</ele>
						<time>2026-05-02T03:51:44Z</time>
					</trkpt>
					<trkpt lat="45.925470" lon="6.858310">
						<ele>1224</ele>
						<time>2026-05-02T03:51:54Z</time>
					</trkpt>
					<trkpt lat="45.925350" lon="6.858290">
						<ele>1220</ele>
						<time>2026-05-02T03:52:10Z</time>
					</trkpt>
					<trkpt lat="45.925220" lon="6.858360">
						<ele>1214</ele>
						<time>2026-05-02T03:52:29Z</time>
					</trkpt>
					<trkpt lat="45.925270" lon="6.858430">
						<ele>1214</ele>
						<time>2026-05-02T03:52:38Z</time>
					</trkpt>
					<trkpt lat="45.925320" lon="6.858610">
						<ele>1211</ele>
						<time>2026-05-02T03:52:56Z</time>
					</trkpt>
					<trkpt lat="45.925280" lon="6.858850">
						<ele>1204</ele>
						<time>2026-05-02T03:53:19Z</time>
					</trkpt>
					<trkpt lat="45.925420" lon="6.859030">
						<ele>1203</ele>
						<time>2026-05-02T03:53:44Z</time>
					</trkpt>
					<trkpt lat="45.925500" lon="6.859230">
						<ele>1200</ele>
						<time>2026-05-02T03:54:06Z</time>
					</trkpt>
					<trkpt lat="45.925760" lon="6.859390">
						<ele>1201</ele>
						<time>2026-05-02T03:54:43Z</time>
					</trkpt>
					<trkpt lat="45.925850" lon="6.859450">
						<ele>1201</ele>
						<time>2026-05-02T03:54:57Z</time>
					</trkpt>
					<trkpt lat="45.925990" lon="6.859780">
						<ele>1196</ele>
						<time>2026-05-02T03:55:32Z</time>
					</trkpt>
					<trkpt lat="45.926080" lon="6.860240">
						<ele>1184</ele>
						<time>2026-05-02T03:56:17Z</time>
					</trkpt>
					<trkpt lat="45.926060" lon="6.860280">
						<ele>1183</ele>
						<time>2026-05-02T03:56:21Z</time>
					</trkpt>
					<trkpt lat="45.926020" lon="6.860260">
						<ele>1182</ele>
						<time>2026-05-02T03:56:27Z</time>
					</trkpt>
					<trkpt lat="45.925960" lon="6.860130">
						<ele>1183</ele>
						<time>2026-05-02T03:56:41Z</time>
					</trkpt>
					<trkpt lat="45.925680" lon="6.859810">
						<ele>1187</ele>
						<time>2026-05-02T03:57:29Z</time>
					</trkpt>
					<trkpt lat="45.925640" lon="6.859830">
						<ele>1186</ele>
						<time>2026-05-02T03:57:35Z</time>
					</trkpt>
					<trkpt lat="45.925640" lon="6.859910">
						<ele>1184</ele>
						<time>2026-05-02T03:57:42Z</time>
					</trkpt>
					<trkpt lat="45.925740" lon="6.860280">
						<ele>1174</ele>
						<time>2026-05-02T03:58:19Z</time>
					</trkpt>
					<trkpt lat="45.925770" lon="6.860570">
						<ele>1165</ele>
						<time>2026-05-02T03:58:46Z</time>
					</trkpt>
					<trkpt lat="45.925750" lon="6.860820">
						<ele>1157</ele>
						<time>2026-05-02T03:59:10Z</time>
					</trkpt>
					<trkpt lat="45.925810" lon="6.861140">
						<ele>1152</ele>
						<time>2026-05-02T03:59:40Z</time>
					</trkpt>
					<trkpt lat="45.925790" lon="6.861260">
						<ele>1150</ele>
						<time>2026-05-02T03:59:52Z</time>
					</trkpt>
					<trkpt lat="45.925750" lon="6.861220">
						<ele>1150</ele>
						<time>2026-05-02T03:59:58Z</time>
					</trkpt>
					<trkpt lat="45.925580" lon="6.861040">
						<ele>1152</ele>
						<time>2026-05-02T04:00:27Z</time>
					</trkpt>
					<trkpt lat="45.925380" lon="6.861020">
						<ele>1150</ele>
						<time>2026-05-02T04:00:53Z</time>
					</trkpt>
					<trkpt lat="45.925180" lon="6.861180">
						<ele>1145</ele>
						<time>2026-05-02T04:01:24Z</time>
					</trkpt>
					<trkpt lat="45.924950" lon="6.861400">
						<ele>1137</ele>
						<time>2026-05-02T04:02:01Z</time>
					</trkpt>
					<trkpt lat="45.924460" lon="6.861710">
						<ele>1125</ele>
						<time>2026-05-02T04:03:12Z</time>
					</trkpt>
					<trkpt lat="45.924400" lon="6.861800">
						<ele>1123</ele>
						<time>2026-05-02T04:03:24Z</time>
					</trkpt>
					<trkpt lat="45.924350" lon="6.862010">
						<ele>1118</ele>
						<time>2026-05-02T04:03:44Z</time>
					</trkpt>
					<trkpt lat="45.924250" lon="6.862360">
						<ele>1111</ele>
						<time>2026-05-02T04:04:20Z</time>
					</trkpt>
					<trkpt lat="45.924100" lon="6.862650">
						<ele>1105</ele>
						<time>2026-05-02T04:04:53Z</time>
					</trkpt>
					<trkpt lat="45.924080" lon="6.862710">
						<ele>1103</ele>
						<time>2026-05-02T04:04:59Z</time>
					</trkpt>
					<trkpt lat="45.924020" lon="6.862820">
						<ele>1101</ele>
						<time>2026-05-02T04:05:12Z</time>
					</trkpt>
					<trkpt lat="45.923830" lon="6.863050">
						<ele>1096</ele>
						<time>2026-05-02T04:05:45Z</time>
					</trkpt>
					<trkpt lat="45.923750" lon="6.863320">
						<ele>1091</ele>
						<time>2026-05-02T04:06:13Z</time>
					</trkpt>
					<trkpt lat="45.923740" lon="6.863410">
						<ele>1090</ele>
						<time>2026-05-02T04:06:21Z</time>
					</trkpt>
					<trkpt lat="45.923760" lon="6.863590">
						<ele>1088</ele>
						<time>2026-05-02T04:06:38Z</time>
					</trkpt>
					<trkpt lat="45.923800" lon="6.863650">
						<ele>1087</ele>
						<time>2026-05-02T04:06:46Z</time>
					</trkpt>
					<trkpt lat="45.923920" lon="6.863760">
						<ele>1087</ele>
						<time>2026-05-02T04:07:05Z</time>
					</trkpt>
					<trkpt lat="45.923880" lon="6.864010">
						<ele>1084</ele>
						<time>2026-05-02T04:07:28Z</time>
					</trkpt>
					<trkpt lat="45.923850" lon="6.864210">
						<ele>1082</ele>
						<time>2026-05-02T04:07:47Z</time>
					</trkpt>
					<trkpt lat="45.923810" lon="6.864490">
						<ele>1077</ele>
						<time>2026-05-02T04:08:14Z</time>
					</trkpt>
					<trkpt lat="45.923780" lon="6.864740">
						<ele>1073</ele>
						<time>2026-05-02T04:08:38Z</time>
					</trkpt>
					<trkpt lat="45.923770" lon="6.864810">
						<ele>1072</ele>
						<time>2026-05-02T04:08:44Z</time>
					</trkpt>
					<trkpt lat="45.923750" lon="6.864920">
						<ele>1071</ele>
						<time>2026-05-02T04:08:55Z</time>
					</trkpt>
					<trkpt lat="45.923720" lon="6.865110">
						<ele>1068</ele>
						<time>2026-05-02T04:09:13Z</time>
					</trkpt>
					<trkpt lat="45.923600" lon="6.865790">
						<ele>1061</ele>
						<time>2026-05-02T04:10:18Z</time>
					</trkpt>
					<trkpt lat="45.923560" lon="6.866070">
						<ele>1059</ele>
						<time>2026-05-02T04:10:45Z</time>
					</trkpt>
					<trkpt lat="45.923540" lon="6.866340">
						<ele>1057</ele>
						<time>2026-05-02T04:11:10Z</time>
					</trkpt>
					<trkpt lat="45.923540" lon="6.866370">
						<ele>1057</ele>
						<time>2026-05-02T04:11:12Z</time>
					</trkpt>
					<trkpt lat="45.923530" lon="6.866540">
						<ele>1056</ele>
						<time>2026-05-02T04:11:28Z</time>
					</trkpt>
					<trkpt lat="45.923500" lon="6.866990">
						<ele>1053</ele>
						<time>2026-05-02T04:12:10Z</time>
					</trkpt>
					<trkpt lat="45.923490" lon="6.867290">
						<ele>1050</ele>
						<time>2026-05-02T04:12:38Z</time>
					</trkpt>
					<trkpt lat="45.923540" lon="6.867460">
						<ele>1049</ele>
						<time>2026-05-02T04:12:55Z</time>
					</trkpt>
					<trkpt lat="45.923480" lon="6.867530">
						<ele>1048</ele>
						<time>2026-05-02T04:13:06Z</time>
					</trkpt>
					<trkpt lat="45.923470" lon="6.867610">
						<ele>1048</ele>
						<time>2026-05-02T04:13:13Z</time>
					</trkpt>
					<trkpt lat="45.923410" lon="6.867600">
						<ele>1048</ele>
						<time>2026-05-02T04:13:21Z</time>
					</trkpt>
					</trkseg>
				</trk>
			</gpx>