<?xml version="1.0" encoding="UTF-8" ?>
<gpx version="1.1" xmlns:xsi="http://www.w3.org/2001/XMLSchema-instance"
    xmlns="http://www.topografix.com/GPX/1/1"
    xsi:schemaLocation="http://www.topografix.com/GPX/1/1 http://www.topografix.com/GPX/1/1/gpx.xsd"
    creator="Openrunner - https://www.openrunner.com" >	<trk>
	                   <name>Cours St Pierre par l&#039;Erdre jusqu&#039;à Blanche Neige--22030754</name>
						<trkseg>
					<trkpt lat="47.218600" lon="-1.548630">
						<ele>23</ele>
						<time>2026-05-01T08:37:43Z</time>
					</trkpt>
					<trkpt lat="47.218640" lon="-1.548520">
						<ele>24</ele>
						<time>2026-05-01T08:37:54Z</time>
					</trkpt>
					<trkpt lat="47.218700" lon="-1.548560">
						<ele>24</ele>
						<time>2026-05-01T08:38:03Z</time>
					</trkpt>
					<trkpt lat="47.218730" lon="-1.548640">
						<ele>24</ele>
						<time>2026-05-01T08:38:11Z</time>
					</trkpt>
					<trkpt lat="47.219560" lon="-1.549310">
						<ele>24</ele>
						<time>2026-05-01T08:40:18Z</time>
					</trkpt>
					<trkpt lat="47.219570" lon="-1.549350">
						<ele>24</ele>
						<time>2026-05-01T08:40:22Z</time>
					</trkpt>
					<trkpt lat="47.219740" lon="-1.549500">
						<ele>23</ele>
						<time>2026-05-01T08:40:48Z</time>
					</trkpt>
					<trkpt lat="47.219780" lon="-1.549470">
						<ele>23</ele>
						<time>2026-05-01T08:40:54Z</time>
					</trkpt>
					<trkpt lat="47.219830" lon="-1.549500">
						<ele>23</ele>
						<time>2026-05-01T08:41:01Z</time>
					</trkpt>
					<trkpt lat="47.219810" lon="-1.549610">
						<ele>23</ele>
						<time>2026-05-01T08:41:12Z</time>
					</trkpt>
					<trkpt lat="47.219940" lon="-1.549700">
						<ele>22</ele>
						<time>2026-05-01T08:41:31Z</time>
					</trkpt>
					<trkpt lat="47.219900" lon="-1.549800">
						<ele>22</ele>
						<time>2026-05-01T08:41:41Z</time>
					</trkpt>
					<trkpt lat="47.219930" lon="-1.549780">
						<ele>22</ele>
						<time>2026-05-01T08:41:46Z</time>
					</trkpt>
					<trkpt lat="47.220550" lon="-1.550290">
						<ele>22</ele>
						<time>2026-05-01T08:43:20Z</time>
					</trkpt>
					<trkpt lat="47.220580" lon="-1.550230">
						<ele>22</ele>
						<time>2026-05-01T08:43:27Z</time>
					</trkpt>
					<trkpt lat="47.221190" lon="-1.550730">
						<ele>20</ele>
						<time>2026-05-01T08:45:00Z</time>
					</trkpt>
					<trkpt lat="47.221160" lon="-1.550790">
						<ele>20</ele>
						<time>2026-05-01T08:45:07Z</time>
					</trkpt>
					<trkpt lat="47.221470" lon="-1.551050">
						<ele>18</ele>
						<time>2026-05-01T08:45:55Z</time>
					</trkpt>
					<trkpt lat="47.221440" lon="-1.551120">
						<ele>17</ele>
						<time>2026-05-01T08:46:02Z</time>
					</trkpt>
					<trkpt lat="47.221490" lon="-1.551160">
						<ele>17</ele>
						<time>2026-05-01T08:46:10Z</time>
					</trkpt>
					<trkpt lat="47.221400" lon="-1.551390">
						<ele>16</ele>
						<time>2026-05-01T08:46:34Z</time>
					</trkpt>
					<trkpt lat="47.221500" lon="-1.551470">
						<ele>15</ele>
						<time>2026-05-01T08:46:49Z</time>
					</trkpt>
					<trkpt lat="47.221570" lon="-1.551280">
						<ele>16</ele>
						<time>2026-05-01T08:47:09Z</time>
					</trkpt>
					<trkpt lat="47.221610" lon="-1.551310">
						<ele>15</ele>
						<time>2026-05-01T08:47:15Z</time>
					</trkpt>
					<trkpt lat="47.221590" lon="-1.551350">
						<ele>15</ele>
						<time>2026-05-01T08:47:19Z</time>
					</trkpt>
					<trkpt lat="47.221610" lon="-1.551370">
						<ele>15</ele>
						<time>2026-05-01T08:47:22Z</time>
					</trkpt>
					<trkpt lat="47.221630" lon="-1.551380">
						<ele>15</ele>
						<time>2026-05-01T08:47:25Z</time>
					</trkpt>
					<trkpt lat="47.221670" lon="-1.551340">
						<ele>15</ele>
						<time>2026-05-01T08:47:32Z</time>
					</trkpt>
					<trkpt lat="47.221830" lon="-1.551450">
						<ele>14</ele>
						<time>2026-05-01T08:47:55Z</time>
					</trkpt>
					<trkpt lat="47.222480" lon="-1.552020">
						<ele>11</ele>
						<time>2026-05-01T08:49:36Z</time>
					</trkpt>
					<trkpt lat="47.222550" lon="-1.552100">
						<ele>11</ele>
						<time>2026-05-01T08:49:48Z</time>
					</trkpt>
					<trkpt lat="47.222650" lon="-1.552390">
						<ele>10</ele>
						<time>2026-05-01T08:50:17Z</time>
					</trkpt>
					<trkpt lat="47.222800" lon="-1.552480">
						<ele>9</ele>
						<time>2026-05-01T08:50:39Z</time>
					</trkpt>
					<trkpt lat="47.222870" lon="-1.552580">
						<ele>8</ele>
						<time>2026-05-01T08:50:52Z</time>
					</trkpt>
					<trkpt lat="47.222960" lon="-1.552610">
						<ele>8</ele>
						<time>2026-05-01T08:51:04Z</time>
					</trkpt>
					<trkpt lat="47.222990" lon="-1.552550">
						<ele>8</ele>
						<time>2026-05-01T08:51:11Z</time>
					</trkpt>
					<trkpt lat="47.223080" lon="-1.552520">
						<ele>7</ele>
						<time>2026-05-01T08:51:23Z</time>
					</trkpt>
					<trkpt lat="47.223100" lon="-1.552560">
						<ele>7</ele>
						<time>2026-05-01T08:51:28Z</time>
					</trkpt>
					<trkpt lat="47.223180" lon="-1.552590">
						<ele>7</ele>
						<time>2026-05-01T08:51:39Z</time>
					</trkpt>
					<trkpt lat="47.223200" lon="-1.552710">
						<ele>6</ele>
						<time>2026-05-01T08:51:50Z</time>
					</trkpt>
					<trkpt lat="47.225380" lon="-1.553130">
						<ele>10</ele>
						<time>2026-05-01T08:56:44Z</time>
					</trkpt>
					<trkpt lat="47.226110" lon="-1.553300">
						<ele>12</ele>
						<time>2026-05-01T08:58:22Z</time>
					</trkpt>
					<trkpt lat="47.226240" lon="-1.553360">
						<ele>11</ele>
						<time>2026-05-01T08:58:40Z</time>
					</trkpt>
					<trkpt lat="47.226660" lon="-1.553440">
						<ele>12</ele>
						<time>2026-05-01T08:59:37Z</time>
					</trkpt>
					<trkpt lat="47.226670" lon="-1.553350">
						<ele>12</ele>
						<time>2026-05-01T08:59:45Z</time>
					</trkpt>
					<trkpt lat="47.226840" lon="-1.553370">
						<ele>11</ele>
						<time>2026-05-01T09:00:08Z</time>
					</trkpt>
					<trkpt lat="47.226950" lon="-1.553340">
						<ele>10</ele>
						<time>2026-05-01T09:00:23Z</time>
					</trkpt>
					<trkpt lat="47.227120" lon="-1.553250">
						<ele>9</ele>
						<time>2026-05-01T09:00:47Z</time>
					</trkpt>
					<trkpt lat="47.227220" lon="-1.553150">
						<ele>8</ele>
						<time>2026-05-01T09:01:03Z</time>
					</trkpt>
					<trkpt lat="47.228950" lon="-1.550800">
						<ele>11</ele>
						<time>2026-05-01T09:06:17Z</time>
					</trkpt>
					<trkpt lat="47.229820" lon="-1.549900">
						<ele>13</ele>
						<time>2026-05-01T09:08:39Z</time>
					</trkpt>
					<trkpt lat="47.230190" lon="-1.549320">
						<ele>12</ele>
						<time>2026-05-01T09:09:51Z</time>
					</trkpt>
					<trkpt lat="47.230360" lon="-1.548910">
						<ele>11</ele>
						<time>2026-05-01T09:10:35Z</time>
					</trkpt>
					<trkpt lat="47.230620" lon="-1.548630">
						<ele>9</ele>
						<time>2026-05-01T09:11:18Z</time>
					</trkpt>
					<trkpt lat="47.230660" lon="-1.548550">
						<ele>9</ele>
						<time>2026-05-01T09:11:27Z</time>
					</trkpt>
					<trkpt lat="47.230690" lon="-1.548380">
						<ele>9</ele>
						<time>2026-05-01T09:11:43Z</time>
					</trkpt>
					<trkpt lat="47.230940" lon="-1.547990">
						<ele>12</ele>
						<time>2026-05-01T09:12:31Z</time>
					</trkpt>
					<trkpt lat="47.231420" lon="-1.547760">
						<ele>14</ele>
						<time>2026-05-01T09:13:39Z</time>
					</trkpt>
					<trkpt lat="47.231860" lon="-1.547470">
						<ele>14</ele>
						<time>2026-05-01T09:14:43Z</time>
					</trkpt>
					<trkpt lat="47.232070" lon="-1.547460">
						<ele>13</ele>
						<time>2026-05-01T09:15:11Z</time>
					</trkpt>
					<trkpt lat="47.232240" lon="-1.547400">
						<ele>13</ele>
						<time>2026-05-01T09:15:34Z</time>
					</trkpt>
					<trkpt lat="47.232380" lon="-1.547320">
						<ele>13</ele>
						<time>2026-05-01T09:15:54Z</time>
					</trkpt>
					<trkpt lat="47.232480" lon="-1.547210">
						<ele>13</ele>
						<time>2026-05-01T09:16:11Z</time>
					</trkpt>
					<trkpt lat="47.232590" lon="-1.547160">
						<ele>13</ele>
						<time>2026-05-01T09:16:26Z</time>
					</trkpt>
					<trkpt lat="47.233230" lon="-1.547320">
						<ele>8</ele>
						<time>2026-05-01T09:17:53Z</time>
					</trkpt>
					<trkpt lat="47.233440" lon="-1.547420">
						<ele>8</ele>
						<time>2026-05-01T09:18:22Z</time>
					</trkpt>
					<trkpt lat="47.233660" lon="-1.547590">
						<ele>9</ele>
						<time>2026-05-01T09:18:56Z</time>
					</trkpt>
					<trkpt lat="47.233990" lon="-1.547750">
						<ele>10</ele>
						<time>2026-05-01T09:19:42Z</time>
					</trkpt>
					<trkpt lat="47.234190" lon="-1.547740">
						<ele>11</ele>
						<time>2026-05-01T09:20:09Z</time>
					</trkpt>
					<trkpt lat="47.234370" lon="-1.547670">
						<ele>11</ele>
						<time>2026-05-01T09:20:33Z</time>
					</trkpt>
					<trkpt lat="47.234470" lon="-1.547660">
						<ele>11</ele>
						<time>2026-05-01T09:20:47Z</time>
					</trkpt>
					<trkpt lat="47.234960" lon="-1.547770">
						<ele>10</ele>
						<time>2026-05-01T09:21:53Z</time>
					</trkpt>
					<trkpt lat="47.235090" lon="-1.547990">
						<ele>10</ele>
						<time>2026-05-01T09:22:19Z</time>
					</trkpt>
					<trkpt lat="47.235240" lon="-1.548100">
						<ele>9</ele>
						<time>2026-05-01T09:22:42Z</time>
					</trkpt>
					<trkpt lat="47.235500" lon="-1.548230">
						<ele>8</ele>
						<time>2026-05-01T09:23:18Z</time>
					</trkpt>
					<trkpt lat="47.235790" lon="-1.548310">
						<ele>7</ele>
						<time>2026-05-01T09:23:58Z</time>
					</trkpt>
					<trkpt lat="47.235950" lon="-1.548280">
						<ele>7</ele>
						<time>2026-05-01T09:24:19Z</time>
					</trkpt>
					<trkpt lat="47.236070" lon="-1.548290">
						<ele>8</ele>
						<time>2026-05-01T09:24:35Z</time>
					</trkpt>
					<trkpt lat="47.236170" lon="-1.548350">
						<ele>8</ele>
						<time>2026-05-01T09:24:50Z</time>
					</trkpt>
					<trkpt lat="47.236250" lon="-1.548430">
						<ele>8</ele>
						<time>2026-05-01T09:25:03Z</time>
					</trkpt>
					<trkpt lat="47.236350" lon="-1.548590">
						<ele>8</ele>
						<time>2026-05-01T09:25:22Z</time>
					</trkpt>
					<trkpt lat="47.236500" lon="-1.548710">
						<ele>8</ele>
						<time>2026-05-01T09:25:45Z</time>
					</trkpt>
					<trkpt lat="47.236740" lon="-1.549110">
						<ele>6</ele>
						<time>2026-05-01T09:26:33Z</time>
					</trkpt>
					<trkpt lat="47.236900" lon="-1.549280">
						<ele>6</ele>
						<time>2026-05-01T09:27:00Z</time>
					</trkpt>
					<trkpt lat="47.237110" lon="-1.549340">
						<ele>7</ele>
						<time>2026-05-01T09:27:28Z</time>
					</trkpt>
					<trkpt lat="47.237210" lon="-1.549410">
						<ele>7</ele>
						<time>2026-05-01T09:27:43Z</time>
					</trkpt>
					<trkpt lat="47.237310" lon="-1.549410">
						<ele>7</ele>
						<time>2026-05-01T09:27:56Z</time>
					</trkpt>
					<trkpt lat="47.237720" lon="-1.549060">
						<ele>9</ele>
						<time>2026-05-01T09:29:00Z</time>
					</trkpt>
					<trkpt lat="47.237830" lon="-1.548910">
						<ele>10</ele>
						<time>2026-05-01T09:29:20Z</time>
					</trkpt>
					<trkpt lat="47.237990" lon="-1.548980">
						<ele>10</ele>
						<time>2026-05-01T09:29:42Z</time>
					</trkpt>
					<trkpt lat="47.238870" lon="-1.548160">
						<ele>10</ele>
						<time>2026-05-01T09:32:01Z</time>
					</trkpt>
					<trkpt lat="47.239000" lon="-1.548210">
						<ele>9</ele>
						<time>2026-05-01T09:32:19Z</time>
					</trkpt>
					<trkpt lat="47.239700" lon="-1.547600">
						<ele>6</ele>
						<time>2026-05-01T09:34:07Z</time>
					</trkpt>
					<trkpt lat="47.239710" lon="-1.547490">
						<ele>7</ele>
						<time>2026-05-01T09:34:17Z</time>
					</trkpt>
					<trkpt lat="47.240240" lon="-1.547040">
						<ele>10</ele>
						<time>2026-05-01T09:35:39Z</time>
					</trkpt>
					<trkpt lat="47.240230" lon="-1.546810">
						<ele>12</ele>
						<time>2026-05-01T09:36:00Z</time>
					</trkpt>
					<trkpt lat="47.240300" lon="-1.546690">
						<ele>13</ele>
						<time>2026-05-01T09:36:14Z</time>
					</trkpt>
					<trkpt lat="47.240380" lon="-1.546670">
						<ele>12</ele>
						<time>2026-05-01T09:36:25Z</time>
					</trkpt>
					<trkpt lat="47.240510" lon="-1.546540">
						<ele>12</ele>
						<time>2026-05-01T09:36:46Z</time>
					</trkpt>
					<trkpt lat="47.240610" lon="-1.546520">
						<ele>11</ele>
						<time>2026-05-01T09:37:00Z</time>
					</trkpt>
					<trkpt lat="47.241270" lon="-1.546230">
						<ele>7</ele>
						<time>2026-05-01T09:38:31Z</time>
					</trkpt>
					<trkpt lat="47.242080" lon="-1.545770">
						<ele>5</ele>
						<time>2026-05-01T09:40:27Z</time>
					</trkpt>
					<trkpt lat="47.241930" lon="-1.545300">
						<ele>7</ele>
						<time>2026-05-01T09:41:14Z</time>
					</trkpt>
					<trkpt lat="47.241890" lon="-1.544940">
						<ele>8</ele>
						<time>2026-05-01T09:41:47Z</time>
					</trkpt>
					<trkpt lat="47.241940" lon="-1.544790">
						<ele>8</ele>
						<time>2026-05-01T09:42:03Z</time>
					</trkpt>
					<trkpt lat="47.242130" lon="-1.544500">
						<ele>8</ele>
						<time>2026-05-01T09:42:39Z</time>
					</trkpt>
					<trkpt lat="47.242180" lon="-1.544370">
						<ele>8</ele>
						<time>2026-05-01T09:42:53Z</time>
					</trkpt>
					<trkpt lat="47.242410" lon="-1.543450">
						<ele>10</ele>
						<time>2026-05-01T09:44:21Z</time>
					</trkpt>
					<trkpt lat="47.242470" lon="-1.543350">
						<ele>10</ele>
						<time>2026-05-01T09:44:34Z</time>
					</trkpt>
					<trkpt lat="47.242600" lon="-1.543240">
						<ele>10</ele>
						<time>2026-05-01T09:44:54Z</time>
					</trkpt>
					<trkpt lat="47.242910" lon="-1.543120">
						<ele>11</ele>
						<time>2026-05-01T09:45:36Z</time>
					</trkpt>
					<trkpt lat="47.243710" lon="-1.544160">
						<ele>9</ele>
						<time>2026-05-01T09:47:59Z</time>
					</trkpt>
					<trkpt lat="47.243830" lon="-1.544210">
						<ele>8</ele>
						<time>2026-05-01T09:48:15Z</time>
					</trkpt>
					<trkpt lat="47.243950" lon="-1.544180">
						<ele>8</ele>
						<time>2026-05-01T09:48:32Z</time>
					</trkpt>
					<trkpt lat="47.244170" lon="-1.544040">
						<ele>8</ele>
						<time>2026-05-01T09:49:04Z</time>
					</trkpt>
					<trkpt lat="47.244540" lon="-1.543910">
						<ele>8</ele>
						<time>2026-05-01T09:49:54Z</time>
					</trkpt>
					<trkpt lat="47.244840" lon="-1.543750">
						<ele>8</ele>
						<time>2026-05-01T09:50:37Z</time>
					</trkpt>
					<trkpt lat="47.245440" lon="-1.543370">
						<ele>9</ele>
						<time>2026-05-01T09:52:04Z</time>
					</trkpt>
					<trkpt lat="47.245870" lon="-1.543140">
						<ele>8</ele>
						<time>2026-05-01T09:53:05Z</time>
					</trkpt>
					<trkpt lat="47.246000" lon="-1.543020">
						<ele>8</ele>
						<time>2026-05-01T09:53:26Z</time>
					</trkpt>
					<trkpt lat="47.246410" lon="-1.542470">
						<ele>10</ele>
						<time>2026-05-01T09:54:40Z</time>
					</trkpt>
					<trkpt lat="47.246850" lon="-1.542300">
						<ele>9</ele>
						<time>2026-05-01T09:55:40Z</time>
					</trkpt>
					<trkpt lat="47.247440" lon="-1.541920">
						<ele>7</ele>
						<time>2026-05-01T09:57:06Z</time>
					</trkpt>
					<trkpt lat="47.247630" lon="-1.541730">
						<ele>6</ele>
						<time>2026-05-01T09:57:37Z</time>
					</trkpt>
					<trkpt lat="47.247960" lon="-1.541040">
						<ele>7</ele>
						<time>2026-05-01T09:58:53Z</time>
					</trkpt>
					<trkpt lat="47.248190" lon="-1.540800">
						<ele>5</ele>
						<time>2026-05-01T09:59:31Z</time>
					</trkpt>
					<trkpt lat="47.248210" lon="-1.540750">
						<ele>6</ele>
						<time>2026-05-01T09:59:36Z</time>
					</trkpt>
					<trkpt lat="47.248200" lon="-1.540380">
						<ele>8</ele>
						<time>2026-05-01T10:00:10Z</time>
					</trkpt>
					<trkpt lat="47.248220" lon="-1.540250">
						<ele>8</ele>
						<time>2026-05-01T10:00:22Z</time>
					</trkpt>
					<trkpt lat="47.248260" lon="-1.540200">
						<ele>8</ele>
						<time>2026-05-01T10:00:29Z</time>
					</trkpt>
					<trkpt lat="47.248650" lon="-1.539990">
						<ele>8</ele>
						<time>2026-05-01T10:01:24Z</time>
					</trkpt>
					<trkpt lat="47.248700" lon="-1.539870">
						<ele>9</ele>
						<time>2026-05-01T10:01:37Z</time>
					</trkpt>
					<trkpt lat="47.248720" lon="-1.539560">
						<ele>10</ele>
						<time>2026-05-01T10:02:05Z</time>
					</trkpt>
					<trkpt lat="47.248780" lon="-1.539170">
						<ele>11</ele>
						<time>2026-05-01T10:02:41Z</time>
					</trkpt>
					<trkpt lat="47.249000" lon="-1.538730">
						<ele>11</ele>
						<time>2026-05-01T10:03:31Z</time>
					</trkpt>
					<trkpt lat="47.249170" lon="-1.538760">
						<ele>10</ele>
						<time>2026-05-01T10:03:54Z</time>
					</trkpt>
					<trkpt lat="47.249710" lon="-1.538280">
						<ele>12</ele>
						<time>2026-05-01T10:05:18Z</time>
					</trkpt>
					<trkpt lat="47.249700" lon="-1.538260">
						<ele>12</ele>
						<time>2026-05-01T10:05:20Z</time>
					</trkpt>
					<trkpt lat="47.250000" lon="-1.537970">
						<ele>14</ele>
						<time>2026-05-01T10:06:08Z</time>
					</trkpt>
					<trkpt lat="47.250100" lon="-1.538030">
						<ele>14</ele>
						<time>2026-05-01T10:06:22Z</time>
					</trkpt>
					<trkpt lat="47.250170" lon="-1.538300">
						<ele>13</ele>
						<time>2026-05-01T10:06:49Z</time>
					</trkpt>
					<trkpt lat="47.250250" lon="-1.538240">
						<ele>13</ele>
						<time>2026-05-01T10:07:01Z</time>
					</trkpt>
					<trkpt lat="47.250370" lon="-1.538230">
						<ele>13</ele>
						<time>2026-05-01T10:07:17Z</time>
					</trkpt>
					<trkpt lat="47.250440" lon="-1.538260">
						<ele>13</ele>
						<time>2026-05-01T10:07:26Z</time>
					</trkpt>
					<trkpt lat="47.250550" lon="-1.538390">
						<ele>12</ele>
						<time>2026-05-01T10:07:45Z</time>
					</trkpt>
					<trkpt lat="47.250690" lon="-1.538690">
						<ele>9</ele>
						<time>2026-05-01T10:08:18Z</time>
					</trkpt>
					<trkpt lat="47.251070" lon="-1.538890">
						<ele>7</ele>
						<time>2026-05-01T10:09:12Z</time>
					</trkpt>
					<trkpt lat="47.251190" lon="-1.538910">
						<ele>7</ele>
						<time>2026-05-01T10:09:28Z</time>
					</trkpt>
					<trkpt lat="47.251260" lon="-1.538900">
						<ele>7</ele>
						<time>2026-05-01T10:09:38Z</time>
					</trkpt>
					<trkpt lat="47.251640" lon="-1.538730">
						<ele>8</ele>
						<time>2026-05-01T10:10:31Z</time>
					</trkpt>
					<trkpt lat="47.251930" lon="-1.538650">
						<ele>8</ele>
						<time>2026-05-01T10:11:10Z</time>
					</trkpt>
					<trkpt lat="47.252100" lon="-1.538640">
						<ele>7</ele>
						<time>2026-05-01T10:11:33Z</time>
					</trkpt>
					<trkpt lat="47.252240" lon="-1.538590">
						<ele>7</ele>
						<time>2026-05-01T10:11:52Z</time>
					</trkpt>
					<trkpt lat="47.252620" lon="-1.538250">
						<ele>9</ele>
						<time>2026-05-01T10:12:51Z</time>
					</trkpt>
					<trkpt lat="47.252890" lon="-1.538120">
						<ele>10</ele>
						<time>2026-05-01T10:13:29Z</time>
					</trkpt>
					<trkpt lat="47.253310" lon="-1.538100">
						<ele>10</ele>
						<time>2026-05-01T10:14:25Z</time>
					</trkpt>
					<trkpt lat="47.253720" lon="-1.538160">
						<ele>11</ele>
						<time>2026-05-01T10:15:20Z</time>
					</trkpt>
					<trkpt lat="47.253880" lon="-1.538210">
						<ele>12</ele>
						<time>2026-05-01T10:15:42Z</time>
					</trkpt>
					<trkpt lat="47.254420" lon="-1.538230">
						<ele>12</ele>
						<time>2026-05-01T10:16:54Z</time>
					</trkpt>
					<trkpt lat="47.254610" lon="-1.538280">
						<ele>11</ele>
						<time>2026-05-01T10:17:20Z</time>
					</trkpt>
					<trkpt lat="47.255020" lon="-1.538320">
						<ele>10</ele>
						<time>2026-05-01T10:18:15Z</time>
					</trkpt>
					<trkpt lat="47.255190" lon="-1.538290">
						<ele>10</ele>
						<time>2026-05-01T10:18:37Z</time>
					</trkpt>
					<trkpt lat="47.255430" lon="-1.538290">
						<ele>10</ele>
						<time>2026-05-01T10:19:09Z</time>
					</trkpt>
					<trkpt lat="47.255560" lon="-1.538200">
						<ele>10</ele>
						<time>2026-05-01T10:19:29Z</time>
					</trkpt>
					<trkpt lat="47.255730" lon="-1.538000">
						<ele>10</ele>
						<time>2026-05-01T10:19:58Z</time>
					</trkpt>
					<trkpt lat="47.256030" lon="-1.537390">
						<ele>9</ele>
						<time>2026-05-01T10:21:06Z</time>
					</trkpt>
					<trkpt lat="47.256230" lon="-1.536920">
						<ele>9</ele>
						<time>2026-05-01T10:21:56Z</time>
					</trkpt>
					<trkpt lat="47.256310" lon="-1.536670">
						<ele>9</ele>
						<time>2026-05-01T10:22:21Z</time>
					</trkpt>
					<trkpt lat="47.256360" lon="-1.536590">
						<ele>9</ele>
						<time>2026-05-01T10:22:31Z</time>
					</trkpt>
					<trkpt lat="47.256810" lon="-1.536390">
						<ele>8</ele>
						<time>2026-05-01T10:23:34Z</time>
					</trkpt>
					<trkpt lat="47.256910" lon="-1.536160">
						<ele>8</ele>
						<time>2026-05-01T10:23:59Z</time>
					</trkpt>
					<trkpt lat="47.256960" lon="-1.535960">
						<ele>8</ele>
						<time>2026-05-01T10:24:18Z</time>
					</trkpt>
					<trkpt lat="47.257030" lon="-1.535830">
						<ele>7</ele>
						<time>2026-05-01T10:24:33Z</time>
					</trkpt>
					<trkpt lat="47.257260" lon="-1.535580">
						<ele>7</ele>
						<time>2026-05-01T10:25:11Z</time>
					</trkpt>
					<trkpt lat="47.257400" lon="-1.535210">
						<ele>8</ele>
						<time>2026-05-01T10:25:49Z</time>
					</trkpt>
					<trkpt lat="47.257580" lon="-1.534990">
						<ele>8</ele>
						<time>2026-05-01T10:26:21Z</time>
					</trkpt>
					<trkpt lat="47.257730" lon="-1.534690">
						<ele>11</ele>
						<time>2026-05-01T10:26:54Z</time>
					</trkpt>
					<trkpt lat="47.257800" lon="-1.534610">
						<ele>11</ele>
						<time>2026-05-01T10:27:06Z</time>
					</trkpt>
					<trkpt lat="47.258000" lon="-1.534470">
						<ele>12</ele>
						<time>2026-05-01T10:27:36Z</time>
					</trkpt>
					<trkpt lat="47.258180" lon="-1.534450">
						<ele>13</ele>
						<time>2026-05-01T10:28:00Z</time>
					</trkpt>
					<trkpt lat="47.258420" lon="-1.534300">
						<ele>14</ele>
						<time>2026-05-01T10:28:35Z</time>
					</trkpt>
					<trkpt lat="47.258750" lon="-1.534150">
						<ele>13</ele>
						<time>2026-05-01T10:29:21Z</time>
					</trkpt>
					<trkpt lat="47.259070" lon="-1.534060">
						<ele>12</ele>
						<time>2026-05-01T10:30:04Z</time>
					</trkpt>
					<trkpt lat="47.259260" lon="-1.534050">
						<ele>11</ele>
						<time>2026-05-01T10:30:29Z</time>
					</trkpt>
					<trkpt lat="47.259350" lon="-1.534020">
						<ele>11</ele>
						<time>2026-05-01T10:30:42Z</time>
					</trkpt>
					<trkpt lat="47.259450" lon="-1.534040">
						<ele>11</ele>
						<time>2026-05-01T10:30:55Z</time>
					</trkpt>
					<trkpt lat="47.259820" lon="-1.534310">
						<ele>9</ele>
						<time>2026-05-01T10:31:50Z</time>
					</trkpt>
					<trkpt lat="47.260130" lon="-1.534500">
						<ele>7</ele>
						<time>2026-05-01T10:32:35Z</time>
					</trkpt>
					<trkpt lat="47.260210" lon="-1.534520">
						<ele>7</ele>
						<time>2026-05-01T10:32:46Z</time>
					</trkpt>
					<trkpt lat="47.260380" lon="-1.534500">
						<ele>8</ele>
						<time>2026-05-01T10:33:09Z</time>
					</trkpt>
					<trkpt lat="47.260450" lon="-1.534470">
						<ele>8</ele>
						<time>2026-05-01T10:33:18Z</time>
					</trkpt>
					<trkpt lat="47.260510" lon="-1.534400">
						<ele>8</ele>
						<time>2026-05-01T10:33:29Z</time>
					</trkpt>
					<trkpt lat="47.260580" lon="-1.534240">
						<ele>9</ele>
						<time>2026-05-01T10:33:46Z</time>
					</trkpt>
					<trkpt lat="47.260710" lon="-1.534310">
						<ele>9</ele>
						<time>2026-05-01T10:34:04Z</time>
					</trkpt>
					<trkpt lat="47.261030" lon="-1.534340">
						<ele>9</ele>
						<time>2026-05-01T10:34:47Z</time>
					</trkpt>
					<trkpt lat="47.261280" lon="-1.534580">
						<ele>9</ele>
						<time>2026-05-01T10:35:27Z</time>
					</trkpt>
					<trkpt lat="47.261480" lon="-1.535020">
						<ele>8</ele>
						<time>2026-05-01T10:36:15Z</time>
					</trkpt>
					<trkpt lat="47.261570" lon="-1.535380">
						<ele>7</ele>
						<time>2026-05-01T10:36:50Z</time>
					</trkpt>
					<trkpt lat="47.261690" lon="-1.535630">
						<ele>5</ele>
						<time>2026-05-01T10:37:17Z</time>
					</trkpt>
					<trkpt lat="47.261780" lon="-1.535690">
						<ele>6</ele>
						<time>2026-05-01T10:37:31Z</time>
					</trkpt>
					<trkpt lat="47.261970" lon="-1.535690">
						<ele>7</ele>
						<time>2026-05-01T10:37:56Z</time>
					</trkpt>
					<trkpt lat="47.262300" lon="-1.535910">
						<ele>8</ele>
						<time>2026-05-01T10:38:44Z</time>
					</trkpt>
					<trkpt lat="47.262430" lon="-1.535890">
						<ele>9</ele>
						<time>2026-05-01T10:39:02Z</time>
					</trkpt>
					<trkpt lat="47.262600" lon="-1.535760">
						<ele>10</ele>
						<time>2026-05-01T10:39:27Z</time>
					</trkpt>
					<trkpt lat="47.262900" lon="-1.535660">
						<ele>10</ele>
						<time>2026-05-01T10:40:08Z</time>
					</trkpt>
					<trkpt lat="47.263200" lon="-1.535610">
						<ele>9</ele>
						<time>2026-05-01T10:40:49Z</time>
					</trkpt>
					<trkpt lat="47.263570" lon="-1.535610">
						<ele>8</ele>
						<time>2026-05-01T10:41:38Z</time>
					</trkpt>
					<trkpt lat="47.264060" lon="-1.535660">
						<ele>6</ele>
						<time>2026-05-01T10:42:44Z</time>
					</trkpt>
					<trkpt lat="47.264240" lon="-1.535630">
						<ele>6</ele>
						<time>2026-05-01T10:43:08Z</time>
					</trkpt>
					<trkpt lat="47.264600" lon="-1.535430">
						<ele>7</ele>
						<time>2026-05-01T10:43:59Z</time>
					</trkpt>
					<trkpt lat="47.265300" lon="-1.535570">
						<ele>7</ele>
						<time>2026-05-01T10:45:33Z</time>
					</trkpt>
					<trkpt lat="47.265460" lon="-1.535630">
						<ele>7</ele>
						<time>2026-05-01T10:45:55Z</time>
					</trkpt>
					<trkpt lat="47.265610" lon="-1.535720">
						<ele>7</ele>
						<time>2026-05-01T10:46:17Z</time>
					</trkpt>
					<trkpt lat="47.265910" lon="-1.535990">
						<ele>6</ele>
						<time>2026-05-01T10:47:04Z</time>
					</trkpt>
					<trkpt lat="47.266040" lon="-1.536060">
						<ele>6</ele>
						<time>2026-05-01T10:47:22Z</time>
					</trkpt>
					<trkpt lat="47.266180" lon="-1.536100">
						<ele>6</ele>
						<time>2026-05-01T10:47:41Z</time>
					</trkpt>
					<trkpt lat="47.266620" lon="-1.536030">
						<ele>7</ele>
						<time>2026-05-01T10:48:40Z</time>
					</trkpt>
					<trkpt lat="47.266740" lon="-1.535970">
						<ele>7</ele>
						<time>2026-05-01T10:48:57Z</time>
					</trkpt>
					<trkpt lat="47.266920" lon="-1.535930">
						<ele>7</ele>
						<time>2026-05-01T10:49:22Z</time>
					</trkpt>
					<trkpt lat="47.267090" lon="-1.535840">
						<ele>7</ele>
						<time>2026-05-01T10:49:46Z</time>
					</trkpt>
					<trkpt lat="47.267210" lon="-1.535750">
						<ele>7</ele>
						<time>2026-05-01T10:50:04Z</time>
					</trkpt>
					<trkpt lat="47.267230" lon="-1.535660">
						<ele>7</ele>
						<time>2026-05-01T10:50:12Z</time>
					</trkpt>
					<trkpt lat="47.267220" lon="-1.535550">
						<ele>7</ele>
						<time>2026-05-01T10:50:22Z</time>
					</trkpt>
					<trkpt lat="47.267170" lon="-1.535410">
						<ele>7</ele>
						<time>2026-05-01T10:50:37Z</time>
					</trkpt>
					<trkpt lat="47.267030" lon="-1.534250">
						<ele>12</ele>
						<time>2026-05-01T10:52:23Z</time>
					</trkpt>
					<trkpt lat="47.267170" lon="-1.534110">
						<ele>13</ele>
						<time>2026-05-01T10:52:46Z</time>
					</trkpt>
					<trkpt lat="47.267590" lon="-1.533940">
						<ele>14</ele>
						<time>2026-05-01T10:53:44Z</time>
					</trkpt>
					<trkpt lat="47.267710" lon="-1.534000">
						<ele>14</ele>
						<time>2026-05-01T10:54:01Z</time>
					</trkpt>
					<trkpt lat="47.268070" lon="-1.534320">
						<ele>11</ele>
						<time>2026-05-01T10:54:57Z</time>
					</trkpt>
					<trkpt lat="47.268230" lon="-1.534420">
						<ele>9</ele>
						<time>2026-05-01T10:55:20Z</time>
					</trkpt>
					<trkpt lat="47.268370" lon="-1.534440">
						<ele>9</ele>
						<time>2026-05-01T10:55:39Z</time>
					</trkpt>
					<trkpt lat="47.268430" lon="-1.534410">
						<ele>9</ele>
						<time>2026-05-01T10:55:48Z</time>
					</trkpt>
					<trkpt lat="47.268750" lon="-1.534080">
						<ele>9</ele>
						<time>2026-05-01T10:56:40Z</time>
					</trkpt>
					<trkpt lat="47.269050" lon="-1.533680">
						<ele>8</ele>
						<time>2026-05-01T10:57:34Z</time>
					</trkpt>
					<trkpt lat="47.269250" lon="-1.533500">
						<ele>7</ele>
						<time>2026-05-01T10:58:05Z</time>
					</trkpt>
					<trkpt lat="47.269320" lon="-1.533370">
						<ele>7</ele>
						<time>2026-05-01T10:58:20Z</time>
					</trkpt>
					<trkpt lat="47.269340" lon="-1.533170">
						<ele>8</ele>
						<time>2026-05-01T10:58:38Z</time>
					</trkpt>
					<trkpt lat="47.269430" lon="-1.532960">
						<ele>8</ele>
						<time>2026-05-01T10:59:01Z</time>
					</trkpt>
					<trkpt lat="47.269580" lon="-1.532820">
						<ele>8</ele>
						<time>2026-05-01T10:59:24Z</time>
					</trkpt>
					<trkpt lat="47.269850" lon="-1.532710">
						<ele>7</ele>
						<time>2026-05-01T11:00:02Z</time>
					</trkpt>
					<trkpt lat="47.270170" lon="-1.532360">
						<ele>8</ele>
						<time>2026-05-01T11:00:55Z</time>
					</trkpt>
					<trkpt lat="47.270210" lon="-1.532300">
						<ele>8</ele>
						<time>2026-05-01T11:01:03Z</time>
					</trkpt>
					<trkpt lat="47.270220" lon="-1.532060">
						<ele>10</ele>
						<time>2026-05-01T11:01:24Z</time>
					</trkpt>
					<trkpt lat="47.270300" lon="-1.531920">
						<ele>11</ele>
						<time>2026-05-01T11:01:41Z</time>
					</trkpt>
					<trkpt lat="47.270370" lon="-1.531870">
						<ele>11</ele>
						<time>2026-05-01T11:01:51Z</time>
					</trkpt>
					<trkpt lat="47.270450" lon="-1.531850">
						<ele>11</ele>
						<time>2026-05-01T11:02:02Z</time>
					</trkpt>
					<trkpt lat="47.270560" lon="-1.531860">
						<ele>11</ele>
						<time>2026-05-01T11:02:17Z</time>
					</trkpt>
					<trkpt lat="47.270700" lon="-1.531930">
						<ele>10</ele>
						<time>2026-05-01T11:02:37Z</time>
					</trkpt>
					<trkpt lat="47.270780" lon="-1.531940">
						<ele>10</ele>
						<time>2026-05-01T11:02:47Z</time>
					</trkpt>
					<trkpt lat="47.270850" lon="-1.531920">
						<ele>10</ele>
						<time>2026-05-01T11:02:57Z</time>
					</trkpt>
					<trkpt lat="47.271020" lon="-1.531770">
						<ele>9</ele>
						<time>2026-05-01T11:03:23Z</time>
					</trkpt>
					<trkpt lat="47.271220" lon="-1.531650">
						<ele>9</ele>
						<time>2026-05-01T11:03:52Z</time>
					</trkpt>
					<trkpt lat="47.271680" lon="-1.531210">
						<ele>10</ele>
						<time>2026-05-01T11:05:05Z</time>
					</trkpt>
					<trkpt lat="47.271790" lon="-1.531040">
						<ele>10</ele>
						<time>2026-05-01T11:05:27Z</time>
					</trkpt>
					<trkpt lat="47.271850" lon="-1.530640">
						<ele>11</ele>
						<time>2026-05-01T11:06:04Z</time>
					</trkpt>
					<trkpt lat="47.272080" lon="-1.530440">
						<ele>9</ele>
						<time>2026-05-01T11:06:39Z</time>
					</trkpt>
					<trkpt lat="47.272340" lon="-1.530330">
						<ele>6</ele>
						<time>2026-05-01T11:07:15Z</time>
					</trkpt>
					<trkpt lat="47.272590" lon="-1.530080">
						<ele>5</ele>
						<time>2026-05-01T11:07:56Z</time>
					</trkpt>
					<trkpt lat="47.272950" lon="-1.529520">
						<ele>6</ele>
						<time>2026-05-01T11:09:06Z</time>
					</trkpt>
					<trkpt lat="47.273150" lon="-1.529070">
						<ele>6</ele>
						<time>2026-05-01T11:09:54Z</time>
					</trkpt>
					<trkpt lat="47.273210" lon="-1.528990">
						<ele>6</ele>
						<time>2026-05-01T11:10:05Z</time>
					</trkpt>
					<trkpt lat="47.273330" lon="-1.528880">
						<ele>6</ele>
						<time>2026-05-01T11:10:24Z</time>
					</trkpt>
					<trkpt lat="47.273470" lon="-1.528820">
						<ele>6</ele>
						<time>2026-05-01T11:10:43Z</time>
					</trkpt>
					<trkpt lat="47.273740" lon="-1.528770">
						<ele>7</ele>
						<time>2026-05-01T11:11:20Z</time>
					</trkpt>
					<trkpt lat="47.273860" lon="-1.528700">
						<ele>8</ele>
						<time>2026-05-01T11:11:37Z</time>
					</trkpt>
					<trkpt lat="47.274750" lon="-1.528070">
						<ele>7</ele>
						<time>2026-05-01T11:13:49Z</time>
					</trkpt>
					<trkpt lat="47.274850" lon="-1.527780">
						<ele>7</ele>
						<time>2026-05-01T11:14:18Z</time>
					</trkpt>
					<trkpt lat="47.275200" lon="-1.527050">
						<ele>4</ele>
						<time>2026-05-01T11:15:39Z</time>
					</trkpt>
					<trkpt lat="47.275340" lon="-1.526580">
						<ele>3</ele>
						<time>2026-05-01T11:16:25Z</time>
					</trkpt>
					<trkpt lat="47.275540" lon="-1.526260">
						<ele>4</ele>
						<time>2026-05-01T11:17:05Z</time>
					</trkpt>
					<trkpt lat="47.275640" lon="-1.525780">
						<ele>7</ele>
						<time>2026-05-01T11:17:50Z</time>
					</trkpt>
					<trkpt lat="47.275670" lon="-1.525440">
						<ele>7</ele>
						<time>2026-05-01T11:18:21Z</time>
					</trkpt>
					<trkpt lat="47.275700" lon="-1.525380">
						<ele>7</ele>
						<time>2026-05-01T11:18:28Z</time>
					</trkpt>
					<trkpt lat="47.275750" lon="-1.525330">
						<ele>8</ele>
						<time>2026-05-01T11:18:36Z</time>
					</trkpt>
					<trkpt lat="47.275970" lon="-1.525370">
						<ele>8</ele>
						<time>2026-05-01T11:19:06Z</time>
					</trkpt>
					<trkpt lat="47.276080" lon="-1.525430">
						<ele>8</ele>
						<time>2026-05-01T11:19:21Z</time>
					</trkpt>
					<trkpt lat="47.276100" lon="-1.525370">
						<ele>8</ele>
						<time>2026-05-01T11:19:27Z</time>
					</trkpt>
					<trkpt lat="47.276000" lon="-1.525300">
						<ele>8</ele>
						<time>2026-05-01T11:19:42Z</time>
					</trkpt>
					<trkpt lat="47.276010" lon="-1.525000">
						<ele>8</ele>
						<time>2026-05-01T11:20:09Z</time>
					</trkpt>
					<trkpt lat="47.276060" lon="-1.524840">
						<ele>9</ele>
						<time>2026-05-01T11:20:25Z</time>
					</trkpt>
					<trkpt lat="47.276190" lon="-1.523970">
						<ele>14</ele>
						<time>2026-05-01T11:21:46Z</time>
					</trkpt>
					<trkpt lat="47.276240" lon="-1.523780">
						<ele>16</ele>
						<time>2026-05-01T11:22:05Z</time>
					</trkpt>
					<trkpt lat="47.276300" lon="-1.523670">
						<ele>16</ele>
						<time>2026-05-01T11:22:17Z</time>
					</trkpt>
					<trkpt lat="47.276530" lon="-1.523390">
						<ele>18</ele>
						<time>2026-05-01T11:22:57Z</time>
					</trkpt>
					<trkpt lat="47.276600" lon="-1.523400">
						<ele>18</ele>
						<time>2026-05-01T11:23:06Z</time>
					</trkpt>
					<trkpt lat="47.276750" lon="-1.523710">
						<ele>16</ele>
						<time>2026-05-01T11:23:41Z</time>
					</trkpt>
					<trkpt lat="47.277150" lon="-1.524370">
						<ele>13</ele>
						<time>2026-05-01T11:25:01Z</time>
					</trkpt>
					<trkpt lat="47.277190" lon="-1.524390">
						<ele>13</ele>
						<time>2026-05-01T11:25:07Z</time>
					</trkpt>
					<trkpt lat="47.277250" lon="-1.524380">
						<ele>13</ele>
						<time>2026-05-01T11:25:15Z</time>
					</trkpt>
					<trkpt lat="47.277710" lon="-1.524100">
						<ele>14</ele>
						<time>2026-05-01T11:26:21Z</time>
					</trkpt>
					<trkpt lat="47.277880" lon="-1.524140">
						<ele>14</ele>
						<time>2026-05-01T11:26:44Z</time>
					</trkpt>
					<trkpt lat="47.278610" lon="-1.523730">
						<ele>14</ele>
						<time>2026-05-01T11:28:28Z</time>
					</trkpt>
					<trkpt lat="47.278970" lon="-1.523180">
						<ele>15</ele>
						<time>2026-05-01T11:29:38Z</time>
					</trkpt>
					<trkpt lat="47.279200" lon="-1.522760">
						<ele>14</ele>
						<time>2026-05-01T11:30:26Z</time>
					</trkpt>
					<trkpt lat="47.279240" lon="-1.522730">
						<ele>14</ele>
						<time>2026-05-01T11:30:32Z</time>
					</trkpt>
					<trkpt lat="47.279280" lon="-1.522730">
						<ele>14</ele>
						<time>2026-05-01T11:30:38Z</time>
					</trkpt>
					<trkpt lat="47.279710" lon="-1.522960">
						<ele>12</ele>
						<time>2026-05-01T11:31:39Z</time>
					</trkpt>
					<trkpt lat="47.279980" lon="-1.523230">
						<ele>11</ele>
						<time>2026-05-01T11:32:22Z</time>
					</trkpt>
					<trkpt lat="47.280220" lon="-1.523290">
						<ele>12</ele>
						<time>2026-05-01T11:32:55Z</time>
					</trkpt>
					<trkpt lat="47.280320" lon="-1.523360">
						<ele>13</ele>
						<time>2026-05-01T11:33:10Z</time>
					</trkpt>
					<trkpt lat="47.280430" lon="-1.523610">
						<ele>15</ele>
						<time>2026-05-01T11:33:37Z</time>
					</trkpt>
					<trkpt lat="47.280440" lon="-1.524130">
						<ele>17</ele>
						<time>2026-05-01T11:34:24Z</time>
					</trkpt>
					<trkpt lat="47.280470" lon="-1.524250">
						<ele>17</ele>
						<time>2026-05-01T11:34:35Z</time>
					</trkpt>
					<trkpt lat="47.280530" lon="-1.524320">
						<ele>17</ele>
						<time>2026-05-01T11:34:45Z</time>
					</trkpt>
					<trkpt lat="47.280870" lon="-1.524390">
						<ele>18</ele>
						<time>2026-05-01T11:35:31Z</time>
					</trkpt>
					<trkpt lat="47.281030" lon="-1.524490">
						<ele>16</ele>
						<time>2026-05-01T11:35:55Z</time>
					</trkpt>
					<trkpt lat="47.281210" lon="-1.524520">
						<ele>15</ele>
						<time>2026-05-01T11:36:19Z</time>
					</trkpt>
					<trkpt lat="47.281320" lon="-1.524480">
						<ele>14</ele>
						<time>2026-05-01T11:36:34Z</time>
					</trkpt>
					<trkpt lat="47.281400" lon="-1.524420">
						<ele>15</ele>
						<time>2026-05-01T11:36:46Z</time>
					</trkpt>
					<trkpt lat="47.281630" lon="-1.524190">
						<ele>16</ele>
						<time>2026-05-01T11:37:23Z</time>
					</trkpt>
					<trkpt lat="47.281810" lon="-1.524120">
						<ele>16</ele>
						<time>2026-05-01T11:37:48Z</time>
					</trkpt>
					<trkpt lat="47.282360" lon="-1.524110">
						<ele>13</ele>
						<time>2026-05-01T11:39:01Z</time>
					</trkpt>
					<trkpt lat="47.282470" lon="-1.524130">
						<ele>12</ele>
						<time>2026-05-01T11:39:16Z</time>
					</trkpt>
					<trkpt lat="47.282740" lon="-1.524460">
						<ele>10</ele>
						<time>2026-05-01T11:40:03Z</time>
					</trkpt>
					<trkpt lat="47.282970" lon="-1.524580">
						<ele>10</ele>
						<time>2026-05-01T11:40:35Z</time>
					</trkpt>
					<trkpt lat="47.283100" lon="-1.524580">
						<ele>10</ele>
						<time>2026-05-01T11:40:53Z</time>
					</trkpt>
					<trkpt lat="47.283340" lon="-1.524530">
						<ele>11</ele>
						<time>2026-05-01T11:41:25Z</time>
					</trkpt>
					<trkpt lat="47.283550" lon="-1.524610">
						<ele>11</ele>
						<time>2026-05-01T11:41:54Z</time>
					</trkpt>
					<trkpt lat="47.283890" lon="-1.524950">
						<ele>10</ele>
						<time>2026-05-01T11:42:49Z</time>
					</trkpt>
					<trkpt lat="47.284190" lon="-1.525090">
						<ele>10</ele>
						<time>2026-05-01T11:43:31Z</time>
					</trkpt>
					<trkpt lat="47.284410" lon="-1.525070">
						<ele>13</ele>
						<time>2026-05-01T11:44:00Z</time>
					</trkpt>
					<trkpt lat="47.284800" lon="-1.524990">
						<ele>18</ele>
						<time>2026-05-01T11:44:53Z</time>
					</trkpt>
					<trkpt lat="47.285130" lon="-1.525130">
						<ele>21</ele>
						<time>2026-05-01T11:45:38Z</time>
					</trkpt>
					<trkpt lat="47.285220" lon="-1.525440">
						<ele>19</ele>
						<time>2026-05-01T11:46:09Z</time>
					</trkpt>
					<trkpt lat="47.285310" lon="-1.525550">
						<ele>19</ele>
						<time>2026-05-01T11:46:25Z</time>
					</trkpt>
					<trkpt lat="47.285690" lon="-1.525750">
						<ele>21</ele>
						<time>2026-05-01T11:47:18Z</time>
					</trkpt>
					<trkpt lat="47.286020" lon="-1.525870">
						<ele>21</ele>
						<time>2026-05-01T11:48:04Z</time>
					</trkpt>
					<trkpt lat="47.286650" lon="-1.526170">
						<ele>17</ele>
						<time>2026-05-01T11:49:32Z</time>
					</trkpt>
					<trkpt lat="47.286980" lon="-1.526570">
						<ele>13</ele>
						<time>2026-05-01T11:50:29Z</time>
					</trkpt>
					<trkpt lat="47.287110" lon="-1.526770">
						<ele>11</ele>
						<time>2026-05-01T11:50:54Z</time>
					</trkpt>
					<trkpt lat="47.287300" lon="-1.526920">
						<ele>10</ele>
						<time>2026-05-01T11:51:23Z</time>
					</trkpt>
					<trkpt lat="47.287410" lon="-1.526940">
						<ele>10</ele>
						<time>2026-05-01T11:51:38Z</time>
					</trkpt>
					<trkpt lat="47.287500" lon="-1.526920">
						<ele>10</ele>
						<time>2026-05-01T11:51:50Z</time>
					</trkpt>
					<trkpt lat="47.287750" lon="-1.526720">
						<ele>13</ele>
						<time>2026-05-01T11:52:28Z</time>
					</trkpt>
					<trkpt lat="47.287820" lon="-1.526850">
						<ele>12</ele>
						<time>2026-05-01T11:52:43Z</time>
					</trkpt>
					<trkpt lat="47.287790" lon="-1.527020">
						<ele>11</ele>
						<time>2026-05-01T11:52:59Z</time>
					</trkpt>
					<trkpt lat="47.287810" lon="-1.527090">
						<ele>10</ele>
						<time>2026-05-01T11:53:06Z</time>
					</trkpt>
					<trkpt lat="47.287950" lon="-1.527480">
						<ele>8</ele>
						<time>2026-05-01T11:53:46Z</time>
					</trkpt>
					<trkpt lat="47.288030" lon="-1.527590">
						<ele>8</ele>
						<time>2026-05-01T11:54:00Z</time>
					</trkpt>
					<trkpt lat="47.288150" lon="-1.527630">
						<ele>9</ele>
						<time>2026-05-01T11:54:17Z</time>
					</trkpt>
					<trkpt lat="47.288270" lon="-1.527720">
						<ele>9</ele>
						<time>2026-05-01T11:54:35Z</time>
					</trkpt>
					<trkpt lat="47.288610" lon="-1.527820">
						<ele>10</ele>
						<time>2026-05-01T11:55:21Z</time>
					</trkpt>
					<trkpt lat="47.289600" lon="-1.528480">
						<ele>8</ele>
						<time>2026-05-01T11:57:46Z</time>
					</trkpt>
					<trkpt lat="47.289710" lon="-1.528640">
						<ele>8</ele>
						<time>2026-05-01T11:58:07Z</time>
					</trkpt>
					<trkpt lat="47.289820" lon="-1.528750">
						<ele>7</ele>
						<time>2026-05-01T11:58:24Z</time>
					</trkpt>
					<trkpt lat="47.289850" lon="-1.528830">
						<ele>7</ele>
						<time>2026-05-01T11:58:33Z</time>
					</trkpt>
					<trkpt lat="47.290060" lon="-1.529130">
						<ele>6</ele>
						<time>2026-05-01T11:59:12Z</time>
					</trkpt>
					<trkpt lat="47.290230" lon="-1.529310">
						<ele>6</ele>
						<time>2026-05-01T11:59:39Z</time>
					</trkpt>
					<trkpt lat="47.290410" lon="-1.529560">
						<ele>6</ele>
						<time>2026-05-01T12:00:12Z</time>
					</trkpt>
					<trkpt lat="47.290560" lon="-1.529970">
						<ele>6</ele>
						<time>2026-05-01T12:00:55Z</time>
					</trkpt>
					<trkpt lat="47.290730" lon="-1.530250">
						<ele>6</ele>
						<time>2026-05-01T12:01:29Z</time>
					</trkpt>
					<trkpt lat="47.290860" lon="-1.530390">
						<ele>6</ele>
						<time>2026-05-01T12:01:50Z</time>
					</trkpt>
					<trkpt lat="47.291050" lon="-1.530500">
						<ele>5</ele>
						<time>2026-05-01T12:02:17Z</time>
					</trkpt>
					<trkpt lat="47.291250" lon="-1.530560">
						<ele>5</ele>
						<time>2026-05-01T12:02:45Z</time>
					</trkpt>
					<trkpt lat="47.291780" lon="-1.530440">
						<ele>5</ele>
						<time>2026-05-01T12:03:56Z</time>
					</trkpt>
					<trkpt lat="47.292080" lon="-1.530290">
						<ele>6</ele>
						<time>2026-05-01T12:04:38Z</time>
					</trkpt>
					<trkpt lat="47.292260" lon="-1.530330">
						<ele>6</ele>
						<time>2026-05-01T12:05:03Z</time>
					</trkpt>
					<trkpt lat="47.292410" lon="-1.530410">
						<ele>6</ele>
						<time>2026-05-01T12:05:24Z</time>
					</trkpt>
					<trkpt lat="47.292490" lon="-1.530420">
						<ele>6</ele>
						<time>2026-05-01T12:05:35Z</time>
					</trkpt>
					<trkpt lat="47.292580" lon="-1.530410">
						<ele>6</ele>
						<time>2026-05-01T12:05:47Z</time>
					</trkpt>
					<trkpt lat="47.293020" lon="-1.530260">
						<ele>6</ele>
						<time>2026-05-01T12:06:47Z</time>
					</trkpt>
					<trkpt lat="47.293160" lon="-1.530170">
						<ele>6</ele>
						<time>2026-05-01T12:07:07Z</time>
					</trkpt>
					<trkpt lat="47.293280" lon="-1.530010">
						<ele>7</ele>
						<time>2026-05-01T12:07:29Z</time>
					</trkpt>
					<trkpt lat="47.293390" lon="-1.529970">
						<ele>7</ele>
						<time>2026-05-01T12:07:44Z</time>
					</trkpt>
					<trkpt lat="47.293490" lon="-1.529890">
						<ele>7</ele>
						<time>2026-05-01T12:07:59Z</time>
					</trkpt>
					<trkpt lat="47.293750" lon="-1.529540">
						<ele>7</ele>
						<time>2026-05-01T12:08:46Z</time>
					</trkpt>
					<trkpt lat="47.293920" lon="-1.529140">
						<ele>7</ele>
						<time>2026-05-01T12:09:29Z</time>
					</trkpt>
					<trkpt lat="47.294050" lon="-1.528200">
						<ele>7</ele>
						<time>2026-05-01T12:10:56Z</time>
					</trkpt>
					<trkpt lat="47.294110" lon="-1.528130">
						<ele>6</ele>
						<time>2026-05-01T12:11:06Z</time>
					</trkpt>
					<trkpt lat="47.294150" lon="-1.527880">
						<ele>6</ele>
						<time>2026-05-01T12:11:29Z</time>
					</trkpt>
					<trkpt lat="47.294090" lon="-1.527570">
						<ele>7</ele>
						<time>2026-05-01T12:11:58Z</time>
					</trkpt>
					<trkpt lat="47.294000" lon="-1.527400">
						<ele>7</ele>
						<time>2026-05-01T12:12:18Z</time>
					</trkpt>
					<trkpt lat="47.293920" lon="-1.527320">
						<ele>8</ele>
						<time>2026-05-01T12:12:31Z</time>
					</trkpt>
					<trkpt lat="47.293860" lon="-1.527150">
						<ele>8</ele>
						<time>2026-05-01T12:12:48Z</time>
					</trkpt>
					<trkpt lat="47.293850" lon="-1.526950">
						<ele>8</ele>
						<time>2026-05-01T12:13:06Z</time>
					</trkpt>
					<trkpt lat="47.293930" lon="-1.526740">
						<ele>7</ele>
						<time>2026-05-01T12:13:28Z</time>
					</trkpt>
					<trkpt lat="47.293980" lon="-1.526520">
						<ele>7</ele>
						<time>2026-05-01T12:13:49Z</time>
					</trkpt>
					<trkpt lat="47.294060" lon="-1.525410">
						<ele>8</ele>
						<time>2026-05-01T12:15:30Z</time>
					</trkpt>
					<trkpt lat="47.294120" lon="-1.525240">
						<ele>7</ele>
						<time>2026-05-01T12:15:48Z</time>
					</trkpt>
					<trkpt lat="47.294120" lon="-1.525130">
						<ele>7</ele>
						<time>2026-05-01T12:15:58Z</time>
					</trkpt>
					<trkpt lat="47.294200" lon="-1.525010">
						<ele>7</ele>
						<time>2026-05-01T12:16:13Z</time>
					</trkpt>
					<trkpt lat="47.294350" lon="-1.525130">
						<ele>7</ele>
						<time>2026-05-01T12:16:36Z</time>
					</trkpt>
					<trkpt lat="47.294970" lon="-1.525770">
						<ele>7</ele>
						<time>2026-05-01T12:18:17Z</time>
					</trkpt>
					<trkpt lat="47.295070" lon="-1.525950">
						<ele>7</ele>
						<time>2026-05-01T12:18:38Z</time>
					</trkpt>
					<trkpt lat="47.295200" lon="-1.526670">
						<ele>6</ele>
						<time>2026-05-01T12:19:45Z</time>
					</trkpt>
					<trkpt lat="47.295300" lon="-1.527010">
						<ele>6</ele>
						<time>2026-05-01T12:20:19Z</time>
					</trkpt>
					<trkpt lat="47.295500" lon="-1.527510">
						<ele>7</ele>
						<time>2026-05-01T12:21:11Z</time>
					</trkpt>
					<trkpt lat="47.295510" lon="-1.527800">
						<ele>7</ele>
						<time>2026-05-01T12:21:37Z</time>
					</trkpt>
					<trkpt lat="47.295620" lon="-1.528470">
						<ele>7</ele>
						<time>2026-05-01T12:22:40Z</time>
					</trkpt>
					<trkpt lat="47.295660" lon="-1.528940">
						<ele>6</ele>
						<time>2026-05-01T12:23:23Z</time>
					</trkpt>
					<trkpt lat="47.295640" lon="-1.529200">
						<ele>6</ele>
						<time>2026-05-01T12:23:46Z</time>
					</trkpt>
					<trkpt lat="47.295670" lon="-1.529380">
						<ele>6</ele>
						<time>2026-05-01T12:24:03Z</time>
					</trkpt>
					<trkpt lat="47.295730" lon="-1.529500">
						<ele>5</ele>
						<time>2026-05-01T12:24:17Z</time>
					</trkpt>
					<trkpt lat="47.295770" lon="-1.529660">
						<ele>5</ele>
						<time>2026-05-01T12:24:32Z</time>
					</trkpt>
					<trkpt lat="47.295930" lon="-1.529870">
						<ele>5</ele>
						<time>2026-05-01T12:25:01Z</time>
					</trkpt>
					<trkpt lat="47.296060" lon="-1.529980">
						<ele>5</ele>
						<time>2026-05-01T12:25:21Z</time>
					</trkpt>
					<trkpt lat="47.296290" lon="-1.530260">
						<ele>6</ele>
						<time>2026-05-01T12:26:00Z</time>
					</trkpt>
					<trkpt lat="47.296380" lon="-1.530470">
						<ele>5</ele>
						<time>2026-05-01T12:26:23Z</time>
					</trkpt>
					<trkpt lat="47.296670" lon="-1.530710">
						<ele>5</ele>
						<time>2026-05-01T12:27:07Z</time>
					</trkpt>
					<trkpt lat="47.296860" lon="-1.530790">
						<ele>5</ele>
						<time>2026-05-01T12:27:34Z</time>
					</trkpt>
					<trkpt lat="47.297120" lon="-1.530800">
						<ele>6</ele>
						<time>2026-05-01T12:28:08Z</time>
					</trkpt>
					<trkpt lat="47.297370" lon="-1.530790">
						<ele>8</ele>
						<time>2026-05-01T12:28:42Z</time>
					</trkpt>
					<trkpt lat="47.297730" lon="-1.530680">
						<ele>10</ele>
						<time>2026-05-01T12:29:31Z</time>
					</trkpt>
					<trkpt lat="47.298260" lon="-1.530460">
						<ele>12</ele>
						<time>2026-05-01T12:30:44Z</time>
					</trkpt>
					<trkpt lat="47.298500" lon="-1.530210">
						<ele>14</ele>
						<time>2026-05-01T12:31:23Z</time>
					</trkpt>
					<trkpt lat="47.298590" lon="-1.530030">
						<ele>15</ele>
						<time>2026-05-01T12:31:44Z</time>
					</trkpt>
					<trkpt lat="47.298740" lon="-1.529940">
						<ele>14</ele>
						<time>2026-05-01T12:32:05Z</time>
					</trkpt>
					<trkpt lat="47.298890" lon="-1.529920">
						<ele>13</ele>
						<time>2026-05-01T12:32:25Z</time>
					</trkpt>
					<trkpt lat="47.299130" lon="-1.529790">
						<ele>11</ele>
						<time>2026-05-01T12:33:00Z</time>
					</trkpt>
					<trkpt lat="47.299360" lon="-1.529620">
						<ele>10</ele>
						<time>2026-05-01T12:33:34Z</time>
					</trkpt>
					<trkpt lat="47.299570" lon="-1.529350">
						<ele>10</ele>
						<time>2026-05-01T12:34:11Z</time>
					</trkpt>
					<trkpt lat="47.299960" lon="-1.529010">
						<ele>10</ele>
						<time>2026-05-01T12:35:12Z</time>
					</trkpt>
					<trkpt lat="47.300060" lon="-1.529000">
						<ele>9</ele>
						<time>2026-05-01T12:35:25Z</time>
					</trkpt>
					<trkpt lat="47.300260" lon="-1.528930">
						<ele>8</ele>
						<time>2026-05-01T12:35:52Z</time>
					</trkpt>
					<trkpt lat="47.300320" lon="-1.528950">
						<ele>8</ele>
						<time>2026-05-01T12:36:01Z</time>
					</trkpt>
					<trkpt lat="47.300430" lon="-1.528860">
						<ele>7</ele>
						<time>2026-05-01T12:36:17Z</time>
					</trkpt>
					<trkpt lat="47.300800" lon="-1.528460">
						<ele>5</ele>
						<time>2026-05-01T12:37:19Z</time>
					</trkpt>
					<trkpt lat="47.300870" lon="-1.528350">
						<ele>5</ele>
						<time>2026-05-01T12:37:32Z</time>
					</trkpt>
					<trkpt lat="47.301200" lon="-1.527630">
						<ele>7</ele>
						<time>2026-05-01T12:38:51Z</time>
					</trkpt>
					<trkpt lat="47.301060" lon="-1.527450">
						<ele>9</ele>
						<time>2026-05-01T12:39:16Z</time>
					</trkpt>
					<trkpt lat="47.301020" lon="-1.527310">
						<ele>9</ele>
						<time>2026-05-01T12:39:29Z</time>
					</trkpt>
					<trkpt lat="47.300940" lon="-1.527280">
						<ele>10</ele>
						<time>2026-05-01T12:39:40Z</time>
					</trkpt>
					<trkpt lat="47.300640" lon="-1.527240">
						<ele>11</ele>
						<time>2026-05-01T12:40:21Z</time>
					</trkpt>
					<trkpt lat="47.300540" lon="-1.527180">
						<ele>12</ele>
						<time>2026-05-01T12:40:35Z</time>
					</trkpt>
					<trkpt lat="47.300450" lon="-1.527070">
						<ele>12</ele>
						<time>2026-05-01T12:40:51Z</time>
					</trkpt>
					<trkpt lat="47.300430" lon="-1.526910">
						<ele>12</ele>
						<time>2026-05-01T12:41:05Z</time>
					</trkpt>
					<trkpt lat="47.300490" lon="-1.526480">
						<ele>12</ele>
						<time>2026-05-01T12:41:45Z</time>
					</trkpt>
					<trkpt lat="47.300660" lon="-1.525940">
						<ele>12</ele>
						<time>2026-05-01T12:42:39Z</time>
					</trkpt>
					<trkpt lat="47.300790" lon="-1.525580">
						<ele>11</ele>
						<time>2026-05-01T12:43:16Z</time>
					</trkpt>
					<trkpt lat="47.300940" lon="-1.525420">
						<ele>10</ele>
						<time>2026-05-01T12:43:41Z</time>
					</trkpt>
					<trkpt lat="47.301660" lon="-1.525480">
						<ele>8</ele>
						<time>2026-05-01T12:45:17Z</time>
					</trkpt>
					<trkpt lat="47.301750" lon="-1.525580">
						<ele>7</ele>
						<time>2026-05-01T12:45:32Z</time>
					</trkpt>
					<trkpt lat="47.301880" lon="-1.525620">
						<ele>7</ele>
						<time>2026-05-01T12:45:50Z</time>
					</trkpt>
					<trkpt lat="47.301990" lon="-1.525620">
						<ele>6</ele>
						<time>2026-05-01T12:46:04Z</time>
					</trkpt>
					<trkpt lat="47.302180" lon="-1.525570">
						<ele>5</ele>
						<time>2026-05-01T12:46:30Z</time>
					</trkpt>
					<trkpt lat="47.302250" lon="-1.525380">
						<ele>5</ele>
						<time>2026-05-01T12:46:50Z</time>
					</trkpt>
					<trkpt lat="47.302330" lon="-1.524870">
						<ele>5</ele>
						<time>2026-05-01T12:47:37Z</time>
					</trkpt>
					<trkpt lat="47.302060" lon="-1.523950">
						<ele>6</ele>
						<time>2026-05-01T12:49:08Z</time>
					</trkpt>
					<trkpt lat="47.302080" lon="-1.523840">
						<ele>6</ele>
						<time>2026-05-01T12:49:18Z</time>
					</trkpt>
					<trkpt lat="47.302170" lon="-1.523710">
						<ele>6</ele>
						<time>2026-05-01T12:49:35Z</time>
					</trkpt>
					<trkpt lat="47.302520" lon="-1.523450">
						<ele>7</ele>
						<time>2026-05-01T12:50:27Z</time>
					</trkpt>
					<trkpt lat="47.302620" lon="-1.523280">
						<ele>8</ele>
						<time>2026-05-01T12:50:47Z</time>
					</trkpt>
					<trkpt lat="47.302720" lon="-1.523040">
						<ele>8</ele>
						<time>2026-05-01T12:51:13Z</time>
					</trkpt>
					<trkpt lat="47.302770" lon="-1.522990">
						<ele>9</ele>
						<time>2026-05-01T12:51:21Z</time>
					</trkpt>
					<trkpt lat="47.302970" lon="-1.522180">
						<ele>11</ele>
						<time>2026-05-01T12:52:39Z</time>
					</trkpt>
					<trkpt lat="47.302990" lon="-1.522040">
						<ele>12</ele>
						<time>2026-05-01T12:52:52Z</time>
					</trkpt>
					<trkpt lat="47.302980" lon="-1.521880">
						<ele>12</ele>
						<time>2026-05-01T12:53:06Z</time>
					</trkpt>
					<trkpt lat="47.303230" lon="-1.521860">
						<ele>13</ele>
						<time>2026-05-01T12:53:40Z</time>
					</trkpt>
					<trkpt lat="47.305360" lon="-1.521230">
						<ele>22</ele>
						<time>2026-05-01T12:58:30Z</time>
					</trkpt>
					<trkpt lat="47.306220" lon="-1.520890">
						<ele>21</ele>
						<time>2026-05-01T13:00:29Z</time>
					</trkpt>
					<trkpt lat="47.306680" lon="-1.520640">
						<ele>20</ele>
						<time>2026-05-01T13:01:34Z</time>
					</trkpt>
					<trkpt lat="47.306820" lon="-1.520540">
						<ele>20</ele>
						<time>2026-05-01T13:01:55Z</time>
					</trkpt>
					<trkpt lat="47.306890" lon="-1.520450">
						<ele>20</ele>
						<time>2026-05-01T13:02:07Z</time>
					</trkpt>
					<trkpt lat="47.307000" lon="-1.520290">
						<ele>19</ele>
						<time>2026-05-01T13:02:28Z</time>
					</trkpt>
					<trkpt lat="47.307150" lon="-1.519980">
						<ele>19</ele>
						<time>2026-05-01T13:03:02Z</time>
					</trkpt>
					<trkpt lat="47.307300" lon="-1.519860">
						<ele>19</ele>
						<time>2026-05-01T13:03:25Z</time>
					</trkpt>
					<trkpt lat="47.307420" lon="-1.519790">
						<ele>19</ele>
						<time>2026-05-01T13:03:42Z</time>
					</trkpt>
					<trkpt lat="47.307490" lon="-1.519780">
						<ele>19</ele>
						<time>2026-05-01T13:03:52Z</time>
					</trkpt>
					<trkpt lat="47.307910" lon="-1.519150">
						<ele>16</ele>
						<time>2026-05-01T13:05:12Z</time>
					</trkpt>
					<trkpt lat="47.308630" lon="-1.518660">
						<ele>12</ele>
						<time>2026-05-01T13:06:57Z</time>
					</trkpt>
					<trkpt lat="47.309050" lon="-1.518300">
						<ele>10</ele>
						<time>2026-05-01T13:08:02Z</time>
					</trkpt>
					<trkpt lat="47.309400" lon="-1.517930">
						<ele>11</ele>
						<time>2026-05-01T13:09:00Z</time>
					</trkpt>
					<trkpt lat="47.309650" lon="-1.517730">
						<ele>11</ele>
						<time>2026-05-01T13:09:38Z</time>
					</trkpt>
					<trkpt lat="47.309900" lon="-1.517670">
						<ele>11</ele>
						<time>2026-05-01T13:10:11Z</time>
					</trkpt>
					<trkpt lat="47.310360" lon="-1.517790">
						<ele>10</ele>
						<time>2026-05-01T13:11:14Z</time>
					</trkpt>
					<trkpt lat="47.310480" lon="-1.517760">
						<ele>10</ele>
						<time>2026-05-01T13:11:30Z</time>
					</trkpt>
					<trkpt lat="47.311080" lon="-1.517510">
						<ele>10</ele>
						<time>2026-05-01T13:12:53Z</time>
					</trkpt>
					<trkpt lat="47.311360" lon="-1.517340">
						<ele>10</ele>
						<time>2026-05-01T13:13:34Z</time>
					</trkpt>
					<trkpt lat="47.311770" lon="-1.516950">
						<ele>11</ele>
						<time>2026-05-01T13:14:39Z</time>
					</trkpt>
					<trkpt lat="47.312010" lon="-1.516590">
						<ele>12</ele>
						<time>2026-05-01T13:15:24Z</time>
					</trkpt>
					<trkpt lat="47.312530" lon="-1.515520">
						<ele>14</ele>
						<time>2026-05-01T13:17:24Z</time>
					</trkpt>
					<trkpt lat="47.312610" lon="-1.515210">
						<ele>14</ele>
						<time>2026-05-01T13:17:54Z</time>
					</trkpt>
					<trkpt lat="47.313270" lon="-1.515490">
						<ele>13</ele>
						<time>2026-05-01T13:19:25Z</time>
					</trkpt>
					<trkpt lat="47.314560" lon="-1.516110">
						<ele>12</ele>
						<time>2026-05-01T13:22:26Z</time>
					</trkpt>
					<trkpt lat="47.316040" lon="-1.516490">
						<ele>14</ele>
						<time>2026-05-01T13:25:47Z</time>
					</trkpt>
					<trkpt lat="47.317140" lon="-1.516500">
						<ele>14</ele>
						<time>2026-05-01T13:28:13Z</time>
					</trkpt>
					<trkpt lat="47.318180" lon="-1.516600">
						<ele>15</ele>
						<time>2026-05-01T13:30:33Z</time>
					</trkpt>
					<trkpt lat="47.320050" lon="-1.516830">
						<ele>18</ele>
						<time>2026-05-01T13:34:43Z</time>
					</trkpt>
					<trkpt lat="47.321330" lon="-1.516910">
						<ele>21</ele>
						<time>2026-05-01T13:37:34Z</time>
					</trkpt>
					<trkpt lat="47.321180" lon="-1.515650">
						<ele>20</ele>
						<time>2026-05-01T13:39:30Z</time>
					</trkpt>
					<trkpt lat="47.321140" lon="-1.514850">
						<ele>21</ele>
						<time>2026-05-01T13:40:42Z</time>
					</trkpt>
					<trkpt lat="47.321190" lon="-1.514690">
						<ele>20</ele>
						<time>2026-05-01T13:40:58Z</time>
					</trkpt>
					<trkpt lat="47.321460" lon="-1.514360">
						<ele>19</ele>
						<time>2026-05-01T13:41:45Z</time>
					</trkpt>
					<trkpt lat="47.321580" lon="-1.514090">
						<ele>18</ele>
						<time>2026-05-01T13:42:14Z</time>
					</trkpt>
					<trkpt lat="47.321680" lon="-1.513620">
						<ele>17</ele>
						<time>2026-05-01T13:42:59Z</time>
					</trkpt>
					<trkpt lat="47.321690" lon="-1.513370">
						<ele>16</ele>
						<time>2026-05-01T13:43:21Z</time>
					</trkpt>
					<trkpt lat="47.321560" lon="-1.512570">
						<ele>17</ele>
						<time>2026-05-01T13:44:36Z</time>
					</trkpt>
					<trkpt lat="47.321210" lon="-1.511210">
						<ele>15</ele>
						<time>2026-05-01T13:46:47Z</time>
					</trkpt>
					<trkpt lat="47.321200" lon="-1.511080">
						<ele>15</ele>
						<time>2026-05-01T13:46:59Z</time>
					</trkpt>
					<trkpt lat="47.322840" lon="-1.511670">
						<ele>8</ele>
						<time>2026-05-01T13:50:44Z</time>
					</trkpt>
					<trkpt lat="47.323160" lon="-1.511750">
						<ele>7</ele>
						<time>2026-05-01T13:51:28Z</time>
					</trkpt>
					<trkpt lat="47.325150" lon="-1.511960">
						<ele>17</ele>
						<time>2026-05-01T13:55:54Z</time>
					</trkpt>
					<trkpt lat="47.325430" lon="-1.511970">
						<ele>17</ele>
						<time>2026-05-01T13:56:31Z</time>
					</trkpt>
					<trkpt lat="47.325610" lon="-1.511940">
						<ele>18</ele>
						<time>2026-05-01T13:56:56Z</time>
					</trkpt>
					<trkpt lat="47.325620" lon="-1.512050">
						<ele>18</ele>
						<time>2026-05-01T13:57:06Z</time>
					</trkpt>
					<trkpt lat="47.326030" lon="-1.511830">
						<ele>18</ele>
						<time>2026-05-01T13:58:04Z</time>
					</trkpt>
					<trkpt lat="47.326370" lon="-1.513730">
						<ele>16</ele>
						<time>2026-05-01T14:01:02Z</time>
					</trkpt>
					<trkpt lat="47.326980" lon="-1.514660">
						<ele>13</ele>
						<time>2026-05-01T14:02:59Z</time>
					</trkpt>
					<trkpt lat="47.327460" lon="-1.515460">
						<ele>14</ele>
						<time>2026-05-01T14:04:35Z</time>
					</trkpt>
					<trkpt lat="47.327750" lon="-1.515810">
						<ele>15</ele>
						<time>2026-05-01T14:05:25Z</time>
					</trkpt>
					<trkpt lat="47.328080" lon="-1.516080">
						<ele>16</ele>
						<time>2026-05-01T14:06:16Z</time>
					</trkpt>
					<trkpt lat="47.328380" lon="-1.516440">
						<ele>16</ele>
						<time>2026-05-01T14:07:07Z</time>
					</trkpt>
					<trkpt lat="47.328670" lon="-1.516670">
						<ele>15</ele>
						<time>2026-05-01T14:07:51Z</time>
					</trkpt>
					<trkpt lat="47.331140" lon="-1.517100">
						<ele>9</ele>
						<time>2026-05-01T14:13:23Z</time>
					</trkpt>
					<trkpt lat="47.332260" lon="-1.517150">
						<ele>9</ele>
						<time>2026-05-01T14:15:53Z</time>
					</trkpt>
					<trkpt lat="47.333060" lon="-1.517270">
						<ele>10</ele>
						<time>2026-05-01T14:17:40Z</time>
					</trkpt>
					<trkpt lat="47.333480" lon="-1.517690">
						<ele>10</ele>
						<time>2026-05-01T14:18:48Z</time>
					</trkpt>
					<trkpt lat="47.333620" lon="-1.517710">
						<ele>10</ele>
						<time>2026-05-01T14:19:06Z</time>
					</trkpt>
					<trkpt lat="47.333730" lon="-1.517600">
						<ele>10</ele>
						<time>2026-05-01T14:19:24Z</time>
					</trkpt>
					<trkpt lat="47.333720" lon="-1.517480">
						<ele>10</ele>
						<time>2026-05-01T14:19:35Z</time>
					</trkpt>
					<trkpt lat="47.333750" lon="-1.517430">
						<ele>11</ele>
						<time>2026-05-01T14:19:41Z</time>
					</trkpt>
					<trkpt lat="47.333790" lon="-1.517410">
						<ele>11</ele>
						<time>2026-05-01T14:19:47Z</time>
					</trkpt>
					<trkpt lat="47.333840" lon="-1.517420">
						<ele>11</ele>
						<time>2026-05-01T14:19:53Z</time>
					</trkpt>
					<trkpt lat="47.333860" lon="-1.517450">
						<ele>11</ele>
						<time>2026-05-01T14:19:57Z</time>
					</trkpt>
					<trkpt lat="47.334100" lon="-1.517270">
						<ele>11</ele>
						<time>2026-05-01T14:20:33Z</time>
					</trkpt>
					<trkpt lat="47.334340" lon="-1.517160">
						<ele>13</ele>
						<time>2026-05-01T14:21:07Z</time>
					</trkpt>
					<trkpt lat="47.334820" lon="-1.517100">
						<ele>15</ele>
						<time>2026-05-01T14:22:11Z</time>
					</trkpt>
					<trkpt lat="47.334960" lon="-1.518000">
						<ele>14</ele>
						<time>2026-05-01T14:23:35Z</time>
					</trkpt>
					<trkpt lat="47.335010" lon="-1.518060">
						<ele>14</ele>
						<time>2026-05-01T14:23:43Z</time>
					</trkpt>
					<trkpt lat="47.335320" lon="-1.518160">
						<ele>15</ele>
						<time>2026-05-01T14:24:25Z</time>
					</trkpt>
					<trkpt lat="47.335620" lon="-1.518300">
						<ele>17</ele>
						<time>2026-05-01T14:25:07Z</time>
					</trkpt>
					<trkpt lat="47.336920" lon="-1.518140">
						<ele>25</ele>
						<time>2026-05-01T14:28:02Z</time>
					</trkpt>
					<trkpt lat="47.337140" lon="-1.517980">
						<ele>25</ele>
						<time>2026-05-01T14:28:34Z</time>
					</trkpt>
					<trkpt lat="47.337410" lon="-1.517950">
						<ele>25</ele>
						<time>2026-05-01T14:29:10Z</time>
					</trkpt>
					<trkpt lat="47.337450" lon="-1.518770">
						<ele>24</ele>
						<time>2026-05-01T14:30:25Z</time>
					</trkpt>
					<trkpt lat="47.337880" lon="-1.518700">
						<ele>21</ele>
						<time>2026-05-01T14:31:23Z</time>
					</trkpt>
					<trkpt lat="47.338030" lon="-1.518650">
						<ele>20</ele>
						<time>2026-05-01T14:31:43Z</time>
					</trkpt>
					<trkpt lat="47.338170" lon="-1.518560">
						<ele>19</ele>
						<time>2026-05-01T14:32:03Z</time>
					</trkpt>
					<trkpt lat="47.338030" lon="-1.518650">
						<ele>20</ele>
						<time>2026-05-01T14:32:24Z</time>
					</trkpt>
					<trkpt lat="47.337880" lon="-1.518700">
						<ele>21</ele>
						<time>2026-05-01T14:32:44Z</time>
					</trkpt>
					<trkpt lat="47.337450" lon="-1.518770">
						<ele>24</ele>
						<time>2026-05-01T14:33:42Z</time>
					</trkpt>
					<trkpt lat="47.337490" lon="-1.519520">
						<ele>24</ele>
						<time>2026-05-01T14:34:50Z</time>
					</trkpt>
					<trkpt lat="47.337600" lon="-1.520180">
						<ele>23</ele>
						<time>2026-05-01T14:35:52Z</time>
					</trkpt>
					<trkpt lat="47.337580" lon="-1.520420">
						<ele>23</ele>
						<time>2026-05-01T14:36:13Z</time>
					</trkpt>
					<trkpt lat="47.337600" lon="-1.520650">
						<ele>23</ele>
						<time>2026-05-01T14:36:34Z</time>
					</trkpt>
					<trkpt lat="47.337460" lon="-1.522100">
						<ele>20</ele>
						<time>2026-05-01T14:38:47Z</time>
					</trkpt>
					<trkpt lat="47.337020" lon="-1.524310">
						<ele>15</ele>
						<time>2026-05-01T14:42:15Z</time>
					</trkpt>
					<trkpt lat="47.336960" lon="-1.524710">
						<ele>11</ele>
						<time>2026-05-01T14:42:52Z</time>
					</trkpt>
					<trkpt lat="47.337000" lon="-1.524790">
						<ele>10</ele>
						<time>2026-05-01T14:43:01Z</time>
					</trkpt>
					<trkpt lat="47.336980" lon="-1.524850">
						<ele>9</ele>
						<time>2026-05-01T14:43:07Z</time>
					</trkpt>
					<trkpt lat="47.337030" lon="-1.524930">
						<ele>9</ele>
						<time>2026-05-01T14:43:17Z</time>
					</trkpt>
					<trkpt lat="47.337160" lon="-1.525100">
						<ele>8</ele>
						<time>2026-05-01T14:43:40Z</time>
					</trkpt>
					<trkpt lat="47.337260" lon="-1.525170">
						<ele>7</ele>
						<time>2026-05-01T14:43:55Z</time>
					</trkpt>
					<trkpt lat="47.339280" lon="-1.525980">
						<ele>6</ele>
						<time>2026-05-01T14:48:34Z</time>
					</trkpt>
					<trkpt lat="47.339290" lon="-1.526130">
						<ele>6</ele>
						<time>2026-05-01T14:48:48Z</time>
					</trkpt>
					<trkpt lat="47.339000" lon="-1.527990">
						<ele>5</ele>
						<time>2026-05-01T14:51:41Z</time>
					</trkpt>
					<trkpt lat="47.339090" lon="-1.528070">
						<ele>6</ele>
						<time>2026-05-01T14:51:55Z</time>
					</trkpt>
					<trkpt lat="47.339170" lon="-1.528190">
						<ele>6</ele>
						<time>2026-05-01T14:52:10Z</time>
					</trkpt>
					<trkpt lat="47.339650" lon="-1.528580">
						<ele>8</ele>
						<time>2026-05-01T14:53:23Z</time>
					</trkpt>
					<trkpt lat="47.339710" lon="-1.528600">
						<ele>9</ele>
						<time>2026-05-01T14:53:31Z</time>
					</trkpt>
					<trkpt lat="47.338710" lon="-1.531220">
						<ele>8</ele>
						<time>2026-05-01T14:58:03Z</time>
					</trkpt>
					<trkpt lat="47.338680" lon="-1.531240">
						<ele>8</ele>
						<time>2026-05-01T14:58:07Z</time>
					</trkpt>
					<trkpt lat="47.338640" lon="-1.531230">
						<ele>8</ele>
						<time>2026-05-01T14:58:13Z</time>
					</trkpt>
					<trkpt lat="47.338590" lon="-1.531170">
						<ele>7</ele>
						<time>2026-05-01T14:58:21Z</time>
					</trkpt>
					<trkpt lat="47.338210" lon="-1.530550">
						<ele>6</ele>
						<time>2026-05-01T14:59:37Z</time>
					</trkpt>
					<trkpt lat="47.338130" lon="-1.530670">
						<ele>6</ele>
						<time>2026-05-01T14:59:52Z</time>
					</trkpt>
					<trkpt lat="47.337720" lon="-1.531500">
						<ele>7</ele>
						<time>2026-05-01T15:01:25Z</time>
					</trkpt>
					<trkpt lat="47.337630" lon="-1.531580">
						<ele>7</ele>
						<time>2026-05-01T15:01:39Z</time>
					</trkpt>
					<trkpt lat="47.337020" lon="-1.531910">
						<ele>7</ele>
						<time>2026-05-01T15:03:06Z</time>
					</trkpt>
					<trkpt lat="47.336820" lon="-1.531980">
						<ele>8</ele>
						<time>2026-05-01T15:03:33Z</time>
					</trkpt>
					<trkpt lat="47.335380" lon="-1.532830">
						<ele>15</ele>
						<time>2026-05-01T15:07:00Z</time>
					</trkpt>
					<trkpt lat="47.335200" lon="-1.532880">
						<ele>16</ele>
						<time>2026-05-01T15:07:25Z</time>
					</trkpt>
					<trkpt lat="47.334940" lon="-1.534810">
						<ele>17</ele>
						<time>2026-05-01T15:10:23Z</time>
					</trkpt>
					<trkpt lat="47.334820" lon="-1.534860">
						<ele>18</ele>
						<time>2026-05-01T15:10:39Z</time>
					</trkpt>
					<trkpt lat="47.333940" lon="-1.535030">
						<ele>21</ele>
						<time>2026-05-01T15:12:38Z</time>
					</trkpt>
					<trkpt lat="47.333800" lon="-1.535020">
						<ele>21</ele>
						<time>2026-05-01T15:12:56Z</time>
					</trkpt>
					<trkpt lat="47.332630" lon="-1.535490">
						<ele>22</ele>
						<time>2026-05-01T15:15:38Z</time>
					</trkpt>
					<trkpt lat="47.332590" lon="-1.535460">
						<ele>22</ele>
						<time>2026-05-01T15:15:44Z</time>
					</trkpt>
					<trkpt lat="47.332550" lon="-1.535120">
						<ele>23</ele>
						<time>2026-05-01T15:16:15Z</time>
					</trkpt>
					<trkpt lat="47.332500" lon="-1.535070">
						<ele>23</ele>
						<time>2026-05-01T15:16:24Z</time>
					</trkpt>
					<trkpt lat="47.332140" lon="-1.534930">
						<ele>22</ele>
						<time>2026-05-01T15:17:13Z</time>
					</trkpt>
					<trkpt lat="47.331990" lon="-1.534840">
						<ele>22</ele>
						<time>2026-05-01T15:17:35Z</time>
					</trkpt>
					<trkpt lat="47.331660" lon="-1.534750">
						<ele>21</ele>
						<time>2026-05-01T15:18:20Z</time>
					</trkpt>
					<trkpt lat="47.331290" lon="-1.534650">
						<ele>19</ele>
						<time>2026-05-01T15:19:10Z</time>
					</trkpt>
					<trkpt lat="47.330920" lon="-1.534650">
						<ele>17</ele>
						<time>2026-05-01T15:19:59Z</time>
					</trkpt>
					<trkpt lat="47.330230" lon="-1.534840">
						<ele>13</ele>
						<time>2026-05-01T15:21:33Z</time>
					</trkpt>
					<trkpt lat="47.330130" lon="-1.534890">
						<ele>13</ele>
						<time>2026-05-01T15:21:47Z</time>
					</trkpt>
					<trkpt lat="47.329810" lon="-1.535200">
						<ele>12</ele>
						<time>2026-05-01T15:22:38Z</time>
					</trkpt>
					<trkpt lat="47.329130" lon="-1.535480">
						<ele>13</ele>
						<time>2026-05-01T15:24:12Z</time>
					</trkpt>
					<trkpt lat="47.328770" lon="-1.535700">
						<ele>14</ele>
						<time>2026-05-01T15:25:04Z</time>
					</trkpt>
					<trkpt lat="47.328280" lon="-1.536130">
						<ele>17</ele>
						<time>2026-05-01T15:26:20Z</time>
					</trkpt>
					<trkpt lat="47.328260" lon="-1.536190">
						<ele>17</ele>
						<time>2026-05-01T15:26:26Z</time>
					</trkpt>
					<trkpt lat="47.328280" lon="-1.536320">
						<ele>17</ele>
						<time>2026-05-01T15:26:38Z</time>
					</trkpt>
					<trkpt lat="47.328560" lon="-1.536740">
						<ele>16</ele>
						<time>2026-05-01T15:27:32Z</time>
					</trkpt>
					<trkpt lat="47.328540" lon="-1.536750">
						<ele>16</ele>
						<time>2026-05-01T15:27:35Z</time>
					</trkpt>
					<trkpt lat="47.327510" lon="-1.536920">
						<ele>21</ele>
						<time>2026-05-01T15:29:53Z</time>
					</trkpt>
					<trkpt lat="47.327370" lon="-1.536990">
						<ele>21</ele>
						<time>2026-05-01T15:30:13Z</time>
					</trkpt>
					<trkpt lat="47.327170" lon="-1.537020">
						<ele>23</ele>
						<time>2026-05-01T15:30:39Z</time>
					</trkpt>
					<trkpt lat="47.326430" lon="-1.536970">
						<ele>26</ele>
						<time>2026-05-01T15:32:18Z</time>
					</trkpt>
					<trkpt lat="47.325760" lon="-1.536730">
						<ele>29</ele>
						<time>2026-05-01T15:33:50Z</time>
					</trkpt>
					<trkpt lat="47.323400" lon="-1.535580">
						<ele>19</ele>
						<time>2026-05-01T15:39:22Z</time>
					</trkpt>
					<trkpt lat="47.322990" lon="-1.535330">
						<ele>18</ele>
						<time>2026-05-01T15:40:21Z</time>
					</trkpt>
					<trkpt lat="47.322910" lon="-1.535310">
						<ele>18</ele>
						<time>2026-05-01T15:40:32Z</time>
					</trkpt>
					<trkpt lat="47.322470" lon="-1.535030">
						<ele>16</ele>
						<time>2026-05-01T15:41:36Z</time>
					</trkpt>
					<trkpt lat="47.322480" lon="-1.535460">
						<ele>15</ele>
						<time>2026-05-01T15:42:15Z</time>
					</trkpt>
					<trkpt lat="47.322460" lon="-1.535670">
						<ele>14</ele>
						<time>2026-05-01T15:42:34Z</time>
					</trkpt>
					<trkpt lat="47.322420" lon="-1.535770">
						<ele>14</ele>
						<time>2026-05-01T15:42:45Z</time>
					</trkpt>
					<trkpt lat="47.322350" lon="-1.535830">
						<ele>14</ele>
						<time>2026-05-01T15:42:55Z</time>
					</trkpt>
					<trkpt lat="47.322230" lon="-1.535840">
						<ele>14</ele>
						<time>2026-05-01T15:43:11Z</time>
					</trkpt>
					<trkpt lat="47.322150" lon="-1.535820">
						<ele>14</ele>
						<time>2026-05-01T15:43:22Z</time>
					</trkpt>
					<trkpt lat="47.321300" lon="-1.535870">
						<ele>15</ele>
						<time>2026-05-01T15:45:16Z</time>
					</trkpt>
					<trkpt lat="47.321140" lon="-1.535900">
						<ele>15</ele>
						<time>2026-05-01T15:45:37Z</time>
					</trkpt>
					<trkpt lat="47.320900" lon="-1.536030">
						<ele>15</ele>
						<time>2026-05-01T15:46:11Z</time>
					</trkpt>
					<trkpt lat="47.320710" lon="-1.536220">
						<ele>15</ele>
						<time>2026-05-01T15:46:42Z</time>
					</trkpt>
					<trkpt lat="47.320650" lon="-1.536330">
						<ele>15</ele>
						<time>2026-05-01T15:46:55Z</time>
					</trkpt>
					<trkpt lat="47.320580" lon="-1.536790">
						<ele>13</ele>
						<time>2026-05-01T15:47:37Z</time>
					</trkpt>
					<trkpt lat="47.320480" lon="-1.537030">
						<ele>12</ele>
						<time>2026-05-01T15:48:03Z</time>
					</trkpt>
					<trkpt lat="47.320290" lon="-1.537230">
						<ele>11</ele>
						<time>2026-05-01T15:48:34Z</time>
					</trkpt>
					<trkpt lat="47.320000" lon="-1.537420">
						<ele>11</ele>
						<time>2026-05-01T15:49:16Z</time>
					</trkpt>
					<trkpt lat="47.319910" lon="-1.537590">
						<ele>11</ele>
						<time>2026-05-01T15:49:36Z</time>
					</trkpt>
					<trkpt lat="47.319670" lon="-1.537810">
						<ele>11</ele>
						<time>2026-05-01T15:50:14Z</time>
					</trkpt>
					<trkpt lat="47.319500" lon="-1.538210">
						<ele>10</ele>
						<time>2026-05-01T15:50:56Z</time>
					</trkpt>
					<trkpt lat="47.319150" lon="-1.538860">
						<ele>10</ele>
						<time>2026-05-01T15:52:11Z</time>
					</trkpt>
					<trkpt lat="47.318100" lon="-1.541020">
						<ele>12</ele>
						<time>2026-05-01T15:56:12Z</time>
					</trkpt>
					<trkpt lat="47.317670" lon="-1.541790">
						<ele>12</ele>
						<time>2026-05-01T15:57:42Z</time>
					</trkpt>
					<trkpt lat="47.317510" lon="-1.542020">
						<ele>11</ele>
						<time>2026-05-01T15:58:12Z</time>
					</trkpt>
					<trkpt lat="47.317430" lon="-1.542060">
						<ele>11</ele>
						<time>2026-05-01T15:58:23Z</time>
					</trkpt>
					<trkpt lat="47.317270" lon="-1.542260">
						<ele>11</ele>
						<time>2026-05-01T15:58:51Z</time>
					</trkpt>
					<trkpt lat="47.316970" lon="-1.542560">
						<ele>10</ele>
						<time>2026-05-01T15:59:40Z</time>
					</trkpt>
					<trkpt lat="47.316380" lon="-1.543000">
						<ele>11</ele>
						<time>2026-05-01T16:01:08Z</time>
					</trkpt>
					<trkpt lat="47.316300" lon="-1.543170">
						<ele>11</ele>
						<time>2026-05-01T16:01:26Z</time>
					</trkpt>
					<trkpt lat="47.316030" lon="-1.543310">
						<ele>9</ele>
						<time>2026-05-01T16:02:05Z</time>
					</trkpt>
					<trkpt lat="47.315800" lon="-1.543270">
						<ele>8</ele>
						<time>2026-05-01T16:02:36Z</time>
					</trkpt>
					<trkpt lat="47.315610" lon="-1.543290">
						<ele>7</ele>
						<time>2026-05-01T16:03:01Z</time>
					</trkpt>
					<trkpt lat="47.315120" lon="-1.543270">
						<ele>6</ele>
						<time>2026-05-01T16:04:06Z</time>
					</trkpt>
					<trkpt lat="47.315060" lon="-1.543340">
						<ele>6</ele>
						<time>2026-05-01T16:04:17Z</time>
					</trkpt>
					<trkpt lat="47.315000" lon="-1.543360">
						<ele>6</ele>
						<time>2026-05-01T16:04:25Z</time>
					</trkpt>
					<trkpt lat="47.314490" lon="-1.543320">
						<ele>7</ele>
						<time>2026-05-01T16:05:33Z</time>
					</trkpt>
					<trkpt lat="47.314300" lon="-1.543260">
						<ele>8</ele>
						<time>2026-05-01T16:05:59Z</time>
					</trkpt>
					<trkpt lat="47.313460" lon="-1.543150">
						<ele>9</ele>
						<time>2026-05-01T16:07:51Z</time>
					</trkpt>
					<trkpt lat="47.313390" lon="-1.543090">
						<ele>9</ele>
						<time>2026-05-01T16:08:02Z</time>
					</trkpt>
					<trkpt lat="47.313270" lon="-1.543060">
						<ele>9</ele>
						<time>2026-05-01T16:08:19Z</time>
					</trkpt>
					<trkpt lat="47.312640" lon="-1.543040">
						<ele>7</ele>
						<time>2026-05-01T16:09:43Z</time>
					</trkpt>
					<trkpt lat="47.312530" lon="-1.543060">
						<ele>7</ele>
						<time>2026-05-01T16:09:57Z</time>
					</trkpt>
					<trkpt lat="47.312460" lon="-1.543130">
						<ele>7</ele>
						<time>2026-05-01T16:10:09Z</time>
					</trkpt>
					<trkpt lat="47.312440" lon="-1.543100">
						<ele>7</ele>
						<time>2026-05-01T16:10:12Z</time>
					</trkpt>
					<trkpt lat="47.312490" lon="-1.542930">
						<ele>7</ele>
						<time>2026-05-01T16:10:29Z</time>
					</trkpt>
					<trkpt lat="47.312460" lon="-1.542820">
						<ele>6</ele>
						<time>2026-05-01T16:10:40Z</time>
					</trkpt>
					<trkpt lat="47.312330" lon="-1.542660">
						<ele>6</ele>
						<time>2026-05-01T16:11:03Z</time>
					</trkpt>
					<trkpt lat="47.312270" lon="-1.542650">
						<ele>6</ele>
						<time>2026-05-01T16:11:11Z</time>
					</trkpt>
					<trkpt lat="47.312280" lon="-1.542280">
						<ele>6</ele>
						<time>2026-05-01T16:11:44Z</time>
					</trkpt>
					<trkpt lat="47.312170" lon="-1.542260">
						<ele>6</ele>
						<time>2026-05-01T16:11:59Z</time>
					</trkpt>
					<trkpt lat="47.312020" lon="-1.542170">
						<ele>6</ele>
						<time>2026-05-01T16:12:21Z</time>
					</trkpt>
					<trkpt lat="47.311870" lon="-1.541970">
						<ele>6</ele>
						<time>2026-05-01T16:12:48Z</time>
					</trkpt>
					<trkpt lat="47.311830" lon="-1.541850">
						<ele>6</ele>
						<time>2026-05-01T16:13:00Z</time>
					</trkpt>
					<trkpt lat="47.311800" lon="-1.541580">
						<ele>6</ele>
						<time>2026-05-01T16:13:24Z</time>
					</trkpt>
					<trkpt lat="47.311840" lon="-1.541240">
						<ele>7</ele>
						<time>2026-05-01T16:13:56Z</time>
					</trkpt>
					<trkpt lat="47.311990" lon="-1.541070">
						<ele>7</ele>
						<time>2026-05-01T16:14:21Z</time>
					</trkpt>
					<trkpt lat="47.312590" lon="-1.540100">
						<ele>7</ele>
						<time>2026-05-01T16:16:20Z</time>
					</trkpt>
					<trkpt lat="47.312680" lon="-1.539700">
						<ele>8</ele>
						<time>2026-05-01T16:16:58Z</time>
					</trkpt>
					<trkpt lat="47.312680" lon="-1.539420">
						<ele>8</ele>
						<time>2026-05-01T16:17:23Z</time>
					</trkpt>
					<trkpt lat="47.312450" lon="-1.538860">
						<ele>9</ele>
						<time>2026-05-01T16:18:22Z</time>
					</trkpt>
					<trkpt lat="47.312290" lon="-1.538270">
						<ele>10</ele>
						<time>2026-05-01T16:19:20Z</time>
					</trkpt>
					<trkpt lat="47.312080" lon="-1.538480">
						<ele>11</ele>
						<time>2026-05-01T16:19:54Z</time>
					</trkpt>
					<trkpt lat="47.311870" lon="-1.537930">
						<ele>11</ele>
						<time>2026-05-01T16:20:51Z</time>
					</trkpt>
					<trkpt lat="47.310960" lon="-1.538420">
						<ele>13</ele>
						<time>2026-05-01T16:23:00Z</time>
					</trkpt>
					<trkpt lat="47.310920" lon="-1.537870">
						<ele>13</ele>
						<time>2026-05-01T16:23:50Z</time>
					</trkpt>
					<trkpt lat="47.310980" lon="-1.537580">
						<ele>13</ele>
						<time>2026-05-01T16:24:18Z</time>
					</trkpt>
					<trkpt lat="47.311080" lon="-1.537330">
						<ele>12</ele>
						<time>2026-05-01T16:24:44Z</time>
					</trkpt>
					<trkpt lat="47.311340" lon="-1.537020">
						<ele>11</ele>
						<time>2026-05-01T16:25:28Z</time>
					</trkpt>
					<trkpt lat="47.311040" lon="-1.536640">
						<ele>11</ele>
						<time>2026-05-01T16:26:21Z</time>
					</trkpt>
					<trkpt lat="47.310670" lon="-1.536440">
						<ele>12</ele>
						<time>2026-05-01T16:27:14Z</time>
					</trkpt>
					<trkpt lat="47.310640" lon="-1.536370">
						<ele>12</ele>
						<time>2026-05-01T16:27:21Z</time>
					</trkpt>
					<trkpt lat="47.310640" lon="-1.535740">
						<ele>9</ele>
						<time>2026-05-01T16:28:18Z</time>
					</trkpt>
					<trkpt lat="47.310580" lon="-1.534780">
						<ele>7</ele>
						<time>2026-05-01T16:29:46Z</time>
					</trkpt>
					<trkpt lat="47.310390" lon="-1.534710">
						<ele>7</ele>
						<time>2026-05-01T16:30:12Z</time>
					</trkpt>
					<trkpt lat="47.310090" lon="-1.534640">
						<ele>7</ele>
						<time>2026-05-01T16:30:52Z</time>
					</trkpt>
					<trkpt lat="47.309700" lon="-1.534370">
						<ele>8</ele>
						<time>2026-05-01T16:31:50Z</time>
					</trkpt>
					<trkpt lat="47.309520" lon="-1.534120">
						<ele>8</ele>
						<time>2026-05-01T16:32:23Z</time>
					</trkpt>
					<trkpt lat="47.309160" lon="-1.533300">
						<ele>6</ele>
						<time>2026-05-01T16:33:51Z</time>
					</trkpt>
					<trkpt lat="47.309050" lon="-1.533170">
						<ele>6</ele>
						<time>2026-05-01T16:34:10Z</time>
					</trkpt>
					<trkpt lat="47.308920" lon="-1.533110">
						<ele>6</ele>
						<time>2026-05-01T16:34:28Z</time>
					</trkpt>
					<trkpt lat="47.308820" lon="-1.533100">
						<ele>6</ele>
						<time>2026-05-01T16:34:41Z</time>
					</trkpt>
					<trkpt lat="47.308490" lon="-1.533230">
						<ele>6</ele>
						<time>2026-05-01T16:35:27Z</time>
					</trkpt>
					<trkpt lat="47.308370" lon="-1.533130">
						<ele>6</ele>
						<time>2026-05-01T16:35:45Z</time>
					</trkpt>
					<trkpt lat="47.307780" lon="-1.533560">
						<ele>6</ele>
						<time>2026-05-01T16:37:13Z</time>
					</trkpt>
					<trkpt lat="47.307770" lon="-1.533590">
						<ele>6</ele>
						<time>2026-05-01T16:37:16Z</time>
					</trkpt>
					<trkpt lat="47.307830" lon="-1.533840">
						<ele>7</ele>
						<time>2026-05-01T16:37:40Z</time>
					</trkpt>
					<trkpt lat="47.307830" lon="-1.533910">
						<ele>8</ele>
						<time>2026-05-01T16:37:47Z</time>
					</trkpt>
					<trkpt lat="47.307780" lon="-1.533980">
						<ele>8</ele>
						<time>2026-05-01T16:37:56Z</time>
					</trkpt>
					<trkpt lat="47.307710" lon="-1.533930">
						<ele>7</ele>
						<time>2026-05-01T16:38:06Z</time>
					</trkpt>
					<trkpt lat="47.307430" lon="-1.534130">
						<ele>7</ele>
						<time>2026-05-01T16:38:48Z</time>
					</trkpt>
					<trkpt lat="47.307250" lon="-1.534220">
						<ele>7</ele>
						<time>2026-05-01T16:39:13Z</time>
					</trkpt>
					<trkpt lat="47.306250" lon="-1.534320">
						<ele>8</ele>
						<time>2026-05-01T16:41:27Z</time>
					</trkpt>
					<trkpt lat="47.306170" lon="-1.534380">
						<ele>8</ele>
						<time>2026-05-01T16:41:39Z</time>
					</trkpt>
					<trkpt lat="47.305960" lon="-1.534830">
						<ele>9</ele>
						<time>2026-05-01T16:42:28Z</time>
					</trkpt>
					<trkpt lat="47.305900" lon="-1.534890">
						<ele>9</ele>
						<time>2026-05-01T16:42:38Z</time>
					</trkpt>
					<trkpt lat="47.305810" lon="-1.534920">
						<ele>9</ele>
						<time>2026-05-01T16:42:50Z</time>
					</trkpt>
					<trkpt lat="47.305710" lon="-1.534910">
						<ele>9</ele>
						<time>2026-05-01T16:43:04Z</time>
					</trkpt>
					<trkpt lat="47.305650" lon="-1.534880">
						<ele>9</ele>
						<time>2026-05-01T16:43:12Z</time>
					</trkpt>
					<trkpt lat="47.305440" lon="-1.534650">
						<ele>8</ele>
						<time>2026-05-01T16:43:47Z</time>
					</trkpt>
					<trkpt lat="47.305360" lon="-1.534620">
						<ele>8</ele>
						<time>2026-05-01T16:43:58Z</time>
					</trkpt>
					<trkpt lat="47.305140" lon="-1.534630">
						<ele>8</ele>
						<time>2026-05-01T16:44:27Z</time>
					</trkpt>
					<trkpt lat="47.304490" lon="-1.534810">
						<ele>9</ele>
						<time>2026-05-01T16:45:56Z</time>
					</trkpt>
					<trkpt lat="47.304150" lon="-1.535040">
						<ele>10</ele>
						<time>2026-05-01T16:46:45Z</time>
					</trkpt>
					<trkpt lat="47.304070" lon="-1.535050">
						<ele>11</ele>
						<time>2026-05-01T16:46:56Z</time>
					</trkpt>
					<trkpt lat="47.303990" lon="-1.535020">
						<ele>11</ele>
						<time>2026-05-01T16:47:07Z</time>
					</trkpt>
					<trkpt lat="47.303920" lon="-1.534960">
						<ele>11</ele>
						<time>2026-05-01T16:47:18Z</time>
					</trkpt>
					<trkpt lat="47.303770" lon="-1.534710">
						<ele>12</ele>
						<time>2026-05-01T16:47:48Z</time>
					</trkpt>
					<trkpt lat="47.303770" lon="-1.534470">
						<ele>12</ele>
						<time>2026-05-01T16:48:10Z</time>
					</trkpt>
					<trkpt lat="47.303430" lon="-1.533610">
						<ele>13</ele>
						<time>2026-05-01T16:49:40Z</time>
					</trkpt>
					<trkpt lat="47.303280" lon="-1.533310">
						<ele>12</ele>
						<time>2026-05-01T16:50:14Z</time>
					</trkpt>
					<trkpt lat="47.303130" lon="-1.533090">
						<ele>11</ele>
						<time>2026-05-01T16:50:42Z</time>
					</trkpt>
					<trkpt lat="47.302890" lon="-1.533020">
						<ele>12</ele>
						<time>2026-05-01T16:51:15Z</time>
					</trkpt>
					<trkpt lat="47.302800" lon="-1.532880">
						<ele>11</ele>
						<time>2026-05-01T16:51:32Z</time>
					</trkpt>
					<trkpt lat="47.302670" lon="-1.532470">
						<ele>9</ele>
						<time>2026-05-01T16:52:13Z</time>
					</trkpt>
					<trkpt lat="47.302500" lon="-1.532290">
						<ele>9</ele>
						<time>2026-05-01T16:52:41Z</time>
					</trkpt>
					<trkpt lat="47.302100" lon="-1.532160">
						<ele>10</ele>
						<time>2026-05-01T16:53:36Z</time>
					</trkpt>
					<trkpt lat="47.301870" lon="-1.532140">
						<ele>11</ele>
						<time>2026-05-01T16:54:06Z</time>
					</trkpt>
					<trkpt lat="47.300900" lon="-1.531850">
						<ele>12</ele>
						<time>2026-05-01T16:56:18Z</time>
					</trkpt>
					<trkpt lat="47.300310" lon="-1.531790">
						<ele>10</ele>
						<time>2026-05-01T16:57:37Z</time>
					</trkpt>
					<trkpt lat="47.299810" lon="-1.531960">
						<ele>9</ele>
						<time>2026-05-01T16:58:46Z</time>
					</trkpt>
					<trkpt lat="47.299680" lon="-1.532050">
						<ele>8</ele>
						<time>2026-05-01T16:59:05Z</time>
					</trkpt>
					<trkpt lat="47.299440" lon="-1.532400">
						<ele>9</ele>
						<time>2026-05-01T16:59:50Z</time>
					</trkpt>
					<trkpt lat="47.299380" lon="-1.532930">
						<ele>11</ele>
						<time>2026-05-01T17:00:39Z</time>
					</trkpt>
					<trkpt lat="47.299310" lon="-1.533050">
						<ele>12</ele>
						<time>2026-05-01T17:00:53Z</time>
					</trkpt>
					<trkpt lat="47.299070" lon="-1.533170">
						<ele>11</ele>
						<time>2026-05-01T17:01:27Z</time>
					</trkpt>
					<trkpt lat="47.299030" lon="-1.533140">
						<ele>10</ele>
						<time>2026-05-01T17:01:33Z</time>
					</trkpt>
					<trkpt lat="47.298900" lon="-1.532930">
						<ele>9</ele>
						<time>2026-05-01T17:01:59Z</time>
					</trkpt>
					<trkpt lat="47.298840" lon="-1.532880">
						<ele>8</ele>
						<time>2026-05-01T17:02:08Z</time>
					</trkpt>
					<trkpt lat="47.298770" lon="-1.532860">
						<ele>8</ele>
						<time>2026-05-01T17:02:17Z</time>
					</trkpt>
					<trkpt lat="47.298710" lon="-1.532880">
						<ele>8</ele>
						<time>2026-05-01T17:02:25Z</time>
					</trkpt>
					<trkpt lat="47.298470" lon="-1.532990">
						<ele>7</ele>
						<time>2026-05-01T17:02:59Z</time>
					</trkpt>
					<trkpt lat="47.298050" lon="-1.533290">
						<ele>8</ele>
						<time>2026-05-01T17:04:01Z</time>
					</trkpt>
					<trkpt lat="47.298010" lon="-1.533420">
						<ele>8</ele>
						<time>2026-05-01T17:04:14Z</time>
					</trkpt>
					<trkpt lat="47.298000" lon="-1.533710">
						<ele>9</ele>
						<time>2026-05-01T17:04:40Z</time>
					</trkpt>
					<trkpt lat="47.297960" lon="-1.533760">
						<ele>8</ele>
						<time>2026-05-01T17:04:47Z</time>
					</trkpt>
					<trkpt lat="47.297840" lon="-1.533740">
						<ele>8</ele>
						<time>2026-05-01T17:05:04Z</time>
					</trkpt>
					<trkpt lat="47.297830" lon="-1.533650">
						<ele>8</ele>
						<time>2026-05-01T17:05:12Z</time>
					</trkpt>
					<trkpt lat="47.297780" lon="-1.533610">
						<ele>8</ele>
						<time>2026-05-01T17:05:19Z</time>
					</trkpt>
					<trkpt lat="47.297590" lon="-1.533610">
						<ele>7</ele>
						<time>2026-05-01T17:05:45Z</time>
					</trkpt>
					<trkpt lat="47.297420" lon="-1.533690">
						<ele>6</ele>
						<time>2026-05-01T17:06:09Z</time>
					</trkpt>
					<trkpt lat="47.297030" lon="-1.533940">
						<ele>5</ele>
						<time>2026-05-01T17:07:05Z</time>
					</trkpt>
					<trkpt lat="47.296850" lon="-1.534010">
						<ele>4</ele>
						<time>2026-05-01T17:07:30Z</time>
					</trkpt>
					<trkpt lat="47.296710" lon="-1.534110">
						<ele>4</ele>
						<time>2026-05-01T17:07:51Z</time>
					</trkpt>
					<trkpt lat="47.296480" lon="-1.534340">
						<ele>5</ele>
						<time>2026-05-01T17:08:28Z</time>
					</trkpt>
					<trkpt lat="47.296240" lon="-1.534680">
						<ele>6</ele>
						<time>2026-05-01T17:09:12Z</time>
					</trkpt>
					<trkpt lat="47.296140" lon="-1.534910">
						<ele>7</ele>
						<time>2026-05-01T17:09:37Z</time>
					</trkpt>
					<trkpt lat="47.295990" lon="-1.535480">
						<ele>9</ele>
						<time>2026-05-01T17:10:33Z</time>
					</trkpt>
					<trkpt lat="47.295780" lon="-1.536060">
						<ele>10</ele>
						<time>2026-05-01T17:11:32Z</time>
					</trkpt>
					<trkpt lat="47.295640" lon="-1.536340">
						<ele>11</ele>
						<time>2026-05-01T17:12:04Z</time>
					</trkpt>
					<trkpt lat="47.295460" lon="-1.536570">
						<ele>10</ele>
						<time>2026-05-01T17:12:35Z</time>
					</trkpt>
					<trkpt lat="47.295260" lon="-1.536720">
						<ele>10</ele>
						<time>2026-05-01T17:13:05Z</time>
					</trkpt>
					<trkpt lat="47.295000" lon="-1.536820">
						<ele>8</ele>
						<time>2026-05-01T17:13:41Z</time>
					</trkpt>
					<trkpt lat="47.294790" lon="-1.536870">
						<ele>8</ele>
						<time>2026-05-01T17:14:09Z</time>
					</trkpt>
					<trkpt lat="47.294620" lon="-1.536870">
						<ele>8</ele>
						<time>2026-05-01T17:14:32Z</time>
					</trkpt>
					<trkpt lat="47.294410" lon="-1.537000">
						<ele>8</ele>
						<time>2026-05-01T17:15:03Z</time>
					</trkpt>
					<trkpt lat="47.294340" lon="-1.537120">
						<ele>7</ele>
						<time>2026-05-01T17:15:17Z</time>
					</trkpt>
					<trkpt lat="47.294280" lon="-1.537300">
						<ele>7</ele>
						<time>2026-05-01T17:15:35Z</time>
					</trkpt>
					<trkpt lat="47.294170" lon="-1.538350">
						<ele>8</ele>
						<time>2026-05-01T17:17:11Z</time>
					</trkpt>
					<trkpt lat="47.294130" lon="-1.539300">
						<ele>10</ele>
						<time>2026-05-01T17:18:37Z</time>
					</trkpt>
					<trkpt lat="47.294140" lon="-1.539540">
						<ele>10</ele>
						<time>2026-05-01T17:18:59Z</time>
					</trkpt>
					<trkpt lat="47.294100" lon="-1.539660">
						<ele>9</ele>
						<time>2026-05-01T17:19:11Z</time>
					</trkpt>
					<trkpt lat="47.293830" lon="-1.540020">
						<ele>9</ele>
						<time>2026-05-01T17:20:00Z</time>
					</trkpt>
					<trkpt lat="47.293680" lon="-1.539670">
						<ele>10</ele>
						<time>2026-05-01T17:20:37Z</time>
					</trkpt>
					<trkpt lat="47.293680" lon="-1.539110">
						<ele>9</ele>
						<time>2026-05-01T17:21:28Z</time>
					</trkpt>
					<trkpt lat="47.293600" lon="-1.538180">
						<ele>7</ele>
						<time>2026-05-01T17:22:53Z</time>
					</trkpt>
					<trkpt lat="47.293580" lon="-1.537500">
						<ele>7</ele>
						<time>2026-05-01T17:23:54Z</time>
					</trkpt>
					<trkpt lat="47.293450" lon="-1.537390">
						<ele>7</ele>
						<time>2026-05-01T17:24:14Z</time>
					</trkpt>
					<trkpt lat="47.293390" lon="-1.537200">
						<ele>7</ele>
						<time>2026-05-01T17:24:33Z</time>
					</trkpt>
					<trkpt lat="47.293270" lon="-1.537090">
						<ele>7</ele>
						<time>2026-05-01T17:24:52Z</time>
					</trkpt>
					<trkpt lat="47.293200" lon="-1.536990">
						<ele>7</ele>
						<time>2026-05-01T17:25:05Z</time>
					</trkpt>
					<trkpt lat="47.293140" lon="-1.537010">
						<ele>7</ele>
						<time>2026-05-01T17:25:13Z</time>
					</trkpt>
					<trkpt lat="47.292950" lon="-1.537170">
						<ele>8</ele>
						<time>2026-05-01T17:25:43Z</time>
					</trkpt>
					<trkpt lat="47.292900" lon="-1.537170">
						<ele>8</ele>
						<time>2026-05-01T17:25:49Z</time>
					</trkpt>
					<trkpt lat="47.292810" lon="-1.536960">
						<ele>8</ele>
						<time>2026-05-01T17:26:12Z</time>
					</trkpt>
					<trkpt lat="47.292670" lon="-1.536800">
						<ele>7</ele>
						<time>2026-05-01T17:26:35Z</time>
					</trkpt>
					<trkpt lat="47.292090" lon="-1.536260">
						<ele>9</ele>
						<time>2026-05-01T17:28:07Z</time>
					</trkpt>
					<trkpt lat="47.291860" lon="-1.536070">
						<ele>10</ele>
						<time>2026-05-01T17:28:42Z</time>
					</trkpt>
					<trkpt lat="47.291770" lon="-1.536030">
						<ele>11</ele>
						<time>2026-05-01T17:28:55Z</time>
					</trkpt>
					<trkpt lat="47.291580" lon="-1.535830">
						<ele>10</ele>
						<time>2026-05-01T17:29:26Z</time>
					</trkpt>
					<trkpt lat="47.291440" lon="-1.535630">
						<ele>10</ele>
						<time>2026-05-01T17:29:52Z</time>
					</trkpt>
					<trkpt lat="47.291270" lon="-1.535280">
						<ele>9</ele>
						<time>2026-05-01T17:30:31Z</time>
					</trkpt>
					<trkpt lat="47.290810" lon="-1.534720">
						<ele>10</ele>
						<time>2026-05-01T17:31:50Z</time>
					</trkpt>
					<trkpt lat="47.290530" lon="-1.534450">
						<ele>10</ele>
						<time>2026-05-01T17:32:35Z</time>
					</trkpt>
					<trkpt lat="47.290140" lon="-1.534250">
						<ele>12</ele>
						<time>2026-05-01T17:33:30Z</time>
					</trkpt>
					<trkpt lat="47.289890" lon="-1.533990">
						<ele>11</ele>
						<time>2026-05-01T17:34:11Z</time>
					</trkpt>
					<trkpt lat="47.288790" lon="-1.533110">
						<ele>9</ele>
						<time>2026-05-01T17:36:58Z</time>
					</trkpt>
					<trkpt lat="47.288680" lon="-1.533050">
						<ele>9</ele>
						<time>2026-05-01T17:37:14Z</time>
					</trkpt>
					<trkpt lat="47.288620" lon="-1.533040">
						<ele>9</ele>
						<time>2026-05-01T17:37:22Z</time>
					</trkpt>
					<trkpt lat="47.288480" lon="-1.533360">
						<ele>11</ele>
						<time>2026-05-01T17:37:56Z</time>
					</trkpt>
					<trkpt lat="47.288440" lon="-1.533380">
						<ele>11</ele>
						<time>2026-05-01T17:38:02Z</time>
					</trkpt>
					<trkpt lat="47.288230" lon="-1.533240">
						<ele>11</ele>
						<time>2026-05-01T17:38:33Z</time>
					</trkpt>
					<trkpt lat="47.288180" lon="-1.533270">
						<ele>11</ele>
						<time>2026-05-01T17:38:40Z</time>
					</trkpt>
					<trkpt lat="47.287250" lon="-1.534130">
						<ele>17</ele>
						<time>2026-05-01T17:41:06Z</time>
					</trkpt>
					<trkpt lat="47.287110" lon="-1.534220">
						<ele>18</ele>
						<time>2026-05-01T17:41:27Z</time>
					</trkpt>
					<trkpt lat="47.286630" lon="-1.534390">
						<ele>20</ele>
						<time>2026-05-01T17:42:33Z</time>
					</trkpt>
					<trkpt lat="47.286400" lon="-1.534430">
						<ele>20</ele>
						<time>2026-05-01T17:43:03Z</time>
					</trkpt>
					<trkpt lat="47.286130" lon="-1.534440">
						<ele>20</ele>
						<time>2026-05-01T17:43:40Z</time>
					</trkpt>
					<trkpt lat="47.285880" lon="-1.534560">
						<ele>20</ele>
						<time>2026-05-01T17:44:15Z</time>
					</trkpt>
					<trkpt lat="47.285780" lon="-1.534660">
						<ele>20</ele>
						<time>2026-05-01T17:44:31Z</time>
					</trkpt>
					<trkpt lat="47.285690" lon="-1.534790">
						<ele>19</ele>
						<time>2026-05-01T17:44:48Z</time>
					</trkpt>
					<trkpt lat="47.285450" lon="-1.535400">
						<ele>19</ele>
						<time>2026-05-01T17:45:51Z</time>
					</trkpt>
					<trkpt lat="47.285190" lon="-1.535630">
						<ele>21</ele>
						<time>2026-05-01T17:46:32Z</time>
					</trkpt>
					<trkpt lat="47.285090" lon="-1.535800">
						<ele>22</ele>
						<time>2026-05-01T17:46:52Z</time>
					</trkpt>
					<trkpt lat="47.284740" lon="-1.537020">
						<ele>24</ele>
						<time>2026-05-01T17:48:52Z</time>
					</trkpt>
					<trkpt lat="47.283550" lon="-1.536170">
						<ele>30</ele>
						<time>2026-05-01T17:51:49Z</time>
					</trkpt>
					<trkpt lat="47.283450" lon="-1.536120">
						<ele>30</ele>
						<time>2026-05-01T17:52:03Z</time>
					</trkpt>
					<trkpt lat="47.283360" lon="-1.536110">
						<ele>31</ele>
						<time>2026-05-01T17:52:15Z</time>
					</trkpt>
					<trkpt lat="47.283370" lon="-1.536060">
						<ele>31</ele>
						<time>2026-05-01T17:52:19Z</time>
					</trkpt>
					<trkpt lat="47.283220" lon="-1.536090">
						<ele>31</ele>
						<time>2026-05-01T17:52:40Z</time>
					</trkpt>
					<trkpt lat="47.283120" lon="-1.536160">
						<ele>31</ele>
						<time>2026-05-01T17:52:54Z</time>
					</trkpt>
					<trkpt lat="47.282730" lon="-1.536490">
						<ele>31</ele>
						<time>2026-05-01T17:53:54Z</time>
					</trkpt>
					<trkpt lat="47.282150" lon="-1.537060">
						<ele>30</ele>
						<time>2026-05-01T17:55:27Z</time>
					</trkpt>
					<trkpt lat="47.282020" lon="-1.537160">
						<ele>30</ele>
						<time>2026-05-01T17:55:47Z</time>
					</trkpt>
					<trkpt lat="47.281940" lon="-1.537170">
						<ele>29</ele>
						<time>2026-05-01T17:55:58Z</time>
					</trkpt>
					<trkpt lat="47.281860" lon="-1.537220">
						<ele>29</ele>
						<time>2026-05-01T17:56:09Z</time>
					</trkpt>
					<trkpt lat="47.281760" lon="-1.537400">
						<ele>29</ele>
						<time>2026-05-01T17:56:30Z</time>
					</trkpt>
					<trkpt lat="47.281520" lon="-1.537620">
						<ele>28</ele>
						<time>2026-05-01T17:57:08Z</time>
					</trkpt>
					<trkpt lat="47.281440" lon="-1.537660">
						<ele>27</ele>
						<time>2026-05-01T17:57:19Z</time>
					</trkpt>
					<trkpt lat="47.281400" lon="-1.537660">
						<ele>27</ele>
						<time>2026-05-01T17:57:25Z</time>
					</trkpt>
					<trkpt lat="47.281360" lon="-1.537620">
						<ele>26</ele>
						<time>2026-05-01T17:57:31Z</time>
					</trkpt>
					<trkpt lat="47.281340" lon="-1.537660">
						<ele>26</ele>
						<time>2026-05-01T17:57:36Z</time>
					</trkpt>
					<trkpt lat="47.280660" lon="-1.537020">
						<ele>22</ele>
						<time>2026-05-01T17:59:23Z</time>
					</trkpt>
					<trkpt lat="47.280520" lon="-1.536970">
						<ele>22</ele>
						<time>2026-05-01T17:59:43Z</time>
					</trkpt>
					<trkpt lat="47.280320" lon="-1.536980">
						<ele>22</ele>
						<time>2026-05-01T18:00:09Z</time>
					</trkpt>
					<trkpt lat="47.279700" lon="-1.537090">
						<ele>21</ele>
						<time>2026-05-01T18:01:33Z</time>
					</trkpt>
					<trkpt lat="47.279330" lon="-1.537120">
						<ele>21</ele>
						<time>2026-05-01T18:02:22Z</time>
					</trkpt>
					<trkpt lat="47.278420" lon="-1.537020">
						<ele>18</ele>
						<time>2026-05-01T18:04:24Z</time>
					</trkpt>
					<trkpt lat="47.278230" lon="-1.536950">
						<ele>18</ele>
						<time>2026-05-01T18:04:50Z</time>
					</trkpt>
					<trkpt lat="47.278150" lon="-1.536890">
						<ele>17</ele>
						<time>2026-05-01T18:05:02Z</time>
					</trkpt>
					<trkpt lat="47.278010" lon="-1.536910">
						<ele>17</ele>
						<time>2026-05-01T18:05:21Z</time>
					</trkpt>
					<trkpt lat="47.277880" lon="-1.536870">
						<ele>16</ele>
						<time>2026-05-01T18:05:38Z</time>
					</trkpt>
					<trkpt lat="47.277760" lon="-1.536780">
						<ele>16</ele>
						<time>2026-05-01T18:05:56Z</time>
					</trkpt>
					<trkpt lat="47.277540" lon="-1.536520">
						<ele>16</ele>
						<time>2026-05-01T18:06:34Z</time>
					</trkpt>
					<trkpt lat="47.277450" lon="-1.536370">
						<ele>16</ele>
						<time>2026-05-01T18:06:52Z</time>
					</trkpt>
					<trkpt lat="47.277340" lon="-1.536090">
						<ele>17</ele>
						<time>2026-05-01T18:07:21Z</time>
					</trkpt>
					<trkpt lat="47.277260" lon="-1.535730">
						<ele>18</ele>
						<time>2026-05-01T18:07:56Z</time>
					</trkpt>
					<trkpt lat="47.277150" lon="-1.535640">
						<ele>18</ele>
						<time>2026-05-01T18:08:13Z</time>
					</trkpt>
					<trkpt lat="47.276810" lon="-1.535710">
						<ele>19</ele>
						<time>2026-05-01T18:08:58Z</time>
					</trkpt>
					<trkpt lat="47.276610" lon="-1.535620">
						<ele>19</ele>
						<time>2026-05-01T18:09:26Z</time>
					</trkpt>
					<trkpt lat="47.276520" lon="-1.535530">
						<ele>20</ele>
						<time>2026-05-01T18:09:41Z</time>
					</trkpt>
					<trkpt lat="47.276460" lon="-1.535280">
						<ele>20</ele>
						<time>2026-05-01T18:10:05Z</time>
					</trkpt>
					<trkpt lat="47.276440" lon="-1.534880">
						<ele>20</ele>
						<time>2026-05-01T18:10:41Z</time>
					</trkpt>
					<trkpt lat="47.276370" lon="-1.534460">
						<ele>19</ele>
						<time>2026-05-01T18:11:20Z</time>
					</trkpt>
					<trkpt lat="47.276340" lon="-1.534050">
						<ele>18</ele>
						<time>2026-05-01T18:11:58Z</time>
					</trkpt>
					<trkpt lat="47.276200" lon="-1.533210">
						<ele>19</ele>
						<time>2026-05-01T18:13:16Z</time>
					</trkpt>
					<trkpt lat="47.276240" lon="-1.532580">
						<ele>19</ele>
						<time>2026-05-01T18:14:13Z</time>
					</trkpt>
					<trkpt lat="47.276230" lon="-1.532250">
						<ele>19</ele>
						<time>2026-05-01T18:14:43Z</time>
					</trkpt>
					<trkpt lat="47.276020" lon="-1.531550">
						<ele>17</ele>
						<time>2026-05-01T18:15:52Z</time>
					</trkpt>
					<trkpt lat="47.275950" lon="-1.531040">
						<ele>13</ele>
						<time>2026-05-01T18:16:39Z</time>
					</trkpt>
					<trkpt lat="47.275880" lon="-1.530720">
						<ele>10</ele>
						<time>2026-05-01T18:17:10Z</time>
					</trkpt>
					<trkpt lat="47.275760" lon="-1.530570">
						<ele>8</ele>
						<time>2026-05-01T18:17:31Z</time>
					</trkpt>
					<trkpt lat="47.275630" lon="-1.530560">
						<ele>8</ele>
						<time>2026-05-01T18:17:48Z</time>
					</trkpt>
					<trkpt lat="47.275530" lon="-1.530580">
						<ele>7</ele>
						<time>2026-05-01T18:18:02Z</time>
					</trkpt>
					<trkpt lat="47.275110" lon="-1.530850">
						<ele>7</ele>
						<time>2026-05-01T18:19:03Z</time>
					</trkpt>
					<trkpt lat="47.274860" lon="-1.531070">
						<ele>8</ele>
						<time>2026-05-01T18:19:42Z</time>
					</trkpt>
					<trkpt lat="47.274660" lon="-1.531150">
						<ele>9</ele>
						<time>2026-05-01T18:20:09Z</time>
					</trkpt>
					<trkpt lat="47.274480" lon="-1.531270">
						<ele>11</ele>
						<time>2026-05-01T18:20:36Z</time>
					</trkpt>
					<trkpt lat="47.274160" lon="-1.531720">
						<ele>15</ele>
						<time>2026-05-01T18:21:35Z</time>
					</trkpt>
					<trkpt lat="47.273880" lon="-1.531900">
						<ele>14</ele>
						<time>2026-05-01T18:22:16Z</time>
					</trkpt>
					<trkpt lat="47.273750" lon="-1.532090">
						<ele>14</ele>
						<time>2026-05-01T18:22:40Z</time>
					</trkpt>
					<trkpt lat="47.273690" lon="-1.532290">
						<ele>15</ele>
						<time>2026-05-01T18:23:00Z</time>
					</trkpt>
					<trkpt lat="47.273480" lon="-1.532550">
						<ele>15</ele>
						<time>2026-05-01T18:23:36Z</time>
					</trkpt>
					<trkpt lat="47.273340" lon="-1.532870">
						<ele>15</ele>
						<time>2026-05-01T18:24:11Z</time>
					</trkpt>
					<trkpt lat="47.272990" lon="-1.532960">
						<ele>11</ele>
						<time>2026-05-01T18:24:58Z</time>
					</trkpt>
					<trkpt lat="47.272770" lon="-1.533160">
						<ele>9</ele>
						<time>2026-05-01T18:25:33Z</time>
					</trkpt>
					<trkpt lat="47.272680" lon="-1.533300">
						<ele>9</ele>
						<time>2026-05-01T18:25:50Z</time>
					</trkpt>
					<trkpt lat="47.272640" lon="-1.533540">
						<ele>10</ele>
						<time>2026-05-01T18:26:13Z</time>
					</trkpt>
					<trkpt lat="47.272440" lon="-1.533730">
						<ele>10</ele>
						<time>2026-05-01T18:26:44Z</time>
					</trkpt>
					<trkpt lat="47.272140" lon="-1.534140">
						<ele>10</ele>
						<time>2026-05-01T18:27:39Z</time>
					</trkpt>
					<trkpt lat="47.272080" lon="-1.534180">
						<ele>9</ele>
						<time>2026-05-01T18:27:48Z</time>
					</trkpt>
					<trkpt lat="47.271520" lon="-1.534790">
						<ele>6</ele>
						<time>2026-05-01T18:29:21Z</time>
					</trkpt>
					<trkpt lat="47.271120" lon="-1.535330">
						<ele>8</ele>
						<time>2026-05-01T18:30:33Z</time>
					</trkpt>
					<trkpt lat="47.271050" lon="-1.535480">
						<ele>9</ele>
						<time>2026-05-01T18:30:50Z</time>
					</trkpt>
					<trkpt lat="47.271030" lon="-1.535630">
						<ele>11</ele>
						<time>2026-05-01T18:31:03Z</time>
					</trkpt>
					<trkpt lat="47.271080" lon="-1.535760">
						<ele>12</ele>
						<time>2026-05-01T18:31:17Z</time>
					</trkpt>
					<trkpt lat="47.271100" lon="-1.535900">
						<ele>12</ele>
						<time>2026-05-01T18:31:30Z</time>
					</trkpt>
					<trkpt lat="47.271000" lon="-1.536040">
						<ele>12</ele>
						<time>2026-05-01T18:31:48Z</time>
					</trkpt>
					<trkpt lat="47.271010" lon="-1.536160">
						<ele>12</ele>
						<time>2026-05-01T18:31:59Z</time>
					</trkpt>
					<trkpt lat="47.270990" lon="-1.536270">
						<ele>11</ele>
						<time>2026-05-01T18:32:10Z</time>
					</trkpt>
					<trkpt lat="47.270760" lon="-1.536380">
						<ele>10</ele>
						<time>2026-05-01T18:32:42Z</time>
					</trkpt>
					<trkpt lat="47.270550" lon="-1.536430">
						<ele>8</ele>
						<time>2026-05-01T18:33:10Z</time>
					</trkpt>
					<trkpt lat="47.270430" lon="-1.536510">
						<ele>8</ele>
						<time>2026-05-01T18:33:28Z</time>
					</trkpt>
					<trkpt lat="47.270270" lon="-1.536670">
						<ele>7</ele>
						<time>2026-05-01T18:33:54Z</time>
					</trkpt>
					<trkpt lat="47.270160" lon="-1.536870">
						<ele>7</ele>
						<time>2026-05-01T18:34:17Z</time>
					</trkpt>
					<trkpt lat="47.270040" lon="-1.537610">
						<ele>7</ele>
						<time>2026-05-01T18:35:26Z</time>
					</trkpt>
					<trkpt lat="47.270180" lon="-1.538440">
						<ele>13</ele>
						<time>2026-05-01T18:36:43Z</time>
					</trkpt>
					<trkpt lat="47.270170" lon="-1.538570">
						<ele>14</ele>
						<time>2026-05-01T18:36:55Z</time>
					</trkpt>
					<trkpt lat="47.270060" lon="-1.538660">
						<ele>14</ele>
						<time>2026-05-01T18:37:12Z</time>
					</trkpt>
					<trkpt lat="47.269970" lon="-1.538660">
						<ele>14</ele>
						<time>2026-05-01T18:37:24Z</time>
					</trkpt>
					<trkpt lat="47.269650" lon="-1.538420">
						<ele>13</ele>
						<time>2026-05-01T18:38:12Z</time>
					</trkpt>
					<trkpt lat="47.269500" lon="-1.538360">
						<ele>12</ele>
						<time>2026-05-01T18:38:33Z</time>
					</trkpt>
					<trkpt lat="47.269380" lon="-1.538360">
						<ele>13</ele>
						<time>2026-05-01T18:38:49Z</time>
					</trkpt>
					<trkpt lat="47.269280" lon="-1.538400">
						<ele>13</ele>
						<time>2026-05-01T18:39:02Z</time>
					</trkpt>
					<trkpt lat="47.269150" lon="-1.538410">
						<ele>14</ele>
						<time>2026-05-01T18:39:20Z</time>
					</trkpt>
					<trkpt lat="47.268720" lon="-1.538540">
						<ele>13</ele>
						<time>2026-05-01T18:40:18Z</time>
					</trkpt>
					<trkpt lat="47.267850" lon="-1.538650">
						<ele>11</ele>
						<time>2026-05-01T18:42:15Z</time>
					</trkpt>
					<trkpt lat="47.267720" lon="-1.538700">
						<ele>10</ele>
						<time>2026-05-01T18:42:33Z</time>
					</trkpt>
					<trkpt lat="47.267610" lon="-1.538800">
						<ele>10</ele>
						<time>2026-05-01T18:42:50Z</time>
					</trkpt>
					<trkpt lat="47.267500" lon="-1.539050">
						<ele>11</ele>
						<time>2026-05-01T18:43:17Z</time>
					</trkpt>
					<trkpt lat="47.267440" lon="-1.539130">
						<ele>11</ele>
						<time>2026-05-01T18:43:28Z</time>
					</trkpt>
					<trkpt lat="47.267370" lon="-1.539150">
						<ele>11</ele>
						<time>2026-05-01T18:43:37Z</time>
					</trkpt>
					<trkpt lat="47.266990" lon="-1.539140">
						<ele>10</ele>
						<time>2026-05-01T18:44:28Z</time>
					</trkpt>
					<trkpt lat="47.266230" lon="-1.539230">
						<ele>10</ele>
						<time>2026-05-01T18:46:10Z</time>
					</trkpt>
					<trkpt lat="47.266110" lon="-1.539250">
						<ele>9</ele>
						<time>2026-05-01T18:46:26Z</time>
					</trkpt>
					<trkpt lat="47.265960" lon="-1.539350">
						<ele>10</ele>
						<time>2026-05-01T18:46:48Z</time>
					</trkpt>
					<trkpt lat="47.265910" lon="-1.539430">
						<ele>10</ele>
						<time>2026-05-01T18:46:58Z</time>
					</trkpt>
					<trkpt lat="47.265830" lon="-1.539730">
						<ele>11</ele>
						<time>2026-05-01T18:47:27Z</time>
					</trkpt>
					<trkpt lat="47.265710" lon="-1.539900">
						<ele>11</ele>
						<time>2026-05-01T18:47:49Z</time>
					</trkpt>
					<trkpt lat="47.265660" lon="-1.540080">
						<ele>12</ele>
						<time>2026-05-01T18:48:07Z</time>
					</trkpt>
					<trkpt lat="47.265620" lon="-1.540140">
						<ele>12</ele>
						<time>2026-05-01T18:48:14Z</time>
					</trkpt>
					<trkpt lat="47.265400" lon="-1.539940">
						<ele>9</ele>
						<time>2026-05-01T18:48:49Z</time>
					</trkpt>
					<trkpt lat="47.264950" lon="-1.539780">
						<ele>5</ele>
						<time>2026-05-01T18:49:51Z</time>
					</trkpt>
					<trkpt lat="47.264530" lon="-1.540020">
						<ele>6</ele>
						<time>2026-05-01T18:50:51Z</time>
					</trkpt>
					<trkpt lat="47.264430" lon="-1.540020">
						<ele>6</ele>
						<time>2026-05-01T18:51:04Z</time>
					</trkpt>
					<trkpt lat="47.264160" lon="-1.539940">
						<ele>6</ele>
						<time>2026-05-01T18:51:41Z</time>
					</trkpt>
					<trkpt lat="47.264140" lon="-1.539970">
						<ele>6</ele>
						<time>2026-05-01T18:51:45Z</time>
					</trkpt>
					<trkpt lat="47.263930" lon="-1.539950">
						<ele>7</ele>
						<time>2026-05-01T18:52:13Z</time>
					</trkpt>
					<trkpt lat="47.263510" lon="-1.539820">
						<ele>8</ele>
						<time>2026-05-01T18:53:10Z</time>
					</trkpt>
					<trkpt lat="47.263020" lon="-1.539540">
						<ele>10</ele>
						<time>2026-05-01T18:54:20Z</time>
					</trkpt>
					<trkpt lat="47.262530" lon="-1.539050">
						<ele>12</ele>
						<time>2026-05-01T18:55:39Z</time>
					</trkpt>
					<trkpt lat="47.261980" lon="-1.538570">
						<ele>11</ele>
						<time>2026-05-01T18:57:04Z</time>
					</trkpt>
					<trkpt lat="47.261670" lon="-1.538430">
						<ele>10</ele>
						<time>2026-05-01T18:57:48Z</time>
					</trkpt>
					<trkpt lat="47.261380" lon="-1.538350">
						<ele>8</ele>
						<time>2026-05-01T18:58:27Z</time>
					</trkpt>
					<trkpt lat="47.260700" lon="-1.538450">
						<ele>6</ele>
						<time>2026-05-01T18:59:58Z</time>
					</trkpt>
					<trkpt lat="47.260140" lon="-1.538420">
						<ele>6</ele>
						<time>2026-05-01T19:01:13Z</time>
					</trkpt>
					<trkpt lat="47.259700" lon="-1.538560">
						<ele>6</ele>
						<time>2026-05-01T19:02:13Z</time>
					</trkpt>
					<trkpt lat="47.259210" lon="-1.538940">
						<ele>8</ele>
						<time>2026-05-01T19:03:27Z</time>
					</trkpt>
					<trkpt lat="47.258600" lon="-1.539370">
						<ele>9</ele>
						<time>2026-05-01T19:04:57Z</time>
					</trkpt>
					<trkpt lat="47.257750" lon="-1.539660">
						<ele>10</ele>
						<time>2026-05-01T19:06:54Z</time>
					</trkpt>
					<trkpt lat="47.257630" lon="-1.539680">
						<ele>10</ele>
						<time>2026-05-01T19:07:10Z</time>
					</trkpt>
					<trkpt lat="47.257550" lon="-1.539650">
						<ele>10</ele>
						<time>2026-05-01T19:07:21Z</time>
					</trkpt>
					<trkpt lat="47.257400" lon="-1.539490">
						<ele>9</ele>
						<time>2026-05-01T19:07:46Z</time>
					</trkpt>
					<trkpt lat="47.257240" lon="-1.539370">
						<ele>8</ele>
						<time>2026-05-01T19:08:09Z</time>
					</trkpt>
					<trkpt lat="47.257070" lon="-1.539310">
						<ele>8</ele>
						<time>2026-05-01T19:08:33Z</time>
					</trkpt>
					<trkpt lat="47.256870" lon="-1.539310">
						<ele>8</ele>
						<time>2026-05-01T19:09:00Z</time>
					</trkpt>
					<trkpt lat="47.256730" lon="-1.539360">
						<ele>8</ele>
						<time>2026-05-01T19:09:19Z</time>
					</trkpt>
					<trkpt lat="47.256480" lon="-1.539340">
						<ele>8</ele>
						<time>2026-05-01T19:09:52Z</time>
					</trkpt>
					<trkpt lat="47.256060" lon="-1.539520">
						<ele>9</ele>
						<time>2026-05-01T19:10:51Z</time>
					</trkpt>
					<trkpt lat="47.256000" lon="-1.539570">
						<ele>9</ele>
						<time>2026-05-01T19:11:00Z</time>
					</trkpt>
					<trkpt lat="47.255960" lon="-1.539550">
						<ele>9</ele>
						<time>2026-05-01T19:11:05Z</time>
					</trkpt>
					<trkpt lat="47.255840" lon="-1.539610">
						<ele>9</ele>
						<time>2026-05-01T19:11:22Z</time>
					</trkpt>
					<trkpt lat="47.255630" lon="-1.539790">
						<ele>10</ele>
						<time>2026-05-01T19:11:55Z</time>
					</trkpt>
					<trkpt lat="47.255130" lon="-1.540060">
						<ele>10</ele>
						<time>2026-05-01T19:13:06Z</time>
					</trkpt>
					<trkpt lat="47.255080" lon="-1.540150">
						<ele>10</ele>
						<time>2026-05-01T19:13:16Z</time>
					</trkpt>
					<trkpt lat="47.254930" lon="-1.540170">
						<ele>10</ele>
						<time>2026-05-01T19:13:36Z</time>
					</trkpt>
					<trkpt lat="47.254880" lon="-1.540050">
						<ele>9</ele>
						<time>2026-05-01T19:13:49Z</time>
					</trkpt>
					<trkpt lat="47.254730" lon="-1.540030">
						<ele>8</ele>
						<time>2026-05-01T19:14:09Z</time>
					</trkpt>
					<trkpt lat="47.253360" lon="-1.540330">
						<ele>7</ele>
						<time>2026-05-01T19:17:14Z</time>
					</trkpt>
					<trkpt lat="47.253260" lon="-1.540250">
						<ele>6</ele>
						<time>2026-05-01T19:17:29Z</time>
					</trkpt>
					<trkpt lat="47.251490" lon="-1.540700">
						<ele>4</ele>
						<time>2026-05-01T19:21:29Z</time>
					</trkpt>
					<trkpt lat="47.251310" lon="-1.540890">
						<ele>4</ele>
						<time>2026-05-01T19:21:58Z</time>
					</trkpt>
					<trkpt lat="47.251220" lon="-1.541060">
						<ele>5</ele>
						<time>2026-05-01T19:22:18Z</time>
					</trkpt>
					<trkpt lat="47.250850" lon="-1.541310">
						<ele>6</ele>
						<time>2026-05-01T19:23:12Z</time>
					</trkpt>
					<trkpt lat="47.250710" lon="-1.541440">
						<ele>7</ele>
						<time>2026-05-01T19:23:34Z</time>
					</trkpt>
					<trkpt lat="47.250000" lon="-1.542280">
						<ele>8</ele>
						<time>2026-05-01T19:25:36Z</time>
					</trkpt>
					<trkpt lat="47.250040" lon="-1.542360">
						<ele>9</ele>
						<time>2026-05-01T19:25:45Z</time>
					</trkpt>
					<trkpt lat="47.250100" lon="-1.542300">
						<ele>9</ele>
						<time>2026-05-01T19:25:55Z</time>
					</trkpt>
					<trkpt lat="47.250040" lon="-1.542360">
						<ele>9</ele>
						<time>2026-05-01T19:26:04Z</time>
					</trkpt>
					<trkpt lat="47.250000" lon="-1.542280">
						<ele>8</ele>
						<time>2026-05-01T19:26:13Z</time>
					</trkpt>
					<trkpt lat="47.249550" lon="-1.542880">
						<ele>11</ele>
						<time>2026-05-01T19:27:34Z</time>
					</trkpt>
					<trkpt lat="47.248090" lon="-1.544570">
						<ele>12</ele>
						<time>2026-05-01T19:31:42Z</time>
					</trkpt>
					<trkpt lat="47.247750" lon="-1.544910">
						<ele>10</ele>
						<time>2026-05-01T19:32:37Z</time>
					</trkpt>
					<trkpt lat="47.247500" lon="-1.545260">
						<ele>9</ele>
						<time>2026-05-01T19:33:23Z</time>
					</trkpt>
					<trkpt lat="47.247180" lon="-1.545540">
						<ele>9</ele>
						<time>2026-05-01T19:34:13Z</time>
					</trkpt>
					<trkpt lat="47.246750" lon="-1.545740">
						<ele>9</ele>
						<time>2026-05-01T19:35:13Z</time>
					</trkpt>
					<trkpt lat="47.246420" lon="-1.545920">
						<ele>10</ele>
						<time>2026-05-01T19:36:00Z</time>
					</trkpt>
					<trkpt lat="47.246320" lon="-1.546010">
						<ele>10</ele>
						<time>2026-05-01T19:36:15Z</time>
					</trkpt>
					<trkpt lat="47.246250" lon="-1.546040">
						<ele>10</ele>
						<time>2026-05-01T19:36:25Z</time>
					</trkpt>
					<trkpt lat="47.246070" lon="-1.546070">
						<ele>11</ele>
						<time>2026-05-01T19:36:49Z</time>
					</trkpt>
					<trkpt lat="47.245870" lon="-1.546070">
						<ele>11</ele>
						<time>2026-05-01T19:37:16Z</time>
					</trkpt>
					<trkpt lat="47.245640" lon="-1.546130">
						<ele>11</ele>
						<time>2026-05-01T19:37:47Z</time>
					</trkpt>
					<trkpt lat="47.245100" lon="-1.546400">
						<ele>12</ele>
						<time>2026-05-01T19:39:03Z</time>
					</trkpt>
					<trkpt lat="47.244890" lon="-1.546540">
						<ele>13</ele>
						<time>2026-05-01T19:39:34Z</time>
					</trkpt>
					<trkpt lat="47.244650" lon="-1.546750">
						<ele>15</ele>
						<time>2026-05-01T19:40:11Z</time>
					</trkpt>
					<trkpt lat="47.243680" lon="-1.547350">
						<ele>16</ele>
						<time>2026-05-01T19:42:32Z</time>
					</trkpt>
					<trkpt lat="47.243370" lon="-1.547660">
						<ele>14</ele>
						<time>2026-05-01T19:43:22Z</time>
					</trkpt>
					<trkpt lat="47.243270" lon="-1.547930">
						<ele>14</ele>
						<time>2026-05-01T19:43:49Z</time>
					</trkpt>
					<trkpt lat="47.242400" lon="-1.548260">
						<ele>11</ele>
						<time>2026-05-01T19:45:49Z</time>
					</trkpt>
					<trkpt lat="47.242200" lon="-1.548220">
						<ele>13</ele>
						<time>2026-05-01T19:46:16Z</time>
					</trkpt>
					<trkpt lat="47.241920" lon="-1.547990">
						<ele>13</ele>
						<time>2026-05-01T19:46:59Z</time>
					</trkpt>
					<trkpt lat="47.241590" lon="-1.547940">
						<ele>13</ele>
						<time>2026-05-01T19:47:43Z</time>
					</trkpt>
					<trkpt lat="47.241410" lon="-1.547950">
						<ele>13</ele>
						<time>2026-05-01T19:48:07Z</time>
					</trkpt>
					<trkpt lat="47.241150" lon="-1.548010">
						<ele>13</ele>
						<time>2026-05-01T19:48:43Z</time>
					</trkpt>
					<trkpt lat="47.240780" lon="-1.548330">
						<ele>13</ele>
						<time>2026-05-01T19:49:40Z</time>
					</trkpt>
					<trkpt lat="47.240560" lon="-1.548590">
						<ele>14</ele>
						<time>2026-05-01T19:50:17Z</time>
					</trkpt>
					<trkpt lat="47.239990" lon="-1.549400">
						<ele>16</ele>
						<time>2026-05-01T19:52:03Z</time>
					</trkpt>
					<trkpt lat="47.239390" lon="-1.550060">
						<ele>14</ele>
						<time>2026-05-01T19:53:43Z</time>
					</trkpt>
					<trkpt lat="47.239270" lon="-1.550110">
						<ele>12</ele>
						<time>2026-05-01T19:54:00Z</time>
					</trkpt>
					<trkpt lat="47.239220" lon="-1.550080">
						<ele>11</ele>
						<time>2026-05-01T19:54:07Z</time>
					</trkpt>
					<trkpt lat="47.239030" lon="-1.550110">
						<ele>10</ele>
						<time>2026-05-01T19:54:32Z</time>
					</trkpt>
					<trkpt lat="47.238870" lon="-1.550070">
						<ele>10</ele>
						<time>2026-05-01T19:54:54Z</time>
					</trkpt>
					<trkpt lat="47.238750" lon="-1.550150">
						<ele>10</ele>
						<time>2026-05-01T19:55:12Z</time>
					</trkpt>
					<trkpt lat="47.238380" lon="-1.550560">
						<ele>10</ele>
						<time>2026-05-01T19:56:13Z</time>
					</trkpt>
					<trkpt lat="47.238320" lon="-1.550590">
						<ele>10</ele>
						<time>2026-05-01T19:56:22Z</time>
					</trkpt>
					<trkpt lat="47.238160" lon="-1.550630">
						<ele>10</ele>
						<time>2026-05-01T19:56:44Z</time>
					</trkpt>
					<trkpt lat="47.237620" lon="-1.550620">
						<ele>9</ele>
						<time>2026-05-01T19:57:56Z</time>
					</trkpt>
					<trkpt lat="47.237460" lon="-1.550550">
						<ele>8</ele>
						<time>2026-05-01T19:58:18Z</time>
					</trkpt>
					<trkpt lat="47.236990" lon="-1.550580">
						<ele>7</ele>
						<time>2026-05-01T19:59:21Z</time>
					</trkpt>
					<trkpt lat="47.236850" lon="-1.550540">
						<ele>7</ele>
						<time>2026-05-01T19:59:40Z</time>
					</trkpt>
					<trkpt lat="47.236640" lon="-1.550560">
						<ele>6</ele>
						<time>2026-05-01T20:00:08Z</time>
					</trkpt>
					<trkpt lat="47.236530" lon="-1.550520">
						<ele>7</ele>
						<time>2026-05-01T20:00:23Z</time>
					</trkpt>
					<trkpt lat="47.236290" lon="-1.550490">
						<ele>8</ele>
						<time>2026-05-01T20:00:55Z</time>
					</trkpt>
					<trkpt lat="47.236110" lon="-1.550370">
						<ele>8</ele>
						<time>2026-05-01T20:01:21Z</time>
					</trkpt>
					<trkpt lat="47.235850" lon="-1.549980">
						<ele>10</ele>
						<time>2026-05-01T20:02:11Z</time>
					</trkpt>
					<trkpt lat="47.235650" lon="-1.549510">
						<ele>10</ele>
						<time>2026-05-01T20:03:01Z</time>
					</trkpt>
					<trkpt lat="47.235540" lon="-1.549550">
						<ele>10</ele>
						<time>2026-05-01T20:03:16Z</time>
					</trkpt>
					<trkpt lat="47.235120" lon="-1.549430">
						<ele>12</ele>
						<time>2026-05-01T20:04:13Z</time>
					</trkpt>
					<trkpt lat="47.235030" lon="-1.549280">
						<ele>12</ele>
						<time>2026-05-01T20:04:32Z</time>
					</trkpt>
					<trkpt lat="47.235030" lon="-1.549230">
						<ele>12</ele>
						<time>2026-05-01T20:04:36Z</time>
					</trkpt>
					<trkpt lat="47.234510" lon="-1.549080">
						<ele>11</ele>
						<time>2026-05-01T20:05:47Z</time>
					</trkpt>
					<trkpt lat="47.233440" lon="-1.548900">
						<ele>9</ele>
						<time>2026-05-01T20:08:10Z</time>
					</trkpt>
					<trkpt lat="47.232890" lon="-1.548840">
						<ele>10</ele>
						<time>2026-05-01T20:09:24Z</time>
					</trkpt>
					<trkpt lat="47.232670" lon="-1.548870">
						<ele>10</ele>
						<time>2026-05-01T20:09:54Z</time>
					</trkpt>
					<trkpt lat="47.232320" lon="-1.549010">
						<ele>11</ele>
						<time>2026-05-01T20:10:42Z</time>
					</trkpt>
					<trkpt lat="47.231920" lon="-1.549280">
						<ele>10</ele>
						<time>2026-05-01T20:11:41Z</time>
					</trkpt>
					<trkpt lat="47.231370" lon="-1.549810">
						<ele>10</ele>
						<time>2026-05-01T20:13:08Z</time>
					</trkpt>
					<trkpt lat="47.230700" lon="-1.550550">
						<ele>10</ele>
						<time>2026-05-01T20:15:00Z</time>
					</trkpt>
					<trkpt lat="47.230290" lon="-1.551040">
						<ele>9</ele>
						<time>2026-05-01T20:16:11Z</time>
					</trkpt>
					<trkpt lat="47.228640" lon="-1.553110">
						<ele>10</ele>
						<time>2026-05-01T20:21:00Z</time>
					</trkpt>
					<trkpt lat="47.228610" lon="-1.553070">
						<ele>9</ele>
						<time>2026-05-01T20:21:05Z</time>
					</trkpt>
					<trkpt lat="47.228580" lon="-1.553110">
						<ele>9</ele>
						<time>2026-05-01T20:21:11Z</time>
					</trkpt>
					<trkpt lat="47.228550" lon="-1.553110">
						<ele>9</ele>
						<time>2026-05-01T20:21:15Z</time>
					</trkpt>
					<trkpt lat="47.227940" lon="-1.552160">
						<ele>9</ele>
						<time>2026-05-01T20:23:13Z</time>
					</trkpt>
					<trkpt lat="47.227880" lon="-1.552140">
						<ele>9</ele>
						<time>2026-05-01T20:23:21Z</time>
					</trkpt>
					<trkpt lat="47.227850" lon="-1.552190">
						<ele>9</ele>
						<time>2026-05-01T20:23:27Z</time>
					</trkpt>
					<trkpt lat="47.227860" lon="-1.552210">
						<ele>9</ele>
						<time>2026-05-01T20:23:30Z</time>
					</trkpt>
					<trkpt lat="47.227740" lon="-1.552370">
						<ele>9</ele>
						<time>2026-05-01T20:23:51Z</time>
					</trkpt>
					<trkpt lat="47.227770" lon="-1.552410">
						<ele>8</ele>
						<time>2026-05-01T20:23:57Z</time>
					</trkpt>
					<trkpt lat="47.227220" lon="-1.553150">
						<ele>8</ele>
						<time>2026-05-01T20:25:36Z</time>
					</trkpt>
					<trkpt lat="47.227120" lon="-1.553250">
						<ele>9</ele>
						<time>2026-05-01T20:25:52Z</time>
					</trkpt>
					<trkpt lat="47.226950" lon="-1.553340">
						<ele>10</ele>
						<time>2026-05-01T20:26:16Z</time>
					</trkpt>
					<trkpt lat="47.226840" lon="-1.553370">
						<ele>11</ele>
						<time>2026-05-01T20:26:31Z</time>
					</trkpt>
					<trkpt lat="47.226670" lon="-1.553350">
						<ele>12</ele>
						<time>2026-05-01T20:26:54Z</time>
					</trkpt>
					<trkpt lat="47.226660" lon="-1.553440">
						<ele>12</ele>
						<time>2026-05-01T20:27:02Z</time>
					</trkpt>
					<trkpt lat="47.226240" lon="-1.553360">
						<ele>11</ele>
						<time>2026-05-01T20:27:59Z</time>
					</trkpt>
					<trkpt lat="47.226110" lon="-1.553300">
						<ele>12</ele>
						<time>2026-05-01T20:28:17Z</time>
					</trkpt>
					<trkpt lat="47.225380" lon="-1.553130">
						<ele>10</ele>
						<time>2026-05-01T20:29:56Z</time>
					</trkpt>
					<trkpt lat="47.223200" lon="-1.552710">
						<ele>6</ele>
						<time>2026-05-01T20:34:49Z</time>
					</trkpt>
					<trkpt lat="47.223180" lon="-1.552590">
						<ele>7</ele>
						<time>2026-05-01T20:35:00Z</time>
					</trkpt>
					<trkpt lat="47.223100" lon="-1.552560">
						<ele>7</ele>
						<time>2026-05-01T20:35:11Z</time>
					</trkpt>
					<trkpt lat="47.223080" lon="-1.552520">
						<ele>7</ele>
						<time>2026-05-01T20:35:16Z</time>
					</trkpt>
					<trkpt lat="47.222990" lon="-1.552550">
						<ele>8</ele>
						<time>2026-05-01T20:35:28Z</time>
					</trkpt>
					<trkpt lat="47.222960" lon="-1.552610">
						<ele>8</ele>
						<time>2026-05-01T20:35:35Z</time>
					</trkpt>
					<trkpt lat="47.222870" lon="-1.552580">
						<ele>8</ele>
						<time>2026-05-01T20:35:47Z</time>
					</trkpt>
					<trkpt lat="47.222800" lon="-1.552480">
						<ele>9</ele>
						<time>2026-05-01T20:36:00Z</time>
					</trkpt>
					<trkpt lat="47.222650" lon="-1.552390">
						<ele>10</ele>
						<time>2026-05-01T20:36:22Z</time>
					</trkpt>
					<trkpt lat="47.222550" lon="-1.552100">
						<ele>11</ele>
						<time>2026-05-01T20:36:51Z</time>
					</trkpt>
					<trkpt lat="47.222480" lon="-1.552020">
						<ele>11</ele>
						<time>2026-05-01T20:37:03Z</time>
					</trkpt>
					<trkpt lat="47.221830" lon="-1.551450">
						<ele>14</ele>
						<time>2026-05-01T20:38:44Z</time>
					</trkpt>
					<trkpt lat="47.221670" lon="-1.551340">
						<ele>15</ele>
						<time>2026-05-01T20:39:08Z</time>
					</trkpt>
					<trkpt lat="47.221630" lon="-1.551380">
						<ele>15</ele>
						<time>2026-05-01T20:39:14Z</time>
					</trkpt>
					<trkpt lat="47.221610" lon="-1.551370">
						<ele>15</ele>
						<time>2026-05-01T20:39:17Z</time>
					</trkpt>
					<trkpt lat="47.221590" lon="-1.551350">
						<ele>15</ele>
						<time>2026-05-01T20:39:20Z</time>
					</trkpt>
					<trkpt lat="47.221610" lon="-1.551310">
						<ele>15</ele>
						<time>2026-05-01T20:39:25Z</time>
					</trkpt>
					<trkpt lat="47.221570" lon="-1.551280">
						<ele>16</ele>
						<time>2026-05-01T20:39:31Z</time>
					</trkpt>
					<trkpt lat="47.221500" lon="-1.551470">
						<ele>15</ele>
						<time>2026-05-01T20:39:50Z</time>
					</trkpt>
					<trkpt lat="47.221400" lon="-1.551390">
						<ele>16</ele>
						<time>2026-05-01T20:40:05Z</time>
					</trkpt>
					<trkpt lat="47.221490" lon="-1.551160">
						<ele>17</ele>
						<time>2026-05-01T20:40:29Z</time>
					</trkpt>
					<trkpt lat="47.221440" lon="-1.551120">
						<ele>17</ele>
						<time>2026-05-01T20:40:37Z</time>
					</trkpt>
					<trkpt lat="47.221470" lon="-1.551050">
						<ele>18</ele>
						<time>2026-05-01T20:40:44Z</time>
					</trkpt>
					<trkpt lat="47.219930" lon="-1.549780">
						<ele>22</ele>
						<time>2026-05-01T20:44:40Z</time>
					</trkpt>
					<trkpt lat="47.219900" lon="-1.549800">
						<ele>22</ele>
						<time>2026-05-01T20:44:44Z</time>
					</trkpt>
					<trkpt lat="47.219940" lon="-1.549700">
						<ele>22</ele>
						<time>2026-05-01T20:44:55Z</time>
					</trkpt>
					<trkpt lat="47.219810" lon="-1.549610">
						<ele>23</ele>
						<time>2026-05-01T20:45:14Z</time>
					</trkpt>
					<trkpt lat="47.219830" lon="-1.549500">
						<ele>23</ele>
						<time>2026-05-01T20:45:24Z</time>
					</trkpt>
					<trkpt lat="47.219780" lon="-1.549470">
						<ele>23</ele>
						<time>2026-05-01T20:45:32Z</time>
					</trkpt>
					<trkpt lat="47.219740" lon="-1.549500">
						<ele>23</ele>
						<time>2026-05-01T20:45:38Z</time>
					</trkpt>
					<trkpt lat="47.219570" lon="-1.549350">
						<ele>24</ele>
						<time>2026-05-01T20:46:04Z</time>
					</trkpt>
					<trkpt lat="47.219560" lon="-1.549310">
						<ele>24</ele>
						<time>2026-05-01T20:46:08Z</time>
					</trkpt>
					<trkpt lat="47.218730" lon="-1.548640">
						<ele>24</ele>
						<time>2026-05-01T20:48:14Z</time>
					</trkpt>
					<trkpt lat="47.218700" lon="-1.548560">
						<ele>24</ele>
						<time>2026-05-01T20:48:23Z</time>
					</trkpt>
					<trkpt lat="47.218640" lon="-1.548510">
						<ele>24</ele>
						<time>2026-05-01T20:48:32Z</time>
					</trkpt>
					</trkseg>
				</trk>
			</gpx>