<?xml version="1.0" encoding="UTF-8"?>
<gpx xmlns="http://www.topografix.com/GPX/1/1" xmlns:xsi="http://www.w3.org/2001/XMLSchema-instance" version="1.1" creator="phpGPX/1.3.0" xsi:schemaLocation="http://www.topografix.com/GPX/1/1 http://www.topografix.com/GPX/1/1/gpx.xsd">
  <metadata>
    <time>2026-05-14T09:46:32+00:00</time>
  </metadata>
  <trk>
    <name>D'une Station de Trail à l'autre</name>
    <trkseg>
      <trkpt lat="48.79092" lon="1.96608">
        <ele>173</ele>
        <time>2026-05-14T09:46:33+00:00</time>
      </trkpt>
      <trkpt lat="48.79067" lon="1.96693">
        <ele>172</ele>
        <time>2026-05-14T09:46:34+00:00</time>
      </trkpt>
      <trkpt lat="48.79059" lon="1.96728">
        <ele>173</ele>
        <time>2026-05-14T09:46:35+00:00</time>
      </trkpt>
      <trkpt lat="48.79041" lon="1.96761">
        <ele>175</ele>
        <time>2026-05-14T09:46:36+00:00</time>
      </trkpt>
      <trkpt lat="48.7902" lon="1.96817">
        <ele>176</ele>
        <time>2026-05-14T09:46:37+00:00</time>
      </trkpt>
      <trkpt lat="48.79013" lon="1.96826">
        <ele>176</ele>
        <time>2026-05-14T09:46:38+00:00</time>
      </trkpt>
      <trkpt lat="48.79018" lon="1.96868">
        <ele>176</ele>
        <time>2026-05-14T09:46:39+00:00</time>
      </trkpt>
      <trkpt lat="48.79017" lon="1.9693">
        <ele>175</ele>
        <time>2026-05-14T09:46:40+00:00</time>
      </trkpt>
      <trkpt lat="48.78974" lon="1.96973">
        <ele>183</ele>
        <time>2026-05-14T09:46:41+00:00</time>
      </trkpt>
      <trkpt lat="48.78967" lon="1.97">
        <ele>185</ele>
        <time>2026-05-14T09:46:42+00:00</time>
      </trkpt>
      <trkpt lat="48.78966" lon="1.97018">
        <ele>184</ele>
        <time>2026-05-14T09:46:43+00:00</time>
      </trkpt>
      <trkpt lat="48.78951" lon="1.97023">
        <ele>187</ele>
        <time>2026-05-14T09:46:44+00:00</time>
      </trkpt>
      <trkpt lat="48.78938" lon="1.97042">
        <ele>189</ele>
        <time>2026-05-14T09:46:45+00:00</time>
      </trkpt>
      <trkpt lat="48.7894" lon="1.97068">
        <ele>186</ele>
        <time>2026-05-14T09:46:46+00:00</time>
      </trkpt>
      <trkpt lat="48.78935" lon="1.97084">
        <ele>185</ele>
        <time>2026-05-14T09:46:47+00:00</time>
      </trkpt>
      <trkpt lat="48.78916" lon="1.97105">
        <ele>189</ele>
        <time>2026-05-14T09:46:48+00:00</time>
      </trkpt>
      <trkpt lat="48.78899" lon="1.9713">
        <ele>190</ele>
        <time>2026-05-14T09:46:49+00:00</time>
      </trkpt>
      <trkpt lat="48.7886" lon="1.97134">
        <ele>193</ele>
        <time>2026-05-14T09:46:50+00:00</time>
      </trkpt>
      <trkpt lat="48.78835" lon="1.97134">
        <ele>195</ele>
        <time>2026-05-14T09:46:51+00:00</time>
      </trkpt>
      <trkpt lat="48.78811" lon="1.97151">
        <ele>191</ele>
        <time>2026-05-14T09:46:52+00:00</time>
      </trkpt>
      <trkpt lat="48.78809" lon="1.9713">
        <ele>191</ele>
        <time>2026-05-14T09:46:53+00:00</time>
      </trkpt>
      <trkpt lat="48.78838" lon="1.97068">
        <ele>198</ele>
        <time>2026-05-14T09:46:54+00:00</time>
      </trkpt>
      <trkpt lat="48.78852" lon="1.97028">
        <ele>200</ele>
        <time>2026-05-14T09:46:55+00:00</time>
      </trkpt>
      <trkpt lat="48.7886" lon="1.96986">
        <ele>203</ele>
        <time>2026-05-14T09:46:56+00:00</time>
      </trkpt>
      <trkpt lat="48.78863" lon="1.96936">
        <ele>208</ele>
        <time>2026-05-14T09:46:57+00:00</time>
      </trkpt>
      <trkpt lat="48.78852" lon="1.96854">
        <ele>213</ele>
        <time>2026-05-14T09:46:58+00:00</time>
      </trkpt>
      <trkpt lat="48.78843" lon="1.96828">
        <ele>215</ele>
        <time>2026-05-14T09:46:59+00:00</time>
      </trkpt>
      <trkpt lat="48.7883" lon="1.96804">
        <ele>214</ele>
        <time>2026-05-14T09:47:00+00:00</time>
      </trkpt>
      <trkpt lat="48.78781" lon="1.96737">
        <ele>207</ele>
        <time>2026-05-14T09:47:01+00:00</time>
      </trkpt>
      <trkpt lat="48.78719" lon="1.96643">
        <ele>198</ele>
        <time>2026-05-14T09:47:02+00:00</time>
      </trkpt>
      <trkpt lat="48.78705" lon="1.96627">
        <ele>194</ele>
        <time>2026-05-14T09:47:03+00:00</time>
      </trkpt>
      <trkpt lat="48.78699" lon="1.96611">
        <ele>191</ele>
        <time>2026-05-14T09:47:04+00:00</time>
      </trkpt>
      <trkpt lat="48.78681" lon="1.96604">
        <ele>189</ele>
        <time>2026-05-14T09:47:05+00:00</time>
      </trkpt>
      <trkpt lat="48.78663" lon="1.96592">
        <ele>186</ele>
        <time>2026-05-14T09:47:06+00:00</time>
      </trkpt>
      <trkpt lat="48.78658" lon="1.96605">
        <ele>186</ele>
        <time>2026-05-14T09:47:07+00:00</time>
      </trkpt>
      <trkpt lat="48.7859" lon="1.96605">
        <ele>177</ele>
        <time>2026-05-14T09:47:08+00:00</time>
      </trkpt>
      <trkpt lat="48.78586" lon="1.96713">
        <ele>176</ele>
        <time>2026-05-14T09:47:09+00:00</time>
      </trkpt>
      <trkpt lat="48.78594" lon="1.96745">
        <ele>177</ele>
        <time>2026-05-14T09:47:10+00:00</time>
      </trkpt>
      <trkpt lat="48.78634" lon="1.96811">
        <ele>178</ele>
        <time>2026-05-14T09:47:11+00:00</time>
      </trkpt>
      <trkpt lat="48.78656" lon="1.96857">
        <ele>178</ele>
        <time>2026-05-14T09:47:12+00:00</time>
      </trkpt>
      <trkpt lat="48.78693" lon="1.96972">
        <ele>178</ele>
        <time>2026-05-14T09:47:13+00:00</time>
      </trkpt>
      <trkpt lat="48.78716" lon="1.97065">
        <ele>179</ele>
        <time>2026-05-14T09:47:14+00:00</time>
      </trkpt>
      <trkpt lat="48.78728" lon="1.97085">
        <ele>180</ele>
        <time>2026-05-14T09:47:15+00:00</time>
      </trkpt>
      <trkpt lat="48.78716" lon="1.97145">
        <ele>176</ele>
        <time>2026-05-14T09:47:16+00:00</time>
      </trkpt>
      <trkpt lat="48.78714" lon="1.97183">
        <ele>174</ele>
        <time>2026-05-14T09:47:17+00:00</time>
      </trkpt>
      <trkpt lat="48.78717" lon="1.97208">
        <ele>174</ele>
        <time>2026-05-14T09:47:18+00:00</time>
      </trkpt>
      <trkpt lat="48.78714" lon="1.97223">
        <ele>173</ele>
        <time>2026-05-14T09:47:19+00:00</time>
      </trkpt>
      <trkpt lat="48.78719" lon="1.97236">
        <ele>173</ele>
        <time>2026-05-14T09:47:20+00:00</time>
      </trkpt>
      <trkpt lat="48.78752" lon="1.97252">
        <ele>174</ele>
        <time>2026-05-14T09:47:21+00:00</time>
      </trkpt>
      <trkpt lat="48.78768" lon="1.97268">
        <ele>176</ele>
        <time>2026-05-14T09:47:22+00:00</time>
      </trkpt>
      <trkpt lat="48.7882" lon="1.97351">
        <ele>174</ele>
        <time>2026-05-14T09:47:23+00:00</time>
      </trkpt>
      <trkpt lat="48.78833" lon="1.97366">
        <ele>174</ele>
        <time>2026-05-14T09:47:24+00:00</time>
      </trkpt>
      <trkpt lat="48.78848" lon="1.97371">
        <ele>173</ele>
        <time>2026-05-14T09:47:25+00:00</time>
      </trkpt>
      <trkpt lat="48.78869" lon="1.97367">
        <ele>173</ele>
        <time>2026-05-14T09:47:26+00:00</time>
      </trkpt>
      <trkpt lat="48.78889" lon="1.97346">
        <ele>173</ele>
        <time>2026-05-14T09:47:27+00:00</time>
      </trkpt>
      <trkpt lat="48.78906" lon="1.97308">
        <ele>177</ele>
        <time>2026-05-14T09:47:28+00:00</time>
      </trkpt>
      <trkpt lat="48.78922" lon="1.97299">
        <ele>177</ele>
        <time>2026-05-14T09:47:29+00:00</time>
      </trkpt>
      <trkpt lat="48.78934" lon="1.97301">
        <ele>176</ele>
        <time>2026-05-14T09:47:30+00:00</time>
      </trkpt>
      <trkpt lat="48.78932" lon="1.97332">
        <ele>173</ele>
        <time>2026-05-14T09:47:31+00:00</time>
      </trkpt>
      <trkpt lat="48.78938" lon="1.97357">
        <ele>172</ele>
        <time>2026-05-14T09:47:32+00:00</time>
      </trkpt>
      <trkpt lat="48.78935" lon="1.97379">
        <ele>171</ele>
        <time>2026-05-14T09:47:33+00:00</time>
      </trkpt>
      <trkpt lat="48.78926" lon="1.97398">
        <ele>170</ele>
        <time>2026-05-14T09:47:34+00:00</time>
      </trkpt>
      <trkpt lat="48.78903" lon="1.97467">
        <ele>169</ele>
        <time>2026-05-14T09:47:35+00:00</time>
      </trkpt>
      <trkpt lat="48.78885" lon="1.97539">
        <ele>170</ele>
        <time>2026-05-14T09:47:36+00:00</time>
      </trkpt>
      <trkpt lat="48.78866" lon="1.97593">
        <ele>170</ele>
        <time>2026-05-14T09:47:37+00:00</time>
      </trkpt>
      <trkpt lat="48.78826" lon="1.97685">
        <ele>168</ele>
        <time>2026-05-14T09:47:38+00:00</time>
      </trkpt>
      <trkpt lat="48.78771" lon="1.97728">
        <ele>168</ele>
        <time>2026-05-14T09:47:39+00:00</time>
      </trkpt>
      <trkpt lat="48.7873" lon="1.97735">
        <ele>167</ele>
        <time>2026-05-14T09:47:40+00:00</time>
      </trkpt>
      <trkpt lat="48.78687" lon="1.97722">
        <ele>167</ele>
        <time>2026-05-14T09:47:41+00:00</time>
      </trkpt>
      <trkpt lat="48.78651" lon="1.97704">
        <ele>167</ele>
        <time>2026-05-14T09:47:42+00:00</time>
      </trkpt>
      <trkpt lat="48.78638" lon="1.97689">
        <ele>168</ele>
        <time>2026-05-14T09:47:43+00:00</time>
      </trkpt>
      <trkpt lat="48.78615" lon="1.97675">
        <ele>168</ele>
        <time>2026-05-14T09:47:44+00:00</time>
      </trkpt>
      <trkpt lat="48.78488" lon="1.97546">
        <ele>168</ele>
        <time>2026-05-14T09:47:45+00:00</time>
      </trkpt>
      <trkpt lat="48.7835" lon="1.97417">
        <ele>170</ele>
        <time>2026-05-14T09:47:46+00:00</time>
      </trkpt>
      <trkpt lat="48.78306" lon="1.97379">
        <ele>169</ele>
        <time>2026-05-14T09:47:47+00:00</time>
      </trkpt>
      <trkpt lat="48.78294" lon="1.97465">
        <ele>169</ele>
        <time>2026-05-14T09:47:48+00:00</time>
      </trkpt>
      <trkpt lat="48.78294" lon="1.97514">
        <ele>169</ele>
        <time>2026-05-14T09:47:49+00:00</time>
      </trkpt>
      <trkpt lat="48.78317" lon="1.97555">
        <ele>170</ele>
        <time>2026-05-14T09:47:50+00:00</time>
      </trkpt>
      <trkpt lat="48.78336" lon="1.97574">
        <ele>170</ele>
        <time>2026-05-14T09:47:51+00:00</time>
      </trkpt>
      <trkpt lat="48.78368" lon="1.976">
        <ele>169</ele>
        <time>2026-05-14T09:47:52+00:00</time>
      </trkpt>
      <trkpt lat="48.78391" lon="1.97614">
        <ele>169</ele>
        <time>2026-05-14T09:47:53+00:00</time>
      </trkpt>
      <trkpt lat="48.78411" lon="1.97636">
        <ele>168</ele>
        <time>2026-05-14T09:47:54+00:00</time>
      </trkpt>
      <trkpt lat="48.78433" lon="1.97653">
        <ele>168</ele>
        <time>2026-05-14T09:47:55+00:00</time>
      </trkpt>
      <trkpt lat="48.7847" lon="1.9769">
        <ele>168</ele>
        <time>2026-05-14T09:47:56+00:00</time>
      </trkpt>
      <trkpt lat="48.78495" lon="1.97719">
        <ele>169</ele>
        <time>2026-05-14T09:47:57+00:00</time>
      </trkpt>
      <trkpt lat="48.78514" lon="1.97736">
        <ele>169</ele>
        <time>2026-05-14T09:47:58+00:00</time>
      </trkpt>
      <trkpt lat="48.78532" lon="1.9776">
        <ele>169</ele>
        <time>2026-05-14T09:47:59+00:00</time>
      </trkpt>
      <trkpt lat="48.78572" lon="1.97803">
        <ele>169</ele>
        <time>2026-05-14T09:48:00+00:00</time>
      </trkpt>
      <trkpt lat="48.78596" lon="1.97833">
        <ele>168</ele>
        <time>2026-05-14T09:48:01+00:00</time>
      </trkpt>
      <trkpt lat="48.78612" lon="1.97861">
        <ele>167</ele>
        <time>2026-05-14T09:48:02+00:00</time>
      </trkpt>
      <trkpt lat="48.78636" lon="1.97884">
        <ele>166</ele>
        <time>2026-05-14T09:48:03+00:00</time>
      </trkpt>
      <trkpt lat="48.78658" lon="1.97935">
        <ele>167</ele>
        <time>2026-05-14T09:48:04+00:00</time>
      </trkpt>
      <trkpt lat="48.78658" lon="1.97951">
        <ele>167</ele>
        <time>2026-05-14T09:48:05+00:00</time>
      </trkpt>
      <trkpt lat="48.78673" lon="1.98053">
        <ele>169</ele>
        <time>2026-05-14T09:48:06+00:00</time>
      </trkpt>
      <trkpt lat="48.78663" lon="1.98178">
        <ele>169</ele>
        <time>2026-05-14T09:48:07+00:00</time>
      </trkpt>
      <trkpt lat="48.78645" lon="1.98228">
        <ele>169</ele>
        <time>2026-05-14T09:48:08+00:00</time>
      </trkpt>
      <trkpt lat="48.78628" lon="1.9829">
        <ele>169</ele>
        <time>2026-05-14T09:48:09+00:00</time>
      </trkpt>
      <trkpt lat="48.78599" lon="1.98367">
        <ele>170</ele>
        <time>2026-05-14T09:48:10+00:00</time>
      </trkpt>
      <trkpt lat="48.78587" lon="1.98407">
        <ele>169</ele>
        <time>2026-05-14T09:48:11+00:00</time>
      </trkpt>
      <trkpt lat="48.78574" lon="1.98414">
        <ele>169</ele>
        <time>2026-05-14T09:48:12+00:00</time>
      </trkpt>
      <trkpt lat="48.78571" lon="1.98433">
        <ele>168</ele>
        <time>2026-05-14T09:48:13+00:00</time>
      </trkpt>
      <trkpt lat="48.78543" lon="1.98491">
        <ele>167</ele>
        <time>2026-05-14T09:48:14+00:00</time>
      </trkpt>
      <trkpt lat="48.78503" lon="1.98562">
        <ele>166</ele>
        <time>2026-05-14T09:48:15+00:00</time>
      </trkpt>
      <trkpt lat="48.78472" lon="1.98603">
        <ele>166</ele>
        <time>2026-05-14T09:48:16+00:00</time>
      </trkpt>
      <trkpt lat="48.78471" lon="1.98621">
        <ele>166</ele>
        <time>2026-05-14T09:48:17+00:00</time>
      </trkpt>
      <trkpt lat="48.78466" lon="1.98634">
        <ele>167</ele>
        <time>2026-05-14T09:48:18+00:00</time>
      </trkpt>
      <trkpt lat="48.78423" lon="1.9865">
        <ele>167</ele>
        <time>2026-05-14T09:48:19+00:00</time>
      </trkpt>
      <trkpt lat="48.7841" lon="1.98671">
        <ele>167</ele>
        <time>2026-05-14T09:48:20+00:00</time>
      </trkpt>
      <trkpt lat="48.78379" lon="1.987">
        <ele>167</ele>
        <time>2026-05-14T09:48:21+00:00</time>
      </trkpt>
      <trkpt lat="48.78361" lon="1.98724">
        <ele>167</ele>
        <time>2026-05-14T09:48:22+00:00</time>
      </trkpt>
      <trkpt lat="48.78344" lon="1.98741">
        <ele>168</ele>
        <time>2026-05-14T09:48:23+00:00</time>
      </trkpt>
      <trkpt lat="48.78333" lon="1.98759">
        <ele>168</ele>
        <time>2026-05-14T09:48:24+00:00</time>
      </trkpt>
      <trkpt lat="48.78346" lon="1.98768">
        <ele>168</ele>
        <time>2026-05-14T09:48:25+00:00</time>
      </trkpt>
      <trkpt lat="48.78354" lon="1.98779">
        <ele>168</ele>
        <time>2026-05-14T09:48:26+00:00</time>
      </trkpt>
      <trkpt lat="48.78364" lon="1.98799">
        <ele>168</ele>
        <time>2026-05-14T09:48:27+00:00</time>
      </trkpt>
      <trkpt lat="48.78378" lon="1.98846">
        <ele>167</ele>
        <time>2026-05-14T09:48:28+00:00</time>
      </trkpt>
      <trkpt lat="48.78393" lon="1.98865">
        <ele>167</ele>
        <time>2026-05-14T09:48:29+00:00</time>
      </trkpt>
      <trkpt lat="48.78409" lon="1.98854">
        <ele>166</ele>
        <time>2026-05-14T09:48:30+00:00</time>
      </trkpt>
      <trkpt lat="48.78417" lon="1.98842">
        <ele>166</ele>
        <time>2026-05-14T09:48:31+00:00</time>
      </trkpt>
      <trkpt lat="48.78432" lon="1.98831">
        <ele>166</ele>
        <time>2026-05-14T09:48:32+00:00</time>
      </trkpt>
      <trkpt lat="48.78448" lon="1.98835">
        <ele>166</ele>
        <time>2026-05-14T09:48:33+00:00</time>
      </trkpt>
      <trkpt lat="48.7846" lon="1.9885">
        <ele>166</ele>
        <time>2026-05-14T09:48:34+00:00</time>
      </trkpt>
      <trkpt lat="48.78461" lon="1.98879">
        <ele>167</ele>
        <time>2026-05-14T09:48:35+00:00</time>
      </trkpt>
      <trkpt lat="48.78459" lon="1.98899">
        <ele>167</ele>
        <time>2026-05-14T09:48:36+00:00</time>
      </trkpt>
      <trkpt lat="48.78528" lon="1.9897">
        <ele>168</ele>
        <time>2026-05-14T09:48:37+00:00</time>
      </trkpt>
      <trkpt lat="48.78543" lon="1.99006">
        <ele>168</ele>
        <time>2026-05-14T09:48:38+00:00</time>
      </trkpt>
      <trkpt lat="48.7858" lon="1.99064">
        <ele>167</ele>
        <time>2026-05-14T09:48:39+00:00</time>
      </trkpt>
      <trkpt lat="48.78595" lon="1.991">
        <ele>167</ele>
        <time>2026-05-14T09:48:40+00:00</time>
      </trkpt>
      <trkpt lat="48.78589" lon="1.99157">
        <ele>166</ele>
        <time>2026-05-14T09:48:41+00:00</time>
      </trkpt>
      <trkpt lat="48.78577" lon="1.99199">
        <ele>166</ele>
        <time>2026-05-14T09:48:42+00:00</time>
      </trkpt>
      <trkpt lat="48.78574" lon="1.99253">
        <ele>167</ele>
        <time>2026-05-14T09:48:43+00:00</time>
      </trkpt>
      <trkpt lat="48.78556" lon="1.99434">
        <ele>165</ele>
        <time>2026-05-14T09:48:44+00:00</time>
      </trkpt>
      <trkpt lat="48.78549" lon="1.9946">
        <ele>165</ele>
        <time>2026-05-14T09:48:45+00:00</time>
      </trkpt>
      <trkpt lat="48.78548" lon="1.9949">
        <ele>165</ele>
        <time>2026-05-14T09:48:46+00:00</time>
      </trkpt>
      <trkpt lat="48.7854" lon="1.99502">
        <ele>164</ele>
        <time>2026-05-14T09:48:47+00:00</time>
      </trkpt>
      <trkpt lat="48.78537" lon="1.99515">
        <ele>164</ele>
        <time>2026-05-14T09:48:48+00:00</time>
      </trkpt>
      <trkpt lat="48.78533" lon="1.99576">
        <ele>164</ele>
        <time>2026-05-14T09:48:49+00:00</time>
      </trkpt>
      <trkpt lat="48.78529" lon="1.99587">
        <ele>164</ele>
        <time>2026-05-14T09:48:50+00:00</time>
      </trkpt>
      <trkpt lat="48.78522" lon="1.9959">
        <ele>164</ele>
        <time>2026-05-14T09:48:51+00:00</time>
      </trkpt>
      <trkpt lat="48.7852" lon="1.99597">
        <ele>164</ele>
        <time>2026-05-14T09:48:52+00:00</time>
      </trkpt>
      <trkpt lat="48.78518" lon="1.99635">
        <ele>165</ele>
        <time>2026-05-14T09:48:53+00:00</time>
      </trkpt>
      <trkpt lat="48.78508" lon="1.99697">
        <ele>166</ele>
        <time>2026-05-14T09:48:54+00:00</time>
      </trkpt>
      <trkpt lat="48.78509" lon="1.99735">
        <ele>166</ele>
        <time>2026-05-14T09:48:55+00:00</time>
      </trkpt>
      <trkpt lat="48.78517" lon="1.9977">
        <ele>165</ele>
        <time>2026-05-14T09:48:56+00:00</time>
      </trkpt>
      <trkpt lat="48.78556" lon="1.99878">
        <ele>164</ele>
        <time>2026-05-14T09:48:57+00:00</time>
      </trkpt>
      <trkpt lat="48.78567" lon="1.99903">
        <ele>163</ele>
        <time>2026-05-14T09:48:58+00:00</time>
      </trkpt>
      <trkpt lat="48.78582" lon="1.99922">
        <ele>163</ele>
        <time>2026-05-14T09:48:59+00:00</time>
      </trkpt>
      <trkpt lat="48.78577" lon="1.99965">
        <ele>163</ele>
        <time>2026-05-14T09:49:00+00:00</time>
      </trkpt>
      <trkpt lat="48.78567" lon="1.99998">
        <ele>162</ele>
        <time>2026-05-14T09:49:01+00:00</time>
      </trkpt>
      <trkpt lat="48.78566" lon="2.0003">
        <ele>163</ele>
        <time>2026-05-14T09:49:02+00:00</time>
      </trkpt>
      <trkpt lat="48.78548" lon="2.00084">
        <ele>165</ele>
        <time>2026-05-14T09:49:03+00:00</time>
      </trkpt>
      <trkpt lat="48.78523" lon="2.00135">
        <ele>166</ele>
        <time>2026-05-14T09:49:04+00:00</time>
      </trkpt>
      <trkpt lat="48.78511" lon="2.002">
        <ele>166</ele>
        <time>2026-05-14T09:49:05+00:00</time>
      </trkpt>
      <trkpt lat="48.78499" lon="2.00224">
        <ele>166</ele>
        <time>2026-05-14T09:49:06+00:00</time>
      </trkpt>
      <trkpt lat="48.78447" lon="2.00282">
        <ele>167</ele>
        <time>2026-05-14T09:49:07+00:00</time>
      </trkpt>
      <trkpt lat="48.78424" lon="2.003">
        <ele>167</ele>
        <time>2026-05-14T09:49:08+00:00</time>
      </trkpt>
      <trkpt lat="48.78397" lon="2.00317">
        <ele>168</ele>
        <time>2026-05-14T09:49:09+00:00</time>
      </trkpt>
      <trkpt lat="48.78371" lon="2.00322">
        <ele>169</ele>
        <time>2026-05-14T09:49:10+00:00</time>
      </trkpt>
      <trkpt lat="48.78349" lon="2.0033">
        <ele>169</ele>
        <time>2026-05-14T09:49:11+00:00</time>
      </trkpt>
      <trkpt lat="48.7833" lon="2.00333">
        <ele>170</ele>
        <time>2026-05-14T09:49:12+00:00</time>
      </trkpt>
      <trkpt lat="48.78274" lon="2.00319">
        <ele>166</ele>
        <time>2026-05-14T09:49:13+00:00</time>
      </trkpt>
      <trkpt lat="48.78254" lon="2.00319">
        <ele>165</ele>
        <time>2026-05-14T09:49:14+00:00</time>
      </trkpt>
      <trkpt lat="48.78209" lon="2.00326">
        <ele>162</ele>
        <time>2026-05-14T09:49:15+00:00</time>
      </trkpt>
      <trkpt lat="48.78204" lon="2.00329">
        <ele>161</ele>
        <time>2026-05-14T09:49:16+00:00</time>
      </trkpt>
      <trkpt lat="48.78197" lon="2.00345">
        <ele>161</ele>
        <time>2026-05-14T09:49:17+00:00</time>
      </trkpt>
      <trkpt lat="48.78197" lon="2.00367">
        <ele>162</ele>
        <time>2026-05-14T09:49:18+00:00</time>
      </trkpt>
      <trkpt lat="48.78221" lon="2.00405">
        <ele>163</ele>
        <time>2026-05-14T09:49:19+00:00</time>
      </trkpt>
      <trkpt lat="48.78274" lon="2.00469">
        <ele>164</ele>
        <time>2026-05-14T09:49:20+00:00</time>
      </trkpt>
      <trkpt lat="48.7831" lon="2.00518">
        <ele>163</ele>
        <time>2026-05-14T09:49:21+00:00</time>
      </trkpt>
      <trkpt lat="48.78379" lon="2.00595">
        <ele>161</ele>
        <time>2026-05-14T09:49:22+00:00</time>
      </trkpt>
      <trkpt lat="48.78395" lon="2.00617">
        <ele>161</ele>
        <time>2026-05-14T09:49:23+00:00</time>
      </trkpt>
      <trkpt lat="48.78401" lon="2.00643">
        <ele>161</ele>
        <time>2026-05-14T09:49:24+00:00</time>
      </trkpt>
      <trkpt lat="48.78411" lon="2.00737">
        <ele>163</ele>
        <time>2026-05-14T09:49:25+00:00</time>
      </trkpt>
      <trkpt lat="48.78412" lon="2.00773">
        <ele>164</ele>
        <time>2026-05-14T09:49:26+00:00</time>
      </trkpt>
      <trkpt lat="48.78395" lon="2.0082">
        <ele>165</ele>
        <time>2026-05-14T09:49:27+00:00</time>
      </trkpt>
      <trkpt lat="48.784" lon="2.00987">
        <ele>164</ele>
        <time>2026-05-14T09:49:28+00:00</time>
      </trkpt>
      <trkpt lat="48.78397" lon="2.01085">
        <ele>163</ele>
        <time>2026-05-14T09:49:29+00:00</time>
      </trkpt>
      <trkpt lat="48.78399" lon="2.01193">
        <ele>166</ele>
        <time>2026-05-14T09:49:30+00:00</time>
      </trkpt>
      <trkpt lat="48.7841" lon="2.01225">
        <ele>166</ele>
        <time>2026-05-14T09:49:31+00:00</time>
      </trkpt>
      <trkpt lat="48.78433" lon="2.01273">
        <ele>166</ele>
        <time>2026-05-14T09:49:32+00:00</time>
      </trkpt>
      <trkpt lat="48.78452" lon="2.01324">
        <ele>166</ele>
        <time>2026-05-14T09:49:33+00:00</time>
      </trkpt>
      <trkpt lat="48.78482" lon="2.01451">
        <ele>166</ele>
        <time>2026-05-14T09:49:34+00:00</time>
      </trkpt>
      <trkpt lat="48.78483" lon="2.01466">
        <ele>166</ele>
        <time>2026-05-14T09:49:35+00:00</time>
      </trkpt>
      <trkpt lat="48.7847" lon="2.01518">
        <ele>166</ele>
        <time>2026-05-14T09:49:36+00:00</time>
      </trkpt>
      <trkpt lat="48.78468" lon="2.01546">
        <ele>166</ele>
        <time>2026-05-14T09:49:37+00:00</time>
      </trkpt>
      <trkpt lat="48.78459" lon="2.01583">
        <ele>166</ele>
        <time>2026-05-14T09:49:38+00:00</time>
      </trkpt>
      <trkpt lat="48.78448" lon="2.01649">
        <ele>166</ele>
        <time>2026-05-14T09:49:39+00:00</time>
      </trkpt>
      <trkpt lat="48.78443" lon="2.01705">
        <ele>167</ele>
        <time>2026-05-14T09:49:40+00:00</time>
      </trkpt>
      <trkpt lat="48.7843" lon="2.01758">
        <ele>168</ele>
        <time>2026-05-14T09:49:41+00:00</time>
      </trkpt>
      <trkpt lat="48.7841" lon="2.01818">
        <ele>169</ele>
        <time>2026-05-14T09:49:42+00:00</time>
      </trkpt>
      <trkpt lat="48.78395" lon="2.01884">
        <ele>168</ele>
        <time>2026-05-14T09:49:43+00:00</time>
      </trkpt>
      <trkpt lat="48.7838" lon="2.02016">
        <ele>167</ele>
        <time>2026-05-14T09:49:44+00:00</time>
      </trkpt>
      <trkpt lat="48.7838" lon="2.02058">
        <ele>166</ele>
        <time>2026-05-14T09:49:45+00:00</time>
      </trkpt>
      <trkpt lat="48.78373" lon="2.02109">
        <ele>165</ele>
        <time>2026-05-14T09:49:46+00:00</time>
      </trkpt>
      <trkpt lat="48.78369" lon="2.02223">
        <ele>164</ele>
        <time>2026-05-14T09:49:47+00:00</time>
      </trkpt>
      <trkpt lat="48.78365" lon="2.0225">
        <ele>164</ele>
        <time>2026-05-14T09:49:48+00:00</time>
      </trkpt>
      <trkpt lat="48.7837" lon="2.02275">
        <ele>164</ele>
        <time>2026-05-14T09:49:49+00:00</time>
      </trkpt>
      <trkpt lat="48.78372" lon="2.02336">
        <ele>164</ele>
        <time>2026-05-14T09:49:50+00:00</time>
      </trkpt>
      <trkpt lat="48.78369" lon="2.02427">
        <ele>164</ele>
        <time>2026-05-14T09:49:51+00:00</time>
      </trkpt>
      <trkpt lat="48.78373" lon="2.02489">
        <ele>164</ele>
        <time>2026-05-14T09:49:52+00:00</time>
      </trkpt>
      <trkpt lat="48.78365" lon="2.02576">
        <ele>162</ele>
        <time>2026-05-14T09:49:53+00:00</time>
      </trkpt>
      <trkpt lat="48.78363" lon="2.0263">
        <ele>161</ele>
        <time>2026-05-14T09:49:54+00:00</time>
      </trkpt>
      <trkpt lat="48.78365" lon="2.02659">
        <ele>161</ele>
        <time>2026-05-14T09:49:55+00:00</time>
      </trkpt>
      <trkpt lat="48.78359" lon="2.02753">
        <ele>162</ele>
        <time>2026-05-14T09:49:56+00:00</time>
      </trkpt>
      <trkpt lat="48.78337" lon="2.03021">
        <ele>163</ele>
        <time>2026-05-14T09:49:57+00:00</time>
      </trkpt>
      <trkpt lat="48.78332" lon="2.03045">
        <ele>164</ele>
        <time>2026-05-14T09:49:58+00:00</time>
      </trkpt>
      <trkpt lat="48.78334" lon="2.03068">
        <ele>164</ele>
        <time>2026-05-14T09:49:59+00:00</time>
      </trkpt>
      <trkpt lat="48.78348" lon="2.03083">
        <ele>163</ele>
        <time>2026-05-14T09:50:00+00:00</time>
      </trkpt>
      <trkpt lat="48.78517" lon="2.03194">
        <ele>159</ele>
        <time>2026-05-14T09:50:01+00:00</time>
      </trkpt>
      <trkpt lat="48.78571" lon="2.03223">
        <ele>159</ele>
        <time>2026-05-14T09:50:02+00:00</time>
      </trkpt>
      <trkpt lat="48.78657" lon="2.03282">
        <ele>160</ele>
        <time>2026-05-14T09:50:03+00:00</time>
      </trkpt>
      <trkpt lat="48.78704" lon="2.03306">
        <ele>163</ele>
        <time>2026-05-14T09:50:04+00:00</time>
      </trkpt>
      <trkpt lat="48.78738" lon="2.03332">
        <ele>165</ele>
        <time>2026-05-14T09:50:05+00:00</time>
      </trkpt>
      <trkpt lat="48.78853" lon="2.03407">
        <ele>165</ele>
        <time>2026-05-14T09:50:06+00:00</time>
      </trkpt>
      <trkpt lat="48.78852" lon="2.03416">
        <ele>165</ele>
        <time>2026-05-14T09:50:07+00:00</time>
      </trkpt>
      <trkpt lat="48.78863" lon="2.03433">
        <ele>166</ele>
        <time>2026-05-14T09:50:08+00:00</time>
      </trkpt>
      <trkpt lat="48.78879" lon="2.0347">
        <ele>167</ele>
        <time>2026-05-14T09:50:09+00:00</time>
      </trkpt>
      <trkpt lat="48.78885" lon="2.03479">
        <ele>167</ele>
        <time>2026-05-14T09:50:10+00:00</time>
      </trkpt>
      <trkpt lat="48.78935" lon="2.03515">
        <ele>169</ele>
        <time>2026-05-14T09:50:11+00:00</time>
      </trkpt>
      <trkpt lat="48.78917" lon="2.03645">
        <ele>171</ele>
        <time>2026-05-14T09:50:12+00:00</time>
      </trkpt>
      <trkpt lat="48.78884" lon="2.03687">
        <ele>171</ele>
        <time>2026-05-14T09:50:13+00:00</time>
      </trkpt>
      <trkpt lat="48.7875" lon="2.03843">
        <ele>170</ele>
        <time>2026-05-14T09:50:14+00:00</time>
      </trkpt>
      <trkpt lat="48.78704" lon="2.03891">
        <ele>168</ele>
        <time>2026-05-14T09:50:15+00:00</time>
      </trkpt>
      <trkpt lat="48.78715" lon="2.03913">
        <ele>168</ele>
        <time>2026-05-14T09:50:16+00:00</time>
      </trkpt>
      <trkpt lat="48.78719" lon="2.03932">
        <ele>168</ele>
        <time>2026-05-14T09:50:17+00:00</time>
      </trkpt>
      <trkpt lat="48.78727" lon="2.03949">
        <ele>169</ele>
        <time>2026-05-14T09:50:18+00:00</time>
      </trkpt>
      <trkpt lat="48.78736" lon="2.03996">
        <ele>170</ele>
        <time>2026-05-14T09:50:19+00:00</time>
      </trkpt>
      <trkpt lat="48.78729" lon="2.04056">
        <ele>168</ele>
        <time>2026-05-14T09:50:20+00:00</time>
      </trkpt>
      <trkpt lat="48.78718" lon="2.04103">
        <ele>167</ele>
        <time>2026-05-14T09:50:21+00:00</time>
      </trkpt>
      <trkpt lat="48.78718" lon="2.04145">
        <ele>167</ele>
        <time>2026-05-14T09:50:22+00:00</time>
      </trkpt>
      <trkpt lat="48.78727" lon="2.0416">
        <ele>167</ele>
        <time>2026-05-14T09:50:23+00:00</time>
      </trkpt>
      <trkpt lat="48.78747" lon="2.04205">
        <ele>167</ele>
        <time>2026-05-14T09:50:24+00:00</time>
      </trkpt>
      <trkpt lat="48.78736" lon="2.04216">
        <ele>166</ele>
        <time>2026-05-14T09:50:25+00:00</time>
      </trkpt>
      <trkpt lat="48.7873" lon="2.04228">
        <ele>166</ele>
        <time>2026-05-14T09:50:26+00:00</time>
      </trkpt>
      <trkpt lat="48.78737" lon="2.04247">
        <ele>166</ele>
        <time>2026-05-14T09:50:27+00:00</time>
      </trkpt>
      <trkpt lat="48.78736" lon="2.04262">
        <ele>166</ele>
        <time>2026-05-14T09:50:28+00:00</time>
      </trkpt>
      <trkpt lat="48.78787" lon="2.04391">
        <ele>168</ele>
        <time>2026-05-14T09:50:29+00:00</time>
      </trkpt>
      <trkpt lat="48.78798" lon="2.04412">
        <ele>169</ele>
        <time>2026-05-14T09:50:30+00:00</time>
      </trkpt>
      <trkpt lat="48.78755" lon="2.04462">
        <ele>166</ele>
        <time>2026-05-14T09:50:31+00:00</time>
      </trkpt>
      <trkpt lat="48.78725" lon="2.04491">
        <ele>165</ele>
        <time>2026-05-14T09:50:32+00:00</time>
      </trkpt>
      <trkpt lat="48.78704" lon="2.045">
        <ele>166</ele>
        <time>2026-05-14T09:50:33+00:00</time>
      </trkpt>
      <trkpt lat="48.787" lon="2.04492">
        <ele>166</ele>
        <time>2026-05-14T09:50:34+00:00</time>
      </trkpt>
      <trkpt lat="48.78685" lon="2.04496">
        <ele>166</ele>
        <time>2026-05-14T09:50:35+00:00</time>
      </trkpt>
      <trkpt lat="48.78676" lon="2.04494">
        <ele>166</ele>
        <time>2026-05-14T09:50:36+00:00</time>
      </trkpt>
      <trkpt lat="48.78645" lon="2.04521">
        <ele>166</ele>
        <time>2026-05-14T09:50:37+00:00</time>
      </trkpt>
      <trkpt lat="48.78621" lon="2.04553">
        <ele>167</ele>
        <time>2026-05-14T09:50:38+00:00</time>
      </trkpt>
      <trkpt lat="48.78587" lon="2.04589">
        <ele>167</ele>
        <time>2026-05-14T09:50:39+00:00</time>
      </trkpt>
      <trkpt lat="48.78582" lon="2.04598">
        <ele>166</ele>
        <time>2026-05-14T09:50:40+00:00</time>
      </trkpt>
      <trkpt lat="48.78575" lon="2.04602">
        <ele>166</ele>
        <time>2026-05-14T09:50:41+00:00</time>
      </trkpt>
      <trkpt lat="48.7856" lon="2.04618">
        <ele>166</ele>
        <time>2026-05-14T09:50:42+00:00</time>
      </trkpt>
      <trkpt lat="48.78553" lon="2.04634">
        <ele>165</ele>
        <time>2026-05-14T09:50:43+00:00</time>
      </trkpt>
      <trkpt lat="48.78518" lon="2.0467">
        <ele>164</ele>
        <time>2026-05-14T09:50:44+00:00</time>
      </trkpt>
      <trkpt lat="48.78483" lon="2.04717">
        <ele>163</ele>
        <time>2026-05-14T09:50:45+00:00</time>
      </trkpt>
      <trkpt lat="48.78443" lon="2.0476">
        <ele>163</ele>
        <time>2026-05-14T09:50:46+00:00</time>
      </trkpt>
      <trkpt lat="48.78414" lon="2.04796">
        <ele>164</ele>
        <time>2026-05-14T09:50:47+00:00</time>
      </trkpt>
      <trkpt lat="48.78407" lon="2.04801">
        <ele>164</ele>
        <time>2026-05-14T09:50:48+00:00</time>
      </trkpt>
      <trkpt lat="48.78395" lon="2.048">
        <ele>164</ele>
        <time>2026-05-14T09:50:49+00:00</time>
      </trkpt>
      <trkpt lat="48.7837" lon="2.04788">
        <ele>164</ele>
        <time>2026-05-14T09:50:50+00:00</time>
      </trkpt>
      <trkpt lat="48.78361" lon="2.04786">
        <ele>164</ele>
        <time>2026-05-14T09:50:51+00:00</time>
      </trkpt>
      <trkpt lat="48.78344" lon="2.04787">
        <ele>164</ele>
        <time>2026-05-14T09:50:52+00:00</time>
      </trkpt>
      <trkpt lat="48.78331" lon="2.04791">
        <ele>164</ele>
        <time>2026-05-14T09:50:53+00:00</time>
      </trkpt>
      <trkpt lat="48.78319" lon="2.04789">
        <ele>163</ele>
        <time>2026-05-14T09:50:54+00:00</time>
      </trkpt>
      <trkpt lat="48.78306" lon="2.04793">
        <ele>163</ele>
        <time>2026-05-14T09:50:55+00:00</time>
      </trkpt>
      <trkpt lat="48.78288" lon="2.04792">
        <ele>162</ele>
        <time>2026-05-14T09:50:56+00:00</time>
      </trkpt>
      <trkpt lat="48.78256" lon="2.04776">
        <ele>162</ele>
        <time>2026-05-14T09:50:57+00:00</time>
      </trkpt>
      <trkpt lat="48.78242" lon="2.04763">
        <ele>161</ele>
        <time>2026-05-14T09:50:58+00:00</time>
      </trkpt>
      <trkpt lat="48.78229" lon="2.04745">
        <ele>161</ele>
        <time>2026-05-14T09:50:59+00:00</time>
      </trkpt>
      <trkpt lat="48.78218" lon="2.04743">
        <ele>161</ele>
        <time>2026-05-14T09:51:00+00:00</time>
      </trkpt>
      <trkpt lat="48.78204" lon="2.0476">
        <ele>160</ele>
        <time>2026-05-14T09:51:01+00:00</time>
      </trkpt>
      <trkpt lat="48.7819" lon="2.04771">
        <ele>160</ele>
        <time>2026-05-14T09:51:02+00:00</time>
      </trkpt>
      <trkpt lat="48.78183" lon="2.04772">
        <ele>159</ele>
        <time>2026-05-14T09:51:03+00:00</time>
      </trkpt>
      <trkpt lat="48.78142" lon="2.04762">
        <ele>158</ele>
        <time>2026-05-14T09:51:04+00:00</time>
      </trkpt>
      <trkpt lat="48.78134" lon="2.04757">
        <ele>157</ele>
        <time>2026-05-14T09:51:05+00:00</time>
      </trkpt>
      <trkpt lat="48.78129" lon="2.04773">
        <ele>157</ele>
        <time>2026-05-14T09:51:06+00:00</time>
      </trkpt>
      <trkpt lat="48.78124" lon="2.04776">
        <ele>157</ele>
        <time>2026-05-14T09:51:07+00:00</time>
      </trkpt>
      <trkpt lat="48.78112" lon="2.04776">
        <ele>156</ele>
        <time>2026-05-14T09:51:08+00:00</time>
      </trkpt>
      <trkpt lat="48.78107" lon="2.04787">
        <ele>156</ele>
        <time>2026-05-14T09:51:09+00:00</time>
      </trkpt>
      <trkpt lat="48.78102" lon="2.04819">
        <ele>156</ele>
        <time>2026-05-14T09:51:10+00:00</time>
      </trkpt>
      <trkpt lat="48.78086" lon="2.04822">
        <ele>155</ele>
        <time>2026-05-14T09:51:11+00:00</time>
      </trkpt>
      <trkpt lat="48.78059" lon="2.04814">
        <ele>154</ele>
        <time>2026-05-14T09:51:12+00:00</time>
      </trkpt>
      <trkpt lat="48.78059" lon="2.04787">
        <ele>154</ele>
        <time>2026-05-14T09:51:13+00:00</time>
      </trkpt>
      <trkpt lat="48.78053" lon="2.04744">
        <ele>154</ele>
        <time>2026-05-14T09:51:14+00:00</time>
      </trkpt>
      <trkpt lat="48.78039" lon="2.04746">
        <ele>154</ele>
        <time>2026-05-14T09:51:15+00:00</time>
      </trkpt>
      <trkpt lat="48.78026" lon="2.04774">
        <ele>154</ele>
        <time>2026-05-14T09:51:16+00:00</time>
      </trkpt>
      <trkpt lat="48.78011" lon="2.04792">
        <ele>153</ele>
        <time>2026-05-14T09:51:17+00:00</time>
      </trkpt>
      <trkpt lat="48.77992" lon="2.04837">
        <ele>153</ele>
        <time>2026-05-14T09:51:18+00:00</time>
      </trkpt>
      <trkpt lat="48.77986" lon="2.04861">
        <ele>153</ele>
        <time>2026-05-14T09:51:19+00:00</time>
      </trkpt>
      <trkpt lat="48.77961" lon="2.04908">
        <ele>153</ele>
        <time>2026-05-14T09:51:20+00:00</time>
      </trkpt>
      <trkpt lat="48.77942" lon="2.04978">
        <ele>151</ele>
        <time>2026-05-14T09:51:21+00:00</time>
      </trkpt>
      <trkpt lat="48.77923" lon="2.05025">
        <ele>150</ele>
        <time>2026-05-14T09:51:22+00:00</time>
      </trkpt>
      <trkpt lat="48.77911" lon="2.0507">
        <ele>150</ele>
        <time>2026-05-14T09:51:23+00:00</time>
      </trkpt>
      <trkpt lat="48.779" lon="2.05131">
        <ele>150</ele>
        <time>2026-05-14T09:51:24+00:00</time>
      </trkpt>
      <trkpt lat="48.77899" lon="2.05195">
        <ele>150</ele>
        <time>2026-05-14T09:51:25+00:00</time>
      </trkpt>
      <trkpt lat="48.77896" lon="2.05219">
        <ele>151</ele>
        <time>2026-05-14T09:51:26+00:00</time>
      </trkpt>
      <trkpt lat="48.77889" lon="2.05238">
        <ele>151</ele>
        <time>2026-05-14T09:51:27+00:00</time>
      </trkpt>
      <trkpt lat="48.77874" lon="2.05269">
        <ele>151</ele>
        <time>2026-05-14T09:51:28+00:00</time>
      </trkpt>
      <trkpt lat="48.77842" lon="2.05318">
        <ele>150</ele>
        <time>2026-05-14T09:51:29+00:00</time>
      </trkpt>
      <trkpt lat="48.77785" lon="2.05395">
        <ele>149</ele>
        <time>2026-05-14T09:51:30+00:00</time>
      </trkpt>
      <trkpt lat="48.77773" lon="2.05413">
        <ele>149</ele>
        <time>2026-05-14T09:51:31+00:00</time>
      </trkpt>
      <trkpt lat="48.77767" lon="2.05427">
        <ele>149</ele>
        <time>2026-05-14T09:51:32+00:00</time>
      </trkpt>
      <trkpt lat="48.77755" lon="2.05476">
        <ele>148</ele>
        <time>2026-05-14T09:51:33+00:00</time>
      </trkpt>
      <trkpt lat="48.77742" lon="2.0551">
        <ele>147</ele>
        <time>2026-05-14T09:51:34+00:00</time>
      </trkpt>
      <trkpt lat="48.77736" lon="2.05533">
        <ele>148</ele>
        <time>2026-05-14T09:51:35+00:00</time>
      </trkpt>
      <trkpt lat="48.77732" lon="2.05565">
        <ele>148</ele>
        <time>2026-05-14T09:51:36+00:00</time>
      </trkpt>
      <trkpt lat="48.77726" lon="2.05677">
        <ele>148</ele>
        <time>2026-05-14T09:51:37+00:00</time>
      </trkpt>
      <trkpt lat="48.7772" lon="2.05742">
        <ele>149</ele>
        <time>2026-05-14T09:51:38+00:00</time>
      </trkpt>
      <trkpt lat="48.77717" lon="2.05751">
        <ele>149</ele>
        <time>2026-05-14T09:51:39+00:00</time>
      </trkpt>
      <trkpt lat="48.77716" lon="2.05776">
        <ele>149</ele>
        <time>2026-05-14T09:51:40+00:00</time>
      </trkpt>
      <trkpt lat="48.77701" lon="2.0584">
        <ele>149</ele>
        <time>2026-05-14T09:51:41+00:00</time>
      </trkpt>
      <trkpt lat="48.77696" lon="2.05873">
        <ele>149</ele>
        <time>2026-05-14T09:51:42+00:00</time>
      </trkpt>
      <trkpt lat="48.77685" lon="2.05903">
        <ele>148</ele>
        <time>2026-05-14T09:51:43+00:00</time>
      </trkpt>
      <trkpt lat="48.77663" lon="2.059">
        <ele>148</ele>
        <time>2026-05-14T09:51:44+00:00</time>
      </trkpt>
      <trkpt lat="48.77657" lon="2.05873">
        <ele>149</ele>
        <time>2026-05-14T09:51:45+00:00</time>
      </trkpt>
      <trkpt lat="48.77646" lon="2.05873">
        <ele>149</ele>
        <time>2026-05-14T09:51:46+00:00</time>
      </trkpt>
      <trkpt lat="48.77615" lon="2.05835">
        <ele>149</ele>
        <time>2026-05-14T09:51:47+00:00</time>
      </trkpt>
      <trkpt lat="48.77597" lon="2.05817">
        <ele>149</ele>
        <time>2026-05-14T09:51:48+00:00</time>
      </trkpt>
      <trkpt lat="48.77541" lon="2.05738">
        <ele>149</ele>
        <time>2026-05-14T09:51:49+00:00</time>
      </trkpt>
      <trkpt lat="48.77522" lon="2.05721">
        <ele>149</ele>
        <time>2026-05-14T09:51:50+00:00</time>
      </trkpt>
      <trkpt lat="48.77505" lon="2.05694">
        <ele>150</ele>
        <time>2026-05-14T09:51:51+00:00</time>
      </trkpt>
      <trkpt lat="48.77465" lon="2.05644">
        <ele>150</ele>
        <time>2026-05-14T09:51:52+00:00</time>
      </trkpt>
      <trkpt lat="48.77456" lon="2.05636">
        <ele>150</ele>
        <time>2026-05-14T09:51:53+00:00</time>
      </trkpt>
      <trkpt lat="48.77429" lon="2.056">
        <ele>150</ele>
        <time>2026-05-14T09:51:54+00:00</time>
      </trkpt>
      <trkpt lat="48.7742" lon="2.05593">
        <ele>150</ele>
        <time>2026-05-14T09:51:55+00:00</time>
      </trkpt>
      <trkpt lat="48.77416" lon="2.05584">
        <ele>150</ele>
        <time>2026-05-14T09:51:56+00:00</time>
      </trkpt>
      <trkpt lat="48.77411" lon="2.05585">
        <ele>150</ele>
        <time>2026-05-14T09:51:57+00:00</time>
      </trkpt>
      <trkpt lat="48.77409" lon="2.05583">
        <ele>150</ele>
        <time>2026-05-14T09:51:58+00:00</time>
      </trkpt>
      <trkpt lat="48.77403" lon="2.05565">
        <ele>150</ele>
        <time>2026-05-14T09:51:59+00:00</time>
      </trkpt>
      <trkpt lat="48.77396" lon="2.05559">
        <ele>150</ele>
        <time>2026-05-14T09:52:00+00:00</time>
      </trkpt>
      <trkpt lat="48.77343" lon="2.05468">
        <ele>151</ele>
        <time>2026-05-14T09:52:01+00:00</time>
      </trkpt>
      <trkpt lat="48.77321" lon="2.05438">
        <ele>151</ele>
        <time>2026-05-14T09:52:02+00:00</time>
      </trkpt>
      <trkpt lat="48.77284" lon="2.05376">
        <ele>152</ele>
        <time>2026-05-14T09:52:03+00:00</time>
      </trkpt>
      <trkpt lat="48.7726" lon="2.05345">
        <ele>152</ele>
        <time>2026-05-14T09:52:04+00:00</time>
      </trkpt>
      <trkpt lat="48.77228" lon="2.05292">
        <ele>152</ele>
        <time>2026-05-14T09:52:05+00:00</time>
      </trkpt>
      <trkpt lat="48.77222" lon="2.05299">
        <ele>152</ele>
        <time>2026-05-14T09:52:06+00:00</time>
      </trkpt>
      <trkpt lat="48.77206" lon="2.05329">
        <ele>152</ele>
        <time>2026-05-14T09:52:07+00:00</time>
      </trkpt>
      <trkpt lat="48.77199" lon="2.05328">
        <ele>152</ele>
        <time>2026-05-14T09:52:08+00:00</time>
      </trkpt>
      <trkpt lat="48.77182" lon="2.05284">
        <ele>152</ele>
        <time>2026-05-14T09:52:09+00:00</time>
      </trkpt>
      <trkpt lat="48.77158" lon="2.05239">
        <ele>152</ele>
        <time>2026-05-14T09:52:10+00:00</time>
      </trkpt>
      <trkpt lat="48.77157" lon="2.05231">
        <ele>152</ele>
        <time>2026-05-14T09:52:11+00:00</time>
      </trkpt>
      <trkpt lat="48.77127" lon="2.05168">
        <ele>152</ele>
        <time>2026-05-14T09:52:12+00:00</time>
      </trkpt>
      <trkpt lat="48.77114" lon="2.05146">
        <ele>151</ele>
        <time>2026-05-14T09:52:13+00:00</time>
      </trkpt>
      <trkpt lat="48.771" lon="2.05097">
        <ele>152</ele>
        <time>2026-05-14T09:52:14+00:00</time>
      </trkpt>
      <trkpt lat="48.77092" lon="2.05082">
        <ele>152</ele>
        <time>2026-05-14T09:52:15+00:00</time>
      </trkpt>
      <trkpt lat="48.77082" lon="2.05075">
        <ele>152</ele>
        <time>2026-05-14T09:52:16+00:00</time>
      </trkpt>
      <trkpt lat="48.77061" lon="2.05067">
        <ele>154</ele>
        <time>2026-05-14T09:52:17+00:00</time>
      </trkpt>
      <trkpt lat="48.77029" lon="2.05023">
        <ele>156</ele>
        <time>2026-05-14T09:52:18+00:00</time>
      </trkpt>
      <trkpt lat="48.76999" lon="2.04989">
        <ele>157</ele>
        <time>2026-05-14T09:52:19+00:00</time>
      </trkpt>
      <trkpt lat="48.76945" lon="2.04944">
        <ele>157</ele>
        <time>2026-05-14T09:52:20+00:00</time>
      </trkpt>
      <trkpt lat="48.7693" lon="2.04944">
        <ele>158</ele>
        <time>2026-05-14T09:52:21+00:00</time>
      </trkpt>
      <trkpt lat="48.76926" lon="2.04942">
        <ele>158</ele>
        <time>2026-05-14T09:52:22+00:00</time>
      </trkpt>
      <trkpt lat="48.7685" lon="2.04874">
        <ele>157</ele>
        <time>2026-05-14T09:52:23+00:00</time>
      </trkpt>
      <trkpt lat="48.76825" lon="2.04849">
        <ele>157</ele>
        <time>2026-05-14T09:52:24+00:00</time>
      </trkpt>
      <trkpt lat="48.76819" lon="2.0484">
        <ele>157</ele>
        <time>2026-05-14T09:52:25+00:00</time>
      </trkpt>
      <trkpt lat="48.76803" lon="2.04826">
        <ele>157</ele>
        <time>2026-05-14T09:52:26+00:00</time>
      </trkpt>
      <trkpt lat="48.76794" lon="2.04802">
        <ele>157</ele>
        <time>2026-05-14T09:52:27+00:00</time>
      </trkpt>
      <trkpt lat="48.76851" lon="2.04659">
        <ele>160</ele>
        <time>2026-05-14T09:52:28+00:00</time>
      </trkpt>
      <trkpt lat="48.76893" lon="2.04561">
        <ele>158</ele>
        <time>2026-05-14T09:52:29+00:00</time>
      </trkpt>
      <trkpt lat="48.76891" lon="2.04497">
        <ele>159</ele>
        <time>2026-05-14T09:52:30+00:00</time>
      </trkpt>
      <trkpt lat="48.7688" lon="2.04479">
        <ele>159</ele>
        <time>2026-05-14T09:52:31+00:00</time>
      </trkpt>
      <trkpt lat="48.76791" lon="2.04394">
        <ele>159</ele>
        <time>2026-05-14T09:52:32+00:00</time>
      </trkpt>
      <trkpt lat="48.7678" lon="2.0438">
        <ele>159</ele>
        <time>2026-05-14T09:52:33+00:00</time>
      </trkpt>
      <trkpt lat="48.76779" lon="2.04374">
        <ele>159</ele>
        <time>2026-05-14T09:52:34+00:00</time>
      </trkpt>
      <trkpt lat="48.76719" lon="2.04321">
        <ele>160</ele>
        <time>2026-05-14T09:52:35+00:00</time>
      </trkpt>
      <trkpt lat="48.76697" lon="2.04297">
        <ele>161</ele>
        <time>2026-05-14T09:52:36+00:00</time>
      </trkpt>
      <trkpt lat="48.76678" lon="2.04285">
        <ele>161</ele>
        <time>2026-05-14T09:52:37+00:00</time>
      </trkpt>
      <trkpt lat="48.76673" lon="2.04286">
        <ele>161</ele>
        <time>2026-05-14T09:52:38+00:00</time>
      </trkpt>
      <trkpt lat="48.76664" lon="2.04297">
        <ele>160</ele>
        <time>2026-05-14T09:52:39+00:00</time>
      </trkpt>
      <trkpt lat="48.76633" lon="2.0438">
        <ele>158</ele>
        <time>2026-05-14T09:52:40+00:00</time>
      </trkpt>
      <trkpt lat="48.76623" lon="2.04401">
        <ele>158</ele>
        <time>2026-05-14T09:52:41+00:00</time>
      </trkpt>
      <trkpt lat="48.7661" lon="2.04405">
        <ele>158</ele>
        <time>2026-05-14T09:52:42+00:00</time>
      </trkpt>
      <trkpt lat="48.76609" lon="2.04431">
        <ele>158</ele>
        <time>2026-05-14T09:52:43+00:00</time>
      </trkpt>
      <trkpt lat="48.76558" lon="2.04542">
        <ele>155</ele>
        <time>2026-05-14T09:52:44+00:00</time>
      </trkpt>
      <trkpt lat="48.76545" lon="2.04583">
        <ele>154</ele>
        <time>2026-05-14T09:52:45+00:00</time>
      </trkpt>
      <trkpt lat="48.76531" lon="2.0457">
        <ele>155</ele>
        <time>2026-05-14T09:52:46+00:00</time>
      </trkpt>
      <trkpt lat="48.76511" lon="2.0456">
        <ele>156</ele>
        <time>2026-05-14T09:52:47+00:00</time>
      </trkpt>
      <trkpt lat="48.76497" lon="2.04549">
        <ele>157</ele>
        <time>2026-05-14T09:52:48+00:00</time>
      </trkpt>
      <trkpt lat="48.76487" lon="2.04539">
        <ele>158</ele>
        <time>2026-05-14T09:52:49+00:00</time>
      </trkpt>
      <trkpt lat="48.76483" lon="2.0453">
        <ele>158</ele>
        <time>2026-05-14T09:52:50+00:00</time>
      </trkpt>
      <trkpt lat="48.76455" lon="2.04503">
        <ele>159</ele>
        <time>2026-05-14T09:52:51+00:00</time>
      </trkpt>
      <trkpt lat="48.7642" lon="2.04475">
        <ele>161</ele>
        <time>2026-05-14T09:52:52+00:00</time>
      </trkpt>
      <trkpt lat="48.76391" lon="2.04442">
        <ele>160</ele>
        <time>2026-05-14T09:52:53+00:00</time>
      </trkpt>
      <trkpt lat="48.76379" lon="2.04433">
        <ele>160</ele>
        <time>2026-05-14T09:52:54+00:00</time>
      </trkpt>
      <trkpt lat="48.76369" lon="2.04434">
        <ele>160</ele>
        <time>2026-05-14T09:52:55+00:00</time>
      </trkpt>
      <trkpt lat="48.76352" lon="2.04443">
        <ele>160</ele>
        <time>2026-05-14T09:52:56+00:00</time>
      </trkpt>
      <trkpt lat="48.76347" lon="2.04443">
        <ele>160</ele>
        <time>2026-05-14T09:52:57+00:00</time>
      </trkpt>
      <trkpt lat="48.76326" lon="2.04423">
        <ele>160</ele>
        <time>2026-05-14T09:52:58+00:00</time>
      </trkpt>
      <trkpt lat="48.76306" lon="2.04413">
        <ele>160</ele>
        <time>2026-05-14T09:52:59+00:00</time>
      </trkpt>
      <trkpt lat="48.76222" lon="2.04413">
        <ele>160</ele>
        <time>2026-05-14T09:53:00+00:00</time>
      </trkpt>
      <trkpt lat="48.7614" lon="2.04445">
        <ele>161</ele>
        <time>2026-05-14T09:53:01+00:00</time>
      </trkpt>
      <trkpt lat="48.76106" lon="2.04454">
        <ele>161</ele>
        <time>2026-05-14T09:53:02+00:00</time>
      </trkpt>
      <trkpt lat="48.76065" lon="2.04454">
        <ele>162</ele>
        <time>2026-05-14T09:53:03+00:00</time>
      </trkpt>
      <trkpt lat="48.76035" lon="2.04445">
        <ele>162</ele>
        <time>2026-05-14T09:53:04+00:00</time>
      </trkpt>
      <trkpt lat="48.75906" lon="2.04333">
        <ele>163</ele>
        <time>2026-05-14T09:53:05+00:00</time>
      </trkpt>
      <trkpt lat="48.75882" lon="2.04305">
        <ele>163</ele>
        <time>2026-05-14T09:53:06+00:00</time>
      </trkpt>
      <trkpt lat="48.75861" lon="2.04294">
        <ele>163</ele>
        <time>2026-05-14T09:53:07+00:00</time>
      </trkpt>
      <trkpt lat="48.75801" lon="2.04241">
        <ele>164</ele>
        <time>2026-05-14T09:53:08+00:00</time>
      </trkpt>
      <trkpt lat="48.75668" lon="2.04131">
        <ele>164</ele>
        <time>2026-05-14T09:53:09+00:00</time>
      </trkpt>
      <trkpt lat="48.75641" lon="2.04119">
        <ele>164</ele>
        <time>2026-05-14T09:53:10+00:00</time>
      </trkpt>
      <trkpt lat="48.75604" lon="2.04115">
        <ele>164</ele>
        <time>2026-05-14T09:53:11+00:00</time>
      </trkpt>
      <trkpt lat="48.75566" lon="2.04121">
        <ele>164</ele>
        <time>2026-05-14T09:53:12+00:00</time>
      </trkpt>
      <trkpt lat="48.75523" lon="2.04142">
        <ele>165</ele>
        <time>2026-05-14T09:53:13+00:00</time>
      </trkpt>
      <trkpt lat="48.75493" lon="2.0415">
        <ele>164</ele>
        <time>2026-05-14T09:53:14+00:00</time>
      </trkpt>
      <trkpt lat="48.7548" lon="2.04147">
        <ele>164</ele>
        <time>2026-05-14T09:53:15+00:00</time>
      </trkpt>
      <trkpt lat="48.75462" lon="2.04159">
        <ele>163</ele>
        <time>2026-05-14T09:53:16+00:00</time>
      </trkpt>
      <trkpt lat="48.75458" lon="2.04171">
        <ele>163</ele>
        <time>2026-05-14T09:53:17+00:00</time>
      </trkpt>
      <trkpt lat="48.75452" lon="2.04174">
        <ele>163</ele>
        <time>2026-05-14T09:53:18+00:00</time>
      </trkpt>
      <trkpt lat="48.75434" lon="2.04152">
        <ele>163</ele>
        <time>2026-05-14T09:53:19+00:00</time>
      </trkpt>
      <trkpt lat="48.75427" lon="2.0412">
        <ele>163</ele>
        <time>2026-05-14T09:53:20+00:00</time>
      </trkpt>
      <trkpt lat="48.75422" lon="2.04109">
        <ele>164</ele>
        <time>2026-05-14T09:53:21+00:00</time>
      </trkpt>
      <trkpt lat="48.75404" lon="2.04101">
        <ele>163</ele>
        <time>2026-05-14T09:53:22+00:00</time>
      </trkpt>
      <trkpt lat="48.7539" lon="2.04087">
        <ele>163</ele>
        <time>2026-05-14T09:53:23+00:00</time>
      </trkpt>
      <trkpt lat="48.75365" lon="2.04076">
        <ele>161</ele>
        <time>2026-05-14T09:53:24+00:00</time>
      </trkpt>
      <trkpt lat="48.75345" lon="2.04078">
        <ele>160</ele>
        <time>2026-05-14T09:53:25+00:00</time>
      </trkpt>
      <trkpt lat="48.75337" lon="2.0409">
        <ele>160</ele>
        <time>2026-05-14T09:53:26+00:00</time>
      </trkpt>
      <trkpt lat="48.75319" lon="2.04106">
        <ele>161</ele>
        <time>2026-05-14T09:53:27+00:00</time>
      </trkpt>
      <trkpt lat="48.75312" lon="2.04108">
        <ele>161</ele>
        <time>2026-05-14T09:53:28+00:00</time>
      </trkpt>
      <trkpt lat="48.75306" lon="2.04114">
        <ele>161</ele>
        <time>2026-05-14T09:53:29+00:00</time>
      </trkpt>
      <trkpt lat="48.75294" lon="2.04111">
        <ele>161</ele>
        <time>2026-05-14T09:53:30+00:00</time>
      </trkpt>
      <trkpt lat="48.75268" lon="2.04118">
        <ele>161</ele>
        <time>2026-05-14T09:53:31+00:00</time>
      </trkpt>
      <trkpt lat="48.75207" lon="2.04099">
        <ele>161</ele>
        <time>2026-05-14T09:53:32+00:00</time>
      </trkpt>
      <trkpt lat="48.75191" lon="2.04102">
        <ele>161</ele>
        <time>2026-05-14T09:53:33+00:00</time>
      </trkpt>
      <trkpt lat="48.75182" lon="2.04107">
        <ele>161</ele>
        <time>2026-05-14T09:53:34+00:00</time>
      </trkpt>
      <trkpt lat="48.75165" lon="2.04133">
        <ele>160</ele>
        <time>2026-05-14T09:53:35+00:00</time>
      </trkpt>
      <trkpt lat="48.75146" lon="2.04155">
        <ele>160</ele>
        <time>2026-05-14T09:53:36+00:00</time>
      </trkpt>
      <trkpt lat="48.75129" lon="2.04164">
        <ele>159</ele>
        <time>2026-05-14T09:53:37+00:00</time>
      </trkpt>
      <trkpt lat="48.75097" lon="2.04162">
        <ele>159</ele>
        <time>2026-05-14T09:53:38+00:00</time>
      </trkpt>
      <trkpt lat="48.75066" lon="2.04174">
        <ele>157</ele>
        <time>2026-05-14T09:53:39+00:00</time>
      </trkpt>
      <trkpt lat="48.75055" lon="2.04181">
        <ele>156</ele>
        <time>2026-05-14T09:53:40+00:00</time>
      </trkpt>
      <trkpt lat="48.75043" lon="2.04203">
        <ele>156</ele>
        <time>2026-05-14T09:53:41+00:00</time>
      </trkpt>
      <trkpt lat="48.75022" lon="2.04231">
        <ele>157</ele>
        <time>2026-05-14T09:53:42+00:00</time>
      </trkpt>
      <trkpt lat="48.75019" lon="2.04267">
        <ele>159</ele>
        <time>2026-05-14T09:53:43+00:00</time>
      </trkpt>
      <trkpt lat="48.75013" lon="2.04297">
        <ele>160</ele>
        <time>2026-05-14T09:53:44+00:00</time>
      </trkpt>
      <trkpt lat="48.74993" lon="2.0432">
        <ele>160</ele>
        <time>2026-05-14T09:53:45+00:00</time>
      </trkpt>
      <trkpt lat="48.74965" lon="2.04338">
        <ele>157</ele>
        <time>2026-05-14T09:53:46+00:00</time>
      </trkpt>
      <trkpt lat="48.74962" lon="2.04342">
        <ele>156</ele>
        <time>2026-05-14T09:53:47+00:00</time>
      </trkpt>
      <trkpt lat="48.74966" lon="2.04416">
        <ele>156</ele>
        <time>2026-05-14T09:53:48+00:00</time>
      </trkpt>
      <trkpt lat="48.74972" lon="2.04445">
        <ele>158</ele>
        <time>2026-05-14T09:53:49+00:00</time>
      </trkpt>
      <trkpt lat="48.74975" lon="2.0448">
        <ele>158</ele>
        <time>2026-05-14T09:53:50+00:00</time>
      </trkpt>
      <trkpt lat="48.74982" lon="2.04513">
        <ele>160</ele>
        <time>2026-05-14T09:53:51+00:00</time>
      </trkpt>
      <trkpt lat="48.7498" lon="2.0453">
        <ele>160</ele>
        <time>2026-05-14T09:53:52+00:00</time>
      </trkpt>
      <trkpt lat="48.74989" lon="2.04554">
        <ele>162</ele>
        <time>2026-05-14T09:53:53+00:00</time>
      </trkpt>
      <trkpt lat="48.74995" lon="2.0458">
        <ele>164</ele>
        <time>2026-05-14T09:53:54+00:00</time>
      </trkpt>
      <trkpt lat="48.74999" lon="2.04643">
        <ele>165</ele>
        <time>2026-05-14T09:53:55+00:00</time>
      </trkpt>
      <trkpt lat="48.75004" lon="2.04654">
        <ele>165</ele>
        <time>2026-05-14T09:53:56+00:00</time>
      </trkpt>
      <trkpt lat="48.75007" lon="2.04671">
        <ele>165</ele>
        <time>2026-05-14T09:53:57+00:00</time>
      </trkpt>
      <trkpt lat="48.75016" lon="2.04689">
        <ele>165</ele>
        <time>2026-05-14T09:53:58+00:00</time>
      </trkpt>
      <trkpt lat="48.75018" lon="2.047">
        <ele>165</ele>
        <time>2026-05-14T09:53:59+00:00</time>
      </trkpt>
      <trkpt lat="48.75044" lon="2.04746">
        <ele>164</ele>
        <time>2026-05-14T09:54:00+00:00</time>
      </trkpt>
      <trkpt lat="48.7506" lon="2.04782">
        <ele>163</ele>
        <time>2026-05-14T09:54:01+00:00</time>
      </trkpt>
      <trkpt lat="48.75067" lon="2.04791">
        <ele>163</ele>
        <time>2026-05-14T09:54:02+00:00</time>
      </trkpt>
      <trkpt lat="48.75086" lon="2.04846">
        <ele>163</ele>
        <time>2026-05-14T09:54:03+00:00</time>
      </trkpt>
      <trkpt lat="48.75098" lon="2.04867">
        <ele>163</ele>
        <time>2026-05-14T09:54:04+00:00</time>
      </trkpt>
      <trkpt lat="48.75105" lon="2.0489">
        <ele>163</ele>
        <time>2026-05-14T09:54:05+00:00</time>
      </trkpt>
      <trkpt lat="48.75118" lon="2.04917">
        <ele>163</ele>
        <time>2026-05-14T09:54:06+00:00</time>
      </trkpt>
      <trkpt lat="48.75122" lon="2.0492">
        <ele>163</ele>
        <time>2026-05-14T09:54:07+00:00</time>
      </trkpt>
      <trkpt lat="48.75131" lon="2.04943">
        <ele>163</ele>
        <time>2026-05-14T09:54:08+00:00</time>
      </trkpt>
      <trkpt lat="48.75147" lon="2.04964">
        <ele>163</ele>
        <time>2026-05-14T09:54:09+00:00</time>
      </trkpt>
      <trkpt lat="48.75148" lon="2.0497">
        <ele>164</ele>
        <time>2026-05-14T09:54:10+00:00</time>
      </trkpt>
      <trkpt lat="48.7516" lon="2.04991">
        <ele>164</ele>
        <time>2026-05-14T09:54:11+00:00</time>
      </trkpt>
      <trkpt lat="48.75171" lon="2.05003">
        <ele>165</ele>
        <time>2026-05-14T09:54:12+00:00</time>
      </trkpt>
      <trkpt lat="48.75175" lon="2.05014">
        <ele>165</ele>
        <time>2026-05-14T09:54:13+00:00</time>
      </trkpt>
      <trkpt lat="48.75185" lon="2.05021">
        <ele>165</ele>
        <time>2026-05-14T09:54:14+00:00</time>
      </trkpt>
      <trkpt lat="48.75197" lon="2.05043">
        <ele>164</ele>
        <time>2026-05-14T09:54:15+00:00</time>
      </trkpt>
      <trkpt lat="48.75195" lon="2.05059">
        <ele>164</ele>
        <time>2026-05-14T09:54:16+00:00</time>
      </trkpt>
      <trkpt lat="48.75214" lon="2.05075">
        <ele>164</ele>
        <time>2026-05-14T09:54:17+00:00</time>
      </trkpt>
      <trkpt lat="48.7522" lon="2.05101">
        <ele>165</ele>
        <time>2026-05-14T09:54:18+00:00</time>
      </trkpt>
      <trkpt lat="48.75219" lon="2.05108">
        <ele>165</ele>
        <time>2026-05-14T09:54:19+00:00</time>
      </trkpt>
      <trkpt lat="48.75211" lon="2.05124">
        <ele>165</ele>
        <time>2026-05-14T09:54:20+00:00</time>
      </trkpt>
      <trkpt lat="48.75215" lon="2.05163">
        <ele>167</ele>
        <time>2026-05-14T09:54:21+00:00</time>
      </trkpt>
      <trkpt lat="48.75211" lon="2.05179">
        <ele>167</ele>
        <time>2026-05-14T09:54:22+00:00</time>
      </trkpt>
      <trkpt lat="48.75208" lon="2.05215">
        <ele>168</ele>
        <time>2026-05-14T09:54:23+00:00</time>
      </trkpt>
      <trkpt lat="48.75196" lon="2.05254">
        <ele>169</ele>
        <time>2026-05-14T09:54:24+00:00</time>
      </trkpt>
      <trkpt lat="48.75193" lon="2.05273">
        <ele>169</ele>
        <time>2026-05-14T09:54:25+00:00</time>
      </trkpt>
      <trkpt lat="48.75194" lon="2.05289">
        <ele>169</ele>
        <time>2026-05-14T09:54:26+00:00</time>
      </trkpt>
      <trkpt lat="48.75185" lon="2.0533">
        <ele>169</ele>
        <time>2026-05-14T09:54:27+00:00</time>
      </trkpt>
      <trkpt lat="48.75187" lon="2.05354">
        <ele>169</ele>
        <time>2026-05-14T09:54:28+00:00</time>
      </trkpt>
      <trkpt lat="48.75181" lon="2.05385">
        <ele>170</ele>
        <time>2026-05-14T09:54:29+00:00</time>
      </trkpt>
      <trkpt lat="48.75183" lon="2.05399">
        <ele>170</ele>
        <time>2026-05-14T09:54:30+00:00</time>
      </trkpt>
      <trkpt lat="48.7518" lon="2.05413">
        <ele>171</ele>
        <time>2026-05-14T09:54:31+00:00</time>
      </trkpt>
      <trkpt lat="48.7518" lon="2.05436">
        <ele>171</ele>
        <time>2026-05-14T09:54:32+00:00</time>
      </trkpt>
      <trkpt lat="48.75174" lon="2.05456">
        <ele>172</ele>
        <time>2026-05-14T09:54:33+00:00</time>
      </trkpt>
      <trkpt lat="48.75164" lon="2.05518">
        <ele>173</ele>
        <time>2026-05-14T09:54:34+00:00</time>
      </trkpt>
      <trkpt lat="48.75156" lon="2.05533">
        <ele>173</ele>
        <time>2026-05-14T09:54:35+00:00</time>
      </trkpt>
      <trkpt lat="48.75155" lon="2.0555">
        <ele>173</ele>
        <time>2026-05-14T09:54:36+00:00</time>
      </trkpt>
      <trkpt lat="48.75148" lon="2.05569">
        <ele>173</ele>
        <time>2026-05-14T09:54:37+00:00</time>
      </trkpt>
      <trkpt lat="48.75146" lon="2.05587">
        <ele>173</ele>
        <time>2026-05-14T09:54:38+00:00</time>
      </trkpt>
      <trkpt lat="48.75148" lon="2.05594">
        <ele>173</ele>
        <time>2026-05-14T09:54:39+00:00</time>
      </trkpt>
      <trkpt lat="48.75133" lon="2.0562">
        <ele>173</ele>
        <time>2026-05-14T09:54:40+00:00</time>
      </trkpt>
      <trkpt lat="48.75122" lon="2.05654">
        <ele>173</ele>
        <time>2026-05-14T09:54:41+00:00</time>
      </trkpt>
      <trkpt lat="48.75108" lon="2.05687">
        <ele>174</ele>
        <time>2026-05-14T09:54:42+00:00</time>
      </trkpt>
      <trkpt lat="48.75091" lon="2.05736">
        <ele>173</ele>
        <time>2026-05-14T09:54:43+00:00</time>
      </trkpt>
      <trkpt lat="48.75087" lon="2.05754">
        <ele>173</ele>
        <time>2026-05-14T09:54:44+00:00</time>
      </trkpt>
      <trkpt lat="48.75082" lon="2.05763">
        <ele>173</ele>
        <time>2026-05-14T09:54:45+00:00</time>
      </trkpt>
      <trkpt lat="48.75077" lon="2.05785">
        <ele>172</ele>
        <time>2026-05-14T09:54:46+00:00</time>
      </trkpt>
      <trkpt lat="48.75068" lon="2.05807">
        <ele>172</ele>
        <time>2026-05-14T09:54:47+00:00</time>
      </trkpt>
      <trkpt lat="48.75062" lon="2.05832">
        <ele>171</ele>
        <time>2026-05-14T09:54:48+00:00</time>
      </trkpt>
      <trkpt lat="48.75055" lon="2.05848">
        <ele>171</ele>
        <time>2026-05-14T09:54:49+00:00</time>
      </trkpt>
      <trkpt lat="48.75061" lon="2.05925">
        <ele>171</ele>
        <time>2026-05-14T09:54:50+00:00</time>
      </trkpt>
      <trkpt lat="48.7506" lon="2.05958">
        <ele>170</ele>
        <time>2026-05-14T09:54:51+00:00</time>
      </trkpt>
      <trkpt lat="48.75063" lon="2.05965">
        <ele>169</ele>
        <time>2026-05-14T09:54:52+00:00</time>
      </trkpt>
      <trkpt lat="48.75052" lon="2.06062">
        <ele>166</ele>
        <time>2026-05-14T09:54:53+00:00</time>
      </trkpt>
      <trkpt lat="48.75045" lon="2.0609">
        <ele>166</ele>
        <time>2026-05-14T09:54:54+00:00</time>
      </trkpt>
      <trkpt lat="48.75053" lon="2.06129">
        <ele>166</ele>
        <time>2026-05-14T09:54:55+00:00</time>
      </trkpt>
      <trkpt lat="48.75074" lon="2.06157">
        <ele>166</ele>
        <time>2026-05-14T09:54:56+00:00</time>
      </trkpt>
      <trkpt lat="48.75068" lon="2.0617">
        <ele>166</ele>
        <time>2026-05-14T09:54:57+00:00</time>
      </trkpt>
      <trkpt lat="48.75057" lon="2.06185">
        <ele>165</ele>
        <time>2026-05-14T09:54:58+00:00</time>
      </trkpt>
      <trkpt lat="48.75052" lon="2.06198">
        <ele>165</ele>
        <time>2026-05-14T09:54:59+00:00</time>
      </trkpt>
      <trkpt lat="48.75027" lon="2.06241">
        <ele>166</ele>
        <time>2026-05-14T09:55:00+00:00</time>
      </trkpt>
      <trkpt lat="48.75006" lon="2.06264">
        <ele>166</ele>
        <time>2026-05-14T09:55:01+00:00</time>
      </trkpt>
      <trkpt lat="48.74998" lon="2.06278">
        <ele>166</ele>
        <time>2026-05-14T09:55:02+00:00</time>
      </trkpt>
      <trkpt lat="48.74993" lon="2.06295">
        <ele>166</ele>
        <time>2026-05-14T09:55:03+00:00</time>
      </trkpt>
      <trkpt lat="48.74978" lon="2.0632">
        <ele>165</ele>
        <time>2026-05-14T09:55:04+00:00</time>
      </trkpt>
      <trkpt lat="48.74967" lon="2.0635">
        <ele>165</ele>
        <time>2026-05-14T09:55:05+00:00</time>
      </trkpt>
      <trkpt lat="48.74957" lon="2.06357">
        <ele>165</ele>
        <time>2026-05-14T09:55:06+00:00</time>
      </trkpt>
      <trkpt lat="48.74937" lon="2.0634">
        <ele>167</ele>
        <time>2026-05-14T09:55:07+00:00</time>
      </trkpt>
      <trkpt lat="48.74922" lon="2.0632">
        <ele>167</ele>
        <time>2026-05-14T09:55:08+00:00</time>
      </trkpt>
      <trkpt lat="48.74914" lon="2.063">
        <ele>167</ele>
        <time>2026-05-14T09:55:09+00:00</time>
      </trkpt>
      <trkpt lat="48.74913" lon="2.06247">
        <ele>166</ele>
        <time>2026-05-14T09:55:10+00:00</time>
      </trkpt>
      <trkpt lat="48.74927" lon="2.06209">
        <ele>166</ele>
        <time>2026-05-14T09:55:11+00:00</time>
      </trkpt>
      <trkpt lat="48.74931" lon="2.0618">
        <ele>167</ele>
        <time>2026-05-14T09:55:12+00:00</time>
      </trkpt>
      <trkpt lat="48.74942" lon="2.06144">
        <ele>166</ele>
        <time>2026-05-14T09:55:13+00:00</time>
      </trkpt>
      <trkpt lat="48.74936" lon="2.06088">
        <ele>167</ele>
        <time>2026-05-14T09:55:14+00:00</time>
      </trkpt>
      <trkpt lat="48.7493" lon="2.06082">
        <ele>167</ele>
        <time>2026-05-14T09:55:15+00:00</time>
      </trkpt>
      <trkpt lat="48.74918" lon="2.0608">
        <ele>167</ele>
        <time>2026-05-14T09:55:16+00:00</time>
      </trkpt>
      <trkpt lat="48.74905" lon="2.06083">
        <ele>165</ele>
        <time>2026-05-14T09:55:17+00:00</time>
      </trkpt>
      <trkpt lat="48.749" lon="2.06082">
        <ele>164</ele>
        <time>2026-05-14T09:55:18+00:00</time>
      </trkpt>
      <trkpt lat="48.7488" lon="2.06094">
        <ele>161</ele>
        <time>2026-05-14T09:55:19+00:00</time>
      </trkpt>
      <trkpt lat="48.74861" lon="2.06116">
        <ele>158</ele>
        <time>2026-05-14T09:55:20+00:00</time>
      </trkpt>
      <trkpt lat="48.74855" lon="2.06107">
        <ele>157</ele>
        <time>2026-05-14T09:55:21+00:00</time>
      </trkpt>
      <trkpt lat="48.74845" lon="2.061">
        <ele>155</ele>
        <time>2026-05-14T09:55:22+00:00</time>
      </trkpt>
      <trkpt lat="48.74829" lon="2.06095">
        <ele>152</ele>
        <time>2026-05-14T09:55:23+00:00</time>
      </trkpt>
      <trkpt lat="48.74827" lon="2.06097">
        <ele>151</ele>
        <time>2026-05-14T09:55:24+00:00</time>
      </trkpt>
      <trkpt lat="48.74845" lon="2.06105">
        <ele>155</ele>
        <time>2026-05-14T09:55:25+00:00</time>
      </trkpt>
      <trkpt lat="48.74852" lon="2.06114">
        <ele>157</ele>
        <time>2026-05-14T09:55:26+00:00</time>
      </trkpt>
      <trkpt lat="48.74851" lon="2.06124">
        <ele>157</ele>
        <time>2026-05-14T09:55:27+00:00</time>
      </trkpt>
      <trkpt lat="48.74836" lon="2.06152">
        <ele>156</ele>
        <time>2026-05-14T09:55:28+00:00</time>
      </trkpt>
      <trkpt lat="48.74825" lon="2.0619">
        <ele>156</ele>
        <time>2026-05-14T09:55:29+00:00</time>
      </trkpt>
      <trkpt lat="48.74818" lon="2.06195">
        <ele>154</ele>
        <time>2026-05-14T09:55:30+00:00</time>
      </trkpt>
      <trkpt lat="48.748" lon="2.06247">
        <ele>153</ele>
        <time>2026-05-14T09:55:31+00:00</time>
      </trkpt>
      <trkpt lat="48.74791" lon="2.06287">
        <ele>154</ele>
        <time>2026-05-14T09:55:32+00:00</time>
      </trkpt>
      <trkpt lat="48.74769" lon="2.06342">
        <ele>153</ele>
        <time>2026-05-14T09:55:33+00:00</time>
      </trkpt>
      <trkpt lat="48.74736" lon="2.06397">
        <ele>151</ele>
        <time>2026-05-14T09:55:34+00:00</time>
      </trkpt>
      <trkpt lat="48.7473" lon="2.06426">
        <ele>152</ele>
        <time>2026-05-14T09:55:35+00:00</time>
      </trkpt>
      <trkpt lat="48.7472" lon="2.0645">
        <ele>150</ele>
        <time>2026-05-14T09:55:36+00:00</time>
      </trkpt>
      <trkpt lat="48.74726" lon="2.06491">
        <ele>154</ele>
        <time>2026-05-14T09:55:37+00:00</time>
      </trkpt>
      <trkpt lat="48.74738" lon="2.06505">
        <ele>159</ele>
        <time>2026-05-14T09:55:38+00:00</time>
      </trkpt>
      <trkpt lat="48.74764" lon="2.06557">
        <ele>165</ele>
        <time>2026-05-14T09:55:39+00:00</time>
      </trkpt>
      <trkpt lat="48.74773" lon="2.0657">
        <ele>166</ele>
        <time>2026-05-14T09:55:40+00:00</time>
      </trkpt>
      <trkpt lat="48.74779" lon="2.06586">
        <ele>167</ele>
        <time>2026-05-14T09:55:41+00:00</time>
      </trkpt>
      <trkpt lat="48.74774" lon="2.06596">
        <ele>166</ele>
        <time>2026-05-14T09:55:42+00:00</time>
      </trkpt>
      <trkpt lat="48.74765" lon="2.06604">
        <ele>166</ele>
        <time>2026-05-14T09:55:43+00:00</time>
      </trkpt>
      <trkpt lat="48.74759" lon="2.0663">
        <ele>166</ele>
        <time>2026-05-14T09:55:44+00:00</time>
      </trkpt>
      <trkpt lat="48.74751" lon="2.06644">
        <ele>166</ele>
        <time>2026-05-14T09:55:45+00:00</time>
      </trkpt>
      <trkpt lat="48.74738" lon="2.06657">
        <ele>163</ele>
        <time>2026-05-14T09:55:46+00:00</time>
      </trkpt>
      <trkpt lat="48.74723" lon="2.06713">
        <ele>161</ele>
        <time>2026-05-14T09:55:47+00:00</time>
      </trkpt>
      <trkpt lat="48.74721" lon="2.06729">
        <ele>161</ele>
        <time>2026-05-14T09:55:48+00:00</time>
      </trkpt>
      <trkpt lat="48.74714" lon="2.06742">
        <ele>161</ele>
        <time>2026-05-14T09:55:49+00:00</time>
      </trkpt>
      <trkpt lat="48.74701" lon="2.06788">
        <ele>161</ele>
        <time>2026-05-14T09:55:50+00:00</time>
      </trkpt>
      <trkpt lat="48.74704" lon="2.06811">
        <ele>162</ele>
        <time>2026-05-14T09:55:51+00:00</time>
      </trkpt>
      <trkpt lat="48.74701" lon="2.06819">
        <ele>162</ele>
        <time>2026-05-14T09:55:52+00:00</time>
      </trkpt>
      <trkpt lat="48.74699" lon="2.06846">
        <ele>162</ele>
        <time>2026-05-14T09:55:53+00:00</time>
      </trkpt>
      <trkpt lat="48.74694" lon="2.06863">
        <ele>162</ele>
        <time>2026-05-14T09:55:54+00:00</time>
      </trkpt>
      <trkpt lat="48.74697" lon="2.06901">
        <ele>162</ele>
        <time>2026-05-14T09:55:55+00:00</time>
      </trkpt>
      <trkpt lat="48.74693" lon="2.06906">
        <ele>162</ele>
        <time>2026-05-14T09:55:56+00:00</time>
      </trkpt>
      <trkpt lat="48.74678" lon="2.06897">
        <ele>161</ele>
        <time>2026-05-14T09:55:57+00:00</time>
      </trkpt>
      <trkpt lat="48.74642" lon="2.06859">
        <ele>155</ele>
        <time>2026-05-14T09:55:58+00:00</time>
      </trkpt>
      <trkpt lat="48.74634" lon="2.06847">
        <ele>153</ele>
        <time>2026-05-14T09:55:59+00:00</time>
      </trkpt>
      <trkpt lat="48.74622" lon="2.06794">
        <ele>148</ele>
        <time>2026-05-14T09:56:00+00:00</time>
      </trkpt>
      <trkpt lat="48.7462" lon="2.06775">
        <ele>147</ele>
        <time>2026-05-14T09:56:01+00:00</time>
      </trkpt>
      <trkpt lat="48.74616" lon="2.06768">
        <ele>146</ele>
        <time>2026-05-14T09:56:02+00:00</time>
      </trkpt>
      <trkpt lat="48.74592" lon="2.06763">
        <ele>140</ele>
        <time>2026-05-14T09:56:03+00:00</time>
      </trkpt>
      <trkpt lat="48.74573" lon="2.06743">
        <ele>136</ele>
        <time>2026-05-14T09:56:04+00:00</time>
      </trkpt>
      <trkpt lat="48.74561" lon="2.06736">
        <ele>134</ele>
        <time>2026-05-14T09:56:05+00:00</time>
      </trkpt>
      <trkpt lat="48.74548" lon="2.06706">
        <ele>131</ele>
        <time>2026-05-14T09:56:06+00:00</time>
      </trkpt>
      <trkpt lat="48.74541" lon="2.06683">
        <ele>129</ele>
        <time>2026-05-14T09:56:07+00:00</time>
      </trkpt>
      <trkpt lat="48.74542" lon="2.06672">
        <ele>129</ele>
        <time>2026-05-14T09:56:08+00:00</time>
      </trkpt>
      <trkpt lat="48.74551" lon="2.06644">
        <ele>127</ele>
        <time>2026-05-14T09:56:09+00:00</time>
      </trkpt>
      <trkpt lat="48.74582" lon="2.06606">
        <ele>124</ele>
        <time>2026-05-14T09:56:10+00:00</time>
      </trkpt>
      <trkpt lat="48.74588" lon="2.06595">
        <ele>124</ele>
        <time>2026-05-14T09:56:11+00:00</time>
      </trkpt>
      <trkpt lat="48.74595" lon="2.06553">
        <ele>125</ele>
        <time>2026-05-14T09:56:12+00:00</time>
      </trkpt>
      <trkpt lat="48.74594" lon="2.06528">
        <ele>124</ele>
        <time>2026-05-14T09:56:13+00:00</time>
      </trkpt>
      <trkpt lat="48.74584" lon="2.06527">
        <ele>122</ele>
        <time>2026-05-14T09:56:14+00:00</time>
      </trkpt>
      <trkpt lat="48.74565" lon="2.06538">
        <ele>122</ele>
        <time>2026-05-14T09:56:15+00:00</time>
      </trkpt>
      <trkpt lat="48.7456" lon="2.06548">
        <ele>122</ele>
        <time>2026-05-14T09:56:16+00:00</time>
      </trkpt>
      <trkpt lat="48.74556" lon="2.06548">
        <ele>122</ele>
        <time>2026-05-14T09:56:17+00:00</time>
      </trkpt>
      <trkpt lat="48.7452" lon="2.06605">
        <ele>124</ele>
        <time>2026-05-14T09:56:18+00:00</time>
      </trkpt>
      <trkpt lat="48.74514" lon="2.06607">
        <ele>124</ele>
        <time>2026-05-14T09:56:19+00:00</time>
      </trkpt>
      <trkpt lat="48.74509" lon="2.06612">
        <ele>124</ele>
        <time>2026-05-14T09:56:20+00:00</time>
      </trkpt>
      <trkpt lat="48.74498" lon="2.06633">
        <ele>125</ele>
        <time>2026-05-14T09:56:21+00:00</time>
      </trkpt>
      <trkpt lat="48.74495" lon="2.06633">
        <ele>125</ele>
        <time>2026-05-14T09:56:22+00:00</time>
      </trkpt>
      <trkpt lat="48.74492" lon="2.06643">
        <ele>125</ele>
        <time>2026-05-14T09:56:23+00:00</time>
      </trkpt>
      <trkpt lat="48.7448" lon="2.06662">
        <ele>126</ele>
        <time>2026-05-14T09:56:24+00:00</time>
      </trkpt>
      <trkpt lat="48.74478" lon="2.06669">
        <ele>126</ele>
        <time>2026-05-14T09:56:25+00:00</time>
      </trkpt>
      <trkpt lat="48.74458" lon="2.06695">
        <ele>125</ele>
        <time>2026-05-14T09:56:26+00:00</time>
      </trkpt>
      <trkpt lat="48.74447" lon="2.0673">
        <ele>124</ele>
        <time>2026-05-14T09:56:27+00:00</time>
      </trkpt>
      <trkpt lat="48.7445" lon="2.06748">
        <ele>124</ele>
        <time>2026-05-14T09:56:28+00:00</time>
      </trkpt>
      <trkpt lat="48.74459" lon="2.06771">
        <ele>124</ele>
        <time>2026-05-14T09:56:29+00:00</time>
      </trkpt>
      <trkpt lat="48.74473" lon="2.06761">
        <ele>125</ele>
        <time>2026-05-14T09:56:30+00:00</time>
      </trkpt>
      <trkpt lat="48.74483" lon="2.06758">
        <ele>125</ele>
        <time>2026-05-14T09:56:31+00:00</time>
      </trkpt>
      <trkpt lat="48.74495" lon="2.06761">
        <ele>126</ele>
        <time>2026-05-14T09:56:32+00:00</time>
      </trkpt>
      <trkpt lat="48.74504" lon="2.06768">
        <ele>126</ele>
        <time>2026-05-14T09:56:33+00:00</time>
      </trkpt>
      <trkpt lat="48.74508" lon="2.06777">
        <ele>127</ele>
        <time>2026-05-14T09:56:34+00:00</time>
      </trkpt>
      <trkpt lat="48.74506" lon="2.06795">
        <ele>126</ele>
        <time>2026-05-14T09:56:35+00:00</time>
      </trkpt>
      <trkpt lat="48.74507" lon="2.06818">
        <ele>126</ele>
        <time>2026-05-14T09:56:36+00:00</time>
      </trkpt>
      <trkpt lat="48.7451" lon="2.0684">
        <ele>126</ele>
        <time>2026-05-14T09:56:37+00:00</time>
      </trkpt>
      <trkpt lat="48.74515" lon="2.0685">
        <ele>128</ele>
        <time>2026-05-14T09:56:38+00:00</time>
      </trkpt>
      <trkpt lat="48.74494" lon="2.0691">
        <ele>128</ele>
        <time>2026-05-14T09:56:39+00:00</time>
      </trkpt>
      <trkpt lat="48.74491" lon="2.06911">
        <ele>128</ele>
        <time>2026-05-14T09:56:40+00:00</time>
      </trkpt>
      <trkpt lat="48.74484" lon="2.06921">
        <ele>128</ele>
        <time>2026-05-14T09:56:41+00:00</time>
      </trkpt>
      <trkpt lat="48.74481" lon="2.06944">
        <ele>128</ele>
        <time>2026-05-14T09:56:42+00:00</time>
      </trkpt>
      <trkpt lat="48.74475" lon="2.0696">
        <ele>127</ele>
        <time>2026-05-14T09:56:43+00:00</time>
      </trkpt>
      <trkpt lat="48.74474" lon="2.06977">
        <ele>127</ele>
        <time>2026-05-14T09:56:44+00:00</time>
      </trkpt>
      <trkpt lat="48.74466" lon="2.0701">
        <ele>126</ele>
        <time>2026-05-14T09:56:45+00:00</time>
      </trkpt>
      <trkpt lat="48.74466" lon="2.07025">
        <ele>126</ele>
        <time>2026-05-14T09:56:46+00:00</time>
      </trkpt>
      <trkpt lat="48.74459" lon="2.07055">
        <ele>126</ele>
        <time>2026-05-14T09:56:47+00:00</time>
      </trkpt>
      <trkpt lat="48.74458" lon="2.07068">
        <ele>126</ele>
        <time>2026-05-14T09:56:48+00:00</time>
      </trkpt>
      <trkpt lat="48.74464" lon="2.07089">
        <ele>126</ele>
        <time>2026-05-14T09:56:49+00:00</time>
      </trkpt>
      <trkpt lat="48.74464" lon="2.07101">
        <ele>126</ele>
        <time>2026-05-14T09:56:50+00:00</time>
      </trkpt>
      <trkpt lat="48.7447" lon="2.0713">
        <ele>126</ele>
        <time>2026-05-14T09:56:51+00:00</time>
      </trkpt>
      <trkpt lat="48.74474" lon="2.07135">
        <ele>126</ele>
        <time>2026-05-14T09:56:52+00:00</time>
      </trkpt>
      <trkpt lat="48.74475" lon="2.07147">
        <ele>126</ele>
        <time>2026-05-14T09:56:53+00:00</time>
      </trkpt>
      <trkpt lat="48.74473" lon="2.07161">
        <ele>126</ele>
        <time>2026-05-14T09:56:54+00:00</time>
      </trkpt>
      <trkpt lat="48.74459" lon="2.07186">
        <ele>124</ele>
        <time>2026-05-14T09:56:55+00:00</time>
      </trkpt>
      <trkpt lat="48.74464" lon="2.07184">
        <ele>125</ele>
        <time>2026-05-14T09:56:56+00:00</time>
      </trkpt>
      <trkpt lat="48.7445" lon="2.07194">
        <ele>123</ele>
        <time>2026-05-14T09:56:57+00:00</time>
      </trkpt>
      <trkpt lat="48.74471" lon="2.07249">
        <ele>127</ele>
        <time>2026-05-14T09:56:58+00:00</time>
      </trkpt>
      <trkpt lat="48.74468" lon="2.07251">
        <ele>127</ele>
        <time>2026-05-14T09:56:59+00:00</time>
      </trkpt>
      <trkpt lat="48.74466" lon="2.07261">
        <ele>127</ele>
        <time>2026-05-14T09:57:00+00:00</time>
      </trkpt>
      <trkpt lat="48.74461" lon="2.07264">
        <ele>127</ele>
        <time>2026-05-14T09:57:01+00:00</time>
      </trkpt>
      <trkpt lat="48.74461" lon="2.0727">
        <ele>127</ele>
        <time>2026-05-14T09:57:02+00:00</time>
      </trkpt>
      <trkpt lat="48.74454" lon="2.07286">
        <ele>126</ele>
        <time>2026-05-14T09:57:03+00:00</time>
      </trkpt>
      <trkpt lat="48.74434" lon="2.07301">
        <ele>123</ele>
        <time>2026-05-14T09:57:04+00:00</time>
      </trkpt>
      <trkpt lat="48.74422" lon="2.07299">
        <ele>120</ele>
        <time>2026-05-14T09:57:05+00:00</time>
      </trkpt>
      <trkpt lat="48.74414" lon="2.07303">
        <ele>119</ele>
        <time>2026-05-14T09:57:06+00:00</time>
      </trkpt>
      <trkpt lat="48.74403" lon="2.07304">
        <ele>119</ele>
        <time>2026-05-14T09:57:07+00:00</time>
      </trkpt>
      <trkpt lat="48.74389" lon="2.07346">
        <ele>120</ele>
        <time>2026-05-14T09:57:08+00:00</time>
      </trkpt>
      <trkpt lat="48.74383" lon="2.0735">
        <ele>120</ele>
        <time>2026-05-14T09:57:09+00:00</time>
      </trkpt>
      <trkpt lat="48.74371" lon="2.07369">
        <ele>121</ele>
        <time>2026-05-14T09:57:10+00:00</time>
      </trkpt>
      <trkpt lat="48.74362" lon="2.0739">
        <ele>121</ele>
        <time>2026-05-14T09:57:11+00:00</time>
      </trkpt>
      <trkpt lat="48.74351" lon="2.07403">
        <ele>120</ele>
        <time>2026-05-14T09:57:12+00:00</time>
      </trkpt>
      <trkpt lat="48.74349" lon="2.07419">
        <ele>120</ele>
        <time>2026-05-14T09:57:13+00:00</time>
      </trkpt>
      <trkpt lat="48.74341" lon="2.07445">
        <ele>120</ele>
        <time>2026-05-14T09:57:14+00:00</time>
      </trkpt>
      <trkpt lat="48.74329" lon="2.07472">
        <ele>120</ele>
        <time>2026-05-14T09:57:15+00:00</time>
      </trkpt>
      <trkpt lat="48.74324" lon="2.07496">
        <ele>120</ele>
        <time>2026-05-14T09:57:16+00:00</time>
      </trkpt>
      <trkpt lat="48.74309" lon="2.07534">
        <ele>121</ele>
        <time>2026-05-14T09:57:17+00:00</time>
      </trkpt>
      <trkpt lat="48.74306" lon="2.07531">
        <ele>121</ele>
        <time>2026-05-14T09:57:18+00:00</time>
      </trkpt>
      <trkpt lat="48.74298" lon="2.07556">
        <ele>121</ele>
        <time>2026-05-14T09:57:19+00:00</time>
      </trkpt>
      <trkpt lat="48.7428" lon="2.07596">
        <ele>120</ele>
        <time>2026-05-14T09:57:20+00:00</time>
      </trkpt>
      <trkpt lat="48.7426" lon="2.07626">
        <ele>119</ele>
        <time>2026-05-14T09:57:21+00:00</time>
      </trkpt>
      <trkpt lat="48.74256" lon="2.07642">
        <ele>119</ele>
        <time>2026-05-14T09:57:22+00:00</time>
      </trkpt>
      <trkpt lat="48.74242" lon="2.07662">
        <ele>119</ele>
        <time>2026-05-14T09:57:23+00:00</time>
      </trkpt>
      <trkpt lat="48.74239" lon="2.07677">
        <ele>119</ele>
        <time>2026-05-14T09:57:24+00:00</time>
      </trkpt>
      <trkpt lat="48.74208" lon="2.07744">
        <ele>119</ele>
        <time>2026-05-14T09:57:25+00:00</time>
      </trkpt>
      <trkpt lat="48.7419" lon="2.0776">
        <ele>117</ele>
        <time>2026-05-14T09:57:26+00:00</time>
      </trkpt>
      <trkpt lat="48.74175" lon="2.07786">
        <ele>115</ele>
        <time>2026-05-14T09:57:27+00:00</time>
      </trkpt>
      <trkpt lat="48.74172" lon="2.07799">
        <ele>114</ele>
        <time>2026-05-14T09:57:28+00:00</time>
      </trkpt>
      <trkpt lat="48.74153" lon="2.07826">
        <ele>114</ele>
        <time>2026-05-14T09:57:29+00:00</time>
      </trkpt>
      <trkpt lat="48.74152" lon="2.0784">
        <ele>114</ele>
        <time>2026-05-14T09:57:30+00:00</time>
      </trkpt>
      <trkpt lat="48.74145" lon="2.0786">
        <ele>114</ele>
        <time>2026-05-14T09:57:31+00:00</time>
      </trkpt>
      <trkpt lat="48.74136" lon="2.07871">
        <ele>114</ele>
        <time>2026-05-14T09:57:32+00:00</time>
      </trkpt>
      <trkpt lat="48.74121" lon="2.07927">
        <ele>113</ele>
        <time>2026-05-14T09:57:33+00:00</time>
      </trkpt>
      <trkpt lat="48.74095" lon="2.07909">
        <ele>111</ele>
        <time>2026-05-14T09:57:34+00:00</time>
      </trkpt>
      <trkpt lat="48.74066" lon="2.07895">
        <ele>116</ele>
        <time>2026-05-14T09:57:35+00:00</time>
      </trkpt>
      <trkpt lat="48.74048" lon="2.079">
        <ele>120</ele>
        <time>2026-05-14T09:57:36+00:00</time>
      </trkpt>
      <trkpt lat="48.7403" lon="2.07932">
        <ele>122</ele>
        <time>2026-05-14T09:57:37+00:00</time>
      </trkpt>
      <trkpt lat="48.74006" lon="2.08007">
        <ele>122</ele>
        <time>2026-05-14T09:57:38+00:00</time>
      </trkpt>
      <trkpt lat="48.73988" lon="2.08104">
        <ele>119</ele>
        <time>2026-05-14T09:57:39+00:00</time>
      </trkpt>
      <trkpt lat="48.73959" lon="2.08138">
        <ele>117</ele>
        <time>2026-05-14T09:57:40+00:00</time>
      </trkpt>
      <trkpt lat="48.73944" lon="2.08138">
        <ele>117</ele>
        <time>2026-05-14T09:57:41+00:00</time>
      </trkpt>
      <trkpt lat="48.73929" lon="2.08131">
        <ele>117</ele>
        <time>2026-05-14T09:57:42+00:00</time>
      </trkpt>
      <trkpt lat="48.73894" lon="2.08097">
        <ele>118</ele>
        <time>2026-05-14T09:57:43+00:00</time>
      </trkpt>
      <trkpt lat="48.73887" lon="2.08092">
        <ele>118</ele>
        <time>2026-05-14T09:57:44+00:00</time>
      </trkpt>
      <trkpt lat="48.73884" lon="2.08093">
        <ele>118</ele>
        <time>2026-05-14T09:57:45+00:00</time>
      </trkpt>
      <trkpt lat="48.73838" lon="2.08135">
        <ele>115</ele>
        <time>2026-05-14T09:57:46+00:00</time>
      </trkpt>
      <trkpt lat="48.73769" lon="2.0824">
        <ele>112</ele>
        <time>2026-05-14T09:57:47+00:00</time>
      </trkpt>
      <trkpt lat="48.73756" lon="2.08256">
        <ele>112</ele>
        <time>2026-05-14T09:57:48+00:00</time>
      </trkpt>
      <trkpt lat="48.73742" lon="2.08267">
        <ele>111</ele>
        <time>2026-05-14T09:57:49+00:00</time>
      </trkpt>
      <trkpt lat="48.73711" lon="2.08285">
        <ele>110</ele>
        <time>2026-05-14T09:57:50+00:00</time>
      </trkpt>
      <trkpt lat="48.73694" lon="2.08291">
        <ele>109</ele>
        <time>2026-05-14T09:57:51+00:00</time>
      </trkpt>
      <trkpt lat="48.73674" lon="2.08294">
        <ele>109</ele>
        <time>2026-05-14T09:57:52+00:00</time>
      </trkpt>
      <trkpt lat="48.73641" lon="2.08293">
        <ele>109</ele>
        <time>2026-05-14T09:57:53+00:00</time>
      </trkpt>
      <trkpt lat="48.73594" lon="2.08304">
        <ele>110</ele>
        <time>2026-05-14T09:57:54+00:00</time>
      </trkpt>
      <trkpt lat="48.73576" lon="2.08311">
        <ele>110</ele>
        <time>2026-05-14T09:57:55+00:00</time>
      </trkpt>
      <trkpt lat="48.7352" lon="2.0835">
        <ele>111</ele>
        <time>2026-05-14T09:57:56+00:00</time>
      </trkpt>
      <trkpt lat="48.73504" lon="2.08356">
        <ele>111</ele>
        <time>2026-05-14T09:57:57+00:00</time>
      </trkpt>
      <trkpt lat="48.73471" lon="2.0836">
        <ele>114</ele>
        <time>2026-05-14T09:57:58+00:00</time>
      </trkpt>
      <trkpt lat="48.73447" lon="2.08405">
        <ele>115</ele>
        <time>2026-05-14T09:57:59+00:00</time>
      </trkpt>
      <trkpt lat="48.73437" lon="2.08417">
        <ele>115</ele>
        <time>2026-05-14T09:58:00+00:00</time>
      </trkpt>
      <trkpt lat="48.73397" lon="2.08448">
        <ele>118</ele>
        <time>2026-05-14T09:58:01+00:00</time>
      </trkpt>
      <trkpt lat="48.73378" lon="2.08468">
        <ele>118</ele>
        <time>2026-05-14T09:58:02+00:00</time>
      </trkpt>
      <trkpt lat="48.73373" lon="2.08464">
        <ele>118</ele>
        <time>2026-05-14T09:58:03+00:00</time>
      </trkpt>
      <trkpt lat="48.73307" lon="2.08336">
        <ele>136</ele>
        <time>2026-05-14T09:58:04+00:00</time>
      </trkpt>
      <trkpt lat="48.73241" lon="2.08239">
        <ele>150</ele>
        <time>2026-05-14T09:58:05+00:00</time>
      </trkpt>
      <trkpt lat="48.73234" lon="2.0823">
        <ele>151</ele>
        <time>2026-05-14T09:58:06+00:00</time>
      </trkpt>
      <trkpt lat="48.73147" lon="2.08157">
        <ele>160</ele>
        <time>2026-05-14T09:58:07+00:00</time>
      </trkpt>
      <trkpt lat="48.73119" lon="2.08211">
        <ele>164</ele>
        <time>2026-05-14T09:58:08+00:00</time>
      </trkpt>
      <trkpt lat="48.7311" lon="2.08215">
        <ele>165</ele>
        <time>2026-05-14T09:58:09+00:00</time>
      </trkpt>
      <trkpt lat="48.7293" lon="2.08436">
        <ele>165</ele>
        <time>2026-05-14T09:58:10+00:00</time>
      </trkpt>
      <trkpt lat="48.72913" lon="2.0846">
        <ele>165</ele>
        <time>2026-05-14T09:58:11+00:00</time>
      </trkpt>
      <trkpt lat="48.72897" lon="2.08496">
        <ele>163</ele>
        <time>2026-05-14T09:58:12+00:00</time>
      </trkpt>
      <trkpt lat="48.72885" lon="2.08586">
        <ele>161</ele>
        <time>2026-05-14T09:58:13+00:00</time>
      </trkpt>
      <trkpt lat="48.72895" lon="2.08657">
        <ele>161</ele>
        <time>2026-05-14T09:58:14+00:00</time>
      </trkpt>
      <trkpt lat="48.72885" lon="2.08692">
        <ele>161</ele>
        <time>2026-05-14T09:58:15+00:00</time>
      </trkpt>
      <trkpt lat="48.72856" lon="2.08758">
        <ele>164</ele>
        <time>2026-05-14T09:58:16+00:00</time>
      </trkpt>
      <trkpt lat="48.72845" lon="2.08797">
        <ele>165</ele>
        <time>2026-05-14T09:58:17+00:00</time>
      </trkpt>
      <trkpt lat="48.72843" lon="2.08878">
        <ele>165</ele>
        <time>2026-05-14T09:58:18+00:00</time>
      </trkpt>
      <trkpt lat="48.72811" lon="2.08981">
        <ele>164</ele>
        <time>2026-05-14T09:58:19+00:00</time>
      </trkpt>
      <trkpt lat="48.72778" lon="2.09011">
        <ele>163</ele>
        <time>2026-05-14T09:58:20+00:00</time>
      </trkpt>
      <trkpt lat="48.72768" lon="2.09027">
        <ele>163</ele>
        <time>2026-05-14T09:58:21+00:00</time>
      </trkpt>
      <trkpt lat="48.72762" lon="2.09042">
        <ele>163</ele>
        <time>2026-05-14T09:58:22+00:00</time>
      </trkpt>
      <trkpt lat="48.72759" lon="2.09072">
        <ele>162</ele>
        <time>2026-05-14T09:58:23+00:00</time>
      </trkpt>
      <trkpt lat="48.72763" lon="2.09099">
        <ele>161</ele>
        <time>2026-05-14T09:58:24+00:00</time>
      </trkpt>
      <trkpt lat="48.7277" lon="2.09117">
        <ele>159</ele>
        <time>2026-05-14T09:58:25+00:00</time>
      </trkpt>
      <trkpt lat="48.72789" lon="2.09149">
        <ele>155</ele>
        <time>2026-05-14T09:58:26+00:00</time>
      </trkpt>
      <trkpt lat="48.72787" lon="2.09196">
        <ele>153</ele>
        <time>2026-05-14T09:58:27+00:00</time>
      </trkpt>
      <trkpt lat="48.72769" lon="2.09234">
        <ele>154</ele>
        <time>2026-05-14T09:58:28+00:00</time>
      </trkpt>
      <trkpt lat="48.72743" lon="2.09245">
        <ele>156</ele>
        <time>2026-05-14T09:58:29+00:00</time>
      </trkpt>
      <trkpt lat="48.72743" lon="2.09256">
        <ele>156</ele>
        <time>2026-05-14T09:58:30+00:00</time>
      </trkpt>
      <trkpt lat="48.72738" lon="2.09279">
        <ele>154</ele>
        <time>2026-05-14T09:58:31+00:00</time>
      </trkpt>
      <trkpt lat="48.72736" lon="2.09314">
        <ele>152</ele>
        <time>2026-05-14T09:58:32+00:00</time>
      </trkpt>
      <trkpt lat="48.72724" lon="2.09337">
        <ele>151</ele>
        <time>2026-05-14T09:58:33+00:00</time>
      </trkpt>
      <trkpt lat="48.72708" lon="2.09355">
        <ele>152</ele>
        <time>2026-05-14T09:58:34+00:00</time>
      </trkpt>
      <trkpt lat="48.727" lon="2.09371">
        <ele>152</ele>
        <time>2026-05-14T09:58:35+00:00</time>
      </trkpt>
      <trkpt lat="48.72696" lon="2.09396">
        <ele>152</ele>
        <time>2026-05-14T09:58:36+00:00</time>
      </trkpt>
      <trkpt lat="48.7267" lon="2.09406">
        <ele>156</ele>
        <time>2026-05-14T09:58:37+00:00</time>
      </trkpt>
      <trkpt lat="48.72649" lon="2.09406">
        <ele>157</ele>
        <time>2026-05-14T09:58:38+00:00</time>
      </trkpt>
      <trkpt lat="48.7262" lon="2.09429">
        <ele>157</ele>
        <time>2026-05-14T09:58:39+00:00</time>
      </trkpt>
      <trkpt lat="48.72602" lon="2.09448">
        <ele>156</ele>
        <time>2026-05-14T09:58:40+00:00</time>
      </trkpt>
      <trkpt lat="48.72591" lon="2.09444">
        <ele>157</ele>
        <time>2026-05-14T09:58:41+00:00</time>
      </trkpt>
      <trkpt lat="48.72566" lon="2.09425">
        <ele>159</ele>
        <time>2026-05-14T09:58:42+00:00</time>
      </trkpt>
      <trkpt lat="48.72548" lon="2.09422">
        <ele>158</ele>
        <time>2026-05-14T09:58:43+00:00</time>
      </trkpt>
      <trkpt lat="48.72518" lon="2.09428">
        <ele>157</ele>
        <time>2026-05-14T09:58:44+00:00</time>
      </trkpt>
      <trkpt lat="48.72495" lon="2.09448">
        <ele>157</ele>
        <time>2026-05-14T09:58:45+00:00</time>
      </trkpt>
      <trkpt lat="48.7249" lon="2.09449">
        <ele>157</ele>
        <time>2026-05-14T09:58:46+00:00</time>
      </trkpt>
      <trkpt lat="48.72477" lon="2.09434">
        <ele>157</ele>
        <time>2026-05-14T09:58:47+00:00</time>
      </trkpt>
      <trkpt lat="48.72434" lon="2.09552">
        <ele>157</ele>
        <time>2026-05-14T09:58:48+00:00</time>
      </trkpt>
      <trkpt lat="48.72444" lon="2.09744">
        <ele>159</ele>
        <time>2026-05-14T09:58:49+00:00</time>
      </trkpt>
      <trkpt lat="48.72463" lon="2.09765">
        <ele>158</ele>
        <time>2026-05-14T09:58:50+00:00</time>
      </trkpt>
      <trkpt lat="48.72481" lon="2.09794">
        <ele>158</ele>
        <time>2026-05-14T09:58:51+00:00</time>
      </trkpt>
      <trkpt lat="48.72471" lon="2.09825">
        <ele>159</ele>
        <time>2026-05-14T09:58:52+00:00</time>
      </trkpt>
      <trkpt lat="48.72474" lon="2.09883">
        <ele>160</ele>
        <time>2026-05-14T09:58:53+00:00</time>
      </trkpt>
      <trkpt lat="48.7245" lon="2.0996">
        <ele>162</ele>
        <time>2026-05-14T09:58:54+00:00</time>
      </trkpt>
      <trkpt lat="48.72442" lon="2.09996">
        <ele>163</ele>
        <time>2026-05-14T09:58:55+00:00</time>
      </trkpt>
      <trkpt lat="48.72421" lon="2.10011">
        <ele>164</ele>
        <time>2026-05-14T09:58:56+00:00</time>
      </trkpt>
      <trkpt lat="48.72414" lon="2.10022">
        <ele>164</ele>
        <time>2026-05-14T09:58:57+00:00</time>
      </trkpt>
      <trkpt lat="48.72414" lon="2.10045">
        <ele>165</ele>
        <time>2026-05-14T09:58:58+00:00</time>
      </trkpt>
      <trkpt lat="48.72403" lon="2.10069">
        <ele>165</ele>
        <time>2026-05-14T09:58:59+00:00</time>
      </trkpt>
      <trkpt lat="48.7243" lon="2.1011">
        <ele>165</ele>
        <time>2026-05-14T09:59:00+00:00</time>
      </trkpt>
      <trkpt lat="48.7239" lon="2.1018">
        <ele>163</ele>
        <time>2026-05-14T09:59:01+00:00</time>
      </trkpt>
      <trkpt lat="48.72366" lon="2.10189">
        <ele>161</ele>
        <time>2026-05-14T09:59:02+00:00</time>
      </trkpt>
      <trkpt lat="48.72354" lon="2.10205">
        <ele>160</ele>
        <time>2026-05-14T09:59:03+00:00</time>
      </trkpt>
      <trkpt lat="48.72335" lon="2.10246">
        <ele>159</ele>
        <time>2026-05-14T09:59:04+00:00</time>
      </trkpt>
      <trkpt lat="48.72336" lon="2.10286">
        <ele>158</ele>
        <time>2026-05-14T09:59:05+00:00</time>
      </trkpt>
      <trkpt lat="48.72331" lon="2.10305">
        <ele>158</ele>
        <time>2026-05-14T09:59:06+00:00</time>
      </trkpt>
      <trkpt lat="48.72326" lon="2.10381">
        <ele>153</ele>
        <time>2026-05-14T09:59:07+00:00</time>
      </trkpt>
      <trkpt lat="48.7232" lon="2.10399">
        <ele>153</ele>
        <time>2026-05-14T09:59:08+00:00</time>
      </trkpt>
      <trkpt lat="48.72313" lon="2.10411">
        <ele>152</ele>
        <time>2026-05-14T09:59:09+00:00</time>
      </trkpt>
      <trkpt lat="48.72303" lon="2.10421">
        <ele>152</ele>
        <time>2026-05-14T09:59:10+00:00</time>
      </trkpt>
      <trkpt lat="48.72276" lon="2.10441">
        <ele>153</ele>
        <time>2026-05-14T09:59:11+00:00</time>
      </trkpt>
      <trkpt lat="48.72236" lon="2.10466">
        <ele>155</ele>
        <time>2026-05-14T09:59:12+00:00</time>
      </trkpt>
      <trkpt lat="48.72173" lon="2.10512">
        <ele>157</ele>
        <time>2026-05-14T09:59:13+00:00</time>
      </trkpt>
      <trkpt lat="48.72145" lon="2.10539">
        <ele>156</ele>
        <time>2026-05-14T09:59:14+00:00</time>
      </trkpt>
      <trkpt lat="48.72078" lon="2.10568">
        <ele>160</ele>
        <time>2026-05-14T09:59:15+00:00</time>
      </trkpt>
      <trkpt lat="48.72062" lon="2.10616">
        <ele>157</ele>
        <time>2026-05-14T09:59:16+00:00</time>
      </trkpt>
      <trkpt lat="48.72053" lon="2.10622">
        <ele>158</ele>
        <time>2026-05-14T09:59:17+00:00</time>
      </trkpt>
      <trkpt lat="48.7202" lon="2.10621">
        <ele>162</ele>
        <time>2026-05-14T09:59:18+00:00</time>
      </trkpt>
      <trkpt lat="48.72002" lon="2.10645">
        <ele>163</ele>
        <time>2026-05-14T09:59:19+00:00</time>
      </trkpt>
      <trkpt lat="48.71991" lon="2.10655">
        <ele>163</ele>
        <time>2026-05-14T09:59:20+00:00</time>
      </trkpt>
      <trkpt lat="48.71982" lon="2.1067">
        <ele>163</ele>
        <time>2026-05-14T09:59:21+00:00</time>
      </trkpt>
      <trkpt lat="48.71959" lon="2.10698">
        <ele>162</ele>
        <time>2026-05-14T09:59:22+00:00</time>
      </trkpt>
      <trkpt lat="48.71942" lon="2.10712">
        <ele>162</ele>
        <time>2026-05-14T09:59:23+00:00</time>
      </trkpt>
      <trkpt lat="48.71925" lon="2.1072">
        <ele>163</ele>
        <time>2026-05-14T09:59:24+00:00</time>
      </trkpt>
      <trkpt lat="48.71909" lon="2.10723">
        <ele>163</ele>
        <time>2026-05-14T09:59:25+00:00</time>
      </trkpt>
      <trkpt lat="48.71893" lon="2.10716">
        <ele>162</ele>
        <time>2026-05-14T09:59:26+00:00</time>
      </trkpt>
      <trkpt lat="48.71877" lon="2.10745">
        <ele>161</ele>
        <time>2026-05-14T09:59:27+00:00</time>
      </trkpt>
      <trkpt lat="48.71846" lon="2.1076">
        <ele>160</ele>
        <time>2026-05-14T09:59:28+00:00</time>
      </trkpt>
      <trkpt lat="48.71804" lon="2.10794">
        <ele>159</ele>
        <time>2026-05-14T09:59:29+00:00</time>
      </trkpt>
      <trkpt lat="48.71774" lon="2.10841">
        <ele>157</ele>
        <time>2026-05-14T09:59:30+00:00</time>
      </trkpt>
      <trkpt lat="48.71743" lon="2.10882">
        <ele>157</ele>
        <time>2026-05-14T09:59:31+00:00</time>
      </trkpt>
      <trkpt lat="48.71723" lon="2.1089">
        <ele>158</ele>
        <time>2026-05-14T09:59:32+00:00</time>
      </trkpt>
      <trkpt lat="48.71708" lon="2.10906">
        <ele>158</ele>
        <time>2026-05-14T09:59:33+00:00</time>
      </trkpt>
      <trkpt lat="48.717" lon="2.10907">
        <ele>158</ele>
        <time>2026-05-14T09:59:34+00:00</time>
      </trkpt>
      <trkpt lat="48.71675" lon="2.10891">
        <ele>158</ele>
        <time>2026-05-14T09:59:35+00:00</time>
      </trkpt>
      <trkpt lat="48.71671" lon="2.10974">
        <ele>160</ele>
        <time>2026-05-14T09:59:36+00:00</time>
      </trkpt>
      <trkpt lat="48.71675" lon="2.10995">
        <ele>161</ele>
        <time>2026-05-14T09:59:37+00:00</time>
      </trkpt>
      <trkpt lat="48.71674" lon="2.11014">
        <ele>161</ele>
        <time>2026-05-14T09:59:38+00:00</time>
      </trkpt>
      <trkpt lat="48.71672" lon="2.11019">
        <ele>161</ele>
        <time>2026-05-14T09:59:39+00:00</time>
      </trkpt>
      <trkpt lat="48.71658" lon="2.11032">
        <ele>161</ele>
        <time>2026-05-14T09:59:40+00:00</time>
      </trkpt>
      <trkpt lat="48.71656" lon="2.11051">
        <ele>161</ele>
        <time>2026-05-14T09:59:41+00:00</time>
      </trkpt>
      <trkpt lat="48.71658" lon="2.11057">
        <ele>161</ele>
        <time>2026-05-14T09:59:42+00:00</time>
      </trkpt>
      <trkpt lat="48.71699" lon="2.11106">
        <ele>160</ele>
        <time>2026-05-14T09:59:43+00:00</time>
      </trkpt>
      <trkpt lat="48.71706" lon="2.11122">
        <ele>159</ele>
        <time>2026-05-14T09:59:44+00:00</time>
      </trkpt>
      <trkpt lat="48.71711" lon="2.11149">
        <ele>157</ele>
        <time>2026-05-14T09:59:45+00:00</time>
      </trkpt>
      <trkpt lat="48.71722" lon="2.11159">
        <ele>157</ele>
        <time>2026-05-14T09:59:46+00:00</time>
      </trkpt>
      <trkpt lat="48.71742" lon="2.11168">
        <ele>158</ele>
        <time>2026-05-14T09:59:47+00:00</time>
      </trkpt>
      <trkpt lat="48.71753" lon="2.11177">
        <ele>156</ele>
        <time>2026-05-14T09:59:48+00:00</time>
      </trkpt>
      <trkpt lat="48.71756" lon="2.11191">
        <ele>154</ele>
        <time>2026-05-14T09:59:49+00:00</time>
      </trkpt>
      <trkpt lat="48.71755" lon="2.112">
        <ele>154</ele>
        <time>2026-05-14T09:59:50+00:00</time>
      </trkpt>
      <trkpt lat="48.71747" lon="2.11213">
        <ele>154</ele>
        <time>2026-05-14T09:59:51+00:00</time>
      </trkpt>
      <trkpt lat="48.71739" lon="2.11244">
        <ele>151</ele>
        <time>2026-05-14T09:59:52+00:00</time>
      </trkpt>
      <trkpt lat="48.71695" lon="2.11286">
        <ele>153</ele>
        <time>2026-05-14T09:59:53+00:00</time>
      </trkpt>
      <trkpt lat="48.71652" lon="2.11306">
        <ele>158</ele>
        <time>2026-05-14T09:59:54+00:00</time>
      </trkpt>
      <trkpt lat="48.71647" lon="2.11334">
        <ele>159</ele>
        <time>2026-05-14T09:59:55+00:00</time>
      </trkpt>
      <trkpt lat="48.71641" lon="2.11352">
        <ele>159</ele>
        <time>2026-05-14T09:59:56+00:00</time>
      </trkpt>
      <trkpt lat="48.71625" lon="2.11387">
        <ele>159</ele>
        <time>2026-05-14T09:59:57+00:00</time>
      </trkpt>
      <trkpt lat="48.71597" lon="2.11427">
        <ele>160</ele>
        <time>2026-05-14T09:59:58+00:00</time>
      </trkpt>
      <trkpt lat="48.71548" lon="2.11474">
        <ele>152</ele>
        <time>2026-05-14T09:59:59+00:00</time>
      </trkpt>
      <trkpt lat="48.71538" lon="2.11473">
        <ele>149</ele>
        <time>2026-05-14T10:00:00+00:00</time>
      </trkpt>
      <trkpt lat="48.71535" lon="2.1147">
        <ele>149</ele>
        <time>2026-05-14T10:00:01+00:00</time>
      </trkpt>
      <trkpt lat="48.71508" lon="2.11418">
        <ele>144</ele>
        <time>2026-05-14T10:00:02+00:00</time>
      </trkpt>
      <trkpt lat="48.715" lon="2.11374">
        <ele>141</ele>
        <time>2026-05-14T10:00:03+00:00</time>
      </trkpt>
      <trkpt lat="48.71498" lon="2.11283">
        <ele>141</ele>
        <time>2026-05-14T10:00:04+00:00</time>
      </trkpt>
      <trkpt lat="48.71496" lon="2.11275">
        <ele>141</ele>
        <time>2026-05-14T10:00:05+00:00</time>
      </trkpt>
      <trkpt lat="48.7149" lon="2.11272">
        <ele>140</ele>
        <time>2026-05-14T10:00:06+00:00</time>
      </trkpt>
      <trkpt lat="48.71486" lon="2.11279">
        <ele>139</ele>
        <time>2026-05-14T10:00:07+00:00</time>
      </trkpt>
      <trkpt lat="48.71481" lon="2.11313">
        <ele>138</ele>
        <time>2026-05-14T10:00:08+00:00</time>
      </trkpt>
      <trkpt lat="48.71457" lon="2.11359">
        <ele>133</ele>
        <time>2026-05-14T10:00:09+00:00</time>
      </trkpt>
      <trkpt lat="48.71429" lon="2.11429">
        <ele>124</ele>
        <time>2026-05-14T10:00:10+00:00</time>
      </trkpt>
      <trkpt lat="48.71441" lon="2.11492">
        <ele>124</ele>
        <time>2026-05-14T10:00:11+00:00</time>
      </trkpt>
      <trkpt lat="48.71452" lon="2.1163">
        <ele>115</ele>
        <time>2026-05-14T10:00:12+00:00</time>
      </trkpt>
      <trkpt lat="48.71502" lon="2.11765">
        <ele>102</ele>
        <time>2026-05-14T10:00:13+00:00</time>
      </trkpt>
      <trkpt lat="48.71502" lon="2.11836">
        <ele>90</ele>
        <time>2026-05-14T10:00:14+00:00</time>
      </trkpt>
      <trkpt lat="48.71531" lon="2.11991">
        <ele>84</ele>
        <time>2026-05-14T10:00:15+00:00</time>
      </trkpt>
      <trkpt lat="48.71545" lon="2.12124">
        <ele>83</ele>
        <time>2026-05-14T10:00:16+00:00</time>
      </trkpt>
      <trkpt lat="48.71579" lon="2.12198">
        <ele>87</ele>
        <time>2026-05-14T10:00:17+00:00</time>
      </trkpt>
      <trkpt lat="48.71575" lon="2.12222">
        <ele>89</ele>
        <time>2026-05-14T10:00:18+00:00</time>
      </trkpt>
      <trkpt lat="48.71577" lon="2.12259">
        <ele>93</ele>
        <time>2026-05-14T10:00:19+00:00</time>
      </trkpt>
      <trkpt lat="48.71575" lon="2.12273">
        <ele>96</ele>
        <time>2026-05-14T10:00:20+00:00</time>
      </trkpt>
      <trkpt lat="48.71578" lon="2.12301">
        <ele>100</ele>
        <time>2026-05-14T10:00:21+00:00</time>
      </trkpt>
      <trkpt lat="48.71584" lon="2.12308">
        <ele>102</ele>
        <time>2026-05-14T10:00:22+00:00</time>
      </trkpt>
      <trkpt lat="48.71584" lon="2.12317">
        <ele>103</ele>
        <time>2026-05-14T10:00:23+00:00</time>
      </trkpt>
      <trkpt lat="48.7157" lon="2.12318">
        <ele>103</ele>
        <time>2026-05-14T10:00:24+00:00</time>
      </trkpt>
      <trkpt lat="48.71562" lon="2.12323">
        <ele>104</ele>
        <time>2026-05-14T10:00:25+00:00</time>
      </trkpt>
      <trkpt lat="48.71542" lon="2.12325">
        <ele>103</ele>
        <time>2026-05-14T10:00:26+00:00</time>
      </trkpt>
      <trkpt lat="48.71537" lon="2.12334">
        <ele>104</ele>
        <time>2026-05-14T10:00:27+00:00</time>
      </trkpt>
      <trkpt lat="48.71521" lon="2.12341">
        <ele>105</ele>
        <time>2026-05-14T10:00:28+00:00</time>
      </trkpt>
      <trkpt lat="48.715" lon="2.12363">
        <ele>106</ele>
        <time>2026-05-14T10:00:29+00:00</time>
      </trkpt>
      <trkpt lat="48.71472" lon="2.12383">
        <ele>105</ele>
        <time>2026-05-14T10:00:30+00:00</time>
      </trkpt>
      <trkpt lat="48.71447" lon="2.12389">
        <ele>103</ele>
        <time>2026-05-14T10:00:31+00:00</time>
      </trkpt>
      <trkpt lat="48.71435" lon="2.12406">
        <ele>104</ele>
        <time>2026-05-14T10:00:32+00:00</time>
      </trkpt>
      <trkpt lat="48.71439" lon="2.12441">
        <ele>108</ele>
        <time>2026-05-14T10:00:33+00:00</time>
      </trkpt>
      <trkpt lat="48.71454" lon="2.12469">
        <ele>112</ele>
        <time>2026-05-14T10:00:34+00:00</time>
      </trkpt>
      <trkpt lat="48.71466" lon="2.12499">
        <ele>117</ele>
        <time>2026-05-14T10:00:35+00:00</time>
      </trkpt>
      <trkpt lat="48.71483" lon="2.12556">
        <ele>122</ele>
        <time>2026-05-14T10:00:36+00:00</time>
      </trkpt>
      <trkpt lat="48.71492" lon="2.12578">
        <ele>124</ele>
        <time>2026-05-14T10:00:37+00:00</time>
      </trkpt>
      <trkpt lat="48.71502" lon="2.12622">
        <ele>125</ele>
        <time>2026-05-14T10:00:38+00:00</time>
      </trkpt>
      <trkpt lat="48.71532" lon="2.12697">
        <ele>136</ele>
        <time>2026-05-14T10:00:39+00:00</time>
      </trkpt>
      <trkpt lat="48.71555" lon="2.12778">
        <ele>145</ele>
        <time>2026-05-14T10:00:40+00:00</time>
      </trkpt>
      <trkpt lat="48.71564" lon="2.12801">
        <ele>147</ele>
        <time>2026-05-14T10:00:41+00:00</time>
      </trkpt>
      <trkpt lat="48.71578" lon="2.12879">
        <ele>151</ele>
        <time>2026-05-14T10:00:42+00:00</time>
      </trkpt>
      <trkpt lat="48.71589" lon="2.12923">
        <ele>152</ele>
        <time>2026-05-14T10:00:43+00:00</time>
      </trkpt>
      <trkpt lat="48.71595" lon="2.12937">
        <ele>153</ele>
        <time>2026-05-14T10:00:44+00:00</time>
      </trkpt>
      <trkpt lat="48.71598" lon="2.12957">
        <ele>153</ele>
        <time>2026-05-14T10:00:45+00:00</time>
      </trkpt>
      <trkpt lat="48.71598" lon="2.12981">
        <ele>154</ele>
        <time>2026-05-14T10:00:46+00:00</time>
      </trkpt>
      <trkpt lat="48.71574" lon="2.12989">
        <ele>154</ele>
        <time>2026-05-14T10:00:47+00:00</time>
      </trkpt>
      <trkpt lat="48.71567" lon="2.12988">
        <ele>155</ele>
        <time>2026-05-14T10:00:48+00:00</time>
      </trkpt>
      <trkpt lat="48.71547" lon="2.12964">
        <ele>156</ele>
        <time>2026-05-14T10:00:49+00:00</time>
      </trkpt>
      <trkpt lat="48.71509" lon="2.12944">
        <ele>158</ele>
        <time>2026-05-14T10:00:50+00:00</time>
      </trkpt>
      <trkpt lat="48.71473" lon="2.12916">
        <ele>160</ele>
        <time>2026-05-14T10:00:51+00:00</time>
      </trkpt>
      <trkpt lat="48.71448" lon="2.12888">
        <ele>160</ele>
        <time>2026-05-14T10:00:52+00:00</time>
      </trkpt>
      <trkpt lat="48.71404" lon="2.12794">
        <ele>155</ele>
        <time>2026-05-14T10:00:53+00:00</time>
      </trkpt>
      <trkpt lat="48.71385" lon="2.12766">
        <ele>153</ele>
        <time>2026-05-14T10:00:54+00:00</time>
      </trkpt>
      <trkpt lat="48.71358" lon="2.12739">
        <ele>153</ele>
        <time>2026-05-14T10:00:55+00:00</time>
      </trkpt>
      <trkpt lat="48.71319" lon="2.12718">
        <ele>154</ele>
        <time>2026-05-14T10:00:56+00:00</time>
      </trkpt>
      <trkpt lat="48.71292" lon="2.12709">
        <ele>152</ele>
        <time>2026-05-14T10:00:57+00:00</time>
      </trkpt>
      <trkpt lat="48.71262" lon="2.12708">
        <ele>150</ele>
        <time>2026-05-14T10:00:58+00:00</time>
      </trkpt>
      <trkpt lat="48.71248" lon="2.12711">
        <ele>149</ele>
        <time>2026-05-14T10:00:59+00:00</time>
      </trkpt>
      <trkpt lat="48.71214" lon="2.12736">
        <ele>145</ele>
        <time>2026-05-14T10:01:00+00:00</time>
      </trkpt>
      <trkpt lat="48.71201" lon="2.12753">
        <ele>145</ele>
        <time>2026-05-14T10:01:01+00:00</time>
      </trkpt>
      <trkpt lat="48.71184" lon="2.12781">
        <ele>146</ele>
        <time>2026-05-14T10:01:02+00:00</time>
      </trkpt>
      <trkpt lat="48.71171" lon="2.12808">
        <ele>149</ele>
        <time>2026-05-14T10:01:03+00:00</time>
      </trkpt>
      <trkpt lat="48.71164" lon="2.12835">
        <ele>151</ele>
        <time>2026-05-14T10:01:04+00:00</time>
      </trkpt>
      <trkpt lat="48.71161" lon="2.1286">
        <ele>153</ele>
        <time>2026-05-14T10:01:05+00:00</time>
      </trkpt>
      <trkpt lat="48.71163" lon="2.12887">
        <ele>156</ele>
        <time>2026-05-14T10:01:06+00:00</time>
      </trkpt>
      <trkpt lat="48.71162" lon="2.12918">
        <ele>158</ele>
        <time>2026-05-14T10:01:07+00:00</time>
      </trkpt>
      <trkpt lat="48.71156" lon="2.12927">
        <ele>157</ele>
        <time>2026-05-14T10:01:08+00:00</time>
      </trkpt>
      <trkpt lat="48.71137" lon="2.12941">
        <ele>155</ele>
        <time>2026-05-14T10:01:09+00:00</time>
      </trkpt>
      <trkpt lat="48.71127" lon="2.12954">
        <ele>154</ele>
        <time>2026-05-14T10:01:10+00:00</time>
      </trkpt>
      <trkpt lat="48.7112" lon="2.1297">
        <ele>155</ele>
        <time>2026-05-14T10:01:11+00:00</time>
      </trkpt>
      <trkpt lat="48.71105" lon="2.12982">
        <ele>155</ele>
        <time>2026-05-14T10:01:12+00:00</time>
      </trkpt>
      <trkpt lat="48.71085" lon="2.13016">
        <ele>157</ele>
        <time>2026-05-14T10:01:13+00:00</time>
      </trkpt>
      <trkpt lat="48.7106" lon="2.13045">
        <ele>154</ele>
        <time>2026-05-14T10:01:14+00:00</time>
      </trkpt>
      <trkpt lat="48.71023" lon="2.13107">
        <ele>155</ele>
        <time>2026-05-14T10:01:15+00:00</time>
      </trkpt>
      <trkpt lat="48.70987" lon="2.13156">
        <ele>156</ele>
        <time>2026-05-14T10:01:16+00:00</time>
      </trkpt>
      <trkpt lat="48.7095" lon="2.13215">
        <ele>152</ele>
        <time>2026-05-14T10:01:17+00:00</time>
      </trkpt>
      <trkpt lat="48.70946" lon="2.13236">
        <ele>152</ele>
        <time>2026-05-14T10:01:18+00:00</time>
      </trkpt>
      <trkpt lat="48.70947" lon="2.1328">
        <ele>154</ele>
        <time>2026-05-14T10:01:19+00:00</time>
      </trkpt>
      <trkpt lat="48.7094" lon="2.13341">
        <ele>156</ele>
        <time>2026-05-14T10:01:20+00:00</time>
      </trkpt>
      <trkpt lat="48.70919" lon="2.13423">
        <ele>158</ele>
        <time>2026-05-14T10:01:21+00:00</time>
      </trkpt>
      <trkpt lat="48.70918" lon="2.13444">
        <ele>159</ele>
        <time>2026-05-14T10:01:22+00:00</time>
      </trkpt>
      <trkpt lat="48.70906" lon="2.13512">
        <ele>160</ele>
        <time>2026-05-14T10:01:23+00:00</time>
      </trkpt>
      <trkpt lat="48.70901" lon="2.13566">
        <ele>162</ele>
        <time>2026-05-14T10:01:24+00:00</time>
      </trkpt>
      <trkpt lat="48.70901" lon="2.13608">
        <ele>163</ele>
        <time>2026-05-14T10:01:25+00:00</time>
      </trkpt>
      <trkpt lat="48.70913" lon="2.13621">
        <ele>163</ele>
        <time>2026-05-14T10:01:26+00:00</time>
      </trkpt>
      <trkpt lat="48.70915" lon="2.13634">
        <ele>163</ele>
        <time>2026-05-14T10:01:27+00:00</time>
      </trkpt>
      <trkpt lat="48.70911" lon="2.13647">
        <ele>163</ele>
        <time>2026-05-14T10:01:28+00:00</time>
      </trkpt>
      <trkpt lat="48.70905" lon="2.13654">
        <ele>163</ele>
        <time>2026-05-14T10:01:29+00:00</time>
      </trkpt>
      <trkpt lat="48.70892" lon="2.13659">
        <ele>164</ele>
        <time>2026-05-14T10:01:30+00:00</time>
      </trkpt>
      <trkpt lat="48.70866" lon="2.13661">
        <ele>165</ele>
        <time>2026-05-14T10:01:31+00:00</time>
      </trkpt>
      <trkpt lat="48.7083" lon="2.13675">
        <ele>166</ele>
        <time>2026-05-14T10:01:32+00:00</time>
      </trkpt>
      <trkpt lat="48.70782" lon="2.13727">
        <ele>163</ele>
        <time>2026-05-14T10:01:33+00:00</time>
      </trkpt>
      <trkpt lat="48.70774" lon="2.1373">
        <ele>163</ele>
        <time>2026-05-14T10:01:34+00:00</time>
      </trkpt>
      <trkpt lat="48.70743" lon="2.13723">
        <ele>163</ele>
        <time>2026-05-14T10:01:35+00:00</time>
      </trkpt>
      <trkpt lat="48.70716" lon="2.13726">
        <ele>163</ele>
        <time>2026-05-14T10:01:36+00:00</time>
      </trkpt>
      <trkpt lat="48.70701" lon="2.13731">
        <ele>164</ele>
        <time>2026-05-14T10:01:37+00:00</time>
      </trkpt>
      <trkpt lat="48.70698" lon="2.13734">
        <ele>164</ele>
        <time>2026-05-14T10:01:38+00:00</time>
      </trkpt>
      <trkpt lat="48.70696" lon="2.13758">
        <ele>163</ele>
        <time>2026-05-14T10:01:39+00:00</time>
      </trkpt>
      <trkpt lat="48.70674" lon="2.1384">
        <ele>163</ele>
        <time>2026-05-14T10:01:40+00:00</time>
      </trkpt>
      <trkpt lat="48.70658" lon="2.13885">
        <ele>163</ele>
        <time>2026-05-14T10:01:41+00:00</time>
      </trkpt>
      <trkpt lat="48.70632" lon="2.13853">
        <ele>161</ele>
        <time>2026-05-14T10:01:42+00:00</time>
      </trkpt>
      <trkpt lat="48.70601" lon="2.13823">
        <ele>158</ele>
        <time>2026-05-14T10:01:43+00:00</time>
      </trkpt>
      <trkpt lat="48.706" lon="2.13902">
        <ele>161</ele>
        <time>2026-05-14T10:01:44+00:00</time>
      </trkpt>
      <trkpt lat="48.70605" lon="2.14283">
        <ele>162</ele>
        <time>2026-05-14T10:01:45+00:00</time>
      </trkpt>
      <trkpt lat="48.70564" lon="2.14664">
        <ele>167</ele>
        <time>2026-05-14T10:01:46+00:00</time>
      </trkpt>
      <trkpt lat="48.70558" lon="2.14703">
        <ele>167</ele>
        <time>2026-05-14T10:01:47+00:00</time>
      </trkpt>
      <trkpt lat="48.70561" lon="2.14688">
        <ele>167</ele>
        <time>2026-05-14T10:01:48+00:00</time>
      </trkpt>
      <trkpt lat="48.70528" lon="2.14714">
        <ele>161</ele>
        <time>2026-05-14T10:01:49+00:00</time>
      </trkpt>
      <trkpt lat="48.70506" lon="2.14725">
        <ele>157</ele>
        <time>2026-05-14T10:01:50+00:00</time>
      </trkpt>
      <trkpt lat="48.70488" lon="2.14718">
        <ele>151</ele>
        <time>2026-05-14T10:01:51+00:00</time>
      </trkpt>
      <trkpt lat="48.70459" lon="2.14716">
        <ele>140</ele>
        <time>2026-05-14T10:01:52+00:00</time>
      </trkpt>
      <trkpt lat="48.70415" lon="2.14724">
        <ele>124</ele>
        <time>2026-05-14T10:01:53+00:00</time>
      </trkpt>
      <trkpt lat="48.70407" lon="2.14715">
        <ele>122</ele>
        <time>2026-05-14T10:01:54+00:00</time>
      </trkpt>
      <trkpt lat="48.70397" lon="2.14696">
        <ele>119</ele>
        <time>2026-05-14T10:01:55+00:00</time>
      </trkpt>
      <trkpt lat="48.70386" lon="2.14689">
        <ele>117</ele>
        <time>2026-05-14T10:01:56+00:00</time>
      </trkpt>
      <trkpt lat="48.70373" lon="2.14692">
        <ele>114</ele>
        <time>2026-05-14T10:01:57+00:00</time>
      </trkpt>
      <trkpt lat="48.70359" lon="2.14699">
        <ele>110</ele>
        <time>2026-05-14T10:01:58+00:00</time>
      </trkpt>
      <trkpt lat="48.70354" lon="2.14704">
        <ele>109</ele>
        <time>2026-05-14T10:01:59+00:00</time>
      </trkpt>
      <trkpt lat="48.70349" lon="2.14715">
        <ele>108</ele>
        <time>2026-05-14T10:02:00+00:00</time>
      </trkpt>
      <trkpt lat="48.70277" lon="2.14703">
        <ele>94</ele>
        <time>2026-05-14T10:02:01+00:00</time>
      </trkpt>
      <trkpt lat="48.70231" lon="2.14703">
        <ele>87</ele>
        <time>2026-05-14T10:02:02+00:00</time>
      </trkpt>
      <trkpt lat="48.70224" lon="2.14704">
        <ele>87</ele>
        <time>2026-05-14T10:02:03+00:00</time>
      </trkpt>
      <trkpt lat="48.70224" lon="2.14709">
        <ele>87</ele>
        <time>2026-05-14T10:02:04+00:00</time>
      </trkpt>
      <trkpt lat="48.70199" lon="2.14708">
        <ele>85</ele>
        <time>2026-05-14T10:02:05+00:00</time>
      </trkpt>
      <trkpt lat="48.70176" lon="2.14747">
        <ele>83</ele>
        <time>2026-05-14T10:02:06+00:00</time>
      </trkpt>
      <trkpt lat="48.70156" lon="2.14794">
        <ele>81</ele>
        <time>2026-05-14T10:02:07+00:00</time>
      </trkpt>
      <trkpt lat="48.70143" lon="2.14839">
        <ele>81</ele>
        <time>2026-05-14T10:02:08+00:00</time>
      </trkpt>
      <trkpt lat="48.70136" lon="2.14887">
        <ele>82</ele>
        <time>2026-05-14T10:02:09+00:00</time>
      </trkpt>
      <trkpt lat="48.70122" lon="2.14939">
        <ele>82</ele>
        <time>2026-05-14T10:02:10+00:00</time>
      </trkpt>
      <trkpt lat="48.70113" lon="2.14968">
        <ele>82</ele>
        <time>2026-05-14T10:02:11+00:00</time>
      </trkpt>
      <trkpt lat="48.701" lon="2.14991">
        <ele>81</ele>
        <time>2026-05-14T10:02:12+00:00</time>
      </trkpt>
      <trkpt lat="48.69975" lon="2.14957">
        <ele>72</ele>
        <time>2026-05-14T10:02:13+00:00</time>
      </trkpt>
      <trkpt lat="48.69971" lon="2.1495">
        <ele>72</ele>
        <time>2026-05-14T10:02:14+00:00</time>
      </trkpt>
      <trkpt lat="48.69944" lon="2.14944">
        <ele>70</ele>
        <time>2026-05-14T10:02:15+00:00</time>
      </trkpt>
      <trkpt lat="48.69908" lon="2.15026">
        <ele>66</ele>
        <time>2026-05-14T10:02:16+00:00</time>
      </trkpt>
      <trkpt lat="48.69905" lon="2.15041">
        <ele>66</ele>
        <time>2026-05-14T10:02:17+00:00</time>
      </trkpt>
      <trkpt lat="48.69904" lon="2.15074">
        <ele>67</ele>
        <time>2026-05-14T10:02:18+00:00</time>
      </trkpt>
      <trkpt lat="48.699" lon="2.15086">
        <ele>66</ele>
        <time>2026-05-14T10:02:19+00:00</time>
      </trkpt>
      <trkpt lat="48.69871" lon="2.1508">
        <ele>64</ele>
        <time>2026-05-14T10:02:20+00:00</time>
      </trkpt>
      <trkpt lat="48.69866" lon="2.15082">
        <ele>63</ele>
        <time>2026-05-14T10:02:21+00:00</time>
      </trkpt>
      <trkpt lat="48.69862" lon="2.15088">
        <ele>63</ele>
        <time>2026-05-14T10:02:22+00:00</time>
      </trkpt>
      <trkpt lat="48.69846" lon="2.15192">
        <ele>62</ele>
        <time>2026-05-14T10:02:23+00:00</time>
      </trkpt>
      <trkpt lat="48.69831" lon="2.15317">
        <ele>61</ele>
        <time>2026-05-14T10:02:24+00:00</time>
      </trkpt>
      <trkpt lat="48.69815" lon="2.15335">
        <ele>61</ele>
        <time>2026-05-14T10:02:25+00:00</time>
      </trkpt>
      <trkpt lat="48.69779" lon="2.15328">
        <ele>62</ele>
        <time>2026-05-14T10:02:26+00:00</time>
      </trkpt>
      <trkpt lat="48.69762" lon="2.15327">
        <ele>63</ele>
        <time>2026-05-14T10:02:27+00:00</time>
      </trkpt>
      <trkpt lat="48.69783" lon="2.15338">
        <ele>62</ele>
        <time>2026-05-14T10:02:28+00:00</time>
      </trkpt>
      <trkpt lat="48.69797" lon="2.15354">
        <ele>62</ele>
        <time>2026-05-14T10:02:29+00:00</time>
      </trkpt>
      <trkpt lat="48.69765" lon="2.1556">
        <ele>62</ele>
        <time>2026-05-14T10:02:30+00:00</time>
      </trkpt>
      <trkpt lat="48.69816" lon="2.15797">
        <ele>61</ele>
        <time>2026-05-14T10:02:31+00:00</time>
      </trkpt>
      <trkpt lat="48.69757" lon="2.15864">
        <ele>61</ele>
        <time>2026-05-14T10:02:32+00:00</time>
      </trkpt>
      <trkpt lat="48.69692" lon="2.15897">
        <ele>63</ele>
        <time>2026-05-14T10:02:33+00:00</time>
      </trkpt>
      <trkpt lat="48.6968" lon="2.15953">
        <ele>64</ele>
        <time>2026-05-14T10:02:34+00:00</time>
      </trkpt>
      <trkpt lat="48.69676" lon="2.15951">
        <ele>64</ele>
        <time>2026-05-14T10:02:35+00:00</time>
      </trkpt>
      <trkpt lat="48.69666" lon="2.1599">
        <ele>66</ele>
        <time>2026-05-14T10:02:36+00:00</time>
      </trkpt>
      <trkpt lat="48.69579" lon="2.16">
        <ele>73</ele>
        <time>2026-05-14T10:02:37+00:00</time>
      </trkpt>
      <trkpt lat="48.69559" lon="2.16005">
        <ele>75</ele>
        <time>2026-05-14T10:02:38+00:00</time>
      </trkpt>
      <trkpt lat="48.69553" lon="2.16004">
        <ele>76</ele>
        <time>2026-05-14T10:02:39+00:00</time>
      </trkpt>
      <trkpt lat="48.69526" lon="2.1597">
        <ele>77</ele>
        <time>2026-05-14T10:02:40+00:00</time>
      </trkpt>
      <trkpt lat="48.69519" lon="2.15967">
        <ele>77</ele>
        <time>2026-05-14T10:02:41+00:00</time>
      </trkpt>
      <trkpt lat="48.6949" lon="2.15964">
        <ele>79</ele>
        <time>2026-05-14T10:02:42+00:00</time>
      </trkpt>
      <trkpt lat="48.69484" lon="2.15961">
        <ele>79</ele>
        <time>2026-05-14T10:02:43+00:00</time>
      </trkpt>
      <trkpt lat="48.69451" lon="2.15892">
        <ele>76</ele>
        <time>2026-05-14T10:02:44+00:00</time>
      </trkpt>
      <trkpt lat="48.69436" lon="2.15886">
        <ele>77</ele>
        <time>2026-05-14T10:02:45+00:00</time>
      </trkpt>
      <trkpt lat="48.6942" lon="2.15904">
        <ele>79</ele>
        <time>2026-05-14T10:02:46+00:00</time>
      </trkpt>
      <trkpt lat="48.69402" lon="2.15853">
        <ele>78</ele>
        <time>2026-05-14T10:02:47+00:00</time>
      </trkpt>
      <trkpt lat="48.69398" lon="2.15848">
        <ele>78</ele>
        <time>2026-05-14T10:02:48+00:00</time>
      </trkpt>
      <trkpt lat="48.69376" lon="2.15851">
        <ele>79</ele>
        <time>2026-05-14T10:02:49+00:00</time>
      </trkpt>
      <trkpt lat="48.69371" lon="2.15848">
        <ele>79</ele>
        <time>2026-05-14T10:02:50+00:00</time>
      </trkpt>
      <trkpt lat="48.69359" lon="2.15806">
        <ele>77</ele>
        <time>2026-05-14T10:02:51+00:00</time>
      </trkpt>
      <trkpt lat="48.69347" lon="2.15787">
        <ele>77</ele>
        <time>2026-05-14T10:02:52+00:00</time>
      </trkpt>
      <trkpt lat="48.69318" lon="2.15767">
        <ele>78</ele>
        <time>2026-05-14T10:02:53+00:00</time>
      </trkpt>
      <trkpt lat="48.693" lon="2.15777">
        <ele>79</ele>
        <time>2026-05-14T10:02:54+00:00</time>
      </trkpt>
      <trkpt lat="48.69231" lon="2.15675">
        <ele>79</ele>
        <time>2026-05-14T10:02:55+00:00</time>
      </trkpt>
      <trkpt lat="48.69222" lon="2.15687">
        <ele>80</ele>
        <time>2026-05-14T10:02:56+00:00</time>
      </trkpt>
      <trkpt lat="48.6912" lon="2.15509">
        <ele>79</ele>
        <time>2026-05-14T10:02:57+00:00</time>
      </trkpt>
      <trkpt lat="48.69151" lon="2.15458">
        <ele>76</ele>
        <time>2026-05-14T10:02:58+00:00</time>
      </trkpt>
      <trkpt lat="48.69163" lon="2.15446">
        <ele>76</ele>
        <time>2026-05-14T10:02:59+00:00</time>
      </trkpt>
      <trkpt lat="48.69165" lon="2.15434">
        <ele>76</ele>
        <time>2026-05-14T10:03:00+00:00</time>
      </trkpt>
      <trkpt lat="48.69182" lon="2.154">
        <ele>77</ele>
        <time>2026-05-14T10:03:01+00:00</time>
      </trkpt>
      <trkpt lat="48.69152" lon="2.15381">
        <ele>78</ele>
        <time>2026-05-14T10:03:02+00:00</time>
      </trkpt>
      <trkpt lat="48.6914" lon="2.15365">
        <ele>78</ele>
        <time>2026-05-14T10:03:03+00:00</time>
      </trkpt>
      <trkpt lat="48.6913" lon="2.15346">
        <ele>79</ele>
        <time>2026-05-14T10:03:04+00:00</time>
      </trkpt>
      <trkpt lat="48.69109" lon="2.15282">
        <ele>80</ele>
        <time>2026-05-14T10:03:05+00:00</time>
      </trkpt>
      <trkpt lat="48.69095" lon="2.15258">
        <ele>80</ele>
        <time>2026-05-14T10:03:06+00:00</time>
      </trkpt>
      <trkpt lat="48.69088" lon="2.15257">
        <ele>80</ele>
        <time>2026-05-14T10:03:07+00:00</time>
      </trkpt>
      <trkpt lat="48.69066" lon="2.15236">
        <ele>81</ele>
        <time>2026-05-14T10:03:08+00:00</time>
      </trkpt>
      <trkpt lat="48.69043" lon="2.15289">
        <ele>80</ele>
        <time>2026-05-14T10:03:09+00:00</time>
      </trkpt>
      <trkpt lat="48.69008" lon="2.1528">
        <ele>80</ele>
        <time>2026-05-14T10:03:10+00:00</time>
      </trkpt>
      <trkpt lat="48.68993" lon="2.15273">
        <ele>80</ele>
        <time>2026-05-14T10:03:11+00:00</time>
      </trkpt>
      <trkpt lat="48.69148" lon="2.14899">
        <ele>117</ele>
        <time>2026-05-14T10:03:12+00:00</time>
      </trkpt>
      <trkpt lat="48.69238" lon="2.14958">
        <ele>116</ele>
        <time>2026-05-14T10:03:13+00:00</time>
      </trkpt>
      <trkpt lat="48.69248" lon="2.14954">
        <ele>118</ele>
        <time>2026-05-14T10:03:14+00:00</time>
      </trkpt>
      <trkpt lat="48.69251" lon="2.1495">
        <ele>119</ele>
        <time>2026-05-14T10:03:15+00:00</time>
      </trkpt>
      <trkpt lat="48.6926" lon="2.14926">
        <ele>123</ele>
        <time>2026-05-14T10:03:16+00:00</time>
      </trkpt>
      <trkpt lat="48.69258" lon="2.14921">
        <ele>124</ele>
        <time>2026-05-14T10:03:17+00:00</time>
      </trkpt>
      <trkpt lat="48.6926" lon="2.14926">
        <ele>123</ele>
        <time>2026-05-14T10:03:18+00:00</time>
      </trkpt>
      <trkpt lat="48.69264" lon="2.14922">
        <ele>123</ele>
        <time>2026-05-14T10:03:19+00:00</time>
      </trkpt>
      <trkpt lat="48.69268" lon="2.14923">
        <ele>121</ele>
        <time>2026-05-14T10:03:20+00:00</time>
      </trkpt>
      <trkpt lat="48.69295" lon="2.14938">
        <ele>113</ele>
        <time>2026-05-14T10:03:21+00:00</time>
      </trkpt>
      <trkpt lat="48.69298" lon="2.14925">
        <ele>114</ele>
        <time>2026-05-14T10:03:22+00:00</time>
      </trkpt>
      <trkpt lat="48.69302" lon="2.14832">
        <ele>124</ele>
        <time>2026-05-14T10:03:23+00:00</time>
      </trkpt>
      <trkpt lat="48.69301" lon="2.14772">
        <ele>130</ele>
        <time>2026-05-14T10:03:24+00:00</time>
      </trkpt>
      <trkpt lat="48.69289" lon="2.14702">
        <ele>138</ele>
        <time>2026-05-14T10:03:25+00:00</time>
      </trkpt>
      <trkpt lat="48.6927" lon="2.14612">
        <ele>147</ele>
        <time>2026-05-14T10:03:26+00:00</time>
      </trkpt>
      <trkpt lat="48.6926" lon="2.1454">
        <ele>152</ele>
        <time>2026-05-14T10:03:27+00:00</time>
      </trkpt>
      <trkpt lat="48.69259" lon="2.14438">
        <ele>156</ele>
        <time>2026-05-14T10:03:28+00:00</time>
      </trkpt>
      <trkpt lat="48.69275" lon="2.1433">
        <ele>153</ele>
        <time>2026-05-14T10:03:29+00:00</time>
      </trkpt>
      <trkpt lat="48.69263" lon="2.14318">
        <ele>156</ele>
        <time>2026-05-14T10:03:30+00:00</time>
      </trkpt>
      <trkpt lat="48.69251" lon="2.14317">
        <ele>159</ele>
        <time>2026-05-14T10:03:31+00:00</time>
      </trkpt>
      <trkpt lat="48.69236" lon="2.14191">
        <ele>156</ele>
        <time>2026-05-14T10:03:32+00:00</time>
      </trkpt>
      <trkpt lat="48.6923" lon="2.14164">
        <ele>156</ele>
        <time>2026-05-14T10:03:33+00:00</time>
      </trkpt>
      <trkpt lat="48.69218" lon="2.1414">
        <ele>159</ele>
        <time>2026-05-14T10:03:34+00:00</time>
      </trkpt>
      <trkpt lat="48.69206" lon="2.14073">
        <ele>163</ele>
        <time>2026-05-14T10:03:35+00:00</time>
      </trkpt>
      <trkpt lat="48.69208" lon="2.13916">
        <ele>164</ele>
        <time>2026-05-14T10:03:36+00:00</time>
      </trkpt>
      <trkpt lat="48.69215" lon="2.13788">
        <ele>168</ele>
        <time>2026-05-14T10:03:37+00:00</time>
      </trkpt>
      <trkpt lat="48.69227" lon="2.13665">
        <ele>168</ele>
        <time>2026-05-14T10:03:38+00:00</time>
      </trkpt>
      <trkpt lat="48.69227" lon="2.13649">
        <ele>168</ele>
        <time>2026-05-14T10:03:39+00:00</time>
      </trkpt>
      <trkpt lat="48.69215" lon="2.13616">
        <ele>169</ele>
        <time>2026-05-14T10:03:40+00:00</time>
      </trkpt>
      <trkpt lat="48.69215" lon="2.13582">
        <ele>169</ele>
        <time>2026-05-14T10:03:41+00:00</time>
      </trkpt>
      <trkpt lat="48.69207" lon="2.13554">
        <ele>170</ele>
        <time>2026-05-14T10:03:42+00:00</time>
      </trkpt>
      <trkpt lat="48.69208" lon="2.13543">
        <ele>170</ele>
        <time>2026-05-14T10:03:43+00:00</time>
      </trkpt>
      <trkpt lat="48.69218" lon="2.13511">
        <ele>170</ele>
        <time>2026-05-14T10:03:44+00:00</time>
      </trkpt>
      <trkpt lat="48.69245" lon="2.13453">
        <ele>170</ele>
        <time>2026-05-14T10:03:45+00:00</time>
      </trkpt>
      <trkpt lat="48.69246" lon="2.1344">
        <ele>170</ele>
        <time>2026-05-14T10:03:46+00:00</time>
      </trkpt>
      <trkpt lat="48.69253" lon="2.13456">
        <ele>169</ele>
        <time>2026-05-14T10:03:47+00:00</time>
      </trkpt>
      <trkpt lat="48.69328" lon="2.13559">
        <ele>155</ele>
        <time>2026-05-14T10:03:48+00:00</time>
      </trkpt>
      <trkpt lat="48.69341" lon="2.13581">
        <ele>151</ele>
        <time>2026-05-14T10:03:49+00:00</time>
      </trkpt>
      <trkpt lat="48.69364" lon="2.13636">
        <ele>143</ele>
        <time>2026-05-14T10:03:50+00:00</time>
      </trkpt>
      <trkpt lat="48.6937" lon="2.13626">
        <ele>141</ele>
        <time>2026-05-14T10:03:51+00:00</time>
      </trkpt>
      <trkpt lat="48.69387" lon="2.13577">
        <ele>135</ele>
        <time>2026-05-14T10:03:52+00:00</time>
      </trkpt>
      <trkpt lat="48.69397" lon="2.13555">
        <ele>132</ele>
        <time>2026-05-14T10:03:53+00:00</time>
      </trkpt>
      <trkpt lat="48.69439" lon="2.13507">
        <ele>118</ele>
        <time>2026-05-14T10:03:54+00:00</time>
      </trkpt>
      <trkpt lat="48.69443" lon="2.13404">
        <ele>122</ele>
        <time>2026-05-14T10:03:55+00:00</time>
      </trkpt>
      <trkpt lat="48.69449" lon="2.13373">
        <ele>120</ele>
        <time>2026-05-14T10:03:56+00:00</time>
      </trkpt>
      <trkpt lat="48.69458" lon="2.13355">
        <ele>117</ele>
        <time>2026-05-14T10:03:57+00:00</time>
      </trkpt>
      <trkpt lat="48.69466" lon="2.13317">
        <ele>115</ele>
        <time>2026-05-14T10:03:58+00:00</time>
      </trkpt>
      <trkpt lat="48.69467" lon="2.1327">
        <ele>114</ele>
        <time>2026-05-14T10:03:59+00:00</time>
      </trkpt>
      <trkpt lat="48.6947" lon="2.13253">
        <ele>112</ele>
        <time>2026-05-14T10:04:00+00:00</time>
      </trkpt>
      <trkpt lat="48.69468" lon="2.1319">
        <ele>112</ele>
        <time>2026-05-14T10:04:01+00:00</time>
      </trkpt>
      <trkpt lat="48.69465" lon="2.13177">
        <ele>113</ele>
        <time>2026-05-14T10:04:02+00:00</time>
      </trkpt>
      <trkpt lat="48.69441" lon="2.13134">
        <ele>117</ele>
        <time>2026-05-14T10:04:03+00:00</time>
      </trkpt>
      <trkpt lat="48.69421" lon="2.13106">
        <ele>120</ele>
        <time>2026-05-14T10:04:04+00:00</time>
      </trkpt>
      <trkpt lat="48.6941" lon="2.13095">
        <ele>122</ele>
        <time>2026-05-14T10:04:05+00:00</time>
      </trkpt>
      <trkpt lat="48.69404" lon="2.13082">
        <ele>123</ele>
        <time>2026-05-14T10:04:06+00:00</time>
      </trkpt>
      <trkpt lat="48.69401" lon="2.13064">
        <ele>123</ele>
        <time>2026-05-14T10:04:07+00:00</time>
      </trkpt>
      <trkpt lat="48.69402" lon="2.13045">
        <ele>122</ele>
        <time>2026-05-14T10:04:08+00:00</time>
      </trkpt>
      <trkpt lat="48.69409" lon="2.13017">
        <ele>118</ele>
        <time>2026-05-14T10:04:09+00:00</time>
      </trkpt>
      <trkpt lat="48.69443" lon="2.12926">
        <ele>106</ele>
        <time>2026-05-14T10:04:10+00:00</time>
      </trkpt>
      <trkpt lat="48.69446" lon="2.12889">
        <ele>105</ele>
        <time>2026-05-14T10:04:11+00:00</time>
      </trkpt>
      <trkpt lat="48.69436" lon="2.12792">
        <ele>108</ele>
        <time>2026-05-14T10:04:12+00:00</time>
      </trkpt>
      <trkpt lat="48.69413" lon="2.12727">
        <ele>115</ele>
        <time>2026-05-14T10:04:13+00:00</time>
      </trkpt>
      <trkpt lat="48.69407" lon="2.12735">
        <ele>116</ele>
        <time>2026-05-14T10:04:14+00:00</time>
      </trkpt>
      <trkpt lat="48.69401" lon="2.1275">
        <ele>118</ele>
        <time>2026-05-14T10:04:15+00:00</time>
      </trkpt>
      <trkpt lat="48.69395" lon="2.12756">
        <ele>119</ele>
        <time>2026-05-14T10:04:16+00:00</time>
      </trkpt>
      <trkpt lat="48.6939" lon="2.12758">
        <ele>120</ele>
        <time>2026-05-14T10:04:17+00:00</time>
      </trkpt>
      <trkpt lat="48.69381" lon="2.12756">
        <ele>122</ele>
        <time>2026-05-14T10:04:18+00:00</time>
      </trkpt>
      <trkpt lat="48.69372" lon="2.1276">
        <ele>124</ele>
        <time>2026-05-14T10:04:19+00:00</time>
      </trkpt>
      <trkpt lat="48.69347" lon="2.12799">
        <ele>130</ele>
        <time>2026-05-14T10:04:20+00:00</time>
      </trkpt>
      <trkpt lat="48.69328" lon="2.12839">
        <ele>136</ele>
        <time>2026-05-14T10:04:21+00:00</time>
      </trkpt>
      <trkpt lat="48.69324" lon="2.12842">
        <ele>137</ele>
        <time>2026-05-14T10:04:22+00:00</time>
      </trkpt>
      <trkpt lat="48.69321" lon="2.12841">
        <ele>138</ele>
        <time>2026-05-14T10:04:23+00:00</time>
      </trkpt>
      <trkpt lat="48.69322" lon="2.12789">
        <ele>137</ele>
        <time>2026-05-14T10:04:24+00:00</time>
      </trkpt>
      <trkpt lat="48.69296" lon="2.12766">
        <ele>145</ele>
        <time>2026-05-14T10:04:25+00:00</time>
      </trkpt>
      <trkpt lat="48.69291" lon="2.12754">
        <ele>147</ele>
        <time>2026-05-14T10:04:26+00:00</time>
      </trkpt>
      <trkpt lat="48.69287" lon="2.12732">
        <ele>148</ele>
        <time>2026-05-14T10:04:27+00:00</time>
      </trkpt>
      <trkpt lat="48.69284" lon="2.12697">
        <ele>149</ele>
        <time>2026-05-14T10:04:28+00:00</time>
      </trkpt>
      <trkpt lat="48.69288" lon="2.12682">
        <ele>148</ele>
        <time>2026-05-14T10:04:29+00:00</time>
      </trkpt>
      <trkpt lat="48.69305" lon="2.12662">
        <ele>143</ele>
        <time>2026-05-14T10:04:30+00:00</time>
      </trkpt>
      <trkpt lat="48.69302" lon="2.12633">
        <ele>147</ele>
        <time>2026-05-14T10:04:31+00:00</time>
      </trkpt>
      <trkpt lat="48.69293" lon="2.12597">
        <ele>153</ele>
        <time>2026-05-14T10:04:32+00:00</time>
      </trkpt>
      <trkpt lat="48.69289" lon="2.12596">
        <ele>154</ele>
        <time>2026-05-14T10:04:33+00:00</time>
      </trkpt>
      <trkpt lat="48.69285" lon="2.12605">
        <ele>154</ele>
        <time>2026-05-14T10:04:34+00:00</time>
      </trkpt>
      <trkpt lat="48.69283" lon="2.12624">
        <ele>153</ele>
        <time>2026-05-14T10:04:35+00:00</time>
      </trkpt>
      <trkpt lat="48.69276" lon="2.12641">
        <ele>154</ele>
        <time>2026-05-14T10:04:36+00:00</time>
      </trkpt>
      <trkpt lat="48.69227" lon="2.12673">
        <ele>161</ele>
        <time>2026-05-14T10:04:37+00:00</time>
      </trkpt>
      <trkpt lat="48.69208" lon="2.12691">
        <ele>162</ele>
        <time>2026-05-14T10:04:38+00:00</time>
      </trkpt>
      <trkpt lat="48.69214" lon="2.12646">
        <ele>163</ele>
        <time>2026-05-14T10:04:39+00:00</time>
      </trkpt>
      <trkpt lat="48.69365" lon="2.1225">
        <ele>167</ele>
        <time>2026-05-14T10:04:40+00:00</time>
      </trkpt>
      <trkpt lat="48.69396" lon="2.12253">
        <ele>163</ele>
        <time>2026-05-14T10:04:41+00:00</time>
      </trkpt>
      <trkpt lat="48.69442" lon="2.12235">
        <ele>152</ele>
        <time>2026-05-14T10:04:42+00:00</time>
      </trkpt>
      <trkpt lat="48.69449" lon="2.12227">
        <ele>150</ele>
        <time>2026-05-14T10:04:43+00:00</time>
      </trkpt>
      <trkpt lat="48.69458" lon="2.12203">
        <ele>149</ele>
        <time>2026-05-14T10:04:44+00:00</time>
      </trkpt>
      <trkpt lat="48.69465" lon="2.12171">
        <ele>150</ele>
        <time>2026-05-14T10:04:45+00:00</time>
      </trkpt>
      <trkpt lat="48.69465" lon="2.1215">
        <ele>151</ele>
        <time>2026-05-14T10:04:46+00:00</time>
      </trkpt>
      <trkpt lat="48.69462" lon="2.1213">
        <ele>151</ele>
        <time>2026-05-14T10:04:47+00:00</time>
      </trkpt>
      <trkpt lat="48.69453" lon="2.1211">
        <ele>153</ele>
        <time>2026-05-14T10:04:48+00:00</time>
      </trkpt>
      <trkpt lat="48.69431" lon="2.12105">
        <ele>158</ele>
        <time>2026-05-14T10:04:49+00:00</time>
      </trkpt>
      <trkpt lat="48.69421" lon="2.12105">
        <ele>160</ele>
        <time>2026-05-14T10:04:50+00:00</time>
      </trkpt>
      <trkpt lat="48.69415" lon="2.12108">
        <ele>161</ele>
        <time>2026-05-14T10:04:51+00:00</time>
      </trkpt>
      <trkpt lat="48.69415" lon="2.12098">
        <ele>161</ele>
        <time>2026-05-14T10:04:52+00:00</time>
      </trkpt>
      <trkpt lat="48.69375" lon="2.12094">
        <ele>161</ele>
        <time>2026-05-14T10:04:53+00:00</time>
      </trkpt>
      <trkpt lat="48.69358" lon="2.12089">
        <ele>162</ele>
        <time>2026-05-14T10:04:54+00:00</time>
      </trkpt>
      <trkpt lat="48.69236" lon="2.12036">
        <ele>165</ele>
        <time>2026-05-14T10:04:55+00:00</time>
      </trkpt>
      <trkpt lat="48.69231" lon="2.12032">
        <ele>165</ele>
        <time>2026-05-14T10:04:56+00:00</time>
      </trkpt>
      <trkpt lat="48.6916" lon="2.11918">
        <ele>165</ele>
        <time>2026-05-14T10:04:57+00:00</time>
      </trkpt>
      <trkpt lat="48.69122" lon="2.11835">
        <ele>165</ele>
        <time>2026-05-14T10:04:58+00:00</time>
      </trkpt>
      <trkpt lat="48.69101" lon="2.11797">
        <ele>165</ele>
        <time>2026-05-14T10:04:59+00:00</time>
      </trkpt>
      <trkpt lat="48.69094" lon="2.11778">
        <ele>165</ele>
        <time>2026-05-14T10:05:00+00:00</time>
      </trkpt>
      <trkpt lat="48.69087" lon="2.11775">
        <ele>165</ele>
        <time>2026-05-14T10:05:01+00:00</time>
      </trkpt>
      <trkpt lat="48.69082" lon="2.11768">
        <ele>165</ele>
        <time>2026-05-14T10:05:02+00:00</time>
      </trkpt>
      <trkpt lat="48.69071" lon="2.11733">
        <ele>164</ele>
        <time>2026-05-14T10:05:03+00:00</time>
      </trkpt>
      <trkpt lat="48.69065" lon="2.11725">
        <ele>164</ele>
        <time>2026-05-14T10:05:04+00:00</time>
      </trkpt>
      <trkpt lat="48.69059" lon="2.1171">
        <ele>163</ele>
        <time>2026-05-14T10:05:05+00:00</time>
      </trkpt>
      <trkpt lat="48.68999" lon="2.11619">
        <ele>160</ele>
        <time>2026-05-14T10:05:06+00:00</time>
      </trkpt>
      <trkpt lat="48.68982" lon="2.11617">
        <ele>161</ele>
        <time>2026-05-14T10:05:07+00:00</time>
      </trkpt>
      <trkpt lat="48.68981" lon="2.11527">
        <ele>160</ele>
        <time>2026-05-14T10:05:08+00:00</time>
      </trkpt>
      <trkpt lat="48.68985" lon="2.11515">
        <ele>160</ele>
        <time>2026-05-14T10:05:09+00:00</time>
      </trkpt>
      <trkpt lat="48.68978" lon="2.11508">
        <ele>160</ele>
        <time>2026-05-14T10:05:10+00:00</time>
      </trkpt>
      <trkpt lat="48.69002" lon="2.11444">
        <ele>159</ele>
        <time>2026-05-14T10:05:11+00:00</time>
      </trkpt>
      <trkpt lat="48.69004" lon="2.11433">
        <ele>159</ele>
        <time>2026-05-14T10:05:12+00:00</time>
      </trkpt>
      <trkpt lat="48.69" lon="2.11368">
        <ele>158</ele>
        <time>2026-05-14T10:05:13+00:00</time>
      </trkpt>
      <trkpt lat="48.69002" lon="2.11311">
        <ele>158</ele>
        <time>2026-05-14T10:05:14+00:00</time>
      </trkpt>
      <trkpt lat="48.69006" lon="2.11229">
        <ele>158</ele>
        <time>2026-05-14T10:05:15+00:00</time>
      </trkpt>
      <trkpt lat="48.69013" lon="2.112">
        <ele>158</ele>
        <time>2026-05-14T10:05:16+00:00</time>
      </trkpt>
      <trkpt lat="48.69012" lon="2.11188">
        <ele>158</ele>
        <time>2026-05-14T10:05:17+00:00</time>
      </trkpt>
      <trkpt lat="48.68986" lon="2.11139">
        <ele>159</ele>
        <time>2026-05-14T10:05:18+00:00</time>
      </trkpt>
      <trkpt lat="48.68976" lon="2.11104">
        <ele>159</ele>
        <time>2026-05-14T10:05:19+00:00</time>
      </trkpt>
      <trkpt lat="48.68977" lon="2.11091">
        <ele>159</ele>
        <time>2026-05-14T10:05:20+00:00</time>
      </trkpt>
      <trkpt lat="48.69007" lon="2.11014">
        <ele>157</ele>
        <time>2026-05-14T10:05:21+00:00</time>
      </trkpt>
      <trkpt lat="48.69021" lon="2.11004">
        <ele>156</ele>
        <time>2026-05-14T10:05:22+00:00</time>
      </trkpt>
      <trkpt lat="48.69017" lon="2.1099">
        <ele>156</ele>
        <time>2026-05-14T10:05:23+00:00</time>
      </trkpt>
      <trkpt lat="48.69" lon="2.1084">
        <ele>157</ele>
        <time>2026-05-14T10:05:24+00:00</time>
      </trkpt>
      <trkpt lat="48.69004" lon="2.10803">
        <ele>157</ele>
        <time>2026-05-14T10:05:25+00:00</time>
      </trkpt>
      <trkpt lat="48.69017" lon="2.10754">
        <ele>156</ele>
        <time>2026-05-14T10:05:26+00:00</time>
      </trkpt>
      <trkpt lat="48.69017" lon="2.10714">
        <ele>156</ele>
        <time>2026-05-14T10:05:27+00:00</time>
      </trkpt>
      <trkpt lat="48.6901" lon="2.10545">
        <ele>156</ele>
        <time>2026-05-14T10:05:28+00:00</time>
      </trkpt>
      <trkpt lat="48.69007" lon="2.10506">
        <ele>156</ele>
        <time>2026-05-14T10:05:29+00:00</time>
      </trkpt>
      <trkpt lat="48.68998" lon="2.10452">
        <ele>156</ele>
        <time>2026-05-14T10:05:30+00:00</time>
      </trkpt>
      <trkpt lat="48.68993" lon="2.10446">
        <ele>156</ele>
        <time>2026-05-14T10:05:31+00:00</time>
      </trkpt>
      <trkpt lat="48.68988" lon="2.10448">
        <ele>156</ele>
        <time>2026-05-14T10:05:32+00:00</time>
      </trkpt>
      <trkpt lat="48.68983" lon="2.10457">
        <ele>156</ele>
        <time>2026-05-14T10:05:33+00:00</time>
      </trkpt>
      <trkpt lat="48.68978" lon="2.1046">
        <ele>156</ele>
        <time>2026-05-14T10:05:34+00:00</time>
      </trkpt>
      <trkpt lat="48.68966" lon="2.10462">
        <ele>157</ele>
        <time>2026-05-14T10:05:35+00:00</time>
      </trkpt>
      <trkpt lat="48.68937" lon="2.10462">
        <ele>157</ele>
        <time>2026-05-14T10:05:36+00:00</time>
      </trkpt>
      <trkpt lat="48.68915" lon="2.10455">
        <ele>158</ele>
        <time>2026-05-14T10:05:37+00:00</time>
      </trkpt>
      <trkpt lat="48.68892" lon="2.10454">
        <ele>158</ele>
        <time>2026-05-14T10:05:38+00:00</time>
      </trkpt>
      <trkpt lat="48.68888" lon="2.10455">
        <ele>158</ele>
        <time>2026-05-14T10:05:39+00:00</time>
      </trkpt>
      <trkpt lat="48.68885" lon="2.1046">
        <ele>158</ele>
        <time>2026-05-14T10:05:40+00:00</time>
      </trkpt>
      <trkpt lat="48.68756" lon="2.10394">
        <ele>162</ele>
        <time>2026-05-14T10:05:41+00:00</time>
      </trkpt>
      <trkpt lat="48.68772" lon="2.1033">
        <ele>161</ele>
        <time>2026-05-14T10:05:42+00:00</time>
      </trkpt>
      <trkpt lat="48.68795" lon="2.10176">
        <ele>160</ele>
        <time>2026-05-14T10:05:43+00:00</time>
      </trkpt>
      <trkpt lat="48.6884" lon="2.10026">
        <ele>158</ele>
        <time>2026-05-14T10:05:44+00:00</time>
      </trkpt>
      <trkpt lat="48.68999" lon="2.09726">
        <ele>158</ele>
        <time>2026-05-14T10:05:45+00:00</time>
      </trkpt>
      <trkpt lat="48.69028" lon="2.09742">
        <ele>157</ele>
        <time>2026-05-14T10:05:46+00:00</time>
      </trkpt>
      <trkpt lat="48.69193" lon="2.09791">
        <ele>158</ele>
        <time>2026-05-14T10:05:47+00:00</time>
      </trkpt>
      <trkpt lat="48.6931" lon="2.09841">
        <ele>162</ele>
        <time>2026-05-14T10:05:48+00:00</time>
      </trkpt>
      <trkpt lat="48.69378" lon="2.09883">
        <ele>166</ele>
        <time>2026-05-14T10:05:49+00:00</time>
      </trkpt>
      <trkpt lat="48.69395" lon="2.0986">
        <ele>166</ele>
        <time>2026-05-14T10:05:50+00:00</time>
      </trkpt>
      <trkpt lat="48.69421" lon="2.09857">
        <ele>167</ele>
        <time>2026-05-14T10:05:51+00:00</time>
      </trkpt>
      <trkpt lat="48.69498" lon="2.09862">
        <ele>167</ele>
        <time>2026-05-14T10:05:52+00:00</time>
      </trkpt>
      <trkpt lat="48.69579" lon="2.09864">
        <ele>163</ele>
        <time>2026-05-14T10:05:53+00:00</time>
      </trkpt>
      <trkpt lat="48.69609" lon="2.09853">
        <ele>157</ele>
        <time>2026-05-14T10:05:54+00:00</time>
      </trkpt>
      <trkpt lat="48.69632" lon="2.0984">
        <ele>152</ele>
        <time>2026-05-14T10:05:55+00:00</time>
      </trkpt>
      <trkpt lat="48.6965" lon="2.09819">
        <ele>149</ele>
        <time>2026-05-14T10:05:56+00:00</time>
      </trkpt>
      <trkpt lat="48.69668" lon="2.09791">
        <ele>147</ele>
        <time>2026-05-14T10:05:57+00:00</time>
      </trkpt>
      <trkpt lat="48.69686" lon="2.09752">
        <ele>142</ele>
        <time>2026-05-14T10:05:58+00:00</time>
      </trkpt>
      <trkpt lat="48.69703" lon="2.09734">
        <ele>136</ele>
        <time>2026-05-14T10:05:59+00:00</time>
      </trkpt>
      <trkpt lat="48.69734" lon="2.09686">
        <ele>125</ele>
        <time>2026-05-14T10:06:00+00:00</time>
      </trkpt>
      <trkpt lat="48.69741" lon="2.0968">
        <ele>122</ele>
        <time>2026-05-14T10:06:01+00:00</time>
      </trkpt>
      <trkpt lat="48.69821" lon="2.0974">
        <ele>106</ele>
        <time>2026-05-14T10:06:02+00:00</time>
      </trkpt>
      <trkpt lat="48.69887" lon="2.0978">
        <ele>98</ele>
        <time>2026-05-14T10:06:03+00:00</time>
      </trkpt>
      <trkpt lat="48.69973" lon="2.09826">
        <ele>90</ele>
        <time>2026-05-14T10:06:04+00:00</time>
      </trkpt>
      <trkpt lat="48.7002" lon="2.09611">
        <ele>91</ele>
        <time>2026-05-14T10:06:05+00:00</time>
      </trkpt>
      <trkpt lat="48.70073" lon="2.09445">
        <ele>88</ele>
        <time>2026-05-14T10:06:06+00:00</time>
      </trkpt>
      <trkpt lat="48.70121" lon="2.09281">
        <ele>88</ele>
        <time>2026-05-14T10:06:07+00:00</time>
      </trkpt>
      <trkpt lat="48.70149" lon="2.09201">
        <ele>89</ele>
        <time>2026-05-14T10:06:08+00:00</time>
      </trkpt>
      <trkpt lat="48.70159" lon="2.09181">
        <ele>90</ele>
        <time>2026-05-14T10:06:09+00:00</time>
      </trkpt>
      <trkpt lat="48.70179" lon="2.09126">
        <ele>89</ele>
        <time>2026-05-14T10:06:10+00:00</time>
      </trkpt>
      <trkpt lat="48.70197" lon="2.0898">
        <ele>87</ele>
        <time>2026-05-14T10:06:11+00:00</time>
      </trkpt>
      <trkpt lat="48.70202" lon="2.08968">
        <ele>87</ele>
        <time>2026-05-14T10:06:12+00:00</time>
      </trkpt>
      <trkpt lat="48.70207" lon="2.08964">
        <ele>86</ele>
        <time>2026-05-14T10:06:13+00:00</time>
      </trkpt>
      <trkpt lat="48.70278" lon="2.08961">
        <ele>80</ele>
        <time>2026-05-14T10:06:14+00:00</time>
      </trkpt>
      <trkpt lat="48.70282" lon="2.08956">
        <ele>80</ele>
        <time>2026-05-14T10:06:15+00:00</time>
      </trkpt>
      <trkpt lat="48.70297" lon="2.08878">
        <ele>79</ele>
        <time>2026-05-14T10:06:16+00:00</time>
      </trkpt>
      <trkpt lat="48.70302" lon="2.08867">
        <ele>79</ele>
        <time>2026-05-14T10:06:17+00:00</time>
      </trkpt>
      <trkpt lat="48.7031" lon="2.08862">
        <ele>79</ele>
        <time>2026-05-14T10:06:18+00:00</time>
      </trkpt>
      <trkpt lat="48.70337" lon="2.08869">
        <ele>78</ele>
        <time>2026-05-14T10:06:19+00:00</time>
      </trkpt>
      <trkpt lat="48.70353" lon="2.08863">
        <ele>77</ele>
        <time>2026-05-14T10:06:20+00:00</time>
      </trkpt>
      <trkpt lat="48.70364" lon="2.08855">
        <ele>77</ele>
        <time>2026-05-14T10:06:21+00:00</time>
      </trkpt>
      <trkpt lat="48.70367" lon="2.08846">
        <ele>78</ele>
        <time>2026-05-14T10:06:22+00:00</time>
      </trkpt>
      <trkpt lat="48.70362" lon="2.08795">
        <ele>78</ele>
        <time>2026-05-14T10:06:23+00:00</time>
      </trkpt>
      <trkpt lat="48.70373" lon="2.08648">
        <ele>75</ele>
        <time>2026-05-14T10:06:24+00:00</time>
      </trkpt>
      <trkpt lat="48.70384" lon="2.08565">
        <ele>74</ele>
        <time>2026-05-14T10:06:25+00:00</time>
      </trkpt>
      <trkpt lat="48.70384" lon="2.08485">
        <ele>76</ele>
        <time>2026-05-14T10:06:26+00:00</time>
      </trkpt>
      <trkpt lat="48.70385" lon="2.08468">
        <ele>76</ele>
        <time>2026-05-14T10:06:27+00:00</time>
      </trkpt>
      <trkpt lat="48.70389" lon="2.08457">
        <ele>76</ele>
        <time>2026-05-14T10:06:28+00:00</time>
      </trkpt>
      <trkpt lat="48.70384" lon="2.08445">
        <ele>76</ele>
        <time>2026-05-14T10:06:29+00:00</time>
      </trkpt>
      <trkpt lat="48.70371" lon="2.08315">
        <ele>76</ele>
        <time>2026-05-14T10:06:30+00:00</time>
      </trkpt>
      <trkpt lat="48.70361" lon="2.08272">
        <ele>77</ele>
        <time>2026-05-14T10:06:31+00:00</time>
      </trkpt>
      <trkpt lat="48.70344" lon="2.08234">
        <ele>79</ele>
        <time>2026-05-14T10:06:32+00:00</time>
      </trkpt>
      <trkpt lat="48.70298" lon="2.08173">
        <ele>83</ele>
        <time>2026-05-14T10:06:33+00:00</time>
      </trkpt>
      <trkpt lat="48.70257" lon="2.08127">
        <ele>86</ele>
        <time>2026-05-14T10:06:34+00:00</time>
      </trkpt>
      <trkpt lat="48.70265" lon="2.08112">
        <ele>86</ele>
        <time>2026-05-14T10:06:35+00:00</time>
      </trkpt>
      <trkpt lat="48.70268" lon="2.08098">
        <ele>86</ele>
        <time>2026-05-14T10:06:36+00:00</time>
      </trkpt>
      <trkpt lat="48.70274" lon="2.07982">
        <ele>87</ele>
        <time>2026-05-14T10:06:37+00:00</time>
      </trkpt>
      <trkpt lat="48.70294" lon="2.07704">
        <ele>84</ele>
        <time>2026-05-14T10:06:38+00:00</time>
      </trkpt>
      <trkpt lat="48.70296" lon="2.07633">
        <ele>84</ele>
        <time>2026-05-14T10:06:39+00:00</time>
      </trkpt>
      <trkpt lat="48.70292" lon="2.0761">
        <ele>85</ele>
        <time>2026-05-14T10:06:40+00:00</time>
      </trkpt>
      <trkpt lat="48.7025" lon="2.07517">
        <ele>86</ele>
        <time>2026-05-14T10:06:41+00:00</time>
      </trkpt>
      <trkpt lat="48.70184" lon="2.0739">
        <ele>92</ele>
        <time>2026-05-14T10:06:42+00:00</time>
      </trkpt>
      <trkpt lat="48.70146" lon="2.07238">
        <ele>93</ele>
        <time>2026-05-14T10:06:43+00:00</time>
      </trkpt>
      <trkpt lat="48.70097" lon="2.07127">
        <ele>94</ele>
        <time>2026-05-14T10:06:44+00:00</time>
      </trkpt>
      <trkpt lat="48.70299" lon="2.07079">
        <ele>79</ele>
        <time>2026-05-14T10:06:45+00:00</time>
      </trkpt>
      <trkpt lat="48.70295" lon="2.06982">
        <ele>79</ele>
        <time>2026-05-14T10:06:46+00:00</time>
      </trkpt>
      <trkpt lat="48.70302" lon="2.06962">
        <ele>78</ele>
        <time>2026-05-14T10:06:47+00:00</time>
      </trkpt>
      <trkpt lat="48.7032" lon="2.06958">
        <ele>77</ele>
        <time>2026-05-14T10:06:48+00:00</time>
      </trkpt>
      <trkpt lat="48.7032" lon="2.0694">
        <ele>77</ele>
        <time>2026-05-14T10:06:49+00:00</time>
      </trkpt>
      <trkpt lat="48.70322" lon="2.06935">
        <ele>76</ele>
        <time>2026-05-14T10:06:50+00:00</time>
      </trkpt>
      <trkpt lat="48.70318" lon="2.06918">
        <ele>76</ele>
        <time>2026-05-14T10:06:51+00:00</time>
      </trkpt>
      <trkpt lat="48.70284" lon="2.06844">
        <ele>78</ele>
        <time>2026-05-14T10:06:52+00:00</time>
      </trkpt>
      <trkpt lat="48.70273" lon="2.06795">
        <ele>78</ele>
        <time>2026-05-14T10:06:53+00:00</time>
      </trkpt>
      <trkpt lat="48.7026" lon="2.06706">
        <ele>78</ele>
        <time>2026-05-14T10:06:54+00:00</time>
      </trkpt>
      <trkpt lat="48.70256" lon="2.0666">
        <ele>78</ele>
        <time>2026-05-14T10:06:55+00:00</time>
      </trkpt>
      <trkpt lat="48.7024" lon="2.06611">
        <ele>78</ele>
        <time>2026-05-14T10:06:56+00:00</time>
      </trkpt>
      <trkpt lat="48.70229" lon="2.06548">
        <ele>78</ele>
        <time>2026-05-14T10:06:57+00:00</time>
      </trkpt>
      <trkpt lat="48.70227" lon="2.06502">
        <ele>79</ele>
        <time>2026-05-14T10:06:58+00:00</time>
      </trkpt>
      <trkpt lat="48.70231" lon="2.06443">
        <ele>80</ele>
        <time>2026-05-14T10:06:59+00:00</time>
      </trkpt>
      <trkpt lat="48.70231" lon="2.06324">
        <ele>80</ele>
        <time>2026-05-14T10:07:00+00:00</time>
      </trkpt>
      <trkpt lat="48.70234" lon="2.06294">
        <ele>81</ele>
        <time>2026-05-14T10:07:01+00:00</time>
      </trkpt>
      <trkpt lat="48.70258" lon="2.06191">
        <ele>80</ele>
        <time>2026-05-14T10:07:02+00:00</time>
      </trkpt>
      <trkpt lat="48.70261" lon="2.06079">
        <ele>81</ele>
        <time>2026-05-14T10:07:03+00:00</time>
      </trkpt>
      <trkpt lat="48.70274" lon="2.05817">
        <ele>82</ele>
        <time>2026-05-14T10:07:04+00:00</time>
      </trkpt>
      <trkpt lat="48.70269" lon="2.05734">
        <ele>82</ele>
        <time>2026-05-14T10:07:05+00:00</time>
      </trkpt>
      <trkpt lat="48.70264" lon="2.05706">
        <ele>81</ele>
        <time>2026-05-14T10:07:06+00:00</time>
      </trkpt>
      <trkpt lat="48.70251" lon="2.05669">
        <ele>81</ele>
        <time>2026-05-14T10:07:07+00:00</time>
      </trkpt>
      <trkpt lat="48.70233" lon="2.05593">
        <ele>82</ele>
        <time>2026-05-14T10:07:08+00:00</time>
      </trkpt>
      <trkpt lat="48.70231" lon="2.05574">
        <ele>82</ele>
        <time>2026-05-14T10:07:09+00:00</time>
      </trkpt>
      <trkpt lat="48.70238" lon="2.05557">
        <ele>81</ele>
        <time>2026-05-14T10:07:10+00:00</time>
      </trkpt>
      <trkpt lat="48.70235" lon="2.05524">
        <ele>80</ele>
        <time>2026-05-14T10:07:11+00:00</time>
      </trkpt>
      <trkpt lat="48.70225" lon="2.05513">
        <ele>81</ele>
        <time>2026-05-14T10:07:12+00:00</time>
      </trkpt>
      <trkpt lat="48.70219" lon="2.05496">
        <ele>81</ele>
        <time>2026-05-14T10:07:13+00:00</time>
      </trkpt>
      <trkpt lat="48.70207" lon="2.05356">
        <ele>88</ele>
        <time>2026-05-14T10:07:14+00:00</time>
      </trkpt>
      <trkpt lat="48.70208" lon="2.05328">
        <ele>90</ele>
        <time>2026-05-14T10:07:15+00:00</time>
      </trkpt>
      <trkpt lat="48.70213" lon="2.05318">
        <ele>90</ele>
        <time>2026-05-14T10:07:16+00:00</time>
      </trkpt>
      <trkpt lat="48.70215" lon="2.05304">
        <ele>90</ele>
        <time>2026-05-14T10:07:17+00:00</time>
      </trkpt>
      <trkpt lat="48.70223" lon="2.05301">
        <ele>89</ele>
        <time>2026-05-14T10:07:18+00:00</time>
      </trkpt>
      <trkpt lat="48.70231" lon="2.05293">
        <ele>89</ele>
        <time>2026-05-14T10:07:19+00:00</time>
      </trkpt>
      <trkpt lat="48.70244" lon="2.05267">
        <ele>90</ele>
        <time>2026-05-14T10:07:20+00:00</time>
      </trkpt>
      <trkpt lat="48.70262" lon="2.05222">
        <ele>89</ele>
        <time>2026-05-14T10:07:21+00:00</time>
      </trkpt>
      <trkpt lat="48.70292" lon="2.05171">
        <ele>88</ele>
        <time>2026-05-14T10:07:22+00:00</time>
      </trkpt>
      <trkpt lat="48.70312" lon="2.05107">
        <ele>86</ele>
        <time>2026-05-14T10:07:23+00:00</time>
      </trkpt>
      <trkpt lat="48.70348" lon="2.05028">
        <ele>84</ele>
        <time>2026-05-14T10:07:24+00:00</time>
      </trkpt>
      <trkpt lat="48.70359" lon="2.04988">
        <ele>84</ele>
        <time>2026-05-14T10:07:25+00:00</time>
      </trkpt>
      <trkpt lat="48.70374" lon="2.04948">
        <ele>84</ele>
        <time>2026-05-14T10:07:26+00:00</time>
      </trkpt>
      <trkpt lat="48.70416" lon="2.04853">
        <ele>85</ele>
        <time>2026-05-14T10:07:27+00:00</time>
      </trkpt>
      <trkpt lat="48.70424" lon="2.04806">
        <ele>84</ele>
        <time>2026-05-14T10:07:28+00:00</time>
      </trkpt>
      <trkpt lat="48.70434" lon="2.04779">
        <ele>84</ele>
        <time>2026-05-14T10:07:29+00:00</time>
      </trkpt>
      <trkpt lat="48.70438" lon="2.04773">
        <ele>83</ele>
        <time>2026-05-14T10:07:30+00:00</time>
      </trkpt>
      <trkpt lat="48.70465" lon="2.04754">
        <ele>82</ele>
        <time>2026-05-14T10:07:31+00:00</time>
      </trkpt>
      <trkpt lat="48.70504" lon="2.04715">
        <ele>80</ele>
        <time>2026-05-14T10:07:32+00:00</time>
      </trkpt>
      <trkpt lat="48.70553" lon="2.04684">
        <ele>79</ele>
        <time>2026-05-14T10:07:33+00:00</time>
      </trkpt>
      <trkpt lat="48.70559" lon="2.04676">
        <ele>79</ele>
        <time>2026-05-14T10:07:34+00:00</time>
      </trkpt>
      <trkpt lat="48.70589" lon="2.04613">
        <ele>78</ele>
        <time>2026-05-14T10:07:35+00:00</time>
      </trkpt>
      <trkpt lat="48.70595" lon="2.04596">
        <ele>78</ele>
        <time>2026-05-14T10:07:36+00:00</time>
      </trkpt>
      <trkpt lat="48.70622" lon="2.04547">
        <ele>79</ele>
        <time>2026-05-14T10:07:37+00:00</time>
      </trkpt>
      <trkpt lat="48.70629" lon="2.04527">
        <ele>80</ele>
        <time>2026-05-14T10:07:38+00:00</time>
      </trkpt>
      <trkpt lat="48.70629" lon="2.04514">
        <ele>80</ele>
        <time>2026-05-14T10:07:39+00:00</time>
      </trkpt>
      <trkpt lat="48.70634" lon="2.04486">
        <ele>80</ele>
        <time>2026-05-14T10:07:40+00:00</time>
      </trkpt>
      <trkpt lat="48.70634" lon="2.04466">
        <ele>80</ele>
        <time>2026-05-14T10:07:41+00:00</time>
      </trkpt>
      <trkpt lat="48.70624" lon="2.04428">
        <ele>79</ele>
        <time>2026-05-14T10:07:42+00:00</time>
      </trkpt>
      <trkpt lat="48.70625" lon="2.04425">
        <ele>79</ele>
        <time>2026-05-14T10:07:43+00:00</time>
      </trkpt>
      <trkpt lat="48.70641" lon="2.0442">
        <ele>79</ele>
        <time>2026-05-14T10:07:44+00:00</time>
      </trkpt>
      <trkpt lat="48.70678" lon="2.04416">
        <ele>81</ele>
        <time>2026-05-14T10:07:45+00:00</time>
      </trkpt>
      <trkpt lat="48.70697" lon="2.04422">
        <ele>82</ele>
        <time>2026-05-14T10:07:46+00:00</time>
      </trkpt>
      <trkpt lat="48.70712" lon="2.04423">
        <ele>83</ele>
        <time>2026-05-14T10:07:47+00:00</time>
      </trkpt>
      <trkpt lat="48.70726" lon="2.04388">
        <ele>85</ele>
        <time>2026-05-14T10:07:48+00:00</time>
      </trkpt>
      <trkpt lat="48.70741" lon="2.04383">
        <ele>86</ele>
        <time>2026-05-14T10:07:49+00:00</time>
      </trkpt>
      <trkpt lat="48.7075" lon="2.04359">
        <ele>87</ele>
        <time>2026-05-14T10:07:50+00:00</time>
      </trkpt>
      <trkpt lat="48.70749" lon="2.04335">
        <ele>88</ele>
        <time>2026-05-14T10:07:51+00:00</time>
      </trkpt>
      <trkpt lat="48.70757" lon="2.04269">
        <ele>88</ele>
        <time>2026-05-14T10:07:52+00:00</time>
      </trkpt>
      <trkpt lat="48.70757" lon="2.04257">
        <ele>88</ele>
        <time>2026-05-14T10:07:53+00:00</time>
      </trkpt>
      <trkpt lat="48.70753" lon="2.04239">
        <ele>87</ele>
        <time>2026-05-14T10:07:54+00:00</time>
      </trkpt>
      <trkpt lat="48.7075" lon="2.04168">
        <ele>86</ele>
        <time>2026-05-14T10:07:55+00:00</time>
      </trkpt>
      <trkpt lat="48.70753" lon="2.04137">
        <ele>87</ele>
        <time>2026-05-14T10:07:56+00:00</time>
      </trkpt>
      <trkpt lat="48.70759" lon="2.04119">
        <ele>88</ele>
        <time>2026-05-14T10:07:57+00:00</time>
      </trkpt>
      <trkpt lat="48.70781" lon="2.04122">
        <ele>90</ele>
        <time>2026-05-14T10:07:58+00:00</time>
      </trkpt>
      <trkpt lat="48.7078" lon="2.04111">
        <ele>90</ele>
        <time>2026-05-14T10:07:59+00:00</time>
      </trkpt>
      <trkpt lat="48.70807" lon="2.04109">
        <ele>92</ele>
        <time>2026-05-14T10:08:00+00:00</time>
      </trkpt>
      <trkpt lat="48.70822" lon="2.04104">
        <ele>94</ele>
        <time>2026-05-14T10:08:01+00:00</time>
      </trkpt>
      <trkpt lat="48.70822" lon="2.041">
        <ele>93</ele>
        <time>2026-05-14T10:08:02+00:00</time>
      </trkpt>
      <trkpt lat="48.70832" lon="2.04104">
        <ele>94</ele>
        <time>2026-05-14T10:08:03+00:00</time>
      </trkpt>
      <trkpt lat="48.70856" lon="2.04123">
        <ele>100</ele>
        <time>2026-05-14T10:08:04+00:00</time>
      </trkpt>
      <trkpt lat="48.70864" lon="2.04125">
        <ele>102</ele>
        <time>2026-05-14T10:08:05+00:00</time>
      </trkpt>
      <trkpt lat="48.70872" lon="2.04117">
        <ele>104</ele>
        <time>2026-05-14T10:08:06+00:00</time>
      </trkpt>
      <trkpt lat="48.70875" lon="2.04109">
        <ele>104</ele>
        <time>2026-05-14T10:08:07+00:00</time>
      </trkpt>
      <trkpt lat="48.70885" lon="2.04096">
        <ele>105</ele>
        <time>2026-05-14T10:08:08+00:00</time>
      </trkpt>
      <trkpt lat="48.70892" lon="2.04078">
        <ele>106</ele>
        <time>2026-05-14T10:08:09+00:00</time>
      </trkpt>
      <trkpt lat="48.70896" lon="2.04079">
        <ele>106</ele>
        <time>2026-05-14T10:08:10+00:00</time>
      </trkpt>
      <trkpt lat="48.70902" lon="2.04091">
        <ele>109</ele>
        <time>2026-05-14T10:08:11+00:00</time>
      </trkpt>
      <trkpt lat="48.7091" lon="2.04118">
        <ele>113</ele>
        <time>2026-05-14T10:08:12+00:00</time>
      </trkpt>
      <trkpt lat="48.70914" lon="2.04148">
        <ele>117</ele>
        <time>2026-05-14T10:08:13+00:00</time>
      </trkpt>
      <trkpt lat="48.7093" lon="2.04184">
        <ele>124</ele>
        <time>2026-05-14T10:08:14+00:00</time>
      </trkpt>
      <trkpt lat="48.70946" lon="2.04162">
        <ele>128</ele>
        <time>2026-05-14T10:08:15+00:00</time>
      </trkpt>
      <trkpt lat="48.70949" lon="2.04199">
        <ele>130</ele>
        <time>2026-05-14T10:08:16+00:00</time>
      </trkpt>
      <trkpt lat="48.70948" lon="2.04212">
        <ele>130</ele>
        <time>2026-05-14T10:08:17+00:00</time>
      </trkpt>
      <trkpt lat="48.70945" lon="2.04216">
        <ele>130</ele>
        <time>2026-05-14T10:08:18+00:00</time>
      </trkpt>
      <trkpt lat="48.70949" lon="2.04224">
        <ele>131</ele>
        <time>2026-05-14T10:08:19+00:00</time>
      </trkpt>
      <trkpt lat="48.70955" lon="2.04212">
        <ele>133</ele>
        <time>2026-05-14T10:08:20+00:00</time>
      </trkpt>
      <trkpt lat="48.70961" lon="2.04179">
        <ele>134</ele>
        <time>2026-05-14T10:08:21+00:00</time>
      </trkpt>
      <trkpt lat="48.70967" lon="2.04171">
        <ele>135</ele>
        <time>2026-05-14T10:08:22+00:00</time>
      </trkpt>
      <trkpt lat="48.70972" lon="2.04166">
        <ele>137</ele>
        <time>2026-05-14T10:08:23+00:00</time>
      </trkpt>
      <trkpt lat="48.71004" lon="2.04158">
        <ele>145</ele>
        <time>2026-05-14T10:08:24+00:00</time>
      </trkpt>
      <trkpt lat="48.71012" lon="2.04143">
        <ele>144</ele>
        <time>2026-05-14T10:08:25+00:00</time>
      </trkpt>
      <trkpt lat="48.71043" lon="2.04114">
        <ele>144</ele>
        <time>2026-05-14T10:08:26+00:00</time>
      </trkpt>
      <trkpt lat="48.71042" lon="2.04108">
        <ele>143</ele>
        <time>2026-05-14T10:08:27+00:00</time>
      </trkpt>
      <trkpt lat="48.71027" lon="2.04117">
        <ele>142</ele>
        <time>2026-05-14T10:08:28+00:00</time>
      </trkpt>
      <trkpt lat="48.71018" lon="2.04106">
        <ele>139</ele>
        <time>2026-05-14T10:08:29+00:00</time>
      </trkpt>
      <trkpt lat="48.71018" lon="2.04088">
        <ele>136</ele>
        <time>2026-05-14T10:08:30+00:00</time>
      </trkpt>
      <trkpt lat="48.71011" lon="2.04078">
        <ele>133</ele>
        <time>2026-05-14T10:08:31+00:00</time>
      </trkpt>
      <trkpt lat="48.71011" lon="2.04043">
        <ele>127</ele>
        <time>2026-05-14T10:08:32+00:00</time>
      </trkpt>
      <trkpt lat="48.70982" lon="2.04069">
        <ele>125</ele>
        <time>2026-05-14T10:08:33+00:00</time>
      </trkpt>
      <trkpt lat="48.70992" lon="2.0402">
        <ele>120</ele>
        <time>2026-05-14T10:08:34+00:00</time>
      </trkpt>
      <trkpt lat="48.70991" lon="2.03954">
        <ele>110</ele>
        <time>2026-05-14T10:08:35+00:00</time>
      </trkpt>
      <trkpt lat="48.70988" lon="2.03942">
        <ele>108</ele>
        <time>2026-05-14T10:08:36+00:00</time>
      </trkpt>
      <trkpt lat="48.70988" lon="2.03926">
        <ele>106</ele>
        <time>2026-05-14T10:08:37+00:00</time>
      </trkpt>
      <trkpt lat="48.70971" lon="2.03904">
        <ele>102</ele>
        <time>2026-05-14T10:08:38+00:00</time>
      </trkpt>
      <trkpt lat="48.70956" lon="2.03889">
        <ele>100</ele>
        <time>2026-05-14T10:08:39+00:00</time>
      </trkpt>
      <trkpt lat="48.70943" lon="2.03881">
        <ele>98</ele>
        <time>2026-05-14T10:08:40+00:00</time>
      </trkpt>
      <trkpt lat="48.70916" lon="2.03877">
        <ele>95</ele>
        <time>2026-05-14T10:08:41+00:00</time>
      </trkpt>
      <trkpt lat="48.70885" lon="2.0386">
        <ele>92</ele>
        <time>2026-05-14T10:08:42+00:00</time>
      </trkpt>
      <trkpt lat="48.70942" lon="2.03793">
        <ele>94</ele>
        <time>2026-05-14T10:08:43+00:00</time>
      </trkpt>
      <trkpt lat="48.70991" lon="2.03691">
        <ele>96</ele>
        <time>2026-05-14T10:08:44+00:00</time>
      </trkpt>
      <trkpt lat="48.71015" lon="2.03627">
        <ele>99</ele>
        <time>2026-05-14T10:08:45+00:00</time>
      </trkpt>
      <trkpt lat="48.7103" lon="2.03551">
        <ele>99</ele>
        <time>2026-05-14T10:08:46+00:00</time>
      </trkpt>
      <trkpt lat="48.71043" lon="2.03517">
        <ele>100</ele>
        <time>2026-05-14T10:08:47+00:00</time>
      </trkpt>
      <trkpt lat="48.71094" lon="2.03444">
        <ele>100</ele>
        <time>2026-05-14T10:08:48+00:00</time>
      </trkpt>
      <trkpt lat="48.71115" lon="2.03423">
        <ele>100</ele>
        <time>2026-05-14T10:08:49+00:00</time>
      </trkpt>
      <trkpt lat="48.71137" lon="2.03407">
        <ele>101</ele>
        <time>2026-05-14T10:08:50+00:00</time>
      </trkpt>
      <trkpt lat="48.71182" lon="2.03385">
        <ele>104</ele>
        <time>2026-05-14T10:08:51+00:00</time>
      </trkpt>
      <trkpt lat="48.71189" lon="2.03379">
        <ele>104</ele>
        <time>2026-05-14T10:08:52+00:00</time>
      </trkpt>
      <trkpt lat="48.71193" lon="2.03388">
        <ele>106</ele>
        <time>2026-05-14T10:08:53+00:00</time>
      </trkpt>
      <trkpt lat="48.71236" lon="2.03383">
        <ele>110</ele>
        <time>2026-05-14T10:08:54+00:00</time>
      </trkpt>
      <trkpt lat="48.71254" lon="2.03367">
        <ele>112</ele>
        <time>2026-05-14T10:08:55+00:00</time>
      </trkpt>
      <trkpt lat="48.71265" lon="2.03339">
        <ele>113</ele>
        <time>2026-05-14T10:08:56+00:00</time>
      </trkpt>
      <trkpt lat="48.71278" lon="2.03282">
        <ele>115</ele>
        <time>2026-05-14T10:08:57+00:00</time>
      </trkpt>
      <trkpt lat="48.71322" lon="2.03203">
        <ele>129</ele>
        <time>2026-05-14T10:08:58+00:00</time>
      </trkpt>
      <trkpt lat="48.71356" lon="2.0316">
        <ele>138</ele>
        <time>2026-05-14T10:08:59+00:00</time>
      </trkpt>
      <trkpt lat="48.71391" lon="2.03129">
        <ele>149</ele>
        <time>2026-05-14T10:09:00+00:00</time>
      </trkpt>
      <trkpt lat="48.71389" lon="2.03095">
        <ele>148</ele>
        <time>2026-05-14T10:09:01+00:00</time>
      </trkpt>
      <trkpt lat="48.714" lon="2.03081">
        <ele>152</ele>
        <time>2026-05-14T10:09:02+00:00</time>
      </trkpt>
      <trkpt lat="48.71418" lon="2.03077">
        <ele>157</ele>
        <time>2026-05-14T10:09:03+00:00</time>
      </trkpt>
      <trkpt lat="48.71442" lon="2.03077">
        <ele>160</ele>
        <time>2026-05-14T10:09:04+00:00</time>
      </trkpt>
      <trkpt lat="48.71457" lon="2.0307">
        <ele>162</ele>
        <time>2026-05-14T10:09:05+00:00</time>
      </trkpt>
      <trkpt lat="48.71619" lon="2.03021">
        <ele>175</ele>
        <time>2026-05-14T10:09:06+00:00</time>
      </trkpt>
      <trkpt lat="48.71731" lon="2.03019">
        <ele>175</ele>
        <time>2026-05-14T10:09:07+00:00</time>
      </trkpt>
      <trkpt lat="48.71816" lon="2.03009">
        <ele>177</ele>
        <time>2026-05-14T10:09:08+00:00</time>
      </trkpt>
      <trkpt lat="48.72085" lon="2.02965">
        <ele>171</ele>
        <time>2026-05-14T10:09:09+00:00</time>
      </trkpt>
      <trkpt lat="48.72176" lon="2.02925">
        <ele>168</ele>
        <time>2026-05-14T10:09:10+00:00</time>
      </trkpt>
      <trkpt lat="48.72213" lon="2.02928">
        <ele>166</ele>
        <time>2026-05-14T10:09:11+00:00</time>
      </trkpt>
      <trkpt lat="48.72254" lon="2.02914">
        <ele>163</ele>
        <time>2026-05-14T10:09:12+00:00</time>
      </trkpt>
      <trkpt lat="48.7227" lon="2.02918">
        <ele>161</ele>
        <time>2026-05-14T10:09:13+00:00</time>
      </trkpt>
      <trkpt lat="48.72275" lon="2.02906">
        <ele>160</ele>
        <time>2026-05-14T10:09:14+00:00</time>
      </trkpt>
      <trkpt lat="48.7227" lon="2.02884">
        <ele>161</ele>
        <time>2026-05-14T10:09:15+00:00</time>
      </trkpt>
      <trkpt lat="48.72315" lon="2.02831">
        <ele>152</ele>
        <time>2026-05-14T10:09:16+00:00</time>
      </trkpt>
      <trkpt lat="48.7237" lon="2.02804">
        <ele>144</ele>
        <time>2026-05-14T10:09:17+00:00</time>
      </trkpt>
      <trkpt lat="48.72453" lon="2.0272">
        <ele>133</ele>
        <time>2026-05-14T10:09:18+00:00</time>
      </trkpt>
      <trkpt lat="48.72564" lon="2.02671">
        <ele>122</ele>
        <time>2026-05-14T10:09:19+00:00</time>
      </trkpt>
      <trkpt lat="48.72606" lon="2.02649">
        <ele>119</ele>
        <time>2026-05-14T10:09:20+00:00</time>
      </trkpt>
      <trkpt lat="48.7265" lon="2.02613">
        <ele>116</ele>
        <time>2026-05-14T10:09:21+00:00</time>
      </trkpt>
      <trkpt lat="48.72719" lon="2.02531">
        <ele>110</ele>
        <time>2026-05-14T10:09:22+00:00</time>
      </trkpt>
      <trkpt lat="48.72728" lon="2.02539">
        <ele>108</ele>
        <time>2026-05-14T10:09:23+00:00</time>
      </trkpt>
      <trkpt lat="48.72724" lon="2.02554">
        <ele>109</ele>
        <time>2026-05-14T10:09:24+00:00</time>
      </trkpt>
      <trkpt lat="48.72888" lon="2.02722">
        <ele>100</ele>
        <time>2026-05-14T10:09:25+00:00</time>
      </trkpt>
      <trkpt lat="48.72943" lon="2.02775">
        <ele>102</ele>
        <time>2026-05-14T10:09:26+00:00</time>
      </trkpt>
      <trkpt lat="48.72948" lon="2.02784">
        <ele>103</ele>
        <time>2026-05-14T10:09:27+00:00</time>
      </trkpt>
      <trkpt lat="48.72952" lon="2.02819">
        <ele>105</ele>
        <time>2026-05-14T10:09:28+00:00</time>
      </trkpt>
      <trkpt lat="48.72965" lon="2.02816">
        <ele>106</ele>
        <time>2026-05-14T10:09:29+00:00</time>
      </trkpt>
      <trkpt lat="48.73008" lon="2.02781">
        <ele>108</ele>
        <time>2026-05-14T10:09:30+00:00</time>
      </trkpt>
      <trkpt lat="48.73025" lon="2.02772">
        <ele>110</ele>
        <time>2026-05-14T10:09:31+00:00</time>
      </trkpt>
      <trkpt lat="48.73046" lon="2.02727">
        <ele>109</ele>
        <time>2026-05-14T10:09:32+00:00</time>
      </trkpt>
      <trkpt lat="48.73201" lon="2.02547">
        <ele>110</ele>
        <time>2026-05-14T10:09:33+00:00</time>
      </trkpt>
      <trkpt lat="48.7331" lon="2.02446">
        <ele>112</ele>
        <time>2026-05-14T10:09:34+00:00</time>
      </trkpt>
      <trkpt lat="48.73383" lon="2.02393">
        <ele>113</ele>
        <time>2026-05-14T10:09:35+00:00</time>
      </trkpt>
      <trkpt lat="48.73399" lon="2.02378">
        <ele>113</ele>
        <time>2026-05-14T10:09:36+00:00</time>
      </trkpt>
      <trkpt lat="48.73418" lon="2.02348">
        <ele>110</ele>
        <time>2026-05-14T10:09:37+00:00</time>
      </trkpt>
      <trkpt lat="48.73446" lon="2.02289">
        <ele>106</ele>
        <time>2026-05-14T10:09:38+00:00</time>
      </trkpt>
      <trkpt lat="48.73469" lon="2.02292">
        <ele>107</ele>
        <time>2026-05-14T10:09:39+00:00</time>
      </trkpt>
      <trkpt lat="48.73526" lon="2.02294">
        <ele>110</ele>
        <time>2026-05-14T10:09:40+00:00</time>
      </trkpt>
      <trkpt lat="48.73572" lon="2.02289">
        <ele>113</ele>
        <time>2026-05-14T10:09:41+00:00</time>
      </trkpt>
      <trkpt lat="48.73645" lon="2.0229">
        <ele>118</ele>
        <time>2026-05-14T10:09:42+00:00</time>
      </trkpt>
      <trkpt lat="48.73764" lon="2.02248">
        <ele>117</ele>
        <time>2026-05-14T10:09:43+00:00</time>
      </trkpt>
      <trkpt lat="48.73821" lon="2.0225">
        <ele>117</ele>
        <time>2026-05-14T10:09:44+00:00</time>
      </trkpt>
      <trkpt lat="48.73933" lon="2.02268">
        <ele>116</ele>
        <time>2026-05-14T10:09:45+00:00</time>
      </trkpt>
      <trkpt lat="48.73992" lon="2.02296">
        <ele>118</ele>
        <time>2026-05-14T10:09:46+00:00</time>
      </trkpt>
      <trkpt lat="48.74029" lon="2.02278">
        <ele>120</ele>
        <time>2026-05-14T10:09:47+00:00</time>
      </trkpt>
      <trkpt lat="48.74056" lon="2.02253">
        <ele>122</ele>
        <time>2026-05-14T10:09:48+00:00</time>
      </trkpt>
      <trkpt lat="48.74071" lon="2.02204">
        <ele>120</ele>
        <time>2026-05-14T10:09:49+00:00</time>
      </trkpt>
      <trkpt lat="48.74085" lon="2.02143">
        <ele>117</ele>
        <time>2026-05-14T10:09:50+00:00</time>
      </trkpt>
      <trkpt lat="48.74095" lon="2.02127">
        <ele>118</ele>
        <time>2026-05-14T10:09:51+00:00</time>
      </trkpt>
      <trkpt lat="48.74119" lon="2.02074">
        <ele>118</ele>
        <time>2026-05-14T10:09:52+00:00</time>
      </trkpt>
      <trkpt lat="48.74165" lon="2.02004">
        <ele>121</ele>
        <time>2026-05-14T10:09:53+00:00</time>
      </trkpt>
      <trkpt lat="48.74201" lon="2.01957">
        <ele>122</ele>
        <time>2026-05-14T10:09:54+00:00</time>
      </trkpt>
      <trkpt lat="48.74264" lon="2.01911">
        <ele>124</ele>
        <time>2026-05-14T10:09:55+00:00</time>
      </trkpt>
      <trkpt lat="48.74306" lon="2.01897">
        <ele>130</ele>
        <time>2026-05-14T10:09:56+00:00</time>
      </trkpt>
      <trkpt lat="48.74337" lon="2.01876">
        <ele>132</ele>
        <time>2026-05-14T10:09:57+00:00</time>
      </trkpt>
      <trkpt lat="48.74366" lon="2.01844">
        <ele>131</ele>
        <time>2026-05-14T10:09:58+00:00</time>
      </trkpt>
      <trkpt lat="48.74437" lon="2.01816">
        <ele>134</ele>
        <time>2026-05-14T10:09:59+00:00</time>
      </trkpt>
      <trkpt lat="48.74458" lon="2.01804">
        <ele>133</ele>
        <time>2026-05-14T10:10:00+00:00</time>
      </trkpt>
      <trkpt lat="48.74542" lon="2.01745">
        <ele>132</ele>
        <time>2026-05-14T10:10:01+00:00</time>
      </trkpt>
      <trkpt lat="48.74551" lon="2.01699">
        <ele>131</ele>
        <time>2026-05-14T10:10:02+00:00</time>
      </trkpt>
      <trkpt lat="48.74549" lon="2.01652">
        <ele>130</ele>
        <time>2026-05-14T10:10:03+00:00</time>
      </trkpt>
      <trkpt lat="48.74554" lon="2.01618">
        <ele>131</ele>
        <time>2026-05-14T10:10:04+00:00</time>
      </trkpt>
      <trkpt lat="48.74553" lon="2.01604">
        <ele>131</ele>
        <time>2026-05-14T10:10:05+00:00</time>
      </trkpt>
      <trkpt lat="48.74542" lon="2.01547">
        <ele>131</ele>
        <time>2026-05-14T10:10:06+00:00</time>
      </trkpt>
      <trkpt lat="48.74528" lon="2.01529">
        <ele>129</ele>
        <time>2026-05-14T10:10:07+00:00</time>
      </trkpt>
      <trkpt lat="48.74523" lon="2.01497">
        <ele>129</ele>
        <time>2026-05-14T10:10:08+00:00</time>
      </trkpt>
      <trkpt lat="48.7453" lon="2.01461">
        <ele>128</ele>
        <time>2026-05-14T10:10:09+00:00</time>
      </trkpt>
      <trkpt lat="48.7457" lon="2.01385">
        <ele>133</ele>
        <time>2026-05-14T10:10:10+00:00</time>
      </trkpt>
      <trkpt lat="48.74577" lon="2.01359">
        <ele>134</ele>
        <time>2026-05-14T10:10:11+00:00</time>
      </trkpt>
      <trkpt lat="48.74578" lon="2.01278">
        <ele>131</ele>
        <time>2026-05-14T10:10:12+00:00</time>
      </trkpt>
      <trkpt lat="48.74588" lon="2.01226">
        <ele>131</ele>
        <time>2026-05-14T10:10:13+00:00</time>
      </trkpt>
      <trkpt lat="48.74616" lon="2.01175">
        <ele>134</ele>
        <time>2026-05-14T10:10:14+00:00</time>
      </trkpt>
      <trkpt lat="48.74632" lon="2.01152">
        <ele>136</ele>
        <time>2026-05-14T10:10:15+00:00</time>
      </trkpt>
      <trkpt lat="48.74642" lon="2.01131">
        <ele>136</ele>
        <time>2026-05-14T10:10:16+00:00</time>
      </trkpt>
      <trkpt lat="48.74662" lon="2.01071">
        <ele>135</ele>
        <time>2026-05-14T10:10:17+00:00</time>
      </trkpt>
      <trkpt lat="48.7467" lon="2.01027">
        <ele>137</ele>
        <time>2026-05-14T10:10:18+00:00</time>
      </trkpt>
      <trkpt lat="48.7466" lon="2.00892">
        <ele>139</ele>
        <time>2026-05-14T10:10:19+00:00</time>
      </trkpt>
      <trkpt lat="48.74657" lon="2.0081">
        <ele>137</ele>
        <time>2026-05-14T10:10:20+00:00</time>
      </trkpt>
      <trkpt lat="48.74666" lon="2.0077">
        <ele>136</ele>
        <time>2026-05-14T10:10:21+00:00</time>
      </trkpt>
      <trkpt lat="48.74729" lon="2.0065">
        <ele>142</ele>
        <time>2026-05-14T10:10:22+00:00</time>
      </trkpt>
      <trkpt lat="48.7475" lon="2.00579">
        <ele>139</ele>
        <time>2026-05-14T10:10:23+00:00</time>
      </trkpt>
      <trkpt lat="48.74773" lon="2.00449">
        <ele>147</ele>
        <time>2026-05-14T10:10:24+00:00</time>
      </trkpt>
      <trkpt lat="48.74775" lon="2.00369">
        <ele>150</ele>
        <time>2026-05-14T10:10:25+00:00</time>
      </trkpt>
      <trkpt lat="48.7477" lon="2.00303">
        <ele>151</ele>
        <time>2026-05-14T10:10:26+00:00</time>
      </trkpt>
      <trkpt lat="48.74757" lon="2.00268">
        <ele>149</ele>
        <time>2026-05-14T10:10:27+00:00</time>
      </trkpt>
      <trkpt lat="48.74754" lon="2.0025">
        <ele>149</ele>
        <time>2026-05-14T10:10:28+00:00</time>
      </trkpt>
      <trkpt lat="48.7476" lon="2.00233">
        <ele>149</ele>
        <time>2026-05-14T10:10:29+00:00</time>
      </trkpt>
      <trkpt lat="48.74799" lon="2.00219">
        <ele>158</ele>
        <time>2026-05-14T10:10:30+00:00</time>
      </trkpt>
      <trkpt lat="48.74833" lon="2.00171">
        <ele>163</ele>
        <time>2026-05-14T10:10:31+00:00</time>
      </trkpt>
      <trkpt lat="48.74853" lon="2.00106">
        <ele>162</ele>
        <time>2026-05-14T10:10:32+00:00</time>
      </trkpt>
      <trkpt lat="48.74846" lon="2.00022">
        <ele>156</ele>
        <time>2026-05-14T10:10:33+00:00</time>
      </trkpt>
      <trkpt lat="48.74845" lon="1.99959">
        <ele>153</ele>
        <time>2026-05-14T10:10:34+00:00</time>
      </trkpt>
      <trkpt lat="48.74861" lon="1.99951">
        <ele>157</ele>
        <time>2026-05-14T10:10:35+00:00</time>
      </trkpt>
      <trkpt lat="48.74883" lon="1.99912">
        <ele>162</ele>
        <time>2026-05-14T10:10:36+00:00</time>
      </trkpt>
      <trkpt lat="48.74928" lon="1.99846">
        <ele>171</ele>
        <time>2026-05-14T10:10:37+00:00</time>
      </trkpt>
      <trkpt lat="48.75122" lon="1.99572">
        <ele>176</ele>
        <time>2026-05-14T10:10:38+00:00</time>
      </trkpt>
      <trkpt lat="48.75134" lon="1.9888">
        <ele>172</ele>
        <time>2026-05-14T10:10:39+00:00</time>
      </trkpt>
      <trkpt lat="48.75151" lon="1.98559">
        <ele>166</ele>
        <time>2026-05-14T10:10:40+00:00</time>
      </trkpt>
      <trkpt lat="48.75423" lon="1.98155">
        <ele>177</ele>
        <time>2026-05-14T10:10:41+00:00</time>
      </trkpt>
      <trkpt lat="48.75591" lon="1.97919">
        <ele>181</ele>
        <time>2026-05-14T10:10:42+00:00</time>
      </trkpt>
      <trkpt lat="48.75634" lon="1.97837">
        <ele>180</ele>
        <time>2026-05-14T10:10:43+00:00</time>
      </trkpt>
      <trkpt lat="48.75637" lon="1.97803">
        <ele>180</ele>
        <time>2026-05-14T10:10:44+00:00</time>
      </trkpt>
      <trkpt lat="48.7561" lon="1.96919">
        <ele>176</ele>
        <time>2026-05-14T10:10:45+00:00</time>
      </trkpt>
      <trkpt lat="48.75604" lon="1.96858">
        <ele>174</ele>
        <time>2026-05-14T10:10:46+00:00</time>
      </trkpt>
      <trkpt lat="48.75589" lon="1.96833">
        <ele>173</ele>
        <time>2026-05-14T10:10:47+00:00</time>
      </trkpt>
      <trkpt lat="48.75575" lon="1.96768">
        <ele>172</ele>
        <time>2026-05-14T10:10:48+00:00</time>
      </trkpt>
      <trkpt lat="48.75574" lon="1.96708">
        <ele>170</ele>
        <time>2026-05-14T10:10:49+00:00</time>
      </trkpt>
      <trkpt lat="48.75594" lon="1.9666">
        <ele>170</ele>
        <time>2026-05-14T10:10:50+00:00</time>
      </trkpt>
      <trkpt lat="48.75609" lon="1.96631">
        <ele>170</ele>
        <time>2026-05-14T10:10:51+00:00</time>
      </trkpt>
      <trkpt lat="48.7562" lon="1.96654">
        <ele>171</ele>
        <time>2026-05-14T10:10:52+00:00</time>
      </trkpt>
      <trkpt lat="48.75635" lon="1.96658">
        <ele>172</ele>
        <time>2026-05-14T10:10:53+00:00</time>
      </trkpt>
      <trkpt lat="48.75691" lon="1.96631">
        <ele>173</ele>
        <time>2026-05-14T10:10:54+00:00</time>
      </trkpt>
      <trkpt lat="48.75722" lon="1.96629">
        <ele>174</ele>
        <time>2026-05-14T10:10:55+00:00</time>
      </trkpt>
      <trkpt lat="48.7576" lon="1.96637">
        <ele>174</ele>
        <time>2026-05-14T10:10:56+00:00</time>
      </trkpt>
      <trkpt lat="48.75778" lon="1.96645">
        <ele>174</ele>
        <time>2026-05-14T10:10:57+00:00</time>
      </trkpt>
      <trkpt lat="48.75801" lon="1.96642">
        <ele>174</ele>
        <time>2026-05-14T10:10:58+00:00</time>
      </trkpt>
      <trkpt lat="48.75822" lon="1.96644">
        <ele>174</ele>
        <time>2026-05-14T10:10:59+00:00</time>
      </trkpt>
      <trkpt lat="48.75842" lon="1.96652">
        <ele>174</ele>
        <time>2026-05-14T10:11:00+00:00</time>
      </trkpt>
      <trkpt lat="48.7589" lon="1.96663">
        <ele>174</ele>
        <time>2026-05-14T10:11:01+00:00</time>
      </trkpt>
      <trkpt lat="48.75899" lon="1.96696">
        <ele>174</ele>
        <time>2026-05-14T10:11:02+00:00</time>
      </trkpt>
      <trkpt lat="48.75914" lon="1.96704">
        <ele>175</ele>
        <time>2026-05-14T10:11:03+00:00</time>
      </trkpt>
      <trkpt lat="48.75933" lon="1.9671">
        <ele>174</ele>
        <time>2026-05-14T10:11:04+00:00</time>
      </trkpt>
      <trkpt lat="48.7595" lon="1.96704">
        <ele>174</ele>
        <time>2026-05-14T10:11:05+00:00</time>
      </trkpt>
      <trkpt lat="48.75972" lon="1.96689">
        <ele>175</ele>
        <time>2026-05-14T10:11:06+00:00</time>
      </trkpt>
      <trkpt lat="48.76" lon="1.96679">
        <ele>175</ele>
        <time>2026-05-14T10:11:07+00:00</time>
      </trkpt>
      <trkpt lat="48.7602" lon="1.96684">
        <ele>174</ele>
        <time>2026-05-14T10:11:08+00:00</time>
      </trkpt>
      <trkpt lat="48.76039" lon="1.96703">
        <ele>174</ele>
        <time>2026-05-14T10:11:09+00:00</time>
      </trkpt>
      <trkpt lat="48.76073" lon="1.96718">
        <ele>175</ele>
        <time>2026-05-14T10:11:10+00:00</time>
      </trkpt>
      <trkpt lat="48.76215" lon="1.96689">
        <ele>175</ele>
        <time>2026-05-14T10:11:11+00:00</time>
      </trkpt>
      <trkpt lat="48.76232" lon="1.96682">
        <ele>175</ele>
        <time>2026-05-14T10:11:12+00:00</time>
      </trkpt>
      <trkpt lat="48.76318" lon="1.96613">
        <ele>175</ele>
        <time>2026-05-14T10:11:13+00:00</time>
      </trkpt>
      <trkpt lat="48.76339" lon="1.966">
        <ele>175</ele>
        <time>2026-05-14T10:11:14+00:00</time>
      </trkpt>
      <trkpt lat="48.76368" lon="1.96595">
        <ele>174</ele>
        <time>2026-05-14T10:11:15+00:00</time>
      </trkpt>
      <trkpt lat="48.7641" lon="1.96609">
        <ele>173</ele>
        <time>2026-05-14T10:11:16+00:00</time>
      </trkpt>
      <trkpt lat="48.7645" lon="1.96613">
        <ele>172</ele>
        <time>2026-05-14T10:11:17+00:00</time>
      </trkpt>
      <trkpt lat="48.76495" lon="1.96613">
        <ele>171</ele>
        <time>2026-05-14T10:11:18+00:00</time>
      </trkpt>
      <trkpt lat="48.76506" lon="1.96602">
        <ele>171</ele>
        <time>2026-05-14T10:11:19+00:00</time>
      </trkpt>
      <trkpt lat="48.76515" lon="1.96605">
        <ele>172</ele>
        <time>2026-05-14T10:11:20+00:00</time>
      </trkpt>
      <trkpt lat="48.76519" lon="1.966">
        <ele>172</ele>
        <time>2026-05-14T10:11:21+00:00</time>
      </trkpt>
      <trkpt lat="48.76529" lon="1.96601">
        <ele>172</ele>
        <time>2026-05-14T10:11:22+00:00</time>
      </trkpt>
      <trkpt lat="48.76546" lon="1.96591">
        <ele>172</ele>
        <time>2026-05-14T10:11:23+00:00</time>
      </trkpt>
      <trkpt lat="48.76549" lon="1.96587">
        <ele>172</ele>
        <time>2026-05-14T10:11:24+00:00</time>
      </trkpt>
      <trkpt lat="48.76593" lon="1.96569">
        <ele>173</ele>
        <time>2026-05-14T10:11:25+00:00</time>
      </trkpt>
      <trkpt lat="48.76593" lon="1.96567">
        <ele>173</ele>
        <time>2026-05-14T10:11:26+00:00</time>
      </trkpt>
      <trkpt lat="48.76599" lon="1.96564">
        <ele>173</ele>
        <time>2026-05-14T10:11:27+00:00</time>
      </trkpt>
      <trkpt lat="48.76602" lon="1.96565">
        <ele>173</ele>
        <time>2026-05-14T10:11:28+00:00</time>
      </trkpt>
      <trkpt lat="48.76682" lon="1.96518">
        <ele>172</ele>
        <time>2026-05-14T10:11:29+00:00</time>
      </trkpt>
      <trkpt lat="48.76699" lon="1.96501">
        <ele>172</ele>
        <time>2026-05-14T10:11:30+00:00</time>
      </trkpt>
      <trkpt lat="48.76742" lon="1.96442">
        <ele>171</ele>
        <time>2026-05-14T10:11:31+00:00</time>
      </trkpt>
      <trkpt lat="48.7675" lon="1.96437">
        <ele>171</ele>
        <time>2026-05-14T10:11:32+00:00</time>
      </trkpt>
      <trkpt lat="48.76765" lon="1.96416">
        <ele>172</ele>
        <time>2026-05-14T10:11:33+00:00</time>
      </trkpt>
      <trkpt lat="48.7678" lon="1.96382">
        <ele>172</ele>
        <time>2026-05-14T10:11:34+00:00</time>
      </trkpt>
      <trkpt lat="48.76778" lon="1.96352">
        <ele>171</ele>
        <time>2026-05-14T10:11:35+00:00</time>
      </trkpt>
      <trkpt lat="48.7678" lon="1.96338">
        <ele>171</ele>
        <time>2026-05-14T10:11:36+00:00</time>
      </trkpt>
      <trkpt lat="48.76785" lon="1.96322">
        <ele>171</ele>
        <time>2026-05-14T10:11:37+00:00</time>
      </trkpt>
      <trkpt lat="48.76795" lon="1.96309">
        <ele>172</ele>
        <time>2026-05-14T10:11:38+00:00</time>
      </trkpt>
      <trkpt lat="48.76806" lon="1.963">
        <ele>172</ele>
        <time>2026-05-14T10:11:39+00:00</time>
      </trkpt>
      <trkpt lat="48.76831" lon="1.96304">
        <ele>172</ele>
        <time>2026-05-14T10:11:40+00:00</time>
      </trkpt>
      <trkpt lat="48.76841" lon="1.96312">
        <ele>172</ele>
        <time>2026-05-14T10:11:41+00:00</time>
      </trkpt>
      <trkpt lat="48.76849" lon="1.9631">
        <ele>171</ele>
        <time>2026-05-14T10:11:42+00:00</time>
      </trkpt>
      <trkpt lat="48.76872" lon="1.96284">
        <ele>170</ele>
        <time>2026-05-14T10:11:43+00:00</time>
      </trkpt>
      <trkpt lat="48.76894" lon="1.96254">
        <ele>170</ele>
        <time>2026-05-14T10:11:44+00:00</time>
      </trkpt>
      <trkpt lat="48.76909" lon="1.96183">
        <ele>169</ele>
        <time>2026-05-14T10:11:45+00:00</time>
      </trkpt>
      <trkpt lat="48.76916" lon="1.96071">
        <ele>170</ele>
        <time>2026-05-14T10:11:46+00:00</time>
      </trkpt>
      <trkpt lat="48.76933" lon="1.96057">
        <ele>170</ele>
        <time>2026-05-14T10:11:47+00:00</time>
      </trkpt>
      <trkpt lat="48.76954" lon="1.96026">
        <ele>170</ele>
        <time>2026-05-14T10:11:48+00:00</time>
      </trkpt>
      <trkpt lat="48.76987" lon="1.9604">
        <ele>170</ele>
        <time>2026-05-14T10:11:49+00:00</time>
      </trkpt>
      <trkpt lat="48.77011" lon="1.96057">
        <ele>169</ele>
        <time>2026-05-14T10:11:50+00:00</time>
      </trkpt>
      <trkpt lat="48.77027" lon="1.96059">
        <ele>170</ele>
        <time>2026-05-14T10:11:51+00:00</time>
      </trkpt>
      <trkpt lat="48.77057" lon="1.9604">
        <ele>171</ele>
        <time>2026-05-14T10:11:52+00:00</time>
      </trkpt>
      <trkpt lat="48.77089" lon="1.95962">
        <ele>172</ele>
        <time>2026-05-14T10:11:53+00:00</time>
      </trkpt>
      <trkpt lat="48.77112" lon="1.95949">
        <ele>172</ele>
        <time>2026-05-14T10:11:54+00:00</time>
      </trkpt>
      <trkpt lat="48.77137" lon="1.95956">
        <ele>172</ele>
        <time>2026-05-14T10:11:55+00:00</time>
      </trkpt>
      <trkpt lat="48.77169" lon="1.95952">
        <ele>171</ele>
        <time>2026-05-14T10:11:56+00:00</time>
      </trkpt>
      <trkpt lat="48.77224" lon="1.95956">
        <ele>170</ele>
        <time>2026-05-14T10:11:57+00:00</time>
      </trkpt>
      <trkpt lat="48.77332" lon="1.95952">
        <ele>171</ele>
        <time>2026-05-14T10:11:58+00:00</time>
      </trkpt>
      <trkpt lat="48.77344" lon="1.95931">
        <ele>171</ele>
        <time>2026-05-14T10:11:59+00:00</time>
      </trkpt>
      <trkpt lat="48.77354" lon="1.95894">
        <ele>171</ele>
        <time>2026-05-14T10:12:00+00:00</time>
      </trkpt>
      <trkpt lat="48.7738" lon="1.95874">
        <ele>171</ele>
        <time>2026-05-14T10:12:01+00:00</time>
      </trkpt>
      <trkpt lat="48.77396" lon="1.95866">
        <ele>171</ele>
        <time>2026-05-14T10:12:02+00:00</time>
      </trkpt>
      <trkpt lat="48.77408" lon="1.95868">
        <ele>171</ele>
        <time>2026-05-14T10:12:03+00:00</time>
      </trkpt>
      <trkpt lat="48.77437" lon="1.95899">
        <ele>170</ele>
        <time>2026-05-14T10:12:04+00:00</time>
      </trkpt>
      <trkpt lat="48.77461" lon="1.95914">
        <ele>169</ele>
        <time>2026-05-14T10:12:05+00:00</time>
      </trkpt>
      <trkpt lat="48.77481" lon="1.95923">
        <ele>169</ele>
        <time>2026-05-14T10:12:06+00:00</time>
      </trkpt>
      <trkpt lat="48.77497" lon="1.95935">
        <ele>169</ele>
        <time>2026-05-14T10:12:07+00:00</time>
      </trkpt>
      <trkpt lat="48.77515" lon="1.95981">
        <ele>170</ele>
        <time>2026-05-14T10:12:08+00:00</time>
      </trkpt>
      <trkpt lat="48.77529" lon="1.95997">
        <ele>170</ele>
        <time>2026-05-14T10:12:09+00:00</time>
      </trkpt>
      <trkpt lat="48.77545" lon="1.96003">
        <ele>169</ele>
        <time>2026-05-14T10:12:10+00:00</time>
      </trkpt>
      <trkpt lat="48.77563" lon="1.95939">
        <ele>167</ele>
        <time>2026-05-14T10:12:11+00:00</time>
      </trkpt>
      <trkpt lat="48.7757" lon="1.95903">
        <ele>167</ele>
        <time>2026-05-14T10:12:12+00:00</time>
      </trkpt>
      <trkpt lat="48.77599" lon="1.95895">
        <ele>167</ele>
        <time>2026-05-14T10:12:13+00:00</time>
      </trkpt>
      <trkpt lat="48.7765" lon="1.95912">
        <ele>167</ele>
        <time>2026-05-14T10:12:14+00:00</time>
      </trkpt>
      <trkpt lat="48.77679" lon="1.95916">
        <ele>167</ele>
        <time>2026-05-14T10:12:15+00:00</time>
      </trkpt>
      <trkpt lat="48.77707" lon="1.95917">
        <ele>167</ele>
        <time>2026-05-14T10:12:16+00:00</time>
      </trkpt>
      <trkpt lat="48.77752" lon="1.95912">
        <ele>167</ele>
        <time>2026-05-14T10:12:17+00:00</time>
      </trkpt>
      <trkpt lat="48.77762" lon="1.95917">
        <ele>167</ele>
        <time>2026-05-14T10:12:18+00:00</time>
      </trkpt>
      <trkpt lat="48.77765" lon="1.95916">
        <ele>167</ele>
        <time>2026-05-14T10:12:19+00:00</time>
      </trkpt>
      <trkpt lat="48.77803" lon="1.95965">
        <ele>166</ele>
        <time>2026-05-14T10:12:20+00:00</time>
      </trkpt>
      <trkpt lat="48.77807" lon="1.95958">
        <ele>166</ele>
        <time>2026-05-14T10:12:21+00:00</time>
      </trkpt>
      <trkpt lat="48.77815" lon="1.95952">
        <ele>166</ele>
        <time>2026-05-14T10:12:22+00:00</time>
      </trkpt>
      <trkpt lat="48.77828" lon="1.95949">
        <ele>166</ele>
        <time>2026-05-14T10:12:23+00:00</time>
      </trkpt>
      <trkpt lat="48.77836" lon="1.95952">
        <ele>166</ele>
        <time>2026-05-14T10:12:24+00:00</time>
      </trkpt>
      <trkpt lat="48.77829" lon="1.96022">
        <ele>166</ele>
        <time>2026-05-14T10:12:25+00:00</time>
      </trkpt>
      <trkpt lat="48.77836" lon="1.96039">
        <ele>166</ele>
        <time>2026-05-14T10:12:26+00:00</time>
      </trkpt>
      <trkpt lat="48.77933" lon="1.96089">
        <ele>160</ele>
        <time>2026-05-14T10:12:27+00:00</time>
      </trkpt>
      <trkpt lat="48.77942" lon="1.96097">
        <ele>160</ele>
        <time>2026-05-14T10:12:28+00:00</time>
      </trkpt>
      <trkpt lat="48.77951" lon="1.96101">
        <ele>159</ele>
        <time>2026-05-14T10:12:29+00:00</time>
      </trkpt>
      <trkpt lat="48.77967" lon="1.961">
        <ele>157</ele>
        <time>2026-05-14T10:12:30+00:00</time>
      </trkpt>
      <trkpt lat="48.77986" lon="1.96126">
        <ele>156</ele>
        <time>2026-05-14T10:12:31+00:00</time>
      </trkpt>
      <trkpt lat="48.78063" lon="1.96178">
        <ele>149</ele>
        <time>2026-05-14T10:12:32+00:00</time>
      </trkpt>
      <trkpt lat="48.7807" lon="1.96188">
        <ele>148</ele>
        <time>2026-05-14T10:12:33+00:00</time>
      </trkpt>
      <trkpt lat="48.78131" lon="1.96242">
        <ele>144</ele>
        <time>2026-05-14T10:12:34+00:00</time>
      </trkpt>
      <trkpt lat="48.78185" lon="1.96284">
        <ele>140</ele>
        <time>2026-05-14T10:12:35+00:00</time>
      </trkpt>
      <trkpt lat="48.78261" lon="1.96337">
        <ele>136</ele>
        <time>2026-05-14T10:12:36+00:00</time>
      </trkpt>
      <trkpt lat="48.78295" lon="1.96225">
        <ele>132</ele>
        <time>2026-05-14T10:12:37+00:00</time>
      </trkpt>
      <trkpt lat="48.78294" lon="1.96211">
        <ele>132</ele>
        <time>2026-05-14T10:12:38+00:00</time>
      </trkpt>
      <trkpt lat="48.78301" lon="1.96204">
        <ele>131</ele>
        <time>2026-05-14T10:12:39+00:00</time>
      </trkpt>
      <trkpt lat="48.78347" lon="1.96021">
        <ele>130</ele>
        <time>2026-05-14T10:12:40+00:00</time>
      </trkpt>
      <trkpt lat="48.78367" lon="1.95928">
        <ele>130</ele>
        <time>2026-05-14T10:12:41+00:00</time>
      </trkpt>
      <trkpt lat="48.78378" lon="1.959">
        <ele>129</ele>
        <time>2026-05-14T10:12:42+00:00</time>
      </trkpt>
      <trkpt lat="48.78443" lon="1.95944">
        <ele>127</ele>
        <time>2026-05-14T10:12:43+00:00</time>
      </trkpt>
      <trkpt lat="48.78464" lon="1.95955">
        <ele>128</ele>
        <time>2026-05-14T10:12:44+00:00</time>
      </trkpt>
      <trkpt lat="48.78499" lon="1.95962">
        <ele>128</ele>
        <time>2026-05-14T10:12:45+00:00</time>
      </trkpt>
      <trkpt lat="48.78546" lon="1.95967">
        <ele>133</ele>
        <time>2026-05-14T10:12:46+00:00</time>
      </trkpt>
      <trkpt lat="48.78609" lon="1.95916">
        <ele>128</ele>
        <time>2026-05-14T10:12:47+00:00</time>
      </trkpt>
      <trkpt lat="48.78625" lon="1.95913">
        <ele>128</ele>
        <time>2026-05-14T10:12:48+00:00</time>
      </trkpt>
      <trkpt lat="48.78639" lon="1.95918">
        <ele>129</ele>
        <time>2026-05-14T10:12:49+00:00</time>
      </trkpt>
      <trkpt lat="48.78656" lon="1.95917">
        <ele>129</ele>
        <time>2026-05-14T10:12:50+00:00</time>
      </trkpt>
      <trkpt lat="48.78728" lon="1.959">
        <ele>128</ele>
        <time>2026-05-14T10:12:51+00:00</time>
      </trkpt>
      <trkpt lat="48.78749" lon="1.9591">
        <ele>128</ele>
        <time>2026-05-14T10:12:52+00:00</time>
      </trkpt>
      <trkpt lat="48.78756" lon="1.95921">
        <ele>130</ele>
        <time>2026-05-14T10:12:53+00:00</time>
      </trkpt>
      <trkpt lat="48.78819" lon="1.9593">
        <ele>143</ele>
        <time>2026-05-14T10:12:54+00:00</time>
      </trkpt>
      <trkpt lat="48.78877" lon="1.9591">
        <ele>158</ele>
        <time>2026-05-14T10:12:55+00:00</time>
      </trkpt>
      <trkpt lat="48.78892" lon="1.95921">
        <ele>162</ele>
        <time>2026-05-14T10:12:56+00:00</time>
      </trkpt>
      <trkpt lat="48.78903" lon="1.95952">
        <ele>165</ele>
        <time>2026-05-14T10:12:57+00:00</time>
      </trkpt>
      <trkpt lat="48.78977" lon="1.95991">
        <ele>171</ele>
        <time>2026-05-14T10:12:58+00:00</time>
      </trkpt>
      <trkpt lat="48.78985" lon="1.96002">
        <ele>171</ele>
        <time>2026-05-14T10:12:59+00:00</time>
      </trkpt>
      <trkpt lat="48.78948" lon="1.96145">
        <ele>171</ele>
        <time>2026-05-14T10:13:00+00:00</time>
      </trkpt>
      <trkpt lat="48.7891" lon="1.96348">
        <ele>170</ele>
        <time>2026-05-14T10:13:01+00:00</time>
      </trkpt>
      <trkpt lat="48.78895" lon="1.964">
        <ele>171</ele>
        <time>2026-05-14T10:13:02+00:00</time>
      </trkpt>
      <trkpt lat="48.78884" lon="1.96464">
        <ele>171</ele>
        <time>2026-05-14T10:13:03+00:00</time>
      </trkpt>
      <trkpt lat="48.7894" lon="1.96508">
        <ele>171</ele>
        <time>2026-05-14T10:13:04+00:00</time>
      </trkpt>
      <trkpt lat="48.78964" lon="1.96512">
        <ele>171</ele>
        <time>2026-05-14T10:13:05+00:00</time>
      </trkpt>
      <trkpt lat="48.78978" lon="1.96519">
        <ele>171</ele>
        <time>2026-05-14T10:13:06+00:00</time>
      </trkpt>
      <trkpt lat="48.78997" lon="1.96517">
        <ele>170</ele>
        <time>2026-05-14T10:13:07+00:00</time>
      </trkpt>
      <trkpt lat="48.78992" lon="1.96534">
        <ele>171</ele>
        <time>2026-05-14T10:13:08+00:00</time>
      </trkpt>
      <trkpt lat="48.78998" lon="1.96559">
        <ele>171</ele>
        <time>2026-05-14T10:13:09+00:00</time>
      </trkpt>
      <trkpt lat="48.79041" lon="1.96597">
        <ele>172</ele>
        <time>2026-05-14T10:13:10+00:00</time>
      </trkpt>
      <trkpt lat="48.7906" lon="1.96603">
        <ele>172</ele>
        <time>2026-05-14T10:13:11+00:00</time>
      </trkpt>
      <trkpt lat="48.79092" lon="1.96608">
        <ele>173</ele>
        <time>2026-05-14T10:13:12+00:00</time>
      </trkpt>
    </trkseg>
  </trk>
</gpx>
