<?xml version="1.0" encoding="UTF-8"?>
<gpx xmlns="http://www.topografix.com/GPX/1/1" xmlns:xsi="http://www.w3.org/2001/XMLSchema-instance" version="1.1" creator="phpGPX/1.3.0" xsi:schemaLocation="http://www.topografix.com/GPX/1/1 http://www.topografix.com/GPX/1/1/gpx.xsd">
  <metadata>
    <time>2026-05-14T09:50:23+00:00</time>
  </metadata>
  <trk>
    <name>En chemin vers Turenne</name>
    <trkseg>
      <trkpt lat="45.10037" lon="1.45462">
        <ele>130</ele>
        <time>2026-05-14T09:50:24+00:00</time>
      </trkpt>
      <trkpt lat="45.10026" lon="1.45477">
        <ele>129</ele>
        <time>2026-05-14T09:50:25+00:00</time>
      </trkpt>
      <trkpt lat="45.10018" lon="1.45497">
        <ele>128</ele>
        <time>2026-05-14T09:50:26+00:00</time>
      </trkpt>
      <trkpt lat="45.10013" lon="1.4552">
        <ele>127</ele>
        <time>2026-05-14T09:50:27+00:00</time>
      </trkpt>
      <trkpt lat="45.10028" lon="1.4562">
        <ele>127</ele>
        <time>2026-05-14T09:50:28+00:00</time>
      </trkpt>
      <trkpt lat="45.1002" lon="1.4566">
        <ele>126</ele>
        <time>2026-05-14T09:50:29+00:00</time>
      </trkpt>
      <trkpt lat="45.10018" lon="1.45719">
        <ele>127</ele>
        <time>2026-05-14T09:50:30+00:00</time>
      </trkpt>
      <trkpt lat="45.10005" lon="1.45825">
        <ele>126</ele>
        <time>2026-05-14T09:50:31+00:00</time>
      </trkpt>
      <trkpt lat="45.09981" lon="1.45977">
        <ele>127</ele>
        <time>2026-05-14T09:50:32+00:00</time>
      </trkpt>
      <trkpt lat="45.0996" lon="1.46055">
        <ele>128</ele>
        <time>2026-05-14T09:50:33+00:00</time>
      </trkpt>
      <trkpt lat="45.0995" lon="1.46061">
        <ele>127</ele>
        <time>2026-05-14T09:50:34+00:00</time>
      </trkpt>
      <trkpt lat="45.09935" lon="1.4608">
        <ele>127</ele>
        <time>2026-05-14T09:50:35+00:00</time>
      </trkpt>
      <trkpt lat="45.0991" lon="1.4613">
        <ele>128</ele>
        <time>2026-05-14T09:50:36+00:00</time>
      </trkpt>
      <trkpt lat="45.09893" lon="1.46173">
        <ele>129</ele>
        <time>2026-05-14T09:50:37+00:00</time>
      </trkpt>
      <trkpt lat="45.09879" lon="1.46186">
        <ele>128</ele>
        <time>2026-05-14T09:50:38+00:00</time>
      </trkpt>
      <trkpt lat="45.09868" lon="1.46206">
        <ele>128</ele>
        <time>2026-05-14T09:50:39+00:00</time>
      </trkpt>
      <trkpt lat="45.09843" lon="1.46276">
        <ele>128</ele>
        <time>2026-05-14T09:50:40+00:00</time>
      </trkpt>
      <trkpt lat="45.09836" lon="1.46289">
        <ele>128</ele>
        <time>2026-05-14T09:50:41+00:00</time>
      </trkpt>
      <trkpt lat="45.09823" lon="1.46334">
        <ele>130</ele>
        <time>2026-05-14T09:50:42+00:00</time>
      </trkpt>
      <trkpt lat="45.09763" lon="1.46475">
        <ele>133</ele>
        <time>2026-05-14T09:50:43+00:00</time>
      </trkpt>
      <trkpt lat="45.09757" lon="1.4648">
        <ele>132</ele>
        <time>2026-05-14T09:50:44+00:00</time>
      </trkpt>
      <trkpt lat="45.09751" lon="1.4648">
        <ele>132</ele>
        <time>2026-05-14T09:50:45+00:00</time>
      </trkpt>
      <trkpt lat="45.09739" lon="1.46475">
        <ele>131</ele>
        <time>2026-05-14T09:50:46+00:00</time>
      </trkpt>
      <trkpt lat="45.09697" lon="1.46435">
        <ele>128</ele>
        <time>2026-05-14T09:50:47+00:00</time>
      </trkpt>
      <trkpt lat="45.09598" lon="1.46395">
        <ele>123</ele>
        <time>2026-05-14T09:50:48+00:00</time>
      </trkpt>
      <trkpt lat="45.09576" lon="1.46395">
        <ele>123</ele>
        <time>2026-05-14T09:50:49+00:00</time>
      </trkpt>
      <trkpt lat="45.09566" lon="1.464">
        <ele>123</ele>
        <time>2026-05-14T09:50:50+00:00</time>
      </trkpt>
      <trkpt lat="45.09487" lon="1.46458">
        <ele>123</ele>
        <time>2026-05-14T09:50:51+00:00</time>
      </trkpt>
      <trkpt lat="45.09474" lon="1.46473">
        <ele>124</ele>
        <time>2026-05-14T09:50:52+00:00</time>
      </trkpt>
      <trkpt lat="45.09467" lon="1.46486">
        <ele>124</ele>
        <time>2026-05-14T09:50:53+00:00</time>
      </trkpt>
      <trkpt lat="45.09458" lon="1.46526">
        <ele>125</ele>
        <time>2026-05-14T09:50:54+00:00</time>
      </trkpt>
      <trkpt lat="45.0945" lon="1.46604">
        <ele>127</ele>
        <time>2026-05-14T09:50:55+00:00</time>
      </trkpt>
      <trkpt lat="45.09441" lon="1.46661">
        <ele>127</ele>
        <time>2026-05-14T09:50:56+00:00</time>
      </trkpt>
      <trkpt lat="45.09442" lon="1.46678">
        <ele>129</ele>
        <time>2026-05-14T09:50:57+00:00</time>
      </trkpt>
      <trkpt lat="45.09457" lon="1.46719">
        <ele>134</ele>
        <time>2026-05-14T09:50:58+00:00</time>
      </trkpt>
      <trkpt lat="45.09461" lon="1.46795">
        <ele>138</ele>
        <time>2026-05-14T09:50:59+00:00</time>
      </trkpt>
      <trkpt lat="45.09471" lon="1.46853">
        <ele>138</ele>
        <time>2026-05-14T09:51:00+00:00</time>
      </trkpt>
      <trkpt lat="45.0947" lon="1.46865">
        <ele>137</ele>
        <time>2026-05-14T09:51:01+00:00</time>
      </trkpt>
      <trkpt lat="45.09452" lon="1.46928">
        <ele>132</ele>
        <time>2026-05-14T09:51:02+00:00</time>
      </trkpt>
      <trkpt lat="45.09452" lon="1.4694">
        <ele>133</ele>
        <time>2026-05-14T09:51:03+00:00</time>
      </trkpt>
      <trkpt lat="45.09464" lon="1.46988">
        <ele>134</ele>
        <time>2026-05-14T09:51:04+00:00</time>
      </trkpt>
      <trkpt lat="45.09486" lon="1.47025">
        <ele>134</ele>
        <time>2026-05-14T09:51:05+00:00</time>
      </trkpt>
      <trkpt lat="45.0949" lon="1.47087">
        <ele>134</ele>
        <time>2026-05-14T09:51:06+00:00</time>
      </trkpt>
      <trkpt lat="45.09516" lon="1.47127">
        <ele>137</ele>
        <time>2026-05-14T09:51:07+00:00</time>
      </trkpt>
      <trkpt lat="45.09522" lon="1.4715">
        <ele>138</ele>
        <time>2026-05-14T09:51:08+00:00</time>
      </trkpt>
      <trkpt lat="45.09514" lon="1.47161">
        <ele>136</ele>
        <time>2026-05-14T09:51:09+00:00</time>
      </trkpt>
      <trkpt lat="45.09513" lon="1.47168">
        <ele>136</ele>
        <time>2026-05-14T09:51:10+00:00</time>
      </trkpt>
      <trkpt lat="45.09521" lon="1.47208">
        <ele>138</ele>
        <time>2026-05-14T09:51:11+00:00</time>
      </trkpt>
      <trkpt lat="45.09511" lon="1.47233">
        <ele>138</ele>
        <time>2026-05-14T09:51:12+00:00</time>
      </trkpt>
      <trkpt lat="45.09508" lon="1.47273">
        <ele>140</ele>
        <time>2026-05-14T09:51:13+00:00</time>
      </trkpt>
      <trkpt lat="45.09494" lon="1.47293">
        <ele>142</ele>
        <time>2026-05-14T09:51:14+00:00</time>
      </trkpt>
      <trkpt lat="45.09464" lon="1.47324">
        <ele>141</ele>
        <time>2026-05-14T09:51:15+00:00</time>
      </trkpt>
      <trkpt lat="45.09454" lon="1.47322">
        <ele>140</ele>
        <time>2026-05-14T09:51:16+00:00</time>
      </trkpt>
      <trkpt lat="45.09434" lon="1.4733">
        <ele>137</ele>
        <time>2026-05-14T09:51:17+00:00</time>
      </trkpt>
      <trkpt lat="45.09392" lon="1.47363">
        <ele>140</ele>
        <time>2026-05-14T09:51:18+00:00</time>
      </trkpt>
      <trkpt lat="45.09389" lon="1.47375">
        <ele>141</ele>
        <time>2026-05-14T09:51:19+00:00</time>
      </trkpt>
      <trkpt lat="45.09397" lon="1.47449">
        <ele>146</ele>
        <time>2026-05-14T09:51:20+00:00</time>
      </trkpt>
      <trkpt lat="45.09394" lon="1.47487">
        <ele>150</ele>
        <time>2026-05-14T09:51:21+00:00</time>
      </trkpt>
      <trkpt lat="45.09388" lon="1.47502">
        <ele>150</ele>
        <time>2026-05-14T09:51:22+00:00</time>
      </trkpt>
      <trkpt lat="45.09366" lon="1.47533">
        <ele>150</ele>
        <time>2026-05-14T09:51:23+00:00</time>
      </trkpt>
      <trkpt lat="45.09307" lon="1.4758">
        <ele>145</ele>
        <time>2026-05-14T09:51:24+00:00</time>
      </trkpt>
      <trkpt lat="45.09292" lon="1.47588">
        <ele>146</ele>
        <time>2026-05-14T09:51:25+00:00</time>
      </trkpt>
      <trkpt lat="45.09281" lon="1.47587">
        <ele>144</ele>
        <time>2026-05-14T09:51:26+00:00</time>
      </trkpt>
      <trkpt lat="45.09252" lon="1.47581">
        <ele>140</ele>
        <time>2026-05-14T09:51:27+00:00</time>
      </trkpt>
      <trkpt lat="45.09233" lon="1.4758">
        <ele>144</ele>
        <time>2026-05-14T09:51:28+00:00</time>
      </trkpt>
      <trkpt lat="45.09219" lon="1.4757">
        <ele>146</ele>
        <time>2026-05-14T09:51:29+00:00</time>
      </trkpt>
      <trkpt lat="45.09198" lon="1.47549">
        <ele>146</ele>
        <time>2026-05-14T09:51:30+00:00</time>
      </trkpt>
      <trkpt lat="45.09175" lon="1.47533">
        <ele>147</ele>
        <time>2026-05-14T09:51:31+00:00</time>
      </trkpt>
      <trkpt lat="45.09123" lon="1.47478">
        <ele>141</ele>
        <time>2026-05-14T09:51:32+00:00</time>
      </trkpt>
      <trkpt lat="45.09106" lon="1.47453">
        <ele>140</ele>
        <time>2026-05-14T09:51:33+00:00</time>
      </trkpt>
      <trkpt lat="45.09092" lon="1.47422">
        <ele>138</ele>
        <time>2026-05-14T09:51:34+00:00</time>
      </trkpt>
      <trkpt lat="45.0908" lon="1.4741">
        <ele>139</ele>
        <time>2026-05-14T09:51:35+00:00</time>
      </trkpt>
      <trkpt lat="45.09073" lon="1.47407">
        <ele>141</ele>
        <time>2026-05-14T09:51:36+00:00</time>
      </trkpt>
      <trkpt lat="45.09062" lon="1.47427">
        <ele>141</ele>
        <time>2026-05-14T09:51:37+00:00</time>
      </trkpt>
      <trkpt lat="45.09042" lon="1.47513">
        <ele>146</ele>
        <time>2026-05-14T09:51:38+00:00</time>
      </trkpt>
      <trkpt lat="45.09028" lon="1.4756">
        <ele>149</ele>
        <time>2026-05-14T09:51:39+00:00</time>
      </trkpt>
      <trkpt lat="45.09022" lon="1.47562">
        <ele>148</ele>
        <time>2026-05-14T09:51:40+00:00</time>
      </trkpt>
      <trkpt lat="45.08998" lon="1.47552">
        <ele>145</ele>
        <time>2026-05-14T09:51:41+00:00</time>
      </trkpt>
      <trkpt lat="45.08991" lon="1.47553">
        <ele>147</ele>
        <time>2026-05-14T09:51:42+00:00</time>
      </trkpt>
      <trkpt lat="45.08985" lon="1.47561">
        <ele>148</ele>
        <time>2026-05-14T09:51:43+00:00</time>
      </trkpt>
      <trkpt lat="45.08952" lon="1.47632">
        <ele>151</ele>
        <time>2026-05-14T09:51:44+00:00</time>
      </trkpt>
      <trkpt lat="45.08939" lon="1.47652">
        <ele>150</ele>
        <time>2026-05-14T09:51:45+00:00</time>
      </trkpt>
      <trkpt lat="45.08907" lon="1.47688">
        <ele>150</ele>
        <time>2026-05-14T09:51:46+00:00</time>
      </trkpt>
      <trkpt lat="45.08889" lon="1.477">
        <ele>153</ele>
        <time>2026-05-14T09:51:47+00:00</time>
      </trkpt>
      <trkpt lat="45.08851" lon="1.47742">
        <ele>154</ele>
        <time>2026-05-14T09:51:48+00:00</time>
      </trkpt>
      <trkpt lat="45.08802" lon="1.47754">
        <ele>159</ele>
        <time>2026-05-14T09:51:49+00:00</time>
      </trkpt>
      <trkpt lat="45.08762" lon="1.47767">
        <ele>164</ele>
        <time>2026-05-14T09:51:50+00:00</time>
      </trkpt>
      <trkpt lat="45.08748" lon="1.47782">
        <ele>163</ele>
        <time>2026-05-14T09:51:51+00:00</time>
      </trkpt>
      <trkpt lat="45.08701" lon="1.47861">
        <ele>164</ele>
        <time>2026-05-14T09:51:52+00:00</time>
      </trkpt>
      <trkpt lat="45.08652" lon="1.47937">
        <ele>162</ele>
        <time>2026-05-14T09:51:53+00:00</time>
      </trkpt>
      <trkpt lat="45.08632" lon="1.47989">
        <ele>164</ele>
        <time>2026-05-14T09:51:54+00:00</time>
      </trkpt>
      <trkpt lat="45.08616" lon="1.48019">
        <ele>166</ele>
        <time>2026-05-14T09:51:55+00:00</time>
      </trkpt>
      <trkpt lat="45.08582" lon="1.48112">
        <ele>160</ele>
        <time>2026-05-14T09:51:56+00:00</time>
      </trkpt>
      <trkpt lat="45.08576" lon="1.48131">
        <ele>160</ele>
        <time>2026-05-14T09:51:57+00:00</time>
      </trkpt>
      <trkpt lat="45.08572" lon="1.48155">
        <ele>158</ele>
        <time>2026-05-14T09:51:58+00:00</time>
      </trkpt>
      <trkpt lat="45.08546" lon="1.48219">
        <ele>164</ele>
        <time>2026-05-14T09:51:59+00:00</time>
      </trkpt>
      <trkpt lat="45.08538" lon="1.48249">
        <ele>167</ele>
        <time>2026-05-14T09:52:00+00:00</time>
      </trkpt>
      <trkpt lat="45.08534" lon="1.48267">
        <ele>169</ele>
        <time>2026-05-14T09:52:01+00:00</time>
      </trkpt>
      <trkpt lat="45.08533" lon="1.48286">
        <ele>170</ele>
        <time>2026-05-14T09:52:02+00:00</time>
      </trkpt>
      <trkpt lat="45.08541" lon="1.48343">
        <ele>172</ele>
        <time>2026-05-14T09:52:03+00:00</time>
      </trkpt>
      <trkpt lat="45.0855" lon="1.48363">
        <ele>169</ele>
        <time>2026-05-14T09:52:04+00:00</time>
      </trkpt>
      <trkpt lat="45.08574" lon="1.48401">
        <ele>163</ele>
        <time>2026-05-14T09:52:05+00:00</time>
      </trkpt>
      <trkpt lat="45.08585" lon="1.48444">
        <ele>162</ele>
        <time>2026-05-14T09:52:06+00:00</time>
      </trkpt>
      <trkpt lat="45.08586" lon="1.48458">
        <ele>163</ele>
        <time>2026-05-14T09:52:07+00:00</time>
      </trkpt>
      <trkpt lat="45.08563" lon="1.48481">
        <ele>165</ele>
        <time>2026-05-14T09:52:08+00:00</time>
      </trkpt>
      <trkpt lat="45.08548" lon="1.48487">
        <ele>167</ele>
        <time>2026-05-14T09:52:09+00:00</time>
      </trkpt>
      <trkpt lat="45.08513" lon="1.48508">
        <ele>170</ele>
        <time>2026-05-14T09:52:10+00:00</time>
      </trkpt>
      <trkpt lat="45.08492" lon="1.48531">
        <ele>173</ele>
        <time>2026-05-14T09:52:11+00:00</time>
      </trkpt>
      <trkpt lat="45.08482" lon="1.4855">
        <ele>176</ele>
        <time>2026-05-14T09:52:12+00:00</time>
      </trkpt>
      <trkpt lat="45.08473" lon="1.48597">
        <ele>177</ele>
        <time>2026-05-14T09:52:13+00:00</time>
      </trkpt>
      <trkpt lat="45.08468" lon="1.48655">
        <ele>180</ele>
        <time>2026-05-14T09:52:14+00:00</time>
      </trkpt>
      <trkpt lat="45.08485" lon="1.48717">
        <ele>176</ele>
        <time>2026-05-14T09:52:15+00:00</time>
      </trkpt>
      <trkpt lat="45.08508" lon="1.48777">
        <ele>175</ele>
        <time>2026-05-14T09:52:16+00:00</time>
      </trkpt>
      <trkpt lat="45.08521" lon="1.48856">
        <ele>181</ele>
        <time>2026-05-14T09:52:17+00:00</time>
      </trkpt>
      <trkpt lat="45.08531" lon="1.48886">
        <ele>182</ele>
        <time>2026-05-14T09:52:18+00:00</time>
      </trkpt>
      <trkpt lat="45.08533" lon="1.48919">
        <ele>182</ele>
        <time>2026-05-14T09:52:19+00:00</time>
      </trkpt>
      <trkpt lat="45.08531" lon="1.48952">
        <ele>183</ele>
        <time>2026-05-14T09:52:20+00:00</time>
      </trkpt>
      <trkpt lat="45.08526" lon="1.48976">
        <ele>184</ele>
        <time>2026-05-14T09:52:21+00:00</time>
      </trkpt>
      <trkpt lat="45.08523" lon="1.48985">
        <ele>184</ele>
        <time>2026-05-14T09:52:22+00:00</time>
      </trkpt>
      <trkpt lat="45.08506" lon="1.49013">
        <ele>185</ele>
        <time>2026-05-14T09:52:23+00:00</time>
      </trkpt>
      <trkpt lat="45.08495" lon="1.49053">
        <ele>186</ele>
        <time>2026-05-14T09:52:24+00:00</time>
      </trkpt>
      <trkpt lat="45.08473" lon="1.49215">
        <ele>192</ele>
        <time>2026-05-14T09:52:25+00:00</time>
      </trkpt>
      <trkpt lat="45.08478" lon="1.49284">
        <ele>190</ele>
        <time>2026-05-14T09:52:26+00:00</time>
      </trkpt>
      <trkpt lat="45.08497" lon="1.49363">
        <ele>183</ele>
        <time>2026-05-14T09:52:27+00:00</time>
      </trkpt>
      <trkpt lat="45.08498" lon="1.49398">
        <ele>183</ele>
        <time>2026-05-14T09:52:28+00:00</time>
      </trkpt>
      <trkpt lat="45.08494" lon="1.49408">
        <ele>184</ele>
        <time>2026-05-14T09:52:29+00:00</time>
      </trkpt>
      <trkpt lat="45.08459" lon="1.49427">
        <ele>191</ele>
        <time>2026-05-14T09:52:30+00:00</time>
      </trkpt>
      <trkpt lat="45.08438" lon="1.49444">
        <ele>193</ele>
        <time>2026-05-14T09:52:31+00:00</time>
      </trkpt>
      <trkpt lat="45.08426" lon="1.49461">
        <ele>193</ele>
        <time>2026-05-14T09:52:32+00:00</time>
      </trkpt>
      <trkpt lat="45.08399" lon="1.49513">
        <ele>192</ele>
        <time>2026-05-14T09:52:33+00:00</time>
      </trkpt>
      <trkpt lat="45.08393" lon="1.49529">
        <ele>195</ele>
        <time>2026-05-14T09:52:34+00:00</time>
      </trkpt>
      <trkpt lat="45.08391" lon="1.49546">
        <ele>197</ele>
        <time>2026-05-14T09:52:35+00:00</time>
      </trkpt>
      <trkpt lat="45.08401" lon="1.4956">
        <ele>195</ele>
        <time>2026-05-14T09:52:36+00:00</time>
      </trkpt>
      <trkpt lat="45.08462" lon="1.49622">
        <ele>191</ele>
        <time>2026-05-14T09:52:37+00:00</time>
      </trkpt>
      <trkpt lat="45.08482" lon="1.49659">
        <ele>190</ele>
        <time>2026-05-14T09:52:38+00:00</time>
      </trkpt>
      <trkpt lat="45.08496" lon="1.49695">
        <ele>189</ele>
        <time>2026-05-14T09:52:39+00:00</time>
      </trkpt>
      <trkpt lat="45.085" lon="1.497">
        <ele>189</ele>
        <time>2026-05-14T09:52:40+00:00</time>
      </trkpt>
      <trkpt lat="45.0851" lon="1.49742">
        <ele>193</ele>
        <time>2026-05-14T09:52:41+00:00</time>
      </trkpt>
      <trkpt lat="45.08515" lon="1.49753">
        <ele>195</ele>
        <time>2026-05-14T09:52:42+00:00</time>
      </trkpt>
      <trkpt lat="45.08518" lon="1.49774">
        <ele>197</ele>
        <time>2026-05-14T09:52:43+00:00</time>
      </trkpt>
      <trkpt lat="45.08536" lon="1.4981">
        <ele>199</ele>
        <time>2026-05-14T09:52:44+00:00</time>
      </trkpt>
      <trkpt lat="45.08542" lon="1.49864">
        <ele>200</ele>
        <time>2026-05-14T09:52:45+00:00</time>
      </trkpt>
      <trkpt lat="45.08537" lon="1.49872">
        <ele>201</ele>
        <time>2026-05-14T09:52:46+00:00</time>
      </trkpt>
      <trkpt lat="45.0854" lon="1.49879">
        <ele>201</ele>
        <time>2026-05-14T09:52:47+00:00</time>
      </trkpt>
      <trkpt lat="45.08544" lon="1.49931">
        <ele>200</ele>
        <time>2026-05-14T09:52:48+00:00</time>
      </trkpt>
      <trkpt lat="45.08538" lon="1.4996">
        <ele>200</ele>
        <time>2026-05-14T09:52:49+00:00</time>
      </trkpt>
      <trkpt lat="45.08525" lon="1.49986">
        <ele>202</ele>
        <time>2026-05-14T09:52:50+00:00</time>
      </trkpt>
      <trkpt lat="45.08524" lon="1.50023">
        <ele>203</ele>
        <time>2026-05-14T09:52:51+00:00</time>
      </trkpt>
      <trkpt lat="45.08536" lon="1.50049">
        <ele>202</ele>
        <time>2026-05-14T09:52:52+00:00</time>
      </trkpt>
      <trkpt lat="45.08554" lon="1.50066">
        <ele>199</ele>
        <time>2026-05-14T09:52:53+00:00</time>
      </trkpt>
      <trkpt lat="45.08559" lon="1.50074">
        <ele>199</ele>
        <time>2026-05-14T09:52:54+00:00</time>
      </trkpt>
      <trkpt lat="45.08562" lon="1.50088">
        <ele>199</ele>
        <time>2026-05-14T09:52:55+00:00</time>
      </trkpt>
      <trkpt lat="45.08568" lon="1.50101">
        <ele>200</ele>
        <time>2026-05-14T09:52:56+00:00</time>
      </trkpt>
      <trkpt lat="45.08578" lon="1.50113">
        <ele>200</ele>
        <time>2026-05-14T09:52:57+00:00</time>
      </trkpt>
      <trkpt lat="45.08627" lon="1.50153">
        <ele>201</ele>
        <time>2026-05-14T09:52:58+00:00</time>
      </trkpt>
      <trkpt lat="45.0865" lon="1.5016">
        <ele>198</ele>
        <time>2026-05-14T09:52:59+00:00</time>
      </trkpt>
      <trkpt lat="45.08661" lon="1.50171">
        <ele>197</ele>
        <time>2026-05-14T09:53:00+00:00</time>
      </trkpt>
      <trkpt lat="45.08664" lon="1.50181">
        <ele>197</ele>
        <time>2026-05-14T09:53:01+00:00</time>
      </trkpt>
      <trkpt lat="45.0865" lon="1.50234">
        <ele>202</ele>
        <time>2026-05-14T09:53:02+00:00</time>
      </trkpt>
      <trkpt lat="45.08651" lon="1.50307">
        <ele>206</ele>
        <time>2026-05-14T09:53:03+00:00</time>
      </trkpt>
      <trkpt lat="45.08653" lon="1.50321">
        <ele>206</ele>
        <time>2026-05-14T09:53:04+00:00</time>
      </trkpt>
      <trkpt lat="45.08664" lon="1.50352">
        <ele>204</ele>
        <time>2026-05-14T09:53:05+00:00</time>
      </trkpt>
      <trkpt lat="45.0867" lon="1.50386">
        <ele>205</ele>
        <time>2026-05-14T09:53:06+00:00</time>
      </trkpt>
      <trkpt lat="45.08683" lon="1.50416">
        <ele>206</ele>
        <time>2026-05-14T09:53:07+00:00</time>
      </trkpt>
      <trkpt lat="45.08689" lon="1.50446">
        <ele>207</ele>
        <time>2026-05-14T09:53:08+00:00</time>
      </trkpt>
      <trkpt lat="45.0869" lon="1.50469">
        <ele>208</ele>
        <time>2026-05-14T09:53:09+00:00</time>
      </trkpt>
      <trkpt lat="45.08686" lon="1.50487">
        <ele>209</ele>
        <time>2026-05-14T09:53:10+00:00</time>
      </trkpt>
      <trkpt lat="45.08679" lon="1.50498">
        <ele>210</ele>
        <time>2026-05-14T09:53:11+00:00</time>
      </trkpt>
      <trkpt lat="45.08662" lon="1.50516">
        <ele>212</ele>
        <time>2026-05-14T09:53:12+00:00</time>
      </trkpt>
      <trkpt lat="45.08651" lon="1.5052">
        <ele>215</ele>
        <time>2026-05-14T09:53:13+00:00</time>
      </trkpt>
      <trkpt lat="45.08643" lon="1.50531">
        <ele>217</ele>
        <time>2026-05-14T09:53:14+00:00</time>
      </trkpt>
      <trkpt lat="45.08638" lon="1.50569">
        <ele>216</ele>
        <time>2026-05-14T09:53:15+00:00</time>
      </trkpt>
      <trkpt lat="45.0862" lon="1.50618">
        <ele>219</ele>
        <time>2026-05-14T09:53:16+00:00</time>
      </trkpt>
      <trkpt lat="45.08615" lon="1.50642">
        <ele>219</ele>
        <time>2026-05-14T09:53:17+00:00</time>
      </trkpt>
      <trkpt lat="45.08613" lon="1.50666">
        <ele>218</ele>
        <time>2026-05-14T09:53:18+00:00</time>
      </trkpt>
      <trkpt lat="45.08616" lon="1.50722">
        <ele>218</ele>
        <time>2026-05-14T09:53:19+00:00</time>
      </trkpt>
      <trkpt lat="45.08625" lon="1.50756">
        <ele>216</ele>
        <time>2026-05-14T09:53:20+00:00</time>
      </trkpt>
      <trkpt lat="45.08669" lon="1.50853">
        <ele>208</ele>
        <time>2026-05-14T09:53:21+00:00</time>
      </trkpt>
      <trkpt lat="45.08694" lon="1.50884">
        <ele>210</ele>
        <time>2026-05-14T09:53:22+00:00</time>
      </trkpt>
      <trkpt lat="45.087" lon="1.509">
        <ele>210</ele>
        <time>2026-05-14T09:53:23+00:00</time>
      </trkpt>
      <trkpt lat="45.08701" lon="1.50915">
        <ele>210</ele>
        <time>2026-05-14T09:53:24+00:00</time>
      </trkpt>
      <trkpt lat="45.08716" lon="1.50961">
        <ele>208</ele>
        <time>2026-05-14T09:53:25+00:00</time>
      </trkpt>
      <trkpt lat="45.08739" lon="1.51018">
        <ele>202</ele>
        <time>2026-05-14T09:53:26+00:00</time>
      </trkpt>
      <trkpt lat="45.08756" lon="1.51103">
        <ele>197</ele>
        <time>2026-05-14T09:53:27+00:00</time>
      </trkpt>
      <trkpt lat="45.08774" lon="1.51304">
        <ele>196</ele>
        <time>2026-05-14T09:53:28+00:00</time>
      </trkpt>
      <trkpt lat="45.08777" lon="1.51306">
        <ele>195</ele>
        <time>2026-05-14T09:53:29+00:00</time>
      </trkpt>
      <trkpt lat="45.08793" lon="1.51306">
        <ele>194</ele>
        <time>2026-05-14T09:53:30+00:00</time>
      </trkpt>
      <trkpt lat="45.08865" lon="1.51298">
        <ele>194</ele>
        <time>2026-05-14T09:53:31+00:00</time>
      </trkpt>
      <trkpt lat="45.08869" lon="1.51303">
        <ele>194</ele>
        <time>2026-05-14T09:53:32+00:00</time>
      </trkpt>
      <trkpt lat="45.08895" lon="1.51382">
        <ele>196</ele>
        <time>2026-05-14T09:53:33+00:00</time>
      </trkpt>
      <trkpt lat="45.0893" lon="1.51433">
        <ele>196</ele>
        <time>2026-05-14T09:53:34+00:00</time>
      </trkpt>
      <trkpt lat="45.08961" lon="1.51462">
        <ele>197</ele>
        <time>2026-05-14T09:53:35+00:00</time>
      </trkpt>
      <trkpt lat="45.09019" lon="1.5159">
        <ele>197</ele>
        <time>2026-05-14T09:53:36+00:00</time>
      </trkpt>
      <trkpt lat="45.09058" lon="1.51643">
        <ele>198</ele>
        <time>2026-05-14T09:53:37+00:00</time>
      </trkpt>
      <trkpt lat="45.09088" lon="1.51703">
        <ele>196</ele>
        <time>2026-05-14T09:53:38+00:00</time>
      </trkpt>
      <trkpt lat="45.09113" lon="1.51764">
        <ele>196</ele>
        <time>2026-05-14T09:53:39+00:00</time>
      </trkpt>
      <trkpt lat="45.09149" lon="1.51738">
        <ele>198</ele>
        <time>2026-05-14T09:53:40+00:00</time>
      </trkpt>
      <trkpt lat="45.09163" lon="1.51731">
        <ele>199</ele>
        <time>2026-05-14T09:53:41+00:00</time>
      </trkpt>
      <trkpt lat="45.09175" lon="1.51738">
        <ele>200</ele>
        <time>2026-05-14T09:53:42+00:00</time>
      </trkpt>
      <trkpt lat="45.09227" lon="1.5182">
        <ele>200</ele>
        <time>2026-05-14T09:53:43+00:00</time>
      </trkpt>
      <trkpt lat="45.09241" lon="1.51855">
        <ele>201</ele>
        <time>2026-05-14T09:53:44+00:00</time>
      </trkpt>
      <trkpt lat="45.09243" lon="1.51867">
        <ele>201</ele>
        <time>2026-05-14T09:53:45+00:00</time>
      </trkpt>
      <trkpt lat="45.09231" lon="1.51886">
        <ele>199</ele>
        <time>2026-05-14T09:53:46+00:00</time>
      </trkpt>
      <trkpt lat="45.09225" lon="1.51916">
        <ele>198</ele>
        <time>2026-05-14T09:53:47+00:00</time>
      </trkpt>
      <trkpt lat="45.09214" lon="1.52064">
        <ele>197</ele>
        <time>2026-05-14T09:53:48+00:00</time>
      </trkpt>
      <trkpt lat="45.09186" lon="1.52156">
        <ele>199</ele>
        <time>2026-05-14T09:53:49+00:00</time>
      </trkpt>
      <trkpt lat="45.09171" lon="1.52232">
        <ele>197</ele>
        <time>2026-05-14T09:53:50+00:00</time>
      </trkpt>
      <trkpt lat="45.09173" lon="1.52261">
        <ele>197</ele>
        <time>2026-05-14T09:53:51+00:00</time>
      </trkpt>
      <trkpt lat="45.09183" lon="1.52292">
        <ele>197</ele>
        <time>2026-05-14T09:53:52+00:00</time>
      </trkpt>
      <trkpt lat="45.09216" lon="1.52356">
        <ele>198</ele>
        <time>2026-05-14T09:53:53+00:00</time>
      </trkpt>
      <trkpt lat="45.09214" lon="1.52371">
        <ele>199</ele>
        <time>2026-05-14T09:53:54+00:00</time>
      </trkpt>
      <trkpt lat="45.09197" lon="1.52435">
        <ele>202</ele>
        <time>2026-05-14T09:53:55+00:00</time>
      </trkpt>
      <trkpt lat="45.09192" lon="1.52443">
        <ele>203</ele>
        <time>2026-05-14T09:53:56+00:00</time>
      </trkpt>
      <trkpt lat="45.09184" lon="1.52447">
        <ele>203</ele>
        <time>2026-05-14T09:53:57+00:00</time>
      </trkpt>
      <trkpt lat="45.09167" lon="1.52448">
        <ele>204</ele>
        <time>2026-05-14T09:53:58+00:00</time>
      </trkpt>
      <trkpt lat="45.09128" lon="1.52443">
        <ele>202</ele>
        <time>2026-05-14T09:53:59+00:00</time>
      </trkpt>
      <trkpt lat="45.09114" lon="1.52444">
        <ele>202</ele>
        <time>2026-05-14T09:54:00+00:00</time>
      </trkpt>
      <trkpt lat="45.09094" lon="1.5245">
        <ele>202</ele>
        <time>2026-05-14T09:54:01+00:00</time>
      </trkpt>
      <trkpt lat="45.0907" lon="1.52464">
        <ele>202</ele>
        <time>2026-05-14T09:54:02+00:00</time>
      </trkpt>
      <trkpt lat="45.09029" lon="1.52508">
        <ele>202</ele>
        <time>2026-05-14T09:54:03+00:00</time>
      </trkpt>
      <trkpt lat="45.09016" lon="1.52516">
        <ele>202</ele>
        <time>2026-05-14T09:54:04+00:00</time>
      </trkpt>
      <trkpt lat="45.08991" lon="1.52527">
        <ele>203</ele>
        <time>2026-05-14T09:54:05+00:00</time>
      </trkpt>
      <trkpt lat="45.0893" lon="1.52547">
        <ele>209</ele>
        <time>2026-05-14T09:54:06+00:00</time>
      </trkpt>
      <trkpt lat="45.08821" lon="1.52598">
        <ele>218</ele>
        <time>2026-05-14T09:54:07+00:00</time>
      </trkpt>
      <trkpt lat="45.08798" lon="1.52604">
        <ele>219</ele>
        <time>2026-05-14T09:54:08+00:00</time>
      </trkpt>
      <trkpt lat="45.08793" lon="1.52602">
        <ele>219</ele>
        <time>2026-05-14T09:54:09+00:00</time>
      </trkpt>
      <trkpt lat="45.08793" lon="1.52596">
        <ele>219</ele>
        <time>2026-05-14T09:54:10+00:00</time>
      </trkpt>
      <trkpt lat="45.08811" lon="1.52541">
        <ele>216</ele>
        <time>2026-05-14T09:54:11+00:00</time>
      </trkpt>
      <trkpt lat="45.08814" lon="1.52519">
        <ele>215</ele>
        <time>2026-05-14T09:54:12+00:00</time>
      </trkpt>
      <trkpt lat="45.08811" lon="1.52507">
        <ele>214</ele>
        <time>2026-05-14T09:54:13+00:00</time>
      </trkpt>
      <trkpt lat="45.08798" lon="1.52499">
        <ele>213</ele>
        <time>2026-05-14T09:54:14+00:00</time>
      </trkpt>
      <trkpt lat="45.08789" lon="1.52498">
        <ele>213</ele>
        <time>2026-05-14T09:54:15+00:00</time>
      </trkpt>
      <trkpt lat="45.08768" lon="1.52502">
        <ele>213</ele>
        <time>2026-05-14T09:54:16+00:00</time>
      </trkpt>
      <trkpt lat="45.08749" lon="1.52491">
        <ele>211</ele>
        <time>2026-05-14T09:54:17+00:00</time>
      </trkpt>
      <trkpt lat="45.08716" lon="1.52478">
        <ele>210</ele>
        <time>2026-05-14T09:54:18+00:00</time>
      </trkpt>
      <trkpt lat="45.08696" lon="1.52464">
        <ele>209</ele>
        <time>2026-05-14T09:54:19+00:00</time>
      </trkpt>
      <trkpt lat="45.08691" lon="1.52463">
        <ele>209</ele>
        <time>2026-05-14T09:54:20+00:00</time>
      </trkpt>
      <trkpt lat="45.08674" lon="1.52466">
        <ele>209</ele>
        <time>2026-05-14T09:54:21+00:00</time>
      </trkpt>
      <trkpt lat="45.08642" lon="1.52483">
        <ele>212</ele>
        <time>2026-05-14T09:54:22+00:00</time>
      </trkpt>
      <trkpt lat="45.08609" lon="1.52494">
        <ele>215</ele>
        <time>2026-05-14T09:54:23+00:00</time>
      </trkpt>
      <trkpt lat="45.08583" lon="1.525">
        <ele>218</ele>
        <time>2026-05-14T09:54:24+00:00</time>
      </trkpt>
      <trkpt lat="45.08562" lon="1.52495">
        <ele>222</ele>
        <time>2026-05-14T09:54:25+00:00</time>
      </trkpt>
      <trkpt lat="45.08547" lon="1.52498">
        <ele>224</ele>
        <time>2026-05-14T09:54:26+00:00</time>
      </trkpt>
      <trkpt lat="45.08535" lon="1.52511">
        <ele>224</ele>
        <time>2026-05-14T09:54:27+00:00</time>
      </trkpt>
      <trkpt lat="45.085" lon="1.52536">
        <ele>225</ele>
        <time>2026-05-14T09:54:28+00:00</time>
      </trkpt>
      <trkpt lat="45.0847" lon="1.5253">
        <ele>231</ele>
        <time>2026-05-14T09:54:29+00:00</time>
      </trkpt>
      <trkpt lat="45.08449" lon="1.52543">
        <ele>233</ele>
        <time>2026-05-14T09:54:30+00:00</time>
      </trkpt>
      <trkpt lat="45.08425" lon="1.52553">
        <ele>235</ele>
        <time>2026-05-14T09:54:31+00:00</time>
      </trkpt>
      <trkpt lat="45.0841" lon="1.52556">
        <ele>237</ele>
        <time>2026-05-14T09:54:32+00:00</time>
      </trkpt>
      <trkpt lat="45.08384" lon="1.52572">
        <ele>239</ele>
        <time>2026-05-14T09:54:33+00:00</time>
      </trkpt>
      <trkpt lat="45.08364" lon="1.52578">
        <ele>242</ele>
        <time>2026-05-14T09:54:34+00:00</time>
      </trkpt>
      <trkpt lat="45.08317" lon="1.52602">
        <ele>245</ele>
        <time>2026-05-14T09:54:35+00:00</time>
      </trkpt>
      <trkpt lat="45.08301" lon="1.526">
        <ele>245</ele>
        <time>2026-05-14T09:54:36+00:00</time>
      </trkpt>
      <trkpt lat="45.08287" lon="1.52595">
        <ele>246</ele>
        <time>2026-05-14T09:54:37+00:00</time>
      </trkpt>
      <trkpt lat="45.08278" lon="1.52596">
        <ele>246</ele>
        <time>2026-05-14T09:54:38+00:00</time>
      </trkpt>
      <trkpt lat="45.0826" lon="1.52583">
        <ele>248</ele>
        <time>2026-05-14T09:54:39+00:00</time>
      </trkpt>
      <trkpt lat="45.08245" lon="1.52576">
        <ele>249</ele>
        <time>2026-05-14T09:54:40+00:00</time>
      </trkpt>
      <trkpt lat="45.08225" lon="1.52526">
        <ele>256</ele>
        <time>2026-05-14T09:54:41+00:00</time>
      </trkpt>
      <trkpt lat="45.08223" lon="1.52502">
        <ele>257</ele>
        <time>2026-05-14T09:54:42+00:00</time>
      </trkpt>
      <trkpt lat="45.08226" lon="1.52435">
        <ele>255</ele>
        <time>2026-05-14T09:54:43+00:00</time>
      </trkpt>
      <trkpt lat="45.08223" lon="1.52398">
        <ele>255</ele>
        <time>2026-05-14T09:54:44+00:00</time>
      </trkpt>
      <trkpt lat="45.08222" lon="1.52324">
        <ele>254</ele>
        <time>2026-05-14T09:54:45+00:00</time>
      </trkpt>
      <trkpt lat="45.08201" lon="1.52232">
        <ele>256</ele>
        <time>2026-05-14T09:54:46+00:00</time>
      </trkpt>
      <trkpt lat="45.08191" lon="1.52207">
        <ele>257</ele>
        <time>2026-05-14T09:54:47+00:00</time>
      </trkpt>
      <trkpt lat="45.08184" lon="1.52202">
        <ele>258</ele>
        <time>2026-05-14T09:54:48+00:00</time>
      </trkpt>
      <trkpt lat="45.08173" lon="1.52214">
        <ele>261</ele>
        <time>2026-05-14T09:54:49+00:00</time>
      </trkpt>
      <trkpt lat="45.0816" lon="1.52223">
        <ele>263</ele>
        <time>2026-05-14T09:54:50+00:00</time>
      </trkpt>
      <trkpt lat="45.08155" lon="1.52235">
        <ele>264</ele>
        <time>2026-05-14T09:54:51+00:00</time>
      </trkpt>
      <trkpt lat="45.08148" lon="1.52262">
        <ele>265</ele>
        <time>2026-05-14T09:54:52+00:00</time>
      </trkpt>
      <trkpt lat="45.0814" lon="1.52277">
        <ele>266</ele>
        <time>2026-05-14T09:54:53+00:00</time>
      </trkpt>
      <trkpt lat="45.08126" lon="1.52326">
        <ele>270</ele>
        <time>2026-05-14T09:54:54+00:00</time>
      </trkpt>
      <trkpt lat="45.08112" lon="1.52364">
        <ele>272</ele>
        <time>2026-05-14T09:54:55+00:00</time>
      </trkpt>
      <trkpt lat="45.081" lon="1.52447">
        <ele>276</ele>
        <time>2026-05-14T09:54:56+00:00</time>
      </trkpt>
      <trkpt lat="45.08092" lon="1.52479">
        <ele>278</ele>
        <time>2026-05-14T09:54:57+00:00</time>
      </trkpt>
      <trkpt lat="45.08087" lon="1.52488">
        <ele>278</ele>
        <time>2026-05-14T09:54:58+00:00</time>
      </trkpt>
      <trkpt lat="45.08071" lon="1.52504">
        <ele>280</ele>
        <time>2026-05-14T09:54:59+00:00</time>
      </trkpt>
      <trkpt lat="45.08064" lon="1.52517">
        <ele>280</ele>
        <time>2026-05-14T09:55:00+00:00</time>
      </trkpt>
      <trkpt lat="45.08056" lon="1.52557">
        <ele>282</ele>
        <time>2026-05-14T09:55:01+00:00</time>
      </trkpt>
      <trkpt lat="45.08059" lon="1.52654">
        <ele>285</ele>
        <time>2026-05-14T09:55:02+00:00</time>
      </trkpt>
      <trkpt lat="45.08054" lon="1.5268">
        <ele>285</ele>
        <time>2026-05-14T09:55:03+00:00</time>
      </trkpt>
      <trkpt lat="45.08046" lon="1.52691">
        <ele>285</ele>
        <time>2026-05-14T09:55:04+00:00</time>
      </trkpt>
      <trkpt lat="45.08031" lon="1.52703">
        <ele>286</ele>
        <time>2026-05-14T09:55:05+00:00</time>
      </trkpt>
      <trkpt lat="45.07955" lon="1.5275">
        <ele>294</ele>
        <time>2026-05-14T09:55:06+00:00</time>
      </trkpt>
      <trkpt lat="45.0794" lon="1.5277">
        <ele>294</ele>
        <time>2026-05-14T09:55:07+00:00</time>
      </trkpt>
      <trkpt lat="45.07935" lon="1.52772">
        <ele>295</ele>
        <time>2026-05-14T09:55:08+00:00</time>
      </trkpt>
      <trkpt lat="45.07929" lon="1.52765">
        <ele>295</ele>
        <time>2026-05-14T09:55:09+00:00</time>
      </trkpt>
      <trkpt lat="45.07916" lon="1.5274">
        <ele>296</ele>
        <time>2026-05-14T09:55:10+00:00</time>
      </trkpt>
      <trkpt lat="45.07901" lon="1.52698">
        <ele>294</ele>
        <time>2026-05-14T09:55:11+00:00</time>
      </trkpt>
      <trkpt lat="45.07895" lon="1.52667">
        <ele>294</ele>
        <time>2026-05-14T09:55:12+00:00</time>
      </trkpt>
      <trkpt lat="45.07893" lon="1.52624">
        <ele>292</ele>
        <time>2026-05-14T09:55:13+00:00</time>
      </trkpt>
      <trkpt lat="45.07887" lon="1.52581">
        <ele>290</ele>
        <time>2026-05-14T09:55:14+00:00</time>
      </trkpt>
      <trkpt lat="45.07874" lon="1.52537">
        <ele>291</ele>
        <time>2026-05-14T09:55:15+00:00</time>
      </trkpt>
      <trkpt lat="45.07854" lon="1.52497">
        <ele>292</ele>
        <time>2026-05-14T09:55:16+00:00</time>
      </trkpt>
      <trkpt lat="45.0783" lon="1.52421">
        <ele>292</ele>
        <time>2026-05-14T09:55:17+00:00</time>
      </trkpt>
      <trkpt lat="45.07812" lon="1.524">
        <ele>294</ele>
        <time>2026-05-14T09:55:18+00:00</time>
      </trkpt>
      <trkpt lat="45.07774" lon="1.52377">
        <ele>299</ele>
        <time>2026-05-14T09:55:19+00:00</time>
      </trkpt>
      <trkpt lat="45.07767" lon="1.52364">
        <ele>300</ele>
        <time>2026-05-14T09:55:20+00:00</time>
      </trkpt>
      <trkpt lat="45.0776" lon="1.52359">
        <ele>301</ele>
        <time>2026-05-14T09:55:21+00:00</time>
      </trkpt>
      <trkpt lat="45.07758" lon="1.52353">
        <ele>302</ele>
        <time>2026-05-14T09:55:22+00:00</time>
      </trkpt>
      <trkpt lat="45.07732" lon="1.52339">
        <ele>304</ele>
        <time>2026-05-14T09:55:23+00:00</time>
      </trkpt>
      <trkpt lat="45.07725" lon="1.52333">
        <ele>305</ele>
        <time>2026-05-14T09:55:24+00:00</time>
      </trkpt>
      <trkpt lat="45.07713" lon="1.52334">
        <ele>306</ele>
        <time>2026-05-14T09:55:25+00:00</time>
      </trkpt>
      <trkpt lat="45.077" lon="1.52327">
        <ele>307</ele>
        <time>2026-05-14T09:55:26+00:00</time>
      </trkpt>
      <trkpt lat="45.07687" lon="1.52327">
        <ele>308</ele>
        <time>2026-05-14T09:55:27+00:00</time>
      </trkpt>
      <trkpt lat="45.07677" lon="1.52336">
        <ele>309</ele>
        <time>2026-05-14T09:55:28+00:00</time>
      </trkpt>
      <trkpt lat="45.07672" lon="1.52334">
        <ele>310</ele>
        <time>2026-05-14T09:55:29+00:00</time>
      </trkpt>
      <trkpt lat="45.07656" lon="1.5231">
        <ele>310</ele>
        <time>2026-05-14T09:55:30+00:00</time>
      </trkpt>
      <trkpt lat="45.07652" lon="1.52291">
        <ele>309</ele>
        <time>2026-05-14T09:55:31+00:00</time>
      </trkpt>
      <trkpt lat="45.07638" lon="1.52283">
        <ele>309</ele>
        <time>2026-05-14T09:55:32+00:00</time>
      </trkpt>
      <trkpt lat="45.07627" lon="1.52262">
        <ele>308</ele>
        <time>2026-05-14T09:55:33+00:00</time>
      </trkpt>
      <trkpt lat="45.07614" lon="1.52261">
        <ele>307</ele>
        <time>2026-05-14T09:55:34+00:00</time>
      </trkpt>
      <trkpt lat="45.07595" lon="1.52202">
        <ele>303</ele>
        <time>2026-05-14T09:55:35+00:00</time>
      </trkpt>
      <trkpt lat="45.07589" lon="1.52194">
        <ele>302</ele>
        <time>2026-05-14T09:55:36+00:00</time>
      </trkpt>
      <trkpt lat="45.0758" lon="1.52188">
        <ele>301</ele>
        <time>2026-05-14T09:55:37+00:00</time>
      </trkpt>
      <trkpt lat="45.07569" lon="1.52202">
        <ele>300</ele>
        <time>2026-05-14T09:55:38+00:00</time>
      </trkpt>
      <trkpt lat="45.07562" lon="1.52225">
        <ele>300</ele>
        <time>2026-05-14T09:55:39+00:00</time>
      </trkpt>
      <trkpt lat="45.07557" lon="1.52234">
        <ele>300</ele>
        <time>2026-05-14T09:55:40+00:00</time>
      </trkpt>
      <trkpt lat="45.07551" lon="1.52238">
        <ele>299</ele>
        <time>2026-05-14T09:55:41+00:00</time>
      </trkpt>
      <trkpt lat="45.07542" lon="1.52238">
        <ele>297</ele>
        <time>2026-05-14T09:55:42+00:00</time>
      </trkpt>
      <trkpt lat="45.07537" lon="1.52241">
        <ele>297</ele>
        <time>2026-05-14T09:55:43+00:00</time>
      </trkpt>
      <trkpt lat="45.07525" lon="1.52258">
        <ele>296</ele>
        <time>2026-05-14T09:55:44+00:00</time>
      </trkpt>
      <trkpt lat="45.07514" lon="1.52281">
        <ele>295</ele>
        <time>2026-05-14T09:55:45+00:00</time>
      </trkpt>
      <trkpt lat="45.07498" lon="1.5233">
        <ele>295</ele>
        <time>2026-05-14T09:55:46+00:00</time>
      </trkpt>
      <trkpt lat="45.07492" lon="1.52339">
        <ele>295</ele>
        <time>2026-05-14T09:55:47+00:00</time>
      </trkpt>
      <trkpt lat="45.0747" lon="1.52359">
        <ele>291</ele>
        <time>2026-05-14T09:55:48+00:00</time>
      </trkpt>
      <trkpt lat="45.07442" lon="1.52419">
        <ele>289</ele>
        <time>2026-05-14T09:55:49+00:00</time>
      </trkpt>
      <trkpt lat="45.07441" lon="1.52438">
        <ele>287</ele>
        <time>2026-05-14T09:55:50+00:00</time>
      </trkpt>
      <trkpt lat="45.07435" lon="1.52446">
        <ele>286</ele>
        <time>2026-05-14T09:55:51+00:00</time>
      </trkpt>
      <trkpt lat="45.0741" lon="1.52449">
        <ele>282</ele>
        <time>2026-05-14T09:55:52+00:00</time>
      </trkpt>
      <trkpt lat="45.07379" lon="1.52457">
        <ele>279</ele>
        <time>2026-05-14T09:55:53+00:00</time>
      </trkpt>
      <trkpt lat="45.07367" lon="1.5248">
        <ele>277</ele>
        <time>2026-05-14T09:55:54+00:00</time>
      </trkpt>
      <trkpt lat="45.07336" lon="1.52489">
        <ele>274</ele>
        <time>2026-05-14T09:55:55+00:00</time>
      </trkpt>
      <trkpt lat="45.07325" lon="1.52497">
        <ele>273</ele>
        <time>2026-05-14T09:55:56+00:00</time>
      </trkpt>
      <trkpt lat="45.07307" lon="1.52516">
        <ele>272</ele>
        <time>2026-05-14T09:55:57+00:00</time>
      </trkpt>
      <trkpt lat="45.0729" lon="1.52525">
        <ele>272</ele>
        <time>2026-05-14T09:55:58+00:00</time>
      </trkpt>
      <trkpt lat="45.0728" lon="1.52524">
        <ele>272</ele>
        <time>2026-05-14T09:55:59+00:00</time>
      </trkpt>
      <trkpt lat="45.07261" lon="1.5251">
        <ele>272</ele>
        <time>2026-05-14T09:56:00+00:00</time>
      </trkpt>
      <trkpt lat="45.0725" lon="1.52505">
        <ele>272</ele>
        <time>2026-05-14T09:56:01+00:00</time>
      </trkpt>
      <trkpt lat="45.07201" lon="1.52497">
        <ele>271</ele>
        <time>2026-05-14T09:56:02+00:00</time>
      </trkpt>
      <trkpt lat="45.07192" lon="1.52493">
        <ele>271</ele>
        <time>2026-05-14T09:56:03+00:00</time>
      </trkpt>
      <trkpt lat="45.07184" lon="1.52487">
        <ele>271</ele>
        <time>2026-05-14T09:56:04+00:00</time>
      </trkpt>
      <trkpt lat="45.07172" lon="1.52469">
        <ele>271</ele>
        <time>2026-05-14T09:56:05+00:00</time>
      </trkpt>
      <trkpt lat="45.07163" lon="1.52464">
        <ele>271</ele>
        <time>2026-05-14T09:56:06+00:00</time>
      </trkpt>
      <trkpt lat="45.07159" lon="1.52465">
        <ele>271</ele>
        <time>2026-05-14T09:56:07+00:00</time>
      </trkpt>
      <trkpt lat="45.07113" lon="1.52505">
        <ele>273</ele>
        <time>2026-05-14T09:56:08+00:00</time>
      </trkpt>
      <trkpt lat="45.07089" lon="1.52516">
        <ele>274</ele>
        <time>2026-05-14T09:56:09+00:00</time>
      </trkpt>
      <trkpt lat="45.07052" lon="1.52543">
        <ele>277</ele>
        <time>2026-05-14T09:56:10+00:00</time>
      </trkpt>
      <trkpt lat="45.07034" lon="1.52561">
        <ele>278</ele>
        <time>2026-05-14T09:56:11+00:00</time>
      </trkpt>
      <trkpt lat="45.07014" lon="1.52573">
        <ele>280</ele>
        <time>2026-05-14T09:56:12+00:00</time>
      </trkpt>
      <trkpt lat="45.07004" lon="1.52582">
        <ele>282</ele>
        <time>2026-05-14T09:56:13+00:00</time>
      </trkpt>
      <trkpt lat="45.06981" lon="1.52606">
        <ele>283</ele>
        <time>2026-05-14T09:56:14+00:00</time>
      </trkpt>
      <trkpt lat="45.06941" lon="1.52658">
        <ele>286</ele>
        <time>2026-05-14T09:56:15+00:00</time>
      </trkpt>
      <trkpt lat="45.06904" lon="1.52695">
        <ele>287</ele>
        <time>2026-05-14T09:56:16+00:00</time>
      </trkpt>
      <trkpt lat="45.06889" lon="1.52721">
        <ele>287</ele>
        <time>2026-05-14T09:56:17+00:00</time>
      </trkpt>
      <trkpt lat="45.06878" lon="1.52747">
        <ele>287</ele>
        <time>2026-05-14T09:56:18+00:00</time>
      </trkpt>
      <trkpt lat="45.06843" lon="1.52795">
        <ele>286</ele>
        <time>2026-05-14T09:56:19+00:00</time>
      </trkpt>
      <trkpt lat="45.06838" lon="1.52809">
        <ele>286</ele>
        <time>2026-05-14T09:56:20+00:00</time>
      </trkpt>
      <trkpt lat="45.06832" lon="1.52844">
        <ele>286</ele>
        <time>2026-05-14T09:56:21+00:00</time>
      </trkpt>
      <trkpt lat="45.06828" lon="1.52913">
        <ele>285</ele>
        <time>2026-05-14T09:56:22+00:00</time>
      </trkpt>
      <trkpt lat="45.06821" lon="1.52928">
        <ele>285</ele>
        <time>2026-05-14T09:56:23+00:00</time>
      </trkpt>
      <trkpt lat="45.06809" lon="1.52934">
        <ele>286</ele>
        <time>2026-05-14T09:56:24+00:00</time>
      </trkpt>
      <trkpt lat="45.06748" lon="1.52949">
        <ele>289</ele>
        <time>2026-05-14T09:56:25+00:00</time>
      </trkpt>
      <trkpt lat="45.06688" lon="1.52941">
        <ele>290</ele>
        <time>2026-05-14T09:56:26+00:00</time>
      </trkpt>
      <trkpt lat="45.06664" lon="1.52941">
        <ele>290</ele>
        <time>2026-05-14T09:56:27+00:00</time>
      </trkpt>
      <trkpt lat="45.0661" lon="1.52943">
        <ele>289</ele>
        <time>2026-05-14T09:56:28+00:00</time>
      </trkpt>
      <trkpt lat="45.06594" lon="1.52945">
        <ele>289</ele>
        <time>2026-05-14T09:56:29+00:00</time>
      </trkpt>
      <trkpt lat="45.06579" lon="1.5295">
        <ele>289</ele>
        <time>2026-05-14T09:56:30+00:00</time>
      </trkpt>
      <trkpt lat="45.06569" lon="1.52948">
        <ele>291</ele>
        <time>2026-05-14T09:56:31+00:00</time>
      </trkpt>
      <trkpt lat="45.06543" lon="1.52928">
        <ele>294</ele>
        <time>2026-05-14T09:56:32+00:00</time>
      </trkpt>
      <trkpt lat="45.06526" lon="1.52924">
        <ele>296</ele>
        <time>2026-05-14T09:56:33+00:00</time>
      </trkpt>
      <trkpt lat="45.06476" lon="1.52937">
        <ele>300</ele>
        <time>2026-05-14T09:56:34+00:00</time>
      </trkpt>
      <trkpt lat="45.06429" lon="1.52976">
        <ele>301</ele>
        <time>2026-05-14T09:56:35+00:00</time>
      </trkpt>
      <trkpt lat="45.06419" lon="1.52986">
        <ele>301</ele>
        <time>2026-05-14T09:56:36+00:00</time>
      </trkpt>
      <trkpt lat="45.06416" lon="1.52994">
        <ele>301</ele>
        <time>2026-05-14T09:56:37+00:00</time>
      </trkpt>
      <trkpt lat="45.06416" lon="1.53011">
        <ele>300</ele>
        <time>2026-05-14T09:56:38+00:00</time>
      </trkpt>
      <trkpt lat="45.06423" lon="1.53052">
        <ele>301</ele>
        <time>2026-05-14T09:56:39+00:00</time>
      </trkpt>
      <trkpt lat="45.06432" lon="1.53073">
        <ele>301</ele>
        <time>2026-05-14T09:56:40+00:00</time>
      </trkpt>
      <trkpt lat="45.06446" lon="1.53095">
        <ele>302</ele>
        <time>2026-05-14T09:56:41+00:00</time>
      </trkpt>
      <trkpt lat="45.06468" lon="1.5315">
        <ele>307</ele>
        <time>2026-05-14T09:56:42+00:00</time>
      </trkpt>
      <trkpt lat="45.0649" lon="1.53178">
        <ele>310</ele>
        <time>2026-05-14T09:56:43+00:00</time>
      </trkpt>
      <trkpt lat="45.06524" lon="1.53209">
        <ele>311</ele>
        <time>2026-05-14T09:56:44+00:00</time>
      </trkpt>
      <trkpt lat="45.06567" lon="1.53236">
        <ele>313</ele>
        <time>2026-05-14T09:56:45+00:00</time>
      </trkpt>
      <trkpt lat="45.06581" lon="1.5325">
        <ele>315</ele>
        <time>2026-05-14T09:56:46+00:00</time>
      </trkpt>
      <trkpt lat="45.06636" lon="1.53293">
        <ele>315</ele>
        <time>2026-05-14T09:56:47+00:00</time>
      </trkpt>
      <trkpt lat="45.06656" lon="1.53314">
        <ele>316</ele>
        <time>2026-05-14T09:56:48+00:00</time>
      </trkpt>
      <trkpt lat="45.06675" lon="1.53342">
        <ele>316</ele>
        <time>2026-05-14T09:56:49+00:00</time>
      </trkpt>
      <trkpt lat="45.06689" lon="1.53397">
        <ele>313</ele>
        <time>2026-05-14T09:56:50+00:00</time>
      </trkpt>
      <trkpt lat="45.06706" lon="1.53416">
        <ele>311</ele>
        <time>2026-05-14T09:56:51+00:00</time>
      </trkpt>
      <trkpt lat="45.06733" lon="1.53473">
        <ele>310</ele>
        <time>2026-05-14T09:56:52+00:00</time>
      </trkpt>
      <trkpt lat="45.06742" lon="1.53483">
        <ele>309</ele>
        <time>2026-05-14T09:56:53+00:00</time>
      </trkpt>
      <trkpt lat="45.06764" lon="1.53493">
        <ele>306</ele>
        <time>2026-05-14T09:56:54+00:00</time>
      </trkpt>
      <trkpt lat="45.06779" lon="1.53513">
        <ele>303</ele>
        <time>2026-05-14T09:56:55+00:00</time>
      </trkpt>
      <trkpt lat="45.068" lon="1.53561">
        <ele>301</ele>
        <time>2026-05-14T09:56:56+00:00</time>
      </trkpt>
      <trkpt lat="45.06809" lon="1.53574">
        <ele>300</ele>
        <time>2026-05-14T09:56:57+00:00</time>
      </trkpt>
      <trkpt lat="45.0682" lon="1.53584">
        <ele>298</ele>
        <time>2026-05-14T09:56:58+00:00</time>
      </trkpt>
      <trkpt lat="45.06895" lon="1.53636">
        <ele>292</ele>
        <time>2026-05-14T09:56:59+00:00</time>
      </trkpt>
      <trkpt lat="45.06911" lon="1.53651">
        <ele>292</ele>
        <time>2026-05-14T09:57:00+00:00</time>
      </trkpt>
      <trkpt lat="45.06952" lon="1.53709">
        <ele>294</ele>
        <time>2026-05-14T09:57:01+00:00</time>
      </trkpt>
      <trkpt lat="45.06988" lon="1.53771">
        <ele>298</ele>
        <time>2026-05-14T09:57:02+00:00</time>
      </trkpt>
      <trkpt lat="45.07017" lon="1.53832">
        <ele>298</ele>
        <time>2026-05-14T09:57:03+00:00</time>
      </trkpt>
      <trkpt lat="45.0706" lon="1.53912">
        <ele>292</ele>
        <time>2026-05-14T09:57:04+00:00</time>
      </trkpt>
      <trkpt lat="45.07081" lon="1.53959">
        <ele>293</ele>
        <time>2026-05-14T09:57:05+00:00</time>
      </trkpt>
      <trkpt lat="45.07098" lon="1.53981">
        <ele>294</ele>
        <time>2026-05-14T09:57:06+00:00</time>
      </trkpt>
      <trkpt lat="45.07155" lon="1.54026">
        <ele>297</ele>
        <time>2026-05-14T09:57:07+00:00</time>
      </trkpt>
      <trkpt lat="45.07177" lon="1.54047">
        <ele>298</ele>
        <time>2026-05-14T09:57:08+00:00</time>
      </trkpt>
      <trkpt lat="45.07191" lon="1.54065">
        <ele>298</ele>
        <time>2026-05-14T09:57:09+00:00</time>
      </trkpt>
      <trkpt lat="45.0721" lon="1.54103">
        <ele>297</ele>
        <time>2026-05-14T09:57:10+00:00</time>
      </trkpt>
      <trkpt lat="45.07222" lon="1.54142">
        <ele>296</ele>
        <time>2026-05-14T09:57:11+00:00</time>
      </trkpt>
      <trkpt lat="45.0723" lon="1.54185">
        <ele>296</ele>
        <time>2026-05-14T09:57:12+00:00</time>
      </trkpt>
      <trkpt lat="45.07228" lon="1.54231">
        <ele>294</ele>
        <time>2026-05-14T09:57:13+00:00</time>
      </trkpt>
      <trkpt lat="45.07231" lon="1.54262">
        <ele>293</ele>
        <time>2026-05-14T09:57:14+00:00</time>
      </trkpt>
      <trkpt lat="45.07251" lon="1.54312">
        <ele>292</ele>
        <time>2026-05-14T09:57:15+00:00</time>
      </trkpt>
      <trkpt lat="45.07278" lon="1.54394">
        <ele>291</ele>
        <time>2026-05-14T09:57:16+00:00</time>
      </trkpt>
      <trkpt lat="45.07278" lon="1.54435">
        <ele>291</ele>
        <time>2026-05-14T09:57:17+00:00</time>
      </trkpt>
      <trkpt lat="45.07284" lon="1.54459">
        <ele>291</ele>
        <time>2026-05-14T09:57:18+00:00</time>
      </trkpt>
      <trkpt lat="45.07296" lon="1.54479">
        <ele>291</ele>
        <time>2026-05-14T09:57:19+00:00</time>
      </trkpt>
      <trkpt lat="45.07342" lon="1.54513">
        <ele>291</ele>
        <time>2026-05-14T09:57:20+00:00</time>
      </trkpt>
      <trkpt lat="45.07351" lon="1.54525">
        <ele>291</ele>
        <time>2026-05-14T09:57:21+00:00</time>
      </trkpt>
      <trkpt lat="45.07358" lon="1.5454">
        <ele>291</ele>
        <time>2026-05-14T09:57:22+00:00</time>
      </trkpt>
      <trkpt lat="45.07371" lon="1.54649">
        <ele>293</ele>
        <time>2026-05-14T09:57:23+00:00</time>
      </trkpt>
      <trkpt lat="45.0738" lon="1.54753">
        <ele>298</ele>
        <time>2026-05-14T09:57:24+00:00</time>
      </trkpt>
      <trkpt lat="45.07378" lon="1.54762">
        <ele>298</ele>
        <time>2026-05-14T09:57:25+00:00</time>
      </trkpt>
      <trkpt lat="45.07372" lon="1.54768">
        <ele>298</ele>
        <time>2026-05-14T09:57:26+00:00</time>
      </trkpt>
      <trkpt lat="45.07342" lon="1.54778">
        <ele>299</ele>
        <time>2026-05-14T09:57:27+00:00</time>
      </trkpt>
      <trkpt lat="45.07212" lon="1.54852">
        <ele>299</ele>
        <time>2026-05-14T09:57:28+00:00</time>
      </trkpt>
      <trkpt lat="45.07125" lon="1.5492">
        <ele>304</ele>
        <time>2026-05-14T09:57:29+00:00</time>
      </trkpt>
      <trkpt lat="45.07088" lon="1.54941">
        <ele>309</ele>
        <time>2026-05-14T09:57:30+00:00</time>
      </trkpt>
      <trkpt lat="45.07082" lon="1.54999">
        <ele>309</ele>
        <time>2026-05-14T09:57:31+00:00</time>
      </trkpt>
      <trkpt lat="45.0707" lon="1.55056">
        <ele>309</ele>
        <time>2026-05-14T09:57:32+00:00</time>
      </trkpt>
      <trkpt lat="45.07078" lon="1.55135">
        <ele>307</ele>
        <time>2026-05-14T09:57:33+00:00</time>
      </trkpt>
      <trkpt lat="45.07082" lon="1.55153">
        <ele>306</ele>
        <time>2026-05-14T09:57:34+00:00</time>
      </trkpt>
      <trkpt lat="45.07088" lon="1.55167">
        <ele>306</ele>
        <time>2026-05-14T09:57:35+00:00</time>
      </trkpt>
      <trkpt lat="45.07116" lon="1.55197">
        <ele>302</ele>
        <time>2026-05-14T09:57:36+00:00</time>
      </trkpt>
      <trkpt lat="45.07133" lon="1.55219">
        <ele>300</ele>
        <time>2026-05-14T09:57:37+00:00</time>
      </trkpt>
      <trkpt lat="45.07161" lon="1.55231">
        <ele>300</ele>
        <time>2026-05-14T09:57:38+00:00</time>
      </trkpt>
      <trkpt lat="45.07171" lon="1.55237">
        <ele>300</ele>
        <time>2026-05-14T09:57:39+00:00</time>
      </trkpt>
      <trkpt lat="45.0718" lon="1.55247">
        <ele>300</ele>
        <time>2026-05-14T09:57:40+00:00</time>
      </trkpt>
      <trkpt lat="45.07201" lon="1.55275">
        <ele>301</ele>
        <time>2026-05-14T09:57:41+00:00</time>
      </trkpt>
      <trkpt lat="45.07209" lon="1.55306">
        <ele>301</ele>
        <time>2026-05-14T09:57:42+00:00</time>
      </trkpt>
      <trkpt lat="45.07216" lon="1.55365">
        <ele>301</ele>
        <time>2026-05-14T09:57:43+00:00</time>
      </trkpt>
      <trkpt lat="45.07215" lon="1.55387">
        <ele>301</ele>
        <time>2026-05-14T09:57:44+00:00</time>
      </trkpt>
      <trkpt lat="45.07205" lon="1.55441">
        <ele>301</ele>
        <time>2026-05-14T09:57:45+00:00</time>
      </trkpt>
      <trkpt lat="45.07191" lon="1.5548">
        <ele>302</ele>
        <time>2026-05-14T09:57:46+00:00</time>
      </trkpt>
      <trkpt lat="45.07188" lon="1.55509">
        <ele>303</ele>
        <time>2026-05-14T09:57:47+00:00</time>
      </trkpt>
      <trkpt lat="45.0719" lon="1.55548">
        <ele>305</ele>
        <time>2026-05-14T09:57:48+00:00</time>
      </trkpt>
      <trkpt lat="45.07195" lon="1.55585">
        <ele>307</ele>
        <time>2026-05-14T09:57:49+00:00</time>
      </trkpt>
      <trkpt lat="45.07194" lon="1.5562">
        <ele>309</ele>
        <time>2026-05-14T09:57:50+00:00</time>
      </trkpt>
      <trkpt lat="45.07203" lon="1.55683">
        <ele>312</ele>
        <time>2026-05-14T09:57:51+00:00</time>
      </trkpt>
      <trkpt lat="45.0721" lon="1.55715">
        <ele>313</ele>
        <time>2026-05-14T09:57:52+00:00</time>
      </trkpt>
      <trkpt lat="45.07212" lon="1.5574">
        <ele>313</ele>
        <time>2026-05-14T09:57:53+00:00</time>
      </trkpt>
      <trkpt lat="45.0722" lon="1.55765">
        <ele>312</ele>
        <time>2026-05-14T09:57:54+00:00</time>
      </trkpt>
      <trkpt lat="45.07229" lon="1.55776">
        <ele>312</ele>
        <time>2026-05-14T09:57:55+00:00</time>
      </trkpt>
      <trkpt lat="45.07247" lon="1.55816">
        <ele>310</ele>
        <time>2026-05-14T09:57:56+00:00</time>
      </trkpt>
      <trkpt lat="45.07276" lon="1.55862">
        <ele>309</ele>
        <time>2026-05-14T09:57:57+00:00</time>
      </trkpt>
      <trkpt lat="45.07283" lon="1.55867">
        <ele>308</ele>
        <time>2026-05-14T09:57:58+00:00</time>
      </trkpt>
      <trkpt lat="45.07311" lon="1.55863">
        <ele>307</ele>
        <time>2026-05-14T09:57:59+00:00</time>
      </trkpt>
      <trkpt lat="45.0733" lon="1.55868">
        <ele>306</ele>
        <time>2026-05-14T09:58:00+00:00</time>
      </trkpt>
      <trkpt lat="45.07368" lon="1.55864">
        <ele>306</ele>
        <time>2026-05-14T09:58:01+00:00</time>
      </trkpt>
      <trkpt lat="45.0738" lon="1.55865">
        <ele>306</ele>
        <time>2026-05-14T09:58:02+00:00</time>
      </trkpt>
      <trkpt lat="45.07396" lon="1.55875">
        <ele>306</ele>
        <time>2026-05-14T09:58:03+00:00</time>
      </trkpt>
      <trkpt lat="45.0743" lon="1.5589">
        <ele>308</ele>
        <time>2026-05-14T09:58:04+00:00</time>
      </trkpt>
      <trkpt lat="45.07441" lon="1.55897">
        <ele>310</ele>
        <time>2026-05-14T09:58:05+00:00</time>
      </trkpt>
      <trkpt lat="45.0747" lon="1.55931">
        <ele>314</ele>
        <time>2026-05-14T09:58:06+00:00</time>
      </trkpt>
      <trkpt lat="45.0748" lon="1.55939">
        <ele>315</ele>
        <time>2026-05-14T09:58:07+00:00</time>
      </trkpt>
      <trkpt lat="45.07494" lon="1.55965">
        <ele>316</ele>
        <time>2026-05-14T09:58:08+00:00</time>
      </trkpt>
      <trkpt lat="45.07512" lon="1.55989">
        <ele>316</ele>
        <time>2026-05-14T09:58:09+00:00</time>
      </trkpt>
      <trkpt lat="45.0752" lon="1.55995">
        <ele>316</ele>
        <time>2026-05-14T09:58:10+00:00</time>
      </trkpt>
      <trkpt lat="45.07526" lon="1.55994">
        <ele>317</ele>
        <time>2026-05-14T09:58:11+00:00</time>
      </trkpt>
      <trkpt lat="45.07605" lon="1.55955">
        <ele>324</ele>
        <time>2026-05-14T09:58:12+00:00</time>
      </trkpt>
      <trkpt lat="45.07622" lon="1.55955">
        <ele>325</ele>
        <time>2026-05-14T09:58:13+00:00</time>
      </trkpt>
      <trkpt lat="45.07681" lon="1.55969">
        <ele>327</ele>
        <time>2026-05-14T09:58:14+00:00</time>
      </trkpt>
      <trkpt lat="45.07717" lon="1.55973">
        <ele>327</ele>
        <time>2026-05-14T09:58:15+00:00</time>
      </trkpt>
      <trkpt lat="45.07761" lon="1.55959">
        <ele>327</ele>
        <time>2026-05-14T09:58:16+00:00</time>
      </trkpt>
      <trkpt lat="45.07779" lon="1.55956">
        <ele>327</ele>
        <time>2026-05-14T09:58:17+00:00</time>
      </trkpt>
      <trkpt lat="45.0792" lon="1.55961">
        <ele>327</ele>
        <time>2026-05-14T09:58:18+00:00</time>
      </trkpt>
      <trkpt lat="45.07982" lon="1.55953">
        <ele>330</ele>
        <time>2026-05-14T09:58:19+00:00</time>
      </trkpt>
      <trkpt lat="45.07985" lon="1.55956">
        <ele>330</ele>
        <time>2026-05-14T09:58:20+00:00</time>
      </trkpt>
      <trkpt lat="45.07984" lon="1.5598">
        <ele>331</ele>
        <time>2026-05-14T09:58:21+00:00</time>
      </trkpt>
      <trkpt lat="45.07988" lon="1.56037">
        <ele>329</ele>
        <time>2026-05-14T09:58:22+00:00</time>
      </trkpt>
      <trkpt lat="45.07976" lon="1.56091">
        <ele>325</ele>
        <time>2026-05-14T09:58:23+00:00</time>
      </trkpt>
      <trkpt lat="45.07968" lon="1.56096">
        <ele>325</ele>
        <time>2026-05-14T09:58:24+00:00</time>
      </trkpt>
      <trkpt lat="45.07916" lon="1.56088">
        <ele>329</ele>
        <time>2026-05-14T09:58:25+00:00</time>
      </trkpt>
      <trkpt lat="45.07903" lon="1.56091">
        <ele>328</ele>
        <time>2026-05-14T09:58:26+00:00</time>
      </trkpt>
      <trkpt lat="45.07891" lon="1.56111">
        <ele>326</ele>
        <time>2026-05-14T09:58:27+00:00</time>
      </trkpt>
      <trkpt lat="45.07869" lon="1.56163">
        <ele>323</ele>
        <time>2026-05-14T09:58:28+00:00</time>
      </trkpt>
      <trkpt lat="45.07842" lon="1.56196">
        <ele>321</ele>
        <time>2026-05-14T09:58:29+00:00</time>
      </trkpt>
      <trkpt lat="45.07829" lon="1.56219">
        <ele>318</ele>
        <time>2026-05-14T09:58:30+00:00</time>
      </trkpt>
      <trkpt lat="45.07824" lon="1.56223">
        <ele>317</ele>
        <time>2026-05-14T09:58:31+00:00</time>
      </trkpt>
      <trkpt lat="45.078" lon="1.56231">
        <ele>315</ele>
        <time>2026-05-14T09:58:32+00:00</time>
      </trkpt>
      <trkpt lat="45.07781" lon="1.56241">
        <ele>313</ele>
        <time>2026-05-14T09:58:33+00:00</time>
      </trkpt>
      <trkpt lat="45.07766" lon="1.56253">
        <ele>311</ele>
        <time>2026-05-14T09:58:34+00:00</time>
      </trkpt>
      <trkpt lat="45.07754" lon="1.56272">
        <ele>309</ele>
        <time>2026-05-14T09:58:35+00:00</time>
      </trkpt>
      <trkpt lat="45.0774" lon="1.56287">
        <ele>308</ele>
        <time>2026-05-14T09:58:36+00:00</time>
      </trkpt>
      <trkpt lat="45.0773" lon="1.56305">
        <ele>306</ele>
        <time>2026-05-14T09:58:37+00:00</time>
      </trkpt>
      <trkpt lat="45.07731" lon="1.56334">
        <ele>304</ele>
        <time>2026-05-14T09:58:38+00:00</time>
      </trkpt>
      <trkpt lat="45.07728" lon="1.56356">
        <ele>303</ele>
        <time>2026-05-14T09:58:39+00:00</time>
      </trkpt>
      <trkpt lat="45.07718" lon="1.56373">
        <ele>303</ele>
        <time>2026-05-14T09:58:40+00:00</time>
      </trkpt>
      <trkpt lat="45.07708" lon="1.56415">
        <ele>302</ele>
        <time>2026-05-14T09:58:41+00:00</time>
      </trkpt>
      <trkpt lat="45.077" lon="1.56431">
        <ele>303</ele>
        <time>2026-05-14T09:58:42+00:00</time>
      </trkpt>
      <trkpt lat="45.07665" lon="1.56444">
        <ele>306</ele>
        <time>2026-05-14T09:58:43+00:00</time>
      </trkpt>
      <trkpt lat="45.0763" lon="1.56453">
        <ele>304</ele>
        <time>2026-05-14T09:58:44+00:00</time>
      </trkpt>
      <trkpt lat="45.07608" lon="1.56466">
        <ele>303</ele>
        <time>2026-05-14T09:58:45+00:00</time>
      </trkpt>
      <trkpt lat="45.07583" lon="1.5647">
        <ele>301</ele>
        <time>2026-05-14T09:58:46+00:00</time>
      </trkpt>
      <trkpt lat="45.07525" lon="1.56498">
        <ele>298</ele>
        <time>2026-05-14T09:58:47+00:00</time>
      </trkpt>
      <trkpt lat="45.07504" lon="1.56512">
        <ele>295</ele>
        <time>2026-05-14T09:58:48+00:00</time>
      </trkpt>
      <trkpt lat="45.07478" lon="1.56511">
        <ele>295</ele>
        <time>2026-05-14T09:58:49+00:00</time>
      </trkpt>
      <trkpt lat="45.07473" lon="1.56514">
        <ele>295</ele>
        <time>2026-05-14T09:58:50+00:00</time>
      </trkpt>
      <trkpt lat="45.07467" lon="1.56535">
        <ele>294</ele>
        <time>2026-05-14T09:58:51+00:00</time>
      </trkpt>
      <trkpt lat="45.07463" lon="1.56578">
        <ele>293</ele>
        <time>2026-05-14T09:58:52+00:00</time>
      </trkpt>
      <trkpt lat="45.07421" lon="1.56695">
        <ele>281</ele>
        <time>2026-05-14T09:58:53+00:00</time>
      </trkpt>
      <trkpt lat="45.07397" lon="1.56731">
        <ele>275</ele>
        <time>2026-05-14T09:58:54+00:00</time>
      </trkpt>
      <trkpt lat="45.07377" lon="1.56754">
        <ele>273</ele>
        <time>2026-05-14T09:58:55+00:00</time>
      </trkpt>
      <trkpt lat="45.07352" lon="1.56775">
        <ele>272</ele>
        <time>2026-05-14T09:58:56+00:00</time>
      </trkpt>
      <trkpt lat="45.07293" lon="1.56853">
        <ele>271</ele>
        <time>2026-05-14T09:58:57+00:00</time>
      </trkpt>
      <trkpt lat="45.07288" lon="1.56869">
        <ele>270</ele>
        <time>2026-05-14T09:58:58+00:00</time>
      </trkpt>
      <trkpt lat="45.07292" lon="1.56901">
        <ele>262</ele>
        <time>2026-05-14T09:58:59+00:00</time>
      </trkpt>
      <trkpt lat="45.07288" lon="1.56917">
        <ele>260</ele>
        <time>2026-05-14T09:59:00+00:00</time>
      </trkpt>
      <trkpt lat="45.07273" lon="1.5694">
        <ele>262</ele>
        <time>2026-05-14T09:59:01+00:00</time>
      </trkpt>
      <trkpt lat="45.07261" lon="1.56981">
        <ele>259</ele>
        <time>2026-05-14T09:59:02+00:00</time>
      </trkpt>
      <trkpt lat="45.07227" lon="1.57018">
        <ele>263</ele>
        <time>2026-05-14T09:59:03+00:00</time>
      </trkpt>
      <trkpt lat="45.07211" lon="1.57027">
        <ele>266</ele>
        <time>2026-05-14T09:59:04+00:00</time>
      </trkpt>
      <trkpt lat="45.07193" lon="1.57045">
        <ele>266</ele>
        <time>2026-05-14T09:59:05+00:00</time>
      </trkpt>
      <trkpt lat="45.07139" lon="1.57108">
        <ele>265</ele>
        <time>2026-05-14T09:59:06+00:00</time>
      </trkpt>
      <trkpt lat="45.07125" lon="1.57137">
        <ele>261</ele>
        <time>2026-05-14T09:59:07+00:00</time>
      </trkpt>
      <trkpt lat="45.071" lon="1.57158">
        <ele>261</ele>
        <time>2026-05-14T09:59:08+00:00</time>
      </trkpt>
      <trkpt lat="45.0708" lon="1.57181">
        <ele>259</ele>
        <time>2026-05-14T09:59:09+00:00</time>
      </trkpt>
      <trkpt lat="45.07071" lon="1.57187">
        <ele>259</ele>
        <time>2026-05-14T09:59:10+00:00</time>
      </trkpt>
      <trkpt lat="45.07028" lon="1.57198">
        <ele>263</ele>
        <time>2026-05-14T09:59:11+00:00</time>
      </trkpt>
      <trkpt lat="45.06996" lon="1.57214">
        <ele>262</ele>
        <time>2026-05-14T09:59:12+00:00</time>
      </trkpt>
      <trkpt lat="45.06938" lon="1.5722">
        <ele>267</ele>
        <time>2026-05-14T09:59:13+00:00</time>
      </trkpt>
      <trkpt lat="45.06927" lon="1.57233">
        <ele>263</ele>
        <time>2026-05-14T09:59:14+00:00</time>
      </trkpt>
      <trkpt lat="45.0691" lon="1.57262">
        <ele>253</ele>
        <time>2026-05-14T09:59:15+00:00</time>
      </trkpt>
      <trkpt lat="45.0688" lon="1.57304">
        <ele>241</ele>
        <time>2026-05-14T09:59:16+00:00</time>
      </trkpt>
      <trkpt lat="45.06864" lon="1.57316">
        <ele>238</ele>
        <time>2026-05-14T09:59:17+00:00</time>
      </trkpt>
      <trkpt lat="45.06805" lon="1.5734">
        <ele>231</ele>
        <time>2026-05-14T09:59:18+00:00</time>
      </trkpt>
      <trkpt lat="45.06771" lon="1.57349">
        <ele>229</ele>
        <time>2026-05-14T09:59:19+00:00</time>
      </trkpt>
      <trkpt lat="45.0675" lon="1.57372">
        <ele>225</ele>
        <time>2026-05-14T09:59:20+00:00</time>
      </trkpt>
      <trkpt lat="45.06725" lon="1.57394">
        <ele>223</ele>
        <time>2026-05-14T09:59:21+00:00</time>
      </trkpt>
      <trkpt lat="45.06713" lon="1.57408">
        <ele>221</ele>
        <time>2026-05-14T09:59:22+00:00</time>
      </trkpt>
      <trkpt lat="45.06701" lon="1.5743">
        <ele>218</ele>
        <time>2026-05-14T09:59:23+00:00</time>
      </trkpt>
      <trkpt lat="45.06665" lon="1.5747">
        <ele>215</ele>
        <time>2026-05-14T09:59:24+00:00</time>
      </trkpt>
      <trkpt lat="45.06647" lon="1.57497">
        <ele>214</ele>
        <time>2026-05-14T09:59:25+00:00</time>
      </trkpt>
      <trkpt lat="45.06625" lon="1.57511">
        <ele>214</ele>
        <time>2026-05-14T09:59:26+00:00</time>
      </trkpt>
      <trkpt lat="45.06604" lon="1.5754">
        <ele>212</ele>
        <time>2026-05-14T09:59:27+00:00</time>
      </trkpt>
      <trkpt lat="45.06597" lon="1.57544">
        <ele>212</ele>
        <time>2026-05-14T09:59:28+00:00</time>
      </trkpt>
      <trkpt lat="45.06578" lon="1.57544">
        <ele>214</ele>
        <time>2026-05-14T09:59:29+00:00</time>
      </trkpt>
      <trkpt lat="45.06562" lon="1.57548">
        <ele>214</ele>
        <time>2026-05-14T09:59:30+00:00</time>
      </trkpt>
      <trkpt lat="45.06559" lon="1.57571">
        <ele>212</ele>
        <time>2026-05-14T09:59:31+00:00</time>
      </trkpt>
      <trkpt lat="45.0656" lon="1.57584">
        <ele>211</ele>
        <time>2026-05-14T09:59:32+00:00</time>
      </trkpt>
      <trkpt lat="45.06569" lon="1.57593">
        <ele>208</ele>
        <time>2026-05-14T09:59:33+00:00</time>
      </trkpt>
      <trkpt lat="45.06601" lon="1.57676">
        <ele>195</ele>
        <time>2026-05-14T09:59:34+00:00</time>
      </trkpt>
      <trkpt lat="45.06606" lon="1.57698">
        <ele>193</ele>
        <time>2026-05-14T09:59:35+00:00</time>
      </trkpt>
      <trkpt lat="45.06608" lon="1.57738">
        <ele>189</ele>
        <time>2026-05-14T09:59:36+00:00</time>
      </trkpt>
      <trkpt lat="45.06603" lon="1.57748">
        <ele>188</ele>
        <time>2026-05-14T09:59:37+00:00</time>
      </trkpt>
      <trkpt lat="45.06554" lon="1.57739">
        <ele>189</ele>
        <time>2026-05-14T09:59:38+00:00</time>
      </trkpt>
      <trkpt lat="45.06537" lon="1.57738">
        <ele>189</ele>
        <time>2026-05-14T09:59:39+00:00</time>
      </trkpt>
      <trkpt lat="45.0647" lon="1.57757">
        <ele>189</ele>
        <time>2026-05-14T09:59:40+00:00</time>
      </trkpt>
      <trkpt lat="45.06433" lon="1.57759">
        <ele>190</ele>
        <time>2026-05-14T09:59:41+00:00</time>
      </trkpt>
      <trkpt lat="45.06413" lon="1.57756">
        <ele>190</ele>
        <time>2026-05-14T09:59:42+00:00</time>
      </trkpt>
      <trkpt lat="45.06373" lon="1.5773">
        <ele>193</ele>
        <time>2026-05-14T09:59:43+00:00</time>
      </trkpt>
      <trkpt lat="45.06357" lon="1.57723">
        <ele>193</ele>
        <time>2026-05-14T09:59:44+00:00</time>
      </trkpt>
      <trkpt lat="45.06332" lon="1.57721">
        <ele>194</ele>
        <time>2026-05-14T09:59:45+00:00</time>
      </trkpt>
      <trkpt lat="45.0626" lon="1.57729">
        <ele>196</ele>
        <time>2026-05-14T09:59:46+00:00</time>
      </trkpt>
      <trkpt lat="45.06246" lon="1.57733">
        <ele>196</ele>
        <time>2026-05-14T09:59:47+00:00</time>
      </trkpt>
      <trkpt lat="45.06235" lon="1.5774">
        <ele>196</ele>
        <time>2026-05-14T09:59:48+00:00</time>
      </trkpt>
      <trkpt lat="45.06214" lon="1.57771">
        <ele>197</ele>
        <time>2026-05-14T09:59:49+00:00</time>
      </trkpt>
      <trkpt lat="45.06198" lon="1.57786">
        <ele>198</ele>
        <time>2026-05-14T09:59:50+00:00</time>
      </trkpt>
      <trkpt lat="45.06162" lon="1.57804">
        <ele>202</ele>
        <time>2026-05-14T09:59:51+00:00</time>
      </trkpt>
      <trkpt lat="45.06146" lon="1.57815">
        <ele>204</ele>
        <time>2026-05-14T09:59:52+00:00</time>
      </trkpt>
      <trkpt lat="45.06131" lon="1.5783">
        <ele>206</ele>
        <time>2026-05-14T09:59:53+00:00</time>
      </trkpt>
      <trkpt lat="45.06115" lon="1.57854">
        <ele>210</ele>
        <time>2026-05-14T09:59:54+00:00</time>
      </trkpt>
      <trkpt lat="45.06099" lon="1.57864">
        <ele>212</ele>
        <time>2026-05-14T09:59:55+00:00</time>
      </trkpt>
      <trkpt lat="45.0609" lon="1.57862">
        <ele>212</ele>
        <time>2026-05-14T09:59:56+00:00</time>
      </trkpt>
      <trkpt lat="45.0607" lon="1.57849">
        <ele>212</ele>
        <time>2026-05-14T09:59:57+00:00</time>
      </trkpt>
      <trkpt lat="45.06058" lon="1.57845">
        <ele>213</ele>
        <time>2026-05-14T09:59:58+00:00</time>
      </trkpt>
      <trkpt lat="45.0597" lon="1.57841">
        <ele>221</ele>
        <time>2026-05-14T09:59:59+00:00</time>
      </trkpt>
      <trkpt lat="45.05951" lon="1.57836">
        <ele>222</ele>
        <time>2026-05-14T10:00:00+00:00</time>
      </trkpt>
      <trkpt lat="45.0594" lon="1.57828">
        <ele>221</ele>
        <time>2026-05-14T10:00:01+00:00</time>
      </trkpt>
      <trkpt lat="45.05931" lon="1.57825">
        <ele>221</ele>
        <time>2026-05-14T10:00:02+00:00</time>
      </trkpt>
      <trkpt lat="45.05891" lon="1.57821">
        <ele>223</ele>
        <time>2026-05-14T10:00:03+00:00</time>
      </trkpt>
      <trkpt lat="45.05889" lon="1.5783">
        <ele>225</ele>
        <time>2026-05-14T10:00:04+00:00</time>
      </trkpt>
      <trkpt lat="45.05894" lon="1.57844">
        <ele>227</ele>
        <time>2026-05-14T10:00:05+00:00</time>
      </trkpt>
      <trkpt lat="45.05885" lon="1.57881">
        <ele>234</ele>
        <time>2026-05-14T10:00:06+00:00</time>
      </trkpt>
      <trkpt lat="45.05884" lon="1.57902">
        <ele>238</ele>
        <time>2026-05-14T10:00:07+00:00</time>
      </trkpt>
      <trkpt lat="45.05877" lon="1.57937">
        <ele>243</ele>
        <time>2026-05-14T10:00:08+00:00</time>
      </trkpt>
      <trkpt lat="45.05876" lon="1.57961">
        <ele>245</ele>
        <time>2026-05-14T10:00:09+00:00</time>
      </trkpt>
      <trkpt lat="45.05866" lon="1.57993">
        <ele>249</ele>
        <time>2026-05-14T10:00:10+00:00</time>
      </trkpt>
      <trkpt lat="45.05854" lon="1.58008">
        <ele>252</ele>
        <time>2026-05-14T10:00:11+00:00</time>
      </trkpt>
      <trkpt lat="45.0583" lon="1.58016">
        <ele>255</ele>
        <time>2026-05-14T10:00:12+00:00</time>
      </trkpt>
      <trkpt lat="45.05825" lon="1.5802">
        <ele>256</ele>
        <time>2026-05-14T10:00:13+00:00</time>
      </trkpt>
      <trkpt lat="45.05816" lon="1.58036">
        <ele>258</ele>
        <time>2026-05-14T10:00:14+00:00</time>
      </trkpt>
      <trkpt lat="45.05796" lon="1.58061">
        <ele>262</ele>
        <time>2026-05-14T10:00:15+00:00</time>
      </trkpt>
      <trkpt lat="45.05779" lon="1.58078">
        <ele>266</ele>
        <time>2026-05-14T10:00:16+00:00</time>
      </trkpt>
      <trkpt lat="45.05757" lon="1.58109">
        <ele>273</ele>
        <time>2026-05-14T10:00:17+00:00</time>
      </trkpt>
      <trkpt lat="45.0577" lon="1.58142">
        <ele>276</ele>
        <time>2026-05-14T10:00:18+00:00</time>
      </trkpt>
      <trkpt lat="45.05771" lon="1.58172">
        <ele>280</ele>
        <time>2026-05-14T10:00:19+00:00</time>
      </trkpt>
      <trkpt lat="45.05769" lon="1.58184">
        <ele>281</ele>
        <time>2026-05-14T10:00:20+00:00</time>
      </trkpt>
      <trkpt lat="45.05749" lon="1.5821">
        <ele>288</ele>
        <time>2026-05-14T10:00:21+00:00</time>
      </trkpt>
      <trkpt lat="45.05743" lon="1.58231">
        <ele>291</ele>
        <time>2026-05-14T10:00:22+00:00</time>
      </trkpt>
      <trkpt lat="45.05744" lon="1.58256">
        <ele>293</ele>
        <time>2026-05-14T10:00:23+00:00</time>
      </trkpt>
      <trkpt lat="45.05742" lon="1.58257">
        <ele>293</ele>
        <time>2026-05-14T10:00:24+00:00</time>
      </trkpt>
      <trkpt lat="45.05731" lon="1.58251">
        <ele>294</ele>
        <time>2026-05-14T10:00:25+00:00</time>
      </trkpt>
      <trkpt lat="45.05724" lon="1.58268">
        <ele>295</ele>
        <time>2026-05-14T10:00:26+00:00</time>
      </trkpt>
      <trkpt lat="45.05718" lon="1.58272">
        <ele>297</ele>
        <time>2026-05-14T10:00:27+00:00</time>
      </trkpt>
      <trkpt lat="45.05708" lon="1.58291">
        <ele>299</ele>
        <time>2026-05-14T10:00:28+00:00</time>
      </trkpt>
      <trkpt lat="45.05692" lon="1.58307">
        <ele>303</ele>
        <time>2026-05-14T10:00:29+00:00</time>
      </trkpt>
      <trkpt lat="45.05672" lon="1.58308">
        <ele>308</ele>
        <time>2026-05-14T10:00:30+00:00</time>
      </trkpt>
      <trkpt lat="45.05645" lon="1.58322">
        <ele>313</ele>
        <time>2026-05-14T10:00:31+00:00</time>
      </trkpt>
      <trkpt lat="45.05642" lon="1.5834">
        <ele>314</ele>
        <time>2026-05-14T10:00:32+00:00</time>
      </trkpt>
      <trkpt lat="45.05635" lon="1.58357">
        <ele>313</ele>
        <time>2026-05-14T10:00:33+00:00</time>
      </trkpt>
      <trkpt lat="45.0561" lon="1.58403">
        <ele>310</ele>
        <time>2026-05-14T10:00:34+00:00</time>
      </trkpt>
      <trkpt lat="45.05562" lon="1.58449">
        <ele>305</ele>
        <time>2026-05-14T10:00:35+00:00</time>
      </trkpt>
      <trkpt lat="45.05543" lon="1.58457">
        <ele>303</ele>
        <time>2026-05-14T10:00:36+00:00</time>
      </trkpt>
      <trkpt lat="45.05509" lon="1.58465">
        <ele>302</ele>
        <time>2026-05-14T10:00:37+00:00</time>
      </trkpt>
      <trkpt lat="45.05497" lon="1.58463">
        <ele>302</ele>
        <time>2026-05-14T10:00:38+00:00</time>
      </trkpt>
      <trkpt lat="45.05483" lon="1.58454">
        <ele>301</ele>
        <time>2026-05-14T10:00:39+00:00</time>
      </trkpt>
      <trkpt lat="45.05489" lon="1.58461">
        <ele>301</ele>
        <time>2026-05-14T10:00:40+00:00</time>
      </trkpt>
      <trkpt lat="45.0549" lon="1.58465">
        <ele>300</ele>
        <time>2026-05-14T10:00:41+00:00</time>
      </trkpt>
      <trkpt lat="45.05488" lon="1.58467">
        <ele>299</ele>
        <time>2026-05-14T10:00:42+00:00</time>
      </trkpt>
      <trkpt lat="45.05473" lon="1.58449">
        <ele>299</ele>
        <time>2026-05-14T10:00:43+00:00</time>
      </trkpt>
      <trkpt lat="45.05461" lon="1.58439">
        <ele>298</ele>
        <time>2026-05-14T10:00:44+00:00</time>
      </trkpt>
      <trkpt lat="45.05454" lon="1.58424">
        <ele>299</ele>
        <time>2026-05-14T10:00:45+00:00</time>
      </trkpt>
      <trkpt lat="45.05449" lon="1.58423">
        <ele>298</ele>
        <time>2026-05-14T10:00:46+00:00</time>
      </trkpt>
      <trkpt lat="45.05441" lon="1.58426">
        <ele>295</ele>
        <time>2026-05-14T10:00:47+00:00</time>
      </trkpt>
      <trkpt lat="45.05434" lon="1.58436">
        <ele>292</ele>
        <time>2026-05-14T10:00:48+00:00</time>
      </trkpt>
      <trkpt lat="45.05431" lon="1.58456">
        <ele>288</ele>
        <time>2026-05-14T10:00:49+00:00</time>
      </trkpt>
      <trkpt lat="45.05426" lon="1.58459">
        <ele>287</ele>
        <time>2026-05-14T10:00:50+00:00</time>
      </trkpt>
      <trkpt lat="45.05423" lon="1.58457">
        <ele>287</ele>
        <time>2026-05-14T10:00:51+00:00</time>
      </trkpt>
      <trkpt lat="45.05414" lon="1.58402">
        <ele>289</ele>
        <time>2026-05-14T10:00:52+00:00</time>
      </trkpt>
      <trkpt lat="45.05399" lon="1.58354">
        <ele>282</ele>
        <time>2026-05-14T10:00:53+00:00</time>
      </trkpt>
      <trkpt lat="45.05406" lon="1.583">
        <ele>282</ele>
        <time>2026-05-14T10:00:54+00:00</time>
      </trkpt>
      <trkpt lat="45.05406" lon="1.58258">
        <ele>281</ele>
        <time>2026-05-14T10:00:55+00:00</time>
      </trkpt>
      <trkpt lat="45.05414" lon="1.58229">
        <ele>279</ele>
        <time>2026-05-14T10:00:56+00:00</time>
      </trkpt>
      <trkpt lat="45.05413" lon="1.58221">
        <ele>278</ele>
        <time>2026-05-14T10:00:57+00:00</time>
      </trkpt>
      <trkpt lat="45.05409" lon="1.58215">
        <ele>278</ele>
        <time>2026-05-14T10:00:58+00:00</time>
      </trkpt>
      <trkpt lat="45.05384" lon="1.58204">
        <ele>275</ele>
        <time>2026-05-14T10:00:59+00:00</time>
      </trkpt>
      <trkpt lat="45.05362" lon="1.58191">
        <ele>273</ele>
        <time>2026-05-14T10:01:00+00:00</time>
      </trkpt>
      <trkpt lat="45.05354" lon="1.58169">
        <ele>274</ele>
        <time>2026-05-14T10:01:01+00:00</time>
      </trkpt>
      <trkpt lat="45.05341" lon="1.58148">
        <ele>274</ele>
        <time>2026-05-14T10:01:02+00:00</time>
      </trkpt>
      <trkpt lat="45.05322" lon="1.58102">
        <ele>276</ele>
        <time>2026-05-14T10:01:03+00:00</time>
      </trkpt>
      <trkpt lat="45.05314" lon="1.58053">
        <ele>279</ele>
        <time>2026-05-14T10:01:04+00:00</time>
      </trkpt>
      <trkpt lat="45.05303" lon="1.58009">
        <ele>283</ele>
        <time>2026-05-14T10:01:05+00:00</time>
      </trkpt>
      <trkpt lat="45.05276" lon="1.57957">
        <ele>290</ele>
        <time>2026-05-14T10:01:06+00:00</time>
      </trkpt>
      <trkpt lat="45.05249" lon="1.57925">
        <ele>295</ele>
        <time>2026-05-14T10:01:07+00:00</time>
      </trkpt>
      <trkpt lat="45.05209" lon="1.57886">
        <ele>299</ele>
        <time>2026-05-14T10:01:08+00:00</time>
      </trkpt>
      <trkpt lat="45.05176" lon="1.57862">
        <ele>304</ele>
        <time>2026-05-14T10:01:09+00:00</time>
      </trkpt>
      <trkpt lat="45.05147" lon="1.57849">
        <ele>306</ele>
        <time>2026-05-14T10:01:10+00:00</time>
      </trkpt>
      <trkpt lat="45.05133" lon="1.5784">
        <ele>307</ele>
        <time>2026-05-14T10:01:11+00:00</time>
      </trkpt>
      <trkpt lat="45.05109" lon="1.57812">
        <ele>310</ele>
        <time>2026-05-14T10:01:12+00:00</time>
      </trkpt>
      <trkpt lat="45.0509" lon="1.57773">
        <ele>313</ele>
        <time>2026-05-14T10:01:13+00:00</time>
      </trkpt>
      <trkpt lat="45.0508" lon="1.57725">
        <ele>316</ele>
        <time>2026-05-14T10:01:14+00:00</time>
      </trkpt>
      <trkpt lat="45.05064" lon="1.57701">
        <ele>319</ele>
        <time>2026-05-14T10:01:15+00:00</time>
      </trkpt>
      <trkpt lat="45.05053" lon="1.57677">
        <ele>321</ele>
        <time>2026-05-14T10:01:16+00:00</time>
      </trkpt>
      <trkpt lat="45.05039" lon="1.57617">
        <ele>324</ele>
        <time>2026-05-14T10:01:17+00:00</time>
      </trkpt>
      <trkpt lat="45.05027" lon="1.57589">
        <ele>325</ele>
        <time>2026-05-14T10:01:18+00:00</time>
      </trkpt>
      <trkpt lat="45.05021" lon="1.57581">
        <ele>325</ele>
        <time>2026-05-14T10:01:19+00:00</time>
      </trkpt>
      <trkpt lat="45.05003" lon="1.5757">
        <ele>325</ele>
        <time>2026-05-14T10:01:20+00:00</time>
      </trkpt>
      <trkpt lat="45.04927" lon="1.57538">
        <ele>321</ele>
        <time>2026-05-14T10:01:21+00:00</time>
      </trkpt>
      <trkpt lat="45.04827" lon="1.57492">
        <ele>316</ele>
        <time>2026-05-14T10:01:22+00:00</time>
      </trkpt>
      <trkpt lat="45.04818" lon="1.57486">
        <ele>315</ele>
        <time>2026-05-14T10:01:23+00:00</time>
      </trkpt>
      <trkpt lat="45.04811" lon="1.57468">
        <ele>315</ele>
        <time>2026-05-14T10:01:24+00:00</time>
      </trkpt>
      <trkpt lat="45.04792" lon="1.5739">
        <ele>316</ele>
        <time>2026-05-14T10:01:25+00:00</time>
      </trkpt>
      <trkpt lat="45.04772" lon="1.57344">
        <ele>319</ele>
        <time>2026-05-14T10:01:26+00:00</time>
      </trkpt>
      <trkpt lat="45.04768" lon="1.57326">
        <ele>319</ele>
        <time>2026-05-14T10:01:27+00:00</time>
      </trkpt>
      <trkpt lat="45.04756" lon="1.57298">
        <ele>319</ele>
        <time>2026-05-14T10:01:28+00:00</time>
      </trkpt>
      <trkpt lat="45.04753" lon="1.57252">
        <ele>318</ele>
        <time>2026-05-14T10:01:29+00:00</time>
      </trkpt>
      <trkpt lat="45.04748" lon="1.57223">
        <ele>316</ele>
        <time>2026-05-14T10:01:30+00:00</time>
      </trkpt>
      <trkpt lat="45.04731" lon="1.57173">
        <ele>311</ele>
        <time>2026-05-14T10:01:31+00:00</time>
      </trkpt>
      <trkpt lat="45.04719" lon="1.57147">
        <ele>312</ele>
        <time>2026-05-14T10:01:32+00:00</time>
      </trkpt>
      <trkpt lat="45.0472" lon="1.57132">
        <ele>312</ele>
        <time>2026-05-14T10:01:33+00:00</time>
      </trkpt>
      <trkpt lat="45.04706" lon="1.57092">
        <ele>315</ele>
        <time>2026-05-14T10:01:34+00:00</time>
      </trkpt>
      <trkpt lat="45.04685" lon="1.57067">
        <ele>317</ele>
        <time>2026-05-14T10:01:35+00:00</time>
      </trkpt>
      <trkpt lat="45.04682" lon="1.57055">
        <ele>318</ele>
        <time>2026-05-14T10:01:36+00:00</time>
      </trkpt>
      <trkpt lat="45.04678" lon="1.57049">
        <ele>318</ele>
        <time>2026-05-14T10:01:37+00:00</time>
      </trkpt>
      <trkpt lat="45.04669" lon="1.57045">
        <ele>319</ele>
        <time>2026-05-14T10:01:38+00:00</time>
      </trkpt>
      <trkpt lat="45.04665" lon="1.57036">
        <ele>319</ele>
        <time>2026-05-14T10:01:39+00:00</time>
      </trkpt>
      <trkpt lat="45.0466" lon="1.57031">
        <ele>320</ele>
        <time>2026-05-14T10:01:40+00:00</time>
      </trkpt>
      <trkpt lat="45.04654" lon="1.57031">
        <ele>321</ele>
        <time>2026-05-14T10:01:41+00:00</time>
      </trkpt>
      <trkpt lat="45.04642" lon="1.57019">
        <ele>322</ele>
        <time>2026-05-14T10:01:42+00:00</time>
      </trkpt>
      <trkpt lat="45.04631" lon="1.57014">
        <ele>323</ele>
        <time>2026-05-14T10:01:43+00:00</time>
      </trkpt>
      <trkpt lat="45.04613" lon="1.56997">
        <ele>325</ele>
        <time>2026-05-14T10:01:44+00:00</time>
      </trkpt>
      <trkpt lat="45.04592" lon="1.56958">
        <ele>327</ele>
        <time>2026-05-14T10:01:45+00:00</time>
      </trkpt>
      <trkpt lat="45.04585" lon="1.56939">
        <ele>328</ele>
        <time>2026-05-14T10:01:46+00:00</time>
      </trkpt>
      <trkpt lat="45.04562" lon="1.56907">
        <ele>328</ele>
        <time>2026-05-14T10:01:47+00:00</time>
      </trkpt>
      <trkpt lat="45.0455" lon="1.56863">
        <ele>329</ele>
        <time>2026-05-14T10:01:48+00:00</time>
      </trkpt>
      <trkpt lat="45.04537" lon="1.56837">
        <ele>330</ele>
        <time>2026-05-14T10:01:49+00:00</time>
      </trkpt>
      <trkpt lat="45.04532" lon="1.5683">
        <ele>331</ele>
        <time>2026-05-14T10:01:50+00:00</time>
      </trkpt>
      <trkpt lat="45.04511" lon="1.56815">
        <ele>333</ele>
        <time>2026-05-14T10:01:51+00:00</time>
      </trkpt>
      <trkpt lat="45.045" lon="1.56803">
        <ele>335</ele>
        <time>2026-05-14T10:01:52+00:00</time>
      </trkpt>
      <trkpt lat="45.04461" lon="1.56746">
        <ele>335</ele>
        <time>2026-05-14T10:01:53+00:00</time>
      </trkpt>
      <trkpt lat="45.0446" lon="1.56736">
        <ele>335</ele>
        <time>2026-05-14T10:01:54+00:00</time>
      </trkpt>
      <trkpt lat="45.04468" lon="1.56713">
        <ele>336</ele>
        <time>2026-05-14T10:01:55+00:00</time>
      </trkpt>
      <trkpt lat="45.04471" lon="1.56683">
        <ele>336</ele>
        <time>2026-05-14T10:01:56+00:00</time>
      </trkpt>
      <trkpt lat="45.04467" lon="1.56654">
        <ele>336</ele>
        <time>2026-05-14T10:01:57+00:00</time>
      </trkpt>
      <trkpt lat="45.04467" lon="1.56632">
        <ele>335</ele>
        <time>2026-05-14T10:01:58+00:00</time>
      </trkpt>
      <trkpt lat="45.04521" lon="1.56441">
        <ele>332</ele>
        <time>2026-05-14T10:01:59+00:00</time>
      </trkpt>
      <trkpt lat="45.04526" lon="1.56413">
        <ele>333</ele>
        <time>2026-05-14T10:02:00+00:00</time>
      </trkpt>
      <trkpt lat="45.04526" lon="1.564">
        <ele>333</ele>
        <time>2026-05-14T10:02:01+00:00</time>
      </trkpt>
      <trkpt lat="45.04516" lon="1.56358">
        <ele>331</ele>
        <time>2026-05-14T10:02:02+00:00</time>
      </trkpt>
      <trkpt lat="45.04522" lon="1.56276">
        <ele>331</ele>
        <time>2026-05-14T10:02:03+00:00</time>
      </trkpt>
      <trkpt lat="45.04509" lon="1.56238">
        <ele>329</ele>
        <time>2026-05-14T10:02:04+00:00</time>
      </trkpt>
      <trkpt lat="45.04495" lon="1.56145">
        <ele>333</ele>
        <time>2026-05-14T10:02:05+00:00</time>
      </trkpt>
      <trkpt lat="45.04517" lon="1.56135">
        <ele>334</ele>
        <time>2026-05-14T10:02:06+00:00</time>
      </trkpt>
      <trkpt lat="45.04548" lon="1.56113">
        <ele>336</ele>
        <time>2026-05-14T10:02:07+00:00</time>
      </trkpt>
      <trkpt lat="45.04559" lon="1.5609">
        <ele>337</ele>
        <time>2026-05-14T10:02:08+00:00</time>
      </trkpt>
      <trkpt lat="45.04585" lon="1.56064">
        <ele>337</ele>
        <time>2026-05-14T10:02:09+00:00</time>
      </trkpt>
      <trkpt lat="45.04598" lon="1.56047">
        <ele>338</ele>
        <time>2026-05-14T10:02:10+00:00</time>
      </trkpt>
      <trkpt lat="45.0462" lon="1.56048">
        <ele>340</ele>
        <time>2026-05-14T10:02:11+00:00</time>
      </trkpt>
      <trkpt lat="45.04659" lon="1.56037">
        <ele>343</ele>
        <time>2026-05-14T10:02:12+00:00</time>
      </trkpt>
      <trkpt lat="45.04683" lon="1.56045">
        <ele>344</ele>
        <time>2026-05-14T10:02:13+00:00</time>
      </trkpt>
      <trkpt lat="45.04695" lon="1.5606">
        <ele>344</ele>
        <time>2026-05-14T10:02:14+00:00</time>
      </trkpt>
      <trkpt lat="45.047" lon="1.56075">
        <ele>344</ele>
        <time>2026-05-14T10:02:15+00:00</time>
      </trkpt>
      <trkpt lat="45.04694" lon="1.56133">
        <ele>343</ele>
        <time>2026-05-14T10:02:16+00:00</time>
      </trkpt>
      <trkpt lat="45.04692" lon="1.56201">
        <ele>342</ele>
        <time>2026-05-14T10:02:17+00:00</time>
      </trkpt>
      <trkpt lat="45.04699" lon="1.56247">
        <ele>341</ele>
        <time>2026-05-14T10:02:18+00:00</time>
      </trkpt>
      <trkpt lat="45.04716" lon="1.56295">
        <ele>341</ele>
        <time>2026-05-14T10:02:19+00:00</time>
      </trkpt>
      <trkpt lat="45.0473" lon="1.56318">
        <ele>340</ele>
        <time>2026-05-14T10:02:20+00:00</time>
      </trkpt>
      <trkpt lat="45.04782" lon="1.56384">
        <ele>337</ele>
        <time>2026-05-14T10:02:21+00:00</time>
      </trkpt>
      <trkpt lat="45.04796" lon="1.56412">
        <ele>336</ele>
        <time>2026-05-14T10:02:22+00:00</time>
      </trkpt>
      <trkpt lat="45.04807" lon="1.56474">
        <ele>336</ele>
        <time>2026-05-14T10:02:23+00:00</time>
      </trkpt>
      <trkpt lat="45.04837" lon="1.56573">
        <ele>337</ele>
        <time>2026-05-14T10:02:24+00:00</time>
      </trkpt>
      <trkpt lat="45.04842" lon="1.56625">
        <ele>335</ele>
        <time>2026-05-14T10:02:25+00:00</time>
      </trkpt>
      <trkpt lat="45.0486" lon="1.56693">
        <ele>332</ele>
        <time>2026-05-14T10:02:26+00:00</time>
      </trkpt>
      <trkpt lat="45.0488" lon="1.56814">
        <ele>332</ele>
        <time>2026-05-14T10:02:27+00:00</time>
      </trkpt>
      <trkpt lat="45.04909" lon="1.56883">
        <ele>332</ele>
        <time>2026-05-14T10:02:28+00:00</time>
      </trkpt>
      <trkpt lat="45.04923" lon="1.56942">
        <ele>329</ele>
        <time>2026-05-14T10:02:29+00:00</time>
      </trkpt>
      <trkpt lat="45.04929" lon="1.56948">
        <ele>329</ele>
        <time>2026-05-14T10:02:30+00:00</time>
      </trkpt>
      <trkpt lat="45.04981" lon="1.56937">
        <ele>330</ele>
        <time>2026-05-14T10:02:31+00:00</time>
      </trkpt>
      <trkpt lat="45.05028" lon="1.56931">
        <ele>330</ele>
        <time>2026-05-14T10:02:32+00:00</time>
      </trkpt>
      <trkpt lat="45.0504" lon="1.56926">
        <ele>330</ele>
        <time>2026-05-14T10:02:33+00:00</time>
      </trkpt>
      <trkpt lat="45.05046" lon="1.56899">
        <ele>331</ele>
        <time>2026-05-14T10:02:34+00:00</time>
      </trkpt>
      <trkpt lat="45.05053" lon="1.56882">
        <ele>332</ele>
        <time>2026-05-14T10:02:35+00:00</time>
      </trkpt>
      <trkpt lat="45.05066" lon="1.56798">
        <ele>334</ele>
        <time>2026-05-14T10:02:36+00:00</time>
      </trkpt>
      <trkpt lat="45.05104" lon="1.56711">
        <ele>335</ele>
        <time>2026-05-14T10:02:37+00:00</time>
      </trkpt>
      <trkpt lat="45.05113" lon="1.56672">
        <ele>336</ele>
        <time>2026-05-14T10:02:38+00:00</time>
      </trkpt>
      <trkpt lat="45.05117" lon="1.56665">
        <ele>336</ele>
        <time>2026-05-14T10:02:39+00:00</time>
      </trkpt>
      <trkpt lat="45.05123" lon="1.56642">
        <ele>337</ele>
        <time>2026-05-14T10:02:40+00:00</time>
      </trkpt>
      <trkpt lat="45.0515" lon="1.56591">
        <ele>338</ele>
        <time>2026-05-14T10:02:41+00:00</time>
      </trkpt>
      <trkpt lat="45.05159" lon="1.5658">
        <ele>338</ele>
        <time>2026-05-14T10:02:42+00:00</time>
      </trkpt>
      <trkpt lat="45.05185" lon="1.56559">
        <ele>340</ele>
        <time>2026-05-14T10:02:43+00:00</time>
      </trkpt>
      <trkpt lat="45.05203" lon="1.5654">
        <ele>341</ele>
        <time>2026-05-14T10:02:44+00:00</time>
      </trkpt>
      <trkpt lat="45.0524" lon="1.56514">
        <ele>343</ele>
        <time>2026-05-14T10:02:45+00:00</time>
      </trkpt>
      <trkpt lat="45.05271" lon="1.5648">
        <ele>343</ele>
        <time>2026-05-14T10:02:46+00:00</time>
      </trkpt>
      <trkpt lat="45.05299" lon="1.56443">
        <ele>344</ele>
        <time>2026-05-14T10:02:47+00:00</time>
      </trkpt>
      <trkpt lat="45.05314" lon="1.56412">
        <ele>344</ele>
        <time>2026-05-14T10:02:48+00:00</time>
      </trkpt>
      <trkpt lat="45.05324" lon="1.56372">
        <ele>344</ele>
        <time>2026-05-14T10:02:49+00:00</time>
      </trkpt>
      <trkpt lat="45.05333" lon="1.56347">
        <ele>343</ele>
        <time>2026-05-14T10:02:50+00:00</time>
      </trkpt>
      <trkpt lat="45.05361" lon="1.56307">
        <ele>339</ele>
        <time>2026-05-14T10:02:51+00:00</time>
      </trkpt>
      <trkpt lat="45.05382" lon="1.56287">
        <ele>336</ele>
        <time>2026-05-14T10:02:52+00:00</time>
      </trkpt>
      <trkpt lat="45.054" lon="1.56265">
        <ele>335</ele>
        <time>2026-05-14T10:02:53+00:00</time>
      </trkpt>
      <trkpt lat="45.05427" lon="1.56209">
        <ele>330</ele>
        <time>2026-05-14T10:02:54+00:00</time>
      </trkpt>
      <trkpt lat="45.05439" lon="1.56201">
        <ele>329</ele>
        <time>2026-05-14T10:02:55+00:00</time>
      </trkpt>
      <trkpt lat="45.05471" lon="1.56196">
        <ele>328</ele>
        <time>2026-05-14T10:02:56+00:00</time>
      </trkpt>
      <trkpt lat="45.05498" lon="1.56183">
        <ele>328</ele>
        <time>2026-05-14T10:02:57+00:00</time>
      </trkpt>
      <trkpt lat="45.05508" lon="1.56168">
        <ele>330</ele>
        <time>2026-05-14T10:02:58+00:00</time>
      </trkpt>
      <trkpt lat="45.05516" lon="1.56141">
        <ele>330</ele>
        <time>2026-05-14T10:02:59+00:00</time>
      </trkpt>
      <trkpt lat="45.05522" lon="1.56129">
        <ele>330</ele>
        <time>2026-05-14T10:03:00+00:00</time>
      </trkpt>
      <trkpt lat="45.05536" lon="1.56118">
        <ele>332</ele>
        <time>2026-05-14T10:03:01+00:00</time>
      </trkpt>
      <trkpt lat="45.0559" lon="1.56095">
        <ele>338</ele>
        <time>2026-05-14T10:03:02+00:00</time>
      </trkpt>
      <trkpt lat="45.05607" lon="1.56078">
        <ele>339</ele>
        <time>2026-05-14T10:03:03+00:00</time>
      </trkpt>
      <trkpt lat="45.05595" lon="1.56045">
        <ele>341</ele>
        <time>2026-05-14T10:03:04+00:00</time>
      </trkpt>
      <trkpt lat="45.05581" lon="1.56023">
        <ele>344</ele>
        <time>2026-05-14T10:03:05+00:00</time>
      </trkpt>
      <trkpt lat="45.05572" lon="1.56014">
        <ele>343</ele>
        <time>2026-05-14T10:03:06+00:00</time>
      </trkpt>
      <trkpt lat="45.0556" lon="1.56007">
        <ele>343</ele>
        <time>2026-05-14T10:03:07+00:00</time>
      </trkpt>
      <trkpt lat="45.0552" lon="1.55992">
        <ele>339</ele>
        <time>2026-05-14T10:03:08+00:00</time>
      </trkpt>
      <trkpt lat="45.05505" lon="1.55981">
        <ele>338</ele>
        <time>2026-05-14T10:03:09+00:00</time>
      </trkpt>
      <trkpt lat="45.05495" lon="1.55969">
        <ele>338</ele>
        <time>2026-05-14T10:03:10+00:00</time>
      </trkpt>
      <trkpt lat="45.05489" lon="1.55951">
        <ele>339</ele>
        <time>2026-05-14T10:03:11+00:00</time>
      </trkpt>
      <trkpt lat="45.05483" lon="1.55849">
        <ele>342</ele>
        <time>2026-05-14T10:03:12+00:00</time>
      </trkpt>
      <trkpt lat="45.05492" lon="1.55789">
        <ele>345</ele>
        <time>2026-05-14T10:03:13+00:00</time>
      </trkpt>
      <trkpt lat="45.05494" lon="1.55749">
        <ele>347</ele>
        <time>2026-05-14T10:03:14+00:00</time>
      </trkpt>
      <trkpt lat="45.05489" lon="1.55715">
        <ele>346</ele>
        <time>2026-05-14T10:03:15+00:00</time>
      </trkpt>
      <trkpt lat="45.05513" lon="1.55653">
        <ele>344</ele>
        <time>2026-05-14T10:03:16+00:00</time>
      </trkpt>
      <trkpt lat="45.05533" lon="1.55625">
        <ele>342</ele>
        <time>2026-05-14T10:03:17+00:00</time>
      </trkpt>
      <trkpt lat="45.05541" lon="1.55595">
        <ele>340</ele>
        <time>2026-05-14T10:03:18+00:00</time>
      </trkpt>
      <trkpt lat="45.05548" lon="1.55551">
        <ele>341</ele>
        <time>2026-05-14T10:03:19+00:00</time>
      </trkpt>
      <trkpt lat="45.05548" lon="1.55538">
        <ele>342</ele>
        <time>2026-05-14T10:03:20+00:00</time>
      </trkpt>
      <trkpt lat="45.05543" lon="1.55515">
        <ele>344</ele>
        <time>2026-05-14T10:03:21+00:00</time>
      </trkpt>
      <trkpt lat="45.05552" lon="1.55458">
        <ele>350</ele>
        <time>2026-05-14T10:03:22+00:00</time>
      </trkpt>
      <trkpt lat="45.05551" lon="1.55432">
        <ele>353</ele>
        <time>2026-05-14T10:03:23+00:00</time>
      </trkpt>
      <trkpt lat="45.05558" lon="1.55406">
        <ele>355</ele>
        <time>2026-05-14T10:03:24+00:00</time>
      </trkpt>
      <trkpt lat="45.05571" lon="1.55376">
        <ele>355</ele>
        <time>2026-05-14T10:03:25+00:00</time>
      </trkpt>
      <trkpt lat="45.05576" lon="1.5535">
        <ele>356</ele>
        <time>2026-05-14T10:03:26+00:00</time>
      </trkpt>
      <trkpt lat="45.05577" lon="1.55283">
        <ele>354</ele>
        <time>2026-05-14T10:03:27+00:00</time>
      </trkpt>
      <trkpt lat="45.05566" lon="1.55196">
        <ele>349</ele>
        <time>2026-05-14T10:03:28+00:00</time>
      </trkpt>
      <trkpt lat="45.05567" lon="1.55178">
        <ele>347</ele>
        <time>2026-05-14T10:03:29+00:00</time>
      </trkpt>
      <trkpt lat="45.05575" lon="1.55152">
        <ele>346</ele>
        <time>2026-05-14T10:03:30+00:00</time>
      </trkpt>
      <trkpt lat="45.05578" lon="1.5512">
        <ele>345</ele>
        <time>2026-05-14T10:03:31+00:00</time>
      </trkpt>
      <trkpt lat="45.05577" lon="1.55106">
        <ele>345</ele>
        <time>2026-05-14T10:03:32+00:00</time>
      </trkpt>
      <trkpt lat="45.05566" lon="1.55071">
        <ele>345</ele>
        <time>2026-05-14T10:03:33+00:00</time>
      </trkpt>
      <trkpt lat="45.05565" lon="1.55048">
        <ele>346</ele>
        <time>2026-05-14T10:03:34+00:00</time>
      </trkpt>
      <trkpt lat="45.0557" lon="1.54998">
        <ele>348</ele>
        <time>2026-05-14T10:03:35+00:00</time>
      </trkpt>
      <trkpt lat="45.0556" lon="1.54969">
        <ele>349</ele>
        <time>2026-05-14T10:03:36+00:00</time>
      </trkpt>
      <trkpt lat="45.05552" lon="1.54957">
        <ele>349</ele>
        <time>2026-05-14T10:03:37+00:00</time>
      </trkpt>
      <trkpt lat="45.05532" lon="1.54943">
        <ele>350</ele>
        <time>2026-05-14T10:03:38+00:00</time>
      </trkpt>
      <trkpt lat="45.05492" lon="1.54886">
        <ele>351</ele>
        <time>2026-05-14T10:03:39+00:00</time>
      </trkpt>
      <trkpt lat="45.05453" lon="1.54848">
        <ele>352</ele>
        <time>2026-05-14T10:03:40+00:00</time>
      </trkpt>
      <trkpt lat="45.05444" lon="1.54836">
        <ele>352</ele>
        <time>2026-05-14T10:03:41+00:00</time>
      </trkpt>
      <trkpt lat="45.05427" lon="1.548">
        <ele>352</ele>
        <time>2026-05-14T10:03:42+00:00</time>
      </trkpt>
      <trkpt lat="45.05423" lon="1.54784">
        <ele>352</ele>
        <time>2026-05-14T10:03:43+00:00</time>
      </trkpt>
      <trkpt lat="45.05423" lon="1.54771">
        <ele>352</ele>
        <time>2026-05-14T10:03:44+00:00</time>
      </trkpt>
      <trkpt lat="45.05428" lon="1.54745">
        <ele>350</ele>
        <time>2026-05-14T10:03:45+00:00</time>
      </trkpt>
      <trkpt lat="45.05449" lon="1.5471">
        <ele>347</ele>
        <time>2026-05-14T10:03:46+00:00</time>
      </trkpt>
      <trkpt lat="45.05456" lon="1.54705">
        <ele>346</ele>
        <time>2026-05-14T10:03:47+00:00</time>
      </trkpt>
      <trkpt lat="45.05468" lon="1.54702">
        <ele>345</ele>
        <time>2026-05-14T10:03:48+00:00</time>
      </trkpt>
      <trkpt lat="45.05484" lon="1.54692">
        <ele>344</ele>
        <time>2026-05-14T10:03:49+00:00</time>
      </trkpt>
      <trkpt lat="45.05505" lon="1.54684">
        <ele>342</ele>
        <time>2026-05-14T10:03:50+00:00</time>
      </trkpt>
      <trkpt lat="45.05515" lon="1.54676">
        <ele>342</ele>
        <time>2026-05-14T10:03:51+00:00</time>
      </trkpt>
      <trkpt lat="45.05527" lon="1.54661">
        <ele>341</ele>
        <time>2026-05-14T10:03:52+00:00</time>
      </trkpt>
      <trkpt lat="45.05577" lon="1.54569">
        <ele>339</ele>
        <time>2026-05-14T10:03:53+00:00</time>
      </trkpt>
      <trkpt lat="45.05604" lon="1.54487">
        <ele>337</ele>
        <time>2026-05-14T10:03:54+00:00</time>
      </trkpt>
      <trkpt lat="45.05611" lon="1.54431">
        <ele>337</ele>
        <time>2026-05-14T10:03:55+00:00</time>
      </trkpt>
      <trkpt lat="45.05645" lon="1.54336">
        <ele>340</ele>
        <time>2026-05-14T10:03:56+00:00</time>
      </trkpt>
      <trkpt lat="45.05669" lon="1.54204">
        <ele>342</ele>
        <time>2026-05-14T10:03:57+00:00</time>
      </trkpt>
      <trkpt lat="45.05673" lon="1.54147">
        <ele>342</ele>
        <time>2026-05-14T10:03:58+00:00</time>
      </trkpt>
      <trkpt lat="45.05694" lon="1.54059">
        <ele>338</ele>
        <time>2026-05-14T10:03:59+00:00</time>
      </trkpt>
      <trkpt lat="45.05696" lon="1.53991">
        <ele>333</ele>
        <time>2026-05-14T10:04:00+00:00</time>
      </trkpt>
      <trkpt lat="45.05701" lon="1.53966">
        <ele>332</ele>
        <time>2026-05-14T10:04:01+00:00</time>
      </trkpt>
      <trkpt lat="45.05713" lon="1.53929">
        <ele>330</ele>
        <time>2026-05-14T10:04:02+00:00</time>
      </trkpt>
      <trkpt lat="45.05725" lon="1.53911">
        <ele>329</ele>
        <time>2026-05-14T10:04:03+00:00</time>
      </trkpt>
      <trkpt lat="45.05733" lon="1.53891">
        <ele>329</ele>
        <time>2026-05-14T10:04:04+00:00</time>
      </trkpt>
      <trkpt lat="45.05746" lon="1.53871">
        <ele>329</ele>
        <time>2026-05-14T10:04:05+00:00</time>
      </trkpt>
      <trkpt lat="45.05754" lon="1.53834">
        <ele>329</ele>
        <time>2026-05-14T10:04:06+00:00</time>
      </trkpt>
      <trkpt lat="45.05778" lon="1.53771">
        <ele>328</ele>
        <time>2026-05-14T10:04:07+00:00</time>
      </trkpt>
      <trkpt lat="45.05787" lon="1.53755">
        <ele>329</ele>
        <time>2026-05-14T10:04:08+00:00</time>
      </trkpt>
      <trkpt lat="45.0581" lon="1.53729">
        <ele>329</ele>
        <time>2026-05-14T10:04:09+00:00</time>
      </trkpt>
      <trkpt lat="45.05826" lon="1.53696">
        <ele>330</ele>
        <time>2026-05-14T10:04:10+00:00</time>
      </trkpt>
      <trkpt lat="45.05848" lon="1.53659">
        <ele>330</ele>
        <time>2026-05-14T10:04:11+00:00</time>
      </trkpt>
      <trkpt lat="45.0586" lon="1.53586">
        <ele>328</ele>
        <time>2026-05-14T10:04:12+00:00</time>
      </trkpt>
      <trkpt lat="45.05874" lon="1.53535">
        <ele>326</ele>
        <time>2026-05-14T10:04:13+00:00</time>
      </trkpt>
      <trkpt lat="45.05885" lon="1.53513">
        <ele>325</ele>
        <time>2026-05-14T10:04:14+00:00</time>
      </trkpt>
      <trkpt lat="45.05888" lon="1.53501">
        <ele>325</ele>
        <time>2026-05-14T10:04:15+00:00</time>
      </trkpt>
      <trkpt lat="45.05889" lon="1.53489">
        <ele>324</ele>
        <time>2026-05-14T10:04:16+00:00</time>
      </trkpt>
      <trkpt lat="45.05886" lon="1.53478">
        <ele>324</ele>
        <time>2026-05-14T10:04:17+00:00</time>
      </trkpt>
      <trkpt lat="45.05866" lon="1.53462">
        <ele>325</ele>
        <time>2026-05-14T10:04:18+00:00</time>
      </trkpt>
      <trkpt lat="45.05836" lon="1.53431">
        <ele>327</ele>
        <time>2026-05-14T10:04:19+00:00</time>
      </trkpt>
      <trkpt lat="45.05805" lon="1.53408">
        <ele>328</ele>
        <time>2026-05-14T10:04:20+00:00</time>
      </trkpt>
      <trkpt lat="45.05796" lon="1.53396">
        <ele>329</ele>
        <time>2026-05-14T10:04:21+00:00</time>
      </trkpt>
      <trkpt lat="45.05794" lon="1.53386">
        <ele>329</ele>
        <time>2026-05-14T10:04:22+00:00</time>
      </trkpt>
      <trkpt lat="45.05822" lon="1.53321">
        <ele>328</ele>
        <time>2026-05-14T10:04:23+00:00</time>
      </trkpt>
      <trkpt lat="45.05854" lon="1.53281">
        <ele>328</ele>
        <time>2026-05-14T10:04:24+00:00</time>
      </trkpt>
      <trkpt lat="45.05874" lon="1.53248">
        <ele>330</ele>
        <time>2026-05-14T10:04:25+00:00</time>
      </trkpt>
      <trkpt lat="45.05894" lon="1.53222">
        <ele>333</ele>
        <time>2026-05-14T10:04:26+00:00</time>
      </trkpt>
      <trkpt lat="45.05899" lon="1.53207">
        <ele>334</ele>
        <time>2026-05-14T10:04:27+00:00</time>
      </trkpt>
      <trkpt lat="45.05897" lon="1.53194">
        <ele>335</ele>
        <time>2026-05-14T10:04:28+00:00</time>
      </trkpt>
      <trkpt lat="45.05867" lon="1.53123">
        <ele>335</ele>
        <time>2026-05-14T10:04:29+00:00</time>
      </trkpt>
      <trkpt lat="45.05842" lon="1.53099">
        <ele>335</ele>
        <time>2026-05-14T10:04:30+00:00</time>
      </trkpt>
      <trkpt lat="45.05814" lon="1.53046">
        <ele>333</ele>
        <time>2026-05-14T10:04:31+00:00</time>
      </trkpt>
      <trkpt lat="45.0575" lon="1.52963">
        <ele>337</ele>
        <time>2026-05-14T10:04:32+00:00</time>
      </trkpt>
      <trkpt lat="45.05729" lon="1.52953">
        <ele>337</ele>
        <time>2026-05-14T10:04:33+00:00</time>
      </trkpt>
      <trkpt lat="45.05708" lon="1.52938">
        <ele>338</ele>
        <time>2026-05-14T10:04:34+00:00</time>
      </trkpt>
      <trkpt lat="45.05686" lon="1.52919">
        <ele>340</ele>
        <time>2026-05-14T10:04:35+00:00</time>
      </trkpt>
      <trkpt lat="45.05667" lon="1.52897">
        <ele>340</ele>
        <time>2026-05-14T10:04:36+00:00</time>
      </trkpt>
      <trkpt lat="45.05659" lon="1.52894">
        <ele>339</ele>
        <time>2026-05-14T10:04:37+00:00</time>
      </trkpt>
      <trkpt lat="45.05652" lon="1.52898">
        <ele>339</ele>
        <time>2026-05-14T10:04:38+00:00</time>
      </trkpt>
      <trkpt lat="45.05624" lon="1.52933">
        <ele>338</ele>
        <time>2026-05-14T10:04:39+00:00</time>
      </trkpt>
      <trkpt lat="45.05601" lon="1.52955">
        <ele>338</ele>
        <time>2026-05-14T10:04:40+00:00</time>
      </trkpt>
      <trkpt lat="45.05593" lon="1.52956">
        <ele>338</ele>
        <time>2026-05-14T10:04:41+00:00</time>
      </trkpt>
      <trkpt lat="45.0559" lon="1.52952">
        <ele>338</ele>
        <time>2026-05-14T10:04:42+00:00</time>
      </trkpt>
      <trkpt lat="45.05581" lon="1.52929">
        <ele>338</ele>
        <time>2026-05-14T10:04:43+00:00</time>
      </trkpt>
      <trkpt lat="45.0556" lon="1.52835">
        <ele>332</ele>
        <time>2026-05-14T10:04:44+00:00</time>
      </trkpt>
      <trkpt lat="45.05547" lon="1.52802">
        <ele>329</ele>
        <time>2026-05-14T10:04:45+00:00</time>
      </trkpt>
      <trkpt lat="45.05541" lon="1.52777">
        <ele>327</ele>
        <time>2026-05-14T10:04:46+00:00</time>
      </trkpt>
      <trkpt lat="45.0554" lon="1.52742">
        <ele>326</ele>
        <time>2026-05-14T10:04:47+00:00</time>
      </trkpt>
      <trkpt lat="45.05526" lon="1.527">
        <ele>325</ele>
        <time>2026-05-14T10:04:48+00:00</time>
      </trkpt>
      <trkpt lat="45.0552" lon="1.52631">
        <ele>323</ele>
        <time>2026-05-14T10:04:49+00:00</time>
      </trkpt>
      <trkpt lat="45.05509" lon="1.52556">
        <ele>322</ele>
        <time>2026-05-14T10:04:50+00:00</time>
      </trkpt>
      <trkpt lat="45.0549" lon="1.52491">
        <ele>321</ele>
        <time>2026-05-14T10:04:51+00:00</time>
      </trkpt>
      <trkpt lat="45.05447" lon="1.52378">
        <ele>330</ele>
        <time>2026-05-14T10:04:52+00:00</time>
      </trkpt>
      <trkpt lat="45.05453" lon="1.52365">
        <ele>330</ele>
        <time>2026-05-14T10:04:53+00:00</time>
      </trkpt>
      <trkpt lat="45.05493" lon="1.52312">
        <ele>328</ele>
        <time>2026-05-14T10:04:54+00:00</time>
      </trkpt>
      <trkpt lat="45.05507" lon="1.52285">
        <ele>328</ele>
        <time>2026-05-14T10:04:55+00:00</time>
      </trkpt>
      <trkpt lat="45.05525" lon="1.52212">
        <ele>330</ele>
        <time>2026-05-14T10:04:56+00:00</time>
      </trkpt>
      <trkpt lat="45.0552" lon="1.52185">
        <ele>331</ele>
        <time>2026-05-14T10:04:57+00:00</time>
      </trkpt>
      <trkpt lat="45.05525" lon="1.52169">
        <ele>331</ele>
        <time>2026-05-14T10:04:58+00:00</time>
      </trkpt>
      <trkpt lat="45.0559" lon="1.52087">
        <ele>329</ele>
        <time>2026-05-14T10:04:59+00:00</time>
      </trkpt>
      <trkpt lat="45.05601" lon="1.5207">
        <ele>328</ele>
        <time>2026-05-14T10:05:00+00:00</time>
      </trkpt>
      <trkpt lat="45.05616" lon="1.52033">
        <ele>326</ele>
        <time>2026-05-14T10:05:01+00:00</time>
      </trkpt>
      <trkpt lat="45.05624" lon="1.52004">
        <ele>326</ele>
        <time>2026-05-14T10:05:02+00:00</time>
      </trkpt>
      <trkpt lat="45.05642" lon="1.51967">
        <ele>324</ele>
        <time>2026-05-14T10:05:03+00:00</time>
      </trkpt>
      <trkpt lat="45.0565" lon="1.51952">
        <ele>324</ele>
        <time>2026-05-14T10:05:04+00:00</time>
      </trkpt>
      <trkpt lat="45.05687" lon="1.51899">
        <ele>322</ele>
        <time>2026-05-14T10:05:05+00:00</time>
      </trkpt>
      <trkpt lat="45.057" lon="1.51874">
        <ele>320</ele>
        <time>2026-05-14T10:05:06+00:00</time>
      </trkpt>
      <trkpt lat="45.05708" lon="1.51834">
        <ele>318</ele>
        <time>2026-05-14T10:05:07+00:00</time>
      </trkpt>
      <trkpt lat="45.05718" lon="1.51805">
        <ele>318</ele>
        <time>2026-05-14T10:05:08+00:00</time>
      </trkpt>
      <trkpt lat="45.05731" lon="1.51746">
        <ele>321</ele>
        <time>2026-05-14T10:05:09+00:00</time>
      </trkpt>
      <trkpt lat="45.05736" lon="1.51634">
        <ele>322</ele>
        <time>2026-05-14T10:05:10+00:00</time>
      </trkpt>
      <trkpt lat="45.05743" lon="1.51582">
        <ele>322</ele>
        <time>2026-05-14T10:05:11+00:00</time>
      </trkpt>
      <trkpt lat="45.0575" lon="1.51559">
        <ele>321</ele>
        <time>2026-05-14T10:05:12+00:00</time>
      </trkpt>
      <trkpt lat="45.05759" lon="1.51546">
        <ele>321</ele>
        <time>2026-05-14T10:05:13+00:00</time>
      </trkpt>
      <trkpt lat="45.05812" lon="1.51487">
        <ele>320</ele>
        <time>2026-05-14T10:05:14+00:00</time>
      </trkpt>
      <trkpt lat="45.05859" lon="1.51425">
        <ele>316</ele>
        <time>2026-05-14T10:05:15+00:00</time>
      </trkpt>
      <trkpt lat="45.05898" lon="1.51385">
        <ele>314</ele>
        <time>2026-05-14T10:05:16+00:00</time>
      </trkpt>
      <trkpt lat="45.0591" lon="1.51369">
        <ele>312</ele>
        <time>2026-05-14T10:05:17+00:00</time>
      </trkpt>
      <trkpt lat="45.05932" lon="1.51323">
        <ele>308</ele>
        <time>2026-05-14T10:05:18+00:00</time>
      </trkpt>
      <trkpt lat="45.05941" lon="1.51275">
        <ele>309</ele>
        <time>2026-05-14T10:05:19+00:00</time>
      </trkpt>
      <trkpt lat="45.05949" lon="1.51251">
        <ele>309</ele>
        <time>2026-05-14T10:05:20+00:00</time>
      </trkpt>
      <trkpt lat="45.05977" lon="1.512">
        <ele>312</ele>
        <time>2026-05-14T10:05:21+00:00</time>
      </trkpt>
      <trkpt lat="45.06006" lon="1.51137">
        <ele>313</ele>
        <time>2026-05-14T10:05:22+00:00</time>
      </trkpt>
      <trkpt lat="45.06051" lon="1.51065">
        <ele>310</ele>
        <time>2026-05-14T10:05:23+00:00</time>
      </trkpt>
      <trkpt lat="45.06064" lon="1.51029">
        <ele>309</ele>
        <time>2026-05-14T10:05:24+00:00</time>
      </trkpt>
      <trkpt lat="45.06074" lon="1.50981">
        <ele>309</ele>
        <time>2026-05-14T10:05:25+00:00</time>
      </trkpt>
      <trkpt lat="45.06077" lon="1.50952">
        <ele>308</ele>
        <time>2026-05-14T10:05:26+00:00</time>
      </trkpt>
      <trkpt lat="45.06081" lon="1.50846">
        <ele>305</ele>
        <time>2026-05-14T10:05:27+00:00</time>
      </trkpt>
      <trkpt lat="45.0608" lon="1.50826">
        <ele>305</ele>
        <time>2026-05-14T10:05:28+00:00</time>
      </trkpt>
      <trkpt lat="45.06077" lon="1.50817">
        <ele>304</ele>
        <time>2026-05-14T10:05:29+00:00</time>
      </trkpt>
      <trkpt lat="45.0607" lon="1.50801">
        <ele>303</ele>
        <time>2026-05-14T10:05:30+00:00</time>
      </trkpt>
      <trkpt lat="45.06053" lon="1.50787">
        <ele>302</ele>
        <time>2026-05-14T10:05:31+00:00</time>
      </trkpt>
      <trkpt lat="45.06035" lon="1.50782">
        <ele>302</ele>
        <time>2026-05-14T10:05:32+00:00</time>
      </trkpt>
      <trkpt lat="45.05962" lon="1.5077">
        <ele>303</ele>
        <time>2026-05-14T10:05:33+00:00</time>
      </trkpt>
      <trkpt lat="45.05932" lon="1.50762">
        <ele>303</ele>
        <time>2026-05-14T10:05:34+00:00</time>
      </trkpt>
      <trkpt lat="45.05924" lon="1.50757">
        <ele>303</ele>
        <time>2026-05-14T10:05:35+00:00</time>
      </trkpt>
      <trkpt lat="45.05918" lon="1.50742">
        <ele>303</ele>
        <time>2026-05-14T10:05:36+00:00</time>
      </trkpt>
      <trkpt lat="45.05926" lon="1.50656">
        <ele>304</ele>
        <time>2026-05-14T10:05:37+00:00</time>
      </trkpt>
      <trkpt lat="45.05941" lon="1.50627">
        <ele>301</ele>
        <time>2026-05-14T10:05:38+00:00</time>
      </trkpt>
      <trkpt lat="45.0596" lon="1.50608">
        <ele>298</ele>
        <time>2026-05-14T10:05:39+00:00</time>
      </trkpt>
      <trkpt lat="45.05989" lon="1.506">
        <ele>295</ele>
        <time>2026-05-14T10:05:40+00:00</time>
      </trkpt>
      <trkpt lat="45.06054" lon="1.506">
        <ele>294</ele>
        <time>2026-05-14T10:05:41+00:00</time>
      </trkpt>
      <trkpt lat="45.06118" lon="1.50588">
        <ele>293</ele>
        <time>2026-05-14T10:05:42+00:00</time>
      </trkpt>
      <trkpt lat="45.06155" lon="1.50569">
        <ele>293</ele>
        <time>2026-05-14T10:05:43+00:00</time>
      </trkpt>
      <trkpt lat="45.0618" lon="1.50482">
        <ele>293</ele>
        <time>2026-05-14T10:05:44+00:00</time>
      </trkpt>
      <trkpt lat="45.06205" lon="1.50422">
        <ele>292</ele>
        <time>2026-05-14T10:05:45+00:00</time>
      </trkpt>
      <trkpt lat="45.06253" lon="1.50333">
        <ele>289</ele>
        <time>2026-05-14T10:05:46+00:00</time>
      </trkpt>
      <trkpt lat="45.06243" lon="1.50293">
        <ele>289</ele>
        <time>2026-05-14T10:05:47+00:00</time>
      </trkpt>
      <trkpt lat="45.06206" lon="1.50245">
        <ele>293</ele>
        <time>2026-05-14T10:05:48+00:00</time>
      </trkpt>
      <trkpt lat="45.06196" lon="1.50225">
        <ele>294</ele>
        <time>2026-05-14T10:05:49+00:00</time>
      </trkpt>
      <trkpt lat="45.06192" lon="1.5021">
        <ele>294</ele>
        <time>2026-05-14T10:05:50+00:00</time>
      </trkpt>
      <trkpt lat="45.06189" lon="1.50176">
        <ele>295</ele>
        <time>2026-05-14T10:05:51+00:00</time>
      </trkpt>
      <trkpt lat="45.06184" lon="1.5015">
        <ele>295</ele>
        <time>2026-05-14T10:05:52+00:00</time>
      </trkpt>
      <trkpt lat="45.06151" lon="1.50034">
        <ele>295</ele>
        <time>2026-05-14T10:05:53+00:00</time>
      </trkpt>
      <trkpt lat="45.06143" lon="1.49996">
        <ele>293</ele>
        <time>2026-05-14T10:05:54+00:00</time>
      </trkpt>
      <trkpt lat="45.06137" lon="1.49889">
        <ele>297</ele>
        <time>2026-05-14T10:05:55+00:00</time>
      </trkpt>
      <trkpt lat="45.0614" lon="1.49813">
        <ele>305</ele>
        <time>2026-05-14T10:05:56+00:00</time>
      </trkpt>
      <trkpt lat="45.0616" lon="1.49673">
        <ele>319</ele>
        <time>2026-05-14T10:05:57+00:00</time>
      </trkpt>
      <trkpt lat="45.06163" lon="1.49625">
        <ele>321</ele>
        <time>2026-05-14T10:05:58+00:00</time>
      </trkpt>
      <trkpt lat="45.06158" lon="1.49583">
        <ele>322</ele>
        <time>2026-05-14T10:05:59+00:00</time>
      </trkpt>
      <trkpt lat="45.06159" lon="1.49561">
        <ele>321</ele>
        <time>2026-05-14T10:06:00+00:00</time>
      </trkpt>
      <trkpt lat="45.06161" lon="1.49557">
        <ele>321</ele>
        <time>2026-05-14T10:06:01+00:00</time>
      </trkpt>
      <trkpt lat="45.06168" lon="1.49559">
        <ele>321</ele>
        <time>2026-05-14T10:06:02+00:00</time>
      </trkpt>
      <trkpt lat="45.06187" lon="1.49579">
        <ele>322</ele>
        <time>2026-05-14T10:06:03+00:00</time>
      </trkpt>
      <trkpt lat="45.06205" lon="1.49588">
        <ele>321</ele>
        <time>2026-05-14T10:06:04+00:00</time>
      </trkpt>
      <trkpt lat="45.06291" lon="1.49602">
        <ele>316</ele>
        <time>2026-05-14T10:06:05+00:00</time>
      </trkpt>
      <trkpt lat="45.06311" lon="1.496">
        <ele>315</ele>
        <time>2026-05-14T10:06:06+00:00</time>
      </trkpt>
      <trkpt lat="45.06388" lon="1.49581">
        <ele>308</ele>
        <time>2026-05-14T10:06:07+00:00</time>
      </trkpt>
      <trkpt lat="45.06407" lon="1.4957">
        <ele>305</ele>
        <time>2026-05-14T10:06:08+00:00</time>
      </trkpt>
      <trkpt lat="45.06419" lon="1.4956">
        <ele>303</ele>
        <time>2026-05-14T10:06:09+00:00</time>
      </trkpt>
      <trkpt lat="45.06439" lon="1.49535">
        <ele>300</ele>
        <time>2026-05-14T10:06:10+00:00</time>
      </trkpt>
      <trkpt lat="45.06443" lon="1.49534">
        <ele>299</ele>
        <time>2026-05-14T10:06:11+00:00</time>
      </trkpt>
      <trkpt lat="45.06531" lon="1.49547">
        <ele>296</ele>
        <time>2026-05-14T10:06:12+00:00</time>
      </trkpt>
      <trkpt lat="45.06545" lon="1.49551">
        <ele>296</ele>
        <time>2026-05-14T10:06:13+00:00</time>
      </trkpt>
      <trkpt lat="45.06582" lon="1.49572">
        <ele>298</ele>
        <time>2026-05-14T10:06:14+00:00</time>
      </trkpt>
      <trkpt lat="45.06592" lon="1.49572">
        <ele>298</ele>
        <time>2026-05-14T10:06:15+00:00</time>
      </trkpt>
      <trkpt lat="45.066" lon="1.49565">
        <ele>297</ele>
        <time>2026-05-14T10:06:16+00:00</time>
      </trkpt>
      <trkpt lat="45.06608" lon="1.49553">
        <ele>297</ele>
        <time>2026-05-14T10:06:17+00:00</time>
      </trkpt>
      <trkpt lat="45.06635" lon="1.49501">
        <ele>297</ele>
        <time>2026-05-14T10:06:18+00:00</time>
      </trkpt>
      <trkpt lat="45.06659" lon="1.49421">
        <ele>304</ele>
        <time>2026-05-14T10:06:19+00:00</time>
      </trkpt>
      <trkpt lat="45.06667" lon="1.4938">
        <ele>304</ele>
        <time>2026-05-14T10:06:20+00:00</time>
      </trkpt>
      <trkpt lat="45.06668" lon="1.49363">
        <ele>304</ele>
        <time>2026-05-14T10:06:21+00:00</time>
      </trkpt>
      <trkpt lat="45.06665" lon="1.49348">
        <ele>304</ele>
        <time>2026-05-14T10:06:22+00:00</time>
      </trkpt>
      <trkpt lat="45.06655" lon="1.49321">
        <ele>306</ele>
        <time>2026-05-14T10:06:23+00:00</time>
      </trkpt>
      <trkpt lat="45.06608" lon="1.49235">
        <ele>317</ele>
        <time>2026-05-14T10:06:24+00:00</time>
      </trkpt>
      <trkpt lat="45.06585" lon="1.49159">
        <ele>322</ele>
        <time>2026-05-14T10:06:25+00:00</time>
      </trkpt>
      <trkpt lat="45.06575" lon="1.49136">
        <ele>321</ele>
        <time>2026-05-14T10:06:26+00:00</time>
      </trkpt>
      <trkpt lat="45.06483" lon="1.49085">
        <ele>325</ele>
        <time>2026-05-14T10:06:27+00:00</time>
      </trkpt>
      <trkpt lat="45.06423" lon="1.49033">
        <ele>325</ele>
        <time>2026-05-14T10:06:28+00:00</time>
      </trkpt>
      <trkpt lat="45.06413" lon="1.49017">
        <ele>324</ele>
        <time>2026-05-14T10:06:29+00:00</time>
      </trkpt>
      <trkpt lat="45.06405" lon="1.48944">
        <ele>322</ele>
        <time>2026-05-14T10:06:30+00:00</time>
      </trkpt>
      <trkpt lat="45.06392" lon="1.48883">
        <ele>319</ele>
        <time>2026-05-14T10:06:31+00:00</time>
      </trkpt>
      <trkpt lat="45.06394" lon="1.48852">
        <ele>317</ele>
        <time>2026-05-14T10:06:32+00:00</time>
      </trkpt>
      <trkpt lat="45.06433" lon="1.48767">
        <ele>314</ele>
        <time>2026-05-14T10:06:33+00:00</time>
      </trkpt>
      <trkpt lat="45.0645" lon="1.48738">
        <ele>314</ele>
        <time>2026-05-14T10:06:34+00:00</time>
      </trkpt>
      <trkpt lat="45.06459" lon="1.48729">
        <ele>315</ele>
        <time>2026-05-14T10:06:35+00:00</time>
      </trkpt>
      <trkpt lat="45.06466" lon="1.48724">
        <ele>316</ele>
        <time>2026-05-14T10:06:36+00:00</time>
      </trkpt>
      <trkpt lat="45.06522" lon="1.48719">
        <ele>319</ele>
        <time>2026-05-14T10:06:37+00:00</time>
      </trkpt>
      <trkpt lat="45.06568" lon="1.48704">
        <ele>320</ele>
        <time>2026-05-14T10:06:38+00:00</time>
      </trkpt>
      <trkpt lat="45.06615" lon="1.48673">
        <ele>318</ele>
        <time>2026-05-14T10:06:39+00:00</time>
      </trkpt>
      <trkpt lat="45.06628" lon="1.4866">
        <ele>316</ele>
        <time>2026-05-14T10:06:40+00:00</time>
      </trkpt>
      <trkpt lat="45.06652" lon="1.48617">
        <ele>314</ele>
        <time>2026-05-14T10:06:41+00:00</time>
      </trkpt>
      <trkpt lat="45.06668" lon="1.48559">
        <ele>309</ele>
        <time>2026-05-14T10:06:42+00:00</time>
      </trkpt>
      <trkpt lat="45.06676" lon="1.48544">
        <ele>306</ele>
        <time>2026-05-14T10:06:43+00:00</time>
      </trkpt>
      <trkpt lat="45.06682" lon="1.48512">
        <ele>301</ele>
        <time>2026-05-14T10:06:44+00:00</time>
      </trkpt>
      <trkpt lat="45.06686" lon="1.48506">
        <ele>300</ele>
        <time>2026-05-14T10:06:45+00:00</time>
      </trkpt>
      <trkpt lat="45.06708" lon="1.48496">
        <ele>296</ele>
        <time>2026-05-14T10:06:46+00:00</time>
      </trkpt>
      <trkpt lat="45.06728" lon="1.48481">
        <ele>292</ele>
        <time>2026-05-14T10:06:47+00:00</time>
      </trkpt>
      <trkpt lat="45.06748" lon="1.48495">
        <ele>289</ele>
        <time>2026-05-14T10:06:48+00:00</time>
      </trkpt>
      <trkpt lat="45.06752" lon="1.48493">
        <ele>289</ele>
        <time>2026-05-14T10:06:49+00:00</time>
      </trkpt>
      <trkpt lat="45.06765" lon="1.48477">
        <ele>289</ele>
        <time>2026-05-14T10:06:50+00:00</time>
      </trkpt>
      <trkpt lat="45.06772" lon="1.48473">
        <ele>289</ele>
        <time>2026-05-14T10:06:51+00:00</time>
      </trkpt>
      <trkpt lat="45.06816" lon="1.48464">
        <ele>289</ele>
        <time>2026-05-14T10:06:52+00:00</time>
      </trkpt>
      <trkpt lat="45.06851" lon="1.48422">
        <ele>291</ele>
        <time>2026-05-14T10:06:53+00:00</time>
      </trkpt>
      <trkpt lat="45.06872" lon="1.48409">
        <ele>294</ele>
        <time>2026-05-14T10:06:54+00:00</time>
      </trkpt>
      <trkpt lat="45.0688" lon="1.48394">
        <ele>294</ele>
        <time>2026-05-14T10:06:55+00:00</time>
      </trkpt>
      <trkpt lat="45.06934" lon="1.48356">
        <ele>298</ele>
        <time>2026-05-14T10:06:56+00:00</time>
      </trkpt>
      <trkpt lat="45.06975" lon="1.48308">
        <ele>297</ele>
        <time>2026-05-14T10:06:57+00:00</time>
      </trkpt>
      <trkpt lat="45.07019" lon="1.48275">
        <ele>295</ele>
        <time>2026-05-14T10:06:58+00:00</time>
      </trkpt>
      <trkpt lat="45.07042" lon="1.48268">
        <ele>294</ele>
        <time>2026-05-14T10:06:59+00:00</time>
      </trkpt>
      <trkpt lat="45.07075" lon="1.48269">
        <ele>294</ele>
        <time>2026-05-14T10:07:00+00:00</time>
      </trkpt>
      <trkpt lat="45.07087" lon="1.48263">
        <ele>294</ele>
        <time>2026-05-14T10:07:01+00:00</time>
      </trkpt>
      <trkpt lat="45.07098" lon="1.48249">
        <ele>293</ele>
        <time>2026-05-14T10:07:02+00:00</time>
      </trkpt>
      <trkpt lat="45.07107" lon="1.48243">
        <ele>293</ele>
        <time>2026-05-14T10:07:03+00:00</time>
      </trkpt>
      <trkpt lat="45.07117" lon="1.48242">
        <ele>293</ele>
        <time>2026-05-14T10:07:04+00:00</time>
      </trkpt>
      <trkpt lat="45.07175" lon="1.48249">
        <ele>293</ele>
        <time>2026-05-14T10:07:05+00:00</time>
      </trkpt>
      <trkpt lat="45.07228" lon="1.48245">
        <ele>288</ele>
        <time>2026-05-14T10:07:06+00:00</time>
      </trkpt>
      <trkpt lat="45.07279" lon="1.48248">
        <ele>286</ele>
        <time>2026-05-14T10:07:07+00:00</time>
      </trkpt>
      <trkpt lat="45.07368" lon="1.4828">
        <ele>287</ele>
        <time>2026-05-14T10:07:08+00:00</time>
      </trkpt>
      <trkpt lat="45.07385" lon="1.4826">
        <ele>287</ele>
        <time>2026-05-14T10:07:09+00:00</time>
      </trkpt>
      <trkpt lat="45.07409" lon="1.48217">
        <ele>286</ele>
        <time>2026-05-14T10:07:10+00:00</time>
      </trkpt>
      <trkpt lat="45.07432" lon="1.4813">
        <ele>283</ele>
        <time>2026-05-14T10:07:11+00:00</time>
      </trkpt>
      <trkpt lat="45.0745" lon="1.481">
        <ele>282</ele>
        <time>2026-05-14T10:07:12+00:00</time>
      </trkpt>
      <trkpt lat="45.07492" lon="1.48066">
        <ele>281</ele>
        <time>2026-05-14T10:07:13+00:00</time>
      </trkpt>
      <trkpt lat="45.07548" lon="1.4805">
        <ele>278</ele>
        <time>2026-05-14T10:07:14+00:00</time>
      </trkpt>
      <trkpt lat="45.07636" lon="1.4806">
        <ele>275</ele>
        <time>2026-05-14T10:07:15+00:00</time>
      </trkpt>
      <trkpt lat="45.07661" lon="1.4806">
        <ele>275</ele>
        <time>2026-05-14T10:07:16+00:00</time>
      </trkpt>
      <trkpt lat="45.07714" lon="1.48065">
        <ele>275</ele>
        <time>2026-05-14T10:07:17+00:00</time>
      </trkpt>
      <trkpt lat="45.07775" lon="1.48074">
        <ele>275</ele>
        <time>2026-05-14T10:07:18+00:00</time>
      </trkpt>
      <trkpt lat="45.07825" lon="1.48092">
        <ele>275</ele>
        <time>2026-05-14T10:07:19+00:00</time>
      </trkpt>
      <trkpt lat="45.07882" lon="1.48101">
        <ele>273</ele>
        <time>2026-05-14T10:07:20+00:00</time>
      </trkpt>
      <trkpt lat="45.07912" lon="1.48102">
        <ele>272</ele>
        <time>2026-05-14T10:07:21+00:00</time>
      </trkpt>
      <trkpt lat="45.08043" lon="1.48083">
        <ele>262</ele>
        <time>2026-05-14T10:07:22+00:00</time>
      </trkpt>
      <trkpt lat="45.08081" lon="1.48072">
        <ele>259</ele>
        <time>2026-05-14T10:07:23+00:00</time>
      </trkpt>
      <trkpt lat="45.08182" lon="1.48013">
        <ele>256</ele>
        <time>2026-05-14T10:07:24+00:00</time>
      </trkpt>
      <trkpt lat="45.08197" lon="1.47999">
        <ele>256</ele>
        <time>2026-05-14T10:07:25+00:00</time>
      </trkpt>
      <trkpt lat="45.08304" lon="1.47879">
        <ele>252</ele>
        <time>2026-05-14T10:07:26+00:00</time>
      </trkpt>
      <trkpt lat="45.08322" lon="1.47865">
        <ele>252</ele>
        <time>2026-05-14T10:07:27+00:00</time>
      </trkpt>
      <trkpt lat="45.08341" lon="1.47843">
        <ele>251</ele>
        <time>2026-05-14T10:07:28+00:00</time>
      </trkpt>
      <trkpt lat="45.0835" lon="1.47826">
        <ele>250</ele>
        <time>2026-05-14T10:07:29+00:00</time>
      </trkpt>
      <trkpt lat="45.08358" lon="1.47797">
        <ele>248</ele>
        <time>2026-05-14T10:07:30+00:00</time>
      </trkpt>
      <trkpt lat="45.08384" lon="1.47743">
        <ele>244</ele>
        <time>2026-05-14T10:07:31+00:00</time>
      </trkpt>
      <trkpt lat="45.08404" lon="1.47716">
        <ele>244</ele>
        <time>2026-05-14T10:07:32+00:00</time>
      </trkpt>
      <trkpt lat="45.08431" lon="1.47687">
        <ele>244</ele>
        <time>2026-05-14T10:07:33+00:00</time>
      </trkpt>
      <trkpt lat="45.08505" lon="1.47621">
        <ele>243</ele>
        <time>2026-05-14T10:07:34+00:00</time>
      </trkpt>
      <trkpt lat="45.08568" lon="1.47556">
        <ele>244</ele>
        <time>2026-05-14T10:07:35+00:00</time>
      </trkpt>
      <trkpt lat="45.08604" lon="1.47531">
        <ele>243</ele>
        <time>2026-05-14T10:07:36+00:00</time>
      </trkpt>
      <trkpt lat="45.08636" lon="1.47505">
        <ele>243</ele>
        <time>2026-05-14T10:07:37+00:00</time>
      </trkpt>
      <trkpt lat="45.08688" lon="1.47451">
        <ele>236</ele>
        <time>2026-05-14T10:07:38+00:00</time>
      </trkpt>
      <trkpt lat="45.08737" lon="1.47395">
        <ele>232</ele>
        <time>2026-05-14T10:07:39+00:00</time>
      </trkpt>
      <trkpt lat="45.08782" lon="1.47351">
        <ele>226</ele>
        <time>2026-05-14T10:07:40+00:00</time>
      </trkpt>
      <trkpt lat="45.08793" lon="1.47343">
        <ele>225</ele>
        <time>2026-05-14T10:07:41+00:00</time>
      </trkpt>
      <trkpt lat="45.08834" lon="1.47296">
        <ele>217</ele>
        <time>2026-05-14T10:07:42+00:00</time>
      </trkpt>
      <trkpt lat="45.08864" lon="1.47279">
        <ele>211</ele>
        <time>2026-05-14T10:07:43+00:00</time>
      </trkpt>
      <trkpt lat="45.08872" lon="1.47282">
        <ele>211</ele>
        <time>2026-05-14T10:07:44+00:00</time>
      </trkpt>
      <trkpt lat="45.08885" lon="1.47264">
        <ele>208</ele>
        <time>2026-05-14T10:07:45+00:00</time>
      </trkpt>
      <trkpt lat="45.08917" lon="1.47245">
        <ele>206</ele>
        <time>2026-05-14T10:07:46+00:00</time>
      </trkpt>
      <trkpt lat="45.08954" lon="1.47229">
        <ele>195</ele>
        <time>2026-05-14T10:07:47+00:00</time>
      </trkpt>
      <trkpt lat="45.09005" lon="1.47213">
        <ele>185</ele>
        <time>2026-05-14T10:07:48+00:00</time>
      </trkpt>
      <trkpt lat="45.09029" lon="1.47208">
        <ele>182</ele>
        <time>2026-05-14T10:07:49+00:00</time>
      </trkpt>
      <trkpt lat="45.09077" lon="1.47213">
        <ele>177</ele>
        <time>2026-05-14T10:07:50+00:00</time>
      </trkpt>
      <trkpt lat="45.09086" lon="1.47212">
        <ele>177</ele>
        <time>2026-05-14T10:07:51+00:00</time>
      </trkpt>
      <trkpt lat="45.09121" lon="1.47196">
        <ele>178</ele>
        <time>2026-05-14T10:07:52+00:00</time>
      </trkpt>
      <trkpt lat="45.0916" lon="1.47158">
        <ele>175</ele>
        <time>2026-05-14T10:07:53+00:00</time>
      </trkpt>
      <trkpt lat="45.09179" lon="1.47143">
        <ele>170</ele>
        <time>2026-05-14T10:07:54+00:00</time>
      </trkpt>
      <trkpt lat="45.09191" lon="1.47138">
        <ele>167</ele>
        <time>2026-05-14T10:07:55+00:00</time>
      </trkpt>
      <trkpt lat="45.09206" lon="1.47138">
        <ele>166</ele>
        <time>2026-05-14T10:07:56+00:00</time>
      </trkpt>
      <trkpt lat="45.09294" lon="1.47164">
        <ele>164</ele>
        <time>2026-05-14T10:07:57+00:00</time>
      </trkpt>
      <trkpt lat="45.09306" lon="1.47162">
        <ele>161</ele>
        <time>2026-05-14T10:07:58+00:00</time>
      </trkpt>
      <trkpt lat="45.09345" lon="1.47143">
        <ele>153</ele>
        <time>2026-05-14T10:07:59+00:00</time>
      </trkpt>
      <trkpt lat="45.09352" lon="1.47137">
        <ele>152</ele>
        <time>2026-05-14T10:08:00+00:00</time>
      </trkpt>
      <trkpt lat="45.0936" lon="1.47125">
        <ele>150</ele>
        <time>2026-05-14T10:08:01+00:00</time>
      </trkpt>
      <trkpt lat="45.09368" lon="1.47094">
        <ele>147</ele>
        <time>2026-05-14T10:08:02+00:00</time>
      </trkpt>
      <trkpt lat="45.09381" lon="1.47078">
        <ele>146</ele>
        <time>2026-05-14T10:08:03+00:00</time>
      </trkpt>
      <trkpt lat="45.0939" lon="1.47057">
        <ele>143</ele>
        <time>2026-05-14T10:08:04+00:00</time>
      </trkpt>
      <trkpt lat="45.09386" lon="1.47046">
        <ele>142</ele>
        <time>2026-05-14T10:08:05+00:00</time>
      </trkpt>
      <trkpt lat="45.09382" lon="1.47044">
        <ele>142</ele>
        <time>2026-05-14T10:08:06+00:00</time>
      </trkpt>
      <trkpt lat="45.0937" lon="1.47046">
        <ele>142</ele>
        <time>2026-05-14T10:08:07+00:00</time>
      </trkpt>
      <trkpt lat="45.09359" lon="1.47059">
        <ele>143</ele>
        <time>2026-05-14T10:08:08+00:00</time>
      </trkpt>
      <trkpt lat="45.09354" lon="1.47062">
        <ele>143</ele>
        <time>2026-05-14T10:08:09+00:00</time>
      </trkpt>
      <trkpt lat="45.09351" lon="1.47061">
        <ele>143</ele>
        <time>2026-05-14T10:08:10+00:00</time>
      </trkpt>
      <trkpt lat="45.09348" lon="1.47055">
        <ele>143</ele>
        <time>2026-05-14T10:08:11+00:00</time>
      </trkpt>
      <trkpt lat="45.09347" lon="1.47028">
        <ele>140</ele>
        <time>2026-05-14T10:08:12+00:00</time>
      </trkpt>
      <trkpt lat="45.0935" lon="1.47014">
        <ele>138</ele>
        <time>2026-05-14T10:08:13+00:00</time>
      </trkpt>
      <trkpt lat="45.09356" lon="1.47003">
        <ele>137</ele>
        <time>2026-05-14T10:08:14+00:00</time>
      </trkpt>
      <trkpt lat="45.09395" lon="1.46986">
        <ele>136</ele>
        <time>2026-05-14T10:08:15+00:00</time>
      </trkpt>
      <trkpt lat="45.09428" lon="1.46991">
        <ele>136</ele>
        <time>2026-05-14T10:08:16+00:00</time>
      </trkpt>
      <trkpt lat="45.09444" lon="1.46988">
        <ele>135</ele>
        <time>2026-05-14T10:08:17+00:00</time>
      </trkpt>
      <trkpt lat="45.09458" lon="1.4698">
        <ele>134</ele>
        <time>2026-05-14T10:08:18+00:00</time>
      </trkpt>
      <trkpt lat="45.09462" lon="1.46976">
        <ele>134</ele>
        <time>2026-05-14T10:08:19+00:00</time>
      </trkpt>
      <trkpt lat="45.09463" lon="1.46971">
        <ele>134</ele>
        <time>2026-05-14T10:08:20+00:00</time>
      </trkpt>
      <trkpt lat="45.09454" lon="1.4693">
        <ele>133</ele>
        <time>2026-05-14T10:08:21+00:00</time>
      </trkpt>
      <trkpt lat="45.09476" lon="1.46867">
        <ele>138</ele>
        <time>2026-05-14T10:08:22+00:00</time>
      </trkpt>
      <trkpt lat="45.09476" lon="1.46856">
        <ele>139</ele>
        <time>2026-05-14T10:08:23+00:00</time>
      </trkpt>
      <trkpt lat="45.09466" lon="1.46796">
        <ele>139</ele>
        <time>2026-05-14T10:08:24+00:00</time>
      </trkpt>
      <trkpt lat="45.09464" lon="1.46722">
        <ele>135</ele>
        <time>2026-05-14T10:08:25+00:00</time>
      </trkpt>
      <trkpt lat="45.09447" lon="1.46677">
        <ele>129</ele>
        <time>2026-05-14T10:08:26+00:00</time>
      </trkpt>
      <trkpt lat="45.09446" lon="1.46661">
        <ele>128</ele>
        <time>2026-05-14T10:08:27+00:00</time>
      </trkpt>
      <trkpt lat="45.09464" lon="1.46517">
        <ele>125</ele>
        <time>2026-05-14T10:08:28+00:00</time>
      </trkpt>
      <trkpt lat="45.09471" lon="1.46489">
        <ele>124</ele>
        <time>2026-05-14T10:08:29+00:00</time>
      </trkpt>
      <trkpt lat="45.0948" lon="1.46473">
        <ele>124</ele>
        <time>2026-05-14T10:08:30+00:00</time>
      </trkpt>
      <trkpt lat="45.0957" lon="1.46406">
        <ele>123</ele>
        <time>2026-05-14T10:08:31+00:00</time>
      </trkpt>
      <trkpt lat="45.09597" lon="1.46401">
        <ele>123</ele>
        <time>2026-05-14T10:08:32+00:00</time>
      </trkpt>
      <trkpt lat="45.09695" lon="1.46441">
        <ele>129</ele>
        <time>2026-05-14T10:08:33+00:00</time>
      </trkpt>
      <trkpt lat="45.09739" lon="1.46479">
        <ele>132</ele>
        <time>2026-05-14T10:08:34+00:00</time>
      </trkpt>
      <trkpt lat="45.09751" lon="1.46484">
        <ele>132</ele>
        <time>2026-05-14T10:08:35+00:00</time>
      </trkpt>
      <trkpt lat="45.09759" lon="1.46483">
        <ele>133</ele>
        <time>2026-05-14T10:08:36+00:00</time>
      </trkpt>
      <trkpt lat="45.09766" lon="1.46478">
        <ele>133</ele>
        <time>2026-05-14T10:08:37+00:00</time>
      </trkpt>
      <trkpt lat="45.09771" lon="1.4647">
        <ele>134</ele>
        <time>2026-05-14T10:08:38+00:00</time>
      </trkpt>
      <trkpt lat="45.09788" lon="1.46417">
        <ele>132</ele>
        <time>2026-05-14T10:08:39+00:00</time>
      </trkpt>
      <trkpt lat="45.098" lon="1.46398">
        <ele>133</ele>
        <time>2026-05-14T10:08:40+00:00</time>
      </trkpt>
      <trkpt lat="45.09825" lon="1.46335">
        <ele>130</ele>
        <time>2026-05-14T10:08:41+00:00</time>
      </trkpt>
      <trkpt lat="45.09838" lon="1.46292">
        <ele>129</ele>
        <time>2026-05-14T10:08:42+00:00</time>
      </trkpt>
      <trkpt lat="45.0987" lon="1.46208">
        <ele>128</ele>
        <time>2026-05-14T10:08:43+00:00</time>
      </trkpt>
      <trkpt lat="45.09883" lon="1.46186">
        <ele>129</ele>
        <time>2026-05-14T10:08:44+00:00</time>
      </trkpt>
      <trkpt lat="45.09893" lon="1.46176">
        <ele>130</ele>
        <time>2026-05-14T10:08:45+00:00</time>
      </trkpt>
      <trkpt lat="45.09937" lon="1.46081">
        <ele>127</ele>
        <time>2026-05-14T10:08:46+00:00</time>
      </trkpt>
      <trkpt lat="45.09953" lon="1.46065">
        <ele>128</ele>
        <time>2026-05-14T10:08:47+00:00</time>
      </trkpt>
      <trkpt lat="45.09963" lon="1.46059">
        <ele>129</ele>
        <time>2026-05-14T10:08:48+00:00</time>
      </trkpt>
      <trkpt lat="45.09987" lon="1.45974">
        <ele>128</ele>
        <time>2026-05-14T10:08:49+00:00</time>
      </trkpt>
      <trkpt lat="45.10009" lon="1.45826">
        <ele>126</ele>
        <time>2026-05-14T10:08:50+00:00</time>
      </trkpt>
      <trkpt lat="45.1002" lon="1.4572">
        <ele>127</ele>
        <time>2026-05-14T10:08:51+00:00</time>
      </trkpt>
      <trkpt lat="45.10022" lon="1.4566">
        <ele>126</ele>
        <time>2026-05-14T10:08:52+00:00</time>
      </trkpt>
      <trkpt lat="45.10029" lon="1.45626">
        <ele>127</ele>
        <time>2026-05-14T10:08:53+00:00</time>
      </trkpt>
      <trkpt lat="45.10029" lon="1.45601">
        <ele>127</ele>
        <time>2026-05-14T10:08:54+00:00</time>
      </trkpt>
      <trkpt lat="45.10017" lon="1.45538">
        <ele>127</ele>
        <time>2026-05-14T10:08:55+00:00</time>
      </trkpt>
      <trkpt lat="45.10016" lon="1.45519">
        <ele>127</ele>
        <time>2026-05-14T10:08:56+00:00</time>
      </trkpt>
      <trkpt lat="45.10021" lon="1.4551">
        <ele>128</ele>
        <time>2026-05-14T10:08:57+00:00</time>
      </trkpt>
      <trkpt lat="45.10027" lon="1.45485">
        <ele>129</ele>
        <time>2026-05-14T10:08:58+00:00</time>
      </trkpt>
      <trkpt lat="45.10039" lon="1.4547">
        <ele>130</ele>
        <time>2026-05-14T10:08:59+00:00</time>
      </trkpt>
    </trkseg>
  </trk>
</gpx>
