<?xml version="1.0" encoding="UTF-8"?>
<gpx xmlns="http://www.topografix.com/GPX/1/1" xmlns:xsi="http://www.w3.org/2001/XMLSchema-instance" version="1.1" creator="phpGPX/1.3.0" xsi:schemaLocation="http://www.topografix.com/GPX/1/1 http://www.topografix.com/GPX/1/1/gpx.xsd">
  <metadata>
    <time>2026-05-14T09:50:47+00:00</time>
  </metadata>
  <trk>
    <name>Le 53</name>
    <trkseg>
      <trkpt lat="48.12983" lon="-0.74916">
        <ele>54</ele>
        <time>2026-05-14T09:50:48+00:00</time>
      </trkpt>
      <trkpt lat="48.13004" lon="-0.74916">
        <ele>54</ele>
        <time>2026-05-14T09:50:49+00:00</time>
      </trkpt>
      <trkpt lat="48.1301" lon="-0.75052">
        <ele>53</ele>
        <time>2026-05-14T09:50:50+00:00</time>
      </trkpt>
      <trkpt lat="48.13009" lon="-0.75075">
        <ele>55</ele>
        <time>2026-05-14T09:50:51+00:00</time>
      </trkpt>
      <trkpt lat="48.13002" lon="-0.75094">
        <ele>56</ele>
        <time>2026-05-14T09:50:52+00:00</time>
      </trkpt>
      <trkpt lat="48.12991" lon="-0.75107">
        <ele>57</ele>
        <time>2026-05-14T09:50:53+00:00</time>
      </trkpt>
      <trkpt lat="48.12974" lon="-0.75118">
        <ele>58</ele>
        <time>2026-05-14T09:50:54+00:00</time>
      </trkpt>
      <trkpt lat="48.12943" lon="-0.75128">
        <ele>58</ele>
        <time>2026-05-14T09:50:55+00:00</time>
      </trkpt>
      <trkpt lat="48.12933" lon="-0.75129">
        <ele>58</ele>
        <time>2026-05-14T09:50:56+00:00</time>
      </trkpt>
      <trkpt lat="48.12909" lon="-0.75139">
        <ele>58</ele>
        <time>2026-05-14T09:50:57+00:00</time>
      </trkpt>
      <trkpt lat="48.12881" lon="-0.75159">
        <ele>58</ele>
        <time>2026-05-14T09:50:58+00:00</time>
      </trkpt>
      <trkpt lat="48.12864" lon="-0.75198">
        <ele>57</ele>
        <time>2026-05-14T09:50:59+00:00</time>
      </trkpt>
      <trkpt lat="48.12852" lon="-0.75209">
        <ele>56</ele>
        <time>2026-05-14T09:51:00+00:00</time>
      </trkpt>
      <trkpt lat="48.12804" lon="-0.75233">
        <ele>54</ele>
        <time>2026-05-14T09:51:01+00:00</time>
      </trkpt>
      <trkpt lat="48.12776" lon="-0.75252">
        <ele>53</ele>
        <time>2026-05-14T09:51:02+00:00</time>
      </trkpt>
      <trkpt lat="48.12776" lon="-0.75269">
        <ele>53</ele>
        <time>2026-05-14T09:51:03+00:00</time>
      </trkpt>
      <trkpt lat="48.12675" lon="-0.75312">
        <ele>52</ele>
        <time>2026-05-14T09:51:04+00:00</time>
      </trkpt>
      <trkpt lat="48.12615" lon="-0.75345">
        <ele>52</ele>
        <time>2026-05-14T09:51:05+00:00</time>
      </trkpt>
      <trkpt lat="48.12618" lon="-0.75385">
        <ele>53</ele>
        <time>2026-05-14T09:51:06+00:00</time>
      </trkpt>
      <trkpt lat="48.12604" lon="-0.75394">
        <ele>53</ele>
        <time>2026-05-14T09:51:07+00:00</time>
      </trkpt>
      <trkpt lat="48.12594" lon="-0.75395">
        <ele>53</ele>
        <time>2026-05-14T09:51:08+00:00</time>
      </trkpt>
      <trkpt lat="48.12579" lon="-0.75389">
        <ele>53</ele>
        <time>2026-05-14T09:51:09+00:00</time>
      </trkpt>
      <trkpt lat="48.12563" lon="-0.75373">
        <ele>53</ele>
        <time>2026-05-14T09:51:10+00:00</time>
      </trkpt>
      <trkpt lat="48.12543" lon="-0.75345">
        <ele>53</ele>
        <time>2026-05-14T09:51:11+00:00</time>
      </trkpt>
      <trkpt lat="48.12506" lon="-0.75301">
        <ele>53</ele>
        <time>2026-05-14T09:51:12+00:00</time>
      </trkpt>
      <trkpt lat="48.1247" lon="-0.75279">
        <ele>53</ele>
        <time>2026-05-14T09:51:13+00:00</time>
      </trkpt>
      <trkpt lat="48.12443" lon="-0.75269">
        <ele>52</ele>
        <time>2026-05-14T09:51:14+00:00</time>
      </trkpt>
      <trkpt lat="48.12427" lon="-0.75265">
        <ele>52</ele>
        <time>2026-05-14T09:51:15+00:00</time>
      </trkpt>
      <trkpt lat="48.12408" lon="-0.75265">
        <ele>52</ele>
        <time>2026-05-14T09:51:16+00:00</time>
      </trkpt>
      <trkpt lat="48.12393" lon="-0.75271">
        <ele>52</ele>
        <time>2026-05-14T09:51:17+00:00</time>
      </trkpt>
      <trkpt lat="48.12379" lon="-0.75285">
        <ele>52</ele>
        <time>2026-05-14T09:51:18+00:00</time>
      </trkpt>
      <trkpt lat="48.12376" lon="-0.75301">
        <ele>52</ele>
        <time>2026-05-14T09:51:19+00:00</time>
      </trkpt>
      <trkpt lat="48.1238" lon="-0.75323">
        <ele>52</ele>
        <time>2026-05-14T09:51:20+00:00</time>
      </trkpt>
      <trkpt lat="48.12357" lon="-0.7536">
        <ele>52</ele>
        <time>2026-05-14T09:51:21+00:00</time>
      </trkpt>
      <trkpt lat="48.12345" lon="-0.75371">
        <ele>51</ele>
        <time>2026-05-14T09:51:22+00:00</time>
      </trkpt>
      <trkpt lat="48.12334" lon="-0.75387">
        <ele>51</ele>
        <time>2026-05-14T09:51:23+00:00</time>
      </trkpt>
      <trkpt lat="48.1232" lon="-0.75396">
        <ele>51</ele>
        <time>2026-05-14T09:51:24+00:00</time>
      </trkpt>
      <trkpt lat="48.1229" lon="-0.75437">
        <ele>52</ele>
        <time>2026-05-14T09:51:25+00:00</time>
      </trkpt>
      <trkpt lat="48.12297" lon="-0.75443">
        <ele>52</ele>
        <time>2026-05-14T09:51:26+00:00</time>
      </trkpt>
      <trkpt lat="48.12368" lon="-0.75393">
        <ele>52</ele>
        <time>2026-05-14T09:51:27+00:00</time>
      </trkpt>
      <trkpt lat="48.12373" lon="-0.75379">
        <ele>52</ele>
        <time>2026-05-14T09:51:28+00:00</time>
      </trkpt>
      <trkpt lat="48.12446" lon="-0.75438">
        <ele>55</ele>
        <time>2026-05-14T09:51:29+00:00</time>
      </trkpt>
      <trkpt lat="48.12499" lon="-0.75476">
        <ele>56</ele>
        <time>2026-05-14T09:51:30+00:00</time>
      </trkpt>
      <trkpt lat="48.12508" lon="-0.75493">
        <ele>56</ele>
        <time>2026-05-14T09:51:31+00:00</time>
      </trkpt>
      <trkpt lat="48.12508" lon="-0.75511">
        <ele>56</ele>
        <time>2026-05-14T09:51:32+00:00</time>
      </trkpt>
      <trkpt lat="48.1249" lon="-0.75564">
        <ele>56</ele>
        <time>2026-05-14T09:51:33+00:00</time>
      </trkpt>
      <trkpt lat="48.12469" lon="-0.75737">
        <ele>54</ele>
        <time>2026-05-14T09:51:34+00:00</time>
      </trkpt>
      <trkpt lat="48.1249" lon="-0.75732">
        <ele>54</ele>
        <time>2026-05-14T09:51:35+00:00</time>
      </trkpt>
      <trkpt lat="48.12562" lon="-0.75793">
        <ele>56</ele>
        <time>2026-05-14T09:51:36+00:00</time>
      </trkpt>
      <trkpt lat="48.12605" lon="-0.75934">
        <ele>63</ele>
        <time>2026-05-14T09:51:37+00:00</time>
      </trkpt>
      <trkpt lat="48.12724" lon="-0.75754">
        <ele>64</ele>
        <time>2026-05-14T09:51:38+00:00</time>
      </trkpt>
      <trkpt lat="48.12736" lon="-0.7578">
        <ele>66</ele>
        <time>2026-05-14T09:51:39+00:00</time>
      </trkpt>
      <trkpt lat="48.12748" lon="-0.75761">
        <ele>65</ele>
        <time>2026-05-14T09:51:40+00:00</time>
      </trkpt>
      <trkpt lat="48.12748" lon="-0.75779">
        <ele>66</ele>
        <time>2026-05-14T09:51:41+00:00</time>
      </trkpt>
      <trkpt lat="48.12766" lon="-0.75857">
        <ele>70</ele>
        <time>2026-05-14T09:51:42+00:00</time>
      </trkpt>
      <trkpt lat="48.12778" lon="-0.75949">
        <ele>71</ele>
        <time>2026-05-14T09:51:43+00:00</time>
      </trkpt>
      <trkpt lat="48.12771" lon="-0.7596">
        <ele>71</ele>
        <time>2026-05-14T09:51:44+00:00</time>
      </trkpt>
      <trkpt lat="48.12768" lon="-0.76045">
        <ele>70</ele>
        <time>2026-05-14T09:51:45+00:00</time>
      </trkpt>
      <trkpt lat="48.12747" lon="-0.76203">
        <ele>69</ele>
        <time>2026-05-14T09:51:46+00:00</time>
      </trkpt>
      <trkpt lat="48.12703" lon="-0.76346">
        <ele>70</ele>
        <time>2026-05-14T09:51:47+00:00</time>
      </trkpt>
      <trkpt lat="48.12706" lon="-0.7646">
        <ele>73</ele>
        <time>2026-05-14T09:51:48+00:00</time>
      </trkpt>
      <trkpt lat="48.1276" lon="-0.7661">
        <ele>69</ele>
        <time>2026-05-14T09:51:49+00:00</time>
      </trkpt>
      <trkpt lat="48.12759" lon="-0.76776">
        <ele>71</ele>
        <time>2026-05-14T09:51:50+00:00</time>
      </trkpt>
      <trkpt lat="48.12797" lon="-0.76857">
        <ele>69</ele>
        <time>2026-05-14T09:51:51+00:00</time>
      </trkpt>
      <trkpt lat="48.12803" lon="-0.76882">
        <ele>69</ele>
        <time>2026-05-14T09:51:52+00:00</time>
      </trkpt>
      <trkpt lat="48.12804" lon="-0.769">
        <ele>70</ele>
        <time>2026-05-14T09:51:53+00:00</time>
      </trkpt>
      <trkpt lat="48.12876" lon="-0.77074">
        <ele>72</ele>
        <time>2026-05-14T09:51:54+00:00</time>
      </trkpt>
      <trkpt lat="48.12854" lon="-0.77089">
        <ele>73</ele>
        <time>2026-05-14T09:51:55+00:00</time>
      </trkpt>
      <trkpt lat="48.12853" lon="-0.77119">
        <ele>74</ele>
        <time>2026-05-14T09:51:56+00:00</time>
      </trkpt>
      <trkpt lat="48.1286" lon="-0.77194">
        <ele>73</ele>
        <time>2026-05-14T09:51:57+00:00</time>
      </trkpt>
      <trkpt lat="48.12859" lon="-0.77281">
        <ele>72</ele>
        <time>2026-05-14T09:51:58+00:00</time>
      </trkpt>
      <trkpt lat="48.12849" lon="-0.77408">
        <ele>66</ele>
        <time>2026-05-14T09:51:59+00:00</time>
      </trkpt>
      <trkpt lat="48.12837" lon="-0.77431">
        <ele>64</ele>
        <time>2026-05-14T09:52:00+00:00</time>
      </trkpt>
      <trkpt lat="48.12824" lon="-0.77447">
        <ele>64</ele>
        <time>2026-05-14T09:52:01+00:00</time>
      </trkpt>
      <trkpt lat="48.12806" lon="-0.77453">
        <ele>65</ele>
        <time>2026-05-14T09:52:02+00:00</time>
      </trkpt>
      <trkpt lat="48.12783" lon="-0.77452">
        <ele>67</ele>
        <time>2026-05-14T09:52:03+00:00</time>
      </trkpt>
      <trkpt lat="48.12766" lon="-0.77454">
        <ele>68</ele>
        <time>2026-05-14T09:52:04+00:00</time>
      </trkpt>
      <trkpt lat="48.12751" lon="-0.77465">
        <ele>68</ele>
        <time>2026-05-14T09:52:05+00:00</time>
      </trkpt>
      <trkpt lat="48.12734" lon="-0.77498">
        <ele>66</ele>
        <time>2026-05-14T09:52:06+00:00</time>
      </trkpt>
      <trkpt lat="48.12717" lon="-0.77524">
        <ele>65</ele>
        <time>2026-05-14T09:52:07+00:00</time>
      </trkpt>
      <trkpt lat="48.12703" lon="-0.77539">
        <ele>65</ele>
        <time>2026-05-14T09:52:08+00:00</time>
      </trkpt>
      <trkpt lat="48.12675" lon="-0.7755">
        <ele>66</ele>
        <time>2026-05-14T09:52:09+00:00</time>
      </trkpt>
      <trkpt lat="48.12651" lon="-0.77553">
        <ele>65</ele>
        <time>2026-05-14T09:52:10+00:00</time>
      </trkpt>
      <trkpt lat="48.12625" lon="-0.77563">
        <ele>63</ele>
        <time>2026-05-14T09:52:11+00:00</time>
      </trkpt>
      <trkpt lat="48.12589" lon="-0.77567">
        <ele>61</ele>
        <time>2026-05-14T09:52:12+00:00</time>
      </trkpt>
      <trkpt lat="48.12569" lon="-0.7756">
        <ele>61</ele>
        <time>2026-05-14T09:52:13+00:00</time>
      </trkpt>
      <trkpt lat="48.12549" lon="-0.77565">
        <ele>62</ele>
        <time>2026-05-14T09:52:14+00:00</time>
      </trkpt>
      <trkpt lat="48.12539" lon="-0.77602">
        <ele>62</ele>
        <time>2026-05-14T09:52:15+00:00</time>
      </trkpt>
      <trkpt lat="48.12531" lon="-0.77616">
        <ele>63</ele>
        <time>2026-05-14T09:52:16+00:00</time>
      </trkpt>
      <trkpt lat="48.12495" lon="-0.77628">
        <ele>66</ele>
        <time>2026-05-14T09:52:17+00:00</time>
      </trkpt>
      <trkpt lat="48.12485" lon="-0.77651">
        <ele>67</ele>
        <time>2026-05-14T09:52:18+00:00</time>
      </trkpt>
      <trkpt lat="48.12482" lon="-0.77683">
        <ele>68</ele>
        <time>2026-05-14T09:52:19+00:00</time>
      </trkpt>
      <trkpt lat="48.12481" lon="-0.77737">
        <ele>70</ele>
        <time>2026-05-14T09:52:20+00:00</time>
      </trkpt>
      <trkpt lat="48.12484" lon="-0.77798">
        <ele>74</ele>
        <time>2026-05-14T09:52:21+00:00</time>
      </trkpt>
      <trkpt lat="48.12496" lon="-0.77883">
        <ele>78</ele>
        <time>2026-05-14T09:52:22+00:00</time>
      </trkpt>
      <trkpt lat="48.1251" lon="-0.779">
        <ele>79</ele>
        <time>2026-05-14T09:52:23+00:00</time>
      </trkpt>
      <trkpt lat="48.12525" lon="-0.78112">
        <ele>88</ele>
        <time>2026-05-14T09:52:24+00:00</time>
      </trkpt>
      <trkpt lat="48.12516" lon="-0.78124">
        <ele>89</ele>
        <time>2026-05-14T09:52:25+00:00</time>
      </trkpt>
      <trkpt lat="48.12488" lon="-0.78237">
        <ele>93</ele>
        <time>2026-05-14T09:52:26+00:00</time>
      </trkpt>
      <trkpt lat="48.12484" lon="-0.78282">
        <ele>94</ele>
        <time>2026-05-14T09:52:27+00:00</time>
      </trkpt>
      <trkpt lat="48.12492" lon="-0.78402">
        <ele>97</ele>
        <time>2026-05-14T09:52:28+00:00</time>
      </trkpt>
      <trkpt lat="48.12514" lon="-0.78591">
        <ele>103</ele>
        <time>2026-05-14T09:52:29+00:00</time>
      </trkpt>
      <trkpt lat="48.12518" lon="-0.78665">
        <ele>104</ele>
        <time>2026-05-14T09:52:30+00:00</time>
      </trkpt>
      <trkpt lat="48.12532" lon="-0.78729">
        <ele>105</ele>
        <time>2026-05-14T09:52:31+00:00</time>
      </trkpt>
      <trkpt lat="48.12551" lon="-0.78794">
        <ele>107</ele>
        <time>2026-05-14T09:52:32+00:00</time>
      </trkpt>
      <trkpt lat="48.12556" lon="-0.78826">
        <ele>108</ele>
        <time>2026-05-14T09:52:33+00:00</time>
      </trkpt>
      <trkpt lat="48.12561" lon="-0.78919">
        <ele>110</ele>
        <time>2026-05-14T09:52:34+00:00</time>
      </trkpt>
      <trkpt lat="48.12569" lon="-0.79">
        <ele>111</ele>
        <time>2026-05-14T09:52:35+00:00</time>
      </trkpt>
      <trkpt lat="48.1259" lon="-0.79062">
        <ele>111</ele>
        <time>2026-05-14T09:52:36+00:00</time>
      </trkpt>
      <trkpt lat="48.12617" lon="-0.79104">
        <ele>109</ele>
        <time>2026-05-14T09:52:37+00:00</time>
      </trkpt>
      <trkpt lat="48.12657" lon="-0.79214">
        <ele>105</ele>
        <time>2026-05-14T09:52:38+00:00</time>
      </trkpt>
      <trkpt lat="48.12642" lon="-0.7922">
        <ele>105</ele>
        <time>2026-05-14T09:52:39+00:00</time>
      </trkpt>
      <trkpt lat="48.12623" lon="-0.79235">
        <ele>105</ele>
        <time>2026-05-14T09:52:40+00:00</time>
      </trkpt>
      <trkpt lat="48.12592" lon="-0.79275">
        <ele>104</ele>
        <time>2026-05-14T09:52:41+00:00</time>
      </trkpt>
      <trkpt lat="48.12574" lon="-0.79281">
        <ele>104</ele>
        <time>2026-05-14T09:52:42+00:00</time>
      </trkpt>
      <trkpt lat="48.12539" lon="-0.79256">
        <ele>103</ele>
        <time>2026-05-14T09:52:43+00:00</time>
      </trkpt>
      <trkpt lat="48.12523" lon="-0.79253">
        <ele>102</ele>
        <time>2026-05-14T09:52:44+00:00</time>
      </trkpt>
      <trkpt lat="48.12514" lon="-0.79255">
        <ele>102</ele>
        <time>2026-05-14T09:52:45+00:00</time>
      </trkpt>
      <trkpt lat="48.12493" lon="-0.79267">
        <ele>101</ele>
        <time>2026-05-14T09:52:46+00:00</time>
      </trkpt>
      <trkpt lat="48.12443" lon="-0.79313">
        <ele>96</ele>
        <time>2026-05-14T09:52:47+00:00</time>
      </trkpt>
      <trkpt lat="48.12429" lon="-0.79333">
        <ele>94</ele>
        <time>2026-05-14T09:52:48+00:00</time>
      </trkpt>
      <trkpt lat="48.12417" lon="-0.79369">
        <ele>94</ele>
        <time>2026-05-14T09:52:49+00:00</time>
      </trkpt>
      <trkpt lat="48.12411" lon="-0.79379">
        <ele>93</ele>
        <time>2026-05-14T09:52:50+00:00</time>
      </trkpt>
      <trkpt lat="48.12376" lon="-0.79408">
        <ele>86</ele>
        <time>2026-05-14T09:52:51+00:00</time>
      </trkpt>
      <trkpt lat="48.12343" lon="-0.79506">
        <ele>81</ele>
        <time>2026-05-14T09:52:52+00:00</time>
      </trkpt>
      <trkpt lat="48.12297" lon="-0.79573">
        <ele>80</ele>
        <time>2026-05-14T09:52:53+00:00</time>
      </trkpt>
      <trkpt lat="48.12291" lon="-0.79576">
        <ele>79</ele>
        <time>2026-05-14T09:52:54+00:00</time>
      </trkpt>
      <trkpt lat="48.12266" lon="-0.7957">
        <ele>76</ele>
        <time>2026-05-14T09:52:55+00:00</time>
      </trkpt>
      <trkpt lat="48.12259" lon="-0.79555">
        <ele>76</ele>
        <time>2026-05-14T09:52:56+00:00</time>
      </trkpt>
      <trkpt lat="48.12249" lon="-0.79562">
        <ele>75</ele>
        <time>2026-05-14T09:52:57+00:00</time>
      </trkpt>
      <trkpt lat="48.12247" lon="-0.7958">
        <ele>74</ele>
        <time>2026-05-14T09:52:58+00:00</time>
      </trkpt>
      <trkpt lat="48.12238" lon="-0.79595">
        <ele>75</ele>
        <time>2026-05-14T09:52:59+00:00</time>
      </trkpt>
      <trkpt lat="48.1222" lon="-0.79615">
        <ele>76</ele>
        <time>2026-05-14T09:53:00+00:00</time>
      </trkpt>
      <trkpt lat="48.12215" lon="-0.79618">
        <ele>76</ele>
        <time>2026-05-14T09:53:01+00:00</time>
      </trkpt>
      <trkpt lat="48.12171" lon="-0.79628">
        <ele>77</ele>
        <time>2026-05-14T09:53:02+00:00</time>
      </trkpt>
      <trkpt lat="48.12163" lon="-0.79642">
        <ele>77</ele>
        <time>2026-05-14T09:53:03+00:00</time>
      </trkpt>
      <trkpt lat="48.12161" lon="-0.79665">
        <ele>76</ele>
        <time>2026-05-14T09:53:04+00:00</time>
      </trkpt>
      <trkpt lat="48.12167" lon="-0.79679">
        <ele>75</ele>
        <time>2026-05-14T09:53:05+00:00</time>
      </trkpt>
      <trkpt lat="48.12186" lon="-0.79692">
        <ele>75</ele>
        <time>2026-05-14T09:53:06+00:00</time>
      </trkpt>
      <trkpt lat="48.12188" lon="-0.79703">
        <ele>75</ele>
        <time>2026-05-14T09:53:07+00:00</time>
      </trkpt>
      <trkpt lat="48.1217" lon="-0.79743">
        <ele>74</ele>
        <time>2026-05-14T09:53:08+00:00</time>
      </trkpt>
      <trkpt lat="48.12157" lon="-0.79836">
        <ele>75</ele>
        <time>2026-05-14T09:53:09+00:00</time>
      </trkpt>
      <trkpt lat="48.12163" lon="-0.79888">
        <ele>74</ele>
        <time>2026-05-14T09:53:10+00:00</time>
      </trkpt>
      <trkpt lat="48.12173" lon="-0.79926">
        <ele>75</ele>
        <time>2026-05-14T09:53:11+00:00</time>
      </trkpt>
      <trkpt lat="48.12171" lon="-0.79938">
        <ele>75</ele>
        <time>2026-05-14T09:53:12+00:00</time>
      </trkpt>
      <trkpt lat="48.12157" lon="-0.79958">
        <ele>76</ele>
        <time>2026-05-14T09:53:13+00:00</time>
      </trkpt>
      <trkpt lat="48.12148" lon="-0.79998">
        <ele>77</ele>
        <time>2026-05-14T09:53:14+00:00</time>
      </trkpt>
      <trkpt lat="48.12149" lon="-0.80019">
        <ele>77</ele>
        <time>2026-05-14T09:53:15+00:00</time>
      </trkpt>
      <trkpt lat="48.12157" lon="-0.80044">
        <ele>75</ele>
        <time>2026-05-14T09:53:16+00:00</time>
      </trkpt>
      <trkpt lat="48.1216" lon="-0.80064">
        <ele>75</ele>
        <time>2026-05-14T09:53:17+00:00</time>
      </trkpt>
      <trkpt lat="48.12146" lon="-0.80084">
        <ele>75</ele>
        <time>2026-05-14T09:53:18+00:00</time>
      </trkpt>
      <trkpt lat="48.12139" lon="-0.80151">
        <ele>74</ele>
        <time>2026-05-14T09:53:19+00:00</time>
      </trkpt>
      <trkpt lat="48.12143" lon="-0.80181">
        <ele>74</ele>
        <time>2026-05-14T09:53:20+00:00</time>
      </trkpt>
      <trkpt lat="48.12164" lon="-0.80195">
        <ele>72</ele>
        <time>2026-05-14T09:53:21+00:00</time>
      </trkpt>
      <trkpt lat="48.1216" lon="-0.80215">
        <ele>72</ele>
        <time>2026-05-14T09:53:22+00:00</time>
      </trkpt>
      <trkpt lat="48.12146" lon="-0.80223">
        <ele>73</ele>
        <time>2026-05-14T09:53:23+00:00</time>
      </trkpt>
      <trkpt lat="48.1214" lon="-0.8025">
        <ele>74</ele>
        <time>2026-05-14T09:53:24+00:00</time>
      </trkpt>
      <trkpt lat="48.12133" lon="-0.80269">
        <ele>74</ele>
        <time>2026-05-14T09:53:25+00:00</time>
      </trkpt>
      <trkpt lat="48.12129" lon="-0.8031">
        <ele>75</ele>
        <time>2026-05-14T09:53:26+00:00</time>
      </trkpt>
      <trkpt lat="48.1212" lon="-0.80319">
        <ele>75</ele>
        <time>2026-05-14T09:53:27+00:00</time>
      </trkpt>
      <trkpt lat="48.12116" lon="-0.80345">
        <ele>76</ele>
        <time>2026-05-14T09:53:28+00:00</time>
      </trkpt>
      <trkpt lat="48.12081" lon="-0.80399">
        <ele>81</ele>
        <time>2026-05-14T09:53:29+00:00</time>
      </trkpt>
      <trkpt lat="48.12063" lon="-0.80424">
        <ele>84</ele>
        <time>2026-05-14T09:53:30+00:00</time>
      </trkpt>
      <trkpt lat="48.12013" lon="-0.80412">
        <ele>87</ele>
        <time>2026-05-14T09:53:31+00:00</time>
      </trkpt>
      <trkpt lat="48.11995" lon="-0.80413">
        <ele>88</ele>
        <time>2026-05-14T09:53:32+00:00</time>
      </trkpt>
      <trkpt lat="48.11972" lon="-0.80424">
        <ele>89</ele>
        <time>2026-05-14T09:53:33+00:00</time>
      </trkpt>
      <trkpt lat="48.11942" lon="-0.80463">
        <ele>92</ele>
        <time>2026-05-14T09:53:34+00:00</time>
      </trkpt>
      <trkpt lat="48.11897" lon="-0.80593">
        <ele>101</ele>
        <time>2026-05-14T09:53:35+00:00</time>
      </trkpt>
      <trkpt lat="48.11909" lon="-0.80728">
        <ele>104</ele>
        <time>2026-05-14T09:53:36+00:00</time>
      </trkpt>
      <trkpt lat="48.11916" lon="-0.80755">
        <ele>105</ele>
        <time>2026-05-14T09:53:37+00:00</time>
      </trkpt>
      <trkpt lat="48.11902" lon="-0.80891">
        <ele>110</ele>
        <time>2026-05-14T09:53:38+00:00</time>
      </trkpt>
      <trkpt lat="48.11905" lon="-0.80945">
        <ele>112</ele>
        <time>2026-05-14T09:53:39+00:00</time>
      </trkpt>
      <trkpt lat="48.11919" lon="-0.81046">
        <ele>116</ele>
        <time>2026-05-14T09:53:40+00:00</time>
      </trkpt>
      <trkpt lat="48.11919" lon="-0.81064">
        <ele>116</ele>
        <time>2026-05-14T09:53:41+00:00</time>
      </trkpt>
      <trkpt lat="48.11895" lon="-0.81093">
        <ele>117</ele>
        <time>2026-05-14T09:53:42+00:00</time>
      </trkpt>
      <trkpt lat="48.11765" lon="-0.81112">
        <ele>119</ele>
        <time>2026-05-14T09:53:43+00:00</time>
      </trkpt>
      <trkpt lat="48.11663" lon="-0.81111">
        <ele>123</ele>
        <time>2026-05-14T09:53:44+00:00</time>
      </trkpt>
      <trkpt lat="48.11654" lon="-0.8114">
        <ele>124</ele>
        <time>2026-05-14T09:53:45+00:00</time>
      </trkpt>
      <trkpt lat="48.11647" lon="-0.81179">
        <ele>125</ele>
        <time>2026-05-14T09:53:46+00:00</time>
      </trkpt>
      <trkpt lat="48.11648" lon="-0.81208">
        <ele>125</ele>
        <time>2026-05-14T09:53:47+00:00</time>
      </trkpt>
      <trkpt lat="48.11651" lon="-0.8122">
        <ele>125</ele>
        <time>2026-05-14T09:53:48+00:00</time>
      </trkpt>
      <trkpt lat="48.11704" lon="-0.81251">
        <ele>124</ele>
        <time>2026-05-14T09:53:49+00:00</time>
      </trkpt>
      <trkpt lat="48.11758" lon="-0.81279">
        <ele>122</ele>
        <time>2026-05-14T09:53:50+00:00</time>
      </trkpt>
      <trkpt lat="48.11849" lon="-0.81347">
        <ele>115</ele>
        <time>2026-05-14T09:53:51+00:00</time>
      </trkpt>
      <trkpt lat="48.11885" lon="-0.81365">
        <ele>112</ele>
        <time>2026-05-14T09:53:52+00:00</time>
      </trkpt>
      <trkpt lat="48.11938" lon="-0.81433">
        <ele>104</ele>
        <time>2026-05-14T09:53:53+00:00</time>
      </trkpt>
      <trkpt lat="48.11955" lon="-0.81443">
        <ele>103</ele>
        <time>2026-05-14T09:53:54+00:00</time>
      </trkpt>
      <trkpt lat="48.12006" lon="-0.81459">
        <ele>99</ele>
        <time>2026-05-14T09:53:55+00:00</time>
      </trkpt>
      <trkpt lat="48.12098" lon="-0.81481">
        <ele>96</ele>
        <time>2026-05-14T09:53:56+00:00</time>
      </trkpt>
      <trkpt lat="48.12114" lon="-0.81495">
        <ele>95</ele>
        <time>2026-05-14T09:53:57+00:00</time>
      </trkpt>
      <trkpt lat="48.12115" lon="-0.81521">
        <ele>95</ele>
        <time>2026-05-14T09:53:58+00:00</time>
      </trkpt>
      <trkpt lat="48.12113" lon="-0.81546">
        <ele>95</ele>
        <time>2026-05-14T09:53:59+00:00</time>
      </trkpt>
      <trkpt lat="48.12116" lon="-0.81595">
        <ele>94</ele>
        <time>2026-05-14T09:54:00+00:00</time>
      </trkpt>
      <trkpt lat="48.12132" lon="-0.81634">
        <ele>93</ele>
        <time>2026-05-14T09:54:01+00:00</time>
      </trkpt>
      <trkpt lat="48.12151" lon="-0.81657">
        <ele>92</ele>
        <time>2026-05-14T09:54:02+00:00</time>
      </trkpt>
      <trkpt lat="48.12166" lon="-0.81685">
        <ele>92</ele>
        <time>2026-05-14T09:54:03+00:00</time>
      </trkpt>
      <trkpt lat="48.12193" lon="-0.81697">
        <ele>94</ele>
        <time>2026-05-14T09:54:04+00:00</time>
      </trkpt>
      <trkpt lat="48.12206" lon="-0.81695">
        <ele>95</ele>
        <time>2026-05-14T09:54:05+00:00</time>
      </trkpt>
      <trkpt lat="48.12209" lon="-0.81722">
        <ele>95</ele>
        <time>2026-05-14T09:54:06+00:00</time>
      </trkpt>
      <trkpt lat="48.12209" lon="-0.81754">
        <ele>95</ele>
        <time>2026-05-14T09:54:07+00:00</time>
      </trkpt>
      <trkpt lat="48.12196" lon="-0.81919">
        <ele>98</ele>
        <time>2026-05-14T09:54:08+00:00</time>
      </trkpt>
      <trkpt lat="48.12184" lon="-0.81965">
        <ele>97</ele>
        <time>2026-05-14T09:54:09+00:00</time>
      </trkpt>
      <trkpt lat="48.12167" lon="-0.82055">
        <ele>94</ele>
        <time>2026-05-14T09:54:10+00:00</time>
      </trkpt>
      <trkpt lat="48.12167" lon="-0.8209">
        <ele>93</ele>
        <time>2026-05-14T09:54:11+00:00</time>
      </trkpt>
      <trkpt lat="48.12172" lon="-0.82122">
        <ele>93</ele>
        <time>2026-05-14T09:54:12+00:00</time>
      </trkpt>
      <trkpt lat="48.1218" lon="-0.82147">
        <ele>94</ele>
        <time>2026-05-14T09:54:13+00:00</time>
      </trkpt>
      <trkpt lat="48.12179" lon="-0.82151">
        <ele>94</ele>
        <time>2026-05-14T09:54:14+00:00</time>
      </trkpt>
      <trkpt lat="48.12163" lon="-0.82149">
        <ele>92</ele>
        <time>2026-05-14T09:54:15+00:00</time>
      </trkpt>
      <trkpt lat="48.12144" lon="-0.82163">
        <ele>94</ele>
        <time>2026-05-14T09:54:16+00:00</time>
      </trkpt>
      <trkpt lat="48.12144" lon="-0.82203">
        <ele>95</ele>
        <time>2026-05-14T09:54:17+00:00</time>
      </trkpt>
      <trkpt lat="48.12149" lon="-0.82258">
        <ele>96</ele>
        <time>2026-05-14T09:54:18+00:00</time>
      </trkpt>
      <trkpt lat="48.12162" lon="-0.82308">
        <ele>93</ele>
        <time>2026-05-14T09:54:19+00:00</time>
      </trkpt>
      <trkpt lat="48.1218" lon="-0.82354">
        <ele>94</ele>
        <time>2026-05-14T09:54:20+00:00</time>
      </trkpt>
      <trkpt lat="48.12201" lon="-0.82395">
        <ele>96</ele>
        <time>2026-05-14T09:54:21+00:00</time>
      </trkpt>
      <trkpt lat="48.12258" lon="-0.82459">
        <ele>99</ele>
        <time>2026-05-14T09:54:22+00:00</time>
      </trkpt>
      <trkpt lat="48.1227" lon="-0.82491">
        <ele>99</ele>
        <time>2026-05-14T09:54:23+00:00</time>
      </trkpt>
      <trkpt lat="48.12293" lon="-0.82511">
        <ele>101</ele>
        <time>2026-05-14T09:54:24+00:00</time>
      </trkpt>
      <trkpt lat="48.12308" lon="-0.82548">
        <ele>100</ele>
        <time>2026-05-14T09:54:25+00:00</time>
      </trkpt>
      <trkpt lat="48.12364" lon="-0.82636">
        <ele>101</ele>
        <time>2026-05-14T09:54:26+00:00</time>
      </trkpt>
      <trkpt lat="48.12395" lon="-0.82676">
        <ele>101</ele>
        <time>2026-05-14T09:54:27+00:00</time>
      </trkpt>
      <trkpt lat="48.12401" lon="-0.82687">
        <ele>101</ele>
        <time>2026-05-14T09:54:28+00:00</time>
      </trkpt>
      <trkpt lat="48.12381" lon="-0.82724">
        <ele>100</ele>
        <time>2026-05-14T09:54:29+00:00</time>
      </trkpt>
      <trkpt lat="48.12328" lon="-0.82718">
        <ele>99</ele>
        <time>2026-05-14T09:54:30+00:00</time>
      </trkpt>
      <trkpt lat="48.12274" lon="-0.82715">
        <ele>102</ele>
        <time>2026-05-14T09:54:31+00:00</time>
      </trkpt>
      <trkpt lat="48.1223" lon="-0.82615">
        <ele>103</ele>
        <time>2026-05-14T09:54:32+00:00</time>
      </trkpt>
      <trkpt lat="48.12154" lon="-0.82698">
        <ele>118</ele>
        <time>2026-05-14T09:54:33+00:00</time>
      </trkpt>
      <trkpt lat="48.12194" lon="-0.8278">
        <ele>116</ele>
        <time>2026-05-14T09:54:34+00:00</time>
      </trkpt>
      <trkpt lat="48.12206" lon="-0.82823">
        <ele>116</ele>
        <time>2026-05-14T09:54:35+00:00</time>
      </trkpt>
      <trkpt lat="48.12228" lon="-0.82858">
        <ele>114</ele>
        <time>2026-05-14T09:54:36+00:00</time>
      </trkpt>
      <trkpt lat="48.12252" lon="-0.82885">
        <ele>112</ele>
        <time>2026-05-14T09:54:37+00:00</time>
      </trkpt>
      <trkpt lat="48.12316" lon="-0.82886">
        <ele>110</ele>
        <time>2026-05-14T09:54:38+00:00</time>
      </trkpt>
      <trkpt lat="48.12372" lon="-0.829">
        <ele>108</ele>
        <time>2026-05-14T09:54:39+00:00</time>
      </trkpt>
      <trkpt lat="48.12395" lon="-0.82892">
        <ele>106</ele>
        <time>2026-05-14T09:54:40+00:00</time>
      </trkpt>
      <trkpt lat="48.12401" lon="-0.82893">
        <ele>106</ele>
        <time>2026-05-14T09:54:41+00:00</time>
      </trkpt>
      <trkpt lat="48.12411" lon="-0.82909">
        <ele>107</ele>
        <time>2026-05-14T09:54:42+00:00</time>
      </trkpt>
      <trkpt lat="48.12432" lon="-0.8291">
        <ele>106</ele>
        <time>2026-05-14T09:54:43+00:00</time>
      </trkpt>
      <trkpt lat="48.12437" lon="-0.82891">
        <ele>104</ele>
        <time>2026-05-14T09:54:44+00:00</time>
      </trkpt>
      <trkpt lat="48.12429" lon="-0.82874">
        <ele>103</ele>
        <time>2026-05-14T09:54:45+00:00</time>
      </trkpt>
      <trkpt lat="48.12447" lon="-0.82856">
        <ele>101</ele>
        <time>2026-05-14T09:54:46+00:00</time>
      </trkpt>
      <trkpt lat="48.12472" lon="-0.8284">
        <ele>101</ele>
        <time>2026-05-14T09:54:47+00:00</time>
      </trkpt>
      <trkpt lat="48.12492" lon="-0.82835">
        <ele>101</ele>
        <time>2026-05-14T09:54:48+00:00</time>
      </trkpt>
      <trkpt lat="48.12501" lon="-0.82823">
        <ele>102</ele>
        <time>2026-05-14T09:54:49+00:00</time>
      </trkpt>
      <trkpt lat="48.12478" lon="-0.82703">
        <ele>106</ele>
        <time>2026-05-14T09:54:50+00:00</time>
      </trkpt>
      <trkpt lat="48.12415" lon="-0.82643">
        <ele>106</ele>
        <time>2026-05-14T09:54:51+00:00</time>
      </trkpt>
      <trkpt lat="48.12378" lon="-0.82526">
        <ele>111</ele>
        <time>2026-05-14T09:54:52+00:00</time>
      </trkpt>
      <trkpt lat="48.12371" lon="-0.82518">
        <ele>110</ele>
        <time>2026-05-14T09:54:53+00:00</time>
      </trkpt>
      <trkpt lat="48.12344" lon="-0.82521">
        <ele>106</ele>
        <time>2026-05-14T09:54:54+00:00</time>
      </trkpt>
      <trkpt lat="48.12338" lon="-0.82509">
        <ele>106</ele>
        <time>2026-05-14T09:54:55+00:00</time>
      </trkpt>
      <trkpt lat="48.1232" lon="-0.82432">
        <ele>110</ele>
        <time>2026-05-14T09:54:56+00:00</time>
      </trkpt>
      <trkpt lat="48.1232" lon="-0.82417">
        <ele>112</ele>
        <time>2026-05-14T09:54:57+00:00</time>
      </trkpt>
      <trkpt lat="48.12302" lon="-0.82343">
        <ele>111</ele>
        <time>2026-05-14T09:54:58+00:00</time>
      </trkpt>
      <trkpt lat="48.12294" lon="-0.82332">
        <ele>110</ele>
        <time>2026-05-14T09:54:59+00:00</time>
      </trkpt>
      <trkpt lat="48.12284" lon="-0.82324">
        <ele>109</ele>
        <time>2026-05-14T09:55:00+00:00</time>
      </trkpt>
      <trkpt lat="48.12261" lon="-0.8234">
        <ele>105</ele>
        <time>2026-05-14T09:55:01+00:00</time>
      </trkpt>
      <trkpt lat="48.12255" lon="-0.82346">
        <ele>104</ele>
        <time>2026-05-14T09:55:02+00:00</time>
      </trkpt>
      <trkpt lat="48.12251" lon="-0.82355">
        <ele>103</ele>
        <time>2026-05-14T09:55:03+00:00</time>
      </trkpt>
      <trkpt lat="48.12248" lon="-0.82356">
        <ele>102</ele>
        <time>2026-05-14T09:55:04+00:00</time>
      </trkpt>
      <trkpt lat="48.12237" lon="-0.82349">
        <ele>101</ele>
        <time>2026-05-14T09:55:05+00:00</time>
      </trkpt>
      <trkpt lat="48.12225" lon="-0.8233">
        <ele>100</ele>
        <time>2026-05-14T09:55:06+00:00</time>
      </trkpt>
      <trkpt lat="48.12217" lon="-0.82308">
        <ele>99</ele>
        <time>2026-05-14T09:55:07+00:00</time>
      </trkpt>
      <trkpt lat="48.12202" lon="-0.82282">
        <ele>97</ele>
        <time>2026-05-14T09:55:08+00:00</time>
      </trkpt>
      <trkpt lat="48.12198" lon="-0.8227">
        <ele>96</ele>
        <time>2026-05-14T09:55:09+00:00</time>
      </trkpt>
      <trkpt lat="48.12193" lon="-0.82242">
        <ele>96</ele>
        <time>2026-05-14T09:55:10+00:00</time>
      </trkpt>
      <trkpt lat="48.12192" lon="-0.82211">
        <ele>95</ele>
        <time>2026-05-14T09:55:11+00:00</time>
      </trkpt>
      <trkpt lat="48.12199" lon="-0.82162">
        <ele>96</ele>
        <time>2026-05-14T09:55:12+00:00</time>
      </trkpt>
      <trkpt lat="48.12208" lon="-0.82137">
        <ele>97</ele>
        <time>2026-05-14T09:55:13+00:00</time>
      </trkpt>
      <trkpt lat="48.12185" lon="-0.82143">
        <ele>94</ele>
        <time>2026-05-14T09:55:14+00:00</time>
      </trkpt>
      <trkpt lat="48.12178" lon="-0.8213">
        <ele>94</ele>
        <time>2026-05-14T09:55:15+00:00</time>
      </trkpt>
      <trkpt lat="48.12172" lon="-0.82103">
        <ele>93</ele>
        <time>2026-05-14T09:55:16+00:00</time>
      </trkpt>
      <trkpt lat="48.1217" lon="-0.82064">
        <ele>94</ele>
        <time>2026-05-14T09:55:17+00:00</time>
      </trkpt>
      <trkpt lat="48.12173" lon="-0.82035">
        <ele>95</ele>
        <time>2026-05-14T09:55:18+00:00</time>
      </trkpt>
      <trkpt lat="48.122" lon="-0.81907">
        <ele>98</ele>
        <time>2026-05-14T09:55:19+00:00</time>
      </trkpt>
      <trkpt lat="48.12196" lon="-0.81895">
        <ele>98</ele>
        <time>2026-05-14T09:55:20+00:00</time>
      </trkpt>
      <trkpt lat="48.12196" lon="-0.81866">
        <ele>98</ele>
        <time>2026-05-14T09:55:21+00:00</time>
      </trkpt>
      <trkpt lat="48.12203" lon="-0.81818">
        <ele>98</ele>
        <time>2026-05-14T09:55:22+00:00</time>
      </trkpt>
      <trkpt lat="48.12207" lon="-0.81727">
        <ele>95</ele>
        <time>2026-05-14T09:55:23+00:00</time>
      </trkpt>
      <trkpt lat="48.12204" lon="-0.81703">
        <ele>95</ele>
        <time>2026-05-14T09:55:24+00:00</time>
      </trkpt>
      <trkpt lat="48.12179" lon="-0.81697">
        <ele>93</ele>
        <time>2026-05-14T09:55:25+00:00</time>
      </trkpt>
      <trkpt lat="48.1216" lon="-0.81664">
        <ele>91</ele>
        <time>2026-05-14T09:55:26+00:00</time>
      </trkpt>
      <trkpt lat="48.12133" lon="-0.81629">
        <ele>93</ele>
        <time>2026-05-14T09:55:27+00:00</time>
      </trkpt>
      <trkpt lat="48.12123" lon="-0.81604">
        <ele>94</ele>
        <time>2026-05-14T09:55:28+00:00</time>
      </trkpt>
      <trkpt lat="48.12117" lon="-0.81579">
        <ele>94</ele>
        <time>2026-05-14T09:55:29+00:00</time>
      </trkpt>
      <trkpt lat="48.12116" lon="-0.81553">
        <ele>94</ele>
        <time>2026-05-14T09:55:30+00:00</time>
      </trkpt>
      <trkpt lat="48.12117" lon="-0.81506">
        <ele>95</ele>
        <time>2026-05-14T09:55:31+00:00</time>
      </trkpt>
      <trkpt lat="48.12119" lon="-0.81497">
        <ele>95</ele>
        <time>2026-05-14T09:55:32+00:00</time>
      </trkpt>
      <trkpt lat="48.12138" lon="-0.81504">
        <ele>95</ele>
        <time>2026-05-14T09:55:33+00:00</time>
      </trkpt>
      <trkpt lat="48.12156" lon="-0.81531">
        <ele>94</ele>
        <time>2026-05-14T09:55:34+00:00</time>
      </trkpt>
      <trkpt lat="48.12202" lon="-0.81581">
        <ele>98</ele>
        <time>2026-05-14T09:55:35+00:00</time>
      </trkpt>
      <trkpt lat="48.12263" lon="-0.81613">
        <ele>105</ele>
        <time>2026-05-14T09:55:36+00:00</time>
      </trkpt>
      <trkpt lat="48.12293" lon="-0.81646">
        <ele>107</ele>
        <time>2026-05-14T09:55:37+00:00</time>
      </trkpt>
      <trkpt lat="48.12319" lon="-0.81669">
        <ele>109</ele>
        <time>2026-05-14T09:55:38+00:00</time>
      </trkpt>
      <trkpt lat="48.12363" lon="-0.81697">
        <ele>114</ele>
        <time>2026-05-14T09:55:39+00:00</time>
      </trkpt>
      <trkpt lat="48.12384" lon="-0.81699">
        <ele>115</ele>
        <time>2026-05-14T09:55:40+00:00</time>
      </trkpt>
      <trkpt lat="48.12441" lon="-0.81686">
        <ele>119</ele>
        <time>2026-05-14T09:55:41+00:00</time>
      </trkpt>
      <trkpt lat="48.12495" lon="-0.81667">
        <ele>120</ele>
        <time>2026-05-14T09:55:42+00:00</time>
      </trkpt>
      <trkpt lat="48.12611" lon="-0.81639">
        <ele>121</ele>
        <time>2026-05-14T09:55:43+00:00</time>
      </trkpt>
      <trkpt lat="48.12627" lon="-0.81642">
        <ele>121</ele>
        <time>2026-05-14T09:55:44+00:00</time>
      </trkpt>
      <trkpt lat="48.12684" lon="-0.81672">
        <ele>121</ele>
        <time>2026-05-14T09:55:45+00:00</time>
      </trkpt>
      <trkpt lat="48.12769" lon="-0.81684">
        <ele>120</ele>
        <time>2026-05-14T09:55:46+00:00</time>
      </trkpt>
      <trkpt lat="48.12737" lon="-0.8134">
        <ele>112</ele>
        <time>2026-05-14T09:55:47+00:00</time>
      </trkpt>
      <trkpt lat="48.12714" lon="-0.81246">
        <ele>110</ele>
        <time>2026-05-14T09:55:48+00:00</time>
      </trkpt>
      <trkpt lat="48.12709" lon="-0.81159">
        <ele>107</ele>
        <time>2026-05-14T09:55:49+00:00</time>
      </trkpt>
      <trkpt lat="48.12724" lon="-0.81028">
        <ele>103</ele>
        <time>2026-05-14T09:55:50+00:00</time>
      </trkpt>
      <trkpt lat="48.12742" lon="-0.80925">
        <ele>99</ele>
        <time>2026-05-14T09:55:51+00:00</time>
      </trkpt>
      <trkpt lat="48.12766" lon="-0.80698">
        <ele>94</ele>
        <time>2026-05-14T09:55:52+00:00</time>
      </trkpt>
      <trkpt lat="48.12808" lon="-0.80534">
        <ele>92</ele>
        <time>2026-05-14T09:55:53+00:00</time>
      </trkpt>
      <trkpt lat="48.12809" lon="-0.80517">
        <ele>92</ele>
        <time>2026-05-14T09:55:54+00:00</time>
      </trkpt>
      <trkpt lat="48.12902" lon="-0.80493">
        <ele>96</ele>
        <time>2026-05-14T09:55:55+00:00</time>
      </trkpt>
      <trkpt lat="48.13184" lon="-0.80428">
        <ele>91</ele>
        <time>2026-05-14T09:55:56+00:00</time>
      </trkpt>
      <trkpt lat="48.13223" lon="-0.80406">
        <ele>89</ele>
        <time>2026-05-14T09:55:57+00:00</time>
      </trkpt>
      <trkpt lat="48.13489" lon="-0.8">
        <ele>78</ele>
        <time>2026-05-14T09:55:58+00:00</time>
      </trkpt>
      <trkpt lat="48.13511" lon="-0.79976">
        <ele>79</ele>
        <time>2026-05-14T09:55:59+00:00</time>
      </trkpt>
      <trkpt lat="48.135" lon="-0.79785">
        <ele>78</ele>
        <time>2026-05-14T09:56:00+00:00</time>
      </trkpt>
      <trkpt lat="48.13495" lon="-0.79782">
        <ele>78</ele>
        <time>2026-05-14T09:56:01+00:00</time>
      </trkpt>
      <trkpt lat="48.13471" lon="-0.79782">
        <ele>77</ele>
        <time>2026-05-14T09:56:02+00:00</time>
      </trkpt>
      <trkpt lat="48.13445" lon="-0.79784">
        <ele>77</ele>
        <time>2026-05-14T09:56:03+00:00</time>
      </trkpt>
      <trkpt lat="48.13418" lon="-0.79791">
        <ele>76</ele>
        <time>2026-05-14T09:56:04+00:00</time>
      </trkpt>
      <trkpt lat="48.13402" lon="-0.79791">
        <ele>76</ele>
        <time>2026-05-14T09:56:05+00:00</time>
      </trkpt>
      <trkpt lat="48.13396" lon="-0.79783">
        <ele>76</ele>
        <time>2026-05-14T09:56:06+00:00</time>
      </trkpt>
      <trkpt lat="48.13402" lon="-0.79765">
        <ele>76</ele>
        <time>2026-05-14T09:56:07+00:00</time>
      </trkpt>
      <trkpt lat="48.1341" lon="-0.79752">
        <ele>77</ele>
        <time>2026-05-14T09:56:08+00:00</time>
      </trkpt>
      <trkpt lat="48.13407" lon="-0.79743">
        <ele>77</ele>
        <time>2026-05-14T09:56:09+00:00</time>
      </trkpt>
      <trkpt lat="48.13396" lon="-0.79737">
        <ele>77</ele>
        <time>2026-05-14T09:56:10+00:00</time>
      </trkpt>
      <trkpt lat="48.13387" lon="-0.79728">
        <ele>77</ele>
        <time>2026-05-14T09:56:11+00:00</time>
      </trkpt>
      <trkpt lat="48.13381" lon="-0.79709">
        <ele>77</ele>
        <time>2026-05-14T09:56:12+00:00</time>
      </trkpt>
      <trkpt lat="48.13366" lon="-0.79683">
        <ele>77</ele>
        <time>2026-05-14T09:56:13+00:00</time>
      </trkpt>
      <trkpt lat="48.13366" lon="-0.79668">
        <ele>77</ele>
        <time>2026-05-14T09:56:14+00:00</time>
      </trkpt>
      <trkpt lat="48.13377" lon="-0.79656">
        <ele>77</ele>
        <time>2026-05-14T09:56:15+00:00</time>
      </trkpt>
      <trkpt lat="48.13378" lon="-0.79643">
        <ele>77</ele>
        <time>2026-05-14T09:56:16+00:00</time>
      </trkpt>
      <trkpt lat="48.13373" lon="-0.79626">
        <ele>77</ele>
        <time>2026-05-14T09:56:17+00:00</time>
      </trkpt>
      <trkpt lat="48.13363" lon="-0.79614">
        <ele>77</ele>
        <time>2026-05-14T09:56:18+00:00</time>
      </trkpt>
      <trkpt lat="48.13357" lon="-0.79565">
        <ele>76</ele>
        <time>2026-05-14T09:56:19+00:00</time>
      </trkpt>
      <trkpt lat="48.13371" lon="-0.79557">
        <ele>76</ele>
        <time>2026-05-14T09:56:20+00:00</time>
      </trkpt>
      <trkpt lat="48.13384" lon="-0.79567">
        <ele>76</ele>
        <time>2026-05-14T09:56:21+00:00</time>
      </trkpt>
      <trkpt lat="48.13398" lon="-0.79558">
        <ele>75</ele>
        <time>2026-05-14T09:56:22+00:00</time>
      </trkpt>
      <trkpt lat="48.13381" lon="-0.79537">
        <ele>76</ele>
        <time>2026-05-14T09:56:23+00:00</time>
      </trkpt>
      <trkpt lat="48.13384" lon="-0.79521">
        <ele>76</ele>
        <time>2026-05-14T09:56:24+00:00</time>
      </trkpt>
      <trkpt lat="48.13383" lon="-0.79503">
        <ele>76</ele>
        <time>2026-05-14T09:56:25+00:00</time>
      </trkpt>
      <trkpt lat="48.13394" lon="-0.7949">
        <ele>76</ele>
        <time>2026-05-14T09:56:26+00:00</time>
      </trkpt>
      <trkpt lat="48.13376" lon="-0.79483">
        <ele>76</ele>
        <time>2026-05-14T09:56:27+00:00</time>
      </trkpt>
      <trkpt lat="48.13375" lon="-0.79471">
        <ele>76</ele>
        <time>2026-05-14T09:56:28+00:00</time>
      </trkpt>
      <trkpt lat="48.13357" lon="-0.79448">
        <ele>76</ele>
        <time>2026-05-14T09:56:29+00:00</time>
      </trkpt>
      <trkpt lat="48.13357" lon="-0.7944">
        <ele>76</ele>
        <time>2026-05-14T09:56:30+00:00</time>
      </trkpt>
      <trkpt lat="48.13381" lon="-0.79425">
        <ele>76</ele>
        <time>2026-05-14T09:56:31+00:00</time>
      </trkpt>
      <trkpt lat="48.13383" lon="-0.79409">
        <ele>76</ele>
        <time>2026-05-14T09:56:32+00:00</time>
      </trkpt>
      <trkpt lat="48.13373" lon="-0.79393">
        <ele>76</ele>
        <time>2026-05-14T09:56:33+00:00</time>
      </trkpt>
      <trkpt lat="48.13358" lon="-0.7939">
        <ele>76</ele>
        <time>2026-05-14T09:56:34+00:00</time>
      </trkpt>
      <trkpt lat="48.13351" lon="-0.79383">
        <ele>76</ele>
        <time>2026-05-14T09:56:35+00:00</time>
      </trkpt>
      <trkpt lat="48.13357" lon="-0.79365">
        <ele>75</ele>
        <time>2026-05-14T09:56:36+00:00</time>
      </trkpt>
      <trkpt lat="48.13358" lon="-0.7935">
        <ele>75</ele>
        <time>2026-05-14T09:56:37+00:00</time>
      </trkpt>
      <trkpt lat="48.1337" lon="-0.79317">
        <ele>74</ele>
        <time>2026-05-14T09:56:38+00:00</time>
      </trkpt>
      <trkpt lat="48.13364" lon="-0.7928">
        <ele>73</ele>
        <time>2026-05-14T09:56:39+00:00</time>
      </trkpt>
      <trkpt lat="48.13359" lon="-0.79268">
        <ele>73</ele>
        <time>2026-05-14T09:56:40+00:00</time>
      </trkpt>
      <trkpt lat="48.13429" lon="-0.79242">
        <ele>75</ele>
        <time>2026-05-14T09:56:41+00:00</time>
      </trkpt>
      <trkpt lat="48.13461" lon="-0.79242">
        <ele>77</ele>
        <time>2026-05-14T09:56:42+00:00</time>
      </trkpt>
      <trkpt lat="48.13485" lon="-0.79238">
        <ele>78</ele>
        <time>2026-05-14T09:56:43+00:00</time>
      </trkpt>
      <trkpt lat="48.13529" lon="-0.79244">
        <ele>81</ele>
        <time>2026-05-14T09:56:44+00:00</time>
      </trkpt>
      <trkpt lat="48.13555" lon="-0.79244">
        <ele>83</ele>
        <time>2026-05-14T09:56:45+00:00</time>
      </trkpt>
      <trkpt lat="48.13608" lon="-0.79225">
        <ele>88</ele>
        <time>2026-05-14T09:56:46+00:00</time>
      </trkpt>
      <trkpt lat="48.13631" lon="-0.79207">
        <ele>90</ele>
        <time>2026-05-14T09:56:47+00:00</time>
      </trkpt>
      <trkpt lat="48.1363" lon="-0.79195">
        <ele>90</ele>
        <time>2026-05-14T09:56:48+00:00</time>
      </trkpt>
      <trkpt lat="48.13668" lon="-0.79168">
        <ele>93</ele>
        <time>2026-05-14T09:56:49+00:00</time>
      </trkpt>
      <trkpt lat="48.13696" lon="-0.79142">
        <ele>97</ele>
        <time>2026-05-14T09:56:50+00:00</time>
      </trkpt>
      <trkpt lat="48.137" lon="-0.79125">
        <ele>98</ele>
        <time>2026-05-14T09:56:51+00:00</time>
      </trkpt>
      <trkpt lat="48.13668" lon="-0.7908">
        <ele>96</ele>
        <time>2026-05-14T09:56:52+00:00</time>
      </trkpt>
      <trkpt lat="48.13662" lon="-0.7906">
        <ele>97</ele>
        <time>2026-05-14T09:56:53+00:00</time>
      </trkpt>
      <trkpt lat="48.13648" lon="-0.79028">
        <ele>97</ele>
        <time>2026-05-14T09:56:54+00:00</time>
      </trkpt>
      <trkpt lat="48.13637" lon="-0.78994">
        <ele>97</ele>
        <time>2026-05-14T09:56:55+00:00</time>
      </trkpt>
      <trkpt lat="48.13629" lon="-0.78959">
        <ele>98</ele>
        <time>2026-05-14T09:56:56+00:00</time>
      </trkpt>
      <trkpt lat="48.13622" lon="-0.78906">
        <ele>100</ele>
        <time>2026-05-14T09:56:57+00:00</time>
      </trkpt>
      <trkpt lat="48.13634" lon="-0.78883">
        <ele>101</ele>
        <time>2026-05-14T09:56:58+00:00</time>
      </trkpt>
      <trkpt lat="48.13653" lon="-0.78862">
        <ele>104</ele>
        <time>2026-05-14T09:56:59+00:00</time>
      </trkpt>
      <trkpt lat="48.13652" lon="-0.78847">
        <ele>104</ele>
        <time>2026-05-14T09:57:00+00:00</time>
      </trkpt>
      <trkpt lat="48.13664" lon="-0.788">
        <ele>105</ele>
        <time>2026-05-14T09:57:01+00:00</time>
      </trkpt>
      <trkpt lat="48.13666" lon="-0.7876">
        <ele>105</ele>
        <time>2026-05-14T09:57:02+00:00</time>
      </trkpt>
      <trkpt lat="48.13664" lon="-0.78731">
        <ele>103</ele>
        <time>2026-05-14T09:57:03+00:00</time>
      </trkpt>
      <trkpt lat="48.13668" lon="-0.78627">
        <ele>99</ele>
        <time>2026-05-14T09:57:04+00:00</time>
      </trkpt>
      <trkpt lat="48.13666" lon="-0.78599">
        <ele>98</ele>
        <time>2026-05-14T09:57:05+00:00</time>
      </trkpt>
      <trkpt lat="48.13646" lon="-0.78531">
        <ele>95</ele>
        <time>2026-05-14T09:57:06+00:00</time>
      </trkpt>
      <trkpt lat="48.13639" lon="-0.78484">
        <ele>94</ele>
        <time>2026-05-14T09:57:07+00:00</time>
      </trkpt>
      <trkpt lat="48.1363" lon="-0.78444">
        <ele>92</ele>
        <time>2026-05-14T09:57:08+00:00</time>
      </trkpt>
      <trkpt lat="48.1362" lon="-0.78365">
        <ele>89</ele>
        <time>2026-05-14T09:57:09+00:00</time>
      </trkpt>
      <trkpt lat="48.13608" lon="-0.78307">
        <ele>86</ele>
        <time>2026-05-14T09:57:10+00:00</time>
      </trkpt>
      <trkpt lat="48.13596" lon="-0.78206">
        <ele>83</ele>
        <time>2026-05-14T09:57:11+00:00</time>
      </trkpt>
      <trkpt lat="48.13561" lon="-0.78087">
        <ele>79</ele>
        <time>2026-05-14T09:57:12+00:00</time>
      </trkpt>
      <trkpt lat="48.13561" lon="-0.78013">
        <ele>74</ele>
        <time>2026-05-14T09:57:13+00:00</time>
      </trkpt>
      <trkpt lat="48.13558" lon="-0.77971">
        <ele>73</ele>
        <time>2026-05-14T09:57:14+00:00</time>
      </trkpt>
      <trkpt lat="48.13552" lon="-0.77934">
        <ele>73</ele>
        <time>2026-05-14T09:57:15+00:00</time>
      </trkpt>
      <trkpt lat="48.13552" lon="-0.77907">
        <ele>71</ele>
        <time>2026-05-14T09:57:16+00:00</time>
      </trkpt>
      <trkpt lat="48.13556" lon="-0.77902">
        <ele>70</ele>
        <time>2026-05-14T09:57:17+00:00</time>
      </trkpt>
      <trkpt lat="48.13568" lon="-0.77934">
        <ele>68</ele>
        <time>2026-05-14T09:57:18+00:00</time>
      </trkpt>
      <trkpt lat="48.13617" lon="-0.78133">
        <ele>73</ele>
        <time>2026-05-14T09:57:19+00:00</time>
      </trkpt>
      <trkpt lat="48.13654" lon="-0.78251">
        <ele>76</ele>
        <time>2026-05-14T09:57:20+00:00</time>
      </trkpt>
      <trkpt lat="48.13703" lon="-0.78319">
        <ele>76</ele>
        <time>2026-05-14T09:57:21+00:00</time>
      </trkpt>
      <trkpt lat="48.13756" lon="-0.78383">
        <ele>77</ele>
        <time>2026-05-14T09:57:22+00:00</time>
      </trkpt>
      <trkpt lat="48.13805" lon="-0.78435">
        <ele>78</ele>
        <time>2026-05-14T09:57:23+00:00</time>
      </trkpt>
      <trkpt lat="48.13877" lon="-0.78494">
        <ele>79</ele>
        <time>2026-05-14T09:57:24+00:00</time>
      </trkpt>
      <trkpt lat="48.13902" lon="-0.78509">
        <ele>78</ele>
        <time>2026-05-14T09:57:25+00:00</time>
      </trkpt>
      <trkpt lat="48.14024" lon="-0.78526">
        <ele>70</ele>
        <time>2026-05-14T09:57:26+00:00</time>
      </trkpt>
      <trkpt lat="48.14046" lon="-0.78547">
        <ele>74</ele>
        <time>2026-05-14T09:57:27+00:00</time>
      </trkpt>
      <trkpt lat="48.14081" lon="-0.78589">
        <ele>83</ele>
        <time>2026-05-14T09:57:28+00:00</time>
      </trkpt>
      <trkpt lat="48.14118" lon="-0.78624">
        <ele>86</ele>
        <time>2026-05-14T09:57:29+00:00</time>
      </trkpt>
      <trkpt lat="48.14174" lon="-0.78632">
        <ele>77</ele>
        <time>2026-05-14T09:57:30+00:00</time>
      </trkpt>
      <trkpt lat="48.14215" lon="-0.78616">
        <ele>72</ele>
        <time>2026-05-14T09:57:31+00:00</time>
      </trkpt>
      <trkpt lat="48.14213" lon="-0.78742">
        <ele>82</ele>
        <time>2026-05-14T09:57:32+00:00</time>
      </trkpt>
      <trkpt lat="48.14221" lon="-0.7885">
        <ele>84</ele>
        <time>2026-05-14T09:57:33+00:00</time>
      </trkpt>
      <trkpt lat="48.14228" lon="-0.78901">
        <ele>86</ele>
        <time>2026-05-14T09:57:34+00:00</time>
      </trkpt>
      <trkpt lat="48.14241" lon="-0.78939">
        <ele>87</ele>
        <time>2026-05-14T09:57:35+00:00</time>
      </trkpt>
      <trkpt lat="48.1426" lon="-0.79045">
        <ele>94</ele>
        <time>2026-05-14T09:57:36+00:00</time>
      </trkpt>
      <trkpt lat="48.14259" lon="-0.79064">
        <ele>96</ele>
        <time>2026-05-14T09:57:37+00:00</time>
      </trkpt>
      <trkpt lat="48.14271" lon="-0.79141">
        <ele>102</ele>
        <time>2026-05-14T09:57:38+00:00</time>
      </trkpt>
      <trkpt lat="48.14278" lon="-0.79168">
        <ele>105</ele>
        <time>2026-05-14T09:57:39+00:00</time>
      </trkpt>
      <trkpt lat="48.1429" lon="-0.792">
        <ele>106</ele>
        <time>2026-05-14T09:57:40+00:00</time>
      </trkpt>
      <trkpt lat="48.14318" lon="-0.79216">
        <ele>110</ele>
        <time>2026-05-14T09:57:41+00:00</time>
      </trkpt>
      <trkpt lat="48.14339" lon="-0.79243">
        <ele>112</ele>
        <time>2026-05-14T09:57:42+00:00</time>
      </trkpt>
      <trkpt lat="48.14346" lon="-0.79265">
        <ele>113</ele>
        <time>2026-05-14T09:57:43+00:00</time>
      </trkpt>
      <trkpt lat="48.14351" lon="-0.79292">
        <ele>114</ele>
        <time>2026-05-14T09:57:44+00:00</time>
      </trkpt>
      <trkpt lat="48.14379" lon="-0.79365">
        <ele>117</ele>
        <time>2026-05-14T09:57:45+00:00</time>
      </trkpt>
      <trkpt lat="48.14402" lon="-0.79412">
        <ele>119</ele>
        <time>2026-05-14T09:57:46+00:00</time>
      </trkpt>
      <trkpt lat="48.14411" lon="-0.79396">
        <ele>120</ele>
        <time>2026-05-14T09:57:47+00:00</time>
      </trkpt>
      <trkpt lat="48.14433" lon="-0.79293">
        <ele>120</ele>
        <time>2026-05-14T09:57:48+00:00</time>
      </trkpt>
      <trkpt lat="48.14448" lon="-0.79254">
        <ele>120</ele>
        <time>2026-05-14T09:57:49+00:00</time>
      </trkpt>
      <trkpt lat="48.14486" lon="-0.79188">
        <ele>116</ele>
        <time>2026-05-14T09:57:50+00:00</time>
      </trkpt>
      <trkpt lat="48.14493" lon="-0.79165">
        <ele>115</ele>
        <time>2026-05-14T09:57:51+00:00</time>
      </trkpt>
      <trkpt lat="48.14495" lon="-0.79147">
        <ele>115</ele>
        <time>2026-05-14T09:57:52+00:00</time>
      </trkpt>
      <trkpt lat="48.14492" lon="-0.79063">
        <ele>115</ele>
        <time>2026-05-14T09:57:53+00:00</time>
      </trkpt>
      <trkpt lat="48.14481" lon="-0.78882">
        <ele>113</ele>
        <time>2026-05-14T09:57:54+00:00</time>
      </trkpt>
      <trkpt lat="48.14484" lon="-0.78807">
        <ele>114</ele>
        <time>2026-05-14T09:57:55+00:00</time>
      </trkpt>
      <trkpt lat="48.14497" lon="-0.78748">
        <ele>117</ele>
        <time>2026-05-14T09:57:56+00:00</time>
      </trkpt>
      <trkpt lat="48.14569" lon="-0.78469">
        <ele>122</ele>
        <time>2026-05-14T09:57:57+00:00</time>
      </trkpt>
      <trkpt lat="48.14664" lon="-0.78073">
        <ele>100</ele>
        <time>2026-05-14T09:57:58+00:00</time>
      </trkpt>
      <trkpt lat="48.14672" lon="-0.77957">
        <ele>98</ele>
        <time>2026-05-14T09:57:59+00:00</time>
      </trkpt>
      <trkpt lat="48.14685" lon="-0.77956">
        <ele>98</ele>
        <time>2026-05-14T09:58:00+00:00</time>
      </trkpt>
      <trkpt lat="48.14731" lon="-0.77939">
        <ele>99</ele>
        <time>2026-05-14T09:58:01+00:00</time>
      </trkpt>
      <trkpt lat="48.14789" lon="-0.77906">
        <ele>98</ele>
        <time>2026-05-14T09:58:02+00:00</time>
      </trkpt>
      <trkpt lat="48.14809" lon="-0.7791">
        <ele>97</ele>
        <time>2026-05-14T09:58:03+00:00</time>
      </trkpt>
      <trkpt lat="48.14843" lon="-0.77924">
        <ele>93</ele>
        <time>2026-05-14T09:58:04+00:00</time>
      </trkpt>
      <trkpt lat="48.14852" lon="-0.7792">
        <ele>91</ele>
        <time>2026-05-14T09:58:05+00:00</time>
      </trkpt>
      <trkpt lat="48.14859" lon="-0.77909">
        <ele>90</ele>
        <time>2026-05-14T09:58:06+00:00</time>
      </trkpt>
      <trkpt lat="48.14881" lon="-0.77844">
        <ele>87</ele>
        <time>2026-05-14T09:58:07+00:00</time>
      </trkpt>
      <trkpt lat="48.1491" lon="-0.77811">
        <ele>83</ele>
        <time>2026-05-14T09:58:08+00:00</time>
      </trkpt>
      <trkpt lat="48.14917" lon="-0.77792">
        <ele>82</ele>
        <time>2026-05-14T09:58:09+00:00</time>
      </trkpt>
      <trkpt lat="48.14919" lon="-0.77771">
        <ele>82</ele>
        <time>2026-05-14T09:58:10+00:00</time>
      </trkpt>
      <trkpt lat="48.1493" lon="-0.77743">
        <ele>81</ele>
        <time>2026-05-14T09:58:11+00:00</time>
      </trkpt>
      <trkpt lat="48.14936" lon="-0.77739">
        <ele>80</ele>
        <time>2026-05-14T09:58:12+00:00</time>
      </trkpt>
      <trkpt lat="48.14958" lon="-0.77743">
        <ele>78</ele>
        <time>2026-05-14T09:58:13+00:00</time>
      </trkpt>
      <trkpt lat="48.15028" lon="-0.77747">
        <ele>76</ele>
        <time>2026-05-14T09:58:14+00:00</time>
      </trkpt>
      <trkpt lat="48.15039" lon="-0.77739">
        <ele>77</ele>
        <time>2026-05-14T09:58:15+00:00</time>
      </trkpt>
      <trkpt lat="48.15047" lon="-0.77724">
        <ele>78</ele>
        <time>2026-05-14T09:58:16+00:00</time>
      </trkpt>
      <trkpt lat="48.15052" lon="-0.77708">
        <ele>78</ele>
        <time>2026-05-14T09:58:17+00:00</time>
      </trkpt>
      <trkpt lat="48.15092" lon="-0.77512">
        <ele>85</ele>
        <time>2026-05-14T09:58:18+00:00</time>
      </trkpt>
      <trkpt lat="48.15097" lon="-0.77438">
        <ele>84</ele>
        <time>2026-05-14T09:58:19+00:00</time>
      </trkpt>
      <trkpt lat="48.1511" lon="-0.77417">
        <ele>86</ele>
        <time>2026-05-14T09:58:20+00:00</time>
      </trkpt>
      <trkpt lat="48.15128" lon="-0.77415">
        <ele>88</ele>
        <time>2026-05-14T09:58:21+00:00</time>
      </trkpt>
      <trkpt lat="48.15146" lon="-0.77428">
        <ele>91</ele>
        <time>2026-05-14T09:58:22+00:00</time>
      </trkpt>
      <trkpt lat="48.15155" lon="-0.77494">
        <ele>94</ele>
        <time>2026-05-14T09:58:23+00:00</time>
      </trkpt>
      <trkpt lat="48.15201" lon="-0.77654">
        <ele>99</ele>
        <time>2026-05-14T09:58:24+00:00</time>
      </trkpt>
      <trkpt lat="48.15213" lon="-0.77678">
        <ele>99</ele>
        <time>2026-05-14T09:58:25+00:00</time>
      </trkpt>
      <trkpt lat="48.15235" lon="-0.77691">
        <ele>101</ele>
        <time>2026-05-14T09:58:26+00:00</time>
      </trkpt>
      <trkpt lat="48.15305" lon="-0.77679">
        <ele>103</ele>
        <time>2026-05-14T09:58:27+00:00</time>
      </trkpt>
      <trkpt lat="48.15467" lon="-0.77684">
        <ele>105</ele>
        <time>2026-05-14T09:58:28+00:00</time>
      </trkpt>
      <trkpt lat="48.15544" lon="-0.77696">
        <ele>105</ele>
        <time>2026-05-14T09:58:29+00:00</time>
      </trkpt>
      <trkpt lat="48.15574" lon="-0.77698">
        <ele>104</ele>
        <time>2026-05-14T09:58:30+00:00</time>
      </trkpt>
      <trkpt lat="48.15627" lon="-0.77714">
        <ele>104</ele>
        <time>2026-05-14T09:58:31+00:00</time>
      </trkpt>
      <trkpt lat="48.15655" lon="-0.77731">
        <ele>104</ele>
        <time>2026-05-14T09:58:32+00:00</time>
      </trkpt>
      <trkpt lat="48.15741" lon="-0.77764">
        <ele>108</ele>
        <time>2026-05-14T09:58:33+00:00</time>
      </trkpt>
      <trkpt lat="48.15813" lon="-0.77777">
        <ele>110</ele>
        <time>2026-05-14T09:58:34+00:00</time>
      </trkpt>
      <trkpt lat="48.15867" lon="-0.77768">
        <ele>110</ele>
        <time>2026-05-14T09:58:35+00:00</time>
      </trkpt>
      <trkpt lat="48.15916" lon="-0.77769">
        <ele>110</ele>
        <time>2026-05-14T09:58:36+00:00</time>
      </trkpt>
      <trkpt lat="48.1596" lon="-0.77781">
        <ele>111</ele>
        <time>2026-05-14T09:58:37+00:00</time>
      </trkpt>
      <trkpt lat="48.16049" lon="-0.77845">
        <ele>115</ele>
        <time>2026-05-14T09:58:38+00:00</time>
      </trkpt>
      <trkpt lat="48.16081" lon="-0.77892">
        <ele>117</ele>
        <time>2026-05-14T09:58:39+00:00</time>
      </trkpt>
      <trkpt lat="48.16099" lon="-0.77941">
        <ele>118</ele>
        <time>2026-05-14T09:58:40+00:00</time>
      </trkpt>
      <trkpt lat="48.161" lon="-0.77999">
        <ele>119</ele>
        <time>2026-05-14T09:58:41+00:00</time>
      </trkpt>
      <trkpt lat="48.16157" lon="-0.78169">
        <ele>122</ele>
        <time>2026-05-14T09:58:42+00:00</time>
      </trkpt>
      <trkpt lat="48.16193" lon="-0.78259">
        <ele>122</ele>
        <time>2026-05-14T09:58:43+00:00</time>
      </trkpt>
      <trkpt lat="48.16232" lon="-0.78421">
        <ele>119</ele>
        <time>2026-05-14T09:58:44+00:00</time>
      </trkpt>
      <trkpt lat="48.16244" lon="-0.78437">
        <ele>119</ele>
        <time>2026-05-14T09:58:45+00:00</time>
      </trkpt>
      <trkpt lat="48.16268" lon="-0.78496">
        <ele>118</ele>
        <time>2026-05-14T09:58:46+00:00</time>
      </trkpt>
      <trkpt lat="48.16279" lon="-0.78534">
        <ele>117</ele>
        <time>2026-05-14T09:58:47+00:00</time>
      </trkpt>
      <trkpt lat="48.16342" lon="-0.785">
        <ele>118</ele>
        <time>2026-05-14T09:58:48+00:00</time>
      </trkpt>
      <trkpt lat="48.16407" lon="-0.78474">
        <ele>121</ele>
        <time>2026-05-14T09:58:49+00:00</time>
      </trkpt>
      <trkpt lat="48.16524" lon="-0.78433">
        <ele>125</ele>
        <time>2026-05-14T09:58:50+00:00</time>
      </trkpt>
      <trkpt lat="48.16501" lon="-0.78388">
        <ele>127</ele>
        <time>2026-05-14T09:58:51+00:00</time>
      </trkpt>
      <trkpt lat="48.16465" lon="-0.78294">
        <ele>127</ele>
        <time>2026-05-14T09:58:52+00:00</time>
      </trkpt>
      <trkpt lat="48.16459" lon="-0.78267">
        <ele>127</ele>
        <time>2026-05-14T09:58:53+00:00</time>
      </trkpt>
      <trkpt lat="48.16449" lon="-0.78177">
        <ele>127</ele>
        <time>2026-05-14T09:58:54+00:00</time>
      </trkpt>
      <trkpt lat="48.16426" lon="-0.78047">
        <ele>125</ele>
        <time>2026-05-14T09:58:55+00:00</time>
      </trkpt>
      <trkpt lat="48.1637" lon="-0.77899">
        <ele>126</ele>
        <time>2026-05-14T09:58:56+00:00</time>
      </trkpt>
      <trkpt lat="48.1632" lon="-0.77777">
        <ele>129</ele>
        <time>2026-05-14T09:58:57+00:00</time>
      </trkpt>
      <trkpt lat="48.16259" lon="-0.77644">
        <ele>127</ele>
        <time>2026-05-14T09:58:58+00:00</time>
      </trkpt>
      <trkpt lat="48.1617" lon="-0.77432">
        <ele>122</ele>
        <time>2026-05-14T09:58:59+00:00</time>
      </trkpt>
      <trkpt lat="48.16151" lon="-0.77397">
        <ele>119</ele>
        <time>2026-05-14T09:59:00+00:00</time>
      </trkpt>
      <trkpt lat="48.16072" lon="-0.77315">
        <ele>114</ele>
        <time>2026-05-14T09:59:01+00:00</time>
      </trkpt>
      <trkpt lat="48.16053" lon="-0.77307">
        <ele>113</ele>
        <time>2026-05-14T09:59:02+00:00</time>
      </trkpt>
      <trkpt lat="48.16047" lon="-0.77298">
        <ele>113</ele>
        <time>2026-05-14T09:59:03+00:00</time>
      </trkpt>
      <trkpt lat="48.16033" lon="-0.77264">
        <ele>112</ele>
        <time>2026-05-14T09:59:04+00:00</time>
      </trkpt>
      <trkpt lat="48.16082" lon="-0.77214">
        <ele>110</ele>
        <time>2026-05-14T09:59:05+00:00</time>
      </trkpt>
      <trkpt lat="48.16102" lon="-0.77205">
        <ele>108</ele>
        <time>2026-05-14T09:59:06+00:00</time>
      </trkpt>
      <trkpt lat="48.16119" lon="-0.77206">
        <ele>106</ele>
        <time>2026-05-14T09:59:07+00:00</time>
      </trkpt>
      <trkpt lat="48.16135" lon="-0.77218">
        <ele>106</ele>
        <time>2026-05-14T09:59:08+00:00</time>
      </trkpt>
      <trkpt lat="48.16143" lon="-0.77228">
        <ele>105</ele>
        <time>2026-05-14T09:59:09+00:00</time>
      </trkpt>
      <trkpt lat="48.16173" lon="-0.773">
        <ele>108</ele>
        <time>2026-05-14T09:59:10+00:00</time>
      </trkpt>
      <trkpt lat="48.16199" lon="-0.7733">
        <ele>107</ele>
        <time>2026-05-14T09:59:11+00:00</time>
      </trkpt>
      <trkpt lat="48.16223" lon="-0.77346">
        <ele>105</ele>
        <time>2026-05-14T09:59:12+00:00</time>
      </trkpt>
      <trkpt lat="48.16266" lon="-0.77352">
        <ele>100</ele>
        <time>2026-05-14T09:59:13+00:00</time>
      </trkpt>
      <trkpt lat="48.16417" lon="-0.77396">
        <ele>89</ele>
        <time>2026-05-14T09:59:14+00:00</time>
      </trkpt>
      <trkpt lat="48.16457" lon="-0.77394">
        <ele>85</ele>
        <time>2026-05-14T09:59:15+00:00</time>
      </trkpt>
      <trkpt lat="48.16509" lon="-0.77404">
        <ele>81</ele>
        <time>2026-05-14T09:59:16+00:00</time>
      </trkpt>
      <trkpt lat="48.16527" lon="-0.77425">
        <ele>81</ele>
        <time>2026-05-14T09:59:17+00:00</time>
      </trkpt>
      <trkpt lat="48.16626" lon="-0.77572">
        <ele>78</ele>
        <time>2026-05-14T09:59:18+00:00</time>
      </trkpt>
      <trkpt lat="48.16647" lon="-0.77594">
        <ele>76</ele>
        <time>2026-05-14T09:59:19+00:00</time>
      </trkpt>
      <trkpt lat="48.16664" lon="-0.77603">
        <ele>75</ele>
        <time>2026-05-14T09:59:20+00:00</time>
      </trkpt>
      <trkpt lat="48.16685" lon="-0.77603">
        <ele>73</ele>
        <time>2026-05-14T09:59:21+00:00</time>
      </trkpt>
      <trkpt lat="48.16715" lon="-0.77592">
        <ele>70</ele>
        <time>2026-05-14T09:59:22+00:00</time>
      </trkpt>
      <trkpt lat="48.16754" lon="-0.77593">
        <ele>66</ele>
        <time>2026-05-14T09:59:23+00:00</time>
      </trkpt>
      <trkpt lat="48.16826" lon="-0.77606">
        <ele>67</ele>
        <time>2026-05-14T09:59:24+00:00</time>
      </trkpt>
      <trkpt lat="48.16848" lon="-0.77604">
        <ele>68</ele>
        <time>2026-05-14T09:59:25+00:00</time>
      </trkpt>
      <trkpt lat="48.1688" lon="-0.77593">
        <ele>70</ele>
        <time>2026-05-14T09:59:26+00:00</time>
      </trkpt>
      <trkpt lat="48.16982" lon="-0.77567">
        <ele>75</ele>
        <time>2026-05-14T09:59:27+00:00</time>
      </trkpt>
      <trkpt lat="48.1699" lon="-0.77557">
        <ele>76</ele>
        <time>2026-05-14T09:59:28+00:00</time>
      </trkpt>
      <trkpt lat="48.17016" lon="-0.77594">
        <ele>77</ele>
        <time>2026-05-14T09:59:29+00:00</time>
      </trkpt>
      <trkpt lat="48.17029" lon="-0.77578">
        <ele>77</ele>
        <time>2026-05-14T09:59:30+00:00</time>
      </trkpt>
      <trkpt lat="48.17078" lon="-0.77552">
        <ele>80</ele>
        <time>2026-05-14T09:59:31+00:00</time>
      </trkpt>
      <trkpt lat="48.17071" lon="-0.77497">
        <ele>81</ele>
        <time>2026-05-14T09:59:32+00:00</time>
      </trkpt>
      <trkpt lat="48.17073" lon="-0.77456">
        <ele>81</ele>
        <time>2026-05-14T09:59:33+00:00</time>
      </trkpt>
      <trkpt lat="48.17067" lon="-0.7738">
        <ele>80</ele>
        <time>2026-05-14T09:59:34+00:00</time>
      </trkpt>
      <trkpt lat="48.17049" lon="-0.77317">
        <ele>80</ele>
        <time>2026-05-14T09:59:35+00:00</time>
      </trkpt>
      <trkpt lat="48.17014" lon="-0.77239">
        <ele>80</ele>
        <time>2026-05-14T09:59:36+00:00</time>
      </trkpt>
      <trkpt lat="48.17033" lon="-0.77215">
        <ele>81</ele>
        <time>2026-05-14T09:59:37+00:00</time>
      </trkpt>
      <trkpt lat="48.17067" lon="-0.77182">
        <ele>81</ele>
        <time>2026-05-14T09:59:38+00:00</time>
      </trkpt>
      <trkpt lat="48.1707" lon="-0.77166">
        <ele>81</ele>
        <time>2026-05-14T09:59:39+00:00</time>
      </trkpt>
      <trkpt lat="48.17069" lon="-0.77151">
        <ele>81</ele>
        <time>2026-05-14T09:59:40+00:00</time>
      </trkpt>
      <trkpt lat="48.16998" lon="-0.77041">
        <ele>85</ele>
        <time>2026-05-14T09:59:41+00:00</time>
      </trkpt>
      <trkpt lat="48.16886" lon="-0.76836">
        <ele>90</ele>
        <time>2026-05-14T09:59:42+00:00</time>
      </trkpt>
      <trkpt lat="48.16834" lon="-0.76708">
        <ele>94</ele>
        <time>2026-05-14T09:59:43+00:00</time>
      </trkpt>
      <trkpt lat="48.16801" lon="-0.76639">
        <ele>96</ele>
        <time>2026-05-14T09:59:44+00:00</time>
      </trkpt>
      <trkpt lat="48.16789" lon="-0.76606">
        <ele>97</ele>
        <time>2026-05-14T09:59:45+00:00</time>
      </trkpt>
      <trkpt lat="48.16776" lon="-0.7653">
        <ele>100</ele>
        <time>2026-05-14T09:59:46+00:00</time>
      </trkpt>
      <trkpt lat="48.16766" lon="-0.76507">
        <ele>100</ele>
        <time>2026-05-14T09:59:47+00:00</time>
      </trkpt>
      <trkpt lat="48.16756" lon="-0.76494">
        <ele>100</ele>
        <time>2026-05-14T09:59:48+00:00</time>
      </trkpt>
      <trkpt lat="48.16738" lon="-0.76408">
        <ele>103</ele>
        <time>2026-05-14T09:59:49+00:00</time>
      </trkpt>
      <trkpt lat="48.16736" lon="-0.76381">
        <ele>104</ele>
        <time>2026-05-14T09:59:50+00:00</time>
      </trkpt>
      <trkpt lat="48.16727" lon="-0.76343">
        <ele>104</ele>
        <time>2026-05-14T09:59:51+00:00</time>
      </trkpt>
      <trkpt lat="48.16738" lon="-0.76309">
        <ele>104</ele>
        <time>2026-05-14T09:59:52+00:00</time>
      </trkpt>
      <trkpt lat="48.16742" lon="-0.76264">
        <ele>104</ele>
        <time>2026-05-14T09:59:53+00:00</time>
      </trkpt>
      <trkpt lat="48.1674" lon="-0.76143">
        <ele>102</ele>
        <time>2026-05-14T09:59:54+00:00</time>
      </trkpt>
      <trkpt lat="48.16731" lon="-0.76093">
        <ele>101</ele>
        <time>2026-05-14T09:59:55+00:00</time>
      </trkpt>
      <trkpt lat="48.16712" lon="-0.76052">
        <ele>101</ele>
        <time>2026-05-14T09:59:56+00:00</time>
      </trkpt>
      <trkpt lat="48.167" lon="-0.76018">
        <ele>101</ele>
        <time>2026-05-14T09:59:57+00:00</time>
      </trkpt>
      <trkpt lat="48.16674" lon="-0.75912">
        <ele>103</ele>
        <time>2026-05-14T09:59:58+00:00</time>
      </trkpt>
      <trkpt lat="48.16628" lon="-0.75827">
        <ele>104</ele>
        <time>2026-05-14T09:59:59+00:00</time>
      </trkpt>
      <trkpt lat="48.1661" lon="-0.75767">
        <ele>105</ele>
        <time>2026-05-14T10:00:00+00:00</time>
      </trkpt>
      <trkpt lat="48.16581" lon="-0.75692">
        <ele>104</ele>
        <time>2026-05-14T10:00:01+00:00</time>
      </trkpt>
      <trkpt lat="48.16604" lon="-0.75694">
        <ele>105</ele>
        <time>2026-05-14T10:00:02+00:00</time>
      </trkpt>
      <trkpt lat="48.16627" lon="-0.75692">
        <ele>106</ele>
        <time>2026-05-14T10:00:03+00:00</time>
      </trkpt>
      <trkpt lat="48.16744" lon="-0.75668">
        <ele>112</ele>
        <time>2026-05-14T10:00:04+00:00</time>
      </trkpt>
      <trkpt lat="48.16816" lon="-0.7566">
        <ele>113</ele>
        <time>2026-05-14T10:00:05+00:00</time>
      </trkpt>
      <trkpt lat="48.16845" lon="-0.75653">
        <ele>113</ele>
        <time>2026-05-14T10:00:06+00:00</time>
      </trkpt>
      <trkpt lat="48.16905" lon="-0.75633">
        <ele>114</ele>
        <time>2026-05-14T10:00:07+00:00</time>
      </trkpt>
      <trkpt lat="48.16959" lon="-0.75629">
        <ele>115</ele>
        <time>2026-05-14T10:00:08+00:00</time>
      </trkpt>
      <trkpt lat="48.17053" lon="-0.75633">
        <ele>114</ele>
        <time>2026-05-14T10:00:09+00:00</time>
      </trkpt>
      <trkpt lat="48.1708" lon="-0.75637">
        <ele>114</ele>
        <time>2026-05-14T10:00:10+00:00</time>
      </trkpt>
      <trkpt lat="48.17142" lon="-0.75625">
        <ele>113</ele>
        <time>2026-05-14T10:00:11+00:00</time>
      </trkpt>
      <trkpt lat="48.17156" lon="-0.75625">
        <ele>113</ele>
        <time>2026-05-14T10:00:12+00:00</time>
      </trkpt>
      <trkpt lat="48.17178" lon="-0.7563">
        <ele>112</ele>
        <time>2026-05-14T10:00:13+00:00</time>
      </trkpt>
      <trkpt lat="48.17198" lon="-0.7563">
        <ele>112</ele>
        <time>2026-05-14T10:00:14+00:00</time>
      </trkpt>
      <trkpt lat="48.17275" lon="-0.75612">
        <ele>110</ele>
        <time>2026-05-14T10:00:15+00:00</time>
      </trkpt>
      <trkpt lat="48.17317" lon="-0.7559">
        <ele>110</ele>
        <time>2026-05-14T10:00:16+00:00</time>
      </trkpt>
      <trkpt lat="48.17359" lon="-0.75599">
        <ele>110</ele>
        <time>2026-05-14T10:00:17+00:00</time>
      </trkpt>
      <trkpt lat="48.17417" lon="-0.75618">
        <ele>110</ele>
        <time>2026-05-14T10:00:18+00:00</time>
      </trkpt>
      <trkpt lat="48.17441" lon="-0.75622">
        <ele>110</ele>
        <time>2026-05-14T10:00:19+00:00</time>
      </trkpt>
      <trkpt lat="48.17474" lon="-0.75637">
        <ele>110</ele>
        <time>2026-05-14T10:00:20+00:00</time>
      </trkpt>
      <trkpt lat="48.17503" lon="-0.75642">
        <ele>111</ele>
        <time>2026-05-14T10:00:21+00:00</time>
      </trkpt>
      <trkpt lat="48.17524" lon="-0.75638">
        <ele>111</ele>
        <time>2026-05-14T10:00:22+00:00</time>
      </trkpt>
      <trkpt lat="48.17533" lon="-0.75629">
        <ele>111</ele>
        <time>2026-05-14T10:00:23+00:00</time>
      </trkpt>
      <trkpt lat="48.17544" lon="-0.75603">
        <ele>110</ele>
        <time>2026-05-14T10:00:24+00:00</time>
      </trkpt>
      <trkpt lat="48.17586" lon="-0.75543">
        <ele>109</ele>
        <time>2026-05-14T10:00:25+00:00</time>
      </trkpt>
      <trkpt lat="48.17625" lon="-0.7552">
        <ele>107</ele>
        <time>2026-05-14T10:00:26+00:00</time>
      </trkpt>
      <trkpt lat="48.17648" lon="-0.75501">
        <ele>104</ele>
        <time>2026-05-14T10:00:27+00:00</time>
      </trkpt>
      <trkpt lat="48.17685" lon="-0.75458">
        <ele>102</ele>
        <time>2026-05-14T10:00:28+00:00</time>
      </trkpt>
      <trkpt lat="48.17731" lon="-0.75415">
        <ele>100</ele>
        <time>2026-05-14T10:00:29+00:00</time>
      </trkpt>
      <trkpt lat="48.17839" lon="-0.75304">
        <ele>99</ele>
        <time>2026-05-14T10:00:30+00:00</time>
      </trkpt>
      <trkpt lat="48.17863" lon="-0.75286">
        <ele>99</ele>
        <time>2026-05-14T10:00:31+00:00</time>
      </trkpt>
      <trkpt lat="48.17894" lon="-0.75251">
        <ele>99</ele>
        <time>2026-05-14T10:00:32+00:00</time>
      </trkpt>
      <trkpt lat="48.17858" lon="-0.7506">
        <ele>96</ele>
        <time>2026-05-14T10:00:33+00:00</time>
      </trkpt>
      <trkpt lat="48.1784" lon="-0.75018">
        <ele>95</ele>
        <time>2026-05-14T10:00:34+00:00</time>
      </trkpt>
      <trkpt lat="48.17818" lon="-0.7498">
        <ele>94</ele>
        <time>2026-05-14T10:00:35+00:00</time>
      </trkpt>
      <trkpt lat="48.17804" lon="-0.74947">
        <ele>93</ele>
        <time>2026-05-14T10:00:36+00:00</time>
      </trkpt>
      <trkpt lat="48.17813" lon="-0.74932">
        <ele>93</ele>
        <time>2026-05-14T10:00:37+00:00</time>
      </trkpt>
      <trkpt lat="48.17809" lon="-0.74925">
        <ele>93</ele>
        <time>2026-05-14T10:00:38+00:00</time>
      </trkpt>
      <trkpt lat="48.17791" lon="-0.74857">
        <ele>91</ele>
        <time>2026-05-14T10:00:39+00:00</time>
      </trkpt>
      <trkpt lat="48.17795" lon="-0.74849">
        <ele>91</ele>
        <time>2026-05-14T10:00:40+00:00</time>
      </trkpt>
      <trkpt lat="48.17851" lon="-0.748">
        <ele>89</ele>
        <time>2026-05-14T10:00:41+00:00</time>
      </trkpt>
      <trkpt lat="48.17865" lon="-0.748">
        <ele>89</ele>
        <time>2026-05-14T10:00:42+00:00</time>
      </trkpt>
      <trkpt lat="48.17871" lon="-0.74804">
        <ele>89</ele>
        <time>2026-05-14T10:00:43+00:00</time>
      </trkpt>
      <trkpt lat="48.1788" lon="-0.74753">
        <ele>87</ele>
        <time>2026-05-14T10:00:44+00:00</time>
      </trkpt>
      <trkpt lat="48.17869" lon="-0.74693">
        <ele>84</ele>
        <time>2026-05-14T10:00:45+00:00</time>
      </trkpt>
      <trkpt lat="48.17855" lon="-0.74678">
        <ele>83</ele>
        <time>2026-05-14T10:00:46+00:00</time>
      </trkpt>
      <trkpt lat="48.17848" lon="-0.74676">
        <ele>83</ele>
        <time>2026-05-14T10:00:47+00:00</time>
      </trkpt>
      <trkpt lat="48.17842" lon="-0.74677">
        <ele>83</ele>
        <time>2026-05-14T10:00:48+00:00</time>
      </trkpt>
      <trkpt lat="48.17828" lon="-0.74685">
        <ele>83</ele>
        <time>2026-05-14T10:00:49+00:00</time>
      </trkpt>
      <trkpt lat="48.17837" lon="-0.74657">
        <ele>81</ele>
        <time>2026-05-14T10:00:50+00:00</time>
      </trkpt>
      <trkpt lat="48.17837" lon="-0.7465">
        <ele>81</ele>
        <time>2026-05-14T10:00:51+00:00</time>
      </trkpt>
      <trkpt lat="48.17812" lon="-0.74628">
        <ele>78</ele>
        <time>2026-05-14T10:00:52+00:00</time>
      </trkpt>
      <trkpt lat="48.17785" lon="-0.74609">
        <ele>75</ele>
        <time>2026-05-14T10:00:53+00:00</time>
      </trkpt>
      <trkpt lat="48.17728" lon="-0.74597">
        <ele>70</ele>
        <time>2026-05-14T10:00:54+00:00</time>
      </trkpt>
      <trkpt lat="48.17701" lon="-0.74528">
        <ele>63</ele>
        <time>2026-05-14T10:00:55+00:00</time>
      </trkpt>
      <trkpt lat="48.17655" lon="-0.74433">
        <ele>74</ele>
        <time>2026-05-14T10:00:56+00:00</time>
      </trkpt>
      <trkpt lat="48.17642" lon="-0.74435">
        <ele>75</ele>
        <time>2026-05-14T10:00:57+00:00</time>
      </trkpt>
      <trkpt lat="48.17609" lon="-0.74454">
        <ele>76</ele>
        <time>2026-05-14T10:00:58+00:00</time>
      </trkpt>
      <trkpt lat="48.17561" lon="-0.74495">
        <ele>75</ele>
        <time>2026-05-14T10:00:59+00:00</time>
      </trkpt>
      <trkpt lat="48.17497" lon="-0.7458">
        <ele>79</ele>
        <time>2026-05-14T10:01:00+00:00</time>
      </trkpt>
      <trkpt lat="48.17475" lon="-0.74603">
        <ele>79</ele>
        <time>2026-05-14T10:01:01+00:00</time>
      </trkpt>
      <trkpt lat="48.17465" lon="-0.74604">
        <ele>80</ele>
        <time>2026-05-14T10:01:02+00:00</time>
      </trkpt>
      <trkpt lat="48.17461" lon="-0.74592">
        <ele>81</ele>
        <time>2026-05-14T10:01:03+00:00</time>
      </trkpt>
      <trkpt lat="48.17475" lon="-0.74574">
        <ele>81</ele>
        <time>2026-05-14T10:01:04+00:00</time>
      </trkpt>
      <trkpt lat="48.17479" lon="-0.74548">
        <ele>83</ele>
        <time>2026-05-14T10:01:05+00:00</time>
      </trkpt>
      <trkpt lat="48.17462" lon="-0.74547">
        <ele>83</ele>
        <time>2026-05-14T10:01:06+00:00</time>
      </trkpt>
      <trkpt lat="48.17445" lon="-0.7454">
        <ele>84</ele>
        <time>2026-05-14T10:01:07+00:00</time>
      </trkpt>
      <trkpt lat="48.17322" lon="-0.74462">
        <ele>89</ele>
        <time>2026-05-14T10:01:08+00:00</time>
      </trkpt>
      <trkpt lat="48.1729" lon="-0.74427">
        <ele>92</ele>
        <time>2026-05-14T10:01:09+00:00</time>
      </trkpt>
      <trkpt lat="48.172" lon="-0.74226">
        <ele>97</ele>
        <time>2026-05-14T10:01:10+00:00</time>
      </trkpt>
      <trkpt lat="48.17186" lon="-0.74179">
        <ele>97</ele>
        <time>2026-05-14T10:01:11+00:00</time>
      </trkpt>
      <trkpt lat="48.17178" lon="-0.74186">
        <ele>97</ele>
        <time>2026-05-14T10:01:12+00:00</time>
      </trkpt>
      <trkpt lat="48.17132" lon="-0.74195">
        <ele>96</ele>
        <time>2026-05-14T10:01:13+00:00</time>
      </trkpt>
      <trkpt lat="48.17118" lon="-0.74195">
        <ele>95</ele>
        <time>2026-05-14T10:01:14+00:00</time>
      </trkpt>
      <trkpt lat="48.17088" lon="-0.74229">
        <ele>93</ele>
        <time>2026-05-14T10:01:15+00:00</time>
      </trkpt>
      <trkpt lat="48.17063" lon="-0.74248">
        <ele>91</ele>
        <time>2026-05-14T10:01:16+00:00</time>
      </trkpt>
      <trkpt lat="48.17049" lon="-0.74248">
        <ele>90</ele>
        <time>2026-05-14T10:01:17+00:00</time>
      </trkpt>
      <trkpt lat="48.17043" lon="-0.74234">
        <ele>91</ele>
        <time>2026-05-14T10:01:18+00:00</time>
      </trkpt>
      <trkpt lat="48.17064" lon="-0.74204">
        <ele>93</ele>
        <time>2026-05-14T10:01:19+00:00</time>
      </trkpt>
      <trkpt lat="48.17076" lon="-0.74176">
        <ele>95</ele>
        <time>2026-05-14T10:01:20+00:00</time>
      </trkpt>
      <trkpt lat="48.17072" lon="-0.74149">
        <ele>96</ele>
        <time>2026-05-14T10:01:21+00:00</time>
      </trkpt>
      <trkpt lat="48.17036" lon="-0.74104">
        <ele>97</ele>
        <time>2026-05-14T10:01:22+00:00</time>
      </trkpt>
      <trkpt lat="48.17024" lon="-0.74072">
        <ele>98</ele>
        <time>2026-05-14T10:01:23+00:00</time>
      </trkpt>
      <trkpt lat="48.17016" lon="-0.73966">
        <ele>100</ele>
        <time>2026-05-14T10:01:24+00:00</time>
      </trkpt>
      <trkpt lat="48.17016" lon="-0.7391">
        <ele>101</ele>
        <time>2026-05-14T10:01:25+00:00</time>
      </trkpt>
      <trkpt lat="48.17045" lon="-0.7372">
        <ele>102</ele>
        <time>2026-05-14T10:01:26+00:00</time>
      </trkpt>
      <trkpt lat="48.17049" lon="-0.73672">
        <ele>102</ele>
        <time>2026-05-14T10:01:27+00:00</time>
      </trkpt>
      <trkpt lat="48.1705" lon="-0.73485">
        <ele>101</ele>
        <time>2026-05-14T10:01:28+00:00</time>
      </trkpt>
      <trkpt lat="48.17038" lon="-0.73454">
        <ele>101</ele>
        <time>2026-05-14T10:01:29+00:00</time>
      </trkpt>
      <trkpt lat="48.17035" lon="-0.73435">
        <ele>101</ele>
        <time>2026-05-14T10:01:30+00:00</time>
      </trkpt>
      <trkpt lat="48.17046" lon="-0.73358">
        <ele>100</ele>
        <time>2026-05-14T10:01:31+00:00</time>
      </trkpt>
      <trkpt lat="48.17046" lon="-0.73343">
        <ele>100</ele>
        <time>2026-05-14T10:01:32+00:00</time>
      </trkpt>
      <trkpt lat="48.17061" lon="-0.73333">
        <ele>100</ele>
        <time>2026-05-14T10:01:33+00:00</time>
      </trkpt>
      <trkpt lat="48.17149" lon="-0.73224">
        <ele>97</ele>
        <time>2026-05-14T10:01:34+00:00</time>
      </trkpt>
      <trkpt lat="48.17247" lon="-0.73077">
        <ele>98</ele>
        <time>2026-05-14T10:01:35+00:00</time>
      </trkpt>
      <trkpt lat="48.17286" lon="-0.73031">
        <ele>99</ele>
        <time>2026-05-14T10:01:36+00:00</time>
      </trkpt>
      <trkpt lat="48.1734" lon="-0.73014">
        <ele>101</ele>
        <time>2026-05-14T10:01:37+00:00</time>
      </trkpt>
      <trkpt lat="48.1742" lon="-0.72983">
        <ele>102</ele>
        <time>2026-05-14T10:01:38+00:00</time>
      </trkpt>
      <trkpt lat="48.17511" lon="-0.72993">
        <ele>104</ele>
        <time>2026-05-14T10:01:39+00:00</time>
      </trkpt>
      <trkpt lat="48.17629" lon="-0.73026">
        <ele>108</ele>
        <time>2026-05-14T10:01:40+00:00</time>
      </trkpt>
      <trkpt lat="48.17651" lon="-0.73144">
        <ele>110</ele>
        <time>2026-05-14T10:01:41+00:00</time>
      </trkpt>
      <trkpt lat="48.17662" lon="-0.73173">
        <ele>110</ele>
        <time>2026-05-14T10:01:42+00:00</time>
      </trkpt>
      <trkpt lat="48.17707" lon="-0.7323">
        <ele>111</ele>
        <time>2026-05-14T10:01:43+00:00</time>
      </trkpt>
      <trkpt lat="48.1774" lon="-0.73293">
        <ele>112</ele>
        <time>2026-05-14T10:01:44+00:00</time>
      </trkpt>
      <trkpt lat="48.17746" lon="-0.73319">
        <ele>113</ele>
        <time>2026-05-14T10:01:45+00:00</time>
      </trkpt>
      <trkpt lat="48.17788" lon="-0.73398">
        <ele>113</ele>
        <time>2026-05-14T10:01:46+00:00</time>
      </trkpt>
      <trkpt lat="48.17797" lon="-0.73435">
        <ele>113</ele>
        <time>2026-05-14T10:01:47+00:00</time>
      </trkpt>
      <trkpt lat="48.17889" lon="-0.73679">
        <ele>109</ele>
        <time>2026-05-14T10:01:48+00:00</time>
      </trkpt>
      <trkpt lat="48.17905" lon="-0.73748">
        <ele>110</ele>
        <time>2026-05-14T10:01:49+00:00</time>
      </trkpt>
      <trkpt lat="48.17971" lon="-0.73723">
        <ele>108</ele>
        <time>2026-05-14T10:01:50+00:00</time>
      </trkpt>
      <trkpt lat="48.17984" lon="-0.73724">
        <ele>107</ele>
        <time>2026-05-14T10:01:51+00:00</time>
      </trkpt>
      <trkpt lat="48.17993" lon="-0.73737">
        <ele>107</ele>
        <time>2026-05-14T10:01:52+00:00</time>
      </trkpt>
      <trkpt lat="48.18024" lon="-0.7381">
        <ele>106</ele>
        <time>2026-05-14T10:01:53+00:00</time>
      </trkpt>
      <trkpt lat="48.18032" lon="-0.73817">
        <ele>105</ele>
        <time>2026-05-14T10:01:54+00:00</time>
      </trkpt>
      <trkpt lat="48.1805" lon="-0.73824">
        <ele>105</ele>
        <time>2026-05-14T10:01:55+00:00</time>
      </trkpt>
      <trkpt lat="48.18092" lon="-0.74006">
        <ele>96</ele>
        <time>2026-05-14T10:01:56+00:00</time>
      </trkpt>
      <trkpt lat="48.1809" lon="-0.74029">
        <ele>95</ele>
        <time>2026-05-14T10:01:57+00:00</time>
      </trkpt>
      <trkpt lat="48.18031" lon="-0.74143">
        <ele>88</ele>
        <time>2026-05-14T10:01:58+00:00</time>
      </trkpt>
      <trkpt lat="48.18102" lon="-0.74161">
        <ele>77</ele>
        <time>2026-05-14T10:01:59+00:00</time>
      </trkpt>
      <trkpt lat="48.18126" lon="-0.74146">
        <ele>76</ele>
        <time>2026-05-14T10:02:00+00:00</time>
      </trkpt>
      <trkpt lat="48.18192" lon="-0.74112">
        <ele>70</ele>
        <time>2026-05-14T10:02:01+00:00</time>
      </trkpt>
      <trkpt lat="48.18224" lon="-0.74098">
        <ele>68</ele>
        <time>2026-05-14T10:02:02+00:00</time>
      </trkpt>
      <trkpt lat="48.1829" lon="-0.74076">
        <ele>66</ele>
        <time>2026-05-14T10:02:03+00:00</time>
      </trkpt>
      <trkpt lat="48.18335" lon="-0.74069">
        <ele>67</ele>
        <time>2026-05-14T10:02:04+00:00</time>
      </trkpt>
      <trkpt lat="48.18352" lon="-0.74063">
        <ele>67</ele>
        <time>2026-05-14T10:02:05+00:00</time>
      </trkpt>
      <trkpt lat="48.18372" lon="-0.74051">
        <ele>67</ele>
        <time>2026-05-14T10:02:06+00:00</time>
      </trkpt>
      <trkpt lat="48.18459" lon="-0.74016">
        <ele>67</ele>
        <time>2026-05-14T10:02:07+00:00</time>
      </trkpt>
      <trkpt lat="48.18511" lon="-0.73976">
        <ele>68</ele>
        <time>2026-05-14T10:02:08+00:00</time>
      </trkpt>
      <trkpt lat="48.1854" lon="-0.73945">
        <ele>69</ele>
        <time>2026-05-14T10:02:09+00:00</time>
      </trkpt>
      <trkpt lat="48.18579" lon="-0.73887">
        <ele>69</ele>
        <time>2026-05-14T10:02:10+00:00</time>
      </trkpt>
      <trkpt lat="48.186" lon="-0.73848">
        <ele>69</ele>
        <time>2026-05-14T10:02:11+00:00</time>
      </trkpt>
      <trkpt lat="48.18616" lon="-0.73805">
        <ele>69</ele>
        <time>2026-05-14T10:02:12+00:00</time>
      </trkpt>
      <trkpt lat="48.18627" lon="-0.73749">
        <ele>68</ele>
        <time>2026-05-14T10:02:13+00:00</time>
      </trkpt>
      <trkpt lat="48.1864" lon="-0.73653">
        <ele>67</ele>
        <time>2026-05-14T10:02:14+00:00</time>
      </trkpt>
      <trkpt lat="48.18645" lon="-0.73572">
        <ele>68</ele>
        <time>2026-05-14T10:02:15+00:00</time>
      </trkpt>
      <trkpt lat="48.18643" lon="-0.73494">
        <ele>69</ele>
        <time>2026-05-14T10:02:16+00:00</time>
      </trkpt>
      <trkpt lat="48.18638" lon="-0.73432">
        <ele>71</ele>
        <time>2026-05-14T10:02:17+00:00</time>
      </trkpt>
      <trkpt lat="48.1865" lon="-0.73344">
        <ele>71</ele>
        <time>2026-05-14T10:02:18+00:00</time>
      </trkpt>
      <trkpt lat="48.1867" lon="-0.73295">
        <ele>68</ele>
        <time>2026-05-14T10:02:19+00:00</time>
      </trkpt>
      <trkpt lat="48.18701" lon="-0.73235">
        <ele>68</ele>
        <time>2026-05-14T10:02:20+00:00</time>
      </trkpt>
      <trkpt lat="48.18738" lon="-0.73136">
        <ele>68</ele>
        <time>2026-05-14T10:02:21+00:00</time>
      </trkpt>
      <trkpt lat="48.18804" lon="-0.7292">
        <ele>79</ele>
        <time>2026-05-14T10:02:22+00:00</time>
      </trkpt>
      <trkpt lat="48.18812" lon="-0.72881">
        <ele>77</ele>
        <time>2026-05-14T10:02:23+00:00</time>
      </trkpt>
      <trkpt lat="48.18827" lon="-0.72834">
        <ele>73</ele>
        <time>2026-05-14T10:02:24+00:00</time>
      </trkpt>
      <trkpt lat="48.1885" lon="-0.72797">
        <ele>73</ele>
        <time>2026-05-14T10:02:25+00:00</time>
      </trkpt>
      <trkpt lat="48.18895" lon="-0.72744">
        <ele>73</ele>
        <time>2026-05-14T10:02:26+00:00</time>
      </trkpt>
      <trkpt lat="48.18933" lon="-0.7268">
        <ele>78</ele>
        <time>2026-05-14T10:02:27+00:00</time>
      </trkpt>
      <trkpt lat="48.18966" lon="-0.72614">
        <ele>77</ele>
        <time>2026-05-14T10:02:28+00:00</time>
      </trkpt>
      <trkpt lat="48.18981" lon="-0.72537">
        <ele>75</ele>
        <time>2026-05-14T10:02:29+00:00</time>
      </trkpt>
      <trkpt lat="48.18987" lon="-0.7246">
        <ele>75</ele>
        <time>2026-05-14T10:02:30+00:00</time>
      </trkpt>
      <trkpt lat="48.18987" lon="-0.72409">
        <ele>75</ele>
        <time>2026-05-14T10:02:31+00:00</time>
      </trkpt>
      <trkpt lat="48.18993" lon="-0.72371">
        <ele>75</ele>
        <time>2026-05-14T10:02:32+00:00</time>
      </trkpt>
      <trkpt lat="48.19" lon="-0.72349">
        <ele>75</ele>
        <time>2026-05-14T10:02:33+00:00</time>
      </trkpt>
      <trkpt lat="48.19057" lon="-0.72229">
        <ele>78</ele>
        <time>2026-05-14T10:02:34+00:00</time>
      </trkpt>
      <trkpt lat="48.19121" lon="-0.72165">
        <ele>78</ele>
        <time>2026-05-14T10:02:35+00:00</time>
      </trkpt>
      <trkpt lat="48.19205" lon="-0.7214">
        <ele>73</ele>
        <time>2026-05-14T10:02:36+00:00</time>
      </trkpt>
      <trkpt lat="48.19237" lon="-0.7212">
        <ele>72</ele>
        <time>2026-05-14T10:02:37+00:00</time>
      </trkpt>
      <trkpt lat="48.19269" lon="-0.72106">
        <ele>71</ele>
        <time>2026-05-14T10:02:38+00:00</time>
      </trkpt>
      <trkpt lat="48.19298" lon="-0.721">
        <ele>71</ele>
        <time>2026-05-14T10:02:39+00:00</time>
      </trkpt>
      <trkpt lat="48.1932" lon="-0.721">
        <ele>71</ele>
        <time>2026-05-14T10:02:40+00:00</time>
      </trkpt>
      <trkpt lat="48.19394" lon="-0.72122">
        <ele>71</ele>
        <time>2026-05-14T10:02:41+00:00</time>
      </trkpt>
      <trkpt lat="48.19418" lon="-0.72127">
        <ele>72</ele>
        <time>2026-05-14T10:02:42+00:00</time>
      </trkpt>
      <trkpt lat="48.1944" lon="-0.72124">
        <ele>71</ele>
        <time>2026-05-14T10:02:43+00:00</time>
      </trkpt>
      <trkpt lat="48.19482" lon="-0.72111">
        <ele>71</ele>
        <time>2026-05-14T10:02:44+00:00</time>
      </trkpt>
      <trkpt lat="48.19498" lon="-0.72103">
        <ele>70</ele>
        <time>2026-05-14T10:02:45+00:00</time>
      </trkpt>
      <trkpt lat="48.19521" lon="-0.72087">
        <ele>70</ele>
        <time>2026-05-14T10:02:46+00:00</time>
      </trkpt>
      <trkpt lat="48.19586" lon="-0.72013">
        <ele>70</ele>
        <time>2026-05-14T10:02:47+00:00</time>
      </trkpt>
      <trkpt lat="48.19603" lon="-0.71979">
        <ele>70</ele>
        <time>2026-05-14T10:02:48+00:00</time>
      </trkpt>
      <trkpt lat="48.19676" lon="-0.71745">
        <ele>68</ele>
        <time>2026-05-14T10:02:49+00:00</time>
      </trkpt>
      <trkpt lat="48.19733" lon="-0.71638">
        <ele>69</ele>
        <time>2026-05-14T10:02:50+00:00</time>
      </trkpt>
      <trkpt lat="48.19755" lon="-0.71585">
        <ele>71</ele>
        <time>2026-05-14T10:02:51+00:00</time>
      </trkpt>
      <trkpt lat="48.19771" lon="-0.71553">
        <ele>74</ele>
        <time>2026-05-14T10:02:52+00:00</time>
      </trkpt>
      <trkpt lat="48.19744" lon="-0.7153">
        <ele>78</ele>
        <time>2026-05-14T10:02:53+00:00</time>
      </trkpt>
      <trkpt lat="48.19715" lon="-0.71515">
        <ele>77</ele>
        <time>2026-05-14T10:02:54+00:00</time>
      </trkpt>
      <trkpt lat="48.19687" lon="-0.71495">
        <ele>78</ele>
        <time>2026-05-14T10:02:55+00:00</time>
      </trkpt>
      <trkpt lat="48.19662" lon="-0.71471">
        <ele>79</ele>
        <time>2026-05-14T10:02:56+00:00</time>
      </trkpt>
      <trkpt lat="48.19597" lon="-0.71429">
        <ele>79</ele>
        <time>2026-05-14T10:02:57+00:00</time>
      </trkpt>
      <trkpt lat="48.1955" lon="-0.71416">
        <ele>77</ele>
        <time>2026-05-14T10:02:58+00:00</time>
      </trkpt>
      <trkpt lat="48.19527" lon="-0.71405">
        <ele>78</ele>
        <time>2026-05-14T10:02:59+00:00</time>
      </trkpt>
      <trkpt lat="48.19446" lon="-0.71375">
        <ele>79</ele>
        <time>2026-05-14T10:03:00+00:00</time>
      </trkpt>
      <trkpt lat="48.19424" lon="-0.71364">
        <ele>79</ele>
        <time>2026-05-14T10:03:01+00:00</time>
      </trkpt>
      <trkpt lat="48.19406" lon="-0.71212">
        <ele>87</ele>
        <time>2026-05-14T10:03:02+00:00</time>
      </trkpt>
      <trkpt lat="48.19408" lon="-0.71159">
        <ele>87</ele>
        <time>2026-05-14T10:03:03+00:00</time>
      </trkpt>
      <trkpt lat="48.19424" lon="-0.71073">
        <ele>92</ele>
        <time>2026-05-14T10:03:04+00:00</time>
      </trkpt>
      <trkpt lat="48.19434" lon="-0.71044">
        <ele>93</ele>
        <time>2026-05-14T10:03:05+00:00</time>
      </trkpt>
      <trkpt lat="48.19455" lon="-0.71002">
        <ele>95</ele>
        <time>2026-05-14T10:03:06+00:00</time>
      </trkpt>
      <trkpt lat="48.19469" lon="-0.70987">
        <ele>96</ele>
        <time>2026-05-14T10:03:07+00:00</time>
      </trkpt>
      <trkpt lat="48.19484" lon="-0.70978">
        <ele>96</ele>
        <time>2026-05-14T10:03:08+00:00</time>
      </trkpt>
      <trkpt lat="48.19496" lon="-0.70972">
        <ele>96</ele>
        <time>2026-05-14T10:03:09+00:00</time>
      </trkpt>
      <trkpt lat="48.19539" lon="-0.70963">
        <ele>95</ele>
        <time>2026-05-14T10:03:10+00:00</time>
      </trkpt>
      <trkpt lat="48.19563" lon="-0.70947">
        <ele>94</ele>
        <time>2026-05-14T10:03:11+00:00</time>
      </trkpt>
      <trkpt lat="48.19605" lon="-0.70885">
        <ele>94</ele>
        <time>2026-05-14T10:03:12+00:00</time>
      </trkpt>
      <trkpt lat="48.19665" lon="-0.70816">
        <ele>95</ele>
        <time>2026-05-14T10:03:13+00:00</time>
      </trkpt>
      <trkpt lat="48.1973" lon="-0.70772">
        <ele>94</ele>
        <time>2026-05-14T10:03:14+00:00</time>
      </trkpt>
      <trkpt lat="48.19769" lon="-0.70735">
        <ele>95</ele>
        <time>2026-05-14T10:03:15+00:00</time>
      </trkpt>
      <trkpt lat="48.19765" lon="-0.7072">
        <ele>96</ele>
        <time>2026-05-14T10:03:16+00:00</time>
      </trkpt>
      <trkpt lat="48.19771" lon="-0.70708">
        <ele>97</ele>
        <time>2026-05-14T10:03:17+00:00</time>
      </trkpt>
      <trkpt lat="48.19761" lon="-0.70691">
        <ele>99</ele>
        <time>2026-05-14T10:03:18+00:00</time>
      </trkpt>
      <trkpt lat="48.19754" lon="-0.70659">
        <ele>102</ele>
        <time>2026-05-14T10:03:19+00:00</time>
      </trkpt>
      <trkpt lat="48.19755" lon="-0.70596">
        <ele>103</ele>
        <time>2026-05-14T10:03:20+00:00</time>
      </trkpt>
      <trkpt lat="48.19739" lon="-0.70546">
        <ele>105</ele>
        <time>2026-05-14T10:03:21+00:00</time>
      </trkpt>
      <trkpt lat="48.19732" lon="-0.70567">
        <ele>104</ele>
        <time>2026-05-14T10:03:22+00:00</time>
      </trkpt>
      <trkpt lat="48.19718" lon="-0.70588">
        <ele>104</ele>
        <time>2026-05-14T10:03:23+00:00</time>
      </trkpt>
      <trkpt lat="48.19697" lon="-0.70631">
        <ele>102</ele>
        <time>2026-05-14T10:03:24+00:00</time>
      </trkpt>
      <trkpt lat="48.19683" lon="-0.70623">
        <ele>102</ele>
        <time>2026-05-14T10:03:25+00:00</time>
      </trkpt>
      <trkpt lat="48.19677" lon="-0.70613">
        <ele>102</ele>
        <time>2026-05-14T10:03:26+00:00</time>
      </trkpt>
      <trkpt lat="48.19667" lon="-0.70604">
        <ele>103</ele>
        <time>2026-05-14T10:03:27+00:00</time>
      </trkpt>
      <trkpt lat="48.19644" lon="-0.70591">
        <ele>102</ele>
        <time>2026-05-14T10:03:28+00:00</time>
      </trkpt>
      <trkpt lat="48.19639" lon="-0.70583">
        <ele>102</ele>
        <time>2026-05-14T10:03:29+00:00</time>
      </trkpt>
      <trkpt lat="48.19643" lon="-0.70554">
        <ele>103</ele>
        <time>2026-05-14T10:03:30+00:00</time>
      </trkpt>
      <trkpt lat="48.19679" lon="-0.70475">
        <ele>106</ele>
        <time>2026-05-14T10:03:31+00:00</time>
      </trkpt>
      <trkpt lat="48.19688" lon="-0.70467">
        <ele>106</ele>
        <time>2026-05-14T10:03:32+00:00</time>
      </trkpt>
      <trkpt lat="48.19705" lon="-0.70468">
        <ele>106</ele>
        <time>2026-05-14T10:03:33+00:00</time>
      </trkpt>
      <trkpt lat="48.19716" lon="-0.70454">
        <ele>106</ele>
        <time>2026-05-14T10:03:34+00:00</time>
      </trkpt>
      <trkpt lat="48.19726" lon="-0.70429">
        <ele>107</ele>
        <time>2026-05-14T10:03:35+00:00</time>
      </trkpt>
      <trkpt lat="48.19738" lon="-0.70411">
        <ele>107</ele>
        <time>2026-05-14T10:03:36+00:00</time>
      </trkpt>
      <trkpt lat="48.19739" lon="-0.70394">
        <ele>107</ele>
        <time>2026-05-14T10:03:37+00:00</time>
      </trkpt>
      <trkpt lat="48.19746" lon="-0.7038">
        <ele>107</ele>
        <time>2026-05-14T10:03:38+00:00</time>
      </trkpt>
      <trkpt lat="48.19746" lon="-0.7036">
        <ele>107</ele>
        <time>2026-05-14T10:03:39+00:00</time>
      </trkpt>
      <trkpt lat="48.19734" lon="-0.70337">
        <ele>106</ele>
        <time>2026-05-14T10:03:40+00:00</time>
      </trkpt>
      <trkpt lat="48.19718" lon="-0.70321">
        <ele>106</ele>
        <time>2026-05-14T10:03:41+00:00</time>
      </trkpt>
      <trkpt lat="48.19703" lon="-0.70312">
        <ele>105</ele>
        <time>2026-05-14T10:03:42+00:00</time>
      </trkpt>
      <trkpt lat="48.1962" lon="-0.7025">
        <ele>100</ele>
        <time>2026-05-14T10:03:43+00:00</time>
      </trkpt>
      <trkpt lat="48.19577" lon="-0.70226">
        <ele>99</ele>
        <time>2026-05-14T10:03:44+00:00</time>
      </trkpt>
      <trkpt lat="48.19559" lon="-0.70234">
        <ele>99</ele>
        <time>2026-05-14T10:03:45+00:00</time>
      </trkpt>
      <trkpt lat="48.19548" lon="-0.70247">
        <ele>99</ele>
        <time>2026-05-14T10:03:46+00:00</time>
      </trkpt>
      <trkpt lat="48.1954" lon="-0.70264">
        <ele>99</ele>
        <time>2026-05-14T10:03:47+00:00</time>
      </trkpt>
      <trkpt lat="48.19532" lon="-0.70308">
        <ele>100</ele>
        <time>2026-05-14T10:03:48+00:00</time>
      </trkpt>
      <trkpt lat="48.19526" lon="-0.70318">
        <ele>100</ele>
        <time>2026-05-14T10:03:49+00:00</time>
      </trkpt>
      <trkpt lat="48.19481" lon="-0.70343">
        <ele>100</ele>
        <time>2026-05-14T10:03:50+00:00</time>
      </trkpt>
      <trkpt lat="48.19467" lon="-0.70361">
        <ele>100</ele>
        <time>2026-05-14T10:03:51+00:00</time>
      </trkpt>
      <trkpt lat="48.19449" lon="-0.70391">
        <ele>101</ele>
        <time>2026-05-14T10:03:52+00:00</time>
      </trkpt>
      <trkpt lat="48.19391" lon="-0.70461">
        <ele>101</ele>
        <time>2026-05-14T10:03:53+00:00</time>
      </trkpt>
      <trkpt lat="48.19371" lon="-0.70482">
        <ele>102</ele>
        <time>2026-05-14T10:03:54+00:00</time>
      </trkpt>
      <trkpt lat="48.19333" lon="-0.70511">
        <ele>103</ele>
        <time>2026-05-14T10:03:55+00:00</time>
      </trkpt>
      <trkpt lat="48.19304" lon="-0.7054">
        <ele>103</ele>
        <time>2026-05-14T10:03:56+00:00</time>
      </trkpt>
      <trkpt lat="48.19285" lon="-0.70553">
        <ele>104</ele>
        <time>2026-05-14T10:03:57+00:00</time>
      </trkpt>
      <trkpt lat="48.19251" lon="-0.70589">
        <ele>105</ele>
        <time>2026-05-14T10:03:58+00:00</time>
      </trkpt>
      <trkpt lat="48.19277" lon="-0.70629">
        <ele>102</ele>
        <time>2026-05-14T10:03:59+00:00</time>
      </trkpt>
      <trkpt lat="48.19303" lon="-0.70685">
        <ele>98</ele>
        <time>2026-05-14T10:04:00+00:00</time>
      </trkpt>
      <trkpt lat="48.19394" lon="-0.70923">
        <ele>93</ele>
        <time>2026-05-14T10:04:01+00:00</time>
      </trkpt>
      <trkpt lat="48.19411" lon="-0.70958">
        <ele>93</ele>
        <time>2026-05-14T10:04:02+00:00</time>
      </trkpt>
      <trkpt lat="48.19394" lon="-0.70971">
        <ele>94</ele>
        <time>2026-05-14T10:04:03+00:00</time>
      </trkpt>
      <trkpt lat="48.19366" lon="-0.70981">
        <ele>94</ele>
        <time>2026-05-14T10:04:04+00:00</time>
      </trkpt>
      <trkpt lat="48.1935" lon="-0.70992">
        <ele>94</ele>
        <time>2026-05-14T10:04:05+00:00</time>
      </trkpt>
      <trkpt lat="48.19338" lon="-0.70995">
        <ele>94</ele>
        <time>2026-05-14T10:04:06+00:00</time>
      </trkpt>
      <trkpt lat="48.19329" lon="-0.71003">
        <ele>94</ele>
        <time>2026-05-14T10:04:07+00:00</time>
      </trkpt>
      <trkpt lat="48.19294" lon="-0.71024">
        <ele>94</ele>
        <time>2026-05-14T10:04:08+00:00</time>
      </trkpt>
      <trkpt lat="48.19243" lon="-0.71022">
        <ele>95</ele>
        <time>2026-05-14T10:04:09+00:00</time>
      </trkpt>
      <trkpt lat="48.19198" lon="-0.71031">
        <ele>97</ele>
        <time>2026-05-14T10:04:10+00:00</time>
      </trkpt>
      <trkpt lat="48.19164" lon="-0.71035">
        <ele>98</ele>
        <time>2026-05-14T10:04:11+00:00</time>
      </trkpt>
      <trkpt lat="48.19149" lon="-0.71032">
        <ele>99</ele>
        <time>2026-05-14T10:04:12+00:00</time>
      </trkpt>
      <trkpt lat="48.19134" lon="-0.71039">
        <ele>100</ele>
        <time>2026-05-14T10:04:13+00:00</time>
      </trkpt>
      <trkpt lat="48.19116" lon="-0.71042">
        <ele>102</ele>
        <time>2026-05-14T10:04:14+00:00</time>
      </trkpt>
      <trkpt lat="48.19065" lon="-0.71065">
        <ele>108</ele>
        <time>2026-05-14T10:04:15+00:00</time>
      </trkpt>
      <trkpt lat="48.19052" lon="-0.71082">
        <ele>110</ele>
        <time>2026-05-14T10:04:16+00:00</time>
      </trkpt>
      <trkpt lat="48.19044" lon="-0.71086">
        <ele>111</ele>
        <time>2026-05-14T10:04:17+00:00</time>
      </trkpt>
      <trkpt lat="48.19038" lon="-0.71096">
        <ele>112</ele>
        <time>2026-05-14T10:04:18+00:00</time>
      </trkpt>
      <trkpt lat="48.19014" lon="-0.71116">
        <ele>116</ele>
        <time>2026-05-14T10:04:19+00:00</time>
      </trkpt>
      <trkpt lat="48.18985" lon="-0.71131">
        <ele>119</ele>
        <time>2026-05-14T10:04:20+00:00</time>
      </trkpt>
      <trkpt lat="48.18977" lon="-0.7114">
        <ele>119</ele>
        <time>2026-05-14T10:04:21+00:00</time>
      </trkpt>
      <trkpt lat="48.18968" lon="-0.71142">
        <ele>119</ele>
        <time>2026-05-14T10:04:22+00:00</time>
      </trkpt>
      <trkpt lat="48.18923" lon="-0.71126">
        <ele>119</ele>
        <time>2026-05-14T10:04:23+00:00</time>
      </trkpt>
      <trkpt lat="48.18901" lon="-0.71124">
        <ele>119</ele>
        <time>2026-05-14T10:04:24+00:00</time>
      </trkpt>
      <trkpt lat="48.18887" lon="-0.71111">
        <ele>120</ele>
        <time>2026-05-14T10:04:25+00:00</time>
      </trkpt>
      <trkpt lat="48.18817" lon="-0.71072">
        <ele>121</ele>
        <time>2026-05-14T10:04:26+00:00</time>
      </trkpt>
      <trkpt lat="48.18781" lon="-0.71108">
        <ele>118</ele>
        <time>2026-05-14T10:04:27+00:00</time>
      </trkpt>
      <trkpt lat="48.18752" lon="-0.71153">
        <ele>115</ele>
        <time>2026-05-14T10:04:28+00:00</time>
      </trkpt>
      <trkpt lat="48.18722" lon="-0.71192">
        <ele>114</ele>
        <time>2026-05-14T10:04:29+00:00</time>
      </trkpt>
      <trkpt lat="48.18705" lon="-0.71208">
        <ele>114</ele>
        <time>2026-05-14T10:04:30+00:00</time>
      </trkpt>
      <trkpt lat="48.18675" lon="-0.71228">
        <ele>114</ele>
        <time>2026-05-14T10:04:31+00:00</time>
      </trkpt>
      <trkpt lat="48.18632" lon="-0.71272">
        <ele>114</ele>
        <time>2026-05-14T10:04:32+00:00</time>
      </trkpt>
      <trkpt lat="48.18611" lon="-0.7129">
        <ele>114</ele>
        <time>2026-05-14T10:04:33+00:00</time>
      </trkpt>
      <trkpt lat="48.18588" lon="-0.71334">
        <ele>115</ele>
        <time>2026-05-14T10:04:34+00:00</time>
      </trkpt>
      <trkpt lat="48.1855" lon="-0.71354">
        <ele>116</ele>
        <time>2026-05-14T10:04:35+00:00</time>
      </trkpt>
      <trkpt lat="48.18539" lon="-0.71355">
        <ele>116</ele>
        <time>2026-05-14T10:04:36+00:00</time>
      </trkpt>
      <trkpt lat="48.1852" lon="-0.71348">
        <ele>116</ele>
        <time>2026-05-14T10:04:37+00:00</time>
      </trkpt>
      <trkpt lat="48.18499" lon="-0.7138">
        <ele>116</ele>
        <time>2026-05-14T10:04:38+00:00</time>
      </trkpt>
      <trkpt lat="48.18458" lon="-0.71409">
        <ele>114</ele>
        <time>2026-05-14T10:04:39+00:00</time>
      </trkpt>
      <trkpt lat="48.18435" lon="-0.71463">
        <ele>113</ele>
        <time>2026-05-14T10:04:40+00:00</time>
      </trkpt>
      <trkpt lat="48.18385" lon="-0.71529">
        <ele>112</ele>
        <time>2026-05-14T10:04:41+00:00</time>
      </trkpt>
      <trkpt lat="48.18377" lon="-0.71545">
        <ele>112</ele>
        <time>2026-05-14T10:04:42+00:00</time>
      </trkpt>
      <trkpt lat="48.18354" lon="-0.7154">
        <ele>110</ele>
        <time>2026-05-14T10:04:43+00:00</time>
      </trkpt>
      <trkpt lat="48.1832" lon="-0.71514">
        <ele>108</ele>
        <time>2026-05-14T10:04:44+00:00</time>
      </trkpt>
      <trkpt lat="48.18297" lon="-0.715">
        <ele>106</ele>
        <time>2026-05-14T10:04:45+00:00</time>
      </trkpt>
      <trkpt lat="48.18267" lon="-0.71503">
        <ele>105</ele>
        <time>2026-05-14T10:04:46+00:00</time>
      </trkpt>
      <trkpt lat="48.1822" lon="-0.71527">
        <ele>104</ele>
        <time>2026-05-14T10:04:47+00:00</time>
      </trkpt>
      <trkpt lat="48.18194" lon="-0.71533">
        <ele>103</ele>
        <time>2026-05-14T10:04:48+00:00</time>
      </trkpt>
      <trkpt lat="48.18175" lon="-0.71533">
        <ele>102</ele>
        <time>2026-05-14T10:04:49+00:00</time>
      </trkpt>
      <trkpt lat="48.1815" lon="-0.71521">
        <ele>101</ele>
        <time>2026-05-14T10:04:50+00:00</time>
      </trkpt>
      <trkpt lat="48.1812" lon="-0.71502">
        <ele>101</ele>
        <time>2026-05-14T10:04:51+00:00</time>
      </trkpt>
      <trkpt lat="48.18105" lon="-0.71486">
        <ele>100</ele>
        <time>2026-05-14T10:04:52+00:00</time>
      </trkpt>
      <trkpt lat="48.1806" lon="-0.71452">
        <ele>98</ele>
        <time>2026-05-14T10:04:53+00:00</time>
      </trkpt>
      <trkpt lat="48.18049" lon="-0.7145">
        <ele>98</ele>
        <time>2026-05-14T10:04:54+00:00</time>
      </trkpt>
      <trkpt lat="48.18031" lon="-0.71438">
        <ele>97</ele>
        <time>2026-05-14T10:04:55+00:00</time>
      </trkpt>
      <trkpt lat="48.17993" lon="-0.71403">
        <ele>96</ele>
        <time>2026-05-14T10:04:56+00:00</time>
      </trkpt>
      <trkpt lat="48.17912" lon="-0.71367">
        <ele>95</ele>
        <time>2026-05-14T10:04:57+00:00</time>
      </trkpt>
      <trkpt lat="48.1787" lon="-0.71369">
        <ele>97</ele>
        <time>2026-05-14T10:04:58+00:00</time>
      </trkpt>
      <trkpt lat="48.17857" lon="-0.71365">
        <ele>98</ele>
        <time>2026-05-14T10:04:59+00:00</time>
      </trkpt>
      <trkpt lat="48.17847" lon="-0.71367">
        <ele>99</ele>
        <time>2026-05-14T10:05:00+00:00</time>
      </trkpt>
      <trkpt lat="48.17825" lon="-0.71361">
        <ele>99</ele>
        <time>2026-05-14T10:05:01+00:00</time>
      </trkpt>
      <trkpt lat="48.17751" lon="-0.71333">
        <ele>101</ele>
        <time>2026-05-14T10:05:02+00:00</time>
      </trkpt>
      <trkpt lat="48.17742" lon="-0.71333">
        <ele>101</ele>
        <time>2026-05-14T10:05:03+00:00</time>
      </trkpt>
      <trkpt lat="48.1773" lon="-0.71325">
        <ele>101</ele>
        <time>2026-05-14T10:05:04+00:00</time>
      </trkpt>
      <trkpt lat="48.17692" lon="-0.71309">
        <ele>101</ele>
        <time>2026-05-14T10:05:05+00:00</time>
      </trkpt>
      <trkpt lat="48.17645" lon="-0.713">
        <ele>102</ele>
        <time>2026-05-14T10:05:06+00:00</time>
      </trkpt>
      <trkpt lat="48.17621" lon="-0.7128">
        <ele>103</ele>
        <time>2026-05-14T10:05:07+00:00</time>
      </trkpt>
      <trkpt lat="48.17605" lon="-0.71278">
        <ele>104</ele>
        <time>2026-05-14T10:05:08+00:00</time>
      </trkpt>
      <trkpt lat="48.17592" lon="-0.71267">
        <ele>104</ele>
        <time>2026-05-14T10:05:09+00:00</time>
      </trkpt>
      <trkpt lat="48.17574" lon="-0.71246">
        <ele>105</ele>
        <time>2026-05-14T10:05:10+00:00</time>
      </trkpt>
      <trkpt lat="48.17563" lon="-0.71247">
        <ele>105</ele>
        <time>2026-05-14T10:05:11+00:00</time>
      </trkpt>
      <trkpt lat="48.17535" lon="-0.71229">
        <ele>107</ele>
        <time>2026-05-14T10:05:12+00:00</time>
      </trkpt>
      <trkpt lat="48.17513" lon="-0.71218">
        <ele>108</ele>
        <time>2026-05-14T10:05:13+00:00</time>
      </trkpt>
      <trkpt lat="48.17495" lon="-0.71215">
        <ele>109</ele>
        <time>2026-05-14T10:05:14+00:00</time>
      </trkpt>
      <trkpt lat="48.1748" lon="-0.71201">
        <ele>109</ele>
        <time>2026-05-14T10:05:15+00:00</time>
      </trkpt>
      <trkpt lat="48.17449" lon="-0.71192">
        <ele>109</ele>
        <time>2026-05-14T10:05:16+00:00</time>
      </trkpt>
      <trkpt lat="48.17422" lon="-0.71207">
        <ele>109</ele>
        <time>2026-05-14T10:05:17+00:00</time>
      </trkpt>
      <trkpt lat="48.17378" lon="-0.71248">
        <ele>108</ele>
        <time>2026-05-14T10:05:18+00:00</time>
      </trkpt>
      <trkpt lat="48.17329" lon="-0.71289">
        <ele>107</ele>
        <time>2026-05-14T10:05:19+00:00</time>
      </trkpt>
      <trkpt lat="48.1728" lon="-0.71323">
        <ele>107</ele>
        <time>2026-05-14T10:05:20+00:00</time>
      </trkpt>
      <trkpt lat="48.17271" lon="-0.71337">
        <ele>107</ele>
        <time>2026-05-14T10:05:21+00:00</time>
      </trkpt>
      <trkpt lat="48.17254" lon="-0.71346">
        <ele>107</ele>
        <time>2026-05-14T10:05:22+00:00</time>
      </trkpt>
      <trkpt lat="48.17219" lon="-0.71375">
        <ele>106</ele>
        <time>2026-05-14T10:05:23+00:00</time>
      </trkpt>
      <trkpt lat="48.172" lon="-0.71383">
        <ele>106</ele>
        <time>2026-05-14T10:05:24+00:00</time>
      </trkpt>
      <trkpt lat="48.17133" lon="-0.71429">
        <ele>106</ele>
        <time>2026-05-14T10:05:25+00:00</time>
      </trkpt>
      <trkpt lat="48.17121" lon="-0.71443">
        <ele>105</ele>
        <time>2026-05-14T10:05:26+00:00</time>
      </trkpt>
      <trkpt lat="48.17105" lon="-0.71469">
        <ele>106</ele>
        <time>2026-05-14T10:05:27+00:00</time>
      </trkpt>
      <trkpt lat="48.17046" lon="-0.71585">
        <ele>107</ele>
        <time>2026-05-14T10:05:28+00:00</time>
      </trkpt>
      <trkpt lat="48.17031" lon="-0.71605">
        <ele>107</ele>
        <time>2026-05-14T10:05:29+00:00</time>
      </trkpt>
      <trkpt lat="48.16991" lon="-0.71647">
        <ele>108</ele>
        <time>2026-05-14T10:05:30+00:00</time>
      </trkpt>
      <trkpt lat="48.16936" lon="-0.71677">
        <ele>107</ele>
        <time>2026-05-14T10:05:31+00:00</time>
      </trkpt>
      <trkpt lat="48.16903" lon="-0.71704">
        <ele>107</ele>
        <time>2026-05-14T10:05:32+00:00</time>
      </trkpt>
      <trkpt lat="48.16865" lon="-0.71757">
        <ele>106</ele>
        <time>2026-05-14T10:05:33+00:00</time>
      </trkpt>
      <trkpt lat="48.16823" lon="-0.71781">
        <ele>106</ele>
        <time>2026-05-14T10:05:34+00:00</time>
      </trkpt>
      <trkpt lat="48.16806" lon="-0.71796">
        <ele>106</ele>
        <time>2026-05-14T10:05:35+00:00</time>
      </trkpt>
      <trkpt lat="48.16801" lon="-0.71807">
        <ele>106</ele>
        <time>2026-05-14T10:05:36+00:00</time>
      </trkpt>
      <trkpt lat="48.16783" lon="-0.71817">
        <ele>105</ele>
        <time>2026-05-14T10:05:37+00:00</time>
      </trkpt>
      <trkpt lat="48.16768" lon="-0.71819">
        <ele>104</ele>
        <time>2026-05-14T10:05:38+00:00</time>
      </trkpt>
      <trkpt lat="48.16747" lon="-0.71828">
        <ele>104</ele>
        <time>2026-05-14T10:05:39+00:00</time>
      </trkpt>
      <trkpt lat="48.16709" lon="-0.71862">
        <ele>102</ele>
        <time>2026-05-14T10:05:40+00:00</time>
      </trkpt>
      <trkpt lat="48.16659" lon="-0.71928">
        <ele>97</ele>
        <time>2026-05-14T10:05:41+00:00</time>
      </trkpt>
      <trkpt lat="48.16597" lon="-0.71981">
        <ele>91</ele>
        <time>2026-05-14T10:05:42+00:00</time>
      </trkpt>
      <trkpt lat="48.16544" lon="-0.7201">
        <ele>89</ele>
        <time>2026-05-14T10:05:43+00:00</time>
      </trkpt>
      <trkpt lat="48.16482" lon="-0.72063">
        <ele>87</ele>
        <time>2026-05-14T10:05:44+00:00</time>
      </trkpt>
      <trkpt lat="48.16458" lon="-0.72097">
        <ele>86</ele>
        <time>2026-05-14T10:05:45+00:00</time>
      </trkpt>
      <trkpt lat="48.16416" lon="-0.72137">
        <ele>86</ele>
        <time>2026-05-14T10:05:46+00:00</time>
      </trkpt>
      <trkpt lat="48.16386" lon="-0.72161">
        <ele>86</ele>
        <time>2026-05-14T10:05:47+00:00</time>
      </trkpt>
      <trkpt lat="48.16348" lon="-0.72206">
        <ele>85</ele>
        <time>2026-05-14T10:05:48+00:00</time>
      </trkpt>
      <trkpt lat="48.163" lon="-0.72252">
        <ele>87</ele>
        <time>2026-05-14T10:05:49+00:00</time>
      </trkpt>
      <trkpt lat="48.16231" lon="-0.72337">
        <ele>90</ele>
        <time>2026-05-14T10:05:50+00:00</time>
      </trkpt>
      <trkpt lat="48.16074" lon="-0.7264">
        <ele>104</ele>
        <time>2026-05-14T10:05:51+00:00</time>
      </trkpt>
      <trkpt lat="48.16044" lon="-0.72693">
        <ele>107</ele>
        <time>2026-05-14T10:05:52+00:00</time>
      </trkpt>
      <trkpt lat="48.16014" lon="-0.72734">
        <ele>110</ele>
        <time>2026-05-14T10:05:53+00:00</time>
      </trkpt>
      <trkpt lat="48.15899" lon="-0.72872">
        <ele>116</ele>
        <time>2026-05-14T10:05:54+00:00</time>
      </trkpt>
      <trkpt lat="48.15886" lon="-0.72895">
        <ele>116</ele>
        <time>2026-05-14T10:05:55+00:00</time>
      </trkpt>
      <trkpt lat="48.15852" lon="-0.72944">
        <ele>116</ele>
        <time>2026-05-14T10:05:56+00:00</time>
      </trkpt>
      <trkpt lat="48.1583" lon="-0.72968">
        <ele>117</ele>
        <time>2026-05-14T10:05:57+00:00</time>
      </trkpt>
      <trkpt lat="48.15727" lon="-0.73028">
        <ele>119</ele>
        <time>2026-05-14T10:05:58+00:00</time>
      </trkpt>
      <trkpt lat="48.15668" lon="-0.73057">
        <ele>124</ele>
        <time>2026-05-14T10:05:59+00:00</time>
      </trkpt>
      <trkpt lat="48.15608" lon="-0.73079">
        <ele>127</ele>
        <time>2026-05-14T10:06:00+00:00</time>
      </trkpt>
      <trkpt lat="48.15564" lon="-0.73078">
        <ele>127</ele>
        <time>2026-05-14T10:06:01+00:00</time>
      </trkpt>
      <trkpt lat="48.15552" lon="-0.73082">
        <ele>126</ele>
        <time>2026-05-14T10:06:02+00:00</time>
      </trkpt>
      <trkpt lat="48.15535" lon="-0.73107">
        <ele>126</ele>
        <time>2026-05-14T10:06:03+00:00</time>
      </trkpt>
      <trkpt lat="48.15481" lon="-0.7322">
        <ele>123</ele>
        <time>2026-05-14T10:06:04+00:00</time>
      </trkpt>
      <trkpt lat="48.1546" lon="-0.73256">
        <ele>123</ele>
        <time>2026-05-14T10:06:05+00:00</time>
      </trkpt>
      <trkpt lat="48.15404" lon="-0.73335">
        <ele>120</ele>
        <time>2026-05-14T10:06:06+00:00</time>
      </trkpt>
      <trkpt lat="48.15387" lon="-0.73363">
        <ele>120</ele>
        <time>2026-05-14T10:06:07+00:00</time>
      </trkpt>
      <trkpt lat="48.15362" lon="-0.73414">
        <ele>120</ele>
        <time>2026-05-14T10:06:08+00:00</time>
      </trkpt>
      <trkpt lat="48.15357" lon="-0.73432">
        <ele>120</ele>
        <time>2026-05-14T10:06:09+00:00</time>
      </trkpt>
      <trkpt lat="48.15287" lon="-0.73818">
        <ele>113</ele>
        <time>2026-05-14T10:06:10+00:00</time>
      </trkpt>
      <trkpt lat="48.15281" lon="-0.73865">
        <ele>111</ele>
        <time>2026-05-14T10:06:11+00:00</time>
      </trkpt>
      <trkpt lat="48.15271" lon="-0.73888">
        <ele>109</ele>
        <time>2026-05-14T10:06:12+00:00</time>
      </trkpt>
      <trkpt lat="48.15261" lon="-0.73902">
        <ele>108</ele>
        <time>2026-05-14T10:06:13+00:00</time>
      </trkpt>
      <trkpt lat="48.15183" lon="-0.73987">
        <ele>99</ele>
        <time>2026-05-14T10:06:14+00:00</time>
      </trkpt>
      <trkpt lat="48.15154" lon="-0.74023">
        <ele>96</ele>
        <time>2026-05-14T10:06:15+00:00</time>
      </trkpt>
      <trkpt lat="48.15147" lon="-0.74038">
        <ele>96</ele>
        <time>2026-05-14T10:06:16+00:00</time>
      </trkpt>
      <trkpt lat="48.15104" lon="-0.74234">
        <ele>91</ele>
        <time>2026-05-14T10:06:17+00:00</time>
      </trkpt>
      <trkpt lat="48.15077" lon="-0.74342">
        <ele>85</ele>
        <time>2026-05-14T10:06:18+00:00</time>
      </trkpt>
      <trkpt lat="48.15058" lon="-0.74445">
        <ele>80</ele>
        <time>2026-05-14T10:06:19+00:00</time>
      </trkpt>
      <trkpt lat="48.15051" lon="-0.74559">
        <ele>77</ele>
        <time>2026-05-14T10:06:20+00:00</time>
      </trkpt>
      <trkpt lat="48.15046" lon="-0.74838">
        <ele>62</ele>
        <time>2026-05-14T10:06:21+00:00</time>
      </trkpt>
      <trkpt lat="48.15042" lon="-0.74931">
        <ele>57</ele>
        <time>2026-05-14T10:06:22+00:00</time>
      </trkpt>
      <trkpt lat="48.15062" lon="-0.74939">
        <ele>56</ele>
        <time>2026-05-14T10:06:23+00:00</time>
      </trkpt>
      <trkpt lat="48.15054" lon="-0.74975">
        <ele>55</ele>
        <time>2026-05-14T10:06:24+00:00</time>
      </trkpt>
      <trkpt lat="48.15012" lon="-0.74971">
        <ele>56</ele>
        <time>2026-05-14T10:06:25+00:00</time>
      </trkpt>
      <trkpt lat="48.1498" lon="-0.74973">
        <ele>57</ele>
        <time>2026-05-14T10:06:26+00:00</time>
      </trkpt>
      <trkpt lat="48.14958" lon="-0.74978">
        <ele>57</ele>
        <time>2026-05-14T10:06:27+00:00</time>
      </trkpt>
      <trkpt lat="48.14899" lon="-0.75001">
        <ele>57</ele>
        <time>2026-05-14T10:06:28+00:00</time>
      </trkpt>
      <trkpt lat="48.14864" lon="-0.75026">
        <ele>56</ele>
        <time>2026-05-14T10:06:29+00:00</time>
      </trkpt>
      <trkpt lat="48.14765" lon="-0.75077">
        <ele>56</ele>
        <time>2026-05-14T10:06:30+00:00</time>
      </trkpt>
      <trkpt lat="48.14678" lon="-0.7511">
        <ele>55</ele>
        <time>2026-05-14T10:06:31+00:00</time>
      </trkpt>
      <trkpt lat="48.14594" lon="-0.75116">
        <ele>57</ele>
        <time>2026-05-14T10:06:32+00:00</time>
      </trkpt>
      <trkpt lat="48.1447" lon="-0.7512">
        <ele>56</ele>
        <time>2026-05-14T10:06:33+00:00</time>
      </trkpt>
      <trkpt lat="48.1443" lon="-0.75116">
        <ele>57</ele>
        <time>2026-05-14T10:06:34+00:00</time>
      </trkpt>
      <trkpt lat="48.14386" lon="-0.75103">
        <ele>56</ele>
        <time>2026-05-14T10:06:35+00:00</time>
      </trkpt>
      <trkpt lat="48.14366" lon="-0.751">
        <ele>55</ele>
        <time>2026-05-14T10:06:36+00:00</time>
      </trkpt>
      <trkpt lat="48.14307" lon="-0.75069">
        <ele>53</ele>
        <time>2026-05-14T10:06:37+00:00</time>
      </trkpt>
      <trkpt lat="48.14343" lon="-0.75003">
        <ele>53</ele>
        <time>2026-05-14T10:06:38+00:00</time>
      </trkpt>
      <trkpt lat="48.14376" lon="-0.74898">
        <ele>54</ele>
        <time>2026-05-14T10:06:39+00:00</time>
      </trkpt>
      <trkpt lat="48.1438" lon="-0.74875">
        <ele>55</ele>
        <time>2026-05-14T10:06:40+00:00</time>
      </trkpt>
      <trkpt lat="48.14379" lon="-0.74862">
        <ele>55</ele>
        <time>2026-05-14T10:06:41+00:00</time>
      </trkpt>
      <trkpt lat="48.14133" lon="-0.74839">
        <ele>60</ele>
        <time>2026-05-14T10:06:42+00:00</time>
      </trkpt>
      <trkpt lat="48.14111" lon="-0.74584">
        <ele>82</ele>
        <time>2026-05-14T10:06:43+00:00</time>
      </trkpt>
      <trkpt lat="48.14104" lon="-0.74455">
        <ele>89</ele>
        <time>2026-05-14T10:06:44+00:00</time>
      </trkpt>
      <trkpt lat="48.14087" lon="-0.74359">
        <ele>96</ele>
        <time>2026-05-14T10:06:45+00:00</time>
      </trkpt>
      <trkpt lat="48.14075" lon="-0.74257">
        <ele>104</ele>
        <time>2026-05-14T10:06:46+00:00</time>
      </trkpt>
      <trkpt lat="48.14064" lon="-0.74208">
        <ele>107</ele>
        <time>2026-05-14T10:06:47+00:00</time>
      </trkpt>
      <trkpt lat="48.14041" lon="-0.74164">
        <ele>109</ele>
        <time>2026-05-14T10:06:48+00:00</time>
      </trkpt>
      <trkpt lat="48.14029" lon="-0.74102">
        <ele>109</ele>
        <time>2026-05-14T10:06:49+00:00</time>
      </trkpt>
      <trkpt lat="48.14011" lon="-0.74063">
        <ele>110</ele>
        <time>2026-05-14T10:06:50+00:00</time>
      </trkpt>
      <trkpt lat="48.13975" lon="-0.74016">
        <ele>111</ele>
        <time>2026-05-14T10:06:51+00:00</time>
      </trkpt>
      <trkpt lat="48.13959" lon="-0.7399">
        <ele>112</ele>
        <time>2026-05-14T10:06:52+00:00</time>
      </trkpt>
      <trkpt lat="48.13934" lon="-0.7397">
        <ele>113</ele>
        <time>2026-05-14T10:06:53+00:00</time>
      </trkpt>
      <trkpt lat="48.13844" lon="-0.73931">
        <ele>115</ele>
        <time>2026-05-14T10:06:54+00:00</time>
      </trkpt>
      <trkpt lat="48.13825" lon="-0.73899">
        <ele>114</ele>
        <time>2026-05-14T10:06:55+00:00</time>
      </trkpt>
      <trkpt lat="48.13789" lon="-0.73804">
        <ele>114</ele>
        <time>2026-05-14T10:06:56+00:00</time>
      </trkpt>
      <trkpt lat="48.13758" lon="-0.73697">
        <ele>116</ele>
        <time>2026-05-14T10:06:57+00:00</time>
      </trkpt>
      <trkpt lat="48.13732" lon="-0.7359">
        <ele>118</ele>
        <time>2026-05-14T10:06:58+00:00</time>
      </trkpt>
      <trkpt lat="48.13707" lon="-0.73429">
        <ele>117</ele>
        <time>2026-05-14T10:06:59+00:00</time>
      </trkpt>
      <trkpt lat="48.13706" lon="-0.73399">
        <ele>116</ele>
        <time>2026-05-14T10:07:00+00:00</time>
      </trkpt>
      <trkpt lat="48.13736" lon="-0.73397">
        <ele>115</ele>
        <time>2026-05-14T10:07:01+00:00</time>
      </trkpt>
      <trkpt lat="48.13788" lon="-0.73388">
        <ele>112</ele>
        <time>2026-05-14T10:07:02+00:00</time>
      </trkpt>
      <trkpt lat="48.1384" lon="-0.73392">
        <ele>108</ele>
        <time>2026-05-14T10:07:03+00:00</time>
      </trkpt>
      <trkpt lat="48.13912" lon="-0.73431">
        <ele>101</ele>
        <time>2026-05-14T10:07:04+00:00</time>
      </trkpt>
      <trkpt lat="48.14034" lon="-0.73402">
        <ele>90</ele>
        <time>2026-05-14T10:07:05+00:00</time>
      </trkpt>
      <trkpt lat="48.14078" lon="-0.73359">
        <ele>86</ele>
        <time>2026-05-14T10:07:06+00:00</time>
      </trkpt>
      <trkpt lat="48.14145" lon="-0.73326">
        <ele>82</ele>
        <time>2026-05-14T10:07:07+00:00</time>
      </trkpt>
      <trkpt lat="48.14244" lon="-0.73294">
        <ele>77</ele>
        <time>2026-05-14T10:07:08+00:00</time>
      </trkpt>
      <trkpt lat="48.14284" lon="-0.73274">
        <ele>75</ele>
        <time>2026-05-14T10:07:09+00:00</time>
      </trkpt>
      <trkpt lat="48.14327" lon="-0.73233">
        <ele>72</ele>
        <time>2026-05-14T10:07:10+00:00</time>
      </trkpt>
      <trkpt lat="48.1435" lon="-0.73228">
        <ele>72</ele>
        <time>2026-05-14T10:07:11+00:00</time>
      </trkpt>
      <trkpt lat="48.14409" lon="-0.73288">
        <ele>69</ele>
        <time>2026-05-14T10:07:12+00:00</time>
      </trkpt>
      <trkpt lat="48.14451" lon="-0.73276">
        <ele>69</ele>
        <time>2026-05-14T10:07:13+00:00</time>
      </trkpt>
      <trkpt lat="48.14512" lon="-0.73252">
        <ele>69</ele>
        <time>2026-05-14T10:07:14+00:00</time>
      </trkpt>
      <trkpt lat="48.14551" lon="-0.7322">
        <ele>72</ele>
        <time>2026-05-14T10:07:15+00:00</time>
      </trkpt>
      <trkpt lat="48.14621" lon="-0.73148">
        <ele>74</ele>
        <time>2026-05-14T10:07:16+00:00</time>
      </trkpt>
      <trkpt lat="48.14672" lon="-0.73121">
        <ele>79</ele>
        <time>2026-05-14T10:07:17+00:00</time>
      </trkpt>
      <trkpt lat="48.14731" lon="-0.73108">
        <ele>84</ele>
        <time>2026-05-14T10:07:18+00:00</time>
      </trkpt>
      <trkpt lat="48.14771" lon="-0.73106">
        <ele>87</ele>
        <time>2026-05-14T10:07:19+00:00</time>
      </trkpt>
      <trkpt lat="48.14882" lon="-0.73086">
        <ele>91</ele>
        <time>2026-05-14T10:07:20+00:00</time>
      </trkpt>
      <trkpt lat="48.14926" lon="-0.73082">
        <ele>92</ele>
        <time>2026-05-14T10:07:21+00:00</time>
      </trkpt>
      <trkpt lat="48.14985" lon="-0.73107">
        <ele>95</ele>
        <time>2026-05-14T10:07:22+00:00</time>
      </trkpt>
      <trkpt lat="48.15024" lon="-0.73105">
        <ele>97</ele>
        <time>2026-05-14T10:07:23+00:00</time>
      </trkpt>
      <trkpt lat="48.15065" lon="-0.73083">
        <ele>99</ele>
        <time>2026-05-14T10:07:24+00:00</time>
      </trkpt>
      <trkpt lat="48.15106" lon="-0.73074">
        <ele>101</ele>
        <time>2026-05-14T10:07:25+00:00</time>
      </trkpt>
      <trkpt lat="48.15099" lon="-0.7306">
        <ele>100</ele>
        <time>2026-05-14T10:07:26+00:00</time>
      </trkpt>
      <trkpt lat="48.15062" lon="-0.72935">
        <ele>94</ele>
        <time>2026-05-14T10:07:27+00:00</time>
      </trkpt>
      <trkpt lat="48.14988" lon="-0.72755">
        <ele>87</ele>
        <time>2026-05-14T10:07:28+00:00</time>
      </trkpt>
      <trkpt lat="48.14981" lon="-0.72732">
        <ele>86</ele>
        <time>2026-05-14T10:07:29+00:00</time>
      </trkpt>
      <trkpt lat="48.14975" lon="-0.72677">
        <ele>84</ele>
        <time>2026-05-14T10:07:30+00:00</time>
      </trkpt>
      <trkpt lat="48.14959" lon="-0.72617">
        <ele>82</ele>
        <time>2026-05-14T10:07:31+00:00</time>
      </trkpt>
      <trkpt lat="48.14929" lon="-0.7253">
        <ele>77</ele>
        <time>2026-05-14T10:07:32+00:00</time>
      </trkpt>
      <trkpt lat="48.14924" lon="-0.72501">
        <ele>76</ele>
        <time>2026-05-14T10:07:33+00:00</time>
      </trkpt>
      <trkpt lat="48.14911" lon="-0.72501">
        <ele>75</ele>
        <time>2026-05-14T10:07:34+00:00</time>
      </trkpt>
      <trkpt lat="48.14883" lon="-0.72515">
        <ele>77</ele>
        <time>2026-05-14T10:07:35+00:00</time>
      </trkpt>
      <trkpt lat="48.14816" lon="-0.72572">
        <ele>76</ele>
        <time>2026-05-14T10:07:36+00:00</time>
      </trkpt>
      <trkpt lat="48.14804" lon="-0.72585">
        <ele>77</ele>
        <time>2026-05-14T10:07:37+00:00</time>
      </trkpt>
      <trkpt lat="48.14794" lon="-0.72586">
        <ele>78</ele>
        <time>2026-05-14T10:07:38+00:00</time>
      </trkpt>
      <trkpt lat="48.14785" lon="-0.72581">
        <ele>79</ele>
        <time>2026-05-14T10:07:39+00:00</time>
      </trkpt>
      <trkpt lat="48.14706" lon="-0.72497">
        <ele>88</ele>
        <time>2026-05-14T10:07:40+00:00</time>
      </trkpt>
      <trkpt lat="48.14687" lon="-0.72473">
        <ele>90</ele>
        <time>2026-05-14T10:07:41+00:00</time>
      </trkpt>
      <trkpt lat="48.14679" lon="-0.72458">
        <ele>91</ele>
        <time>2026-05-14T10:07:42+00:00</time>
      </trkpt>
      <trkpt lat="48.1467" lon="-0.72437">
        <ele>93</ele>
        <time>2026-05-14T10:07:43+00:00</time>
      </trkpt>
      <trkpt lat="48.1465" lon="-0.72287">
        <ele>102</ele>
        <time>2026-05-14T10:07:44+00:00</time>
      </trkpt>
      <trkpt lat="48.14649" lon="-0.72145">
        <ele>113</ele>
        <time>2026-05-14T10:07:45+00:00</time>
      </trkpt>
      <trkpt lat="48.14646" lon="-0.72129">
        <ele>114</ele>
        <time>2026-05-14T10:07:46+00:00</time>
      </trkpt>
      <trkpt lat="48.14623" lon="-0.72059">
        <ele>120</ele>
        <time>2026-05-14T10:07:47+00:00</time>
      </trkpt>
      <trkpt lat="48.14592" lon="-0.71986">
        <ele>126</ele>
        <time>2026-05-14T10:07:48+00:00</time>
      </trkpt>
      <trkpt lat="48.14446" lon="-0.7198">
        <ele>126</ele>
        <time>2026-05-14T10:07:49+00:00</time>
      </trkpt>
      <trkpt lat="48.14434" lon="-0.71977">
        <ele>125</ele>
        <time>2026-05-14T10:07:50+00:00</time>
      </trkpt>
      <trkpt lat="48.1442" lon="-0.71968">
        <ele>125</ele>
        <time>2026-05-14T10:07:51+00:00</time>
      </trkpt>
      <trkpt lat="48.14378" lon="-0.71903">
        <ele>124</ele>
        <time>2026-05-14T10:07:52+00:00</time>
      </trkpt>
      <trkpt lat="48.14355" lon="-0.71872">
        <ele>125</ele>
        <time>2026-05-14T10:07:53+00:00</time>
      </trkpt>
      <trkpt lat="48.14341" lon="-0.7186">
        <ele>125</ele>
        <time>2026-05-14T10:07:54+00:00</time>
      </trkpt>
      <trkpt lat="48.14326" lon="-0.71849">
        <ele>125</ele>
        <time>2026-05-14T10:07:55+00:00</time>
      </trkpt>
      <trkpt lat="48.14304" lon="-0.71838">
        <ele>125</ele>
        <time>2026-05-14T10:07:56+00:00</time>
      </trkpt>
      <trkpt lat="48.142" lon="-0.71796">
        <ele>124</ele>
        <time>2026-05-14T10:07:57+00:00</time>
      </trkpt>
      <trkpt lat="48.14186" lon="-0.71783">
        <ele>124</ele>
        <time>2026-05-14T10:07:58+00:00</time>
      </trkpt>
      <trkpt lat="48.14096" lon="-0.71636">
        <ele>123</ele>
        <time>2026-05-14T10:07:59+00:00</time>
      </trkpt>
      <trkpt lat="48.14054" lon="-0.71577">
        <ele>123</ele>
        <time>2026-05-14T10:08:00+00:00</time>
      </trkpt>
      <trkpt lat="48.14036" lon="-0.71683">
        <ele>122</ele>
        <time>2026-05-14T10:08:01+00:00</time>
      </trkpt>
      <trkpt lat="48.14029" lon="-0.71702">
        <ele>122</ele>
        <time>2026-05-14T10:08:02+00:00</time>
      </trkpt>
      <trkpt lat="48.13997" lon="-0.71748">
        <ele>121</ele>
        <time>2026-05-14T10:08:03+00:00</time>
      </trkpt>
      <trkpt lat="48.13931" lon="-0.71831">
        <ele>118</ele>
        <time>2026-05-14T10:08:04+00:00</time>
      </trkpt>
      <trkpt lat="48.13916" lon="-0.71855">
        <ele>118</ele>
        <time>2026-05-14T10:08:05+00:00</time>
      </trkpt>
      <trkpt lat="48.13905" lon="-0.71886">
        <ele>119</ele>
        <time>2026-05-14T10:08:06+00:00</time>
      </trkpt>
      <trkpt lat="48.13897" lon="-0.7194">
        <ele>119</ele>
        <time>2026-05-14T10:08:07+00:00</time>
      </trkpt>
      <trkpt lat="48.13877" lon="-0.71993">
        <ele>120</ele>
        <time>2026-05-14T10:08:08+00:00</time>
      </trkpt>
      <trkpt lat="48.13854" lon="-0.72065">
        <ele>121</ele>
        <time>2026-05-14T10:08:09+00:00</time>
      </trkpt>
      <trkpt lat="48.13837" lon="-0.72102">
        <ele>122</ele>
        <time>2026-05-14T10:08:10+00:00</time>
      </trkpt>
      <trkpt lat="48.13802" lon="-0.72223">
        <ele>121</ele>
        <time>2026-05-14T10:08:11+00:00</time>
      </trkpt>
      <trkpt lat="48.13795" lon="-0.72273">
        <ele>120</ele>
        <time>2026-05-14T10:08:12+00:00</time>
      </trkpt>
      <trkpt lat="48.13794" lon="-0.72323">
        <ele>121</ele>
        <time>2026-05-14T10:08:13+00:00</time>
      </trkpt>
      <trkpt lat="48.13787" lon="-0.7237">
        <ele>122</ele>
        <time>2026-05-14T10:08:14+00:00</time>
      </trkpt>
      <trkpt lat="48.13772" lon="-0.72426">
        <ele>123</ele>
        <time>2026-05-14T10:08:15+00:00</time>
      </trkpt>
      <trkpt lat="48.13761" lon="-0.72455">
        <ele>123</ele>
        <time>2026-05-14T10:08:16+00:00</time>
      </trkpt>
      <trkpt lat="48.1373" lon="-0.72394">
        <ele>122</ele>
        <time>2026-05-14T10:08:17+00:00</time>
      </trkpt>
      <trkpt lat="48.1371" lon="-0.72302">
        <ele>120</ele>
        <time>2026-05-14T10:08:18+00:00</time>
      </trkpt>
      <trkpt lat="48.13705" lon="-0.72232">
        <ele>120</ele>
        <time>2026-05-14T10:08:19+00:00</time>
      </trkpt>
      <trkpt lat="48.13692" lon="-0.7214">
        <ele>121</ele>
        <time>2026-05-14T10:08:20+00:00</time>
      </trkpt>
      <trkpt lat="48.13666" lon="-0.72003">
        <ele>123</ele>
        <time>2026-05-14T10:08:21+00:00</time>
      </trkpt>
      <trkpt lat="48.13637" lon="-0.72021">
        <ele>122</ele>
        <time>2026-05-14T10:08:22+00:00</time>
      </trkpt>
      <trkpt lat="48.13533" lon="-0.72027">
        <ele>120</ele>
        <time>2026-05-14T10:08:23+00:00</time>
      </trkpt>
      <trkpt lat="48.1348" lon="-0.72046">
        <ele>119</ele>
        <time>2026-05-14T10:08:24+00:00</time>
      </trkpt>
      <trkpt lat="48.13455" lon="-0.72048">
        <ele>119</ele>
        <time>2026-05-14T10:08:25+00:00</time>
      </trkpt>
      <trkpt lat="48.13414" lon="-0.72057">
        <ele>118</ele>
        <time>2026-05-14T10:08:26+00:00</time>
      </trkpt>
      <trkpt lat="48.1336" lon="-0.72073">
        <ele>116</ele>
        <time>2026-05-14T10:08:27+00:00</time>
      </trkpt>
      <trkpt lat="48.1329" lon="-0.721">
        <ele>114</ele>
        <time>2026-05-14T10:08:28+00:00</time>
      </trkpt>
      <trkpt lat="48.13268" lon="-0.72113">
        <ele>113</ele>
        <time>2026-05-14T10:08:29+00:00</time>
      </trkpt>
      <trkpt lat="48.13248" lon="-0.72129">
        <ele>112</ele>
        <time>2026-05-14T10:08:30+00:00</time>
      </trkpt>
      <trkpt lat="48.13238" lon="-0.72143">
        <ele>112</ele>
        <time>2026-05-14T10:08:31+00:00</time>
      </trkpt>
      <trkpt lat="48.13204" lon="-0.72219">
        <ele>112</ele>
        <time>2026-05-14T10:08:32+00:00</time>
      </trkpt>
      <trkpt lat="48.13152" lon="-0.72341">
        <ele>111</ele>
        <time>2026-05-14T10:08:33+00:00</time>
      </trkpt>
      <trkpt lat="48.1308" lon="-0.72545">
        <ele>108</ele>
        <time>2026-05-14T10:08:34+00:00</time>
      </trkpt>
      <trkpt lat="48.13015" lon="-0.72662">
        <ele>109</ele>
        <time>2026-05-14T10:08:35+00:00</time>
      </trkpt>
      <trkpt lat="48.1296" lon="-0.72718">
        <ele>108</ele>
        <time>2026-05-14T10:08:36+00:00</time>
      </trkpt>
      <trkpt lat="48.1294" lon="-0.72747">
        <ele>109</ele>
        <time>2026-05-14T10:08:37+00:00</time>
      </trkpt>
      <trkpt lat="48.12915" lon="-0.72791">
        <ele>109</ele>
        <time>2026-05-14T10:08:38+00:00</time>
      </trkpt>
      <trkpt lat="48.12895" lon="-0.7284">
        <ele>108</ele>
        <time>2026-05-14T10:08:39+00:00</time>
      </trkpt>
      <trkpt lat="48.12875" lon="-0.72909">
        <ele>108</ele>
        <time>2026-05-14T10:08:40+00:00</time>
      </trkpt>
      <trkpt lat="48.12854" lon="-0.72958">
        <ele>108</ele>
        <time>2026-05-14T10:08:41+00:00</time>
      </trkpt>
      <trkpt lat="48.12825" lon="-0.73014">
        <ele>108</ele>
        <time>2026-05-14T10:08:42+00:00</time>
      </trkpt>
      <trkpt lat="48.12771" lon="-0.731">
        <ele>108</ele>
        <time>2026-05-14T10:08:43+00:00</time>
      </trkpt>
      <trkpt lat="48.12752" lon="-0.73121">
        <ele>108</ele>
        <time>2026-05-14T10:08:44+00:00</time>
      </trkpt>
      <trkpt lat="48.12738" lon="-0.73149">
        <ele>108</ele>
        <time>2026-05-14T10:08:45+00:00</time>
      </trkpt>
      <trkpt lat="48.12702" lon="-0.73235">
        <ele>107</ele>
        <time>2026-05-14T10:08:46+00:00</time>
      </trkpt>
      <trkpt lat="48.1268" lon="-0.73319">
        <ele>107</ele>
        <time>2026-05-14T10:08:47+00:00</time>
      </trkpt>
      <trkpt lat="48.12669" lon="-0.73428">
        <ele>107</ele>
        <time>2026-05-14T10:08:48+00:00</time>
      </trkpt>
      <trkpt lat="48.12663" lon="-0.73458">
        <ele>107</ele>
        <time>2026-05-14T10:08:49+00:00</time>
      </trkpt>
      <trkpt lat="48.12651" lon="-0.73501">
        <ele>106</ele>
        <time>2026-05-14T10:08:50+00:00</time>
      </trkpt>
      <trkpt lat="48.12619" lon="-0.73587">
        <ele>107</ele>
        <time>2026-05-14T10:08:51+00:00</time>
      </trkpt>
      <trkpt lat="48.12592" lon="-0.73676">
        <ele>108</ele>
        <time>2026-05-14T10:08:52+00:00</time>
      </trkpt>
      <trkpt lat="48.12573" lon="-0.73726">
        <ele>107</ele>
        <time>2026-05-14T10:08:53+00:00</time>
      </trkpt>
      <trkpt lat="48.12551" lon="-0.73804">
        <ele>106</ele>
        <time>2026-05-14T10:08:54+00:00</time>
      </trkpt>
      <trkpt lat="48.12541" lon="-0.73826">
        <ele>106</ele>
        <time>2026-05-14T10:08:55+00:00</time>
      </trkpt>
      <trkpt lat="48.12527" lon="-0.73881">
        <ele>105</ele>
        <time>2026-05-14T10:08:56+00:00</time>
      </trkpt>
      <trkpt lat="48.12621" lon="-0.74006">
        <ele>101</ele>
        <time>2026-05-14T10:08:57+00:00</time>
      </trkpt>
      <trkpt lat="48.12677" lon="-0.741">
        <ele>96</ele>
        <time>2026-05-14T10:08:58+00:00</time>
      </trkpt>
      <trkpt lat="48.12727" lon="-0.74154">
        <ele>93</ele>
        <time>2026-05-14T10:08:59+00:00</time>
      </trkpt>
      <trkpt lat="48.1277" lon="-0.74196">
        <ele>89</ele>
        <time>2026-05-14T10:09:00+00:00</time>
      </trkpt>
      <trkpt lat="48.12812" lon="-0.74256">
        <ele>84</ele>
        <time>2026-05-14T10:09:01+00:00</time>
      </trkpt>
      <trkpt lat="48.12827" lon="-0.74285">
        <ele>82</ele>
        <time>2026-05-14T10:09:02+00:00</time>
      </trkpt>
      <trkpt lat="48.12948" lon="-0.746">
        <ele>64</ele>
        <time>2026-05-14T10:09:03+00:00</time>
      </trkpt>
      <trkpt lat="48.12962" lon="-0.74672">
        <ele>62</ele>
        <time>2026-05-14T10:09:04+00:00</time>
      </trkpt>
      <trkpt lat="48.12967" lon="-0.74685">
        <ele>61</ele>
        <time>2026-05-14T10:09:05+00:00</time>
      </trkpt>
      <trkpt lat="48.12979" lon="-0.7474">
        <ele>59</ele>
        <time>2026-05-14T10:09:06+00:00</time>
      </trkpt>
      <trkpt lat="48.12984" lon="-0.7491">
        <ele>54</ele>
        <time>2026-05-14T10:09:07+00:00</time>
      </trkpt>
    </trkseg>
  </trk>
</gpx>
