<?xml version="1.0" encoding="UTF-8"?><gpx creator="Wikiloc - https://www.wikiloc.com" version="1.1" xmlns="http://www.topografix.com/GPX/1/1" xmlns:xsi="http://www.w3.org/2001/XMLSchema-instance" xsi:schemaLocation="http://www.topografix.com/GPX/1/1 http://www.topografix.com/GPX/1/1/gpx.xsd"><metadata><name>Wikiloc - Nébian</name><author><name>wtc0der</name><link href="https://www.wikiloc.com/wikiloc/user.do?id=5311887"><text>wtc0der on Wikiloc</text></link></author><link href="https://www.wikiloc.com/trail-running-trails/nebian-64088739"><text>Nébian on Wikiloc</text></link><time>2021-01-17T11:57:53Z</time></metadata><trk><name>Nébian - Wikiloc</name><cmt></cmt><desc></desc><trkseg><trkpt lat="43.605806" lon="3.431801"><ele>121.466</ele><time>2021-01-17T08:43:12Z</time></trkpt><trkpt lat="43.605820" lon="3.431780"><ele>121.429</ele><time>2021-01-17T08:43:13Z</time></trkpt><trkpt lat="43.605865" lon="3.431706"><ele>123.021</ele><time>2021-01-17T08:43:16Z</time></trkpt><trkpt lat="43.605893" lon="3.431651"><ele>123.608</ele><time>2021-01-17T08:43:18Z</time></trkpt><trkpt lat="43.605918" lon="3.431598"><ele>123.842</ele><time>2021-01-17T08:43:20Z</time></trkpt><trkpt lat="43.605932" lon="3.431574"><ele>124.070</ele><time>2021-01-17T08:43:21Z</time></trkpt><trkpt lat="43.605942" lon="3.431553"><ele>124.066</ele><time>2021-01-17T08:43:22Z</time></trkpt><trkpt lat="43.605952" lon="3.431531"><ele>124.234</ele><time>2021-01-17T08:43:23Z</time></trkpt><trkpt lat="43.605975" lon="3.431477"><ele>124.614</ele><time>2021-01-17T08:43:25Z</time></trkpt><trkpt lat="43.605993" lon="3.431424"><ele>124.813</ele><time>2021-01-17T08:43:27Z</time></trkpt><trkpt lat="43.605996" lon="3.431399"><ele>125.059</ele><time>2021-01-17T08:43:28Z</time></trkpt><trkpt lat="43.605995" lon="3.431377"><ele>125.085</ele><time>2021-01-17T08:43:29Z</time></trkpt><trkpt lat="43.605983" lon="3.431336"><ele>125.282</ele><time>2021-01-17T08:43:31Z</time></trkpt><trkpt lat="43.605975" lon="3.431285"><ele>125.643</ele><time>2021-01-17T08:43:33Z</time></trkpt><trkpt lat="43.605963" lon="3.431245"><ele>126.017</ele><time>2021-01-17T08:43:35Z</time></trkpt><trkpt lat="43.605953" lon="3.431228"><ele>126.208</ele><time>2021-01-17T08:43:36Z</time></trkpt><trkpt lat="43.605877" lon="3.431165"><ele>126.684</ele><time>2021-01-17T08:43:42Z</time></trkpt><trkpt lat="43.605810" lon="3.431112"><ele>127.042</ele><time>2021-01-17T08:43:47Z</time></trkpt><trkpt lat="43.605818" lon="3.431111"><ele>127.088</ele><time>2021-01-17T08:43:48Z</time></trkpt><trkpt lat="43.605831" lon="3.431114"><ele>127.216</ele><time>2021-01-17T08:43:49Z</time></trkpt><trkpt lat="43.605864" lon="3.431152"><ele>125.886</ele><time>2021-01-17T08:43:52Z</time></trkpt><trkpt lat="43.605939" lon="3.431153"><ele>125.685</ele><time>2021-01-17T08:43:56Z</time></trkpt><trkpt lat="43.605950" lon="3.431141"><ele>125.871</ele><time>2021-01-17T08:43:57Z</time></trkpt><trkpt lat="43.605985" lon="3.431040"><ele>126.897</ele><time>2021-01-17T08:44:01Z</time></trkpt><trkpt lat="43.606008" lon="3.430953"><ele>125.654</ele><time>2021-01-17T08:44:04Z</time></trkpt><trkpt lat="43.606024" lon="3.430779"><ele>126.256</ele><time>2021-01-17T08:44:10Z</time></trkpt><trkpt lat="43.606027" lon="3.430727"><ele>126.411</ele><time>2021-01-17T08:44:12Z</time></trkpt><trkpt lat="43.606054" lon="3.430571"><ele>126.808</ele><time>2021-01-17T08:44:20Z</time></trkpt><trkpt lat="43.606113" lon="3.430348"><ele>127.031</ele><time>2021-01-17T08:44:27Z</time></trkpt><trkpt lat="43.606144" lon="3.430304"><ele>127.299</ele><time>2021-01-17T08:44:29Z</time></trkpt><trkpt lat="43.606204" lon="3.430248"><ele>127.655</ele><time>2021-01-17T08:44:32Z</time></trkpt><trkpt lat="43.606219" lon="3.430218"><ele>127.853</ele><time>2021-01-17T08:44:33Z</time></trkpt><trkpt lat="43.606266" lon="3.430147"><ele>128.223</ele><time>2021-01-17T08:44:36Z</time></trkpt><trkpt lat="43.606292" lon="3.430128"><ele>128.432</ele><time>2021-01-17T08:44:37Z</time></trkpt><trkpt lat="43.606335" lon="3.430119"><ele>128.688</ele><time>2021-01-17T08:44:39Z</time></trkpt><trkpt lat="43.606363" lon="3.430110"><ele>128.894</ele><time>2021-01-17T08:44:41Z</time></trkpt><trkpt lat="43.606390" lon="3.430123"><ele>129.455</ele><time>2021-01-17T08:44:43Z</time></trkpt><trkpt lat="43.606398" lon="3.430127"><ele>129.607</ele><time>2021-01-17T08:44:44Z</time></trkpt><trkpt lat="43.606454" lon="3.430101"><ele>129.817</ele><time>2021-01-17T08:44:47Z</time></trkpt><trkpt lat="43.606463" lon="3.430100"><ele>130.008</ele><time>2021-01-17T08:44:48Z</time></trkpt><trkpt lat="43.606546" lon="3.430035"><ele>130.661</ele><time>2021-01-17T08:44:52Z</time></trkpt><trkpt lat="43.606577" lon="3.429985"><ele>130.819</ele><time>2021-01-17T08:44:54Z</time></trkpt><trkpt lat="43.606594" lon="3.429911"><ele>131.025</ele><time>2021-01-17T08:44:57Z</time></trkpt><trkpt lat="43.606583" lon="3.429893"><ele>131.093</ele><time>2021-01-17T08:44:58Z</time></trkpt><trkpt lat="43.606553" lon="3.429856"><ele>131.253</ele><time>2021-01-17T08:45:00Z</time></trkpt><trkpt lat="43.606469" lon="3.429738"><ele>131.482</ele><time>2021-01-17T08:45:05Z</time></trkpt><trkpt lat="43.606384" lon="3.429636"><ele>131.688</ele><time>2021-01-17T08:45:10Z</time></trkpt><trkpt lat="43.606369" lon="3.429617"><ele>131.634</ele><time>2021-01-17T08:45:11Z</time></trkpt><trkpt lat="43.606290" lon="3.429512"><ele>132.246</ele><time>2021-01-17T08:45:17Z</time></trkpt><trkpt lat="43.606239" lon="3.429463"><ele>132.688</ele><time>2021-01-17T08:45:21Z</time></trkpt><trkpt lat="43.606227" lon="3.429433"><ele>132.816</ele><time>2021-01-17T08:45:22Z</time></trkpt><trkpt lat="43.606212" lon="3.429357"><ele>132.208</ele><time>2021-01-17T08:45:24Z</time></trkpt><trkpt lat="43.606132" lon="3.429224"><ele>132.820</ele><time>2021-01-17T08:45:29Z</time></trkpt><trkpt lat="43.606139" lon="3.429141"><ele>132.878</ele><time>2021-01-17T08:45:32Z</time></trkpt><trkpt lat="43.606134" lon="3.429119"><ele>133.014</ele><time>2021-01-17T08:45:33Z</time></trkpt><trkpt lat="43.606145" lon="3.429110"><ele>133.462</ele><time>2021-01-17T08:45:35Z</time></trkpt><trkpt lat="43.606152" lon="3.429116"><ele>134.022</ele><time>2021-01-17T08:45:36Z</time></trkpt><trkpt lat="43.606162" lon="3.429124"><ele>134.411</ele><time>2021-01-17T08:45:37Z</time></trkpt><trkpt lat="43.606182" lon="3.429133"><ele>135.067</ele><time>2021-01-17T08:45:39Z</time></trkpt><trkpt lat="43.606215" lon="3.429111"><ele>135.643</ele><time>2021-01-17T08:45:41Z</time></trkpt><trkpt lat="43.606291" lon="3.429038"><ele>136.293</ele><time>2021-01-17T08:45:45Z</time></trkpt><trkpt lat="43.606335" lon="3.428966"><ele>136.465</ele><time>2021-01-17T08:45:48Z</time></trkpt><trkpt lat="43.606352" lon="3.428938"><ele>136.821</ele><time>2021-01-17T08:45:49Z</time></trkpt><trkpt lat="43.606386" lon="3.428867"><ele>137.208</ele><time>2021-01-17T08:45:51Z</time></trkpt><trkpt lat="43.606408" lon="3.428832"><ele>137.495</ele><time>2021-01-17T08:45:52Z</time></trkpt><trkpt lat="43.606521" lon="3.428739"><ele>138.493</ele><time>2021-01-17T08:45:57Z</time></trkpt><trkpt lat="43.606555" lon="3.428722"><ele>138.859</ele><time>2021-01-17T08:45:59Z</time></trkpt><trkpt lat="43.606587" lon="3.428712"><ele>139.677</ele><time>2021-01-17T08:46:01Z</time></trkpt><trkpt lat="43.606637" lon="3.428698"><ele>140.667</ele><time>2021-01-17T08:46:04Z</time></trkpt><trkpt lat="43.606716" lon="3.428660"><ele>142.056</ele><time>2021-01-17T08:46:08Z</time></trkpt><trkpt lat="43.606743" lon="3.428646"><ele>143.052</ele><time>2021-01-17T08:46:11Z</time></trkpt><trkpt lat="43.606745" lon="3.428648"><ele>143.448</ele><time>2021-01-17T08:46:13Z</time></trkpt><trkpt lat="43.606720" lon="3.428629"><ele>143.496</ele><time>2021-01-17T08:46:16Z</time></trkpt><trkpt lat="43.606688" lon="3.428634"><ele>143.031</ele><time>2021-01-17T08:46:18Z</time></trkpt><trkpt lat="43.606648" lon="3.428646"><ele>142.224</ele><time>2021-01-17T08:46:20Z</time></trkpt><trkpt lat="43.606626" lon="3.428654"><ele>142.008</ele><time>2021-01-17T08:46:21Z</time></trkpt><trkpt lat="43.606539" lon="3.428694"><ele>140.835</ele><time>2021-01-17T08:46:25Z</time></trkpt><trkpt lat="43.606480" lon="3.428724"><ele>138.283</ele><time>2021-01-17T08:46:28Z</time></trkpt><trkpt lat="43.606409" lon="3.428724"><ele>138.479</ele><time>2021-01-17T08:46:31Z</time></trkpt><trkpt lat="43.606300" lon="3.428635"><ele>138.687</ele><time>2021-01-17T08:46:37Z</time></trkpt><trkpt lat="43.606261" lon="3.428598"><ele>138.857</ele><time>2021-01-17T08:46:39Z</time></trkpt><trkpt lat="43.606157" lon="3.428548"><ele>139.226</ele><time>2021-01-17T08:46:44Z</time></trkpt><trkpt lat="43.606133" lon="3.428543"><ele>139.252</ele><time>2021-01-17T08:46:45Z</time></trkpt><trkpt lat="43.606009" lon="3.428534"><ele>140.018</ele><time>2021-01-17T08:46:51Z</time></trkpt><trkpt lat="43.605965" lon="3.428528"><ele>140.237</ele><time>2021-01-17T08:46:53Z</time></trkpt><trkpt lat="43.605898" lon="3.428524"><ele>140.849</ele><time>2021-01-17T08:46:56Z</time></trkpt><trkpt lat="43.605831" lon="3.428507"><ele>141.413</ele><time>2021-01-17T08:46:59Z</time></trkpt><trkpt lat="43.605696" lon="3.428418"><ele>141.408</ele><time>2021-01-17T08:47:06Z</time></trkpt><trkpt lat="43.605683" lon="3.428388"><ele>141.479</ele><time>2021-01-17T08:47:07Z</time></trkpt><trkpt lat="43.605592" lon="3.428198"><ele>142.297</ele><time>2021-01-17T08:47:15Z</time></trkpt><trkpt lat="43.605577" lon="3.428177"><ele>142.413</ele><time>2021-01-17T08:47:16Z</time></trkpt><trkpt lat="43.605486" lon="3.428076"><ele>142.441</ele><time>2021-01-17T08:47:21Z</time></trkpt><trkpt lat="43.605378" lon="3.428044"><ele>142.241</ele><time>2021-01-17T08:47:26Z</time></trkpt><trkpt lat="43.605207" lon="3.428084"><ele>142.230</ele><time>2021-01-17T08:47:33Z</time></trkpt><trkpt lat="43.605062" lon="3.428128"><ele>142.646</ele><time>2021-01-17T08:47:39Z</time></trkpt><trkpt lat="43.604932" lon="3.428176"><ele>142.852</ele><time>2021-01-17T08:47:45Z</time></trkpt><trkpt lat="43.604910" lon="3.428185"><ele>142.892</ele><time>2021-01-17T08:47:46Z</time></trkpt><trkpt lat="43.604891" lon="3.428192"><ele>143.073</ele><time>2021-01-17T08:47:47Z</time></trkpt><trkpt lat="43.604704" lon="3.428228"><ele>143.220</ele><time>2021-01-17T08:47:55Z</time></trkpt><trkpt lat="43.604681" lon="3.428229"><ele>143.208</ele><time>2021-01-17T08:47:56Z</time></trkpt><trkpt lat="43.604503" lon="3.428247"><ele>143.425</ele><time>2021-01-17T08:48:04Z</time></trkpt><trkpt lat="43.604341" lon="3.428248"><ele>144.013</ele><time>2021-01-17T08:48:11Z</time></trkpt><trkpt lat="43.604187" lon="3.428235"><ele>144.489</ele><time>2021-01-17T08:48:17Z</time></trkpt><trkpt lat="43.604164" lon="3.428225"><ele>144.657</ele><time>2021-01-17T08:48:18Z</time></trkpt><trkpt lat="43.603971" lon="3.428169"><ele>145.087</ele><time>2021-01-17T08:48:26Z</time></trkpt><trkpt lat="43.603926" lon="3.428156"><ele>145.076</ele><time>2021-01-17T08:48:28Z</time></trkpt><trkpt lat="43.603904" lon="3.428147"><ele>144.812</ele><time>2021-01-17T08:48:29Z</time></trkpt><trkpt lat="43.603725" lon="3.428079"><ele>144.638</ele><time>2021-01-17T08:48:36Z</time></trkpt><trkpt lat="43.603660" lon="3.428020"><ele>144.465</ele><time>2021-01-17T08:48:39Z</time></trkpt><trkpt lat="43.603647" lon="3.427993"><ele>144.468</ele><time>2021-01-17T08:48:40Z</time></trkpt><trkpt lat="43.603593" lon="3.427924"><ele>144.014</ele><time>2021-01-17T08:48:43Z</time></trkpt><trkpt lat="43.603538" lon="3.427846"><ele>143.408</ele><time>2021-01-17T08:48:46Z</time></trkpt><trkpt lat="43.603501" lon="3.427756"><ele>142.852</ele><time>2021-01-17T08:48:49Z</time></trkpt><trkpt lat="43.603446" lon="3.427649"><ele>142.440</ele><time>2021-01-17T08:48:53Z</time></trkpt><trkpt lat="43.603432" lon="3.427615"><ele>142.266</ele><time>2021-01-17T08:48:54Z</time></trkpt><trkpt lat="43.603405" lon="3.427548"><ele>142.044</ele><time>2021-01-17T08:48:56Z</time></trkpt><trkpt lat="43.603369" lon="3.427493"><ele>141.614</ele><time>2021-01-17T08:48:58Z</time></trkpt><trkpt lat="43.603327" lon="3.427446"><ele>141.293</ele><time>2021-01-17T08:49:00Z</time></trkpt><trkpt lat="43.603219" lon="3.427374"><ele>140.299</ele><time>2021-01-17T08:49:05Z</time></trkpt><trkpt lat="43.603197" lon="3.427366"><ele>140.265</ele><time>2021-01-17T08:49:06Z</time></trkpt><trkpt lat="43.603127" lon="3.427273"><ele>140.041</ele><time>2021-01-17T08:49:11Z</time></trkpt><trkpt lat="43.603113" lon="3.427080"><ele>140.281</ele><time>2021-01-17T08:49:18Z</time></trkpt><trkpt lat="43.603115" lon="3.426987"><ele>141.209</ele><time>2021-01-17T08:49:21Z</time></trkpt><trkpt lat="43.603102" lon="3.426825"><ele>142.208</ele><time>2021-01-17T08:49:27Z</time></trkpt><trkpt lat="43.603093" lon="3.426800"><ele>142.490</ele><time>2021-01-17T08:49:28Z</time></trkpt><trkpt lat="43.603059" lon="3.426678"><ele>142.828</ele><time>2021-01-17T08:49:32Z</time></trkpt><trkpt lat="43.603051" lon="3.426651"><ele>143.044</ele><time>2021-01-17T08:49:33Z</time></trkpt><trkpt lat="43.603023" lon="3.426557"><ele>143.462</ele><time>2021-01-17T08:49:37Z</time></trkpt><trkpt lat="43.603020" lon="3.426530"><ele>143.622</ele><time>2021-01-17T08:49:38Z</time></trkpt><trkpt lat="43.603023" lon="3.426484"><ele>144.251</ele><time>2021-01-17T08:49:40Z</time></trkpt><trkpt lat="43.603039" lon="3.426432"><ele>144.677</ele><time>2021-01-17T08:49:42Z</time></trkpt><trkpt lat="43.603045" lon="3.426406"><ele>145.073</ele><time>2021-01-17T08:49:43Z</time></trkpt><trkpt lat="43.603064" lon="3.426314"><ele>145.847</ele><time>2021-01-17T08:49:47Z</time></trkpt><trkpt lat="43.603071" lon="3.426245"><ele>146.429</ele><time>2021-01-17T08:49:50Z</time></trkpt><trkpt lat="43.603070" lon="3.426194"><ele>147.021</ele><time>2021-01-17T08:49:52Z</time></trkpt><trkpt lat="43.603080" lon="3.426074"><ele>148.208</ele><time>2021-01-17T08:49:56Z</time></trkpt><trkpt lat="43.603080" lon="3.426010"><ele>148.870</ele><time>2021-01-17T08:49:58Z</time></trkpt><trkpt lat="43.603049" lon="3.425902"><ele>149.218</ele><time>2021-01-17T08:50:02Z</time></trkpt><trkpt lat="43.603015" lon="3.425817"><ele>149.874</ele><time>2021-01-17T08:50:05Z</time></trkpt><trkpt lat="43.602991" lon="3.425737"><ele>150.212</ele><time>2021-01-17T08:50:08Z</time></trkpt><trkpt lat="43.602950" lon="3.425615"><ele>151.032</ele><time>2021-01-17T08:50:13Z</time></trkpt><trkpt lat="43.602941" lon="3.425564"><ele>151.271</ele><time>2021-01-17T08:50:15Z</time></trkpt><trkpt lat="43.602907" lon="3.425454"><ele>152.067</ele><time>2021-01-17T08:50:19Z</time></trkpt><trkpt lat="43.602897" lon="3.425430"><ele>152.273</ele><time>2021-01-17T08:50:20Z</time></trkpt><trkpt lat="43.602888" lon="3.425405"><ele>152.449</ele><time>2021-01-17T08:50:21Z</time></trkpt><trkpt lat="43.602852" lon="3.425286"><ele>153.202</ele><time>2021-01-17T08:50:26Z</time></trkpt><trkpt lat="43.602837" lon="3.425240"><ele>153.622</ele><time>2021-01-17T08:50:28Z</time></trkpt><trkpt lat="43.602812" lon="3.425117"><ele>154.808</ele><time>2021-01-17T08:50:33Z</time></trkpt><trkpt lat="43.602781" lon="3.424994"><ele>156.040</ele><time>2021-01-17T08:50:38Z</time></trkpt><trkpt lat="43.602763" lon="3.424975"><ele>156.228</ele><time>2021-01-17T08:50:39Z</time></trkpt><trkpt lat="43.602744" lon="3.424959"><ele>156.454</ele><time>2021-01-17T08:50:40Z</time></trkpt><trkpt lat="43.602584" lon="3.424928"><ele>155.462</ele><time>2021-01-17T08:50:47Z</time></trkpt><trkpt lat="43.602492" lon="3.424951"><ele>155.082</ele><time>2021-01-17T08:50:50Z</time></trkpt><trkpt lat="43.602389" lon="3.424964"><ele>154.891</ele><time>2021-01-17T08:50:54Z</time></trkpt><trkpt lat="43.602230" lon="3.424955"><ele>155.087</ele><time>2021-01-17T08:51:01Z</time></trkpt><trkpt lat="43.602072" lon="3.424840"><ele>155.823</ele><time>2021-01-17T08:51:09Z</time></trkpt><trkpt lat="43.602053" lon="3.424822"><ele>156.056</ele><time>2021-01-17T08:51:10Z</time></trkpt><trkpt lat="43.601907" lon="3.424682"><ele>157.059</ele><time>2021-01-17T08:51:18Z</time></trkpt><trkpt lat="43.601890" lon="3.424669"><ele>157.214</ele><time>2021-01-17T08:51:19Z</time></trkpt><trkpt lat="43.601748" lon="3.424571"><ele>158.008</ele><time>2021-01-17T08:51:27Z</time></trkpt><trkpt lat="43.601659" lon="3.424521"><ele>158.471</ele><time>2021-01-17T08:51:31Z</time></trkpt><trkpt lat="43.601580" lon="3.424462"><ele>159.099</ele><time>2021-01-17T08:51:36Z</time></trkpt><trkpt lat="43.601517" lon="3.424445"><ele>159.695</ele><time>2021-01-17T08:51:39Z</time></trkpt><trkpt lat="43.601435" lon="3.424423"><ele>160.063</ele><time>2021-01-17T08:51:43Z</time></trkpt><trkpt lat="43.601358" lon="3.424411"><ele>160.613</ele><time>2021-01-17T08:51:47Z</time></trkpt><trkpt lat="43.601338" lon="3.424408"><ele>160.832</ele><time>2021-01-17T08:51:48Z</time></trkpt><trkpt lat="43.601278" lon="3.424400"><ele>161.258</ele><time>2021-01-17T08:51:51Z</time></trkpt><trkpt lat="43.601190" lon="3.424394"><ele>161.854</ele><time>2021-01-17T08:51:55Z</time></trkpt><trkpt lat="43.601147" lon="3.424398"><ele>162.218</ele><time>2021-01-17T08:51:57Z</time></trkpt><trkpt lat="43.601048" lon="3.424408"><ele>163.498</ele><time>2021-01-17T08:52:02Z</time></trkpt><trkpt lat="43.601030" lon="3.424408"><ele>163.617</ele><time>2021-01-17T08:52:03Z</time></trkpt><trkpt lat="43.600939" lon="3.424380"><ele>164.608</ele><time>2021-01-17T08:52:08Z</time></trkpt><trkpt lat="43.600919" lon="3.424349"><ele>165.077</ele><time>2021-01-17T08:52:10Z</time></trkpt><trkpt lat="43.600896" lon="3.424249"><ele>165.675</ele><time>2021-01-17T08:52:14Z</time></trkpt><trkpt lat="43.600880" lon="3.424159"><ele>165.861</ele><time>2021-01-17T08:52:17Z</time></trkpt><trkpt lat="43.600863" lon="3.423983"><ele>166.619</ele><time>2021-01-17T08:52:23Z</time></trkpt><trkpt lat="43.600862" lon="3.423960"><ele>166.899</ele><time>2021-01-17T08:52:24Z</time></trkpt><trkpt lat="43.600860" lon="3.423806"><ele>167.658</ele><time>2021-01-17T08:52:30Z</time></trkpt><trkpt lat="43.600851" lon="3.423747"><ele>167.814</ele><time>2021-01-17T08:52:32Z</time></trkpt><trkpt lat="43.600850" lon="3.423601"><ele>169.020</ele><time>2021-01-17T08:52:37Z</time></trkpt><trkpt lat="43.600851" lon="3.423467"><ele>170.236</ele><time>2021-01-17T08:52:42Z</time></trkpt><trkpt lat="43.600849" lon="3.423442"><ele>170.417</ele><time>2021-01-17T08:52:43Z</time></trkpt><trkpt lat="43.600841" lon="3.423357"><ele>171.218</ele><time>2021-01-17T08:52:46Z</time></trkpt><trkpt lat="43.600828" lon="3.423271"><ele>172.208</ele><time>2021-01-17T08:52:49Z</time></trkpt><trkpt lat="43.600825" lon="3.423243"><ele>172.419</ele><time>2021-01-17T08:52:50Z</time></trkpt><trkpt lat="43.600808" lon="3.423108"><ele>173.287</ele><time>2021-01-17T08:52:55Z</time></trkpt><trkpt lat="43.600791" lon="3.423049"><ele>173.263</ele><time>2021-01-17T08:52:57Z</time></trkpt><trkpt lat="43.600744" lon="3.422807"><ele>173.881</ele><time>2021-01-17T08:53:06Z</time></trkpt><trkpt lat="43.600726" lon="3.422735"><ele>174.431</ele><time>2021-01-17T08:53:09Z</time></trkpt><trkpt lat="43.600698" lon="3.422670"><ele>175.020</ele><time>2021-01-17T08:53:12Z</time></trkpt><trkpt lat="43.600693" lon="3.422644"><ele>175.256</ele><time>2021-01-17T08:53:13Z</time></trkpt><trkpt lat="43.600687" lon="3.422585"><ele>175.632</ele><time>2021-01-17T08:53:15Z</time></trkpt><trkpt lat="43.600677" lon="3.422560"><ele>175.815</ele><time>2021-01-17T08:53:16Z</time></trkpt><trkpt lat="43.600644" lon="3.422491"><ele>176.665</ele><time>2021-01-17T08:53:19Z</time></trkpt><trkpt lat="43.600603" lon="3.422408"><ele>177.411</ele><time>2021-01-17T08:53:23Z</time></trkpt><trkpt lat="43.600579" lon="3.422376"><ele>177.808</ele><time>2021-01-17T08:53:25Z</time></trkpt><trkpt lat="43.600562" lon="3.422361"><ele>178.257</ele><time>2021-01-17T08:53:26Z</time></trkpt><trkpt lat="43.600522" lon="3.422330"><ele>178.875</ele><time>2021-01-17T08:53:28Z</time></trkpt><trkpt lat="43.600504" lon="3.422314"><ele>179.051</ele><time>2021-01-17T08:53:29Z</time></trkpt><trkpt lat="43.600415" lon="3.422238"><ele>180.079</ele><time>2021-01-17T08:53:34Z</time></trkpt><trkpt lat="43.600354" lon="3.422185"><ele>180.679</ele><time>2021-01-17T08:53:38Z</time></trkpt><trkpt lat="43.600233" lon="3.422127"><ele>181.038</ele><time>2021-01-17T08:53:44Z</time></trkpt><trkpt lat="43.600214" lon="3.422112"><ele>181.054</ele><time>2021-01-17T08:53:45Z</time></trkpt><trkpt lat="43.600088" lon="3.422040"><ele>181.870</ele><time>2021-01-17T08:53:52Z</time></trkpt><trkpt lat="43.600069" lon="3.422034"><ele>181.821</ele><time>2021-01-17T08:53:53Z</time></trkpt><trkpt lat="43.599966" lon="3.421987"><ele>182.041</ele><time>2021-01-17T08:53:58Z</time></trkpt><trkpt lat="43.599830" lon="3.421895"><ele>183.205</ele><time>2021-01-17T08:54:05Z</time></trkpt><trkpt lat="43.599719" lon="3.421819"><ele>184.408</ele><time>2021-01-17T08:54:11Z</time></trkpt><trkpt lat="43.599680" lon="3.421801"><ele>184.858</ele><time>2021-01-17T08:54:13Z</time></trkpt><trkpt lat="43.599583" lon="3.421762"><ele>185.496</ele><time>2021-01-17T08:54:18Z</time></trkpt><trkpt lat="43.599533" lon="3.421739"><ele>185.692</ele><time>2021-01-17T08:54:21Z</time></trkpt><trkpt lat="43.599392" lon="3.421631"><ele>186.210</ele><time>2021-01-17T08:54:28Z</time></trkpt><trkpt lat="43.599358" lon="3.421573"><ele>186.490</ele><time>2021-01-17T08:54:30Z</time></trkpt><trkpt lat="43.599304" lon="3.421458"><ele>187.669</ele><time>2021-01-17T08:54:35Z</time></trkpt><trkpt lat="43.599251" lon="3.421347"><ele>188.065</ele><time>2021-01-17T08:54:40Z</time></trkpt><trkpt lat="43.599151" lon="3.421200"><ele>188.291</ele><time>2021-01-17T08:54:47Z</time></trkpt><trkpt lat="43.599121" lon="3.421161"><ele>188.835</ele><time>2021-01-17T08:54:49Z</time></trkpt><trkpt lat="43.599067" lon="3.421092"><ele>189.086</ele><time>2021-01-17T08:54:53Z</time></trkpt><trkpt lat="43.599002" lon="3.420999"><ele>190.014</ele><time>2021-01-17T08:54:59Z</time></trkpt><trkpt lat="43.598988" lon="3.420977"><ele>190.408</ele><time>2021-01-17T08:55:00Z</time></trkpt><trkpt lat="43.598849" lon="3.420844"><ele>190.279</ele><time>2021-01-17T08:55:07Z</time></trkpt><trkpt lat="43.598788" lon="3.420787"><ele>188.897</ele><time>2021-01-17T08:55:10Z</time></trkpt><trkpt lat="43.598720" lon="3.420737"><ele>187.413</ele><time>2021-01-17T08:55:13Z</time></trkpt><trkpt lat="43.598695" lon="3.420722"><ele>186.881</ele><time>2021-01-17T08:55:14Z</time></trkpt><trkpt lat="43.598671" lon="3.420708"><ele>186.261</ele><time>2021-01-17T08:55:15Z</time></trkpt><trkpt lat="43.598649" lon="3.420689"><ele>185.670</ele><time>2021-01-17T08:55:16Z</time></trkpt><trkpt lat="43.598623" lon="3.420665"><ele>185.226</ele><time>2021-01-17T08:55:17Z</time></trkpt><trkpt lat="43.598575" lon="3.420621"><ele>184.032</ele><time>2021-01-17T08:55:19Z</time></trkpt><trkpt lat="43.598506" lon="3.420501"><ele>182.881</ele><time>2021-01-17T08:55:23Z</time></trkpt><trkpt lat="43.598463" lon="3.420416"><ele>182.261</ele><time>2021-01-17T08:55:26Z</time></trkpt><trkpt lat="43.598405" lon="3.420302"><ele>182.017</ele><time>2021-01-17T08:55:30Z</time></trkpt><trkpt lat="43.598344" lon="3.420189"><ele>182.208</ele><time>2021-01-17T08:55:35Z</time></trkpt><trkpt lat="43.598265" lon="3.420127"><ele>183.034</ele><time>2021-01-17T08:55:40Z</time></trkpt><trkpt lat="43.598188" lon="3.420054"><ele>183.822</ele><time>2021-01-17T08:55:44Z</time></trkpt><trkpt lat="43.598155" lon="3.420025"><ele>184.478</ele><time>2021-01-17T08:55:46Z</time></trkpt><trkpt lat="43.598128" lon="3.419997"><ele>185.066</ele><time>2021-01-17T08:55:48Z</time></trkpt><trkpt lat="43.598110" lon="3.419971"><ele>186.266</ele><time>2021-01-17T08:55:51Z</time></trkpt><trkpt lat="43.598115" lon="3.419967"><ele>186.425</ele><time>2021-01-17T08:55:52Z</time></trkpt><trkpt lat="43.598162" lon="3.419956"><ele>187.281</ele><time>2021-01-17T08:55:56Z</time></trkpt><trkpt lat="43.598205" lon="3.419938"><ele>187.837</ele><time>2021-01-17T08:55:58Z</time></trkpt><trkpt lat="43.598262" lon="3.419879"><ele>188.019</ele><time>2021-01-17T08:56:02Z</time></trkpt><trkpt lat="43.598291" lon="3.419860"><ele>188.409</ele><time>2021-01-17T08:56:04Z</time></trkpt><trkpt lat="43.598300" lon="3.419841"><ele>189.219</ele><time>2021-01-17T08:56:07Z</time></trkpt><trkpt lat="43.598295" lon="3.419830"><ele>189.608</ele><time>2021-01-17T08:56:08Z</time></trkpt><trkpt lat="43.598284" lon="3.419827"><ele>189.897</ele><time>2021-01-17T08:56:09Z</time></trkpt><trkpt lat="43.598288" lon="3.419784"><ele>191.015</ele><time>2021-01-17T08:56:12Z</time></trkpt><trkpt lat="43.598300" lon="3.419769"><ele>191.631</ele><time>2021-01-17T08:56:14Z</time></trkpt><trkpt lat="43.598310" lon="3.419762"><ele>192.069</ele><time>2021-01-17T08:56:15Z</time></trkpt><trkpt lat="43.598331" lon="3.419749"><ele>193.479</ele><time>2021-01-17T08:56:18Z</time></trkpt><trkpt lat="43.598335" lon="3.419744"><ele>193.848</ele><time>2021-01-17T08:56:19Z</time></trkpt><trkpt lat="43.598339" lon="3.419739"><ele>194.234</ele><time>2021-01-17T08:56:20Z</time></trkpt><trkpt lat="43.598353" lon="3.419733"><ele>194.440</ele><time>2021-01-17T08:56:22Z</time></trkpt><trkpt lat="43.598368" lon="3.419721"><ele>194.829</ele><time>2021-01-17T08:56:24Z</time></trkpt><trkpt lat="43.598377" lon="3.419698"><ele>195.600</ele><time>2021-01-17T08:56:27Z</time></trkpt><trkpt lat="43.598400" lon="3.419700"><ele>196.820</ele><time>2021-01-17T08:56:30Z</time></trkpt><trkpt lat="43.598403" lon="3.419689"><ele>197.208</ele><time>2021-01-17T08:56:32Z</time></trkpt><trkpt lat="43.598409" lon="3.419643"><ele>197.858</ele><time>2021-01-17T08:56:36Z</time></trkpt><trkpt lat="43.598414" lon="3.419638"><ele>198.296</ele><time>2021-01-17T08:56:37Z</time></trkpt><trkpt lat="43.598421" lon="3.419637"><ele>198.472</ele><time>2021-01-17T08:56:38Z</time></trkpt><trkpt lat="43.598444" lon="3.419633"><ele>199.070</ele><time>2021-01-17T08:56:40Z</time></trkpt><trkpt lat="43.598459" lon="3.419631"><ele>199.250</ele><time>2021-01-17T08:56:41Z</time></trkpt><trkpt lat="43.598485" lon="3.419625"><ele>199.679</ele><time>2021-01-17T08:56:43Z</time></trkpt><trkpt lat="43.598541" lon="3.419604"><ele>200.065</ele><time>2021-01-17T08:56:47Z</time></trkpt><trkpt lat="43.598560" lon="3.419617"><ele>200.441</ele><time>2021-01-17T08:56:49Z</time></trkpt><trkpt lat="43.598564" lon="3.419625"><ele>201.277</ele><time>2021-01-17T08:56:51Z</time></trkpt><trkpt lat="43.598569" lon="3.419621"><ele>201.661</ele><time>2021-01-17T08:56:52Z</time></trkpt><trkpt lat="43.598579" lon="3.419615"><ele>201.827</ele><time>2021-01-17T08:56:53Z</time></trkpt><trkpt lat="43.598606" lon="3.419604"><ele>202.408</ele><time>2021-01-17T08:56:55Z</time></trkpt><trkpt lat="43.598614" lon="3.419599"><ele>202.833</ele><time>2021-01-17T08:56:56Z</time></trkpt><trkpt lat="43.598624" lon="3.419563"><ele>203.651</ele><time>2021-01-17T08:56:59Z</time></trkpt><trkpt lat="43.598626" lon="3.419545"><ele>204.067</ele><time>2021-01-17T08:57:00Z</time></trkpt><trkpt lat="43.598617" lon="3.419521"><ele>204.885</ele><time>2021-01-17T08:57:02Z</time></trkpt><trkpt lat="43.598583" lon="3.419485"><ele>206.035</ele><time>2021-01-17T08:57:06Z</time></trkpt><trkpt lat="43.598577" lon="3.419480"><ele>206.254</ele><time>2021-01-17T08:57:07Z</time></trkpt><trkpt lat="43.598578" lon="3.419450"><ele>206.680</ele><time>2021-01-17T08:57:09Z</time></trkpt><trkpt lat="43.598578" lon="3.419420"><ele>207.056</ele><time>2021-01-17T08:57:12Z</time></trkpt><trkpt lat="43.598577" lon="3.419414"><ele>207.476</ele><time>2021-01-17T08:57:13Z</time></trkpt><trkpt lat="43.598578" lon="3.419406"><ele>208.490</ele><time>2021-01-17T08:57:15Z</time></trkpt><trkpt lat="43.598593" lon="3.419387"><ele>209.819</ele><time>2021-01-17T08:57:18Z</time></trkpt><trkpt lat="43.598609" lon="3.419385"><ele>210.408</ele><time>2021-01-17T08:57:20Z</time></trkpt><trkpt lat="43.598632" lon="3.419391"><ele>210.673</ele><time>2021-01-17T08:57:22Z</time></trkpt><trkpt lat="43.598641" lon="3.419394"><ele>210.831</ele><time>2021-01-17T08:57:23Z</time></trkpt><trkpt lat="43.598665" lon="3.419391"><ele>211.047</ele><time>2021-01-17T08:57:26Z</time></trkpt><trkpt lat="43.598685" lon="3.419356"><ele>212.025</ele><time>2021-01-17T08:57:30Z</time></trkpt><trkpt lat="43.598690" lon="3.419343"><ele>212.485</ele><time>2021-01-17T08:57:31Z</time></trkpt><trkpt lat="43.598697" lon="3.419338"><ele>213.034</ele><time>2021-01-17T08:57:33Z</time></trkpt><trkpt lat="43.598699" lon="3.419337"><ele>213.490</ele><time>2021-01-17T08:57:34Z</time></trkpt><trkpt lat="43.598714" lon="3.419319"><ele>214.056</ele><time>2021-01-17T08:57:36Z</time></trkpt><trkpt lat="43.598719" lon="3.419308"><ele>214.654</ele><time>2021-01-17T08:57:38Z</time></trkpt><trkpt lat="43.598724" lon="3.419294"><ele>215.456</ele><time>2021-01-17T08:57:40Z</time></trkpt><trkpt lat="43.598722" lon="3.419287"><ele>216.011</ele><time>2021-01-17T08:57:42Z</time></trkpt><trkpt lat="43.598724" lon="3.419285"><ele>216.208</ele><time>2021-01-17T08:57:43Z</time></trkpt><trkpt lat="43.598745" lon="3.419270"><ele>216.461</ele><time>2021-01-17T08:57:45Z</time></trkpt><trkpt lat="43.598771" lon="3.419253"><ele>216.689</ele><time>2021-01-17T08:57:48Z</time></trkpt><trkpt lat="43.598802" lon="3.419231"><ele>217.635</ele><time>2021-01-17T08:57:51Z</time></trkpt><trkpt lat="43.598833" lon="3.419201"><ele>218.813</ele><time>2021-01-17T08:57:55Z</time></trkpt><trkpt lat="43.598841" lon="3.419193"><ele>219.483</ele><time>2021-01-17T08:57:57Z</time></trkpt><trkpt lat="43.598834" lon="3.419177"><ele>220.012</ele><time>2021-01-17T08:58:00Z</time></trkpt><trkpt lat="43.598824" lon="3.419166"><ele>220.248</ele><time>2021-01-17T08:58:02Z</time></trkpt><trkpt lat="43.598829" lon="3.419149"><ele>221.434</ele><time>2021-01-17T08:58:05Z</time></trkpt><trkpt lat="43.598837" lon="3.419135"><ele>222.438</ele><time>2021-01-17T08:58:07Z</time></trkpt><trkpt lat="43.598839" lon="3.419126"><ele>223.070</ele><time>2021-01-17T08:58:08Z</time></trkpt><trkpt lat="43.598851" lon="3.419113"><ele>223.617</ele><time>2021-01-17T08:58:10Z</time></trkpt><trkpt lat="43.598892" lon="3.419092"><ele>224.208</ele><time>2021-01-17T08:58:14Z</time></trkpt><trkpt lat="43.598919" lon="3.419077"><ele>224.829</ele><time>2021-01-17T08:58:17Z</time></trkpt><trkpt lat="43.598924" lon="3.419065"><ele>225.017</ele><time>2021-01-17T08:58:18Z</time></trkpt><trkpt lat="43.598933" lon="3.419043"><ele>225.623</ele><time>2021-01-17T08:58:20Z</time></trkpt><trkpt lat="43.598932" lon="3.419028"><ele>225.821</ele><time>2021-01-17T08:58:21Z</time></trkpt><trkpt lat="43.598916" lon="3.419006"><ele>226.651</ele><time>2021-01-17T08:58:23Z</time></trkpt><trkpt lat="43.598908" lon="3.419000"><ele>227.070</ele><time>2021-01-17T08:58:24Z</time></trkpt><trkpt lat="43.598900" lon="3.418995"><ele>227.476</ele><time>2021-01-17T08:58:25Z</time></trkpt><trkpt lat="43.598894" lon="3.418994"><ele>227.672</ele><time>2021-01-17T08:58:26Z</time></trkpt><trkpt lat="43.598889" lon="3.418994"><ele>228.276</ele><time>2021-01-17T08:58:28Z</time></trkpt><trkpt lat="43.598879" lon="3.418982"><ele>228.490</ele><time>2021-01-17T08:58:30Z</time></trkpt><trkpt lat="43.598872" lon="3.418970"><ele>228.419</ele><time>2021-01-17T08:58:31Z</time></trkpt><trkpt lat="43.598858" lon="3.418949"><ele>228.408</ele><time>2021-01-17T08:58:35Z</time></trkpt><trkpt lat="43.598861" lon="3.418948"><ele>228.463</ele><time>2021-01-17T08:58:38Z</time></trkpt><trkpt lat="43.598842" lon="3.418935"><ele>228.451</ele><time>2021-01-17T08:58:41Z</time></trkpt><trkpt lat="43.598822" lon="3.418903"><ele>228.227</ele><time>2021-01-17T08:58:43Z</time></trkpt><trkpt lat="43.598785" lon="3.418792"><ele>227.415</ele><time>2021-01-17T08:58:48Z</time></trkpt><trkpt lat="43.598788" lon="3.418773"><ele>227.485</ele><time>2021-01-17T08:58:49Z</time></trkpt><trkpt lat="43.598796" lon="3.418757"><ele>227.494</ele><time>2021-01-17T08:58:50Z</time></trkpt><trkpt lat="43.598826" lon="3.418692"><ele>229.070</ele><time>2021-01-17T08:58:56Z</time></trkpt><trkpt lat="43.598821" lon="3.418697"><ele>229.056</ele><time>2021-01-17T08:58:57Z</time></trkpt><trkpt lat="43.598816" lon="3.418729"><ele>229.069</ele><time>2021-01-17T08:59:03Z</time></trkpt><trkpt lat="43.598834" lon="3.418674"><ele>229.404</ele><time>2021-01-17T08:59:11Z</time></trkpt><trkpt lat="43.598842" lon="3.418623"><ele>230.624</ele><time>2021-01-17T08:59:13Z</time></trkpt><trkpt lat="43.598866" lon="3.418560"><ele>231.608</ele><time>2021-01-17T08:59:16Z</time></trkpt><trkpt lat="43.598871" lon="3.418536"><ele>231.882</ele><time>2021-01-17T08:59:17Z</time></trkpt><trkpt lat="43.598882" lon="3.418514"><ele>232.240</ele><time>2021-01-17T08:59:18Z</time></trkpt><trkpt lat="43.598904" lon="3.418479"><ele>232.826</ele><time>2021-01-17T08:59:20Z</time></trkpt><trkpt lat="43.598926" lon="3.418459"><ele>233.894</ele><time>2021-01-17T08:59:22Z</time></trkpt><trkpt lat="43.598941" lon="3.418454"><ele>234.224</ele><time>2021-01-17T08:59:23Z</time></trkpt><trkpt lat="43.598954" lon="3.418445"><ele>235.063</ele><time>2021-01-17T08:59:25Z</time></trkpt><trkpt lat="43.598979" lon="3.418425"><ele>235.419</ele><time>2021-01-17T08:59:27Z</time></trkpt><trkpt lat="43.598991" lon="3.418426"><ele>235.645</ele><time>2021-01-17T08:59:28Z</time></trkpt><trkpt lat="43.599016" lon="3.418440"><ele>236.683</ele><time>2021-01-17T08:59:30Z</time></trkpt><trkpt lat="43.599028" lon="3.418438"><ele>237.425</ele><time>2021-01-17T08:59:31Z</time></trkpt><trkpt lat="43.599034" lon="3.418434"><ele>238.017</ele><time>2021-01-17T08:59:32Z</time></trkpt><trkpt lat="43.599041" lon="3.418419"><ele>239.208</ele><time>2021-01-17T08:59:34Z</time></trkpt><trkpt lat="43.599035" lon="3.418390"><ele>240.054</ele><time>2021-01-17T08:59:37Z</time></trkpt><trkpt lat="43.599032" lon="3.418381"><ele>240.232</ele><time>2021-01-17T08:59:38Z</time></trkpt><trkpt lat="43.599051" lon="3.418373"><ele>241.458</ele><time>2021-01-17T08:59:43Z</time></trkpt><trkpt lat="43.599066" lon="3.418384"><ele>241.846</ele><time>2021-01-17T08:59:45Z</time></trkpt><trkpt lat="43.599109" lon="3.418403"><ele>242.686</ele><time>2021-01-17T08:59:48Z</time></trkpt><trkpt lat="43.599121" lon="3.418400"><ele>243.025</ele><time>2021-01-17T08:59:49Z</time></trkpt><trkpt lat="43.599145" lon="3.418401"><ele>243.871</ele><time>2021-01-17T08:59:52Z</time></trkpt><trkpt lat="43.599171" lon="3.418402"><ele>244.297</ele><time>2021-01-17T08:59:55Z</time></trkpt><trkpt lat="43.599180" lon="3.418390"><ele>244.614</ele><time>2021-01-17T08:59:56Z</time></trkpt><trkpt lat="43.599188" lon="3.418378"><ele>244.854</ele><time>2021-01-17T08:59:57Z</time></trkpt><trkpt lat="43.599232" lon="3.418319"><ele>246.009</ele><time>2021-01-17T09:00:02Z</time></trkpt><trkpt lat="43.599273" lon="3.418284"><ele>246.808</ele><time>2021-01-17T09:00:06Z</time></trkpt><trkpt lat="43.599307" lon="3.418270"><ele>247.097</ele><time>2021-01-17T09:00:08Z</time></trkpt><trkpt lat="43.599336" lon="3.418233"><ele>247.655</ele><time>2021-01-17T09:00:11Z</time></trkpt><trkpt lat="43.599340" lon="3.418208"><ele>247.861</ele><time>2021-01-17T09:00:13Z</time></trkpt><trkpt lat="43.599343" lon="3.418195"><ele>248.089</ele><time>2021-01-17T09:00:14Z</time></trkpt><trkpt lat="43.599348" lon="3.418180"><ele>248.019</ele><time>2021-01-17T09:00:15Z</time></trkpt><trkpt lat="43.599362" lon="3.418170"><ele>248.668</ele><time>2021-01-17T09:00:17Z</time></trkpt><trkpt lat="43.599388" lon="3.418159"><ele>249.034</ele><time>2021-01-17T09:00:19Z</time></trkpt><trkpt lat="43.599412" lon="3.418139"><ele>249.460</ele><time>2021-01-17T09:00:21Z</time></trkpt><trkpt lat="43.599430" lon="3.418053"><ele>250.276</ele><time>2021-01-17T09:00:25Z</time></trkpt><trkpt lat="43.599464" lon="3.417974"><ele>251.290</ele><time>2021-01-17T09:00:29Z</time></trkpt><trkpt lat="43.599501" lon="3.417913"><ele>251.619</ele><time>2021-01-17T09:00:32Z</time></trkpt><trkpt lat="43.599523" lon="3.417843"><ele>252.208</ele><time>2021-01-17T09:00:35Z</time></trkpt><trkpt lat="43.599568" lon="3.417722"><ele>253.043</ele><time>2021-01-17T09:00:40Z</time></trkpt><trkpt lat="43.599619" lon="3.417649"><ele>253.251</ele><time>2021-01-17T09:00:44Z</time></trkpt><trkpt lat="43.599663" lon="3.417622"><ele>253.687</ele><time>2021-01-17T09:00:46Z</time></trkpt><trkpt lat="43.599717" lon="3.417598"><ele>254.485</ele><time>2021-01-17T09:00:49Z</time></trkpt><trkpt lat="43.599754" lon="3.417565"><ele>255.615</ele><time>2021-01-17T09:00:53Z</time></trkpt><trkpt lat="43.599760" lon="3.417528"><ele>255.874</ele><time>2021-01-17T09:00:55Z</time></trkpt><trkpt lat="43.599747" lon="3.417463"><ele>256.040</ele><time>2021-01-17T09:00:58Z</time></trkpt><trkpt lat="43.599786" lon="3.417305"><ele>256.676</ele><time>2021-01-17T09:01:05Z</time></trkpt><trkpt lat="43.599822" lon="3.417265"><ele>257.093</ele><time>2021-01-17T09:01:08Z</time></trkpt><trkpt lat="43.599840" lon="3.417251"><ele>257.065</ele><time>2021-01-17T09:01:10Z</time></trkpt><trkpt lat="43.599865" lon="3.417240"><ele>257.021</ele><time>2021-01-17T09:01:12Z</time></trkpt><trkpt lat="43.599888" lon="3.417228"><ele>256.608</ele><time>2021-01-17T09:01:15Z</time></trkpt><trkpt lat="43.599924" lon="3.417218"><ele>256.475</ele><time>2021-01-17T09:01:18Z</time></trkpt><trkpt lat="43.599940" lon="3.417206"><ele>256.473</ele><time>2021-01-17T09:01:19Z</time></trkpt><trkpt lat="43.599984" lon="3.417155"><ele>256.689</ele><time>2021-01-17T09:01:22Z</time></trkpt><trkpt lat="43.600036" lon="3.417106"><ele>256.877</ele><time>2021-01-17T09:01:25Z</time></trkpt><trkpt lat="43.600204" lon="3.416996"><ele>256.477</ele><time>2021-01-17T09:01:32Z</time></trkpt><trkpt lat="43.600319" lon="3.416857"><ele>256.236</ele><time>2021-01-17T09:01:38Z</time></trkpt><trkpt lat="43.600338" lon="3.416836"><ele>255.472</ele><time>2021-01-17T09:01:39Z</time></trkpt><trkpt lat="43.600381" lon="3.416800"><ele>253.818</ele><time>2021-01-17T09:01:41Z</time></trkpt><trkpt lat="43.600470" lon="3.416726"><ele>253.263</ele><time>2021-01-17T09:01:45Z</time></trkpt><trkpt lat="43.600533" lon="3.416661"><ele>252.844</ele><time>2021-01-17T09:01:48Z</time></trkpt><trkpt lat="43.600593" lon="3.416564"><ele>252.218</ele><time>2021-01-17T09:01:52Z</time></trkpt><trkpt lat="43.600651" lon="3.416498"><ele>252.408</ele><time>2021-01-17T09:01:56Z</time></trkpt><trkpt lat="43.600690" lon="3.416464"><ele>252.692</ele><time>2021-01-17T09:01:59Z</time></trkpt><trkpt lat="43.600805" lon="3.416374"><ele>252.850</ele><time>2021-01-17T09:02:06Z</time></trkpt><trkpt lat="43.600935" lon="3.416281"><ele>252.816</ele><time>2021-01-17T09:02:13Z</time></trkpt><trkpt lat="43.601033" lon="3.416236"><ele>253.014</ele><time>2021-01-17T09:02:18Z</time></trkpt><trkpt lat="43.601054" lon="3.416240"><ele>253.234</ele><time>2021-01-17T09:02:19Z</time></trkpt><trkpt lat="43.601167" lon="3.416227"><ele>253.893</ele><time>2021-01-17T09:02:24Z</time></trkpt><trkpt lat="43.601184" lon="3.416215"><ele>254.099</ele><time>2021-01-17T09:02:25Z</time></trkpt><trkpt lat="43.601293" lon="3.416124"><ele>255.055</ele><time>2021-01-17T09:02:31Z</time></trkpt><trkpt lat="43.601314" lon="3.416106"><ele>255.047</ele><time>2021-01-17T09:02:32Z</time></trkpt><trkpt lat="43.601448" lon="3.415967"><ele>253.829</ele><time>2021-01-17T09:02:40Z</time></trkpt><trkpt lat="43.601476" lon="3.415843"><ele>253.021</ele><time>2021-01-17T09:02:45Z</time></trkpt><trkpt lat="43.601486" lon="3.415825"><ele>252.608</ele><time>2021-01-17T09:02:46Z</time></trkpt><trkpt lat="43.601557" lon="3.415703"><ele>252.270</ele><time>2021-01-17T09:02:51Z</time></trkpt><trkpt lat="43.601650" lon="3.415525"><ele>251.658</ele><time>2021-01-17T09:02:58Z</time></trkpt><trkpt lat="43.601738" lon="3.415368"><ele>253.064</ele><time>2021-01-17T09:03:05Z</time></trkpt><trkpt lat="43.601833" lon="3.415314"><ele>251.652</ele><time>2021-01-17T09:03:11Z</time></trkpt><trkpt lat="43.601854" lon="3.415306"><ele>250.242</ele><time>2021-01-17T09:03:13Z</time></trkpt><trkpt lat="43.601877" lon="3.415275"><ele>249.231</ele><time>2021-01-17T09:03:15Z</time></trkpt><trkpt lat="43.601942" lon="3.415185"><ele>248.447</ele><time>2021-01-17T09:03:19Z</time></trkpt><trkpt lat="43.601993" lon="3.415164"><ele>248.053</ele><time>2021-01-17T09:03:21Z</time></trkpt><trkpt lat="43.602034" lon="3.415135"><ele>247.856</ele><time>2021-01-17T09:03:23Z</time></trkpt><trkpt lat="43.602099" lon="3.415027"><ele>248.059</ele><time>2021-01-17T09:03:28Z</time></trkpt><trkpt lat="43.602130" lon="3.415019"><ele>247.814</ele><time>2021-01-17T09:03:30Z</time></trkpt><trkpt lat="43.602158" lon="3.414993"><ele>246.208</ele><time>2021-01-17T09:03:32Z</time></trkpt><trkpt lat="43.602176" lon="3.414986"><ele>245.641</ele><time>2021-01-17T09:03:33Z</time></trkpt><trkpt lat="43.602202" lon="3.414983"><ele>245.229</ele><time>2021-01-17T09:03:34Z</time></trkpt><trkpt lat="43.602249" lon="3.414973"><ele>244.035</ele><time>2021-01-17T09:03:36Z</time></trkpt><trkpt lat="43.602280" lon="3.414951"><ele>242.223</ele><time>2021-01-17T09:03:38Z</time></trkpt><trkpt lat="43.602321" lon="3.414919"><ele>241.213</ele><time>2021-01-17T09:03:40Z</time></trkpt><trkpt lat="43.602410" lon="3.414813"><ele>240.292</ele><time>2021-01-17T09:03:44Z</time></trkpt><trkpt lat="43.602518" lon="3.414705"><ele>239.068</ele><time>2021-01-17T09:03:49Z</time></trkpt><trkpt lat="43.602563" lon="3.414660"><ele>238.044</ele><time>2021-01-17T09:03:51Z</time></trkpt><trkpt lat="43.602587" lon="3.414636"><ele>237.431</ele><time>2021-01-17T09:03:52Z</time></trkpt><trkpt lat="43.602640" lon="3.414587"><ele>236.461</ele><time>2021-01-17T09:03:54Z</time></trkpt><trkpt lat="43.602771" lon="3.414463"><ele>235.207</ele><time>2021-01-17T09:03:59Z</time></trkpt><trkpt lat="43.602798" lon="3.414445"><ele>235.008</ele><time>2021-01-17T09:04:00Z</time></trkpt><trkpt lat="43.602952" lon="3.414310"><ele>234.829</ele><time>2021-01-17T09:04:07Z</time></trkpt><trkpt lat="43.602963" lon="3.414290"><ele>235.027</ele><time>2021-01-17T09:04:08Z</time></trkpt><trkpt lat="43.602995" lon="3.414206"><ele>236.233</ele><time>2021-01-17T09:04:12Z</time></trkpt><trkpt lat="43.603004" lon="3.414166"><ele>237.881</ele><time>2021-01-17T09:04:14Z</time></trkpt><trkpt lat="43.603012" lon="3.414146"><ele>238.481</ele><time>2021-01-17T09:04:15Z</time></trkpt><trkpt lat="43.603018" lon="3.414119"><ele>239.010</ele><time>2021-01-17T09:04:16Z</time></trkpt><trkpt lat="43.603064" lon="3.414008"><ele>239.826</ele><time>2021-01-17T09:04:21Z</time></trkpt><trkpt lat="43.603081" lon="3.413970"><ele>240.042</ele><time>2021-01-17T09:04:23Z</time></trkpt><trkpt lat="43.603081" lon="3.413949"><ele>240.068</ele><time>2021-01-17T09:04:24Z</time></trkpt><trkpt lat="43.603082" lon="3.413902"><ele>240.042</ele><time>2021-01-17T09:04:26Z</time></trkpt><trkpt lat="43.603161" lon="3.413744"><ele>240.626</ele><time>2021-01-17T09:04:33Z</time></trkpt><trkpt lat="43.603181" lon="3.413702"><ele>241.208</ele><time>2021-01-17T09:04:35Z</time></trkpt><trkpt lat="43.603202" lon="3.413634"><ele>242.692</ele><time>2021-01-17T09:04:38Z</time></trkpt><trkpt lat="43.603225" lon="3.413588"><ele>243.890</ele><time>2021-01-17T09:04:40Z</time></trkpt><trkpt lat="43.603244" lon="3.413514"><ele>244.476</ele><time>2021-01-17T09:04:43Z</time></trkpt><trkpt lat="43.603270" lon="3.413408"><ele>244.894</ele><time>2021-01-17T09:04:47Z</time></trkpt><trkpt lat="43.603296" lon="3.413340"><ele>245.684</ele><time>2021-01-17T09:04:50Z</time></trkpt><trkpt lat="43.603309" lon="3.413320"><ele>246.093</ele><time>2021-01-17T09:04:51Z</time></trkpt><trkpt lat="43.603358" lon="3.413270"><ele>246.639</ele><time>2021-01-17T09:04:55Z</time></trkpt><trkpt lat="43.603408" lon="3.413246"><ele>247.245</ele><time>2021-01-17T09:04:59Z</time></trkpt><trkpt lat="43.603435" lon="3.413226"><ele>248.228</ele><time>2021-01-17T09:05:01Z</time></trkpt><trkpt lat="43.603457" lon="3.413208"><ele>249.689</ele><time>2021-01-17T09:05:03Z</time></trkpt><trkpt lat="43.603468" lon="3.413194"><ele>250.017</ele><time>2021-01-17T09:05:04Z</time></trkpt><trkpt lat="43.603480" lon="3.413178"><ele>250.608</ele><time>2021-01-17T09:05:05Z</time></trkpt><trkpt lat="43.603519" lon="3.413122"><ele>251.698</ele><time>2021-01-17T09:05:08Z</time></trkpt><trkpt lat="43.603579" lon="3.413037"><ele>252.256</ele><time>2021-01-17T09:05:13Z</time></trkpt><trkpt lat="43.603602" lon="3.413008"><ele>252.632</ele><time>2021-01-17T09:05:15Z</time></trkpt><trkpt lat="43.603664" lon="3.412951"><ele>253.650</ele><time>2021-01-17T09:05:20Z</time></trkpt><trkpt lat="43.603693" lon="3.412935"><ele>254.260</ele><time>2021-01-17T09:05:22Z</time></trkpt><trkpt lat="43.603712" lon="3.412917"><ele>254.879</ele><time>2021-01-17T09:05:24Z</time></trkpt><trkpt lat="43.603730" lon="3.412901"><ele>256.085</ele><time>2021-01-17T09:05:26Z</time></trkpt><trkpt lat="43.603770" lon="3.412858"><ele>257.021</ele><time>2021-01-17T09:05:31Z</time></trkpt><trkpt lat="43.603778" lon="3.412842"><ele>257.243</ele><time>2021-01-17T09:05:32Z</time></trkpt><trkpt lat="43.603813" lon="3.412801"><ele>258.264</ele><time>2021-01-17T09:05:36Z</time></trkpt><trkpt lat="43.603851" lon="3.412735"><ele>258.610</ele><time>2021-01-17T09:05:41Z</time></trkpt><trkpt lat="43.603896" lon="3.412668"><ele>259.008</ele><time>2021-01-17T09:05:46Z</time></trkpt><trkpt lat="43.603963" lon="3.412564"><ele>258.040</ele><time>2021-01-17T09:05:51Z</time></trkpt><trkpt lat="43.604006" lon="3.412486"><ele>256.468</ele><time>2021-01-17T09:05:54Z</time></trkpt><trkpt lat="43.604027" lon="3.412435"><ele>254.634</ele><time>2021-01-17T09:05:56Z</time></trkpt><trkpt lat="43.604038" lon="3.412389"><ele>253.472</ele><time>2021-01-17T09:05:58Z</time></trkpt><trkpt lat="43.604067" lon="3.412326"><ele>252.012</ele><time>2021-01-17T09:06:01Z</time></trkpt><trkpt lat="43.604087" lon="3.412268"><ele>250.251</ele><time>2021-01-17T09:06:03Z</time></trkpt><trkpt lat="43.604080" lon="3.412216"><ele>248.887</ele><time>2021-01-17T09:06:05Z</time></trkpt><trkpt lat="43.604056" lon="3.412163"><ele>247.663</ele><time>2021-01-17T09:06:07Z</time></trkpt><trkpt lat="43.604051" lon="3.412149"><ele>247.277</ele><time>2021-01-17T09:06:08Z</time></trkpt><trkpt lat="43.604050" lon="3.412138"><ele>246.661</ele><time>2021-01-17T09:06:09Z</time></trkpt><trkpt lat="43.604042" lon="3.412106"><ele>245.427</ele><time>2021-01-17T09:06:11Z</time></trkpt><trkpt lat="43.604031" lon="3.412055"><ele>243.808</ele><time>2021-01-17T09:06:13Z</time></trkpt><trkpt lat="43.604021" lon="3.412016"><ele>242.833</ele><time>2021-01-17T09:06:16Z</time></trkpt><trkpt lat="43.604009" lon="3.412005"><ele>242.211</ele><time>2021-01-17T09:06:17Z</time></trkpt><trkpt lat="43.604004" lon="3.411990"><ele>241.887</ele><time>2021-01-17T09:06:18Z</time></trkpt><trkpt lat="43.604008" lon="3.411958"><ele>240.685</ele><time>2021-01-17T09:06:20Z</time></trkpt><trkpt lat="43.604006" lon="3.411931"><ele>240.265</ele><time>2021-01-17T09:06:21Z</time></trkpt><trkpt lat="43.604009" lon="3.411899"><ele>239.484</ele><time>2021-01-17T09:06:23Z</time></trkpt><trkpt lat="43.604015" lon="3.411891"><ele>239.060</ele><time>2021-01-17T09:06:24Z</time></trkpt><trkpt lat="43.604027" lon="3.411865"><ele>238.056</ele><time>2021-01-17T09:06:26Z</time></trkpt><trkpt lat="43.604035" lon="3.411845"><ele>237.487</ele><time>2021-01-17T09:06:27Z</time></trkpt><trkpt lat="43.604041" lon="3.411825"><ele>236.842</ele><time>2021-01-17T09:06:28Z</time></trkpt><trkpt lat="43.604060" lon="3.411797"><ele>235.826</ele><time>2021-01-17T09:06:30Z</time></trkpt><trkpt lat="43.604071" lon="3.411781"><ele>235.208</ele><time>2021-01-17T09:06:31Z</time></trkpt><trkpt lat="43.604083" lon="3.411756"><ele>234.024</ele><time>2021-01-17T09:06:33Z</time></trkpt><trkpt lat="43.604096" lon="3.411734"><ele>232.822</ele><time>2021-01-17T09:06:35Z</time></trkpt><trkpt lat="43.604132" lon="3.411682"><ele>231.458</ele><time>2021-01-17T09:06:38Z</time></trkpt><trkpt lat="43.604148" lon="3.411652"><ele>229.846</ele><time>2021-01-17T09:06:40Z</time></trkpt><trkpt lat="43.604166" lon="3.411628"><ele>228.486</ele><time>2021-01-17T09:06:42Z</time></trkpt><trkpt lat="43.604200" lon="3.411607"><ele>227.435</ele><time>2021-01-17T09:06:44Z</time></trkpt><trkpt lat="43.604221" lon="3.411592"><ele>226.471</ele><time>2021-01-17T09:06:46Z</time></trkpt><trkpt lat="43.604231" lon="3.411585"><ele>226.057</ele><time>2021-01-17T09:06:47Z</time></trkpt><trkpt lat="43.604259" lon="3.411559"><ele>224.835</ele><time>2021-01-17T09:06:49Z</time></trkpt><trkpt lat="43.604276" lon="3.411540"><ele>223.886</ele><time>2021-01-17T09:06:50Z</time></trkpt><trkpt lat="43.604287" lon="3.411518"><ele>222.814</ele><time>2021-01-17T09:06:51Z</time></trkpt><trkpt lat="43.604319" lon="3.411468"><ele>221.208</ele><time>2021-01-17T09:06:53Z</time></trkpt><trkpt lat="43.604359" lon="3.411437"><ele>219.869</ele><time>2021-01-17T09:06:55Z</time></trkpt><trkpt lat="43.604397" lon="3.411407"><ele>218.647</ele><time>2021-01-17T09:06:57Z</time></trkpt><trkpt lat="43.604415" lon="3.411395"><ele>218.033</ele><time>2021-01-17T09:06:58Z</time></trkpt><trkpt lat="43.604432" lon="3.411386"><ele>217.461</ele><time>2021-01-17T09:06:59Z</time></trkpt><trkpt lat="43.604467" lon="3.411366"><ele>216.441</ele><time>2021-01-17T09:07:01Z</time></trkpt><trkpt lat="43.604489" lon="3.411342"><ele>215.410</ele><time>2021-01-17T09:07:03Z</time></trkpt><trkpt lat="43.604498" lon="3.411325"><ele>214.876</ele><time>2021-01-17T09:07:04Z</time></trkpt><trkpt lat="43.604526" lon="3.411284"><ele>213.862</ele><time>2021-01-17T09:07:06Z</time></trkpt><trkpt lat="43.604556" lon="3.411253"><ele>212.812</ele><time>2021-01-17T09:07:08Z</time></trkpt><trkpt lat="43.604577" lon="3.411221"><ele>211.632</ele><time>2021-01-17T09:07:10Z</time></trkpt><trkpt lat="43.604610" lon="3.411191"><ele>210.205</ele><time>2021-01-17T09:07:12Z</time></trkpt><trkpt lat="43.604635" lon="3.411161"><ele>209.208</ele><time>2021-01-17T09:07:14Z</time></trkpt><trkpt lat="43.604651" lon="3.411110"><ele>208.417</ele><time>2021-01-17T09:07:16Z</time></trkpt><trkpt lat="43.604659" lon="3.411084"><ele>208.015</ele><time>2021-01-17T09:07:17Z</time></trkpt><trkpt lat="43.604693" lon="3.411021"><ele>206.481</ele><time>2021-01-17T09:07:20Z</time></trkpt><trkpt lat="43.604712" lon="3.410999"><ele>205.439</ele><time>2021-01-17T09:07:22Z</time></trkpt><trkpt lat="43.604727" lon="3.410981"><ele>205.069</ele><time>2021-01-17T09:07:23Z</time></trkpt><trkpt lat="43.604745" lon="3.410946"><ele>203.888</ele><time>2021-01-17T09:07:25Z</time></trkpt><trkpt lat="43.604767" lon="3.410911"><ele>202.864</ele><time>2021-01-17T09:07:27Z</time></trkpt><trkpt lat="43.604788" lon="3.410859"><ele>201.850</ele><time>2021-01-17T09:07:29Z</time></trkpt><trkpt lat="43.604837" lon="3.410793"><ele>200.463</ele><time>2021-01-17T09:07:33Z</time></trkpt><trkpt lat="43.604874" lon="3.410771"><ele>199.244</ele><time>2021-01-17T09:07:36Z</time></trkpt><trkpt lat="43.604945" lon="3.410776"><ele>198.218</ele><time>2021-01-17T09:07:40Z</time></trkpt><trkpt lat="43.604996" lon="3.410766"><ele>197.208</ele><time>2021-01-17T09:07:43Z</time></trkpt><trkpt lat="43.605053" lon="3.410731"><ele>196.012</ele><time>2021-01-17T09:07:47Z</time></trkpt><trkpt lat="43.605114" lon="3.410672"><ele>194.810</ele><time>2021-01-17T09:07:51Z</time></trkpt><trkpt lat="43.605127" lon="3.410656"><ele>194.476</ele><time>2021-01-17T09:07:52Z</time></trkpt><trkpt lat="43.605140" lon="3.410639"><ele>194.034</ele><time>2021-01-17T09:07:53Z</time></trkpt><trkpt lat="43.605147" lon="3.410623"><ele>193.614</ele><time>2021-01-17T09:07:54Z</time></trkpt><trkpt lat="43.605167" lon="3.410580"><ele>192.293</ele><time>2021-01-17T09:07:57Z</time></trkpt><trkpt lat="43.605181" lon="3.410540"><ele>191.039</ele><time>2021-01-17T09:07:59Z</time></trkpt><trkpt lat="43.605237" lon="3.410463"><ele>189.675</ele><time>2021-01-17T09:08:03Z</time></trkpt><trkpt lat="43.605251" lon="3.410436"><ele>189.268</ele><time>2021-01-17T09:08:04Z</time></trkpt><trkpt lat="43.605275" lon="3.410396"><ele>188.242</ele><time>2021-01-17T09:08:06Z</time></trkpt><trkpt lat="43.605314" lon="3.410335"><ele>187.026</ele><time>2021-01-17T09:08:09Z</time></trkpt><trkpt lat="43.605339" lon="3.410296"><ele>186.208</ele><time>2021-01-17T09:08:11Z</time></trkpt><trkpt lat="43.605350" lon="3.410269"><ele>185.842</ele><time>2021-01-17T09:08:12Z</time></trkpt><trkpt lat="43.605382" lon="3.410213"><ele>184.660</ele><time>2021-01-17T09:08:15Z</time></trkpt><trkpt lat="43.605417" lon="3.410160"><ele>183.446</ele><time>2021-01-17T09:08:18Z</time></trkpt><trkpt lat="43.605439" lon="3.410117"><ele>182.024</ele><time>2021-01-17T09:08:20Z</time></trkpt><trkpt lat="43.605460" lon="3.410076"><ele>181.094</ele><time>2021-01-17T09:08:22Z</time></trkpt><trkpt lat="43.605486" lon="3.410003"><ele>179.683</ele><time>2021-01-17T09:08:25Z</time></trkpt><trkpt lat="43.605503" lon="3.409947"><ele>178.229</ele><time>2021-01-17T09:08:28Z</time></trkpt><trkpt lat="43.605543" lon="3.409898"><ele>177.255</ele><time>2021-01-17T09:08:31Z</time></trkpt><trkpt lat="43.605547" lon="3.409883"><ele>177.053</ele><time>2021-01-17T09:08:32Z</time></trkpt><trkpt lat="43.605552" lon="3.409855"><ele>176.404</ele><time>2021-01-17T09:08:34Z</time></trkpt><trkpt lat="43.605556" lon="3.409832"><ele>176.014</ele><time>2021-01-17T09:08:35Z</time></trkpt><trkpt lat="43.605569" lon="3.409787"><ele>174.608</ele><time>2021-01-17T09:08:38Z</time></trkpt><trkpt lat="43.605576" lon="3.409746"><ele>173.231</ele><time>2021-01-17T09:08:41Z</time></trkpt><trkpt lat="43.605575" lon="3.409704"><ele>172.299</ele><time>2021-01-17T09:08:43Z</time></trkpt><trkpt lat="43.605572" lon="3.409680"><ele>171.695</ele><time>2021-01-17T09:08:44Z</time></trkpt><trkpt lat="43.605573" lon="3.409626"><ele>170.293</ele><time>2021-01-17T09:08:47Z</time></trkpt><trkpt lat="43.605594" lon="3.409583"><ele>169.473</ele><time>2021-01-17T09:08:50Z</time></trkpt><trkpt lat="43.605595" lon="3.409563"><ele>168.822</ele><time>2021-01-17T09:08:51Z</time></trkpt><trkpt lat="43.605603" lon="3.409525"><ele>167.648</ele><time>2021-01-17T09:08:53Z</time></trkpt><trkpt lat="43.605622" lon="3.409480"><ele>166.254</ele><time>2021-01-17T09:08:55Z</time></trkpt><trkpt lat="43.605642" lon="3.409456"><ele>165.291</ele><time>2021-01-17T09:08:57Z</time></trkpt><trkpt lat="43.605651" lon="3.409442"><ele>164.881</ele><time>2021-01-17T09:08:58Z</time></trkpt><trkpt lat="43.605659" lon="3.409392"><ele>164.019</ele><time>2021-01-17T09:09:01Z</time></trkpt><trkpt lat="43.605651" lon="3.409355"><ele>163.808</ele><time>2021-01-17T09:09:03Z</time></trkpt><trkpt lat="43.605650" lon="3.409335"><ele>163.885</ele><time>2021-01-17T09:09:04Z</time></trkpt><trkpt lat="43.605647" lon="3.409267"><ele>162.863</ele><time>2021-01-17T09:09:08Z</time></trkpt><trkpt lat="43.605640" lon="3.409265"><ele>162.699</ele><time>2021-01-17T09:09:09Z</time></trkpt><trkpt lat="43.605623" lon="3.409268"><ele>161.857</ele><time>2021-01-17T09:09:16Z</time></trkpt><trkpt lat="43.605629" lon="3.409241"><ele>160.677</ele><time>2021-01-17T09:09:23Z</time></trkpt><trkpt lat="43.605641" lon="3.409202"><ele>159.456</ele><time>2021-01-17T09:09:25Z</time></trkpt><trkpt lat="43.605661" lon="3.409149"><ele>158.652</ele><time>2021-01-17T09:09:27Z</time></trkpt><trkpt lat="43.605667" lon="3.409118"><ele>158.468</ele><time>2021-01-17T09:09:28Z</time></trkpt><trkpt lat="43.605678" lon="3.409045"><ele>156.843</ele><time>2021-01-17T09:09:31Z</time></trkpt><trkpt lat="43.605684" lon="3.408979"><ele>155.664</ele><time>2021-01-17T09:09:33Z</time></trkpt><trkpt lat="43.605693" lon="3.408929"><ele>155.010</ele><time>2021-01-17T09:09:35Z</time></trkpt><trkpt lat="43.605725" lon="3.408882"><ele>154.608</ele><time>2021-01-17T09:09:37Z</time></trkpt><trkpt lat="43.605772" lon="3.408817"><ele>153.610</ele><time>2021-01-17T09:09:41Z</time></trkpt><trkpt lat="43.605777" lon="3.408791"><ele>153.428</ele><time>2021-01-17T09:09:42Z</time></trkpt><trkpt lat="43.605812" lon="3.408682"><ele>152.084</ele><time>2021-01-17T09:09:46Z</time></trkpt><trkpt lat="43.605822" lon="3.408648"><ele>151.262</ele><time>2021-01-17T09:09:47Z</time></trkpt><trkpt lat="43.605829" lon="3.408621"><ele>150.462</ele><time>2021-01-17T09:09:48Z</time></trkpt><trkpt lat="43.605851" lon="3.408546"><ele>149.211</ele><time>2021-01-17T09:09:51Z</time></trkpt><trkpt lat="43.605898" lon="3.408425"><ele>148.287</ele><time>2021-01-17T09:09:55Z</time></trkpt><trkpt lat="43.605901" lon="3.408394"><ele>148.083</ele><time>2021-01-17T09:09:56Z</time></trkpt><trkpt lat="43.605950" lon="3.408251"><ele>146.874</ele><time>2021-01-17T09:10:01Z</time></trkpt><trkpt lat="43.605951" lon="3.408222"><ele>146.656</ele><time>2021-01-17T09:10:02Z</time></trkpt><trkpt lat="43.605988" lon="3.408095"><ele>145.621</ele><time>2021-01-17T09:10:06Z</time></trkpt><trkpt lat="43.606040" lon="3.408035"><ele>144.808</ele><time>2021-01-17T09:10:09Z</time></trkpt><trkpt lat="43.606067" lon="3.408013"><ele>144.633</ele><time>2021-01-17T09:10:10Z</time></trkpt><trkpt lat="43.606135" lon="3.407927"><ele>143.431</ele><time>2021-01-17T09:10:14Z</time></trkpt><trkpt lat="43.606156" lon="3.407895"><ele>143.047</ele><time>2021-01-17T09:10:15Z</time></trkpt><trkpt lat="43.606234" lon="3.407762"><ele>142.475</ele><time>2021-01-17T09:10:20Z</time></trkpt><trkpt lat="43.606245" lon="3.407734"><ele>142.215</ele><time>2021-01-17T09:10:21Z</time></trkpt><trkpt lat="43.606246" lon="3.407551"><ele>142.234</ele><time>2021-01-17T09:10:27Z</time></trkpt><trkpt lat="43.606225" lon="3.407420"><ele>142.440</ele><time>2021-01-17T09:10:31Z</time></trkpt><trkpt lat="43.606236" lon="3.407387"><ele>142.236</ele><time>2021-01-17T09:10:32Z</time></trkpt><trkpt lat="43.606327" lon="3.407149"><ele>142.048</ele><time>2021-01-17T09:10:39Z</time></trkpt><trkpt lat="43.606355" lon="3.407085"><ele>142.261</ele><time>2021-01-17T09:10:41Z</time></trkpt><trkpt lat="43.606434" lon="3.406858"><ele>142.017</ele><time>2021-01-17T09:10:48Z</time></trkpt><trkpt lat="43.606451" lon="3.406828"><ele>141.808</ele><time>2021-01-17T09:10:49Z</time></trkpt><trkpt lat="43.606511" lon="3.406759"><ele>141.440</ele><time>2021-01-17T09:10:52Z</time></trkpt><trkpt lat="43.606587" lon="3.406704"><ele>140.428</ele><time>2021-01-17T09:10:56Z</time></trkpt><trkpt lat="43.606601" lon="3.406693"><ele>140.254</ele><time>2021-01-17T09:10:57Z</time></trkpt><trkpt lat="43.606721" lon="3.406588"><ele>139.282</ele><time>2021-01-17T09:11:02Z</time></trkpt><trkpt lat="43.606770" lon="3.406448"><ele>138.622</ele><time>2021-01-17T09:11:07Z</time></trkpt><trkpt lat="43.606807" lon="3.406395"><ele>138.221</ele><time>2021-01-17T09:11:10Z</time></trkpt><trkpt lat="43.606818" lon="3.406386"><ele>138.037</ele><time>2021-01-17T09:11:11Z</time></trkpt><trkpt lat="43.606828" lon="3.406375"><ele>137.893</ele><time>2021-01-17T09:11:12Z</time></trkpt><trkpt lat="43.606857" lon="3.406345"><ele>136.849</ele><time>2021-01-17T09:11:14Z</time></trkpt><trkpt lat="43.606925" lon="3.406314"><ele>135.602</ele><time>2021-01-17T09:11:18Z</time></trkpt><trkpt lat="43.606946" lon="3.406308"><ele>135.422</ele><time>2021-01-17T09:11:19Z</time></trkpt><trkpt lat="43.607019" lon="3.406269"><ele>134.408</ele><time>2021-01-17T09:11:23Z</time></trkpt><trkpt lat="43.607058" lon="3.406219"><ele>133.040</ele><time>2021-01-17T09:11:26Z</time></trkpt><trkpt lat="43.607106" lon="3.406208"><ele>132.018</ele><time>2021-01-17T09:11:29Z</time></trkpt><trkpt lat="43.607127" lon="3.406199"><ele>131.614</ele><time>2021-01-17T09:11:31Z</time></trkpt><trkpt lat="43.607135" lon="3.406197"><ele>131.492</ele><time>2021-01-17T09:11:32Z</time></trkpt><trkpt lat="43.607152" lon="3.406193"><ele>131.062</ele><time>2021-01-17T09:11:33Z</time></trkpt><trkpt lat="43.607181" lon="3.406190"><ele>130.481</ele><time>2021-01-17T09:11:35Z</time></trkpt><trkpt lat="43.607214" lon="3.406187"><ele>129.837</ele><time>2021-01-17T09:11:38Z</time></trkpt><trkpt lat="43.607222" lon="3.406175"><ele>129.683</ele><time>2021-01-17T09:11:39Z</time></trkpt><trkpt lat="43.607203" lon="3.406123"><ele>128.888</ele><time>2021-01-17T09:11:43Z</time></trkpt><trkpt lat="43.607190" lon="3.406114"><ele>128.624</ele><time>2021-01-17T09:11:44Z</time></trkpt><trkpt lat="43.607103" lon="3.406094"><ele>127.626</ele><time>2021-01-17T09:11:49Z</time></trkpt><trkpt lat="43.606969" lon="3.406076"><ele>126.808</ele><time>2021-01-17T09:11:56Z</time></trkpt><trkpt lat="43.606945" lon="3.406076"><ele>126.494</ele><time>2021-01-17T09:11:58Z</time></trkpt><trkpt lat="43.606891" lon="3.406067"><ele>125.872</ele><time>2021-01-17T09:12:01Z</time></trkpt><trkpt lat="43.606835" lon="3.406047"><ele>125.418</ele><time>2021-01-17T09:12:03Z</time></trkpt><trkpt lat="43.606775" lon="3.406020"><ele>124.876</ele><time>2021-01-17T09:12:06Z</time></trkpt><trkpt lat="43.606639" lon="3.405935"><ele>124.496</ele><time>2021-01-17T09:12:13Z</time></trkpt><trkpt lat="43.606616" lon="3.405933"><ele>124.275</ele><time>2021-01-17T09:12:14Z</time></trkpt><trkpt lat="43.606541" lon="3.405914"><ele>124.061</ele><time>2021-01-17T09:12:18Z</time></trkpt><trkpt lat="43.606470" lon="3.405894"><ele>123.257</ele><time>2021-01-17T09:12:21Z</time></trkpt><trkpt lat="43.606426" lon="3.405889"><ele>122.669</ele><time>2021-01-17T09:12:24Z</time></trkpt><trkpt lat="43.606422" lon="3.405893"><ele>122.004</ele><time>2021-01-17T09:12:26Z</time></trkpt><trkpt lat="43.606429" lon="3.405889"><ele>121.824</ele><time>2021-01-17T09:12:27Z</time></trkpt><trkpt lat="43.606439" lon="3.405882"><ele>121.608</ele><time>2021-01-17T09:12:28Z</time></trkpt><trkpt lat="43.606428" lon="3.405846"><ele>121.052</ele><time>2021-01-17T09:12:34Z</time></trkpt><trkpt lat="43.606421" lon="3.405841"><ele>121.040</ele><time>2021-01-17T09:12:35Z</time></trkpt><trkpt lat="43.606375" lon="3.405814"><ele>121.096</ele><time>2021-01-17T09:12:40Z</time></trkpt><trkpt lat="43.606316" lon="3.405823"><ele>121.074</ele><time>2021-01-17T09:12:46Z</time></trkpt><trkpt lat="43.606305" lon="3.405834"><ele>121.014</ele><time>2021-01-17T09:12:48Z</time></trkpt><trkpt lat="43.606283" lon="3.405864"><ele>121.223</ele><time>2021-01-17T09:12:51Z</time></trkpt><trkpt lat="43.606239" lon="3.405894"><ele>121.049</ele><time>2021-01-17T09:12:53Z</time></trkpt><trkpt lat="43.606213" lon="3.405915"><ele>120.825</ele><time>2021-01-17T09:12:54Z</time></trkpt><trkpt lat="43.606191" lon="3.405934"><ele>120.872</ele><time>2021-01-17T09:12:55Z</time></trkpt><trkpt lat="43.606120" lon="3.406034"><ele>121.013</ele><time>2021-01-17T09:13:00Z</time></trkpt><trkpt lat="43.606030" lon="3.406215"><ele>120.814</ele><time>2021-01-17T09:13:06Z</time></trkpt><trkpt lat="43.605969" lon="3.406394"><ele>121.008</ele><time>2021-01-17T09:13:11Z</time></trkpt><trkpt lat="43.605960" lon="3.406417"><ele>121.073</ele><time>2021-01-17T09:13:12Z</time></trkpt><trkpt lat="43.605932" lon="3.406436"><ele>120.861</ele><time>2021-01-17T09:13:14Z</time></trkpt><trkpt lat="43.605879" lon="3.406463"><ele>119.887</ele><time>2021-01-17T09:13:16Z</time></trkpt><trkpt lat="43.605859" lon="3.406484"><ele>119.455</ele><time>2021-01-17T09:13:17Z</time></trkpt><trkpt lat="43.605816" lon="3.406556"><ele>118.875</ele><time>2021-01-17T09:13:20Z</time></trkpt><trkpt lat="43.605776" lon="3.406560"><ele>118.434</ele><time>2021-01-17T09:13:22Z</time></trkpt><trkpt lat="43.605659" lon="3.406536"><ele>117.630</ele><time>2021-01-17T09:13:27Z</time></trkpt><trkpt lat="43.605607" lon="3.406523"><ele>117.476</ele><time>2021-01-17T09:13:29Z</time></trkpt><trkpt lat="43.605535" lon="3.406482"><ele>116.647</ele><time>2021-01-17T09:13:34Z</time></trkpt><trkpt lat="43.605528" lon="3.406477"><ele>116.429</ele><time>2021-01-17T09:13:35Z</time></trkpt><trkpt lat="43.605524" lon="3.406467"><ele>116.221</ele><time>2021-01-17T09:13:36Z</time></trkpt><trkpt lat="43.605501" lon="3.406423"><ele>115.808</ele><time>2021-01-17T09:13:40Z</time></trkpt><trkpt lat="43.605446" lon="3.406383"><ele>115.850</ele><time>2021-01-17T09:13:46Z</time></trkpt><trkpt lat="43.605438" lon="3.406395"><ele>115.838</ele><time>2021-01-17T09:13:47Z</time></trkpt><trkpt lat="43.605442" lon="3.406417"><ele>115.834</ele><time>2021-01-17T09:13:50Z</time></trkpt><trkpt lat="43.605459" lon="3.406413"><ele>115.812</ele><time>2021-01-17T09:13:53Z</time></trkpt><trkpt lat="43.605463" lon="3.406409"><ele>115.872</ele><time>2021-01-17T09:13:54Z</time></trkpt><trkpt lat="43.605438" lon="3.406408"><ele>115.661</ele><time>2021-01-17T09:13:57Z</time></trkpt><trkpt lat="43.605433" lon="3.406413"><ele>115.497</ele><time>2021-01-17T09:13:58Z</time></trkpt><trkpt lat="43.605431" lon="3.406418"><ele>115.293</ele><time>2021-01-17T09:13:59Z</time></trkpt><trkpt lat="43.605437" lon="3.406422"><ele>115.815</ele><time>2021-01-17T09:14:03Z</time></trkpt><trkpt lat="43.605436" lon="3.406422"><ele>115.865</ele><time>2021-01-17T09:14:04Z</time></trkpt><trkpt lat="43.605429" lon="3.406369"><ele>115.811</ele><time>2021-01-17T09:14:10Z</time></trkpt><trkpt lat="43.605401" lon="3.406350"><ele>115.808</ele><time>2021-01-17T09:14:17Z</time></trkpt><trkpt lat="43.605401" lon="3.406350"><ele>116.077</ele><time>2021-01-17T09:14:20Z</time></trkpt><trkpt lat="43.605345" lon="3.406359"><ele>116.265</ele><time>2021-01-17T09:14:33Z</time></trkpt><trkpt lat="43.605334" lon="3.406386"><ele>117.051</ele><time>2021-01-17T09:14:35Z</time></trkpt><trkpt lat="43.605301" lon="3.406431"><ele>118.059</ele><time>2021-01-17T09:14:38Z</time></trkpt><trkpt lat="43.605287" lon="3.406433"><ele>118.289</ele><time>2021-01-17T09:14:39Z</time></trkpt><trkpt lat="43.605234" lon="3.406414"><ele>119.058</ele><time>2021-01-17T09:14:43Z</time></trkpt><trkpt lat="43.605209" lon="3.406412"><ele>121.264</ele><time>2021-01-17T09:14:45Z</time></trkpt><trkpt lat="43.605199" lon="3.406411"><ele>121.230</ele><time>2021-01-17T09:14:46Z</time></trkpt><trkpt lat="43.605134" lon="3.406413"><ele>122.261</ele><time>2021-01-17T09:14:50Z</time></trkpt><trkpt lat="43.605069" lon="3.406410"><ele>122.021</ele><time>2021-01-17T09:14:53Z</time></trkpt><trkpt lat="43.604995" lon="3.406417"><ele>122.813</ele><time>2021-01-17T09:14:57Z</time></trkpt><trkpt lat="43.604986" lon="3.406426"><ele>123.208</ele><time>2021-01-17T09:14:58Z</time></trkpt><trkpt lat="43.604926" lon="3.406489"><ele>124.232</ele><time>2021-01-17T09:15:01Z</time></trkpt><trkpt lat="43.604908" lon="3.406511"><ele>124.480</ele><time>2021-01-17T09:15:02Z</time></trkpt><trkpt lat="43.604849" lon="3.406569"><ele>125.266</ele><time>2021-01-17T09:15:05Z</time></trkpt><trkpt lat="43.604829" lon="3.406586"><ele>125.644</ele><time>2021-01-17T09:15:06Z</time></trkpt><trkpt lat="43.604791" lon="3.406622"><ele>126.034</ele><time>2021-01-17T09:15:08Z</time></trkpt><trkpt lat="43.604647" lon="3.406736"><ele>126.053</ele><time>2021-01-17T09:15:15Z</time></trkpt><trkpt lat="43.604539" lon="3.406746"><ele>125.069</ele><time>2021-01-17T09:15:20Z</time></trkpt><trkpt lat="43.604469" lon="3.406733"><ele>124.485</ele><time>2021-01-17T09:15:23Z</time></trkpt><trkpt lat="43.604425" lon="3.406692"><ele>123.865</ele><time>2021-01-17T09:15:27Z</time></trkpt><trkpt lat="43.604414" lon="3.406688"><ele>124.068</ele><time>2021-01-17T09:15:28Z</time></trkpt><trkpt lat="43.604385" lon="3.406674"><ele>124.414</ele><time>2021-01-17T09:15:32Z</time></trkpt><trkpt lat="43.604376" lon="3.406675"><ele>125.008</ele><time>2021-01-17T09:15:35Z</time></trkpt><trkpt lat="43.604369" lon="3.406672"><ele>124.862</ele><time>2021-01-17T09:15:41Z</time></trkpt><trkpt lat="43.604388" lon="3.406676"><ele>124.460</ele><time>2021-01-17T09:15:45Z</time></trkpt><trkpt lat="43.604379" lon="3.406684"><ele>124.426</ele><time>2021-01-17T09:15:47Z</time></trkpt><trkpt lat="43.604379" lon="3.406684"><ele>124.444</ele><time>2021-01-17T09:15:48Z</time></trkpt><trkpt lat="43.604379" lon="3.406684"><ele>124.624</ele><time>2021-01-17T09:15:51Z</time></trkpt><trkpt lat="43.604379" lon="3.406684"><ele>124.643</ele><time>2021-01-17T09:15:52Z</time></trkpt><trkpt lat="43.604379" lon="3.406684"><ele>124.859</ele><time>2021-01-17T09:15:54Z</time></trkpt><trkpt lat="43.604379" lon="3.406683"><ele>124.875</ele><time>2021-01-17T09:15:57Z</time></trkpt><trkpt lat="43.604379" lon="3.406681"><ele>125.027</ele><time>2021-01-17T09:16:01Z</time></trkpt><trkpt lat="43.604430" lon="3.406715"><ele>124.468</ele><time>2021-01-17T09:16:06Z</time></trkpt><trkpt lat="43.604464" lon="3.406725"><ele>124.214</ele><time>2021-01-17T09:16:07Z</time></trkpt><trkpt lat="43.604526" lon="3.406732"><ele>124.008</ele><time>2021-01-17T09:16:09Z</time></trkpt><trkpt lat="43.604600" lon="3.406719"><ele>124.458</ele><time>2021-01-17T09:16:12Z</time></trkpt><trkpt lat="43.604749" lon="3.406703"><ele>125.086</ele><time>2021-01-17T09:16:17Z</time></trkpt><trkpt lat="43.604815" lon="3.406626"><ele>125.692</ele><time>2021-01-17T09:16:20Z</time></trkpt><trkpt lat="43.604872" lon="3.406588"><ele>126.080</ele><time>2021-01-17T09:16:22Z</time></trkpt><trkpt lat="43.604901" lon="3.406565"><ele>126.260</ele><time>2021-01-17T09:16:23Z</time></trkpt><trkpt lat="43.604959" lon="3.406525"><ele>126.299</ele><time>2021-01-17T09:16:25Z</time></trkpt><trkpt lat="43.605052" lon="3.406441"><ele>124.685</ele><time>2021-01-17T09:16:29Z</time></trkpt><trkpt lat="43.605158" lon="3.406410"><ele>123.431</ele><time>2021-01-17T09:16:32Z</time></trkpt><trkpt lat="43.605257" lon="3.406402"><ele>122.267</ele><time>2021-01-17T09:16:35Z</time></trkpt><trkpt lat="43.605293" lon="3.406398"><ele>122.081</ele><time>2021-01-17T09:16:36Z</time></trkpt><trkpt lat="43.605399" lon="3.406384"><ele>121.019</ele><time>2021-01-17T09:16:40Z</time></trkpt><trkpt lat="43.605410" lon="3.406375"><ele>120.808</ele><time>2021-01-17T09:16:41Z</time></trkpt><trkpt lat="43.605412" lon="3.406366"><ele>120.632</ele><time>2021-01-17T09:16:42Z</time></trkpt><trkpt lat="43.605415" lon="3.406332"><ele>120.290</ele><time>2021-01-17T09:16:45Z</time></trkpt><trkpt lat="43.605420" lon="3.406316"><ele>119.826</ele><time>2021-01-17T09:16:46Z</time></trkpt><trkpt lat="43.605427" lon="3.406306"><ele>119.464</ele><time>2021-01-17T09:16:47Z</time></trkpt><trkpt lat="43.605447" lon="3.406300"><ele>118.614</ele><time>2021-01-17T09:16:49Z</time></trkpt><trkpt lat="43.605458" lon="3.406302"><ele>118.213</ele><time>2021-01-17T09:16:50Z</time></trkpt><trkpt lat="43.605459" lon="3.406317"><ele>117.679</ele><time>2021-01-17T09:16:52Z</time></trkpt><trkpt lat="43.605423" lon="3.406331"><ele>117.455</ele><time>2021-01-17T09:16:55Z</time></trkpt><trkpt lat="43.605404" lon="3.406346"><ele>117.456</ele><time>2021-01-17T09:16:57Z</time></trkpt><trkpt lat="43.605409" lon="3.406340"><ele>117.059</ele><time>2021-01-17T09:17:04Z</time></trkpt><trkpt lat="43.605408" lon="3.406339"><ele>117.014</ele><time>2021-01-17T09:17:05Z</time></trkpt><trkpt lat="43.605414" lon="3.406331"><ele>117.208</ele><time>2021-01-17T09:17:10Z</time></trkpt><trkpt lat="43.605404" lon="3.406332"><ele>117.491</ele><time>2021-01-17T09:17:13Z</time></trkpt><trkpt lat="43.605403" lon="3.406336"><ele>117.659</ele><time>2021-01-17T09:17:19Z</time></trkpt><trkpt lat="43.605403" lon="3.406336"><ele>117.615</ele><time>2021-01-17T09:17:20Z</time></trkpt><trkpt lat="43.605403" lon="3.406336"><ele>118.043</ele><time>2021-01-17T09:17:26Z</time></trkpt><trkpt lat="43.605368" lon="3.406346"><ele>118.493</ele><time>2021-01-17T09:17:31Z</time></trkpt><trkpt lat="43.605351" lon="3.406351"><ele>118.852</ele><time>2021-01-17T09:17:32Z</time></trkpt><trkpt lat="43.605332" lon="3.406362"><ele>121.058</ele><time>2021-01-17T09:17:34Z</time></trkpt><trkpt lat="43.605335" lon="3.406351"><ele>120.834</ele><time>2021-01-17T09:17:37Z</time></trkpt><trkpt lat="43.605350" lon="3.406330"><ele>120.886</ele><time>2021-01-17T09:17:38Z</time></trkpt><trkpt lat="43.605367" lon="3.406308"><ele>121.260</ele><time>2021-01-17T09:17:39Z</time></trkpt><trkpt lat="43.605366" lon="3.406288"><ele>121.026</ele><time>2021-01-17T09:17:41Z</time></trkpt><trkpt lat="43.605360" lon="3.406274"><ele>121.208</ele><time>2021-01-17T09:17:43Z</time></trkpt><trkpt lat="43.605362" lon="3.406265"><ele>121.214</ele><time>2021-01-17T09:17:44Z</time></trkpt><trkpt lat="43.605390" lon="3.406204"><ele>121.452</ele><time>2021-01-17T09:17:49Z</time></trkpt><trkpt lat="43.605402" lon="3.406172"><ele>121.468</ele><time>2021-01-17T09:17:51Z</time></trkpt><trkpt lat="43.605429" lon="3.406102"><ele>121.266</ele><time>2021-01-17T09:17:55Z</time></trkpt><trkpt lat="43.605454" lon="3.405996"><ele>121.426</ele><time>2021-01-17T09:17:59Z</time></trkpt><trkpt lat="43.605458" lon="3.405955"><ele>121.225</ele><time>2021-01-17T09:18:04Z</time></trkpt><trkpt lat="43.605470" lon="3.405990"><ele>121.291</ele><time>2021-01-17T09:18:11Z</time></trkpt><trkpt lat="43.605427" lon="3.406057"><ele>121.267</ele><time>2021-01-17T09:18:18Z</time></trkpt><trkpt lat="43.605430" lon="3.406054"><ele>121.078</ele><time>2021-01-17T09:18:20Z</time></trkpt><trkpt lat="43.605417" lon="3.406085"><ele>121.033</ele><time>2021-01-17T09:18:22Z</time></trkpt><trkpt lat="43.605377" lon="3.406201"><ele>121.026</ele><time>2021-01-17T09:18:26Z</time></trkpt><trkpt lat="43.605359" lon="3.406235"><ele>121.208</ele><time>2021-01-17T09:18:27Z</time></trkpt><trkpt lat="43.605335" lon="3.406298"><ele>121.413</ele><time>2021-01-17T09:18:29Z</time></trkpt><trkpt lat="43.605326" lon="3.406367"><ele>121.691</ele><time>2021-01-17T09:18:31Z</time></trkpt><trkpt lat="43.605285" lon="3.406438"><ele>121.847</ele><time>2021-01-17T09:18:35Z</time></trkpt><trkpt lat="43.605266" lon="3.406434"><ele>122.295</ele><time>2021-01-17T09:18:36Z</time></trkpt><trkpt lat="43.605227" lon="3.406421"><ele>122.645</ele><time>2021-01-17T09:18:38Z</time></trkpt><trkpt lat="43.605218" lon="3.406399"><ele>123.064</ele><time>2021-01-17T09:18:40Z</time></trkpt><trkpt lat="43.605217" lon="3.406382"><ele>123.290</ele><time>2021-01-17T09:18:41Z</time></trkpt><trkpt lat="43.605227" lon="3.406293"><ele>123.476</ele><time>2021-01-17T09:18:46Z</time></trkpt><trkpt lat="43.605239" lon="3.406236"><ele>123.621</ele><time>2021-01-17T09:18:49Z</time></trkpt><trkpt lat="43.605243" lon="3.406146"><ele>123.641</ele><time>2021-01-17T09:18:52Z</time></trkpt><trkpt lat="43.605189" lon="3.405953"><ele>123.605</ele><time>2021-01-17T09:18:58Z</time></trkpt><trkpt lat="43.605092" lon="3.405766"><ele>124.208</ele><time>2021-01-17T09:19:06Z</time></trkpt><trkpt lat="43.605054" lon="3.405680"><ele>125.448</ele><time>2021-01-17T09:19:10Z</time></trkpt><trkpt lat="43.605016" lon="3.405622"><ele>126.226</ele><time>2021-01-17T09:19:13Z</time></trkpt><trkpt lat="43.605009" lon="3.405601"><ele>126.642</ele><time>2021-01-17T09:19:14Z</time></trkpt><trkpt lat="43.604982" lon="3.405529"><ele>128.070</ele><time>2021-01-17T09:19:17Z</time></trkpt><trkpt lat="43.604987" lon="3.405469"><ele>128.440</ele><time>2021-01-17T09:19:19Z</time></trkpt><trkpt lat="43.604995" lon="3.405447"><ele>128.679</ele><time>2021-01-17T09:19:20Z</time></trkpt><trkpt lat="43.605072" lon="3.405379"><ele>127.645</ele><time>2021-01-17T09:19:25Z</time></trkpt><trkpt lat="43.605167" lon="3.405321"><ele>126.811</ele><time>2021-01-17T09:19:30Z</time></trkpt><trkpt lat="43.605210" lon="3.405307"><ele>126.429</ele><time>2021-01-17T09:19:32Z</time></trkpt><trkpt lat="43.605270" lon="3.405252"><ele>125.600</ele><time>2021-01-17T09:19:35Z</time></trkpt><trkpt lat="43.605287" lon="3.405228"><ele>125.020</ele><time>2021-01-17T09:19:38Z</time></trkpt><trkpt lat="43.605301" lon="3.405117"><ele>124.808</ele><time>2021-01-17T09:19:44Z</time></trkpt><trkpt lat="43.605301" lon="3.405043"><ele>126.038</ele><time>2021-01-17T09:19:49Z</time></trkpt><trkpt lat="43.605296" lon="3.405030"><ele>126.226</ele><time>2021-01-17T09:19:50Z</time></trkpt><trkpt lat="43.605293" lon="3.405007"><ele>126.822</ele><time>2021-01-17T09:19:52Z</time></trkpt><trkpt lat="43.605295" lon="3.404970"><ele>128.040</ele><time>2021-01-17T09:19:55Z</time></trkpt><trkpt lat="43.605302" lon="3.404944"><ele>128.870</ele><time>2021-01-17T09:19:57Z</time></trkpt><trkpt lat="43.605305" lon="3.404933"><ele>129.269</ele><time>2021-01-17T09:19:58Z</time></trkpt><trkpt lat="43.605319" lon="3.404900"><ele>130.495</ele><time>2021-01-17T09:20:01Z</time></trkpt><trkpt lat="43.605335" lon="3.404847"><ele>131.251</ele><time>2021-01-17T09:20:04Z</time></trkpt><trkpt lat="43.605344" lon="3.404830"><ele>131.639</ele><time>2021-01-17T09:20:05Z</time></trkpt><trkpt lat="43.605383" lon="3.404769"><ele>132.401</ele><time>2021-01-17T09:20:11Z</time></trkpt><trkpt lat="43.605396" lon="3.404746"><ele>132.621</ele><time>2021-01-17T09:20:13Z</time></trkpt><trkpt lat="43.605395" lon="3.404734"><ele>132.608</ele><time>2021-01-17T09:20:14Z</time></trkpt><trkpt lat="43.605395" lon="3.404686"><ele>133.079</ele><time>2021-01-17T09:20:17Z</time></trkpt><trkpt lat="43.605407" lon="3.404644"><ele>133.687</ele><time>2021-01-17T09:20:21Z</time></trkpt><trkpt lat="43.605441" lon="3.404641"><ele>134.453</ele><time>2021-01-17T09:20:25Z</time></trkpt><trkpt lat="43.605461" lon="3.404623"><ele>134.641</ele><time>2021-01-17T09:20:27Z</time></trkpt><trkpt lat="43.605495" lon="3.404588"><ele>135.691</ele><time>2021-01-17T09:20:30Z</time></trkpt><trkpt lat="43.605502" lon="3.404552"><ele>136.490</ele><time>2021-01-17T09:20:33Z</time></trkpt><trkpt lat="43.605506" lon="3.404539"><ele>136.626</ele><time>2021-01-17T09:20:34Z</time></trkpt><trkpt lat="43.605506" lon="3.404521"><ele>137.232</ele><time>2021-01-17T09:20:36Z</time></trkpt><trkpt lat="43.605506" lon="3.404495"><ele>137.813</ele><time>2021-01-17T09:20:38Z</time></trkpt><trkpt lat="43.605505" lon="3.404483"><ele>138.443</ele><time>2021-01-17T09:20:39Z</time></trkpt><trkpt lat="43.605510" lon="3.404463"><ele>139.207</ele><time>2021-01-17T09:20:41Z</time></trkpt><trkpt lat="43.605517" lon="3.404417"><ele>140.208</ele><time>2021-01-17T09:20:44Z</time></trkpt><trkpt lat="43.605525" lon="3.404401"><ele>140.497</ele><time>2021-01-17T09:20:45Z</time></trkpt><trkpt lat="43.605531" lon="3.404370"><ele>140.635</ele><time>2021-01-17T09:20:47Z</time></trkpt><trkpt lat="43.605530" lon="3.404312"><ele>141.281</ele><time>2021-01-17T09:20:51Z</time></trkpt><trkpt lat="43.605535" lon="3.404298"><ele>141.219</ele><time>2021-01-17T09:20:52Z</time></trkpt><trkpt lat="43.605537" lon="3.404280"><ele>141.429</ele><time>2021-01-17T09:20:54Z</time></trkpt><trkpt lat="43.605547" lon="3.404259"><ele>141.858</ele><time>2021-01-17T09:20:56Z</time></trkpt><trkpt lat="43.605557" lon="3.404238"><ele>142.434</ele><time>2021-01-17T09:20:58Z</time></trkpt><trkpt lat="43.605562" lon="3.404227"><ele>142.660</ele><time>2021-01-17T09:20:59Z</time></trkpt><trkpt lat="43.605588" lon="3.404173"><ele>143.858</ele><time>2021-01-17T09:21:03Z</time></trkpt><trkpt lat="43.605619" lon="3.404121"><ele>145.052</ele><time>2021-01-17T09:21:07Z</time></trkpt><trkpt lat="43.605634" lon="3.404091"><ele>145.417</ele><time>2021-01-17T09:21:10Z</time></trkpt><trkpt lat="43.605635" lon="3.404062"><ele>146.008</ele><time>2021-01-17T09:21:13Z</time></trkpt><trkpt lat="43.605645" lon="3.403986"><ele>147.241</ele><time>2021-01-17T09:21:18Z</time></trkpt><trkpt lat="43.605643" lon="3.403975"><ele>147.439</ele><time>2021-01-17T09:21:19Z</time></trkpt><trkpt lat="43.605639" lon="3.403945"><ele>148.285</ele><time>2021-01-17T09:21:22Z</time></trkpt><trkpt lat="43.605632" lon="3.403914"><ele>149.243</ele><time>2021-01-17T09:21:25Z</time></trkpt><trkpt lat="43.605627" lon="3.403896"><ele>150.443</ele><time>2021-01-17T09:21:28Z</time></trkpt><trkpt lat="43.605629" lon="3.403889"><ele>150.862</ele><time>2021-01-17T09:21:29Z</time></trkpt><trkpt lat="43.605632" lon="3.403878"><ele>151.488</ele><time>2021-01-17T09:21:31Z</time></trkpt><trkpt lat="43.605654" lon="3.403877"><ele>151.864</ele><time>2021-01-17T09:21:33Z</time></trkpt><trkpt lat="43.605670" lon="3.403879"><ele>151.856</ele><time>2021-01-17T09:21:34Z</time></trkpt><trkpt lat="43.605726" lon="3.403890"><ele>151.859</ele><time>2021-01-17T09:21:37Z</time></trkpt><trkpt lat="43.605784" lon="3.403903"><ele>151.814</ele><time>2021-01-17T09:21:40Z</time></trkpt><trkpt lat="43.605952" lon="3.403898"><ele>151.608</ele><time>2021-01-17T09:21:48Z</time></trkpt><trkpt lat="43.606074" lon="3.403891"><ele>152.061</ele><time>2021-01-17T09:21:53Z</time></trkpt><trkpt lat="43.606109" lon="3.403870"><ele>152.459</ele><time>2021-01-17T09:21:55Z</time></trkpt><trkpt lat="43.606189" lon="3.403740"><ele>153.415</ele><time>2021-01-17T09:22:01Z</time></trkpt><trkpt lat="43.606202" lon="3.403716"><ele>153.643</ele><time>2021-01-17T09:22:02Z</time></trkpt><trkpt lat="43.606287" lon="3.403591"><ele>154.883</ele><time>2021-01-17T09:22:08Z</time></trkpt><trkpt lat="43.606299" lon="3.403568"><ele>155.012</ele><time>2021-01-17T09:22:09Z</time></trkpt><trkpt lat="43.606359" lon="3.403484"><ele>156.048</ele><time>2021-01-17T09:22:12Z</time></trkpt><trkpt lat="43.606413" lon="3.403398"><ele>156.494</ele><time>2021-01-17T09:22:15Z</time></trkpt><trkpt lat="43.606524" lon="3.403222"><ele>156.211</ele><time>2021-01-17T09:22:22Z</time></trkpt><trkpt lat="43.606644" lon="3.402994"><ele>156.221</ele><time>2021-01-17T09:22:29Z</time></trkpt><trkpt lat="43.606727" lon="3.402854"><ele>156.403</ele><time>2021-01-17T09:22:34Z</time></trkpt><trkpt lat="43.606760" lon="3.402774"><ele>156.808</ele><time>2021-01-17T09:22:37Z</time></trkpt><trkpt lat="43.606786" lon="3.402692"><ele>157.237</ele><time>2021-01-17T09:22:40Z</time></trkpt><trkpt lat="43.606806" lon="3.402653"><ele>157.435</ele><time>2021-01-17T09:22:42Z</time></trkpt><trkpt lat="43.606946" lon="3.402465"><ele>157.261</ele><time>2021-01-17T09:22:50Z</time></trkpt><trkpt lat="43.606955" lon="3.402275"><ele>157.479</ele><time>2021-01-17T09:22:57Z</time></trkpt><trkpt lat="43.606931" lon="3.402139"><ele>157.899</ele><time>2021-01-17T09:23:02Z</time></trkpt><trkpt lat="43.606909" lon="3.402097"><ele>158.218</ele><time>2021-01-17T09:23:04Z</time></trkpt><trkpt lat="43.606893" lon="3.402087"><ele>158.694</ele><time>2021-01-17T09:23:05Z</time></trkpt><trkpt lat="43.606874" lon="3.402067"><ele>159.010</ele><time>2021-01-17T09:23:07Z</time></trkpt><trkpt lat="43.606862" lon="3.402021"><ele>159.487</ele><time>2021-01-17T09:23:09Z</time></trkpt><trkpt lat="43.606875" lon="3.401936"><ele>160.042</ele><time>2021-01-17T09:23:12Z</time></trkpt><trkpt lat="43.606900" lon="3.401724"><ele>158.426</ele><time>2021-01-17T09:23:19Z</time></trkpt><trkpt lat="43.606901" lon="3.401701"><ele>158.008</ele><time>2021-01-17T09:23:20Z</time></trkpt><trkpt lat="43.606944" lon="3.401651"><ele>157.644</ele><time>2021-01-17T09:23:24Z</time></trkpt><trkpt lat="43.607011" lon="3.401647"><ele>157.682</ele><time>2021-01-17T09:23:27Z</time></trkpt><trkpt lat="43.607056" lon="3.401671"><ele>157.618</ele><time>2021-01-17T09:23:29Z</time></trkpt><trkpt lat="43.607194" lon="3.401688"><ele>157.226</ele><time>2021-01-17T09:23:35Z</time></trkpt><trkpt lat="43.607299" lon="3.401554"><ele>157.056</ele><time>2021-01-17T09:23:42Z</time></trkpt><trkpt lat="43.607310" lon="3.401539"><ele>157.045</ele><time>2021-01-17T09:23:43Z</time></trkpt><trkpt lat="43.607320" lon="3.401518"><ele>156.861</ele><time>2021-01-17T09:23:44Z</time></trkpt><trkpt lat="43.607371" lon="3.401438"><ele>156.677</ele><time>2021-01-17T09:23:47Z</time></trkpt><trkpt lat="43.607514" lon="3.401336"><ele>156.617</ele><time>2021-01-17T09:23:53Z</time></trkpt><trkpt lat="43.607623" lon="3.401227"><ele>156.887</ele><time>2021-01-17T09:23:59Z</time></trkpt><trkpt lat="43.607665" lon="3.401185"><ele>157.015</ele><time>2021-01-17T09:24:03Z</time></trkpt><trkpt lat="43.607668" lon="3.401167"><ele>156.808</ele><time>2021-01-17T09:24:05Z</time></trkpt><trkpt lat="43.607607" lon="3.401167"><ele>157.017</ele><time>2021-01-17T09:24:09Z</time></trkpt><trkpt lat="43.607507" lon="3.401172"><ele>158.065</ele><time>2021-01-17T09:24:13Z</time></trkpt><trkpt lat="43.607466" lon="3.401188"><ele>158.441</ele><time>2021-01-17T09:24:15Z</time></trkpt><trkpt lat="43.607382" lon="3.401211"><ele>159.299</ele><time>2021-01-17T09:24:19Z</time></trkpt><trkpt lat="43.607363" lon="3.401220"><ele>159.489</ele><time>2021-01-17T09:24:20Z</time></trkpt><trkpt lat="43.607240" lon="3.401292"><ele>159.848</ele><time>2021-01-17T09:24:26Z</time></trkpt><trkpt lat="43.607109" lon="3.401402"><ele>160.214</ele><time>2021-01-17T09:24:33Z</time></trkpt><trkpt lat="43.607087" lon="3.401411"><ele>160.420</ele><time>2021-01-17T09:24:34Z</time></trkpt><trkpt lat="43.606958" lon="3.401393"><ele>161.067</ele><time>2021-01-17T09:24:40Z</time></trkpt><trkpt lat="43.606884" lon="3.401407"><ele>161.481</ele><time>2021-01-17T09:24:44Z</time></trkpt><trkpt lat="43.606824" lon="3.401446"><ele>162.619</ele><time>2021-01-17T09:24:47Z</time></trkpt><trkpt lat="43.606702" lon="3.401583"><ele>163.408</ele><time>2021-01-17T09:24:54Z</time></trkpt><trkpt lat="43.606691" lon="3.401652"><ele>163.672</ele><time>2021-01-17T09:24:56Z</time></trkpt><trkpt lat="43.606683" lon="3.401759"><ele>164.490</ele><time>2021-01-17T09:25:00Z</time></trkpt><trkpt lat="43.606679" lon="3.401786"><ele>164.846</ele><time>2021-01-17T09:25:01Z</time></trkpt><trkpt lat="43.606659" lon="3.401912"><ele>165.834</ele><time>2021-01-17T09:25:05Z</time></trkpt><trkpt lat="43.606655" lon="3.401971"><ele>166.044</ele><time>2021-01-17T09:25:07Z</time></trkpt><trkpt lat="43.606622" lon="3.402173"><ele>167.013</ele><time>2021-01-17T09:25:14Z</time></trkpt><trkpt lat="43.606485" lon="3.402355"><ele>167.269</ele><time>2021-01-17T09:25:22Z</time></trkpt><trkpt lat="43.606387" lon="3.402475"><ele>168.015</ele><time>2021-01-17T09:25:28Z</time></trkpt><trkpt lat="43.606340" lon="3.402516"><ele>168.021</ele><time>2021-01-17T09:25:30Z</time></trkpt><trkpt lat="43.606268" lon="3.402588"><ele>169.241</ele><time>2021-01-17T09:25:34Z</time></trkpt><trkpt lat="43.606229" lon="3.402623"><ele>169.605</ele><time>2021-01-17T09:25:36Z</time></trkpt><trkpt lat="43.606182" lon="3.402679"><ele>170.208</ele><time>2021-01-17T09:25:39Z</time></trkpt><trkpt lat="43.606113" lon="3.402752"><ele>171.248</ele><time>2021-01-17T09:25:43Z</time></trkpt><trkpt lat="43.606012" lon="3.402894"><ele>172.286</ele><time>2021-01-17T09:25:50Z</time></trkpt><trkpt lat="43.605960" lon="3.402986"><ele>172.222</ele><time>2021-01-17T09:25:54Z</time></trkpt><trkpt lat="43.605905" lon="3.403046"><ele>173.260</ele><time>2021-01-17T09:25:59Z</time></trkpt><trkpt lat="43.605892" lon="3.403057"><ele>173.680</ele><time>2021-01-17T09:26:00Z</time></trkpt><trkpt lat="43.605847" lon="3.403079"><ele>174.889</ele><time>2021-01-17T09:26:03Z</time></trkpt><trkpt lat="43.605791" lon="3.403098"><ele>176.025</ele><time>2021-01-17T09:26:06Z</time></trkpt><trkpt lat="43.605769" lon="3.403103"><ele>176.461</ele><time>2021-01-17T09:26:07Z</time></trkpt><trkpt lat="43.605751" lon="3.403109"><ele>176.642</ele><time>2021-01-17T09:26:08Z</time></trkpt><trkpt lat="43.605706" lon="3.403111"><ele>177.222</ele><time>2021-01-17T09:26:10Z</time></trkpt><trkpt lat="43.605621" lon="3.403110"><ele>177.814</ele><time>2021-01-17T09:26:14Z</time></trkpt><trkpt lat="43.605493" lon="3.403081"><ele>178.208</ele><time>2021-01-17T09:26:20Z</time></trkpt><trkpt lat="43.605452" lon="3.403071"><ele>178.490</ele><time>2021-01-17T09:26:22Z</time></trkpt><trkpt lat="43.605299" lon="3.403046"><ele>179.488</ele><time>2021-01-17T09:26:29Z</time></trkpt><trkpt lat="43.605277" lon="3.403037"><ele>179.494</ele><time>2021-01-17T09:26:30Z</time></trkpt><trkpt lat="43.605098" lon="3.402941"><ele>179.412</ele><time>2021-01-17T09:26:38Z</time></trkpt><trkpt lat="43.604989" lon="3.402802"><ele>179.682</ele><time>2021-01-17T09:26:44Z</time></trkpt><trkpt lat="43.604928" lon="3.402614"><ele>178.411</ele><time>2021-01-17T09:26:50Z</time></trkpt><trkpt lat="43.604921" lon="3.402548"><ele>178.287</ele><time>2021-01-17T09:26:52Z</time></trkpt><trkpt lat="43.604952" lon="3.402373"><ele>178.493</ele><time>2021-01-17T09:26:58Z</time></trkpt><trkpt lat="43.604955" lon="3.402222"><ele>177.215</ele><time>2021-01-17T09:27:03Z</time></trkpt><trkpt lat="43.604944" lon="3.402150"><ele>176.865</ele><time>2021-01-17T09:27:05Z</time></trkpt><trkpt lat="43.604939" lon="3.401884"><ele>176.611</ele><time>2021-01-17T09:27:12Z</time></trkpt><trkpt lat="43.604940" lon="3.401848"><ele>176.408</ele><time>2021-01-17T09:27:13Z</time></trkpt><trkpt lat="43.604940" lon="3.401809"><ele>176.257</ele><time>2021-01-17T09:27:14Z</time></trkpt><trkpt lat="43.604996" lon="3.401600"><ele>175.495</ele><time>2021-01-17T09:27:20Z</time></trkpt><trkpt lat="43.605027" lon="3.401532"><ele>175.031</ele><time>2021-01-17T09:27:22Z</time></trkpt><trkpt lat="43.605103" lon="3.401353"><ele>174.289</ele><time>2021-01-17T09:27:28Z</time></trkpt><trkpt lat="43.605137" lon="3.401299"><ele>174.089</ele><time>2021-01-17T09:27:30Z</time></trkpt><trkpt lat="43.605230" lon="3.401087"><ele>173.878</ele><time>2021-01-17T09:27:37Z</time></trkpt><trkpt lat="43.605233" lon="3.401050"><ele>173.434</ele><time>2021-01-17T09:27:38Z</time></trkpt><trkpt lat="43.605221" lon="3.400952"><ele>173.040</ele><time>2021-01-17T09:27:41Z</time></trkpt><trkpt lat="43.605212" lon="3.400921"><ele>172.816</ele><time>2021-01-17T09:27:42Z</time></trkpt><trkpt lat="43.605197" lon="3.400826"><ele>172.276</ele><time>2021-01-17T09:27:45Z</time></trkpt><trkpt lat="43.605199" lon="3.400784"><ele>172.213</ele><time>2021-01-17T09:27:47Z</time></trkpt><trkpt lat="43.605204" lon="3.400750"><ele>172.208</ele><time>2021-01-17T09:27:51Z</time></trkpt><trkpt lat="43.605187" lon="3.400697"><ele>172.277</ele><time>2021-01-17T09:27:53Z</time></trkpt><trkpt lat="43.605178" lon="3.400632"><ele>172.045</ele><time>2021-01-17T09:27:55Z</time></trkpt><trkpt lat="43.605177" lon="3.400411"><ele>171.811</ele><time>2021-01-17T09:28:01Z</time></trkpt><trkpt lat="43.605178" lon="3.400375"><ele>171.689</ele><time>2021-01-17T09:28:02Z</time></trkpt><trkpt lat="43.605178" lon="3.400186"><ele>170.479</ele><time>2021-01-17T09:28:07Z</time></trkpt><trkpt lat="43.605181" lon="3.400148"><ele>170.218</ele><time>2021-01-17T09:28:08Z</time></trkpt><trkpt lat="43.605202" lon="3.399999"><ele>169.454</ele><time>2021-01-17T09:28:12Z</time></trkpt><trkpt lat="43.605231" lon="3.399844"><ele>168.610</ele><time>2021-01-17T09:28:16Z</time></trkpt><trkpt lat="43.605241" lon="3.399809"><ele>168.476</ele><time>2021-01-17T09:28:17Z</time></trkpt><trkpt lat="43.605287" lon="3.399653"><ele>167.690</ele><time>2021-01-17T09:28:22Z</time></trkpt><trkpt lat="43.605288" lon="3.399622"><ele>167.619</ele><time>2021-01-17T09:28:23Z</time></trkpt><trkpt lat="43.605297" lon="3.399551"><ele>167.408</ele><time>2021-01-17T09:28:25Z</time></trkpt><trkpt lat="43.605341" lon="3.399297"><ele>167.033</ele><time>2021-01-17T09:28:32Z</time></trkpt><trkpt lat="43.605376" lon="3.399198"><ele>166.881</ele><time>2021-01-17T09:28:35Z</time></trkpt><trkpt lat="43.605407" lon="3.399085"><ele>166.437</ele><time>2021-01-17T09:28:38Z</time></trkpt><trkpt lat="43.605432" lon="3.398946"><ele>166.655</ele><time>2021-01-17T09:28:42Z</time></trkpt><trkpt lat="43.605465" lon="3.398732"><ele>165.845</ele><time>2021-01-17T09:28:48Z</time></trkpt><trkpt lat="43.605454" lon="3.398656"><ele>165.274</ele><time>2021-01-17T09:28:50Z</time></trkpt><trkpt lat="43.605398" lon="3.398422"><ele>164.220</ele><time>2021-01-17T09:28:56Z</time></trkpt><trkpt lat="43.605388" lon="3.398385"><ele>164.246</ele><time>2021-01-17T09:28:57Z</time></trkpt><trkpt lat="43.605365" lon="3.398222"><ele>163.495</ele><time>2021-01-17T09:29:02Z</time></trkpt><trkpt lat="43.605373" lon="3.398190"><ele>163.249</ele><time>2021-01-17T09:29:03Z</time></trkpt><trkpt lat="43.605435" lon="3.398111"><ele>163.223</ele><time>2021-01-17T09:29:06Z</time></trkpt><trkpt lat="43.605553" lon="3.397985"><ele>163.208</ele><time>2021-01-17T09:29:12Z</time></trkpt><trkpt lat="43.605697" lon="3.397831"><ele>162.055</ele><time>2021-01-17T09:29:18Z</time></trkpt><trkpt lat="43.605832" lon="3.397713"><ele>161.013</ele><time>2021-01-17T09:29:23Z</time></trkpt><trkpt lat="43.605851" lon="3.397689"><ele>160.619</ele><time>2021-01-17T09:29:24Z</time></trkpt><trkpt lat="43.605913" lon="3.397608"><ele>160.077</ele><time>2021-01-17T09:29:27Z</time></trkpt><trkpt lat="43.605933" lon="3.397547"><ele>159.817</ele><time>2021-01-17T09:29:29Z</time></trkpt><trkpt lat="43.606013" lon="3.397365"><ele>160.416</ele><time>2021-01-17T09:29:35Z</time></trkpt><trkpt lat="43.606111" lon="3.397148"><ele>159.872</ele><time>2021-01-17T09:29:42Z</time></trkpt><trkpt lat="43.606125" lon="3.397116"><ele>159.678</ele><time>2021-01-17T09:29:43Z</time></trkpt><trkpt lat="43.606232" lon="3.396967"><ele>158.847</ele><time>2021-01-17T09:29:49Z</time></trkpt><trkpt lat="43.606348" lon="3.396774"><ele>158.429</ele><time>2021-01-17T09:29:56Z</time></trkpt><trkpt lat="43.606370" lon="3.396755"><ele>158.221</ele><time>2021-01-17T09:29:57Z</time></trkpt><trkpt lat="43.606408" lon="3.396707"><ele>157.808</ele><time>2021-01-17T09:29:59Z</time></trkpt><trkpt lat="43.606472" lon="3.396555"><ele>158.050</ele><time>2021-01-17T09:30:04Z</time></trkpt><trkpt lat="43.606550" lon="3.396412"><ele>158.218</ele><time>2021-01-17T09:30:09Z</time></trkpt><trkpt lat="43.606693" lon="3.396242"><ele>157.064</ele><time>2021-01-17T09:30:16Z</time></trkpt><trkpt lat="43.606713" lon="3.396217"><ele>156.892</ele><time>2021-01-17T09:30:17Z</time></trkpt><trkpt lat="43.606825" lon="3.396072"><ele>156.882</ele><time>2021-01-17T09:30:23Z</time></trkpt><trkpt lat="43.606876" lon="3.395959"><ele>157.211</ele><time>2021-01-17T09:30:27Z</time></trkpt><trkpt lat="43.606876" lon="3.395925"><ele>157.267</ele><time>2021-01-17T09:30:28Z</time></trkpt><trkpt lat="43.606829" lon="3.395718"><ele>157.463</ele><time>2021-01-17T09:30:34Z</time></trkpt><trkpt lat="43.606733" lon="3.395621"><ele>157.833</ele><time>2021-01-17T09:30:39Z</time></trkpt><trkpt lat="43.606556" lon="3.395527"><ele>157.823</ele><time>2021-01-17T09:30:47Z</time></trkpt><trkpt lat="43.606524" lon="3.395500"><ele>157.815</ele><time>2021-01-17T09:30:49Z</time></trkpt><trkpt lat="43.606514" lon="3.395477"><ele>158.008</ele><time>2021-01-17T09:30:50Z</time></trkpt><trkpt lat="43.606510" lon="3.395372"><ele>158.229</ele><time>2021-01-17T09:30:54Z</time></trkpt><trkpt lat="43.606548" lon="3.395287"><ele>159.277</ele><time>2021-01-17T09:30:58Z</time></trkpt><trkpt lat="43.606598" lon="3.395210"><ele>160.213</ele><time>2021-01-17T09:31:02Z</time></trkpt><trkpt lat="43.606655" lon="3.395137"><ele>161.421</ele><time>2021-01-17T09:31:07Z</time></trkpt><trkpt lat="43.606691" lon="3.395105"><ele>162.671</ele><time>2021-01-17T09:31:10Z</time></trkpt><trkpt lat="43.606701" lon="3.395099"><ele>162.850</ele><time>2021-01-17T09:31:11Z</time></trkpt><trkpt lat="43.606748" lon="3.395068"><ele>163.866</ele><time>2021-01-17T09:31:16Z</time></trkpt><trkpt lat="43.606795" lon="3.395030"><ele>164.652</ele><time>2021-01-17T09:31:21Z</time></trkpt><trkpt lat="43.606807" lon="3.395023"><ele>164.864</ele><time>2021-01-17T09:31:22Z</time></trkpt><trkpt lat="43.606862" lon="3.394996"><ele>166.006</ele><time>2021-01-17T09:31:26Z</time></trkpt><trkpt lat="43.606949" lon="3.394950"><ele>167.016</ele><time>2021-01-17T09:31:32Z</time></trkpt><trkpt lat="43.607008" lon="3.394926"><ele>168.208</ele><time>2021-01-17T09:31:37Z</time></trkpt><trkpt lat="43.607019" lon="3.394918"><ele>168.222</ele><time>2021-01-17T09:31:38Z</time></trkpt><trkpt lat="43.607041" lon="3.394898"><ele>169.010</ele><time>2021-01-17T09:31:40Z</time></trkpt><trkpt lat="43.607054" lon="3.394890"><ele>169.456</ele><time>2021-01-17T09:31:41Z</time></trkpt><trkpt lat="43.607115" lon="3.394871"><ele>170.684</ele><time>2021-01-17T09:31:45Z</time></trkpt><trkpt lat="43.607163" lon="3.394865"><ele>171.634</ele><time>2021-01-17T09:31:48Z</time></trkpt><trkpt lat="43.607179" lon="3.394859"><ele>171.853</ele><time>2021-01-17T09:31:49Z</time></trkpt><trkpt lat="43.607238" lon="3.394826"><ele>172.659</ele><time>2021-01-17T09:31:55Z</time></trkpt><trkpt lat="43.607246" lon="3.394822"><ele>172.845</ele><time>2021-01-17T09:31:56Z</time></trkpt><trkpt lat="43.607260" lon="3.394817"><ele>172.888</ele><time>2021-01-17T09:31:57Z</time></trkpt><trkpt lat="43.607306" lon="3.394799"><ele>173.224</ele><time>2021-01-17T09:32:00Z</time></trkpt><trkpt lat="43.607330" lon="3.394780"><ele>174.426</ele><time>2021-01-17T09:32:03Z</time></trkpt><trkpt lat="43.607337" lon="3.394774"><ele>175.008</ele><time>2021-01-17T09:32:04Z</time></trkpt><trkpt lat="43.607348" lon="3.394764"><ele>175.614</ele><time>2021-01-17T09:32:05Z</time></trkpt><trkpt lat="43.607380" lon="3.394738"><ele>176.612</ele><time>2021-01-17T09:32:08Z</time></trkpt><trkpt lat="43.607441" lon="3.394699"><ele>178.098</ele><time>2021-01-17T09:32:12Z</time></trkpt><trkpt lat="43.607477" lon="3.394658"><ele>179.236</ele><time>2021-01-17T09:32:16Z</time></trkpt><trkpt lat="43.607515" lon="3.394586"><ele>180.056</ele><time>2021-01-17T09:32:22Z</time></trkpt><trkpt lat="43.607523" lon="3.394576"><ele>180.225</ele><time>2021-01-17T09:32:23Z</time></trkpt><trkpt lat="43.607558" lon="3.394513"><ele>181.231</ele><time>2021-01-17T09:32:27Z</time></trkpt><trkpt lat="43.607582" lon="3.394473"><ele>182.237</ele><time>2021-01-17T09:32:30Z</time></trkpt><trkpt lat="43.607588" lon="3.394461"><ele>182.642</ele><time>2021-01-17T09:32:31Z</time></trkpt><trkpt lat="43.607605" lon="3.394418"><ele>183.622</ele><time>2021-01-17T09:32:34Z</time></trkpt><trkpt lat="43.607618" lon="3.394347"><ele>184.614</ele><time>2021-01-17T09:32:38Z</time></trkpt><trkpt lat="43.607615" lon="3.394327"><ele>185.008</ele><time>2021-01-17T09:32:39Z</time></trkpt><trkpt lat="43.607601" lon="3.394273"><ele>186.060</ele><time>2021-01-17T09:32:42Z</time></trkpt><trkpt lat="43.607570" lon="3.394183"><ele>186.648</ele><time>2021-01-17T09:32:46Z</time></trkpt><trkpt lat="43.607505" lon="3.393966"><ele>187.034</ele><time>2021-01-17T09:32:54Z</time></trkpt><trkpt lat="43.607472" lon="3.393854"><ele>188.022</ele><time>2021-01-17T09:32:59Z</time></trkpt><trkpt lat="43.607467" lon="3.393834"><ele>188.222</ele><time>2021-01-17T09:33:00Z</time></trkpt><trkpt lat="43.607437" lon="3.393750"><ele>188.471</ele><time>2021-01-17T09:33:03Z</time></trkpt><trkpt lat="43.607385" lon="3.393590"><ele>189.247</ele><time>2021-01-17T09:33:09Z</time></trkpt><trkpt lat="43.607353" lon="3.393500"><ele>189.623</ele><time>2021-01-17T09:33:12Z</time></trkpt><trkpt lat="43.607306" lon="3.393348"><ele>190.433</ele><time>2021-01-17T09:33:18Z</time></trkpt><trkpt lat="43.607287" lon="3.393289"><ele>190.823</ele><time>2021-01-17T09:33:20Z</time></trkpt><trkpt lat="43.607260" lon="3.393184"><ele>191.615</ele><time>2021-01-17T09:33:24Z</time></trkpt><trkpt lat="43.607247" lon="3.393098"><ele>192.608</ele><time>2021-01-17T09:33:27Z</time></trkpt><trkpt lat="43.607234" lon="3.393043"><ele>193.299</ele><time>2021-01-17T09:33:29Z</time></trkpt><trkpt lat="43.607219" lon="3.392957"><ele>193.637</ele><time>2021-01-17T09:33:32Z</time></trkpt><trkpt lat="43.607187" lon="3.392798"><ele>194.223</ele><time>2021-01-17T09:33:38Z</time></trkpt><trkpt lat="43.607163" lon="3.392720"><ele>194.691</ele><time>2021-01-17T09:33:41Z</time></trkpt><trkpt lat="43.607146" lon="3.392599"><ele>196.251</ele><time>2021-01-17T09:33:46Z</time></trkpt><trkpt lat="43.607136" lon="3.392527"><ele>197.260</ele><time>2021-01-17T09:33:49Z</time></trkpt><trkpt lat="43.607121" lon="3.392403"><ele>198.416</ele><time>2021-01-17T09:33:54Z</time></trkpt><trkpt lat="43.607115" lon="3.392297"><ele>199.472</ele><time>2021-01-17T09:33:58Z</time></trkpt><trkpt lat="43.607064" lon="3.392064"><ele>200.453</ele><time>2021-01-17T09:34:07Z</time></trkpt><trkpt lat="43.607033" lon="3.391988"><ele>200.804</ele><time>2021-01-17T09:34:10Z</time></trkpt><trkpt lat="43.606996" lon="3.391893"><ele>201.614</ele><time>2021-01-17T09:34:14Z</time></trkpt><trkpt lat="43.606975" lon="3.391818"><ele>202.208</ele><time>2021-01-17T09:34:17Z</time></trkpt><trkpt lat="43.606968" lon="3.391745"><ele>202.661</ele><time>2021-01-17T09:34:20Z</time></trkpt><trkpt lat="43.606959" lon="3.391648"><ele>203.259</ele><time>2021-01-17T09:34:24Z</time></trkpt><trkpt lat="43.606948" lon="3.391548"><ele>203.835</ele><time>2021-01-17T09:34:28Z</time></trkpt><trkpt lat="43.606932" lon="3.391476"><ele>204.033</ele><time>2021-01-17T09:34:31Z</time></trkpt><trkpt lat="43.606845" lon="3.391410"><ele>204.883</ele><time>2021-01-17T09:34:36Z</time></trkpt><trkpt lat="43.606822" lon="3.391412"><ele>205.082</ele><time>2021-01-17T09:34:37Z</time></trkpt><trkpt lat="43.606778" lon="3.391430"><ele>205.618</ele><time>2021-01-17T09:34:39Z</time></trkpt><trkpt lat="43.606747" lon="3.391452"><ele>206.094</ele><time>2021-01-17T09:34:41Z</time></trkpt><trkpt lat="43.606709" lon="3.391487"><ele>206.477</ele><time>2021-01-17T09:34:43Z</time></trkpt><trkpt lat="43.606671" lon="3.391508"><ele>207.061</ele><time>2021-01-17T09:34:45Z</time></trkpt><trkpt lat="43.606574" lon="3.391539"><ele>208.227</ele><time>2021-01-17T09:34:50Z</time></trkpt><trkpt lat="43.606469" lon="3.391523"><ele>209.208</ele><time>2021-01-17T09:34:55Z</time></trkpt><trkpt lat="43.606405" lon="3.391506"><ele>210.223</ele><time>2021-01-17T09:34:58Z</time></trkpt><trkpt lat="43.606287" lon="3.391433"><ele>210.471</ele><time>2021-01-17T09:35:04Z</time></trkpt><trkpt lat="43.606239" lon="3.391383"><ele>210.637</ele><time>2021-01-17T09:35:07Z</time></trkpt><trkpt lat="43.606120" lon="3.391219"><ele>211.485</ele><time>2021-01-17T09:35:15Z</time></trkpt><trkpt lat="43.606097" lon="3.391175"><ele>211.655</ele><time>2021-01-17T09:35:17Z</time></trkpt><trkpt lat="43.606020" lon="3.391029"><ele>212.464</ele><time>2021-01-17T09:35:24Z</time></trkpt><trkpt lat="43.606003" lon="3.390996"><ele>212.610</ele><time>2021-01-17T09:35:25Z</time></trkpt><trkpt lat="43.605962" lon="3.390866"><ele>212.836</ele><time>2021-01-17T09:35:30Z</time></trkpt><trkpt lat="43.605956" lon="3.390840"><ele>213.096</ele><time>2021-01-17T09:35:31Z</time></trkpt><trkpt lat="43.605933" lon="3.390729"><ele>213.631</ele><time>2021-01-17T09:35:35Z</time></trkpt><trkpt lat="43.605900" lon="3.390589"><ele>214.624</ele><time>2021-01-17T09:35:40Z</time></trkpt><trkpt lat="43.605881" lon="3.390478"><ele>215.408</ele><time>2021-01-17T09:35:44Z</time></trkpt><trkpt lat="43.605874" lon="3.390429"><ele>216.015</ele><time>2021-01-17T09:35:46Z</time></trkpt><trkpt lat="43.605859" lon="3.390315"><ele>217.223</ele><time>2021-01-17T09:35:50Z</time></trkpt><trkpt lat="43.605846" lon="3.390206"><ele>217.669</ele><time>2021-01-17T09:35:54Z</time></trkpt><trkpt lat="43.605840" lon="3.390048"><ele>218.247</ele><time>2021-01-17T09:36:00Z</time></trkpt><trkpt lat="43.605827" lon="3.389985"><ele>218.467</ele><time>2021-01-17T09:36:02Z</time></trkpt><trkpt lat="43.605816" lon="3.389720"><ele>219.036</ele><time>2021-01-17T09:36:11Z</time></trkpt><trkpt lat="43.605814" lon="3.389692"><ele>219.292</ele><time>2021-01-17T09:36:12Z</time></trkpt><trkpt lat="43.605801" lon="3.389521"><ele>220.228</ele><time>2021-01-17T09:36:18Z</time></trkpt><trkpt lat="43.605803" lon="3.389474"><ele>220.414</ele><time>2021-01-17T09:36:20Z</time></trkpt><trkpt lat="43.605797" lon="3.389305"><ele>221.654</ele><time>2021-01-17T09:36:26Z</time></trkpt><trkpt lat="43.605782" lon="3.389130"><ele>222.609</ele><time>2021-01-17T09:36:32Z</time></trkpt><trkpt lat="43.605782" lon="3.389043"><ele>223.208</ele><time>2021-01-17T09:36:35Z</time></trkpt><trkpt lat="43.605777" lon="3.388929"><ele>223.857</ele><time>2021-01-17T09:36:39Z</time></trkpt><trkpt lat="43.605760" lon="3.388820"><ele>224.475</ele><time>2021-01-17T09:36:43Z</time></trkpt><trkpt lat="43.605747" lon="3.388757"><ele>225.041</ele><time>2021-01-17T09:36:45Z</time></trkpt><trkpt lat="43.605681" lon="3.388559"><ele>226.059</ele><time>2021-01-17T09:36:53Z</time></trkpt><trkpt lat="43.605572" lon="3.388537"><ele>226.039</ele><time>2021-01-17T09:36:58Z</time></trkpt><trkpt lat="43.605392" lon="3.388519"><ele>226.048</ele><time>2021-01-17T09:37:06Z</time></trkpt><trkpt lat="43.605314" lon="3.388483"><ele>226.044</ele><time>2021-01-17T09:37:10Z</time></trkpt><trkpt lat="43.605242" lon="3.388434"><ele>226.410</ele><time>2021-01-17T09:37:14Z</time></trkpt><trkpt lat="43.605129" lon="3.388243"><ele>227.294</ele><time>2021-01-17T09:37:22Z</time></trkpt><trkpt lat="43.605120" lon="3.388218"><ele>227.457</ele><time>2021-01-17T09:37:23Z</time></trkpt><trkpt lat="43.605095" lon="3.388040"><ele>228.022</ele><time>2021-01-17T09:37:29Z</time></trkpt><trkpt lat="43.605094" lon="3.387974"><ele>228.208</ele><time>2021-01-17T09:37:31Z</time></trkpt><trkpt lat="43.605117" lon="3.387822"><ele>229.415</ele><time>2021-01-17T09:37:36Z</time></trkpt><trkpt lat="43.605173" lon="3.387620"><ele>230.253</ele><time>2021-01-17T09:37:43Z</time></trkpt><trkpt lat="43.605183" lon="3.387548"><ele>230.499</ele><time>2021-01-17T09:37:45Z</time></trkpt><trkpt lat="43.605180" lon="3.387518"><ele>230.417</ele><time>2021-01-17T09:37:46Z</time></trkpt><trkpt lat="43.605159" lon="3.387429"><ele>230.497</ele><time>2021-01-17T09:37:49Z</time></trkpt><trkpt lat="43.605059" lon="3.387233"><ele>231.086</ele><time>2021-01-17T09:37:56Z</time></trkpt><trkpt lat="43.604979" lon="3.387110"><ele>231.492</ele><time>2021-01-17T09:38:01Z</time></trkpt><trkpt lat="43.604891" lon="3.386958"><ele>231.848</ele><time>2021-01-17T09:38:07Z</time></trkpt><trkpt lat="43.604828" lon="3.386798"><ele>232.446</ele><time>2021-01-17T09:38:13Z</time></trkpt><trkpt lat="43.604805" lon="3.386742"><ele>232.688</ele><time>2021-01-17T09:38:15Z</time></trkpt><trkpt lat="43.604720" lon="3.386564"><ele>233.016</ele><time>2021-01-17T09:38:22Z</time></trkpt><trkpt lat="43.604668" lon="3.386470"><ele>233.408</ele><time>2021-01-17T09:38:26Z</time></trkpt><trkpt lat="43.604638" lon="3.386422"><ele>233.490</ele><time>2021-01-17T09:38:28Z</time></trkpt><trkpt lat="43.604624" lon="3.386397"><ele>233.638</ele><time>2021-01-17T09:38:29Z</time></trkpt><trkpt lat="43.604520" lon="3.386172"><ele>234.244</ele><time>2021-01-17T09:38:37Z</time></trkpt><trkpt lat="43.604505" lon="3.386145"><ele>234.212</ele><time>2021-01-17T09:38:38Z</time></trkpt><trkpt lat="43.604472" lon="3.386096"><ele>234.632</ele><time>2021-01-17T09:38:40Z</time></trkpt><trkpt lat="43.604365" lon="3.385869"><ele>235.071</ele><time>2021-01-17T09:38:48Z</time></trkpt><trkpt lat="43.604281" lon="3.385634"><ele>235.067</ele><time>2021-01-17T09:38:56Z</time></trkpt><trkpt lat="43.604269" lon="3.385604"><ele>235.213</ele><time>2021-01-17T09:38:57Z</time></trkpt><trkpt lat="43.604204" lon="3.385412"><ele>235.679</ele><time>2021-01-17T09:39:04Z</time></trkpt><trkpt lat="43.604148" lon="3.385211"><ele>236.205</ele><time>2021-01-17T09:39:11Z</time></trkpt><trkpt lat="43.604104" lon="3.385030"><ele>236.825</ele><time>2021-01-17T09:39:17Z</time></trkpt><trkpt lat="43.604089" lon="3.384965"><ele>237.208</ele><time>2021-01-17T09:39:19Z</time></trkpt><trkpt lat="43.604027" lon="3.384706"><ele>237.863</ele><time>2021-01-17T09:39:27Z</time></trkpt><trkpt lat="43.604019" lon="3.384672"><ele>237.881</ele><time>2021-01-17T09:39:28Z</time></trkpt><trkpt lat="43.604010" lon="3.384640"><ele>237.867</ele><time>2021-01-17T09:39:29Z</time></trkpt><trkpt lat="43.603961" lon="3.384390"><ele>238.065</ele><time>2021-01-17T09:39:37Z</time></trkpt><trkpt lat="43.603903" lon="3.384125"><ele>238.835</ele><time>2021-01-17T09:39:45Z</time></trkpt><trkpt lat="43.603895" lon="3.384090"><ele>238.864</ele><time>2021-01-17T09:39:46Z</time></trkpt><trkpt lat="43.603886" lon="3.384056"><ele>239.020</ele><time>2021-01-17T09:39:47Z</time></trkpt><trkpt lat="43.603838" lon="3.383833"><ele>239.476</ele><time>2021-01-17T09:39:54Z</time></trkpt><trkpt lat="43.603830" lon="3.383792"><ele>239.483</ele><time>2021-01-17T09:39:55Z</time></trkpt><trkpt lat="43.603813" lon="3.383661"><ele>239.425</ele><time>2021-01-17T09:39:59Z</time></trkpt><trkpt lat="43.603801" lon="3.383549"><ele>239.817</ele><time>2021-01-17T09:40:03Z</time></trkpt><trkpt lat="43.603786" lon="3.383450"><ele>240.208</ele><time>2021-01-17T09:40:06Z</time></trkpt><trkpt lat="43.603782" lon="3.383254"><ele>240.634</ele><time>2021-01-17T09:40:12Z</time></trkpt><trkpt lat="43.603786" lon="3.383115"><ele>241.062</ele><time>2021-01-17T09:40:16Z</time></trkpt><trkpt lat="43.603781" lon="3.382988"><ele>241.458</ele><time>2021-01-17T09:40:20Z</time></trkpt><trkpt lat="43.603781" lon="3.382751"><ele>241.496</ele><time>2021-01-17T09:40:27Z</time></trkpt><trkpt lat="43.603776" lon="3.382598"><ele>242.216</ele><time>2021-01-17T09:40:32Z</time></trkpt><trkpt lat="43.603770" lon="3.382509"><ele>242.475</ele><time>2021-01-17T09:40:35Z</time></trkpt><trkpt lat="43.603758" lon="3.382258"><ele>242.821</ele><time>2021-01-17T09:40:43Z</time></trkpt><trkpt lat="43.603761" lon="3.382040"><ele>243.287</ele><time>2021-01-17T09:40:50Z</time></trkpt><trkpt lat="43.603738" lon="3.381813"><ele>243.097</ele><time>2021-01-17T09:40:57Z</time></trkpt><trkpt lat="43.603741" lon="3.381718"><ele>243.223</ele><time>2021-01-17T09:41:00Z</time></trkpt><trkpt lat="43.603733" lon="3.381593"><ele>243.425</ele><time>2021-01-17T09:41:04Z</time></trkpt><trkpt lat="43.603716" lon="3.381398"><ele>243.808</ele><time>2021-01-17T09:41:10Z</time></trkpt><trkpt lat="43.603715" lon="3.381307"><ele>244.215</ele><time>2021-01-17T09:41:13Z</time></trkpt><trkpt lat="43.603701" lon="3.381186"><ele>244.853</ele><time>2021-01-17T09:41:17Z</time></trkpt><trkpt lat="43.603689" lon="3.381037"><ele>245.239</ele><time>2021-01-17T09:41:22Z</time></trkpt><trkpt lat="43.603675" lon="3.380912"><ele>245.667</ele><time>2021-01-17T09:41:26Z</time></trkpt><trkpt lat="43.603638" lon="3.380695"><ele>246.427</ele><time>2021-01-17T09:41:33Z</time></trkpt><trkpt lat="43.603619" lon="3.380484"><ele>246.696</ele><time>2021-01-17T09:41:40Z</time></trkpt><trkpt lat="43.603623" lon="3.380309"><ele>247.452</ele><time>2021-01-17T09:41:46Z</time></trkpt><trkpt lat="43.603627" lon="3.380269"><ele>247.428</ele><time>2021-01-17T09:41:47Z</time></trkpt><trkpt lat="43.603625" lon="3.380239"><ele>247.657</ele><time>2021-01-17T09:41:48Z</time></trkpt><trkpt lat="43.603613" lon="3.380023"><ele>248.400</ele><time>2021-01-17T09:41:55Z</time></trkpt><trkpt lat="43.603588" lon="3.379766"><ele>249.420</ele><time>2021-01-17T09:42:03Z</time></trkpt><trkpt lat="43.603585" lon="3.379740"><ele>249.408</ele><time>2021-01-17T09:42:04Z</time></trkpt><trkpt lat="43.603585" lon="3.379699"><ele>249.691</ele><time>2021-01-17T09:42:05Z</time></trkpt><trkpt lat="43.603569" lon="3.379542"><ele>249.639</ele><time>2021-01-17T09:42:10Z</time></trkpt><trkpt lat="43.603551" lon="3.379360"><ele>249.825</ele><time>2021-01-17T09:42:16Z</time></trkpt><trkpt lat="43.603536" lon="3.379217"><ele>250.633</ele><time>2021-01-17T09:42:21Z</time></trkpt><trkpt lat="43.603528" lon="3.379124"><ele>251.253</ele><time>2021-01-17T09:42:24Z</time></trkpt><trkpt lat="43.603527" lon="3.378968"><ele>251.862</ele><time>2021-01-17T09:42:29Z</time></trkpt><trkpt lat="43.603526" lon="3.378937"><ele>251.828</ele><time>2021-01-17T09:42:30Z</time></trkpt><trkpt lat="43.603509" lon="3.378732"><ele>252.874</ele><time>2021-01-17T09:42:37Z</time></trkpt><trkpt lat="43.603489" lon="3.378526"><ele>253.258</ele><time>2021-01-17T09:42:43Z</time></trkpt><trkpt lat="43.603449" lon="3.378284"><ele>253.452</ele><time>2021-01-17T09:42:51Z</time></trkpt><trkpt lat="43.603444" lon="3.378248"><ele>253.617</ele><time>2021-01-17T09:42:52Z</time></trkpt><trkpt lat="43.603422" lon="3.378162"><ele>253.808</ele><time>2021-01-17T09:42:55Z</time></trkpt><trkpt lat="43.603386" lon="3.378006"><ele>254.821</ele><time>2021-01-17T09:43:00Z</time></trkpt><trkpt lat="43.603375" lon="3.377978"><ele>254.879</ele><time>2021-01-17T09:43:01Z</time></trkpt><trkpt lat="43.603352" lon="3.377872"><ele>255.065</ele><time>2021-01-17T09:43:06Z</time></trkpt><trkpt lat="43.603286" lon="3.377651"><ele>256.033</ele><time>2021-01-17T09:43:14Z</time></trkpt><trkpt lat="43.603258" lon="3.377515"><ele>256.873</ele><time>2021-01-17T09:43:20Z</time></trkpt><trkpt lat="43.603248" lon="3.377474"><ele>256.622</ele><time>2021-01-17T09:43:22Z</time></trkpt><trkpt lat="43.603206" lon="3.377269"><ele>256.868</ele><time>2021-01-17T09:43:29Z</time></trkpt><trkpt lat="43.603197" lon="3.377147"><ele>257.054</ele><time>2021-01-17T09:43:33Z</time></trkpt><trkpt lat="43.603213" lon="3.376976"><ele>257.427</ele><time>2021-01-17T09:43:39Z</time></trkpt><trkpt lat="43.603222" lon="3.376862"><ele>258.068</ele><time>2021-01-17T09:43:43Z</time></trkpt><trkpt lat="43.603232" lon="3.376741"><ele>258.414</ele><time>2021-01-17T09:43:47Z</time></trkpt><trkpt lat="43.603234" lon="3.376626"><ele>259.008</ele><time>2021-01-17T09:43:51Z</time></trkpt><trkpt lat="43.603243" lon="3.376527"><ele>259.448</ele><time>2021-01-17T09:43:54Z</time></trkpt><trkpt lat="43.603249" lon="3.376389"><ele>260.236</ele><time>2021-01-17T09:43:58Z</time></trkpt><trkpt lat="43.603255" lon="3.376266"><ele>260.832</ele><time>2021-01-17T09:44:02Z</time></trkpt><trkpt lat="43.603267" lon="3.376144"><ele>261.230</ele><time>2021-01-17T09:44:06Z</time></trkpt><trkpt lat="43.603276" lon="3.376081"><ele>261.290</ele><time>2021-01-17T09:44:08Z</time></trkpt><trkpt lat="43.603285" lon="3.375880"><ele>261.699</ele><time>2021-01-17T09:44:15Z</time></trkpt><trkpt lat="43.603275" lon="3.375731"><ele>262.265</ele><time>2021-01-17T09:44:20Z</time></trkpt><trkpt lat="43.603275" lon="3.375641"><ele>262.661</ele><time>2021-01-17T09:44:23Z</time></trkpt><trkpt lat="43.603268" lon="3.375461"><ele>263.275</ele><time>2021-01-17T09:44:29Z</time></trkpt><trkpt lat="43.603287" lon="3.375215"><ele>264.228</ele><time>2021-01-17T09:44:37Z</time></trkpt><trkpt lat="43.603293" lon="3.375177"><ele>264.220</ele><time>2021-01-17T09:44:38Z</time></trkpt><trkpt lat="43.603324" lon="3.374941"><ele>264.808</ele><time>2021-01-17T09:44:46Z</time></trkpt><trkpt lat="43.603353" lon="3.374788"><ele>265.473</ele><time>2021-01-17T09:44:51Z</time></trkpt><trkpt lat="43.603361" lon="3.374730"><ele>265.621</ele><time>2021-01-17T09:44:53Z</time></trkpt><trkpt lat="43.603377" lon="3.374536"><ele>266.297</ele><time>2021-01-17T09:45:00Z</time></trkpt><trkpt lat="43.603380" lon="3.374501"><ele>266.475</ele><time>2021-01-17T09:45:01Z</time></trkpt><trkpt lat="43.603400" lon="3.374382"><ele>267.875</ele><time>2021-01-17T09:45:05Z</time></trkpt><trkpt lat="43.603408" lon="3.374289"><ele>268.264</ele><time>2021-01-17T09:45:08Z</time></trkpt><trkpt lat="43.603376" lon="3.374064"><ele>268.890</ele><time>2021-01-17T09:45:15Z</time></trkpt><trkpt lat="43.603371" lon="3.374000"><ele>268.896</ele><time>2021-01-17T09:45:17Z</time></trkpt><trkpt lat="43.603346" lon="3.373732"><ele>268.821</ele><time>2021-01-17T09:45:25Z</time></trkpt><trkpt lat="43.603344" lon="3.373696"><ele>268.841</ele><time>2021-01-17T09:45:26Z</time></trkpt><trkpt lat="43.603345" lon="3.373661"><ele>269.005</ele><time>2021-01-17T09:45:27Z</time></trkpt><trkpt lat="43.603342" lon="3.373473"><ele>269.408</ele><time>2021-01-17T09:45:33Z</time></trkpt><trkpt lat="43.603381" lon="3.373211"><ele>269.498</ele><time>2021-01-17T09:45:41Z</time></trkpt><trkpt lat="43.603388" lon="3.373186"><ele>269.656</ele><time>2021-01-17T09:45:42Z</time></trkpt><trkpt lat="43.603411" lon="3.373117"><ele>269.812</ele><time>2021-01-17T09:45:44Z</time></trkpt><trkpt lat="43.603458" lon="3.372967"><ele>270.050</ele><time>2021-01-17T09:45:49Z</time></trkpt><trkpt lat="43.603543" lon="3.372725"><ele>270.440</ele><time>2021-01-17T09:45:57Z</time></trkpt><trkpt lat="43.603552" lon="3.372692"><ele>270.669</ele><time>2021-01-17T09:45:58Z</time></trkpt><trkpt lat="43.603620" lon="3.372458"><ele>270.615</ele><time>2021-01-17T09:46:05Z</time></trkpt><trkpt lat="43.603632" lon="3.372424"><ele>270.871</ele><time>2021-01-17T09:46:06Z</time></trkpt><trkpt lat="43.603640" lon="3.372391"><ele>270.892</ele><time>2021-01-17T09:46:07Z</time></trkpt><trkpt lat="43.603672" lon="3.372229"><ele>271.473</ele><time>2021-01-17T09:46:12Z</time></trkpt><trkpt lat="43.603718" lon="3.372070"><ele>271.820</ele><time>2021-01-17T09:46:17Z</time></trkpt><trkpt lat="43.603734" lon="3.371977"><ele>272.008</ele><time>2021-01-17T09:46:20Z</time></trkpt><trkpt lat="43.603754" lon="3.371910"><ele>272.035</ele><time>2021-01-17T09:46:22Z</time></trkpt><trkpt lat="43.603782" lon="3.371722"><ele>272.813</ele><time>2021-01-17T09:46:28Z</time></trkpt><trkpt lat="43.603785" lon="3.371684"><ele>273.069</ele><time>2021-01-17T09:46:29Z</time></trkpt><trkpt lat="43.603800" lon="3.371587"><ele>273.237</ele><time>2021-01-17T09:46:32Z</time></trkpt><trkpt lat="43.603803" lon="3.371414"><ele>273.867</ele><time>2021-01-17T09:46:37Z</time></trkpt><trkpt lat="43.603798" lon="3.371170"><ele>273.476</ele><time>2021-01-17T09:46:44Z</time></trkpt><trkpt lat="43.603777" lon="3.370924"><ele>273.442</ele><time>2021-01-17T09:46:51Z</time></trkpt><trkpt lat="43.603773" lon="3.370896"><ele>273.478</ele><time>2021-01-17T09:46:52Z</time></trkpt><trkpt lat="43.603781" lon="3.370722"><ele>273.257</ele><time>2021-01-17T09:46:57Z</time></trkpt><trkpt lat="43.603792" lon="3.370657"><ele>273.200</ele><time>2021-01-17T09:46:59Z</time></trkpt><trkpt lat="43.603836" lon="3.370429"><ele>274.020</ele><time>2021-01-17T09:47:06Z</time></trkpt><trkpt lat="43.603846" lon="3.370388"><ele>274.008</ele><time>2021-01-17T09:47:07Z</time></trkpt><trkpt lat="43.603891" lon="3.370236"><ele>274.681</ele><time>2021-01-17T09:47:12Z</time></trkpt><trkpt lat="43.603917" lon="3.370004"><ele>274.849</ele><time>2021-01-17T09:47:19Z</time></trkpt><trkpt lat="43.603920" lon="3.369959"><ele>274.875</ele><time>2021-01-17T09:47:20Z</time></trkpt><trkpt lat="43.603913" lon="3.369795"><ele>275.293</ele><time>2021-01-17T09:47:25Z</time></trkpt><trkpt lat="43.603912" lon="3.369762"><ele>275.253</ele><time>2021-01-17T09:47:26Z</time></trkpt><trkpt lat="43.603903" lon="3.369555"><ele>275.432</ele><time>2021-01-17T09:47:32Z</time></trkpt><trkpt lat="43.603894" lon="3.369333"><ele>275.658</ele><time>2021-01-17T09:47:39Z</time></trkpt><trkpt lat="43.603878" lon="3.369142"><ele>276.074</ele><time>2021-01-17T09:47:45Z</time></trkpt><trkpt lat="43.603871" lon="3.369089"><ele>276.238</ele><time>2021-01-17T09:47:47Z</time></trkpt><trkpt lat="43.603865" lon="3.369019"><ele>276.470</ele><time>2021-01-17T09:47:49Z</time></trkpt><trkpt lat="43.603786" lon="3.368817"><ele>276.617</ele><time>2021-01-17T09:47:56Z</time></trkpt><trkpt lat="43.603719" lon="3.368681"><ele>277.208</ele><time>2021-01-17T09:48:01Z</time></trkpt><trkpt lat="43.603642" lon="3.368555"><ele>277.449</ele><time>2021-01-17T09:48:06Z</time></trkpt><trkpt lat="43.603531" lon="3.368335"><ele>277.887</ele><time>2021-01-17T09:48:14Z</time></trkpt><trkpt lat="43.603464" lon="3.368164"><ele>278.443</ele><time>2021-01-17T09:48:20Z</time></trkpt><trkpt lat="43.603400" lon="3.367923"><ele>279.061</ele><time>2021-01-17T09:48:28Z</time></trkpt><trkpt lat="43.603395" lon="3.367891"><ele>279.091</ele><time>2021-01-17T09:48:29Z</time></trkpt><trkpt lat="43.603387" lon="3.367791"><ele>279.420</ele><time>2021-01-17T09:48:32Z</time></trkpt><trkpt lat="43.603380" lon="3.367728"><ele>279.866</ele><time>2021-01-17T09:48:34Z</time></trkpt><trkpt lat="43.603338" lon="3.367558"><ele>280.482</ele><time>2021-01-17T09:48:40Z</time></trkpt><trkpt lat="43.603328" lon="3.367529"><ele>280.637</ele><time>2021-01-17T09:48:41Z</time></trkpt><trkpt lat="43.603300" lon="3.367383"><ele>281.649</ele><time>2021-01-17T09:48:46Z</time></trkpt><trkpt lat="43.603270" lon="3.367299"><ele>282.013</ele><time>2021-01-17T09:48:49Z</time></trkpt><trkpt lat="43.603175" lon="3.367112"><ele>282.408</ele><time>2021-01-17T09:48:57Z</time></trkpt><trkpt lat="43.603158" lon="3.367083"><ele>282.839</ele><time>2021-01-17T09:48:59Z</time></trkpt><trkpt lat="43.603104" lon="3.367000"><ele>283.237</ele><time>2021-01-17T09:49:05Z</time></trkpt><trkpt lat="43.603052" lon="3.366876"><ele>282.883</ele><time>2021-01-17T09:49:13Z</time></trkpt><trkpt lat="43.603047" lon="3.366819"><ele>283.291</ele><time>2021-01-17T09:49:16Z</time></trkpt><trkpt lat="43.603049" lon="3.366765"><ele>283.411</ele><time>2021-01-17T09:49:19Z</time></trkpt><trkpt lat="43.603061" lon="3.366714"><ele>283.640</ele><time>2021-01-17T09:49:22Z</time></trkpt><trkpt lat="43.603098" lon="3.366617"><ele>283.836</ele><time>2021-01-17T09:49:28Z</time></trkpt><trkpt lat="43.603118" lon="3.366587"><ele>284.092</ele><time>2021-01-17T09:49:30Z</time></trkpt><trkpt lat="43.603138" lon="3.366556"><ele>284.614</ele><time>2021-01-17T09:49:34Z</time></trkpt><trkpt lat="43.603147" lon="3.366547"><ele>284.654</ele><time>2021-01-17T09:49:35Z</time></trkpt><trkpt lat="43.603202" lon="3.366468"><ele>285.009</ele><time>2021-01-17T09:49:40Z</time></trkpt><trkpt lat="43.603228" lon="3.366425"><ele>285.208</ele><time>2021-01-17T09:49:43Z</time></trkpt><trkpt lat="43.603242" lon="3.366393"><ele>286.087</ele><time>2021-01-17T09:49:45Z</time></trkpt><trkpt lat="43.603254" lon="3.366358"><ele>286.495</ele><time>2021-01-17T09:49:47Z</time></trkpt><trkpt lat="43.603289" lon="3.366265"><ele>287.051</ele><time>2021-01-17T09:49:52Z</time></trkpt><trkpt lat="43.603328" lon="3.366166"><ele>287.849</ele><time>2021-01-17T09:49:57Z</time></trkpt><trkpt lat="43.603333" lon="3.366150"><ele>288.429</ele><time>2021-01-17T09:49:58Z</time></trkpt><trkpt lat="43.603370" lon="3.366029"><ele>289.448</ele><time>2021-01-17T09:50:05Z</time></trkpt><trkpt lat="43.603395" lon="3.365963"><ele>289.884</ele><time>2021-01-17T09:50:08Z</time></trkpt><trkpt lat="43.603413" lon="3.365899"><ele>290.010</ele><time>2021-01-17T09:50:11Z</time></trkpt><trkpt lat="43.603446" lon="3.365826"><ele>290.464</ele><time>2021-01-17T09:50:14Z</time></trkpt><trkpt lat="43.603477" lon="3.365761"><ele>290.206</ele><time>2021-01-17T09:50:17Z</time></trkpt><trkpt lat="43.603537" lon="3.365565"><ele>290.216</ele><time>2021-01-17T09:50:25Z</time></trkpt><trkpt lat="43.603577" lon="3.365441"><ele>291.608</ele><time>2021-01-17T09:50:29Z</time></trkpt><trkpt lat="43.603586" lon="3.365404"><ele>291.822</ele><time>2021-01-17T09:50:30Z</time></trkpt><trkpt lat="43.603619" lon="3.365214"><ele>292.290</ele><time>2021-01-17T09:50:36Z</time></trkpt><trkpt lat="43.603631" lon="3.365118"><ele>292.436</ele><time>2021-01-17T09:50:39Z</time></trkpt><trkpt lat="43.603633" lon="3.365085"><ele>292.634</ele><time>2021-01-17T09:50:40Z</time></trkpt><trkpt lat="43.603673" lon="3.364828"><ele>293.254</ele><time>2021-01-17T09:50:48Z</time></trkpt><trkpt lat="43.603698" lon="3.364642"><ele>293.633</ele><time>2021-01-17T09:50:54Z</time></trkpt><trkpt lat="43.603700" lon="3.364613"><ele>293.699</ele><time>2021-01-17T09:50:55Z</time></trkpt><trkpt lat="43.603745" lon="3.364360"><ele>294.265</ele><time>2021-01-17T09:51:03Z</time></trkpt><trkpt lat="43.603754" lon="3.364327"><ele>294.282</ele><time>2021-01-17T09:51:04Z</time></trkpt><trkpt lat="43.603769" lon="3.364075"><ele>294.643</ele><time>2021-01-17T09:51:12Z</time></trkpt><trkpt lat="43.603792" lon="3.363911"><ele>294.617</ele><time>2021-01-17T09:51:17Z</time></trkpt><trkpt lat="43.603803" lon="3.363812"><ele>294.808</ele><time>2021-01-17T09:51:20Z</time></trkpt><trkpt lat="43.603827" lon="3.363655"><ele>295.484</ele><time>2021-01-17T09:51:25Z</time></trkpt><trkpt lat="43.603827" lon="3.363594"><ele>295.692</ele><time>2021-01-17T09:51:27Z</time></trkpt><trkpt lat="43.603849" lon="3.363407"><ele>295.698</ele><time>2021-01-17T09:51:33Z</time></trkpt><trkpt lat="43.603845" lon="3.363375"><ele>295.616</ele><time>2021-01-17T09:51:34Z</time></trkpt><trkpt lat="43.603846" lon="3.363311"><ele>295.696</ele><time>2021-01-17T09:51:36Z</time></trkpt><trkpt lat="43.603852" lon="3.363280"><ele>295.825</ele><time>2021-01-17T09:51:37Z</time></trkpt><trkpt lat="43.603874" lon="3.363062"><ele>296.071</ele><time>2021-01-17T09:51:44Z</time></trkpt><trkpt lat="43.603896" lon="3.362839"><ele>296.637</ele><time>2021-01-17T09:51:51Z</time></trkpt><trkpt lat="43.603911" lon="3.362771"><ele>296.845</ele><time>2021-01-17T09:51:53Z</time></trkpt><trkpt lat="43.603924" lon="3.362702"><ele>297.047</ele><time>2021-01-17T09:51:55Z</time></trkpt><trkpt lat="43.603936" lon="3.362554"><ele>297.811</ele><time>2021-01-17T09:52:00Z</time></trkpt><trkpt lat="43.603945" lon="3.362490"><ele>298.208</ele><time>2021-01-17T09:52:02Z</time></trkpt><trkpt lat="43.603963" lon="3.362366"><ele>299.080</ele><time>2021-01-17T09:52:06Z</time></trkpt><trkpt lat="43.603966" lon="3.362335"><ele>299.278</ele><time>2021-01-17T09:52:07Z</time></trkpt><trkpt lat="43.603986" lon="3.362155"><ele>299.414</ele><time>2021-01-17T09:52:13Z</time></trkpt><trkpt lat="43.603980" lon="3.362098"><ele>299.432</ele><time>2021-01-17T09:52:15Z</time></trkpt><trkpt lat="43.603996" lon="3.361904"><ele>300.082</ele><time>2021-01-17T09:52:21Z</time></trkpt><trkpt lat="43.603991" lon="3.361873"><ele>300.021</ele><time>2021-01-17T09:52:22Z</time></trkpt><trkpt lat="43.603974" lon="3.361649"><ele>300.457</ele><time>2021-01-17T09:52:29Z</time></trkpt><trkpt lat="43.603944" lon="3.361484"><ele>300.843</ele><time>2021-01-17T09:52:34Z</time></trkpt><trkpt lat="43.603923" lon="3.361397"><ele>301.286</ele><time>2021-01-17T09:52:37Z</time></trkpt><trkpt lat="43.603903" lon="3.361303"><ele>301.660</ele><time>2021-01-17T09:52:40Z</time></trkpt><trkpt lat="43.603819" lon="3.361127"><ele>302.026</ele><time>2021-01-17T09:52:46Z</time></trkpt><trkpt lat="43.603721" lon="3.360980"><ele>302.008</ele><time>2021-01-17T09:52:52Z</time></trkpt><trkpt lat="43.603648" lon="3.360913"><ele>302.274</ele><time>2021-01-17T09:52:56Z</time></trkpt><trkpt lat="43.603592" lon="3.360867"><ele>303.022</ele><time>2021-01-17T09:52:59Z</time></trkpt><trkpt lat="43.603577" lon="3.360854"><ele>303.468</ele><time>2021-01-17T09:53:00Z</time></trkpt><trkpt lat="43.603463" lon="3.360776"><ele>304.456</ele><time>2021-01-17T09:53:06Z</time></trkpt><trkpt lat="43.603441" lon="3.360762"><ele>304.656</ele><time>2021-01-17T09:53:07Z</time></trkpt><trkpt lat="43.603308" lon="3.360604"><ele>304.845</ele><time>2021-01-17T09:53:15Z</time></trkpt><trkpt lat="43.603282" lon="3.360537"><ele>305.091</ele><time>2021-01-17T09:53:17Z</time></trkpt><trkpt lat="43.603272" lon="3.360437"><ele>305.087</ele><time>2021-01-17T09:53:20Z</time></trkpt><trkpt lat="43.603276" lon="3.360327"><ele>305.058</ele><time>2021-01-17T09:53:23Z</time></trkpt><trkpt lat="43.603275" lon="3.360159"><ele>305.052</ele><time>2021-01-17T09:53:28Z</time></trkpt><trkpt lat="43.603326" lon="3.359894"><ele>305.217</ele><time>2021-01-17T09:53:36Z</time></trkpt><trkpt lat="43.603383" lon="3.359714"><ele>305.008</ele><time>2021-01-17T09:53:43Z</time></trkpt><trkpt lat="43.603370" lon="3.359728"><ele>305.011</ele><time>2021-01-17T09:53:47Z</time></trkpt><trkpt lat="43.603307" lon="3.359855"><ele>305.099</ele><time>2021-01-17T09:53:53Z</time></trkpt><trkpt lat="43.603287" lon="3.360005"><ele>305.265</ele><time>2021-01-17T09:53:58Z</time></trkpt><trkpt lat="43.603275" lon="3.360052"><ele>305.443</ele><time>2021-01-17T09:54:00Z</time></trkpt><trkpt lat="43.603265" lon="3.360065"><ele>305.293</ele><time>2021-01-17T09:54:01Z</time></trkpt><trkpt lat="43.603225" lon="3.360108"><ele>305.432</ele><time>2021-01-17T09:54:04Z</time></trkpt><trkpt lat="43.603198" lon="3.360134"><ele>305.288</ele><time>2021-01-17T09:54:06Z</time></trkpt><trkpt lat="43.603130" lon="3.360305"><ele>305.214</ele><time>2021-01-17T09:54:14Z</time></trkpt><trkpt lat="43.603123" lon="3.360398"><ele>305.416</ele><time>2021-01-17T09:54:18Z</time></trkpt><trkpt lat="43.603144" lon="3.360453"><ele>305.676</ele><time>2021-01-17T09:54:20Z</time></trkpt><trkpt lat="43.603162" lon="3.360522"><ele>305.413</ele><time>2021-01-17T09:54:23Z</time></trkpt><trkpt lat="43.603131" lon="3.360546"><ele>305.208</ele><time>2021-01-17T09:54:25Z</time></trkpt><trkpt lat="43.602996" lon="3.360653"><ele>305.427</ele><time>2021-01-17T09:54:32Z</time></trkpt><trkpt lat="43.602842" lon="3.360729"><ele>305.855</ele><time>2021-01-17T09:54:39Z</time></trkpt><trkpt lat="43.602749" lon="3.360714"><ele>306.671</ele><time>2021-01-17T09:54:43Z</time></trkpt><trkpt lat="43.602668" lon="3.360726"><ele>307.299</ele><time>2021-01-17T09:54:47Z</time></trkpt><trkpt lat="43.602613" lon="3.360797"><ele>307.659</ele><time>2021-01-17T09:54:52Z</time></trkpt><trkpt lat="43.602615" lon="3.360791"><ele>307.638</ele><time>2021-01-17T09:54:53Z</time></trkpt><trkpt lat="43.602613" lon="3.360719"><ele>307.444</ele><time>2021-01-17T09:54:57Z</time></trkpt><trkpt lat="43.602579" lon="3.360678"><ele>307.460</ele><time>2021-01-17T09:54:59Z</time></trkpt><trkpt lat="43.602558" lon="3.360650"><ele>307.697</ele><time>2021-01-17T09:55:01Z</time></trkpt><trkpt lat="43.602449" lon="3.360583"><ele>307.823</ele><time>2021-01-17T09:55:06Z</time></trkpt><trkpt lat="43.602334" lon="3.360568"><ele>308.625</ele><time>2021-01-17T09:55:12Z</time></trkpt><trkpt lat="43.602284" lon="3.360550"><ele>308.808</ele><time>2021-01-17T09:55:14Z</time></trkpt><trkpt lat="43.602228" lon="3.360543"><ele>309.225</ele><time>2021-01-17T09:55:17Z</time></trkpt><trkpt lat="43.602199" lon="3.360568"><ele>309.893</ele><time>2021-01-17T09:55:19Z</time></trkpt><trkpt lat="43.602162" lon="3.360595"><ele>311.019</ele><time>2021-01-17T09:55:22Z</time></trkpt><trkpt lat="43.602124" lon="3.360645"><ele>312.297</ele><time>2021-01-17T09:55:25Z</time></trkpt><trkpt lat="43.602110" lon="3.360669"><ele>312.467</ele><time>2021-01-17T09:55:26Z</time></trkpt><trkpt lat="43.602069" lon="3.360701"><ele>313.076</ele><time>2021-01-17T09:55:29Z</time></trkpt><trkpt lat="43.602046" lon="3.360698"><ele>313.452</ele><time>2021-01-17T09:55:31Z</time></trkpt><trkpt lat="43.602009" lon="3.360677"><ele>314.688</ele><time>2021-01-17T09:55:35Z</time></trkpt><trkpt lat="43.601987" lon="3.360676"><ele>315.061</ele><time>2021-01-17T09:55:37Z</time></trkpt><trkpt lat="43.601961" lon="3.360662"><ele>315.621</ele><time>2021-01-17T09:55:40Z</time></trkpt><trkpt lat="43.601919" lon="3.360654"><ele>316.613</ele><time>2021-01-17T09:55:43Z</time></trkpt><trkpt lat="43.601854" lon="3.360641"><ele>317.608</ele><time>2021-01-17T09:55:47Z</time></trkpt><trkpt lat="43.601826" lon="3.360647"><ele>317.872</ele><time>2021-01-17T09:55:49Z</time></trkpt><trkpt lat="43.601771" lon="3.360624"><ele>318.890</ele><time>2021-01-17T09:55:53Z</time></trkpt><trkpt lat="43.601709" lon="3.360577"><ele>320.036</ele><time>2021-01-17T09:55:58Z</time></trkpt><trkpt lat="43.601641" lon="3.360549"><ele>320.824</ele><time>2021-01-17T09:56:03Z</time></trkpt><trkpt lat="43.601631" lon="3.360542"><ele>321.074</ele><time>2021-01-17T09:56:04Z</time></trkpt><trkpt lat="43.601537" lon="3.360491"><ele>322.013</ele><time>2021-01-17T09:56:12Z</time></trkpt><trkpt lat="43.601492" lon="3.360472"><ele>323.239</ele><time>2021-01-17T09:56:16Z</time></trkpt><trkpt lat="43.601410" lon="3.360461"><ele>324.425</ele><time>2021-01-17T09:56:22Z</time></trkpt><trkpt lat="43.601316" lon="3.360460"><ele>325.697</ele><time>2021-01-17T09:56:29Z</time></trkpt><trkpt lat="43.601278" lon="3.360434"><ele>326.823</ele><time>2021-01-17T09:56:33Z</time></trkpt><trkpt lat="43.601265" lon="3.360424"><ele>327.225</ele><time>2021-01-17T09:56:34Z</time></trkpt><trkpt lat="43.601237" lon="3.360398"><ele>328.008</ele><time>2021-01-17T09:56:37Z</time></trkpt><trkpt lat="43.601195" lon="3.360337"><ele>329.255</ele><time>2021-01-17T09:56:42Z</time></trkpt><trkpt lat="43.601166" lon="3.360306"><ele>330.433</ele><time>2021-01-17T09:56:45Z</time></trkpt><trkpt lat="43.601119" lon="3.360289"><ele>331.699</ele><time>2021-01-17T09:56:49Z</time></trkpt><trkpt lat="43.601093" lon="3.360287"><ele>332.667</ele><time>2021-01-17T09:56:52Z</time></trkpt><trkpt lat="43.601087" lon="3.360280"><ele>332.837</ele><time>2021-01-17T09:56:53Z</time></trkpt><trkpt lat="43.601059" lon="3.360270"><ele>333.666</ele><time>2021-01-17T09:56:56Z</time></trkpt><trkpt lat="43.601030" lon="3.360263"><ele>334.492</ele><time>2021-01-17T09:56:59Z</time></trkpt><trkpt lat="43.601017" lon="3.360250"><ele>335.068</ele><time>2021-01-17T09:57:01Z</time></trkpt><trkpt lat="43.601003" lon="3.360238"><ele>335.867</ele><time>2021-01-17T09:57:03Z</time></trkpt><trkpt lat="43.600984" lon="3.360226"><ele>336.481</ele><time>2021-01-17T09:57:05Z</time></trkpt><trkpt lat="43.600950" lon="3.360220"><ele>337.219</ele><time>2021-01-17T09:57:08Z</time></trkpt><trkpt lat="43.600940" lon="3.360217"><ele>337.608</ele><time>2021-01-17T09:57:09Z</time></trkpt><trkpt lat="43.600917" lon="3.360211"><ele>338.812</ele><time>2021-01-17T09:57:12Z</time></trkpt><trkpt lat="43.600895" lon="3.360189"><ele>339.680</ele><time>2021-01-17T09:57:15Z</time></trkpt><trkpt lat="43.600867" lon="3.360172"><ele>340.286</ele><time>2021-01-17T09:57:17Z</time></trkpt><trkpt lat="43.600831" lon="3.360151"><ele>341.474</ele><time>2021-01-17T09:57:20Z</time></trkpt><trkpt lat="43.600819" lon="3.360149"><ele>342.064</ele><time>2021-01-17T09:57:21Z</time></trkpt><trkpt lat="43.600816" lon="3.360147"><ele>342.633</ele><time>2021-01-17T09:57:22Z</time></trkpt><trkpt lat="43.600788" lon="3.360125"><ele>343.899</ele><time>2021-01-17T09:57:26Z</time></trkpt><trkpt lat="43.600750" lon="3.360113"><ele>344.425</ele><time>2021-01-17T09:57:29Z</time></trkpt><trkpt lat="43.600728" lon="3.360115"><ele>345.063</ele><time>2021-01-17T09:57:31Z</time></trkpt><trkpt lat="43.600702" lon="3.360101"><ele>346.444</ele><time>2021-01-17T09:57:34Z</time></trkpt><trkpt lat="43.600698" lon="3.360092"><ele>346.618</ele><time>2021-01-17T09:57:35Z</time></trkpt><trkpt lat="43.600680" lon="3.360055"><ele>347.808</ele><time>2021-01-17T09:57:39Z</time></trkpt><trkpt lat="43.600648" lon="3.360042"><ele>348.852</ele><time>2021-01-17T09:57:42Z</time></trkpt><trkpt lat="43.600622" lon="3.360031"><ele>350.290</ele><time>2021-01-17T09:57:45Z</time></trkpt><trkpt lat="43.600603" lon="3.360016"><ele>351.436</ele><time>2021-01-17T09:57:48Z</time></trkpt><trkpt lat="43.600585" lon="3.360003"><ele>352.094</ele><time>2021-01-17T09:57:50Z</time></trkpt><trkpt lat="43.600578" lon="3.359994"><ele>352.854</ele><time>2021-01-17T09:57:52Z</time></trkpt><trkpt lat="43.600549" lon="3.359970"><ele>354.083</ele><time>2021-01-17T09:57:56Z</time></trkpt><trkpt lat="43.600537" lon="3.359975"><ele>354.849</ele><time>2021-01-17T09:57:58Z</time></trkpt><trkpt lat="43.600532" lon="3.359973"><ele>355.255</ele><time>2021-01-17T09:57:59Z</time></trkpt><trkpt lat="43.600501" lon="3.359949"><ele>356.416</ele><time>2021-01-17T09:58:03Z</time></trkpt><trkpt lat="43.600487" lon="3.359946"><ele>357.076</ele><time>2021-01-17T09:58:05Z</time></trkpt><trkpt lat="43.600457" lon="3.359924"><ele>357.613</ele><time>2021-01-17T09:58:09Z</time></trkpt><trkpt lat="43.600435" lon="3.359901"><ele>358.808</ele><time>2021-01-17T09:58:13Z</time></trkpt><trkpt lat="43.600423" lon="3.359880"><ele>359.437</ele><time>2021-01-17T09:58:15Z</time></trkpt><trkpt lat="43.600408" lon="3.359864"><ele>360.015</ele><time>2021-01-17T09:58:17Z</time></trkpt><trkpt lat="43.600396" lon="3.359848"><ele>361.271</ele><time>2021-01-17T09:58:20Z</time></trkpt><trkpt lat="43.600384" lon="3.359832"><ele>361.669</ele><time>2021-01-17T09:58:22Z</time></trkpt><trkpt lat="43.600368" lon="3.359804"><ele>362.449</ele><time>2021-01-17T09:58:25Z</time></trkpt><trkpt lat="43.600358" lon="3.359762"><ele>363.648</ele><time>2021-01-17T09:58:29Z</time></trkpt><trkpt lat="43.600349" lon="3.359724"><ele>364.684</ele><time>2021-01-17T09:58:32Z</time></trkpt><trkpt lat="43.600344" lon="3.359715"><ele>365.050</ele><time>2021-01-17T09:58:33Z</time></trkpt><trkpt lat="43.600327" lon="3.359682"><ele>366.211</ele><time>2021-01-17T09:58:37Z</time></trkpt><trkpt lat="43.600286" lon="3.359630"><ele>367.421</ele><time>2021-01-17T09:58:42Z</time></trkpt><trkpt lat="43.600269" lon="3.359612"><ele>368.203</ele><time>2021-01-17T09:58:44Z</time></trkpt><trkpt lat="43.600255" lon="3.359611"><ele>368.608</ele><time>2021-01-17T09:58:45Z</time></trkpt><trkpt lat="43.600226" lon="3.359625"><ele>369.617</ele><time>2021-01-17T09:58:48Z</time></trkpt><trkpt lat="43.600194" lon="3.359648"><ele>371.065</ele><time>2021-01-17T09:58:52Z</time></trkpt><trkpt lat="43.600184" lon="3.359659"><ele>371.251</ele><time>2021-01-17T09:58:53Z</time></trkpt><trkpt lat="43.600155" lon="3.359683"><ele>372.099</ele><time>2021-01-17T09:58:56Z</time></trkpt><trkpt lat="43.600122" lon="3.359703"><ele>373.279</ele><time>2021-01-17T09:59:00Z</time></trkpt><trkpt lat="43.600096" lon="3.359698"><ele>374.098</ele><time>2021-01-17T09:59:03Z</time></trkpt><trkpt lat="43.600087" lon="3.359695"><ele>374.464</ele><time>2021-01-17T09:59:04Z</time></trkpt><trkpt lat="43.600047" lon="3.359676"><ele>375.640</ele><time>2021-01-17T09:59:08Z</time></trkpt><trkpt lat="43.600028" lon="3.359662"><ele>376.674</ele><time>2021-01-17T09:59:11Z</time></trkpt><trkpt lat="43.600020" lon="3.359656"><ele>377.056</ele><time>2021-01-17T09:59:12Z</time></trkpt><trkpt lat="43.600017" lon="3.359655"><ele>377.621</ele><time>2021-01-17T09:59:14Z</time></trkpt><trkpt lat="43.600018" lon="3.359657"><ele>377.808</ele><time>2021-01-17T09:59:15Z</time></trkpt><trkpt lat="43.600017" lon="3.359625"><ele>378.023</ele><time>2021-01-17T09:59:18Z</time></trkpt><trkpt lat="43.599996" lon="3.359528"><ele>378.031</ele><time>2021-01-17T09:59:23Z</time></trkpt><trkpt lat="43.599963" lon="3.359502"><ele>379.277</ele><time>2021-01-17T09:59:27Z</time></trkpt><trkpt lat="43.599944" lon="3.359492"><ele>380.215</ele><time>2021-01-17T09:59:29Z</time></trkpt><trkpt lat="43.599937" lon="3.359493"><ele>380.665</ele><time>2021-01-17T09:59:30Z</time></trkpt><trkpt lat="43.599908" lon="3.359494"><ele>381.694</ele><time>2021-01-17T09:59:33Z</time></trkpt><trkpt lat="43.599898" lon="3.359497"><ele>381.820</ele><time>2021-01-17T09:59:34Z</time></trkpt><trkpt lat="43.599879" lon="3.359494"><ele>382.856</ele><time>2021-01-17T09:59:37Z</time></trkpt><trkpt lat="43.599835" lon="3.359477"><ele>384.019</ele><time>2021-01-17T09:59:41Z</time></trkpt><trkpt lat="43.599793" lon="3.359459"><ele>385.209</ele><time>2021-01-17T09:59:46Z</time></trkpt><trkpt lat="43.599769" lon="3.359444"><ele>386.019</ele><time>2021-01-17T09:59:49Z</time></trkpt><trkpt lat="43.599758" lon="3.359433"><ele>386.208</ele><time>2021-01-17T09:59:51Z</time></trkpt><trkpt lat="43.599727" lon="3.359422"><ele>387.087</ele><time>2021-01-17T09:59:56Z</time></trkpt><trkpt lat="43.599726" lon="3.359424"><ele>387.295</ele><time>2021-01-17T09:59:58Z</time></trkpt><trkpt lat="43.599722" lon="3.359426"><ele>388.451</ele><time>2021-01-17T10:00:03Z</time></trkpt><trkpt lat="43.599722" lon="3.359432"><ele>388.699</ele><time>2021-01-17T10:00:06Z</time></trkpt><trkpt lat="43.599721" lon="3.359428"><ele>388.499</ele><time>2021-01-17T10:00:10Z</time></trkpt><trkpt lat="43.599720" lon="3.359432"><ele>388.058</ele><time>2021-01-17T10:00:14Z</time></trkpt><trkpt lat="43.599720" lon="3.359432"><ele>388.074</ele><time>2021-01-17T10:00:16Z</time></trkpt><trkpt lat="43.599720" lon="3.359432"><ele>387.880</ele><time>2021-01-17T10:00:19Z</time></trkpt><trkpt lat="43.599721" lon="3.359432"><ele>387.625</ele><time>2021-01-17T10:00:24Z</time></trkpt><trkpt lat="43.599722" lon="3.359432"><ele>387.626</ele><time>2021-01-17T10:00:26Z</time></trkpt><trkpt lat="43.599723" lon="3.359432"><ele>387.608</ele><time>2021-01-17T10:00:29Z</time></trkpt><trkpt lat="43.599724" lon="3.359434"><ele>387.608</ele><time>2021-01-17T10:00:31Z</time></trkpt><trkpt lat="43.599728" lon="3.359430"><ele>387.658</ele><time>2021-01-17T10:00:36Z</time></trkpt><trkpt lat="43.599753" lon="3.359370"><ele>387.896</ele><time>2021-01-17T10:00:39Z</time></trkpt><trkpt lat="43.599759" lon="3.359314"><ele>388.042</ele><time>2021-01-17T10:00:41Z</time></trkpt><trkpt lat="43.599755" lon="3.359292"><ele>388.270</ele><time>2021-01-17T10:00:42Z</time></trkpt><trkpt lat="43.599734" lon="3.359274"><ele>388.490</ele><time>2021-01-17T10:00:44Z</time></trkpt><trkpt lat="43.599714" lon="3.359255"><ele>388.679</ele><time>2021-01-17T10:00:46Z</time></trkpt><trkpt lat="43.599707" lon="3.359211"><ele>389.455</ele><time>2021-01-17T10:00:49Z</time></trkpt><trkpt lat="43.599695" lon="3.359179"><ele>390.221</ele><time>2021-01-17T10:00:51Z</time></trkpt><trkpt lat="43.599683" lon="3.359165"><ele>390.482</ele><time>2021-01-17T10:00:52Z</time></trkpt><trkpt lat="43.599676" lon="3.359150"><ele>390.643</ele><time>2021-01-17T10:00:53Z</time></trkpt><trkpt lat="43.599678" lon="3.359134"><ele>390.817</ele><time>2021-01-17T10:00:54Z</time></trkpt><trkpt lat="43.599683" lon="3.359119"><ele>390.808</ele><time>2021-01-17T10:00:55Z</time></trkpt><trkpt lat="43.599692" lon="3.359066"><ele>391.664</ele><time>2021-01-17T10:00:58Z</time></trkpt><trkpt lat="43.599680" lon="3.359047"><ele>392.292</ele><time>2021-01-17T10:01:00Z</time></trkpt><trkpt lat="43.599663" lon="3.359028"><ele>393.088</ele><time>2021-01-17T10:01:02Z</time></trkpt><trkpt lat="43.599658" lon="3.359017"><ele>393.246</ele><time>2021-01-17T10:01:03Z</time></trkpt><trkpt lat="43.599646" lon="3.358992"><ele>394.216</ele><time>2021-01-17T10:01:06Z</time></trkpt><trkpt lat="43.599636" lon="3.358973"><ele>395.015</ele><time>2021-01-17T10:01:08Z</time></trkpt><trkpt lat="43.599632" lon="3.358956"><ele>395.481</ele><time>2021-01-17T10:01:09Z</time></trkpt><trkpt lat="43.599623" lon="3.358919"><ele>396.467</ele><time>2021-01-17T10:01:12Z</time></trkpt><trkpt lat="43.599621" lon="3.358900"><ele>397.478</ele><time>2021-01-17T10:01:14Z</time></trkpt><trkpt lat="43.599622" lon="3.358888"><ele>397.833</ele><time>2021-01-17T10:01:15Z</time></trkpt><trkpt lat="43.599609" lon="3.358872"><ele>398.826</ele><time>2021-01-17T10:01:17Z</time></trkpt><trkpt lat="43.599607" lon="3.358861"><ele>399.008</ele><time>2021-01-17T10:01:18Z</time></trkpt><trkpt lat="43.599607" lon="3.358835"><ele>400.683</ele><time>2021-01-17T10:01:21Z</time></trkpt><trkpt lat="43.599608" lon="3.358817"><ele>401.421</ele><time>2021-01-17T10:01:23Z</time></trkpt><trkpt lat="43.599603" lon="3.358807"><ele>401.887</ele><time>2021-01-17T10:01:24Z</time></trkpt><trkpt lat="43.599579" lon="3.358788"><ele>403.285</ele><time>2021-01-17T10:01:28Z</time></trkpt><trkpt lat="43.599558" lon="3.358761"><ele>404.055</ele><time>2021-01-17T10:01:31Z</time></trkpt><trkpt lat="43.599540" lon="3.358742"><ele>404.454</ele><time>2021-01-17T10:01:33Z</time></trkpt><trkpt lat="43.599521" lon="3.358724"><ele>405.430</ele><time>2021-01-17T10:01:36Z</time></trkpt><trkpt lat="43.599511" lon="3.358681"><ele>406.436</ele><time>2021-01-17T10:01:40Z</time></trkpt><trkpt lat="43.599506" lon="3.358658"><ele>407.271</ele><time>2021-01-17T10:01:42Z</time></trkpt><trkpt lat="43.599497" lon="3.358651"><ele>407.441</ele><time>2021-01-17T10:01:43Z</time></trkpt><trkpt lat="43.599480" lon="3.358632"><ele>408.415</ele><time>2021-01-17T10:01:46Z</time></trkpt><trkpt lat="43.599468" lon="3.358629"><ele>408.608</ele><time>2021-01-17T10:01:47Z</time></trkpt><trkpt lat="43.599451" lon="3.358625"><ele>409.293</ele><time>2021-01-17T10:01:49Z</time></trkpt><trkpt lat="43.599445" lon="3.358623"><ele>409.691</ele><time>2021-01-17T10:01:50Z</time></trkpt><trkpt lat="43.599434" lon="3.358603"><ele>410.497</ele><time>2021-01-17T10:01:52Z</time></trkpt><trkpt lat="43.599426" lon="3.358586"><ele>410.865</ele><time>2021-01-17T10:01:54Z</time></trkpt><trkpt lat="43.599395" lon="3.358546"><ele>412.055</ele><time>2021-01-17T10:01:59Z</time></trkpt><trkpt lat="43.599379" lon="3.358507"><ele>413.484</ele><time>2021-01-17T10:02:03Z</time></trkpt><trkpt lat="43.599364" lon="3.358467"><ele>414.410</ele><time>2021-01-17T10:02:07Z</time></trkpt><trkpt lat="43.599360" lon="3.358424"><ele>415.826</ele><time>2021-01-17T10:02:11Z</time></trkpt><trkpt lat="43.599357" lon="3.358403"><ele>416.661</ele><time>2021-01-17T10:02:13Z</time></trkpt><trkpt lat="43.599360" lon="3.358392"><ele>417.021</ele><time>2021-01-17T10:02:14Z</time></trkpt><trkpt lat="43.599352" lon="3.358347"><ele>418.013</ele><time>2021-01-17T10:02:19Z</time></trkpt><trkpt lat="43.599347" lon="3.358332"><ele>418.208</ele><time>2021-01-17T10:02:20Z</time></trkpt><trkpt lat="43.599337" lon="3.358282"><ele>419.292</ele><time>2021-01-17T10:02:24Z</time></trkpt><trkpt lat="43.599332" lon="3.358271"><ele>419.860</ele><time>2021-01-17T10:02:25Z</time></trkpt><trkpt lat="43.599327" lon="3.358242"><ele>420.246</ele><time>2021-01-17T10:02:27Z</time></trkpt><trkpt lat="43.599311" lon="3.358192"><ele>421.494</ele><time>2021-01-17T10:02:31Z</time></trkpt><trkpt lat="43.599310" lon="3.358167"><ele>422.614</ele><time>2021-01-17T10:02:34Z</time></trkpt><trkpt lat="43.599308" lon="3.358147"><ele>423.243</ele><time>2021-01-17T10:02:36Z</time></trkpt><trkpt lat="43.599309" lon="3.358120"><ele>423.699</ele><time>2021-01-17T10:02:38Z</time></trkpt><trkpt lat="43.599308" lon="3.358092"><ele>424.665</ele><time>2021-01-17T10:02:41Z</time></trkpt><trkpt lat="43.599295" lon="3.358059"><ele>425.849</ele><time>2021-01-17T10:02:44Z</time></trkpt><trkpt lat="43.599282" lon="3.358016"><ele>426.602</ele><time>2021-01-17T10:02:47Z</time></trkpt><trkpt lat="43.599281" lon="3.358007"><ele>426.822</ele><time>2021-01-17T10:02:48Z</time></trkpt><trkpt lat="43.599240" lon="3.357952"><ele>427.608</ele><time>2021-01-17T10:02:53Z</time></trkpt><trkpt lat="43.599219" lon="3.357920"><ele>428.060</ele><time>2021-01-17T10:02:55Z</time></trkpt><trkpt lat="43.599167" lon="3.357900"><ele>428.848</ele><time>2021-01-17T10:02:59Z</time></trkpt><trkpt lat="43.599156" lon="3.357892"><ele>429.034</ele><time>2021-01-17T10:03:00Z</time></trkpt><trkpt lat="43.599122" lon="3.357827"><ele>430.092</ele><time>2021-01-17T10:03:06Z</time></trkpt><trkpt lat="43.599117" lon="3.357812"><ele>430.212</ele><time>2021-01-17T10:03:07Z</time></trkpt><trkpt lat="43.599108" lon="3.357803"><ele>430.441</ele><time>2021-01-17T10:03:08Z</time></trkpt><trkpt lat="43.599087" lon="3.357774"><ele>431.057</ele><time>2021-01-17T10:03:11Z</time></trkpt><trkpt lat="43.599074" lon="3.357728"><ele>432.033</ele><time>2021-01-17T10:03:14Z</time></trkpt><trkpt lat="43.599070" lon="3.357714"><ele>432.485</ele><time>2021-01-17T10:03:15Z</time></trkpt><trkpt lat="43.599053" lon="3.357666"><ele>433.689</ele><time>2021-01-17T10:03:19Z</time></trkpt><trkpt lat="43.599061" lon="3.357613"><ele>434.017</ele><time>2021-01-17T10:03:22Z</time></trkpt><trkpt lat="43.599060" lon="3.357568"><ele>434.608</ele><time>2021-01-17T10:03:25Z</time></trkpt><trkpt lat="43.599056" lon="3.357482"><ele>435.694</ele><time>2021-01-17T10:03:31Z</time></trkpt><trkpt lat="43.599056" lon="3.357465"><ele>435.812</ele><time>2021-01-17T10:03:32Z</time></trkpt><trkpt lat="43.599052" lon="3.357427"><ele>436.878</ele><time>2021-01-17T10:03:35Z</time></trkpt><trkpt lat="43.599050" lon="3.357408"><ele>437.076</ele><time>2021-01-17T10:03:36Z</time></trkpt><trkpt lat="43.599054" lon="3.357305"><ele>438.046</ele><time>2021-01-17T10:03:42Z</time></trkpt><trkpt lat="43.599051" lon="3.357277"><ele>438.675</ele><time>2021-01-17T10:03:44Z</time></trkpt><trkpt lat="43.599043" lon="3.357264"><ele>438.811</ele><time>2021-01-17T10:03:45Z</time></trkpt><trkpt lat="43.599048" lon="3.357235"><ele>439.297</ele><time>2021-01-17T10:03:47Z</time></trkpt><trkpt lat="43.599054" lon="3.357205"><ele>439.859</ele><time>2021-01-17T10:03:49Z</time></trkpt><trkpt lat="43.599055" lon="3.357191"><ele>440.003</ele><time>2021-01-17T10:03:50Z</time></trkpt><trkpt lat="43.599054" lon="3.357179"><ele>440.423</ele><time>2021-01-17T10:03:51Z</time></trkpt><trkpt lat="43.599050" lon="3.357140"><ele>441.208</ele><time>2021-01-17T10:03:54Z</time></trkpt><trkpt lat="43.599049" lon="3.357113"><ele>441.621</ele><time>2021-01-17T10:03:56Z</time></trkpt><trkpt lat="43.599049" lon="3.357084"><ele>442.439</ele><time>2021-01-17T10:03:58Z</time></trkpt><trkpt lat="43.599035" lon="3.357061"><ele>443.065</ele><time>2021-01-17T10:04:00Z</time></trkpt><trkpt lat="43.599034" lon="3.357039"><ele>443.853</ele><time>2021-01-17T10:04:02Z</time></trkpt><trkpt lat="43.599047" lon="3.357016"><ele>444.223</ele><time>2021-01-17T10:04:04Z</time></trkpt><trkpt lat="43.599070" lon="3.356954"><ele>444.892</ele><time>2021-01-17T10:04:08Z</time></trkpt><trkpt lat="43.599079" lon="3.356897"><ele>445.448</ele><time>2021-01-17T10:04:11Z</time></trkpt><trkpt lat="43.599075" lon="3.356867"><ele>446.094</ele><time>2021-01-17T10:04:13Z</time></trkpt><trkpt lat="43.599063" lon="3.356818"><ele>446.473</ele><time>2021-01-17T10:04:16Z</time></trkpt><trkpt lat="43.599057" lon="3.356801"><ele>446.485</ele><time>2021-01-17T10:04:17Z</time></trkpt><trkpt lat="43.599031" lon="3.356761"><ele>447.613</ele><time>2021-01-17T10:04:20Z</time></trkpt><trkpt lat="43.599022" lon="3.356754"><ele>447.808</ele><time>2021-01-17T10:04:21Z</time></trkpt><trkpt lat="43.599007" lon="3.356754"><ele>448.073</ele><time>2021-01-17T10:04:22Z</time></trkpt><trkpt lat="43.598971" lon="3.356792"><ele>448.451</ele><time>2021-01-17T10:04:26Z</time></trkpt><trkpt lat="43.598967" lon="3.356801"><ele>448.877</ele><time>2021-01-17T10:04:27Z</time></trkpt><trkpt lat="43.598918" lon="3.356851"><ele>449.885</ele><time>2021-01-17T10:04:31Z</time></trkpt><trkpt lat="43.598910" lon="3.356862"><ele>450.075</ele><time>2021-01-17T10:04:32Z</time></trkpt><trkpt lat="43.598862" lon="3.356888"><ele>450.694</ele><time>2021-01-17T10:04:35Z</time></trkpt><trkpt lat="43.598852" lon="3.356888"><ele>450.810</ele><time>2021-01-17T10:04:36Z</time></trkpt><trkpt lat="43.598845" lon="3.356904"><ele>451.236</ele><time>2021-01-17T10:04:38Z</time></trkpt><trkpt lat="43.598832" lon="3.356897"><ele>451.884</ele><time>2021-01-17T10:04:41Z</time></trkpt><trkpt lat="43.598826" lon="3.356887"><ele>452.207</ele><time>2021-01-17T10:04:42Z</time></trkpt><trkpt lat="43.598825" lon="3.356874"><ele>452.417</ele><time>2021-01-17T10:04:43Z</time></trkpt><trkpt lat="43.598819" lon="3.356843"><ele>453.008</ele><time>2021-01-17T10:04:45Z</time></trkpt><trkpt lat="43.598816" lon="3.356828"><ele>453.264</ele><time>2021-01-17T10:04:46Z</time></trkpt><trkpt lat="43.598801" lon="3.356795"><ele>454.242</ele><time>2021-01-17T10:04:49Z</time></trkpt><trkpt lat="43.598802" lon="3.356765"><ele>454.418</ele><time>2021-01-17T10:04:51Z</time></trkpt><trkpt lat="43.598771" lon="3.356709"><ele>455.416</ele><time>2021-01-17T10:04:56Z</time></trkpt><trkpt lat="43.598762" lon="3.356713"><ele>455.446</ele><time>2021-01-17T10:04:57Z</time></trkpt><trkpt lat="43.598745" lon="3.356742"><ele>455.885</ele><time>2021-01-17T10:04:59Z</time></trkpt><trkpt lat="43.598736" lon="3.356777"><ele>455.821</ele><time>2021-01-17T10:05:01Z</time></trkpt><trkpt lat="43.598705" lon="3.356867"><ele>456.677</ele><time>2021-01-17T10:05:06Z</time></trkpt><trkpt lat="43.598687" lon="3.356913"><ele>457.614</ele><time>2021-01-17T10:05:09Z</time></trkpt><trkpt lat="43.598687" lon="3.356930"><ele>457.854</ele><time>2021-01-17T10:05:10Z</time></trkpt><trkpt lat="43.598658" lon="3.356990"><ele>458.409</ele><time>2021-01-17T10:05:14Z</time></trkpt><trkpt lat="43.598639" lon="3.357007"><ele>458.808</ele><time>2021-01-17T10:05:16Z</time></trkpt><trkpt lat="43.598605" lon="3.356992"><ele>459.257</ele><time>2021-01-17T10:05:19Z</time></trkpt><trkpt lat="43.598589" lon="3.356959"><ele>459.465</ele><time>2021-01-17T10:05:21Z</time></trkpt><trkpt lat="43.598584" lon="3.356897"><ele>459.881</ele><time>2021-01-17T10:05:24Z</time></trkpt><trkpt lat="43.598573" lon="3.356821"><ele>460.889</ele><time>2021-01-17T10:05:28Z</time></trkpt><trkpt lat="43.598570" lon="3.356802"><ele>461.039</ele><time>2021-01-17T10:05:29Z</time></trkpt><trkpt lat="43.598538" lon="3.356676"><ele>462.038</ele><time>2021-01-17T10:05:35Z</time></trkpt><trkpt lat="43.598513" lon="3.356632"><ele>462.284</ele><time>2021-01-17T10:05:37Z</time></trkpt><trkpt lat="43.598414" lon="3.356517"><ele>463.010</ele><time>2021-01-17T10:05:44Z</time></trkpt><trkpt lat="43.598399" lon="3.356504"><ele>463.222</ele><time>2021-01-17T10:05:45Z</time></trkpt><trkpt lat="43.598327" lon="3.356463"><ele>464.262</ele><time>2021-01-17T10:05:49Z</time></trkpt><trkpt lat="43.598284" lon="3.356430"><ele>464.808</ele><time>2021-01-17T10:05:52Z</time></trkpt><trkpt lat="43.598212" lon="3.356393"><ele>465.208</ele><time>2021-01-17T10:05:57Z</time></trkpt><trkpt lat="43.598179" lon="3.356377"><ele>465.468</ele><time>2021-01-17T10:05:59Z</time></trkpt><trkpt lat="43.598087" lon="3.356342"><ele>466.046</ele><time>2021-01-17T10:06:04Z</time></trkpt><trkpt lat="43.598074" lon="3.356333"><ele>466.482</ele><time>2021-01-17T10:06:05Z</time></trkpt><trkpt lat="43.598048" lon="3.356318"><ele>467.280</ele><time>2021-01-17T10:06:07Z</time></trkpt><trkpt lat="43.598031" lon="3.356307"><ele>467.460</ele><time>2021-01-17T10:06:08Z</time></trkpt><trkpt lat="43.597941" lon="3.356281"><ele>468.649</ele><time>2021-01-17T10:06:14Z</time></trkpt><trkpt lat="43.597935" lon="3.356288"><ele>469.055</ele><time>2021-01-17T10:06:15Z</time></trkpt><trkpt lat="43.597932" lon="3.356337"><ele>469.821</ele><time>2021-01-17T10:06:18Z</time></trkpt><trkpt lat="43.597957" lon="3.356385"><ele>470.664</ele><time>2021-01-17T10:06:21Z</time></trkpt><trkpt lat="43.597975" lon="3.356415"><ele>471.006</ele><time>2021-01-17T10:06:23Z</time></trkpt><trkpt lat="43.598029" lon="3.356495"><ele>471.616</ele><time>2021-01-17T10:06:27Z</time></trkpt><trkpt lat="43.598045" lon="3.356536"><ele>472.008</ele><time>2021-01-17T10:06:29Z</time></trkpt><trkpt lat="43.598080" lon="3.356612"><ele>473.212</ele><time>2021-01-17T10:06:33Z</time></trkpt><trkpt lat="43.598088" lon="3.356633"><ele>473.640</ele><time>2021-01-17T10:06:34Z</time></trkpt><trkpt lat="43.598099" lon="3.356672"><ele>474.446</ele><time>2021-01-17T10:06:36Z</time></trkpt><trkpt lat="43.598137" lon="3.356751"><ele>475.494</ele><time>2021-01-17T10:06:40Z</time></trkpt><trkpt lat="43.598143" lon="3.356770"><ele>475.644</ele><time>2021-01-17T10:06:41Z</time></trkpt><trkpt lat="43.598167" lon="3.356836"><ele>476.843</ele><time>2021-01-17T10:06:45Z</time></trkpt><trkpt lat="43.598192" lon="3.356882"><ele>477.439</ele><time>2021-01-17T10:06:48Z</time></trkpt><trkpt lat="43.598218" lon="3.356919"><ele>478.075</ele><time>2021-01-17T10:06:53Z</time></trkpt><trkpt lat="43.598221" lon="3.356920"><ele>478.031</ele><time>2021-01-17T10:06:54Z</time></trkpt><trkpt lat="43.598221" lon="3.356919"><ele>478.061</ele><time>2021-01-17T10:06:55Z</time></trkpt><trkpt lat="43.598228" lon="3.356919"><ele>478.007</ele><time>2021-01-17T10:07:06Z</time></trkpt><trkpt lat="43.598228" lon="3.356919"><ele>478.008</ele><time>2021-01-17T10:07:09Z</time></trkpt><trkpt lat="43.598225" lon="3.356919"><ele>478.089</ele><time>2021-01-17T10:07:13Z</time></trkpt><trkpt lat="43.598224" lon="3.356919"><ele>478.277</ele><time>2021-01-17T10:07:15Z</time></trkpt><trkpt lat="43.598224" lon="3.356919"><ele>478.493</ele><time>2021-01-17T10:07:17Z</time></trkpt><trkpt lat="43.598221" lon="3.356919"><ele>479.081</ele><time>2021-01-17T10:07:20Z</time></trkpt><trkpt lat="43.598220" lon="3.356919"><ele>479.061</ele><time>2021-01-17T10:07:22Z</time></trkpt><trkpt lat="43.598218" lon="3.356919"><ele>478.660</ele><time>2021-01-17T10:07:28Z</time></trkpt><trkpt lat="43.598218" lon="3.356918"><ele>477.886</ele><time>2021-01-17T10:07:32Z</time></trkpt><trkpt lat="43.598215" lon="3.356917"><ele>477.472</ele><time>2021-01-17T10:07:40Z</time></trkpt><trkpt lat="43.598215" lon="3.356917"><ele>477.697</ele><time>2021-01-17T10:07:42Z</time></trkpt><trkpt lat="43.598215" lon="3.356917"><ele>477.623</ele><time>2021-01-17T10:07:43Z</time></trkpt><trkpt lat="43.598215" lon="3.356917"><ele>477.625</ele><time>2021-01-17T10:07:44Z</time></trkpt><trkpt lat="43.598215" lon="3.356917"><ele>477.608</ele><time>2021-01-17T10:07:45Z</time></trkpt><trkpt lat="43.598217" lon="3.356916"><ele>477.615</ele><time>2021-01-17T10:07:51Z</time></trkpt><trkpt lat="43.598217" lon="3.356916"><ele>477.653</ele><time>2021-01-17T10:07:52Z</time></trkpt><trkpt lat="43.598217" lon="3.356916"><ele>477.699</ele><time>2021-01-17T10:07:53Z</time></trkpt><trkpt lat="43.598217" lon="3.356916"><ele>477.487</ele><time>2021-01-17T10:07:55Z</time></trkpt><trkpt lat="43.598210" lon="3.356910"><ele>477.037</ele><time>2021-01-17T10:07:59Z</time></trkpt><trkpt lat="43.598143" lon="3.356872"><ele>477.266</ele><time>2021-01-17T10:08:02Z</time></trkpt><trkpt lat="43.598089" lon="3.356840"><ele>477.682</ele><time>2021-01-17T10:08:04Z</time></trkpt><trkpt lat="43.597994" lon="3.356774"><ele>478.638</ele><time>2021-01-17T10:08:08Z</time></trkpt><trkpt lat="43.597977" lon="3.356760"><ele>479.024</ele><time>2021-01-17T10:08:09Z</time></trkpt><trkpt lat="43.597940" lon="3.356729"><ele>479.204</ele><time>2021-01-17T10:08:11Z</time></trkpt><trkpt lat="43.597874" lon="3.356673"><ele>479.814</ele><time>2021-01-17T10:08:14Z</time></trkpt><trkpt lat="43.597833" lon="3.356643"><ele>480.208</ele><time>2021-01-17T10:08:16Z</time></trkpt><trkpt lat="43.597817" lon="3.356628"><ele>480.498</ele><time>2021-01-17T10:08:17Z</time></trkpt><trkpt lat="43.597771" lon="3.356564"><ele>481.236</ele><time>2021-01-17T10:08:22Z</time></trkpt><trkpt lat="43.597764" lon="3.356554"><ele>481.442</ele><time>2021-01-17T10:08:23Z</time></trkpt><trkpt lat="43.597711" lon="3.356522"><ele>481.680</ele><time>2021-01-17T10:08:28Z</time></trkpt><trkpt lat="43.597686" lon="3.356543"><ele>481.850</ele><time>2021-01-17T10:08:31Z</time></trkpt><trkpt lat="43.597685" lon="3.356549"><ele>482.019</ele><time>2021-01-17T10:08:33Z</time></trkpt><trkpt lat="43.597691" lon="3.356551"><ele>482.225</ele><time>2021-01-17T10:08:36Z</time></trkpt><trkpt lat="43.597685" lon="3.356548"><ele>482.211</ele><time>2021-01-17T10:08:40Z</time></trkpt><trkpt lat="43.597682" lon="3.356540"><ele>482.282</ele><time>2021-01-17T10:08:48Z</time></trkpt><trkpt lat="43.597682" lon="3.356540"><ele>482.243</ele><time>2021-01-17T10:08:51Z</time></trkpt><trkpt lat="43.597682" lon="3.356540"><ele>482.417</ele><time>2021-01-17T10:08:57Z</time></trkpt><trkpt lat="43.597682" lon="3.356540"><ele>482.208</ele><time>2021-01-17T10:08:58Z</time></trkpt><trkpt lat="43.597682" lon="3.356541"><ele>482.274</ele><time>2021-01-17T10:09:00Z</time></trkpt><trkpt lat="43.597675" lon="3.356541"><ele>482.642</ele><time>2021-01-17T10:09:15Z</time></trkpt><trkpt lat="43.597675" lon="3.356541"><ele>482.628</ele><time>2021-01-17T10:09:17Z</time></trkpt><trkpt lat="43.597664" lon="3.356545"><ele>483.096</ele><time>2021-01-17T10:09:33Z</time></trkpt><trkpt lat="43.597662" lon="3.356547"><ele>481.866</ele><time>2021-01-17T10:09:43Z</time></trkpt><trkpt lat="43.597662" lon="3.356547"><ele>482.025</ele><time>2021-01-17T10:09:46Z</time></trkpt><trkpt lat="43.597662" lon="3.356547"><ele>482.261</ele><time>2021-01-17T10:09:49Z</time></trkpt><trkpt lat="43.597666" lon="3.356547"><ele>482.297</ele><time>2021-01-17T10:09:51Z</time></trkpt><trkpt lat="43.597669" lon="3.356547"><ele>482.088</ele><time>2021-01-17T10:09:55Z</time></trkpt><trkpt lat="43.597661" lon="3.356527"><ele>482.024</ele><time>2021-01-17T10:10:12Z</time></trkpt><trkpt lat="43.597656" lon="3.356513"><ele>481.826</ele><time>2021-01-17T10:10:13Z</time></trkpt><trkpt lat="43.597652" lon="3.356502"><ele>481.808</ele><time>2021-01-17T10:10:14Z</time></trkpt><trkpt lat="43.597647" lon="3.356476"><ele>481.654</ele><time>2021-01-17T10:10:16Z</time></trkpt><trkpt lat="43.597644" lon="3.356448"><ele>481.452</ele><time>2021-01-17T10:10:18Z</time></trkpt><trkpt lat="43.597643" lon="3.356433"><ele>481.268</ele><time>2021-01-17T10:10:19Z</time></trkpt><trkpt lat="43.597642" lon="3.356411"><ele>481.016</ele><time>2021-01-17T10:10:21Z</time></trkpt><trkpt lat="43.597640" lon="3.356362"><ele>480.056</ele><time>2021-01-17T10:10:28Z</time></trkpt><trkpt lat="43.597658" lon="3.356301"><ele>478.445</ele><time>2021-01-17T10:10:32Z</time></trkpt><trkpt lat="43.597667" lon="3.356257"><ele>477.061</ele><time>2021-01-17T10:10:34Z</time></trkpt><trkpt lat="43.597671" lon="3.356239"><ele>476.637</ele><time>2021-01-17T10:10:35Z</time></trkpt><trkpt lat="43.597671" lon="3.356209"><ele>476.281</ele><time>2021-01-17T10:10:37Z</time></trkpt><trkpt lat="43.597669" lon="3.356193"><ele>476.061</ele><time>2021-01-17T10:10:38Z</time></trkpt><trkpt lat="43.597669" lon="3.356182"><ele>475.817</ele><time>2021-01-17T10:10:39Z</time></trkpt><trkpt lat="43.597675" lon="3.356172"><ele>475.608</ele><time>2021-01-17T10:10:40Z</time></trkpt><trkpt lat="43.597683" lon="3.356164"><ele>475.264</ele><time>2021-01-17T10:10:41Z</time></trkpt><trkpt lat="43.597686" lon="3.356151"><ele>474.462</ele><time>2021-01-17T10:10:42Z</time></trkpt><trkpt lat="43.597699" lon="3.356113"><ele>473.068</ele><time>2021-01-17T10:10:44Z</time></trkpt><trkpt lat="43.597706" lon="3.356053"><ele>472.016</ele><time>2021-01-17T10:10:46Z</time></trkpt><trkpt lat="43.597699" lon="3.355998"><ele>470.826</ele><time>2021-01-17T10:10:48Z</time></trkpt><trkpt lat="43.597660" lon="3.355929"><ele>470.065</ele><time>2021-01-17T10:10:51Z</time></trkpt><trkpt lat="43.597656" lon="3.355903"><ele>469.661</ele><time>2021-01-17T10:10:52Z</time></trkpt><trkpt lat="43.597641" lon="3.355824"><ele>468.617</ele><time>2021-01-17T10:10:55Z</time></trkpt><trkpt lat="43.597630" lon="3.355796"><ele>468.669</ele><time>2021-01-17T10:10:56Z</time></trkpt><trkpt lat="43.597603" lon="3.355687"><ele>467.004</ele><time>2021-01-17T10:11:01Z</time></trkpt><trkpt lat="43.597596" lon="3.355669"><ele>466.424</ele><time>2021-01-17T10:11:02Z</time></trkpt><trkpt lat="43.597583" lon="3.355626"><ele>465.808</ele><time>2021-01-17T10:11:04Z</time></trkpt><trkpt lat="43.597561" lon="3.355571"><ele>464.432</ele><time>2021-01-17T10:11:06Z</time></trkpt><trkpt lat="43.597540" lon="3.355537"><ele>463.470</ele><time>2021-01-17T10:11:08Z</time></trkpt><trkpt lat="43.597554" lon="3.355524"><ele>463.086</ele><time>2021-01-17T10:11:11Z</time></trkpt><trkpt lat="43.597565" lon="3.355515"><ele>462.834</ele><time>2021-01-17T10:11:14Z</time></trkpt><trkpt lat="43.597573" lon="3.355501"><ele>462.624</ele><time>2021-01-17T10:11:17Z</time></trkpt><trkpt lat="43.597574" lon="3.355492"><ele>462.233</ele><time>2021-01-17T10:11:18Z</time></trkpt><trkpt lat="43.597586" lon="3.355461"><ele>461.059</ele><time>2021-01-17T10:11:21Z</time></trkpt><trkpt lat="43.597584" lon="3.355437"><ele>459.895</ele><time>2021-01-17T10:11:23Z</time></trkpt><trkpt lat="43.597584" lon="3.355424"><ele>459.435</ele><time>2021-01-17T10:11:24Z</time></trkpt><trkpt lat="43.597582" lon="3.355388"><ele>458.486</ele><time>2021-01-17T10:11:27Z</time></trkpt><trkpt lat="43.597590" lon="3.355381"><ele>457.814</ele><time>2021-01-17T10:11:29Z</time></trkpt><trkpt lat="43.597604" lon="3.355371"><ele>457.208</ele><time>2021-01-17T10:11:31Z</time></trkpt><trkpt lat="43.597619" lon="3.355335"><ele>455.649</ele><time>2021-01-17T10:11:34Z</time></trkpt><trkpt lat="43.597619" lon="3.355319"><ele>454.827</ele><time>2021-01-17T10:11:35Z</time></trkpt><trkpt lat="43.597620" lon="3.355302"><ele>454.433</ele><time>2021-01-17T10:11:36Z</time></trkpt><trkpt lat="43.597626" lon="3.355251"><ele>453.291</ele><time>2021-01-17T10:11:39Z</time></trkpt><trkpt lat="43.597626" lon="3.355187"><ele>452.021</ele><time>2021-01-17T10:11:43Z</time></trkpt><trkpt lat="43.597618" lon="3.355170"><ele>451.660</ele><time>2021-01-17T10:11:44Z</time></trkpt><trkpt lat="43.597596" lon="3.355132"><ele>450.666</ele><time>2021-01-17T10:11:46Z</time></trkpt><trkpt lat="43.597553" lon="3.355068"><ele>449.222</ele><time>2021-01-17T10:11:49Z</time></trkpt><trkpt lat="43.597545" lon="3.355047"><ele>448.835</ele><time>2021-01-17T10:11:50Z</time></trkpt><trkpt lat="43.597533" lon="3.355003"><ele>447.686</ele><time>2021-01-17T10:11:52Z</time></trkpt><trkpt lat="43.597534" lon="3.354989"><ele>447.014</ele><time>2021-01-17T10:11:53Z</time></trkpt><trkpt lat="43.597550" lon="3.354963"><ele>446.208</ele><time>2021-01-17T10:11:55Z</time></trkpt><trkpt lat="43.597555" lon="3.354944"><ele>445.899</ele><time>2021-01-17T10:11:56Z</time></trkpt><trkpt lat="43.597552" lon="3.354913"><ele>445.017</ele><time>2021-01-17T10:11:58Z</time></trkpt><trkpt lat="43.597554" lon="3.354903"><ele>444.873</ele><time>2021-01-17T10:11:59Z</time></trkpt><trkpt lat="43.597554" lon="3.354874"><ele>443.671</ele><time>2021-01-17T10:12:01Z</time></trkpt><trkpt lat="43.597559" lon="3.354844"><ele>442.281</ele><time>2021-01-17T10:12:04Z</time></trkpt><trkpt lat="43.597566" lon="3.354837"><ele>441.490</ele><time>2021-01-17T10:12:05Z</time></trkpt><trkpt lat="43.597578" lon="3.354834"><ele>440.646</ele><time>2021-01-17T10:12:06Z</time></trkpt><trkpt lat="43.597603" lon="3.354820"><ele>439.282</ele><time>2021-01-17T10:12:08Z</time></trkpt><trkpt lat="43.597626" lon="3.354804"><ele>438.444</ele><time>2021-01-17T10:12:10Z</time></trkpt><trkpt lat="43.597627" lon="3.354797"><ele>438.205</ele><time>2021-01-17T10:12:11Z</time></trkpt><trkpt lat="43.597625" lon="3.354778"><ele>437.615</ele><time>2021-01-17T10:12:13Z</time></trkpt><trkpt lat="43.597628" lon="3.354770"><ele>437.208</ele><time>2021-01-17T10:12:14Z</time></trkpt><trkpt lat="43.597635" lon="3.354762"><ele>436.420</ele><time>2021-01-17T10:12:15Z</time></trkpt><trkpt lat="43.597641" lon="3.354748"><ele>436.088</ele><time>2021-01-17T10:12:16Z</time></trkpt><trkpt lat="43.597644" lon="3.354735"><ele>435.494</ele><time>2021-01-17T10:12:17Z</time></trkpt><trkpt lat="43.597658" lon="3.354701"><ele>434.672</ele><time>2021-01-17T10:12:19Z</time></trkpt><trkpt lat="43.597656" lon="3.354654"><ele>433.692</ele><time>2021-01-17T10:12:22Z</time></trkpt><trkpt lat="43.597656" lon="3.354612"><ele>432.661</ele><time>2021-01-17T10:12:24Z</time></trkpt><trkpt lat="43.597655" lon="3.354592"><ele>432.287</ele><time>2021-01-17T10:12:25Z</time></trkpt><trkpt lat="43.597650" lon="3.354565"><ele>430.893</ele><time>2021-01-17T10:12:27Z</time></trkpt><trkpt lat="43.597644" lon="3.354533"><ele>429.691</ele><time>2021-01-17T10:12:29Z</time></trkpt><trkpt lat="43.597638" lon="3.354509"><ele>429.281</ele><time>2021-01-17T10:12:30Z</time></trkpt><trkpt lat="43.597630" lon="3.354488"><ele>428.819</ele><time>2021-01-17T10:12:31Z</time></trkpt><trkpt lat="43.597617" lon="3.354465"><ele>428.408</ele><time>2021-01-17T10:12:32Z</time></trkpt><trkpt lat="43.597572" lon="3.354405"><ele>426.855</ele><time>2021-01-17T10:12:36Z</time></trkpt><trkpt lat="43.597560" lon="3.354376"><ele>425.843</ele><time>2021-01-17T10:12:38Z</time></trkpt><trkpt lat="43.597544" lon="3.354348"><ele>424.499</ele><time>2021-01-17T10:12:40Z</time></trkpt><trkpt lat="43.597542" lon="3.354339"><ele>423.827</ele><time>2021-01-17T10:12:41Z</time></trkpt><trkpt lat="43.597553" lon="3.354326"><ele>423.287</ele><time>2021-01-17T10:12:43Z</time></trkpt><trkpt lat="43.597561" lon="3.354318"><ele>422.866</ele><time>2021-01-17T10:12:44Z</time></trkpt><trkpt lat="43.597557" lon="3.354300"><ele>421.632</ele><time>2021-01-17T10:12:46Z</time></trkpt><trkpt lat="43.597552" lon="3.354276"><ele>420.648</ele><time>2021-01-17T10:12:48Z</time></trkpt><trkpt lat="43.597570" lon="3.354238"><ele>419.462</ele><time>2021-01-17T10:12:51Z</time></trkpt><trkpt lat="43.597576" lon="3.354229"><ele>419.283</ele><time>2021-01-17T10:12:52Z</time></trkpt><trkpt lat="43.597577" lon="3.354200"><ele>418.211</ele><time>2021-01-17T10:12:55Z</time></trkpt><trkpt lat="43.597581" lon="3.354189"><ele>417.808</ele><time>2021-01-17T10:12:56Z</time></trkpt><trkpt lat="43.597585" lon="3.354172"><ele>417.032</ele><time>2021-01-17T10:12:57Z</time></trkpt><trkpt lat="43.597586" lon="3.354155"><ele>416.460</ele><time>2021-01-17T10:12:58Z</time></trkpt><trkpt lat="43.597580" lon="3.354139"><ele>415.666</ele><time>2021-01-17T10:12:59Z</time></trkpt><trkpt lat="43.597565" lon="3.354105"><ele>414.414</ele><time>2021-01-17T10:13:01Z</time></trkpt><trkpt lat="43.597557" lon="3.354074"><ele>413.634</ele><time>2021-01-17T10:13:03Z</time></trkpt><trkpt lat="43.597560" lon="3.354059"><ele>413.093</ele><time>2021-01-17T10:13:04Z</time></trkpt><trkpt lat="43.597579" lon="3.354027"><ele>411.499</ele><time>2021-01-17T10:13:06Z</time></trkpt><trkpt lat="43.597597" lon="3.353993"><ele>410.235</ele><time>2021-01-17T10:13:08Z</time></trkpt><trkpt lat="43.597604" lon="3.353972"><ele>409.872</ele><time>2021-01-17T10:13:09Z</time></trkpt><trkpt lat="43.597613" lon="3.353925"><ele>408.813</ele><time>2021-01-17T10:13:11Z</time></trkpt><trkpt lat="43.597621" lon="3.353880"><ele>407.414</ele><time>2021-01-17T10:13:13Z</time></trkpt><trkpt lat="43.597619" lon="3.353861"><ele>406.808</ele><time>2021-01-17T10:13:14Z</time></trkpt><trkpt lat="43.597620" lon="3.353846"><ele>406.473</ele><time>2021-01-17T10:13:15Z</time></trkpt><trkpt lat="43.597623" lon="3.353830"><ele>406.231</ele><time>2021-01-17T10:13:16Z</time></trkpt><trkpt lat="43.597659" lon="3.353770"><ele>404.617</ele><time>2021-01-17T10:13:20Z</time></trkpt><trkpt lat="43.597661" lon="3.353760"><ele>403.855</ele><time>2021-01-17T10:13:21Z</time></trkpt><trkpt lat="43.597661" lon="3.353754"><ele>403.485</ele><time>2021-01-17T10:13:22Z</time></trkpt><trkpt lat="43.597660" lon="3.353744"><ele>402.894</ele><time>2021-01-17T10:13:24Z</time></trkpt><trkpt lat="43.597655" lon="3.353725"><ele>402.240</ele><time>2021-01-17T10:13:26Z</time></trkpt><trkpt lat="43.597646" lon="3.353708"><ele>401.436</ele><time>2021-01-17T10:13:28Z</time></trkpt><trkpt lat="43.597646" lon="3.353696"><ele>401.099</ele><time>2021-01-17T10:13:29Z</time></trkpt><trkpt lat="43.597653" lon="3.353666"><ele>399.807</ele><time>2021-01-17T10:13:31Z</time></trkpt><trkpt lat="43.597665" lon="3.353605"><ele>398.627</ele><time>2021-01-17T10:13:34Z</time></trkpt><trkpt lat="43.597669" lon="3.353547"><ele>397.608</ele><time>2021-01-17T10:13:36Z</time></trkpt><trkpt lat="43.597662" lon="3.353485"><ele>396.015</ele><time>2021-01-17T10:13:38Z</time></trkpt><trkpt lat="43.597664" lon="3.353449"><ele>395.213</ele><time>2021-01-17T10:13:39Z</time></trkpt><trkpt lat="43.597668" lon="3.353410"><ele>394.669</ele><time>2021-01-17T10:13:40Z</time></trkpt><trkpt lat="43.597668" lon="3.353293"><ele>393.697</ele><time>2021-01-17T10:13:43Z</time></trkpt><trkpt lat="43.597658" lon="3.353210"><ele>392.617</ele><time>2021-01-17T10:13:45Z</time></trkpt><trkpt lat="43.597654" lon="3.353136"><ele>392.256</ele><time>2021-01-17T10:13:47Z</time></trkpt><trkpt lat="43.597645" lon="3.353070"><ele>391.412</ele><time>2021-01-17T10:13:49Z</time></trkpt><trkpt lat="43.597635" lon="3.353041"><ele>391.228</ele><time>2021-01-17T10:13:50Z</time></trkpt><trkpt lat="43.597628" lon="3.353013"><ele>390.853</ele><time>2021-01-17T10:13:51Z</time></trkpt><trkpt lat="43.597626" lon="3.352937"><ele>390.004</ele><time>2021-01-17T10:13:54Z</time></trkpt><trkpt lat="43.597627" lon="3.352910"><ele>389.614</ele><time>2021-01-17T10:13:55Z</time></trkpt><trkpt lat="43.597621" lon="3.352785"><ele>388.808</ele><time>2021-01-17T10:13:59Z</time></trkpt><trkpt lat="43.597587" lon="3.352701"><ele>387.811</ele><time>2021-01-17T10:14:02Z</time></trkpt><trkpt lat="43.597560" lon="3.352580"><ele>386.669</ele><time>2021-01-17T10:14:07Z</time></trkpt><trkpt lat="43.597553" lon="3.352567"><ele>386.455</ele><time>2021-01-17T10:14:08Z</time></trkpt><trkpt lat="43.597539" lon="3.352540"><ele>386.033</ele><time>2021-01-17T10:14:10Z</time></trkpt><trkpt lat="43.597514" lon="3.352510"><ele>385.413</ele><time>2021-01-17T10:14:12Z</time></trkpt><trkpt lat="43.597502" lon="3.352494"><ele>385.282</ele><time>2021-01-17T10:14:13Z</time></trkpt><trkpt lat="43.597497" lon="3.352479"><ele>384.858</ele><time>2021-01-17T10:14:14Z</time></trkpt><trkpt lat="43.597489" lon="3.352449"><ele>384.434</ele><time>2021-01-17T10:14:16Z</time></trkpt><trkpt lat="43.597458" lon="3.352427"><ele>383.678</ele><time>2021-01-17T10:14:18Z</time></trkpt><trkpt lat="43.597436" lon="3.352415"><ele>383.233</ele><time>2021-01-17T10:14:19Z</time></trkpt><trkpt lat="43.597381" lon="3.352330"><ele>382.026</ele><time>2021-01-17T10:14:23Z</time></trkpt><trkpt lat="43.597376" lon="3.352310"><ele>381.608</ele><time>2021-01-17T10:14:24Z</time></trkpt><trkpt lat="43.597343" lon="3.352264"><ele>380.613</ele><time>2021-01-17T10:14:27Z</time></trkpt><trkpt lat="43.597328" lon="3.352222"><ele>379.641</ele><time>2021-01-17T10:14:29Z</time></trkpt><trkpt lat="43.597328" lon="3.352195"><ele>379.037</ele><time>2021-01-17T10:14:30Z</time></trkpt><trkpt lat="43.597333" lon="3.352166"><ele>378.435</ele><time>2021-01-17T10:14:31Z</time></trkpt><trkpt lat="43.597331" lon="3.352142"><ele>377.655</ele><time>2021-01-17T10:14:32Z</time></trkpt><trkpt lat="43.597321" lon="3.352119"><ele>377.034</ele><time>2021-01-17T10:14:33Z</time></trkpt><trkpt lat="43.597299" lon="3.352071"><ele>376.250</ele><time>2021-01-17T10:14:35Z</time></trkpt><trkpt lat="43.597289" lon="3.352043"><ele>375.676</ele><time>2021-01-17T10:14:36Z</time></trkpt><trkpt lat="43.597270" lon="3.351944"><ele>374.468</ele><time>2021-01-17T10:14:39Z</time></trkpt><trkpt lat="43.597237" lon="3.351820"><ele>373.442</ele><time>2021-01-17T10:14:43Z</time></trkpt><trkpt lat="43.597215" lon="3.351758"><ele>373.026</ele><time>2021-01-17T10:14:45Z</time></trkpt><trkpt lat="43.597187" lon="3.351661"><ele>371.808</ele><time>2021-01-17T10:14:48Z</time></trkpt><trkpt lat="43.597170" lon="3.351590"><ele>370.842</ele><time>2021-01-17T10:14:50Z</time></trkpt><trkpt lat="43.597164" lon="3.351553"><ele>370.480</ele><time>2021-01-17T10:14:51Z</time></trkpt><trkpt lat="43.597122" lon="3.351433"><ele>369.876</ele><time>2021-01-17T10:14:55Z</time></trkpt><trkpt lat="43.597090" lon="3.351286"><ele>368.884</ele><time>2021-01-17T10:15:00Z</time></trkpt><trkpt lat="43.597084" lon="3.351254"><ele>368.624</ele><time>2021-01-17T10:15:01Z</time></trkpt><trkpt lat="43.597067" lon="3.351121"><ele>367.483</ele><time>2021-01-17T10:15:05Z</time></trkpt><trkpt lat="43.597047" lon="3.351058"><ele>367.069</ele><time>2021-01-17T10:15:07Z</time></trkpt><trkpt lat="43.597013" lon="3.350853"><ele>366.625</ele><time>2021-01-17T10:15:14Z</time></trkpt><trkpt lat="43.597009" lon="3.350683"><ele>366.217</ele><time>2021-01-17T10:15:19Z</time></trkpt><trkpt lat="43.597010" lon="3.350615"><ele>364.687</ele><time>2021-01-17T10:15:21Z</time></trkpt><trkpt lat="43.597018" lon="3.350548"><ele>363.615</ele><time>2021-01-17T10:15:23Z</time></trkpt><trkpt lat="43.597024" lon="3.350431"><ele>362.208</ele><time>2021-01-17T10:15:26Z</time></trkpt><trkpt lat="43.597025" lon="3.350389"><ele>361.617</ele><time>2021-01-17T10:15:27Z</time></trkpt><trkpt lat="43.597025" lon="3.350351"><ele>361.025</ele><time>2021-01-17T10:15:28Z</time></trkpt><trkpt lat="43.596990" lon="3.350196"><ele>359.841</ele><time>2021-01-17T10:15:32Z</time></trkpt><trkpt lat="43.596972" lon="3.350131"><ele>359.249</ele><time>2021-01-17T10:15:34Z</time></trkpt><trkpt lat="43.596944" lon="3.350024"><ele>358.659</ele><time>2021-01-17T10:15:37Z</time></trkpt><trkpt lat="43.596913" lon="3.349896"><ele>358.078</ele><time>2021-01-17T10:15:42Z</time></trkpt><trkpt lat="43.596889" lon="3.349868"><ele>357.854</ele><time>2021-01-17T10:15:44Z</time></trkpt><trkpt lat="43.596854" lon="3.349870"><ele>357.460</ele><time>2021-01-17T10:15:46Z</time></trkpt><trkpt lat="43.596836" lon="3.349869"><ele>357.073</ele><time>2021-01-17T10:15:47Z</time></trkpt><trkpt lat="43.596792" lon="3.349856"><ele>356.285</ele><time>2021-01-17T10:15:49Z</time></trkpt><trkpt lat="43.596742" lon="3.349848"><ele>355.213</ele><time>2021-01-17T10:15:51Z</time></trkpt><trkpt lat="43.596719" lon="3.349835"><ele>354.808</ele><time>2021-01-17T10:15:52Z</time></trkpt><trkpt lat="43.596665" lon="3.349789"><ele>353.283</ele><time>2021-01-17T10:15:55Z</time></trkpt><trkpt lat="43.596650" lon="3.349787"><ele>352.871</ele><time>2021-01-17T10:15:56Z</time></trkpt><trkpt lat="43.596616" lon="3.349789"><ele>351.667</ele><time>2021-01-17T10:15:58Z</time></trkpt><trkpt lat="43.596592" lon="3.349805"><ele>350.655</ele><time>2021-01-17T10:16:00Z</time></trkpt><trkpt lat="43.596562" lon="3.349845"><ele>349.045</ele><time>2021-01-17T10:16:03Z</time></trkpt><trkpt lat="43.596544" lon="3.349874"><ele>347.874</ele><time>2021-01-17T10:16:05Z</time></trkpt><trkpt lat="43.596522" lon="3.349928"><ele>346.840</ele><time>2021-01-17T10:16:07Z</time></trkpt><trkpt lat="43.596513" lon="3.349966"><ele>346.076</ele><time>2021-01-17T10:16:08Z</time></trkpt><trkpt lat="43.596506" lon="3.350007"><ele>345.296</ele><time>2021-01-17T10:16:09Z</time></trkpt><trkpt lat="43.596490" lon="3.350074"><ele>344.031</ele><time>2021-01-17T10:16:11Z</time></trkpt><trkpt lat="43.596474" lon="3.350147"><ele>342.824</ele><time>2021-01-17T10:16:13Z</time></trkpt><trkpt lat="43.596472" lon="3.350183"><ele>342.408</ele><time>2021-01-17T10:16:14Z</time></trkpt><trkpt lat="43.596467" lon="3.350209"><ele>342.085</ele><time>2021-01-17T10:16:15Z</time></trkpt><trkpt lat="43.596460" lon="3.350228"><ele>341.683</ele><time>2021-01-17T10:16:16Z</time></trkpt><trkpt lat="43.596440" lon="3.350259"><ele>341.019</ele><time>2021-01-17T10:16:18Z</time></trkpt><trkpt lat="43.596428" lon="3.350280"><ele>340.247</ele><time>2021-01-17T10:16:19Z</time></trkpt><trkpt lat="43.596417" lon="3.350307"><ele>339.017</ele><time>2021-01-17T10:16:20Z</time></trkpt><trkpt lat="43.596410" lon="3.350339"><ele>338.056</ele><time>2021-01-17T10:16:21Z</time></trkpt><trkpt lat="43.596412" lon="3.350406"><ele>336.882</ele><time>2021-01-17T10:16:23Z</time></trkpt><trkpt lat="43.596414" lon="3.350462"><ele>336.278</ele><time>2021-01-17T10:16:25Z</time></trkpt><trkpt lat="43.596407" lon="3.350493"><ele>335.887</ele><time>2021-01-17T10:16:26Z</time></trkpt><trkpt lat="43.596395" lon="3.350546"><ele>334.842</ele><time>2021-01-17T10:16:28Z</time></trkpt><trkpt lat="43.596392" lon="3.350568"><ele>334.226</ele><time>2021-01-17T10:16:29Z</time></trkpt><trkpt lat="43.596388" lon="3.350588"><ele>333.608</ele><time>2021-01-17T10:16:30Z</time></trkpt><trkpt lat="43.596362" lon="3.350660"><ele>332.044</ele><time>2021-01-17T10:16:33Z</time></trkpt><trkpt lat="43.596349" lon="3.350724"><ele>331.092</ele><time>2021-01-17T10:16:35Z</time></trkpt><trkpt lat="43.596336" lon="3.350808"><ele>330.068</ele><time>2021-01-17T10:16:38Z</time></trkpt><trkpt lat="43.596304" lon="3.350886"><ele>328.866</ele><time>2021-01-17T10:16:41Z</time></trkpt><trkpt lat="43.596257" lon="3.350970"><ele>327.496</ele><time>2021-01-17T10:16:44Z</time></trkpt><trkpt lat="43.596229" lon="3.351029"><ele>326.885</ele><time>2021-01-17T10:16:47Z</time></trkpt><trkpt lat="43.596207" lon="3.351055"><ele>325.891</ele><time>2021-01-17T10:16:49Z</time></trkpt><trkpt lat="43.596194" lon="3.351066"><ele>324.837</ele><time>2021-01-17T10:16:51Z</time></trkpt><trkpt lat="43.596188" lon="3.351059"><ele>324.417</ele><time>2021-01-17T10:16:52Z</time></trkpt><trkpt lat="43.596173" lon="3.351026"><ele>323.687</ele><time>2021-01-17T10:16:54Z</time></trkpt><trkpt lat="43.596192" lon="3.350940"><ele>322.215</ele><time>2021-01-17T10:16:57Z</time></trkpt><trkpt lat="43.596213" lon="3.350878"><ele>321.008</ele><time>2021-01-17T10:16:59Z</time></trkpt><trkpt lat="43.596215" lon="3.350817"><ele>319.677</ele><time>2021-01-17T10:17:01Z</time></trkpt><trkpt lat="43.596215" lon="3.350782"><ele>319.065</ele><time>2021-01-17T10:17:02Z</time></trkpt><trkpt lat="43.596214" lon="3.350751"><ele>318.491</ele><time>2021-01-17T10:17:03Z</time></trkpt><trkpt lat="43.596194" lon="3.350674"><ele>317.499</ele><time>2021-01-17T10:17:06Z</time></trkpt><trkpt lat="43.596185" lon="3.350616"><ele>316.699</ele><time>2021-01-17T10:17:08Z</time></trkpt><trkpt lat="43.596180" lon="3.350590"><ele>316.428</ele><time>2021-01-17T10:17:09Z</time></trkpt><trkpt lat="43.596149" lon="3.350513"><ele>315.224</ele><time>2021-01-17T10:17:13Z</time></trkpt><trkpt lat="43.596146" lon="3.350494"><ele>314.850</ele><time>2021-01-17T10:17:14Z</time></trkpt><trkpt lat="43.596142" lon="3.350415"><ele>313.896</ele><time>2021-01-17T10:17:17Z</time></trkpt><trkpt lat="43.596131" lon="3.350398"><ele>313.431</ele><time>2021-01-17T10:17:18Z</time></trkpt><trkpt lat="43.596118" lon="3.350403"><ele>312.824</ele><time>2021-01-17T10:17:19Z</time></trkpt><trkpt lat="43.596100" lon="3.350477"><ele>311.808</ele><time>2021-01-17T10:17:22Z</time></trkpt><trkpt lat="43.596101" lon="3.350508"><ele>311.425</ele><time>2021-01-17T10:17:23Z</time></trkpt><trkpt lat="43.596091" lon="3.350562"><ele>310.423</ele><time>2021-01-17T10:17:25Z</time></trkpt><trkpt lat="43.596054" lon="3.350647"><ele>308.849</ele><time>2021-01-17T10:17:28Z</time></trkpt><trkpt lat="43.596045" lon="3.350678"><ele>308.497</ele><time>2021-01-17T10:17:29Z</time></trkpt><trkpt lat="43.596034" lon="3.350735"><ele>307.827</ele><time>2021-01-17T10:17:31Z</time></trkpt><trkpt lat="43.596030" lon="3.350790"><ele>306.826</ele><time>2021-01-17T10:17:33Z</time></trkpt><trkpt lat="43.596024" lon="3.350829"><ele>305.422</ele><time>2021-01-17T10:17:35Z</time></trkpt><trkpt lat="43.596021" lon="3.350849"><ele>304.828</ele><time>2021-01-17T10:17:36Z</time></trkpt><trkpt lat="43.596019" lon="3.350891"><ele>304.081</ele><time>2021-01-17T10:17:38Z</time></trkpt><trkpt lat="43.596013" lon="3.350937"><ele>303.061</ele><time>2021-01-17T10:17:40Z</time></trkpt><trkpt lat="43.596003" lon="3.350957"><ele>302.617</ele><time>2021-01-17T10:17:41Z</time></trkpt><trkpt lat="43.595993" lon="3.350975"><ele>302.008</ele><time>2021-01-17T10:17:42Z</time></trkpt><trkpt lat="43.595981" lon="3.350995"><ele>301.434</ele><time>2021-01-17T10:17:43Z</time></trkpt><trkpt lat="43.595963" lon="3.351040"><ele>300.222</ele><time>2021-01-17T10:17:45Z</time></trkpt><trkpt lat="43.595956" lon="3.351064"><ele>299.628</ele><time>2021-01-17T10:17:46Z</time></trkpt><trkpt lat="43.595943" lon="3.351116"><ele>298.696</ele><time>2021-01-17T10:17:48Z</time></trkpt><trkpt lat="43.595935" lon="3.351169"><ele>297.246</ele><time>2021-01-17T10:17:50Z</time></trkpt><trkpt lat="43.595936" lon="3.351192"><ele>296.825</ele><time>2021-01-17T10:17:51Z</time></trkpt><trkpt lat="43.595943" lon="3.351240"><ele>296.231</ele><time>2021-01-17T10:17:53Z</time></trkpt><trkpt lat="43.595929" lon="3.351288"><ele>294.817</ele><time>2021-01-17T10:17:55Z</time></trkpt><trkpt lat="43.595912" lon="3.351346"><ele>293.465</ele><time>2021-01-17T10:17:57Z</time></trkpt><trkpt lat="43.595896" lon="3.351408"><ele>292.268</ele><time>2021-01-17T10:17:59Z</time></trkpt><trkpt lat="43.595888" lon="3.351443"><ele>291.614</ele><time>2021-01-17T10:18:00Z</time></trkpt><trkpt lat="43.595882" lon="3.351473"><ele>291.008</ele><time>2021-01-17T10:18:01Z</time></trkpt><trkpt lat="43.595880" lon="3.351544"><ele>289.862</ele><time>2021-01-17T10:18:03Z</time></trkpt><trkpt lat="43.595887" lon="3.351628"><ele>288.860</ele><time>2021-01-17T10:18:05Z</time></trkpt><trkpt lat="43.595895" lon="3.351709"><ele>287.666</ele><time>2021-01-17T10:18:07Z</time></trkpt><trkpt lat="43.595896" lon="3.351790"><ele>286.034</ele><time>2021-01-17T10:18:09Z</time></trkpt><trkpt lat="43.595909" lon="3.351874"><ele>285.084</ele><time>2021-01-17T10:18:11Z</time></trkpt><trkpt lat="43.595925" lon="3.351951"><ele>284.013</ele><time>2021-01-17T10:18:13Z</time></trkpt><trkpt lat="43.595927" lon="3.351990"><ele>283.699</ele><time>2021-01-17T10:18:14Z</time></trkpt><trkpt lat="43.595916" lon="3.352020"><ele>283.445</ele><time>2021-01-17T10:18:15Z</time></trkpt><trkpt lat="43.595884" lon="3.352063"><ele>282.617</ele><time>2021-01-17T10:18:17Z</time></trkpt><trkpt lat="43.595859" lon="3.352114"><ele>281.487</ele><time>2021-01-17T10:18:20Z</time></trkpt><trkpt lat="43.595858" lon="3.352132"><ele>281.215</ele><time>2021-01-17T10:18:21Z</time></trkpt><trkpt lat="43.595855" lon="3.352144"><ele>281.008</ele><time>2021-01-17T10:18:22Z</time></trkpt><trkpt lat="43.595850" lon="3.352155"><ele>280.667</ele><time>2021-01-17T10:18:23Z</time></trkpt><trkpt lat="43.595836" lon="3.352160"><ele>280.265</ele><time>2021-01-17T10:18:24Z</time></trkpt><trkpt lat="43.595795" lon="3.352190"><ele>278.861</ele><time>2021-01-17T10:18:27Z</time></trkpt><trkpt lat="43.595748" lon="3.352244"><ele>277.229</ele><time>2021-01-17T10:18:30Z</time></trkpt><trkpt lat="43.595718" lon="3.352279"><ele>275.859</ele><time>2021-01-17T10:18:32Z</time></trkpt><trkpt lat="43.595692" lon="3.352323"><ele>274.638</ele><time>2021-01-17T10:18:34Z</time></trkpt><trkpt lat="43.595665" lon="3.352379"><ele>273.444</ele><time>2021-01-17T10:18:36Z</time></trkpt><trkpt lat="43.595643" lon="3.352438"><ele>271.840</ele><time>2021-01-17T10:18:38Z</time></trkpt><trkpt lat="43.595636" lon="3.352489"><ele>270.439</ele><time>2021-01-17T10:18:40Z</time></trkpt><trkpt lat="43.595633" lon="3.352502"><ele>270.001</ele><time>2021-01-17T10:18:41Z</time></trkpt><trkpt lat="43.595630" lon="3.352516"><ele>269.421</ele><time>2021-01-17T10:18:43Z</time></trkpt><trkpt lat="43.595624" lon="3.352529"><ele>269.008</ele><time>2021-01-17T10:18:46Z</time></trkpt><trkpt lat="43.595627" lon="3.352527"><ele>268.429</ele><time>2021-01-17T10:18:53Z</time></trkpt><trkpt lat="43.595626" lon="3.352528"><ele>268.217</ele><time>2021-01-17T10:18:55Z</time></trkpt><trkpt lat="43.595583" lon="3.352568"><ele>267.063</ele><time>2021-01-17T10:19:03Z</time></trkpt><trkpt lat="43.595581" lon="3.352584"><ele>266.641</ele><time>2021-01-17T10:19:04Z</time></trkpt><trkpt lat="43.595571" lon="3.352626"><ele>265.611</ele><time>2021-01-17T10:19:06Z</time></trkpt><trkpt lat="43.595556" lon="3.352694"><ele>264.470</ele><time>2021-01-17T10:19:08Z</time></trkpt><trkpt lat="43.595553" lon="3.352727"><ele>263.876</ele><time>2021-01-17T10:19:09Z</time></trkpt><trkpt lat="43.595554" lon="3.352796"><ele>263.482</ele><time>2021-01-17T10:19:11Z</time></trkpt><trkpt lat="43.595580" lon="3.352906"><ele>262.477</ele><time>2021-01-17T10:19:14Z</time></trkpt><trkpt lat="43.595586" lon="3.352970"><ele>262.061</ele><time>2021-01-17T10:19:16Z</time></trkpt><trkpt lat="43.595560" lon="3.353005"><ele>261.827</ele><time>2021-01-17T10:19:18Z</time></trkpt><trkpt lat="43.595498" lon="3.353044"><ele>261.008</ele><time>2021-01-17T10:19:21Z</time></trkpt><trkpt lat="43.595449" lon="3.353064"><ele>259.863</ele><time>2021-01-17T10:19:24Z</time></trkpt><trkpt lat="43.595434" lon="3.353060"><ele>259.481</ele><time>2021-01-17T10:19:25Z</time></trkpt><trkpt lat="43.595402" lon="3.353057"><ele>258.497</ele><time>2021-01-17T10:19:27Z</time></trkpt><trkpt lat="43.595374" lon="3.353060"><ele>257.215</ele><time>2021-01-17T10:19:29Z</time></trkpt><trkpt lat="43.595342" lon="3.353053"><ele>256.225</ele><time>2021-01-17T10:19:31Z</time></trkpt><trkpt lat="43.595324" lon="3.353050"><ele>255.814</ele><time>2021-01-17T10:19:32Z</time></trkpt><trkpt lat="43.595283" lon="3.353060"><ele>254.480</ele><time>2021-01-17T10:19:34Z</time></trkpt><trkpt lat="43.595237" lon="3.353076"><ele>253.296</ele><time>2021-01-17T10:19:36Z</time></trkpt><trkpt lat="43.595213" lon="3.353096"><ele>252.629</ele><time>2021-01-17T10:19:37Z</time></trkpt><trkpt lat="43.595167" lon="3.353149"><ele>251.600</ele><time>2021-01-17T10:19:39Z</time></trkpt><trkpt lat="43.595116" lon="3.353230"><ele>250.820</ele><time>2021-01-17T10:19:42Z</time></trkpt><trkpt lat="43.595098" lon="3.353256"><ele>250.608</ele><time>2021-01-17T10:19:43Z</time></trkpt><trkpt lat="43.595031" lon="3.353350"><ele>249.478</ele><time>2021-01-17T10:19:47Z</time></trkpt><trkpt lat="43.594996" lon="3.353398"><ele>248.456</ele><time>2021-01-17T10:19:49Z</time></trkpt><trkpt lat="43.594981" lon="3.353427"><ele>248.222</ele><time>2021-01-17T10:19:50Z</time></trkpt><trkpt lat="43.594941" lon="3.353549"><ele>247.070</ele><time>2021-01-17T10:19:54Z</time></trkpt><trkpt lat="43.594912" lon="3.353634"><ele>246.220</ele><time>2021-01-17T10:19:57Z</time></trkpt><trkpt lat="43.594898" lon="3.353662"><ele>245.859</ele><time>2021-01-17T10:19:58Z</time></trkpt><trkpt lat="43.594883" lon="3.353737"><ele>244.215</ele><time>2021-01-17T10:20:01Z</time></trkpt><trkpt lat="43.594876" lon="3.353761"><ele>243.871</ele><time>2021-01-17T10:20:02Z</time></trkpt><trkpt lat="43.594847" lon="3.353805"><ele>243.038</ele><time>2021-01-17T10:20:04Z</time></trkpt><trkpt lat="43.594824" lon="3.353848"><ele>242.070</ele><time>2021-01-17T10:20:06Z</time></trkpt><trkpt lat="43.594811" lon="3.353870"><ele>241.617</ele><time>2021-01-17T10:20:07Z</time></trkpt><trkpt lat="43.594782" lon="3.353924"><ele>240.608</ele><time>2021-01-17T10:20:09Z</time></trkpt><trkpt lat="43.594759" lon="3.354004"><ele>239.449</ele><time>2021-01-17T10:20:12Z</time></trkpt><trkpt lat="43.594743" lon="3.354039"><ele>238.637</ele><time>2021-01-17T10:20:14Z</time></trkpt><trkpt lat="43.594736" lon="3.354053"><ele>238.213</ele><time>2021-01-17T10:20:15Z</time></trkpt><trkpt lat="43.594715" lon="3.354104"><ele>237.241</ele><time>2021-01-17T10:20:18Z</time></trkpt><trkpt lat="43.594693" lon="3.354167"><ele>236.061</ele><time>2021-01-17T10:20:21Z</time></trkpt><trkpt lat="43.594685" lon="3.354186"><ele>235.680</ele><time>2021-01-17T10:20:22Z</time></trkpt><trkpt lat="43.594664" lon="3.354269"><ele>234.686</ele><time>2021-01-17T10:20:25Z</time></trkpt><trkpt lat="43.594645" lon="3.354357"><ele>233.622</ele><time>2021-01-17T10:20:28Z</time></trkpt><trkpt lat="43.594616" lon="3.354460"><ele>232.446</ele><time>2021-01-17T10:20:31Z</time></trkpt><trkpt lat="43.594603" lon="3.354543"><ele>231.288</ele><time>2021-01-17T10:20:33Z</time></trkpt><trkpt lat="43.594592" lon="3.354582"><ele>230.816</ele><time>2021-01-17T10:20:34Z</time></trkpt><trkpt lat="43.594579" lon="3.354619"><ele>230.208</ele><time>2021-01-17T10:20:35Z</time></trkpt><trkpt lat="43.594564" lon="3.354749"><ele>228.850</ele><time>2021-01-17T10:20:38Z</time></trkpt><trkpt lat="43.594561" lon="3.354836"><ele>228.038</ele><time>2021-01-17T10:20:40Z</time></trkpt><trkpt lat="43.594559" lon="3.354879"><ele>227.884</ele><time>2021-01-17T10:20:41Z</time></trkpt><trkpt lat="43.594522" lon="3.355026"><ele>226.662</ele><time>2021-01-17T10:20:45Z</time></trkpt><trkpt lat="43.594501" lon="3.355124"><ele>225.482</ele><time>2021-01-17T10:20:48Z</time></trkpt><trkpt lat="43.594470" lon="3.355203"><ele>224.431</ele><time>2021-01-17T10:20:51Z</time></trkpt><trkpt lat="43.594455" lon="3.355222"><ele>224.257</ele><time>2021-01-17T10:20:52Z</time></trkpt><trkpt lat="43.594432" lon="3.355301"><ele>223.043</ele><time>2021-01-17T10:20:55Z</time></trkpt><trkpt lat="43.594411" lon="3.355352"><ele>222.448</ele><time>2021-01-17T10:20:57Z</time></trkpt><trkpt lat="43.594389" lon="3.355393"><ele>221.861</ele><time>2021-01-17T10:20:59Z</time></trkpt><trkpt lat="43.594349" lon="3.355427"><ele>220.417</ele><time>2021-01-17T10:21:02Z</time></trkpt><trkpt lat="43.594313" lon="3.355442"><ele>219.608</ele><time>2021-01-17T10:21:04Z</time></trkpt><trkpt lat="43.594297" lon="3.355456"><ele>219.090</ele><time>2021-01-17T10:21:05Z</time></trkpt><trkpt lat="43.594269" lon="3.355502"><ele>217.848</ele><time>2021-01-17T10:21:07Z</time></trkpt><trkpt lat="43.594238" lon="3.355560"><ele>216.284</ele><time>2021-01-17T10:21:10Z</time></trkpt><trkpt lat="43.594216" lon="3.355596"><ele>215.282</ele><time>2021-01-17T10:21:12Z</time></trkpt><trkpt lat="43.594200" lon="3.355644"><ele>213.812</ele><time>2021-01-17T10:21:14Z</time></trkpt><trkpt lat="43.594180" lon="3.355697"><ele>212.851</ele><time>2021-01-17T10:21:16Z</time></trkpt><trkpt lat="43.594168" lon="3.355724"><ele>212.277</ele><time>2021-01-17T10:21:17Z</time></trkpt><trkpt lat="43.594155" lon="3.355747"><ele>211.433</ele><time>2021-01-17T10:21:18Z</time></trkpt><trkpt lat="43.594120" lon="3.355811"><ele>210.231</ele><time>2021-01-17T10:21:21Z</time></trkpt><trkpt lat="43.594089" lon="3.355875"><ele>209.261</ele><time>2021-01-17T10:21:23Z</time></trkpt><trkpt lat="43.594076" lon="3.355910"><ele>209.007</ele><time>2021-01-17T10:21:24Z</time></trkpt><trkpt lat="43.594041" lon="3.356074"><ele>208.208</ele><time>2021-01-17T10:21:29Z</time></trkpt><trkpt lat="43.594019" lon="3.356144"><ele>207.649</ele><time>2021-01-17T10:21:31Z</time></trkpt><trkpt lat="43.593989" lon="3.356267"><ele>206.417</ele><time>2021-01-17T10:21:34Z</time></trkpt><trkpt lat="43.593964" lon="3.356374"><ele>205.623</ele><time>2021-01-17T10:21:37Z</time></trkpt><trkpt lat="43.593953" lon="3.356402"><ele>205.061</ele><time>2021-01-17T10:21:38Z</time></trkpt><trkpt lat="43.593920" lon="3.356482"><ele>203.871</ele><time>2021-01-17T10:21:41Z</time></trkpt><trkpt lat="43.593893" lon="3.356548"><ele>203.020</ele><time>2021-01-17T10:21:43Z</time></trkpt><trkpt lat="43.593879" lon="3.356573"><ele>202.696</ele><time>2021-01-17T10:21:44Z</time></trkpt><trkpt lat="43.593858" lon="3.356624"><ele>201.472</ele><time>2021-01-17T10:21:46Z</time></trkpt><trkpt lat="43.593842" lon="3.356674"><ele>200.437</ele><time>2021-01-17T10:21:48Z</time></trkpt><trkpt lat="43.593830" lon="3.356697"><ele>200.049</ele><time>2021-01-17T10:21:49Z</time></trkpt><trkpt lat="43.593817" lon="3.356722"><ele>199.413</ele><time>2021-01-17T10:21:50Z</time></trkpt><trkpt lat="43.593801" lon="3.356778"><ele>198.208</ele><time>2021-01-17T10:21:52Z</time></trkpt><trkpt lat="43.593792" lon="3.356833"><ele>197.029</ele><time>2021-01-17T10:21:54Z</time></trkpt><trkpt lat="43.593794" lon="3.356863"><ele>196.657</ele><time>2021-01-17T10:21:55Z</time></trkpt><trkpt lat="43.593786" lon="3.356982"><ele>195.853</ele><time>2021-01-17T10:21:58Z</time></trkpt><trkpt lat="43.593776" lon="3.357101"><ele>194.671</ele><time>2021-01-17T10:22:01Z</time></trkpt><trkpt lat="43.593748" lon="3.357277"><ele>193.281</ele><time>2021-01-17T10:22:05Z</time></trkpt><trkpt lat="43.593742" lon="3.357425"><ele>192.450</ele><time>2021-01-17T10:22:08Z</time></trkpt><trkpt lat="43.593749" lon="3.357621"><ele>192.836</ele><time>2021-01-17T10:22:13Z</time></trkpt><trkpt lat="43.593748" lon="3.357688"><ele>193.052</ele><time>2021-01-17T10:22:15Z</time></trkpt><trkpt lat="43.593735" lon="3.357774"><ele>193.077</ele><time>2021-01-17T10:22:20Z</time></trkpt><trkpt lat="43.593734" lon="3.357773"><ele>193.061</ele><time>2021-01-17T10:22:21Z</time></trkpt><trkpt lat="43.593739" lon="3.357759"><ele>193.227</ele><time>2021-01-17T10:22:29Z</time></trkpt><trkpt lat="43.593743" lon="3.357742"><ele>193.008</ele><time>2021-01-17T10:22:34Z</time></trkpt><trkpt lat="43.593749" lon="3.357684"><ele>192.893</ele><time>2021-01-17T10:22:37Z</time></trkpt><trkpt lat="43.593759" lon="3.357531"><ele>192.671</ele><time>2021-01-17T10:22:41Z</time></trkpt><trkpt lat="43.593759" lon="3.357457"><ele>192.677</ele><time>2021-01-17T10:22:43Z</time></trkpt><trkpt lat="43.593759" lon="3.357387"><ele>192.665</ele><time>2021-01-17T10:22:45Z</time></trkpt><trkpt lat="43.593768" lon="3.357312"><ele>192.415</ele><time>2021-01-17T10:22:47Z</time></trkpt><trkpt lat="43.593779" lon="3.357243"><ele>192.274</ele><time>2021-01-17T10:22:49Z</time></trkpt><trkpt lat="43.593800" lon="3.357086"><ele>192.280</ele><time>2021-01-17T10:22:54Z</time></trkpt><trkpt lat="43.593803" lon="3.357022"><ele>193.416</ele><time>2021-01-17T10:22:57Z</time></trkpt><trkpt lat="43.593816" lon="3.356943"><ele>193.859</ele><time>2021-01-17T10:23:00Z</time></trkpt><trkpt lat="43.593822" lon="3.356847"><ele>194.403</ele><time>2021-01-17T10:23:03Z</time></trkpt><trkpt lat="43.593825" lon="3.356783"><ele>194.823</ele><time>2021-01-17T10:23:05Z</time></trkpt><trkpt lat="43.593838" lon="3.356732"><ele>195.408</ele><time>2021-01-17T10:23:07Z</time></trkpt><trkpt lat="43.593848" lon="3.356699"><ele>196.221</ele><time>2021-01-17T10:23:09Z</time></trkpt><trkpt lat="43.593854" lon="3.356685"><ele>196.819</ele><time>2021-01-17T10:23:10Z</time></trkpt><trkpt lat="43.593858" lon="3.356674"><ele>197.245</ele><time>2021-01-17T10:23:11Z</time></trkpt><trkpt lat="43.593882" lon="3.356636"><ele>197.833</ele><time>2021-01-17T10:23:14Z</time></trkpt><trkpt lat="43.593890" lon="3.356590"><ele>199.043</ele><time>2021-01-17T10:23:18Z</time></trkpt><trkpt lat="43.593894" lon="3.356580"><ele>199.242</ele><time>2021-01-17T10:23:19Z</time></trkpt><trkpt lat="43.593919" lon="3.356534"><ele>200.258</ele><time>2021-01-17T10:23:23Z</time></trkpt><trkpt lat="43.593953" lon="3.356460"><ele>201.284</ele><time>2021-01-17T10:23:28Z</time></trkpt><trkpt lat="43.593989" lon="3.356398"><ele>202.215</ele><time>2021-01-17T10:23:33Z</time></trkpt><trkpt lat="43.593997" lon="3.356381"><ele>202.665</ele><time>2021-01-17T10:23:34Z</time></trkpt><trkpt lat="43.594008" lon="3.356338"><ele>203.411</ele><time>2021-01-17T10:23:37Z</time></trkpt><trkpt lat="43.594027" lon="3.356257"><ele>204.608</ele><time>2021-01-17T10:23:41Z</time></trkpt><trkpt lat="43.594027" lon="3.356236"><ele>204.817</ele><time>2021-01-17T10:23:42Z</time></trkpt><trkpt lat="43.594049" lon="3.356142"><ele>205.275</ele><time>2021-01-17T10:23:47Z</time></trkpt><trkpt lat="43.594055" lon="3.356126"><ele>205.631</ele><time>2021-01-17T10:23:48Z</time></trkpt><trkpt lat="43.594064" lon="3.356108"><ele>205.849</ele><time>2021-01-17T10:23:49Z</time></trkpt><trkpt lat="43.594078" lon="3.356062"><ele>206.639</ele><time>2021-01-17T10:23:52Z</time></trkpt><trkpt lat="43.594088" lon="3.356029"><ele>207.018</ele><time>2021-01-17T10:23:54Z</time></trkpt><trkpt lat="43.594100" lon="3.355945"><ele>207.474</ele><time>2021-01-17T10:23:59Z</time></trkpt><trkpt lat="43.594114" lon="3.355872"><ele>207.460</ele><time>2021-01-17T10:24:03Z</time></trkpt><trkpt lat="43.594152" lon="3.355794"><ele>207.485</ele><time>2021-01-17T10:24:07Z</time></trkpt><trkpt lat="43.594169" lon="3.355763"><ele>207.889</ele><time>2021-01-17T10:24:09Z</time></trkpt><trkpt lat="43.594178" lon="3.355752"><ele>208.217</ele><time>2021-01-17T10:24:10Z</time></trkpt><trkpt lat="43.594203" lon="3.355712"><ele>209.408</ele><time>2021-01-17T10:24:13Z</time></trkpt><trkpt lat="43.594215" lon="3.355697"><ele>209.624</ele><time>2021-01-17T10:24:14Z</time></trkpt><trkpt lat="43.594222" lon="3.355662"><ele>210.432</ele><time>2021-01-17T10:24:16Z</time></trkpt><trkpt lat="43.594231" lon="3.355585"><ele>211.448</ele><time>2021-01-17T10:24:21Z</time></trkpt><trkpt lat="43.594241" lon="3.355566"><ele>212.046</ele><time>2021-01-17T10:24:23Z</time></trkpt><trkpt lat="43.594255" lon="3.355555"><ele>212.476</ele><time>2021-01-17T10:24:25Z</time></trkpt><trkpt lat="43.594258" lon="3.355549"><ele>212.895</ele><time>2021-01-17T10:24:26Z</time></trkpt><trkpt lat="43.594273" lon="3.355532"><ele>213.611</ele><time>2021-01-17T10:24:28Z</time></trkpt><trkpt lat="43.594280" lon="3.355511"><ele>214.277</ele><time>2021-01-17T10:24:30Z</time></trkpt><trkpt lat="43.594286" lon="3.355501"><ele>214.643</ele><time>2021-01-17T10:24:31Z</time></trkpt><trkpt lat="43.594288" lon="3.355478"><ele>215.464</ele><time>2021-01-17T10:24:33Z</time></trkpt><trkpt lat="43.594297" lon="3.355452"><ele>215.610</ele><time>2021-01-17T10:24:35Z</time></trkpt><trkpt lat="43.594329" lon="3.355430"><ele>216.808</ele><time>2021-01-17T10:24:39Z</time></trkpt><trkpt lat="43.594341" lon="3.355427"><ele>217.010</ele><time>2021-01-17T10:24:40Z</time></trkpt><trkpt lat="43.594364" lon="3.355418"><ele>218.088</ele><time>2021-01-17T10:24:43Z</time></trkpt><trkpt lat="43.594392" lon="3.355388"><ele>219.434</ele><time>2021-01-17T10:24:47Z</time></trkpt><trkpt lat="43.594401" lon="3.355378"><ele>219.622</ele><time>2021-01-17T10:24:48Z</time></trkpt><trkpt lat="43.594414" lon="3.355348"><ele>220.022</ele><time>2021-01-17T10:24:50Z</time></trkpt><trkpt lat="43.594435" lon="3.355296"><ele>220.611</ele><time>2021-01-17T10:24:54Z</time></trkpt><trkpt lat="43.594447" lon="3.355224"><ele>221.467</ele><time>2021-01-17T10:24:58Z</time></trkpt><trkpt lat="43.594453" lon="3.355176"><ele>221.833</ele><time>2021-01-17T10:25:01Z</time></trkpt><trkpt lat="43.594457" lon="3.355167"><ele>222.067</ele><time>2021-01-17T10:25:02Z</time></trkpt><trkpt lat="43.594475" lon="3.355140"><ele>222.681</ele><time>2021-01-17T10:25:04Z</time></trkpt><trkpt lat="43.594490" lon="3.355110"><ele>222.819</ele><time>2021-01-17T10:25:06Z</time></trkpt><trkpt lat="43.594493" lon="3.355084"><ele>223.608</ele><time>2021-01-17T10:25:08Z</time></trkpt><trkpt lat="43.594501" lon="3.355053"><ele>223.822</ele><time>2021-01-17T10:25:10Z</time></trkpt><trkpt lat="43.594507" lon="3.355036"><ele>224.050</ele><time>2021-01-17T10:25:11Z</time></trkpt><trkpt lat="43.594536" lon="3.354954"><ele>225.056</ele><time>2021-01-17T10:25:17Z</time></trkpt><trkpt lat="43.594550" lon="3.354907"><ele>225.664</ele><time>2021-01-17T10:25:20Z</time></trkpt><trkpt lat="43.594552" lon="3.354865"><ele>226.084</ele><time>2021-01-17T10:25:23Z</time></trkpt><trkpt lat="43.594555" lon="3.354829"><ele>226.833</ele><time>2021-01-17T10:25:26Z</time></trkpt><trkpt lat="43.594556" lon="3.354810"><ele>227.089</ele><time>2021-01-17T10:25:27Z</time></trkpt><trkpt lat="43.594564" lon="3.354768"><ele>227.615</ele><time>2021-01-17T10:25:32Z</time></trkpt><trkpt lat="43.594566" lon="3.354769"><ele>227.664</ele><time>2021-01-17T10:25:33Z</time></trkpt><trkpt lat="43.594577" lon="3.354759"><ele>227.806</ele><time>2021-01-17T10:25:37Z</time></trkpt><trkpt lat="43.594576" lon="3.354732"><ele>228.016</ele><time>2021-01-17T10:25:39Z</time></trkpt><trkpt lat="43.594577" lon="3.354655"><ele>228.008</ele><time>2021-01-17T10:25:43Z</time></trkpt><trkpt lat="43.594584" lon="3.354626"><ele>228.412</ele><time>2021-01-17T10:25:45Z</time></trkpt><trkpt lat="43.594605" lon="3.354578"><ele>229.040</ele><time>2021-01-17T10:25:48Z</time></trkpt><trkpt lat="43.594614" lon="3.354558"><ele>229.266</ele><time>2021-01-17T10:25:49Z</time></trkpt><trkpt lat="43.594620" lon="3.354500"><ele>229.894</ele><time>2021-01-17T10:25:52Z</time></trkpt><trkpt lat="43.594574" lon="3.354380"><ele>230.024</ele><time>2021-01-17T10:25:58Z</time></trkpt><trkpt lat="43.594566" lon="3.354336"><ele>229.893</ele><time>2021-01-17T10:26:00Z</time></trkpt><trkpt lat="43.594556" lon="3.354300"><ele>229.439</ele><time>2021-01-17T10:26:03Z</time></trkpt><trkpt lat="43.594542" lon="3.354299"><ele>228.635</ele><time>2021-01-17T10:26:06Z</time></trkpt><trkpt lat="43.594529" lon="3.354310"><ele>228.084</ele><time>2021-01-17T10:26:08Z</time></trkpt><trkpt lat="43.594494" lon="3.354347"><ele>226.407</ele><time>2021-01-17T10:26:11Z</time></trkpt><trkpt lat="43.594484" lon="3.354361"><ele>225.817</ele><time>2021-01-17T10:26:12Z</time></trkpt><trkpt lat="43.594479" lon="3.354374"><ele>225.008</ele><time>2021-01-17T10:26:13Z</time></trkpt><trkpt lat="43.594458" lon="3.354402"><ele>224.084</ele><time>2021-01-17T10:26:15Z</time></trkpt><trkpt lat="43.594435" lon="3.354430"><ele>222.472</ele><time>2021-01-17T10:26:18Z</time></trkpt><trkpt lat="43.594430" lon="3.354433"><ele>221.888</ele><time>2021-01-17T10:26:19Z</time></trkpt><trkpt lat="43.594415" lon="3.354423"><ele>221.086</ele><time>2021-01-17T10:26:21Z</time></trkpt><trkpt lat="43.594387" lon="3.354408"><ele>219.826</ele><time>2021-01-17T10:26:23Z</time></trkpt><trkpt lat="43.594372" lon="3.354409"><ele>219.075</ele><time>2021-01-17T10:26:24Z</time></trkpt><trkpt lat="43.594362" lon="3.354412"><ele>218.411</ele><time>2021-01-17T10:26:25Z</time></trkpt><trkpt lat="43.594332" lon="3.354419"><ele>216.687</ele><time>2021-01-17T10:26:27Z</time></trkpt><trkpt lat="43.594295" lon="3.354401"><ele>215.225</ele><time>2021-01-17T10:26:29Z</time></trkpt><trkpt lat="43.594272" lon="3.354396"><ele>214.226</ele><time>2021-01-17T10:26:30Z</time></trkpt><trkpt lat="43.594250" lon="3.354390"><ele>213.008</ele><time>2021-01-17T10:26:31Z</time></trkpt><trkpt lat="43.594229" lon="3.354380"><ele>211.808</ele><time>2021-01-17T10:26:32Z</time></trkpt><trkpt lat="43.594188" lon="3.354361"><ele>209.818</ele><time>2021-01-17T10:26:34Z</time></trkpt><trkpt lat="43.594142" lon="3.354346"><ele>208.056</ele><time>2021-01-17T10:26:36Z</time></trkpt><trkpt lat="43.594101" lon="3.354326"><ele>206.072</ele><time>2021-01-17T10:26:38Z</time></trkpt><trkpt lat="43.594085" lon="3.354314"><ele>205.090</ele><time>2021-01-17T10:26:39Z</time></trkpt><trkpt lat="43.594069" lon="3.354301"><ele>204.460</ele><time>2021-01-17T10:26:40Z</time></trkpt><trkpt lat="43.594033" lon="3.354287"><ele>203.069</ele><time>2021-01-17T10:26:42Z</time></trkpt><trkpt lat="43.593999" lon="3.354282"><ele>201.435</ele><time>2021-01-17T10:26:44Z</time></trkpt><trkpt lat="43.593982" lon="3.354284"><ele>200.451</ele><time>2021-01-17T10:26:45Z</time></trkpt><trkpt lat="43.593965" lon="3.354286"><ele>199.673</ele><time>2021-01-17T10:26:46Z</time></trkpt><trkpt lat="43.593926" lon="3.354283"><ele>198.485</ele><time>2021-01-17T10:26:48Z</time></trkpt><trkpt lat="43.593876" lon="3.354276"><ele>197.013</ele><time>2021-01-17T10:26:50Z</time></trkpt><trkpt lat="43.593852" lon="3.354270"><ele>196.008</ele><time>2021-01-17T10:26:51Z</time></trkpt><trkpt lat="43.593830" lon="3.354271"><ele>195.283</ele><time>2021-01-17T10:26:52Z</time></trkpt><trkpt lat="43.593810" lon="3.354275"><ele>194.421</ele><time>2021-01-17T10:26:53Z</time></trkpt><trkpt lat="43.593771" lon="3.354273"><ele>192.867</ele><time>2021-01-17T10:26:55Z</time></trkpt><trkpt lat="43.593732" lon="3.354265"><ele>191.225</ele><time>2021-01-17T10:26:57Z</time></trkpt><trkpt lat="43.593688" lon="3.354266"><ele>189.875</ele><time>2021-01-17T10:26:59Z</time></trkpt><trkpt lat="43.593641" lon="3.354255"><ele>188.214</ele><time>2021-01-17T10:27:01Z</time></trkpt><trkpt lat="43.593598" lon="3.354244"><ele>186.670</ele><time>2021-01-17T10:27:03Z</time></trkpt><trkpt lat="43.593560" lon="3.354236"><ele>185.026</ele><time>2021-01-17T10:27:05Z</time></trkpt><trkpt lat="43.593533" lon="3.354224"><ele>184.072</ele><time>2021-01-17T10:27:06Z</time></trkpt><trkpt lat="43.593508" lon="3.354215"><ele>183.213</ele><time>2021-01-17T10:27:07Z</time></trkpt><trkpt lat="43.593463" lon="3.354200"><ele>181.814</ele><time>2021-01-17T10:27:09Z</time></trkpt><trkpt lat="43.593399" lon="3.354210"><ele>180.408</ele><time>2021-01-17T10:27:12Z</time></trkpt><trkpt lat="43.593378" lon="3.354212"><ele>180.033</ele><time>2021-01-17T10:27:13Z</time></trkpt><trkpt lat="43.593357" lon="3.354214"><ele>179.291</ele><time>2021-01-17T10:27:14Z</time></trkpt><trkpt lat="43.593318" lon="3.354222"><ele>177.677</ele><time>2021-01-17T10:27:16Z</time></trkpt><trkpt lat="43.593275" lon="3.354220"><ele>176.455</ele><time>2021-01-17T10:27:18Z</time></trkpt><trkpt lat="43.593210" lon="3.354206"><ele>175.215</ele><time>2021-01-17T10:27:21Z</time></trkpt><trkpt lat="43.593184" lon="3.354206"><ele>174.644</ele><time>2021-01-17T10:27:22Z</time></trkpt><trkpt lat="43.593164" lon="3.354206"><ele>174.030</ele><time>2021-01-17T10:27:23Z</time></trkpt><trkpt lat="43.593119" lon="3.354200"><ele>173.076</ele><time>2021-01-17T10:27:25Z</time></trkpt><trkpt lat="43.593058" lon="3.354171"><ele>171.672</ele><time>2021-01-17T10:27:28Z</time></trkpt><trkpt lat="43.593039" lon="3.354158"><ele>170.813</ele><time>2021-01-17T10:27:29Z</time></trkpt><trkpt lat="43.593020" lon="3.354145"><ele>170.214</ele><time>2021-01-17T10:27:30Z</time></trkpt><trkpt lat="43.592980" lon="3.354122"><ele>169.008</ele><time>2021-01-17T10:27:32Z</time></trkpt><trkpt lat="43.592908" lon="3.354102"><ele>167.813</ele><time>2021-01-17T10:27:35Z</time></trkpt><trkpt lat="43.592859" lon="3.354112"><ele>166.891</ele><time>2021-01-17T10:27:37Z</time></trkpt><trkpt lat="43.592812" lon="3.354116"><ele>165.617</ele><time>2021-01-17T10:27:39Z</time></trkpt><trkpt lat="43.592754" lon="3.354109"><ele>164.445</ele><time>2021-01-17T10:27:41Z</time></trkpt><trkpt lat="43.592726" lon="3.354105"><ele>163.815</ele><time>2021-01-17T10:27:42Z</time></trkpt><trkpt lat="43.592702" lon="3.354100"><ele>163.464</ele><time>2021-01-17T10:27:43Z</time></trkpt><trkpt lat="43.592674" lon="3.354093"><ele>162.820</ele><time>2021-01-17T10:27:44Z</time></trkpt><trkpt lat="43.592627" lon="3.354080"><ele>162.036</ele><time>2021-01-17T10:27:46Z</time></trkpt><trkpt lat="43.592564" lon="3.354063"><ele>160.844</ele><time>2021-01-17T10:27:49Z</time></trkpt><trkpt lat="43.592502" lon="3.354037"><ele>159.605</ele><time>2021-01-17T10:27:52Z</time></trkpt><trkpt lat="43.592480" lon="3.354026"><ele>159.015</ele><time>2021-01-17T10:27:53Z</time></trkpt><trkpt lat="43.592462" lon="3.354006"><ele>158.608</ele><time>2021-01-17T10:27:54Z</time></trkpt><trkpt lat="43.592409" lon="3.353973"><ele>157.480</ele><time>2021-01-17T10:27:57Z</time></trkpt><trkpt lat="43.592388" lon="3.353967"><ele>157.218</ele><time>2021-01-17T10:27:58Z</time></trkpt><trkpt lat="43.592352" lon="3.353942"><ele>156.244</ele><time>2021-01-17T10:28:00Z</time></trkpt><trkpt lat="43.592283" lon="3.353906"><ele>155.082</ele><time>2021-01-17T10:28:03Z</time></trkpt><trkpt lat="43.592243" lon="3.353895"><ele>153.882</ele><time>2021-01-17T10:28:05Z</time></trkpt><trkpt lat="43.592207" lon="3.353868"><ele>152.651</ele><time>2021-01-17T10:28:07Z</time></trkpt><trkpt lat="43.592145" lon="3.353841"><ele>151.427</ele><time>2021-01-17T10:28:10Z</time></trkpt><trkpt lat="43.592101" lon="3.353810"><ele>150.883</ele><time>2021-01-17T10:28:12Z</time></trkpt><trkpt lat="43.592079" lon="3.353788"><ele>150.292</ele><time>2021-01-17T10:28:13Z</time></trkpt><trkpt lat="43.592014" lon="3.353735"><ele>149.073</ele><time>2021-01-17T10:28:16Z</time></trkpt><trkpt lat="43.591944" lon="3.353713"><ele>148.020</ele><time>2021-01-17T10:28:19Z</time></trkpt><trkpt lat="43.591859" lon="3.353651"><ele>146.808</ele><time>2021-01-17T10:28:23Z</time></trkpt><trkpt lat="43.591825" lon="3.353614"><ele>146.295</ele><time>2021-01-17T10:28:25Z</time></trkpt><trkpt lat="43.591814" lon="3.353598"><ele>146.013</ele><time>2021-01-17T10:28:26Z</time></trkpt><trkpt lat="43.591805" lon="3.353579"><ele>145.849</ele><time>2021-01-17T10:28:27Z</time></trkpt><trkpt lat="43.591750" lon="3.353510"><ele>144.667</ele><time>2021-01-17T10:28:30Z</time></trkpt><trkpt lat="43.591660" lon="3.353472"><ele>143.287</ele><time>2021-01-17T10:28:33Z</time></trkpt><trkpt lat="43.591563" lon="3.353467"><ele>142.056</ele><time>2021-01-17T10:28:36Z</time></trkpt><trkpt lat="43.591534" lon="3.353473"><ele>141.692</ele><time>2021-01-17T10:28:37Z</time></trkpt><trkpt lat="43.591468" lon="3.353519"><ele>140.888</ele><time>2021-01-17T10:28:40Z</time></trkpt><trkpt lat="43.591410" lon="3.353582"><ele>140.211</ele><time>2021-01-17T10:28:43Z</time></trkpt><trkpt lat="43.591366" lon="3.353634"><ele>139.821</ele><time>2021-01-17T10:28:45Z</time></trkpt><trkpt lat="43.591283" lon="3.353735"><ele>138.803</ele><time>2021-01-17T10:28:49Z</time></trkpt><trkpt lat="43.591216" lon="3.353801"><ele>137.808</ele><time>2021-01-17T10:28:52Z</time></trkpt><trkpt lat="43.591197" lon="3.353830"><ele>137.697</ele><time>2021-01-17T10:28:53Z</time></trkpt><trkpt lat="43.591067" lon="3.353961"><ele>136.885</ele><time>2021-01-17T10:28:59Z</time></trkpt><trkpt lat="43.591015" lon="3.353989"><ele>136.681</ele><time>2021-01-17T10:29:01Z</time></trkpt><trkpt lat="43.590880" lon="3.354036"><ele>135.439</ele><time>2021-01-17T10:29:06Z</time></trkpt><trkpt lat="43.590855" lon="3.354049"><ele>135.249</ele><time>2021-01-17T10:29:07Z</time></trkpt><trkpt lat="43.590773" lon="3.354103"><ele>134.298</ele><time>2021-01-17T10:29:10Z</time></trkpt><trkpt lat="43.590649" lon="3.354211"><ele>133.064</ele><time>2021-01-17T10:29:15Z</time></trkpt><trkpt lat="43.590569" lon="3.354286"><ele>132.050</ele><time>2021-01-17T10:29:18Z</time></trkpt><trkpt lat="43.590490" lon="3.354344"><ele>131.071</ele><time>2021-01-17T10:29:21Z</time></trkpt><trkpt lat="43.590436" lon="3.354371"><ele>130.241</ele><time>2021-01-17T10:29:23Z</time></trkpt><trkpt lat="43.590408" lon="3.354379"><ele>129.815</ele><time>2021-01-17T10:29:24Z</time></trkpt><trkpt lat="43.590241" lon="3.354402"><ele>129.208</ele><time>2021-01-17T10:29:30Z</time></trkpt><trkpt lat="43.590077" lon="3.354510"><ele>129.053</ele><time>2021-01-17T10:29:36Z</time></trkpt><trkpt lat="43.590033" lon="3.354557"><ele>128.661</ele><time>2021-01-17T10:29:38Z</time></trkpt><trkpt lat="43.589917" lon="3.354722"><ele>128.027</ele><time>2021-01-17T10:29:44Z</time></trkpt><trkpt lat="43.589845" lon="3.354827"><ele>127.675</ele><time>2021-01-17T10:29:48Z</time></trkpt><trkpt lat="43.589752" lon="3.354985"><ele>127.255</ele><time>2021-01-17T10:29:53Z</time></trkpt><trkpt lat="43.589655" lon="3.355214"><ele>127.014</ele><time>2021-01-17T10:30:00Z</time></trkpt><trkpt lat="43.589634" lon="3.355277"><ele>126.840</ele><time>2021-01-17T10:30:02Z</time></trkpt><trkpt lat="43.589615" lon="3.355346"><ele>126.686</ele><time>2021-01-17T10:30:04Z</time></trkpt><trkpt lat="43.589547" lon="3.355605"><ele>126.418</ele><time>2021-01-17T10:30:11Z</time></trkpt><trkpt lat="43.589522" lon="3.355758"><ele>125.498</ele><time>2021-01-17T10:30:16Z</time></trkpt><trkpt lat="43.589504" lon="3.355775"><ele>125.217</ele><time>2021-01-17T10:30:17Z</time></trkpt><trkpt lat="43.589364" lon="3.355898"><ele>124.408</ele><time>2021-01-17T10:30:23Z</time></trkpt><trkpt lat="43.589262" lon="3.356099"><ele>123.447</ele><time>2021-01-17T10:30:29Z</time></trkpt><trkpt lat="43.589193" lon="3.356242"><ele>122.695</ele><time>2021-01-17T10:30:34Z</time></trkpt><trkpt lat="43.589181" lon="3.356249"><ele>122.631</ele><time>2021-01-17T10:30:35Z</time></trkpt><trkpt lat="43.589168" lon="3.356241"><ele>122.489</ele><time>2021-01-17T10:30:38Z</time></trkpt><trkpt lat="43.589168" lon="3.356240"><ele>122.219</ele><time>2021-01-17T10:30:39Z</time></trkpt><trkpt lat="43.589170" lon="3.356246"><ele>122.238</ele><time>2021-01-17T10:30:45Z</time></trkpt><trkpt lat="43.589176" lon="3.356249"><ele>122.254</ele><time>2021-01-17T10:30:54Z</time></trkpt><trkpt lat="43.589176" lon="3.356249"><ele>122.280</ele><time>2021-01-17T10:30:57Z</time></trkpt><trkpt lat="43.589176" lon="3.356249"><ele>122.236</ele><time>2021-01-17T10:31:00Z</time></trkpt><trkpt lat="43.589176" lon="3.356249"><ele>122.217</ele><time>2021-01-17T10:31:02Z</time></trkpt><trkpt lat="43.589176" lon="3.356249"><ele>122.218</ele><time>2021-01-17T10:31:04Z</time></trkpt><trkpt lat="43.589180" lon="3.356251"><ele>122.208</ele><time>2021-01-17T10:31:10Z</time></trkpt><trkpt lat="43.589165" lon="3.356311"><ele>122.279</ele><time>2021-01-17T10:31:13Z</time></trkpt><trkpt lat="43.589112" lon="3.356440"><ele>122.267</ele><time>2021-01-17T10:31:17Z</time></trkpt><trkpt lat="43.589105" lon="3.356466"><ele>122.293</ele><time>2021-01-17T10:31:18Z</time></trkpt><trkpt lat="43.589088" lon="3.356510"><ele>122.281</ele><time>2021-01-17T10:31:20Z</time></trkpt><trkpt lat="43.589057" lon="3.356553"><ele>122.481</ele><time>2021-01-17T10:31:22Z</time></trkpt><trkpt lat="43.589026" lon="3.356616"><ele>122.410</ele><time>2021-01-17T10:31:24Z</time></trkpt><trkpt lat="43.588993" lon="3.356680"><ele>122.276</ele><time>2021-01-17T10:31:26Z</time></trkpt><trkpt lat="43.588943" lon="3.356763"><ele>122.042</ele><time>2021-01-17T10:31:29Z</time></trkpt><trkpt lat="43.588901" lon="3.356795"><ele>121.862</ele><time>2021-01-17T10:31:31Z</time></trkpt><trkpt lat="43.588788" lon="3.356827"><ele>121.283</ele><time>2021-01-17T10:31:35Z</time></trkpt><trkpt lat="43.588735" lon="3.356859"><ele>121.211</ele><time>2021-01-17T10:31:37Z</time></trkpt><trkpt lat="43.588689" lon="3.356905"><ele>121.208</ele><time>2021-01-17T10:31:39Z</time></trkpt><trkpt lat="43.588628" lon="3.357024"><ele>121.472</ele><time>2021-01-17T10:31:43Z</time></trkpt><trkpt lat="43.588505" lon="3.357234"><ele>121.460</ele><time>2021-01-17T10:31:50Z</time></trkpt><trkpt lat="43.588440" lon="3.357405"><ele>121.276</ele><time>2021-01-17T10:31:55Z</time></trkpt><trkpt lat="43.588385" lon="3.357492"><ele>121.084</ele><time>2021-01-17T10:31:58Z</time></trkpt><trkpt lat="43.588254" lon="3.357669"><ele>121.024</ele><time>2021-01-17T10:32:04Z</time></trkpt><trkpt lat="43.588095" lon="3.357779"><ele>120.623</ele><time>2021-01-17T10:32:10Z</time></trkpt><trkpt lat="43.587980" lon="3.357927"><ele>120.669</ele><time>2021-01-17T10:32:16Z</time></trkpt><trkpt lat="43.587850" lon="3.358099"><ele>120.615</ele><time>2021-01-17T10:32:23Z</time></trkpt><trkpt lat="43.587832" lon="3.358122"><ele>120.822</ele><time>2021-01-17T10:32:24Z</time></trkpt><trkpt lat="43.587686" lon="3.358237"><ele>121.662</ele><time>2021-01-17T10:32:31Z</time></trkpt><trkpt lat="43.587674" lon="3.358233"><ele>121.608</ele><time>2021-01-17T10:32:32Z</time></trkpt><trkpt lat="43.587653" lon="3.358178"><ele>122.208</ele><time>2021-01-17T10:32:35Z</time></trkpt><trkpt lat="43.587643" lon="3.358154"><ele>122.478</ele><time>2021-01-17T10:32:36Z</time></trkpt><trkpt lat="43.587584" lon="3.358040"><ele>123.666</ele><time>2021-01-17T10:32:40Z</time></trkpt><trkpt lat="43.587532" lon="3.357959"><ele>124.222</ele><time>2021-01-17T10:32:43Z</time></trkpt><trkpt lat="43.587495" lon="3.357881"><ele>124.870</ele><time>2021-01-17T10:32:46Z</time></trkpt><trkpt lat="43.587461" lon="3.357813"><ele>126.050</ele><time>2021-01-17T10:32:49Z</time></trkpt><trkpt lat="43.587448" lon="3.357791"><ele>126.489</ele><time>2021-01-17T10:32:50Z</time></trkpt><trkpt lat="43.587393" lon="3.357701"><ele>127.035</ele><time>2021-01-17T10:32:54Z</time></trkpt><trkpt lat="43.587364" lon="3.357651"><ele>127.091</ele><time>2021-01-17T10:32:56Z</time></trkpt><trkpt lat="43.587295" lon="3.357527"><ele>127.277</ele><time>2021-01-17T10:33:01Z</time></trkpt><trkpt lat="43.587284" lon="3.357502"><ele>127.461</ele><time>2021-01-17T10:33:02Z</time></trkpt><trkpt lat="43.587223" lon="3.357377"><ele>128.027</ele><time>2021-01-17T10:33:07Z</time></trkpt><trkpt lat="43.587211" lon="3.357354"><ele>128.208</ele><time>2021-01-17T10:33:08Z</time></trkpt><trkpt lat="43.587158" lon="3.357240"><ele>128.823</ele><time>2021-01-17T10:33:13Z</time></trkpt><trkpt lat="43.587130" lon="3.357168"><ele>129.671</ele><time>2021-01-17T10:33:17Z</time></trkpt><trkpt lat="43.587124" lon="3.357145"><ele>130.067</ele><time>2021-01-17T10:33:19Z</time></trkpt><trkpt lat="43.587118" lon="3.357095"><ele>130.455</ele><time>2021-01-17T10:33:23Z</time></trkpt><trkpt lat="43.587113" lon="3.357061"><ele>130.675</ele><time>2021-01-17T10:33:25Z</time></trkpt><trkpt lat="43.587109" lon="3.357046"><ele>130.614</ele><time>2021-01-17T10:33:26Z</time></trkpt><trkpt lat="43.587109" lon="3.357027"><ele>130.890</ele><time>2021-01-17T10:33:27Z</time></trkpt><trkpt lat="43.587126" lon="3.356982"><ele>131.676</ele><time>2021-01-17T10:33:31Z</time></trkpt><trkpt lat="43.587133" lon="3.356970"><ele>131.889</ele><time>2021-01-17T10:33:32Z</time></trkpt><trkpt lat="43.587153" lon="3.356941"><ele>132.006</ele><time>2021-01-17T10:33:34Z</time></trkpt><trkpt lat="43.587218" lon="3.356830"><ele>132.626</ele><time>2021-01-17T10:33:40Z</time></trkpt><trkpt lat="43.587218" lon="3.356817"><ele>132.608</ele><time>2021-01-17T10:33:41Z</time></trkpt><trkpt lat="43.587220" lon="3.356780"><ele>132.824</ele><time>2021-01-17T10:33:44Z</time></trkpt><trkpt lat="43.587245" lon="3.356724"><ele>133.012</ele><time>2021-01-17T10:33:47Z</time></trkpt><trkpt lat="43.587244" lon="3.356680"><ele>132.898</ele><time>2021-01-17T10:33:49Z</time></trkpt><trkpt lat="43.587244" lon="3.356660"><ele>132.866</ele><time>2021-01-17T10:33:50Z</time></trkpt><trkpt lat="43.587249" lon="3.356622"><ele>133.016</ele><time>2021-01-17T10:33:52Z</time></trkpt><trkpt lat="43.587243" lon="3.356576"><ele>133.625</ele><time>2021-01-17T10:33:55Z</time></trkpt><trkpt lat="43.587252" lon="3.356537"><ele>133.851</ele><time>2021-01-17T10:33:57Z</time></trkpt><trkpt lat="43.587258" lon="3.356505"><ele>134.287</ele><time>2021-01-17T10:33:59Z</time></trkpt><trkpt lat="43.587272" lon="3.356467"><ele>134.435</ele><time>2021-01-17T10:34:01Z</time></trkpt><trkpt lat="43.587333" lon="3.356341"><ele>134.686</ele><time>2021-01-17T10:34:07Z</time></trkpt><trkpt lat="43.587349" lon="3.356293"><ele>134.614</ele><time>2021-01-17T10:34:10Z</time></trkpt><trkpt lat="43.587357" lon="3.356247"><ele>134.808</ele><time>2021-01-17T10:34:12Z</time></trkpt><trkpt lat="43.587367" lon="3.356215"><ele>135.079</ele><time>2021-01-17T10:34:14Z</time></trkpt><trkpt lat="43.587379" lon="3.356186"><ele>135.037</ele><time>2021-01-17T10:34:16Z</time></trkpt><trkpt lat="43.587417" lon="3.356138"><ele>135.053</ele><time>2021-01-17T10:34:18Z</time></trkpt><trkpt lat="43.587530" lon="3.355976"><ele>135.461</ele><time>2021-01-17T10:34:24Z</time></trkpt><trkpt lat="43.587608" lon="3.355870"><ele>135.871</ele><time>2021-01-17T10:34:29Z</time></trkpt><trkpt lat="43.587724" lon="3.355697"><ele>136.050</ele><time>2021-01-17T10:34:36Z</time></trkpt><trkpt lat="43.587804" lon="3.355503"><ele>136.666</ele><time>2021-01-17T10:34:43Z</time></trkpt><trkpt lat="43.587832" lon="3.355419"><ele>137.092</ele><time>2021-01-17T10:34:46Z</time></trkpt><trkpt lat="43.587880" lon="3.355309"><ele>137.617</ele><time>2021-01-17T10:34:50Z</time></trkpt><trkpt lat="43.587908" lon="3.355248"><ele>138.087</ele><time>2021-01-17T10:34:52Z</time></trkpt><trkpt lat="43.587965" lon="3.355106"><ele>138.415</ele><time>2021-01-17T10:34:57Z</time></trkpt><trkpt lat="43.588072" lon="3.354910"><ele>138.608</ele><time>2021-01-17T10:35:04Z</time></trkpt><trkpt lat="43.588210" lon="3.354745"><ele>138.077</ele><time>2021-01-17T10:35:11Z</time></trkpt><trkpt lat="43.588270" lon="3.354629"><ele>137.815</ele><time>2021-01-17T10:35:16Z</time></trkpt><trkpt lat="43.588303" lon="3.354492"><ele>138.451</ele><time>2021-01-17T10:35:21Z</time></trkpt><trkpt lat="43.588318" lon="3.354440"><ele>139.029</ele><time>2021-01-17T10:35:23Z</time></trkpt><trkpt lat="43.588335" lon="3.354337"><ele>139.829</ele><time>2021-01-17T10:35:27Z</time></trkpt><trkpt lat="43.588349" lon="3.354294"><ele>140.228</ele><time>2021-01-17T10:35:29Z</time></trkpt><trkpt lat="43.588373" lon="3.354232"><ele>141.444</ele><time>2021-01-17T10:35:33Z</time></trkpt><trkpt lat="43.588368" lon="3.354185"><ele>142.470</ele><time>2021-01-17T10:35:36Z</time></trkpt><trkpt lat="43.588369" lon="3.354123"><ele>143.464</ele><time>2021-01-17T10:35:40Z</time></trkpt><trkpt lat="43.588372" lon="3.354109"><ele>143.606</ele><time>2021-01-17T10:35:41Z</time></trkpt><trkpt lat="43.588375" lon="3.354074"><ele>144.016</ele><time>2021-01-17T10:35:44Z</time></trkpt><trkpt lat="43.588369" lon="3.354046"><ele>144.608</ele><time>2021-01-17T10:35:46Z</time></trkpt><trkpt lat="43.588369" lon="3.354031"><ele>144.822</ele><time>2021-01-17T10:35:47Z</time></trkpt><trkpt lat="43.588378" lon="3.354003"><ele>145.640</ele><time>2021-01-17T10:35:49Z</time></trkpt><trkpt lat="43.588398" lon="3.353972"><ele>146.616</ele><time>2021-01-17T10:35:52Z</time></trkpt><trkpt lat="43.588397" lon="3.353948"><ele>146.854</ele><time>2021-01-17T10:35:53Z</time></trkpt><trkpt lat="43.588410" lon="3.353891"><ele>147.634</ele><time>2021-01-17T10:35:56Z</time></trkpt><trkpt lat="43.588415" lon="3.353884"><ele>148.093</ele><time>2021-01-17T10:35:57Z</time></trkpt><trkpt lat="43.588413" lon="3.353862"><ele>148.889</ele><time>2021-01-17T10:35:59Z</time></trkpt><trkpt lat="43.588411" lon="3.353852"><ele>149.275</ele><time>2021-01-17T10:36:00Z</time></trkpt><trkpt lat="43.588412" lon="3.353838"><ele>149.659</ele><time>2021-01-17T10:36:01Z</time></trkpt><trkpt lat="43.588415" lon="3.353814"><ele>150.203</ele><time>2021-01-17T10:36:03Z</time></trkpt><trkpt lat="43.588414" lon="3.353779"><ele>151.223</ele><time>2021-01-17T10:36:06Z</time></trkpt><trkpt lat="43.588418" lon="3.353755"><ele>152.008</ele><time>2021-01-17T10:36:08Z</time></trkpt><trkpt lat="43.588417" lon="3.353744"><ele>152.681</ele><time>2021-01-17T10:36:09Z</time></trkpt><trkpt lat="43.588419" lon="3.353715"><ele>153.889</ele><time>2021-01-17T10:36:12Z</time></trkpt><trkpt lat="43.588415" lon="3.353697"><ele>154.825</ele><time>2021-01-17T10:36:14Z</time></trkpt><trkpt lat="43.588403" lon="3.353674"><ele>155.453</ele><time>2021-01-17T10:36:16Z</time></trkpt><trkpt lat="43.588400" lon="3.353667"><ele>155.893</ele><time>2021-01-17T10:36:17Z</time></trkpt><trkpt lat="43.588388" lon="3.353656"><ele>156.492</ele><time>2021-01-17T10:36:19Z</time></trkpt><trkpt lat="43.588387" lon="3.353642"><ele>156.868</ele><time>2021-01-17T10:36:21Z</time></trkpt><trkpt lat="43.588378" lon="3.353637"><ele>157.234</ele><time>2021-01-17T10:36:22Z</time></trkpt><trkpt lat="43.588350" lon="3.353633"><ele>158.044</ele><time>2021-01-17T10:36:24Z</time></trkpt><trkpt lat="43.588340" lon="3.353641"><ele>158.405</ele><time>2021-01-17T10:36:25Z</time></trkpt><trkpt lat="43.588313" lon="3.353664"><ele>158.815</ele><time>2021-01-17T10:36:27Z</time></trkpt><trkpt lat="43.588275" lon="3.353690"><ele>159.208</ele><time>2021-01-17T10:36:30Z</time></trkpt><trkpt lat="43.588221" lon="3.353714"><ele>159.860</ele><time>2021-01-17T10:36:34Z</time></trkpt><trkpt lat="43.588182" lon="3.353724"><ele>160.248</ele><time>2021-01-17T10:36:37Z</time></trkpt><trkpt lat="43.588056" lon="3.353739"><ele>161.274</ele><time>2021-01-17T10:36:46Z</time></trkpt><trkpt lat="43.587957" lon="3.353760"><ele>162.432</ele><time>2021-01-17T10:36:52Z</time></trkpt><trkpt lat="43.587920" lon="3.353760"><ele>163.412</ele><time>2021-01-17T10:36:55Z</time></trkpt><trkpt lat="43.587909" lon="3.353759"><ele>163.611</ele><time>2021-01-17T10:36:56Z</time></trkpt><trkpt lat="43.587881" lon="3.353747"><ele>164.887</ele><time>2021-01-17T10:36:59Z</time></trkpt><trkpt lat="43.587867" lon="3.353750"><ele>165.083</ele><time>2021-01-17T10:37:00Z</time></trkpt><trkpt lat="43.587849" lon="3.353775"><ele>165.878</ele><time>2021-01-17T10:37:02Z</time></trkpt><trkpt lat="43.587839" lon="3.353786"><ele>166.033</ele><time>2021-01-17T10:37:03Z</time></trkpt><trkpt lat="43.587782" lon="3.353810"><ele>167.426</ele><time>2021-01-17T10:37:08Z</time></trkpt><trkpt lat="43.587769" lon="3.353814"><ele>167.608</ele><time>2021-01-17T10:37:09Z</time></trkpt><trkpt lat="43.587739" lon="3.353859"><ele>168.493</ele><time>2021-01-17T10:37:12Z</time></trkpt><trkpt lat="43.587718" lon="3.353911"><ele>168.651</ele><time>2021-01-17T10:37:15Z</time></trkpt><trkpt lat="43.587626" lon="3.354147"><ele>168.697</ele><time>2021-01-17T10:37:24Z</time></trkpt><trkpt lat="43.587616" lon="3.354177"><ele>168.435</ele><time>2021-01-17T10:37:25Z</time></trkpt><trkpt lat="43.587557" lon="3.354425"><ele>168.095</ele><time>2021-01-17T10:37:33Z</time></trkpt><trkpt lat="43.587433" lon="3.354593"><ele>167.844</ele><time>2021-01-17T10:37:40Z</time></trkpt><trkpt lat="43.587293" lon="3.354705"><ele>167.810</ele><time>2021-01-17T10:37:46Z</time></trkpt><trkpt lat="43.587247" lon="3.354735"><ele>167.836</ele><time>2021-01-17T10:37:48Z</time></trkpt><trkpt lat="43.587089" lon="3.354897"><ele>167.872</ele><time>2021-01-17T10:37:55Z</time></trkpt><trkpt lat="43.587051" lon="3.354952"><ele>168.013</ele><time>2021-01-17T10:37:57Z</time></trkpt><trkpt lat="43.586971" lon="3.355129"><ele>167.814</ele><time>2021-01-17T10:38:03Z</time></trkpt><trkpt lat="43.586919" lon="3.355336"><ele>167.408</ele><time>2021-01-17T10:38:09Z</time></trkpt><trkpt lat="43.586800" lon="3.355538"><ele>167.453</ele><time>2021-01-17T10:38:16Z</time></trkpt><trkpt lat="43.586660" lon="3.355739"><ele>167.821</ele><time>2021-01-17T10:38:24Z</time></trkpt><trkpt lat="43.586579" lon="3.355845"><ele>167.857</ele><time>2021-01-17T10:38:28Z</time></trkpt><trkpt lat="43.586456" lon="3.355999"><ele>167.635</ele><time>2021-01-17T10:38:34Z</time></trkpt><trkpt lat="43.586329" lon="3.356085"><ele>167.225</ele><time>2021-01-17T10:38:39Z</time></trkpt><trkpt lat="43.586251" lon="3.356123"><ele>167.214</ele><time>2021-01-17T10:38:42Z</time></trkpt><trkpt lat="43.586078" lon="3.356199"><ele>166.420</ele><time>2021-01-17T10:38:49Z</time></trkpt><trkpt lat="43.585934" lon="3.356278"><ele>166.636</ele><time>2021-01-17T10:38:55Z</time></trkpt><trkpt lat="43.585915" lon="3.356297"><ele>166.687</ele><time>2021-01-17T10:38:56Z</time></trkpt><trkpt lat="43.585729" lon="3.356418"><ele>166.442</ele><time>2021-01-17T10:39:04Z</time></trkpt><trkpt lat="43.585710" lon="3.356431"><ele>166.426</ele><time>2021-01-17T10:39:05Z</time></trkpt><trkpt lat="43.585553" lon="3.356511"><ele>166.608</ele><time>2021-01-17T10:39:12Z</time></trkpt><trkpt lat="43.585394" lon="3.356553"><ele>166.674</ele><time>2021-01-17T10:39:19Z</time></trkpt><trkpt lat="43.585228" lon="3.356636"><ele>166.612</ele><time>2021-01-17T10:39:27Z</time></trkpt><trkpt lat="43.585096" lon="3.356675"><ele>166.828</ele><time>2021-01-17T10:39:32Z</time></trkpt><trkpt lat="43.585047" lon="3.356703"><ele>166.886</ele><time>2021-01-17T10:39:34Z</time></trkpt><trkpt lat="43.584902" lon="3.356796"><ele>166.856</ele><time>2021-01-17T10:39:40Z</time></trkpt><trkpt lat="43.584763" lon="3.356924"><ele>166.855</ele><time>2021-01-17T10:39:47Z</time></trkpt><trkpt lat="43.584587" lon="3.357014"><ele>167.411</ele><time>2021-01-17T10:39:54Z</time></trkpt><trkpt lat="43.584568" lon="3.357028"><ele>167.417</ele><time>2021-01-17T10:39:55Z</time></trkpt><trkpt lat="43.584399" lon="3.357130"><ele>167.493</ele><time>2021-01-17T10:40:02Z</time></trkpt><trkpt lat="43.584276" lon="3.357255"><ele>167.865</ele><time>2021-01-17T10:40:09Z</time></trkpt><trkpt lat="43.584146" lon="3.357327"><ele>168.021</ele><time>2021-01-17T10:40:15Z</time></trkpt><trkpt lat="43.584089" lon="3.357355"><ele>168.408</ele><time>2021-01-17T10:40:18Z</time></trkpt><trkpt lat="43.584029" lon="3.357408"><ele>168.855</ele><time>2021-01-17T10:40:21Z</time></trkpt><trkpt lat="43.583884" lon="3.357484"><ele>169.463</ele><time>2021-01-17T10:40:26Z</time></trkpt><trkpt lat="43.583843" lon="3.357528"><ele>169.689</ele><time>2021-01-17T10:40:28Z</time></trkpt><trkpt lat="43.583771" lon="3.357577"><ele>169.637</ele><time>2021-01-17T10:40:31Z</time></trkpt><trkpt lat="43.583676" lon="3.357652"><ele>169.477</ele><time>2021-01-17T10:40:35Z</time></trkpt><trkpt lat="43.583551" lon="3.357812"><ele>169.686</ele><time>2021-01-17T10:40:42Z</time></trkpt><trkpt lat="43.583415" lon="3.357920"><ele>169.672</ele><time>2021-01-17T10:40:48Z</time></trkpt><trkpt lat="43.583268" lon="3.358075"><ele>170.068</ele><time>2021-01-17T10:40:55Z</time></trkpt><trkpt lat="43.583239" lon="3.358090"><ele>170.092</ele><time>2021-01-17T10:40:56Z</time></trkpt><trkpt lat="43.583167" lon="3.358195"><ele>170.473</ele><time>2021-01-17T10:41:00Z</time></trkpt><trkpt lat="43.583145" lon="3.358211"><ele>170.620</ele><time>2021-01-17T10:41:01Z</time></trkpt><trkpt lat="43.582976" lon="3.358325"><ele>170.008</ele><time>2021-01-17T10:41:08Z</time></trkpt><trkpt lat="43.582868" lon="3.358390"><ele>169.425</ele><time>2021-01-17T10:41:13Z</time></trkpt><trkpt lat="43.582813" lon="3.358410"><ele>169.493</ele><time>2021-01-17T10:41:15Z</time></trkpt><trkpt lat="43.582767" lon="3.358442"><ele>169.049</ele><time>2021-01-17T10:41:17Z</time></trkpt><trkpt lat="43.582713" lon="3.358504"><ele>168.647</ele><time>2021-01-17T10:41:20Z</time></trkpt><trkpt lat="43.582658" lon="3.358567"><ele>168.427</ele><time>2021-01-17T10:41:23Z</time></trkpt><trkpt lat="43.582547" lon="3.358614"><ele>168.286</ele><time>2021-01-17T10:41:27Z</time></trkpt><trkpt lat="43.582367" lon="3.358662"><ele>168.092</ele><time>2021-01-17T10:41:33Z</time></trkpt><trkpt lat="43.582347" lon="3.358679"><ele>168.058</ele><time>2021-01-17T10:41:34Z</time></trkpt><trkpt lat="43.582240" lon="3.358795"><ele>168.683</ele><time>2021-01-17T10:41:40Z</time></trkpt><trkpt lat="43.582176" lon="3.358846"><ele>169.025</ele><time>2021-01-17T10:41:43Z</time></trkpt><trkpt lat="43.582149" lon="3.358859"><ele>169.017</ele><time>2021-01-17T10:41:44Z</time></trkpt><trkpt lat="43.582029" lon="3.358986"><ele>169.208</ele><time>2021-01-17T10:41:50Z</time></trkpt><trkpt lat="43.582005" lon="3.359197"><ele>168.014</ele><time>2021-01-17T10:41:56Z</time></trkpt><trkpt lat="43.581956" lon="3.359406"><ele>167.442</ele><time>2021-01-17T10:42:02Z</time></trkpt><trkpt lat="43.581945" lon="3.359436"><ele>167.238</ele><time>2021-01-17T10:42:03Z</time></trkpt><trkpt lat="43.581901" lon="3.359583"><ele>166.226</ele><time>2021-01-17T10:42:07Z</time></trkpt><trkpt lat="43.581865" lon="3.359699"><ele>165.266</ele><time>2021-01-17T10:42:10Z</time></trkpt><trkpt lat="43.581828" lon="3.359850"><ele>163.895</ele><time>2021-01-17T10:42:14Z</time></trkpt><trkpt lat="43.581791" lon="3.359950"><ele>163.261</ele><time>2021-01-17T10:42:17Z</time></trkpt><trkpt lat="43.581756" lon="3.360009"><ele>162.697</ele><time>2021-01-17T10:42:19Z</time></trkpt><trkpt lat="43.581700" lon="3.360101"><ele>161.671</ele><time>2021-01-17T10:42:22Z</time></trkpt><trkpt lat="43.581605" lon="3.360200"><ele>160.441</ele><time>2021-01-17T10:42:26Z</time></trkpt><trkpt lat="43.581578" lon="3.360227"><ele>160.215</ele><time>2021-01-17T10:42:27Z</time></trkpt><trkpt lat="43.581523" lon="3.360319"><ele>159.408</ele><time>2021-01-17T10:42:30Z</time></trkpt><trkpt lat="43.581482" lon="3.360375"><ele>158.873</ele><time>2021-01-17T10:42:32Z</time></trkpt><trkpt lat="43.581408" lon="3.360451"><ele>158.261</ele><time>2021-01-17T10:42:35Z</time></trkpt><trkpt lat="43.581348" lon="3.360529"><ele>157.617</ele><time>2021-01-17T10:42:38Z</time></trkpt><trkpt lat="43.581279" lon="3.360580"><ele>157.045</ele><time>2021-01-17T10:42:41Z</time></trkpt><trkpt lat="43.581240" lon="3.360617"><ele>156.615</ele><time>2021-01-17T10:42:43Z</time></trkpt><trkpt lat="43.581204" lon="3.360659"><ele>155.834</ele><time>2021-01-17T10:42:45Z</time></trkpt><trkpt lat="43.581096" lon="3.360740"><ele>154.450</ele><time>2021-01-17T10:42:50Z</time></trkpt><trkpt lat="43.581024" lon="3.360799"><ele>153.236</ele><time>2021-01-17T10:42:53Z</time></trkpt><trkpt lat="43.580944" lon="3.360874"><ele>152.445</ele><time>2021-01-17T10:42:56Z</time></trkpt><trkpt lat="43.580921" lon="3.360942"><ele>152.047</ele><time>2021-01-17T10:42:58Z</time></trkpt><trkpt lat="43.580908" lon="3.361074"><ele>150.811</ele><time>2021-01-17T10:43:02Z</time></trkpt><trkpt lat="43.580879" lon="3.361150"><ele>149.408</ele><time>2021-01-17T10:43:05Z</time></trkpt><trkpt lat="43.580839" lon="3.361222"><ele>148.220</ele><time>2021-01-17T10:43:08Z</time></trkpt><trkpt lat="43.580822" lon="3.361232"><ele>147.838</ele><time>2021-01-17T10:43:09Z</time></trkpt><trkpt lat="43.580806" lon="3.361227"><ele>147.694</ele><time>2021-01-17T10:43:10Z</time></trkpt><trkpt lat="43.580771" lon="3.361199"><ele>147.052</ele><time>2021-01-17T10:43:12Z</time></trkpt><trkpt lat="43.580751" lon="3.361183"><ele>146.612</ele><time>2021-01-17T10:43:13Z</time></trkpt><trkpt lat="43.580705" lon="3.361143"><ele>145.831</ele><time>2021-01-17T10:43:15Z</time></trkpt><trkpt lat="43.580630" lon="3.361094"><ele>144.887</ele><time>2021-01-17T10:43:19Z</time></trkpt><trkpt lat="43.580563" lon="3.361134"><ele>143.653</ele><time>2021-01-17T10:43:22Z</time></trkpt><trkpt lat="43.580549" lon="3.361158"><ele>143.261</ele><time>2021-01-17T10:43:23Z</time></trkpt><trkpt lat="43.580536" lon="3.361184"><ele>142.621</ele><time>2021-01-17T10:43:24Z</time></trkpt><trkpt lat="43.580517" lon="3.361257"><ele>141.413</ele><time>2021-01-17T10:43:26Z</time></trkpt><trkpt lat="43.580511" lon="3.361363"><ele>140.408</ele><time>2021-01-17T10:43:29Z</time></trkpt><trkpt lat="43.580501" lon="3.361392"><ele>140.282</ele><time>2021-01-17T10:43:30Z</time></trkpt><trkpt lat="43.580523" lon="3.361533"><ele>139.020</ele><time>2021-01-17T10:43:34Z</time></trkpt><trkpt lat="43.580533" lon="3.361568"><ele>138.646</ele><time>2021-01-17T10:43:35Z</time></trkpt><trkpt lat="43.580557" lon="3.361633"><ele>138.064</ele><time>2021-01-17T10:43:37Z</time></trkpt><trkpt lat="43.580561" lon="3.361689"><ele>137.264</ele><time>2021-01-17T10:43:39Z</time></trkpt><trkpt lat="43.580548" lon="3.361711"><ele>136.853</ele><time>2021-01-17T10:43:41Z</time></trkpt><trkpt lat="43.580484" lon="3.361717"><ele>136.249</ele><time>2021-01-17T10:43:45Z</time></trkpt><trkpt lat="43.580459" lon="3.361716"><ele>135.835</ele><time>2021-01-17T10:43:47Z</time></trkpt><trkpt lat="43.580443" lon="3.361709"><ele>135.641</ele><time>2021-01-17T10:43:48Z</time></trkpt><trkpt lat="43.580433" lon="3.361698"><ele>135.481</ele><time>2021-01-17T10:43:49Z</time></trkpt><trkpt lat="43.580412" lon="3.361645"><ele>134.809</ele><time>2021-01-17T10:43:52Z</time></trkpt><trkpt lat="43.580400" lon="3.361616"><ele>134.608</ele><time>2021-01-17T10:43:54Z</time></trkpt><trkpt lat="43.580364" lon="3.361581"><ele>134.050</ele><time>2021-01-17T10:44:00Z</time></trkpt><trkpt lat="43.580338" lon="3.361577"><ele>133.838</ele><time>2021-01-17T10:44:03Z</time></trkpt><trkpt lat="43.580335" lon="3.361578"><ele>133.614</ele><time>2021-01-17T10:44:05Z</time></trkpt><trkpt lat="43.580330" lon="3.361582"><ele>133.462</ele><time>2021-01-17T10:44:06Z</time></trkpt><trkpt lat="43.580298" lon="3.361589"><ele>132.872</ele><time>2021-01-17T10:44:10Z</time></trkpt><trkpt lat="43.580289" lon="3.361599"><ele>132.661</ele><time>2021-01-17T10:44:11Z</time></trkpt><trkpt lat="43.580277" lon="3.361611"><ele>132.467</ele><time>2021-01-17T10:44:12Z</time></trkpt><trkpt lat="43.580247" lon="3.361664"><ele>131.043</ele><time>2021-01-17T10:44:15Z</time></trkpt><trkpt lat="43.580237" lon="3.361709"><ele>130.251</ele><time>2021-01-17T10:44:17Z</time></trkpt><trkpt lat="43.580233" lon="3.361734"><ele>129.801</ele><time>2021-01-17T10:44:18Z</time></trkpt><trkpt lat="43.580208" lon="3.361799"><ele>128.211</ele><time>2021-01-17T10:44:21Z</time></trkpt><trkpt lat="43.580160" lon="3.361861"><ele>127.208</ele><time>2021-01-17T10:44:25Z</time></trkpt><trkpt lat="43.580023" lon="3.361848"><ele>126.071</ele><time>2021-01-17T10:44:31Z</time></trkpt><trkpt lat="43.580003" lon="3.361851"><ele>126.079</ele><time>2021-01-17T10:44:32Z</time></trkpt><trkpt lat="43.579850" lon="3.361881"><ele>125.035</ele><time>2021-01-17T10:44:38Z</time></trkpt><trkpt lat="43.579660" lon="3.361963"><ele>124.423</ele><time>2021-01-17T10:44:45Z</time></trkpt><trkpt lat="43.579606" lon="3.362077"><ele>124.013</ele><time>2021-01-17T10:44:49Z</time></trkpt><trkpt lat="43.579571" lon="3.362127"><ele>123.812</ele><time>2021-01-17T10:44:51Z</time></trkpt><trkpt lat="43.579502" lon="3.362255"><ele>123.018</ele><time>2021-01-17T10:44:56Z</time></trkpt><trkpt lat="43.579479" lon="3.362326"><ele>122.454</ele><time>2021-01-17T10:44:59Z</time></trkpt><trkpt lat="43.579438" lon="3.362455"><ele>121.833</ele><time>2021-01-17T10:45:03Z</time></trkpt><trkpt lat="43.579377" lon="3.362565"><ele>121.023</ele><time>2021-01-17T10:45:07Z</time></trkpt><trkpt lat="43.579352" lon="3.362621"><ele>120.815</ele><time>2021-01-17T10:45:09Z</time></trkpt><trkpt lat="43.579252" lon="3.362778"><ele>120.208</ele><time>2021-01-17T10:45:15Z</time></trkpt><trkpt lat="43.579190" lon="3.362848"><ele>119.869</ele><time>2021-01-17T10:45:18Z</time></trkpt><trkpt lat="43.579084" lon="3.362963"><ele>119.057</ele><time>2021-01-17T10:45:23Z</time></trkpt><trkpt lat="43.579044" lon="3.363008"><ele>118.623</ele><time>2021-01-17T10:45:25Z</time></trkpt><trkpt lat="43.578963" lon="3.363099"><ele>118.041</ele><time>2021-01-17T10:45:29Z</time></trkpt><trkpt lat="43.578887" lon="3.363151"><ele>117.461</ele><time>2021-01-17T10:45:32Z</time></trkpt><trkpt lat="43.578769" lon="3.363216"><ele>116.850</ele><time>2021-01-17T10:45:36Z</time></trkpt><trkpt lat="43.578641" lon="3.363303"><ele>116.216</ele><time>2021-01-17T10:45:41Z</time></trkpt><trkpt lat="43.578521" lon="3.363399"><ele>115.232</ele><time>2021-01-17T10:45:46Z</time></trkpt><trkpt lat="43.578491" lon="3.363486"><ele>114.877</ele><time>2021-01-17T10:45:49Z</time></trkpt><trkpt lat="43.578521" lon="3.363607"><ele>114.061</ele><time>2021-01-17T10:45:53Z</time></trkpt><trkpt lat="43.578615" lon="3.363731"><ele>113.027</ele><time>2021-01-17T10:45:58Z</time></trkpt><trkpt lat="43.578640" lon="3.363755"><ele>112.608</ele><time>2021-01-17T10:45:59Z</time></trkpt><trkpt lat="43.578741" lon="3.363830"><ele>112.053</ele><time>2021-01-17T10:46:04Z</time></trkpt><trkpt lat="43.578758" lon="3.363855"><ele>112.021</ele><time>2021-01-17T10:46:05Z</time></trkpt><trkpt lat="43.578796" lon="3.363902"><ele>112.047</ele><time>2021-01-17T10:46:07Z</time></trkpt><trkpt lat="43.578846" lon="3.364034"><ele>111.215</ele><time>2021-01-17T10:46:11Z</time></trkpt><trkpt lat="43.578861" lon="3.364105"><ele>110.865</ele><time>2021-01-17T10:46:13Z</time></trkpt><trkpt lat="43.578898" lon="3.364341"><ele>110.614</ele><time>2021-01-17T10:46:20Z</time></trkpt><trkpt lat="43.578974" lon="3.364596"><ele>110.080</ele><time>2021-01-17T10:46:27Z</time></trkpt><trkpt lat="43.578989" lon="3.364628"><ele>109.836</ele><time>2021-01-17T10:46:28Z</time></trkpt><trkpt lat="43.579103" lon="3.364841"><ele>109.019</ele><time>2021-01-17T10:46:35Z</time></trkpt><trkpt lat="43.579146" lon="3.364918"><ele>109.009</ele><time>2021-01-17T10:46:38Z</time></trkpt><trkpt lat="43.579187" lon="3.365015"><ele>109.419</ele><time>2021-01-17T10:46:42Z</time></trkpt><trkpt lat="43.579201" lon="3.365090"><ele>110.008</ele><time>2021-01-17T10:46:45Z</time></trkpt><trkpt lat="43.579194" lon="3.365163"><ele>110.837</ele><time>2021-01-17T10:46:48Z</time></trkpt><trkpt lat="43.579174" lon="3.365203"><ele>111.615</ele><time>2021-01-17T10:46:50Z</time></trkpt><trkpt lat="43.579161" lon="3.365221"><ele>111.831</ele><time>2021-01-17T10:46:51Z</time></trkpt><trkpt lat="43.579146" lon="3.365237"><ele>112.239</ele><time>2021-01-17T10:46:52Z</time></trkpt><trkpt lat="43.579089" lon="3.365243"><ele>113.049</ele><time>2021-01-17T10:46:56Z</time></trkpt><trkpt lat="43.578955" lon="3.365191"><ele>112.478</ele><time>2021-01-17T10:47:03Z</time></trkpt><trkpt lat="43.578802" lon="3.365199"><ele>112.014</ele><time>2021-01-17T10:47:09Z</time></trkpt><trkpt lat="43.578693" lon="3.365238"><ele>111.880</ele><time>2021-01-17T10:47:15Z</time></trkpt><trkpt lat="43.578546" lon="3.365261"><ele>111.694</ele><time>2021-01-17T10:47:20Z</time></trkpt><trkpt lat="43.578390" lon="3.365326"><ele>112.057</ele><time>2021-01-17T10:47:27Z</time></trkpt><trkpt lat="43.578200" lon="3.365409"><ele>112.222</ele><time>2021-01-17T10:47:34Z</time></trkpt><trkpt lat="43.578133" lon="3.365498"><ele>112.408</ele><time>2021-01-17T10:47:39Z</time></trkpt><trkpt lat="43.578092" lon="3.365599"><ele>111.675</ele><time>2021-01-17T10:47:45Z</time></trkpt><trkpt lat="43.578087" lon="3.365628"><ele>111.643</ele><time>2021-01-17T10:47:46Z</time></trkpt><trkpt lat="43.578079" lon="3.365750"><ele>112.699</ele><time>2021-01-17T10:47:51Z</time></trkpt><trkpt lat="43.578088" lon="3.365806"><ele>112.647</ele><time>2021-01-17T10:47:54Z</time></trkpt><trkpt lat="43.578098" lon="3.365836"><ele>112.467</ele><time>2021-01-17T10:47:56Z</time></trkpt><trkpt lat="43.578114" lon="3.365862"><ele>112.676</ele><time>2021-01-17T10:47:58Z</time></trkpt><trkpt lat="43.578149" lon="3.365900"><ele>113.212</ele><time>2021-01-17T10:48:01Z</time></trkpt><trkpt lat="43.578206" lon="3.365975"><ele>114.638</ele><time>2021-01-17T10:48:05Z</time></trkpt><trkpt lat="43.578218" lon="3.365986"><ele>114.836</ele><time>2021-01-17T10:48:06Z</time></trkpt><trkpt lat="43.578243" lon="3.366013"><ele>115.617</ele><time>2021-01-17T10:48:10Z</time></trkpt><trkpt lat="43.578248" lon="3.366016"><ele>115.818</ele><time>2021-01-17T10:48:11Z</time></trkpt><trkpt lat="43.578251" lon="3.366019"><ele>116.208</ele><time>2021-01-17T10:48:12Z</time></trkpt><trkpt lat="43.578256" lon="3.366023"><ele>116.649</ele><time>2021-01-17T10:48:13Z</time></trkpt><trkpt lat="43.578263" lon="3.366027"><ele>116.817</ele><time>2021-01-17T10:48:14Z</time></trkpt><trkpt lat="43.578270" lon="3.366036"><ele>116.853</ele><time>2021-01-17T10:48:15Z</time></trkpt><trkpt lat="43.578255" lon="3.366103"><ele>117.071</ele><time>2021-01-17T10:48:18Z</time></trkpt><trkpt lat="43.578210" lon="3.366219"><ele>117.441</ele><time>2021-01-17T10:48:22Z</time></trkpt><trkpt lat="43.578159" lon="3.366340"><ele>117.420</ele><time>2021-01-17T10:48:26Z</time></trkpt><trkpt lat="43.578040" lon="3.366557"><ele>117.446</ele><time>2021-01-17T10:48:34Z</time></trkpt><trkpt lat="43.577895" lon="3.366744"><ele>117.652</ele><time>2021-01-17T10:48:42Z</time></trkpt><trkpt lat="43.577863" lon="3.366788"><ele>117.871</ele><time>2021-01-17T10:48:44Z</time></trkpt><trkpt lat="43.577797" lon="3.366916"><ele>118.441</ele><time>2021-01-17T10:48:49Z</time></trkpt><trkpt lat="43.577758" lon="3.367019"><ele>118.815</ele><time>2021-01-17T10:48:53Z</time></trkpt><trkpt lat="43.577728" lon="3.367203"><ele>119.808</ele><time>2021-01-17T10:48:59Z</time></trkpt><trkpt lat="43.577795" lon="3.367440"><ele>120.653</ele><time>2021-01-17T10:49:07Z</time></trkpt><trkpt lat="43.577856" lon="3.367684"><ele>120.871</ele><time>2021-01-17T10:49:15Z</time></trkpt><trkpt lat="43.577862" lon="3.367712"><ele>120.847</ele><time>2021-01-17T10:49:16Z</time></trkpt><trkpt lat="43.577882" lon="3.367881"><ele>121.075</ele><time>2021-01-17T10:49:22Z</time></trkpt><trkpt lat="43.577931" lon="3.368091"><ele>122.035</ele><time>2021-01-17T10:49:29Z</time></trkpt><trkpt lat="43.577969" lon="3.368216"><ele>123.434</ele><time>2021-01-17T10:49:33Z</time></trkpt><trkpt lat="43.578024" lon="3.368379"><ele>124.240</ele><time>2021-01-17T10:49:39Z</time></trkpt><trkpt lat="43.578033" lon="3.368407"><ele>124.486</ele><time>2021-01-17T10:49:40Z</time></trkpt><trkpt lat="43.578073" lon="3.368600"><ele>125.432</ele><time>2021-01-17T10:49:46Z</time></trkpt><trkpt lat="43.578077" lon="3.368631"><ele>125.492</ele><time>2021-01-17T10:49:47Z</time></trkpt><trkpt lat="43.578113" lon="3.368885"><ele>125.411</ele><time>2021-01-17T10:49:55Z</time></trkpt><trkpt lat="43.578123" lon="3.369078"><ele>124.208</ele><time>2021-01-17T10:50:01Z</time></trkpt><trkpt lat="43.578107" lon="3.369236"><ele>123.499</ele><time>2021-01-17T10:50:06Z</time></trkpt><trkpt lat="43.578105" lon="3.369282"><ele>123.217</ele><time>2021-01-17T10:50:08Z</time></trkpt><trkpt lat="43.578102" lon="3.369335"><ele>123.053</ele><time>2021-01-17T10:50:11Z</time></trkpt><trkpt lat="43.578103" lon="3.369356"><ele>123.071</ele><time>2021-01-17T10:50:12Z</time></trkpt><trkpt lat="43.578126" lon="3.369556"><ele>123.631</ele><time>2021-01-17T10:50:18Z</time></trkpt><trkpt lat="43.578192" lon="3.369798"><ele>124.270</ele><time>2021-01-17T10:50:26Z</time></trkpt><trkpt lat="43.578222" lon="3.369949"><ele>124.226</ele><time>2021-01-17T10:50:31Z</time></trkpt><trkpt lat="43.578245" lon="3.370071"><ele>124.662</ele><time>2021-01-17T10:50:35Z</time></trkpt><trkpt lat="43.578309" lon="3.370312"><ele>124.831</ele><time>2021-01-17T10:50:43Z</time></trkpt><trkpt lat="43.578389" lon="3.370436"><ele>125.461</ele><time>2021-01-17T10:50:48Z</time></trkpt><trkpt lat="43.578422" lon="3.370463"><ele>125.607</ele><time>2021-01-17T10:50:50Z</time></trkpt><trkpt lat="43.578508" lon="3.370527"><ele>126.608</ele><time>2021-01-17T10:50:55Z</time></trkpt><trkpt lat="43.578586" lon="3.370571"><ele>127.279</ele><time>2021-01-17T10:50:59Z</time></trkpt><trkpt lat="43.578639" lon="3.370616"><ele>127.647</ele><time>2021-01-17T10:51:02Z</time></trkpt><trkpt lat="43.578719" lon="3.370711"><ele>128.053</ele><time>2021-01-17T10:51:07Z</time></trkpt><trkpt lat="43.578786" lon="3.370827"><ele>128.871</ele><time>2021-01-17T10:51:12Z</time></trkpt><trkpt lat="43.578858" lon="3.370925"><ele>129.691</ele><time>2021-01-17T10:51:17Z</time></trkpt><trkpt lat="43.578885" lon="3.370972"><ele>129.870</ele><time>2021-01-17T10:51:19Z</time></trkpt><trkpt lat="43.579021" lon="3.371118"><ele>130.856</ele><time>2021-01-17T10:51:27Z</time></trkpt><trkpt lat="43.579042" lon="3.371129"><ele>131.072</ele><time>2021-01-17T10:51:28Z</time></trkpt><trkpt lat="43.579096" lon="3.371185"><ele>131.878</ele><time>2021-01-17T10:51:32Z</time></trkpt><trkpt lat="43.579111" lon="3.371196"><ele>132.033</ele><time>2021-01-17T10:51:33Z</time></trkpt><trkpt lat="43.579247" lon="3.371282"><ele>132.626</ele><time>2021-01-17T10:51:42Z</time></trkpt><trkpt lat="43.579288" lon="3.371299"><ele>133.008</ele><time>2021-01-17T10:51:45Z</time></trkpt><trkpt lat="43.579355" lon="3.371343"><ele>134.463</ele><time>2021-01-17T10:51:51Z</time></trkpt><trkpt lat="43.579380" lon="3.371355"><ele>134.871</ele><time>2021-01-17T10:51:53Z</time></trkpt><trkpt lat="43.579453" lon="3.371379"><ele>135.067</ele><time>2021-01-17T10:51:58Z</time></trkpt><trkpt lat="43.579510" lon="3.371382"><ele>135.035</ele><time>2021-01-17T10:52:02Z</time></trkpt><trkpt lat="43.579652" lon="3.371402"><ele>135.235</ele><time>2021-01-17T10:52:09Z</time></trkpt><trkpt lat="43.579694" lon="3.371411"><ele>135.444</ele><time>2021-01-17T10:52:11Z</time></trkpt><trkpt lat="43.579808" lon="3.371375"><ele>135.640</ele><time>2021-01-17T10:52:16Z</time></trkpt><trkpt lat="43.579938" lon="3.371360"><ele>135.616</ele><time>2021-01-17T10:52:22Z</time></trkpt><trkpt lat="43.580017" lon="3.371374"><ele>135.873</ele><time>2021-01-17T10:52:25Z</time></trkpt><trkpt lat="43.580147" lon="3.371423"><ele>136.085</ele><time>2021-01-17T10:52:32Z</time></trkpt><trkpt lat="43.580292" lon="3.371501"><ele>136.213</ele><time>2021-01-17T10:52:39Z</time></trkpt><trkpt lat="43.580332" lon="3.371517"><ele>136.408</ele><time>2021-01-17T10:52:41Z</time></trkpt><trkpt lat="43.580455" lon="3.371593"><ele>137.293</ele><time>2021-01-17T10:52:47Z</time></trkpt><trkpt lat="43.580475" lon="3.371602"><ele>137.431</ele><time>2021-01-17T10:52:48Z</time></trkpt><trkpt lat="43.580577" lon="3.371641"><ele>138.467</ele><time>2021-01-17T10:52:53Z</time></trkpt><trkpt lat="43.580600" lon="3.371646"><ele>138.625</ele><time>2021-01-17T10:52:54Z</time></trkpt><trkpt lat="43.580748" lon="3.371716"><ele>139.625</ele><time>2021-01-17T10:53:01Z</time></trkpt><trkpt lat="43.580828" lon="3.371801"><ele>140.624</ele><time>2021-01-17T10:53:06Z</time></trkpt><trkpt lat="43.580871" lon="3.371857"><ele>140.680</ele><time>2021-01-17T10:53:09Z</time></trkpt><trkpt lat="43.580929" lon="3.371965"><ele>141.846</ele><time>2021-01-17T10:53:14Z</time></trkpt><trkpt lat="43.580985" lon="3.372051"><ele>142.448</ele><time>2021-01-17T10:53:18Z</time></trkpt><trkpt lat="43.581028" lon="3.372113"><ele>142.861</ele><time>2021-01-17T10:53:21Z</time></trkpt><trkpt lat="43.581124" lon="3.372233"><ele>143.817</ele><time>2021-01-17T10:53:28Z</time></trkpt><trkpt lat="43.581139" lon="3.372247"><ele>143.808</ele><time>2021-01-17T10:53:29Z</time></trkpt><trkpt lat="43.581312" lon="3.372321"><ele>144.830</ele><time>2021-01-17T10:53:38Z</time></trkpt><trkpt lat="43.581367" lon="3.372355"><ele>145.028</ele><time>2021-01-17T10:53:41Z</time></trkpt><trkpt lat="43.581412" lon="3.372392"><ele>146.254</ele><time>2021-01-17T10:53:44Z</time></trkpt><trkpt lat="43.581451" lon="3.372453"><ele>146.842</ele><time>2021-01-17T10:53:47Z</time></trkpt><trkpt lat="43.581554" lon="3.372597"><ele>146.842</ele><time>2021-01-17T10:53:53Z</time></trkpt><trkpt lat="43.581595" lon="3.372647"><ele>146.891</ele><time>2021-01-17T10:53:55Z</time></trkpt><trkpt lat="43.581663" lon="3.372750"><ele>147.287</ele><time>2021-01-17T10:53:59Z</time></trkpt><trkpt lat="43.581681" lon="3.372778"><ele>147.223</ele><time>2021-01-17T10:54:00Z</time></trkpt><trkpt lat="43.581805" lon="3.372878"><ele>147.061</ele><time>2021-01-17T10:54:06Z</time></trkpt><trkpt lat="43.581981" lon="3.372858"><ele>146.221</ele><time>2021-01-17T10:54:13Z</time></trkpt><trkpt lat="43.582145" lon="3.372894"><ele>145.413</ele><time>2021-01-17T10:54:20Z</time></trkpt><trkpt lat="43.582165" lon="3.372916"><ele>145.408</ele><time>2021-01-17T10:54:21Z</time></trkpt><trkpt lat="43.582193" lon="3.372967"><ele>145.212</ele><time>2021-01-17T10:54:23Z</time></trkpt><trkpt lat="43.582185" lon="3.373048"><ele>145.070</ele><time>2021-01-17T10:54:26Z</time></trkpt><trkpt lat="43.582113" lon="3.373176"><ele>145.426</ele><time>2021-01-17T10:54:31Z</time></trkpt><trkpt lat="43.582066" lon="3.373241"><ele>146.214</ele><time>2021-01-17T10:54:34Z</time></trkpt><trkpt lat="43.582004" lon="3.373327"><ele>146.624</ele><time>2021-01-17T10:54:38Z</time></trkpt><trkpt lat="43.581972" lon="3.373552"><ele>146.213</ele><time>2021-01-17T10:54:45Z</time></trkpt><trkpt lat="43.581994" lon="3.373770"><ele>145.289</ele><time>2021-01-17T10:54:51Z</time></trkpt><trkpt lat="43.581999" lon="3.373811"><ele>144.845</ele><time>2021-01-17T10:54:52Z</time></trkpt><trkpt lat="43.582024" lon="3.374068"><ele>144.285</ele><time>2021-01-17T10:54:59Z</time></trkpt><trkpt lat="43.582026" lon="3.374103"><ele>144.089</ele><time>2021-01-17T10:55:00Z</time></trkpt><trkpt lat="43.582012" lon="3.374338"><ele>143.217</ele><time>2021-01-17T10:55:07Z</time></trkpt><trkpt lat="43.582011" lon="3.374371"><ele>143.008</ele><time>2021-01-17T10:55:08Z</time></trkpt><trkpt lat="43.582018" lon="3.374532"><ele>141.694</ele><time>2021-01-17T10:55:12Z</time></trkpt><trkpt lat="43.582037" lon="3.374616"><ele>141.052</ele><time>2021-01-17T10:55:15Z</time></trkpt><trkpt lat="43.582051" lon="3.374648"><ele>140.648</ele><time>2021-01-17T10:55:16Z</time></trkpt><trkpt lat="43.582081" lon="3.374728"><ele>139.626</ele><time>2021-01-17T10:55:19Z</time></trkpt><trkpt lat="43.582087" lon="3.374757"><ele>139.276</ele><time>2021-01-17T10:55:20Z</time></trkpt><trkpt lat="43.582101" lon="3.374839"><ele>138.495</ele><time>2021-01-17T10:55:22Z</time></trkpt><trkpt lat="43.582129" lon="3.374946"><ele>137.281</ele><time>2021-01-17T10:55:25Z</time></trkpt><trkpt lat="43.582178" lon="3.375064"><ele>136.487</ele><time>2021-01-17T10:55:29Z</time></trkpt><trkpt lat="43.582200" lon="3.375095"><ele>136.298</ele><time>2021-01-17T10:55:30Z</time></trkpt><trkpt lat="43.582275" lon="3.375220"><ele>135.015</ele><time>2021-01-17T10:55:34Z</time></trkpt><trkpt lat="43.582308" lon="3.375283"><ele>134.826</ele><time>2021-01-17T10:55:36Z</time></trkpt><trkpt lat="43.582398" lon="3.375483"><ele>134.608</ele><time>2021-01-17T10:55:43Z</time></trkpt><trkpt lat="43.582421" lon="3.375654"><ele>135.635</ele><time>2021-01-17T10:55:49Z</time></trkpt><trkpt lat="43.582430" lon="3.375759"><ele>136.293</ele><time>2021-01-17T10:55:53Z</time></trkpt><trkpt lat="43.582430" lon="3.375848"><ele>137.659</ele><time>2021-01-17T10:55:57Z</time></trkpt><trkpt lat="43.582415" lon="3.375964"><ele>138.677</ele><time>2021-01-17T10:56:03Z</time></trkpt><trkpt lat="43.582403" lon="3.376002"><ele>139.027</ele><time>2021-01-17T10:56:05Z</time></trkpt><trkpt lat="43.582390" lon="3.376036"><ele>139.486</ele><time>2021-01-17T10:56:07Z</time></trkpt><trkpt lat="43.582384" lon="3.376058"><ele>139.612</ele><time>2021-01-17T10:56:08Z</time></trkpt><trkpt lat="43.582361" lon="3.376130"><ele>140.448</ele><time>2021-01-17T10:56:12Z</time></trkpt><trkpt lat="43.582354" lon="3.376147"><ele>140.659</ele><time>2021-01-17T10:56:13Z</time></trkpt><trkpt lat="43.582343" lon="3.376218"><ele>141.803</ele><time>2021-01-17T10:56:17Z</time></trkpt><trkpt lat="43.582334" lon="3.376290"><ele>142.823</ele><time>2021-01-17T10:56:21Z</time></trkpt><trkpt lat="43.582331" lon="3.376309"><ele>143.008</ele><time>2021-01-17T10:56:22Z</time></trkpt><trkpt lat="43.582305" lon="3.376438"><ele>144.061</ele><time>2021-01-17T10:56:28Z</time></trkpt><trkpt lat="43.582285" lon="3.376499"><ele>144.419</ele><time>2021-01-17T10:56:31Z</time></trkpt><trkpt lat="43.582236" lon="3.376603"><ele>145.095</ele><time>2021-01-17T10:56:37Z</time></trkpt><trkpt lat="43.582230" lon="3.376619"><ele>145.493</ele><time>2021-01-17T10:56:38Z</time></trkpt><trkpt lat="43.582177" lon="3.376686"><ele>146.243</ele><time>2021-01-17T10:56:43Z</time></trkpt><trkpt lat="43.582159" lon="3.376713"><ele>146.452</ele><time>2021-01-17T10:56:45Z</time></trkpt><trkpt lat="43.582128" lon="3.376741"><ele>147.048</ele><time>2021-01-17T10:56:48Z</time></trkpt><trkpt lat="43.582117" lon="3.376747"><ele>147.234</ele><time>2021-01-17T10:56:49Z</time></trkpt><trkpt lat="43.582111" lon="3.376760"><ele>147.456</ele><time>2021-01-17T10:56:50Z</time></trkpt><trkpt lat="43.582104" lon="3.376768"><ele>147.659</ele><time>2021-01-17T10:56:51Z</time></trkpt><trkpt lat="43.582085" lon="3.376775"><ele>148.614</ele><time>2021-01-17T10:56:53Z</time></trkpt><trkpt lat="43.582067" lon="3.376769"><ele>149.408</ele><time>2021-01-17T10:56:55Z</time></trkpt><trkpt lat="43.582064" lon="3.376760"><ele>149.821</ele><time>2021-01-17T10:56:56Z</time></trkpt><trkpt lat="43.582059" lon="3.376744"><ele>150.069</ele><time>2021-01-17T10:56:57Z</time></trkpt><trkpt lat="43.582035" lon="3.376689"><ele>150.895</ele><time>2021-01-17T10:57:00Z</time></trkpt><trkpt lat="43.582025" lon="3.376653"><ele>151.243</ele><time>2021-01-17T10:57:02Z</time></trkpt><trkpt lat="43.581967" lon="3.376556"><ele>152.043</ele><time>2021-01-17T10:57:07Z</time></trkpt><trkpt lat="43.581953" lon="3.376525"><ele>152.222</ele><time>2021-01-17T10:57:09Z</time></trkpt><trkpt lat="43.581942" lon="3.376504"><ele>152.648</ele><time>2021-01-17T10:57:11Z</time></trkpt><trkpt lat="43.581920" lon="3.376478"><ele>153.044</ele><time>2021-01-17T10:57:13Z</time></trkpt><trkpt lat="43.581846" lon="3.376423"><ele>154.493</ele><time>2021-01-17T10:57:19Z</time></trkpt><trkpt lat="43.581825" lon="3.376460"><ele>155.065</ele><time>2021-01-17T10:57:23Z</time></trkpt><trkpt lat="43.581836" lon="3.376491"><ele>155.221</ele><time>2021-01-17T10:57:25Z</time></trkpt><trkpt lat="43.581845" lon="3.376528"><ele>155.408</ele><time>2021-01-17T10:57:27Z</time></trkpt><trkpt lat="43.581890" lon="3.376712"><ele>156.425</ele><time>2021-01-17T10:57:36Z</time></trkpt><trkpt lat="43.581905" lon="3.376805"><ele>156.213</ele><time>2021-01-17T10:57:40Z</time></trkpt><trkpt lat="43.581906" lon="3.376849"><ele>156.649</ele><time>2021-01-17T10:57:42Z</time></trkpt><trkpt lat="43.581908" lon="3.376886"><ele>156.637</ele><time>2021-01-17T10:57:44Z</time></trkpt><trkpt lat="43.581912" lon="3.376932"><ele>156.877</ele><time>2021-01-17T10:57:46Z</time></trkpt><trkpt lat="43.581915" lon="3.377000"><ele>157.496</ele><time>2021-01-17T10:57:50Z</time></trkpt><trkpt lat="43.581923" lon="3.377035"><ele>157.632</ele><time>2021-01-17T10:57:52Z</time></trkpt><trkpt lat="43.581924" lon="3.377053"><ele>157.678</ele><time>2021-01-17T10:57:53Z</time></trkpt><trkpt lat="43.581926" lon="3.377164"><ele>158.232</ele><time>2021-01-17T10:57:58Z</time></trkpt><trkpt lat="43.581927" lon="3.377202"><ele>158.692</ele><time>2021-01-17T10:58:00Z</time></trkpt><trkpt lat="43.581930" lon="3.377218"><ele>159.011</ele><time>2021-01-17T10:58:01Z</time></trkpt><trkpt lat="43.581942" lon="3.377289"><ele>159.808</ele><time>2021-01-17T10:58:05Z</time></trkpt><trkpt lat="43.581953" lon="3.377347"><ele>161.059</ele><time>2021-01-17T10:58:09Z</time></trkpt><trkpt lat="43.581954" lon="3.377363"><ele>161.227</ele><time>2021-01-17T10:58:10Z</time></trkpt><trkpt lat="43.581948" lon="3.377427"><ele>161.673</ele><time>2021-01-17T10:58:14Z</time></trkpt><trkpt lat="43.581916" lon="3.377466"><ele>161.881</ele><time>2021-01-17T10:58:17Z</time></trkpt><trkpt lat="43.581870" lon="3.377519"><ele>162.031</ele><time>2021-01-17T10:58:21Z</time></trkpt><trkpt lat="43.581830" lon="3.377585"><ele>163.250</ele><time>2021-01-17T10:58:26Z</time></trkpt><trkpt lat="43.581771" lon="3.377667"><ele>164.236</ele><time>2021-01-17T10:58:32Z</time></trkpt><trkpt lat="43.581756" lon="3.377693"><ele>164.872</ele><time>2021-01-17T10:58:34Z</time></trkpt><trkpt lat="43.581748" lon="3.377704"><ele>165.443</ele><time>2021-01-17T10:58:35Z</time></trkpt><trkpt lat="43.581725" lon="3.377726"><ele>166.464</ele><time>2021-01-17T10:58:38Z</time></trkpt><trkpt lat="43.581715" lon="3.377739"><ele>166.610</ele><time>2021-01-17T10:58:39Z</time></trkpt><trkpt lat="43.581707" lon="3.377752"><ele>166.808</ele><time>2021-01-17T10:58:40Z</time></trkpt><trkpt lat="43.581667" lon="3.377795"><ele>167.680</ele><time>2021-01-17T10:58:44Z</time></trkpt><trkpt lat="43.581613" lon="3.377808"><ele>168.898</ele><time>2021-01-17T10:58:49Z</time></trkpt><trkpt lat="43.581605" lon="3.377815"><ele>169.064</ele><time>2021-01-17T10:58:50Z</time></trkpt><trkpt lat="43.581604" lon="3.377850"><ele>169.822</ele><time>2021-01-17T10:58:52Z</time></trkpt><trkpt lat="43.581615" lon="3.377875"><ele>170.062</ele><time>2021-01-17T10:58:53Z</time></trkpt><trkpt lat="43.581670" lon="3.377994"><ele>170.431</ele><time>2021-01-17T10:58:57Z</time></trkpt><trkpt lat="43.581690" lon="3.378023"><ele>170.497</ele><time>2021-01-17T10:58:58Z</time></trkpt><trkpt lat="43.581780" lon="3.378110"><ele>170.463</ele><time>2021-01-17T10:59:02Z</time></trkpt><trkpt lat="43.581825" lon="3.378142"><ele>170.417</ele><time>2021-01-17T10:59:04Z</time></trkpt><trkpt lat="43.581951" lon="3.378244"><ele>170.287</ele><time>2021-01-17T10:59:10Z</time></trkpt><trkpt lat="43.582004" lon="3.378301"><ele>170.815</ele><time>2021-01-17T10:59:13Z</time></trkpt><trkpt lat="43.582124" lon="3.378490"><ele>171.408</ele><time>2021-01-17T10:59:21Z</time></trkpt><trkpt lat="43.582131" lon="3.378505"><ele>171.457</ele><time>2021-01-17T10:59:22Z</time></trkpt><trkpt lat="43.582137" lon="3.378513"><ele>171.645</ele><time>2021-01-17T10:59:23Z</time></trkpt><trkpt lat="43.582175" lon="3.378573"><ele>171.681</ele><time>2021-01-17T10:59:27Z</time></trkpt><trkpt lat="43.582286" lon="3.378700"><ele>170.899</ele><time>2021-01-17T10:59:33Z</time></trkpt><trkpt lat="43.582389" lon="3.378750"><ele>170.269</ele><time>2021-01-17T10:59:37Z</time></trkpt><trkpt lat="43.582480" lon="3.378800"><ele>169.838</ele><time>2021-01-17T10:59:41Z</time></trkpt><trkpt lat="43.582615" lon="3.378906"><ele>168.684</ele><time>2021-01-17T10:59:47Z</time></trkpt><trkpt lat="43.582643" lon="3.378930"><ele>168.440</ele><time>2021-01-17T10:59:48Z</time></trkpt><trkpt lat="43.582731" lon="3.379022"><ele>167.649</ele><time>2021-01-17T10:59:52Z</time></trkpt><trkpt lat="43.582807" lon="3.379097"><ele>166.802</ele><time>2021-01-17T10:59:55Z</time></trkpt><trkpt lat="43.582864" lon="3.379171"><ele>166.422</ele><time>2021-01-17T10:59:58Z</time></trkpt><trkpt lat="43.582978" lon="3.379289"><ele>166.208</ele><time>2021-01-17T11:00:04Z</time></trkpt><trkpt lat="43.583121" lon="3.379435"><ele>166.490</ele><time>2021-01-17T11:00:12Z</time></trkpt><trkpt lat="43.583224" lon="3.379564"><ele>167.658</ele><time>2021-01-17T11:00:19Z</time></trkpt><trkpt lat="43.583236" lon="3.379594"><ele>167.884</ele><time>2021-01-17T11:00:20Z</time></trkpt><trkpt lat="43.583251" lon="3.379746"><ele>168.612</ele><time>2021-01-17T11:00:26Z</time></trkpt><trkpt lat="43.583247" lon="3.380015"><ele>169.462</ele><time>2021-01-17T11:00:35Z</time></trkpt><trkpt lat="43.583256" lon="3.380068"><ele>169.671</ele><time>2021-01-17T11:00:37Z</time></trkpt><trkpt lat="43.583288" lon="3.380262"><ele>170.467</ele><time>2021-01-17T11:00:44Z</time></trkpt><trkpt lat="43.583310" lon="3.380313"><ele>170.623</ele><time>2021-01-17T11:00:46Z</time></trkpt><trkpt lat="43.583330" lon="3.380374"><ele>170.892</ele><time>2021-01-17T11:00:48Z</time></trkpt><trkpt lat="43.583342" lon="3.380404"><ele>170.873</ele><time>2021-01-17T11:00:49Z</time></trkpt><trkpt lat="43.583406" lon="3.380546"><ele>171.820</ele><time>2021-01-17T11:00:55Z</time></trkpt><trkpt lat="43.583426" lon="3.380594"><ele>172.008</ele><time>2021-01-17T11:00:57Z</time></trkpt><trkpt lat="43.583502" lon="3.380776"><ele>172.815</ele><time>2021-01-17T11:01:04Z</time></trkpt><trkpt lat="43.583535" lon="3.381011"><ele>173.023</ele><time>2021-01-17T11:01:12Z</time></trkpt><trkpt lat="43.583612" lon="3.381258"><ele>173.289</ele><time>2021-01-17T11:01:20Z</time></trkpt><trkpt lat="43.583744" lon="3.381458"><ele>173.487</ele><time>2021-01-17T11:01:28Z</time></trkpt><trkpt lat="43.583776" lon="3.381512"><ele>173.427</ele><time>2021-01-17T11:01:30Z</time></trkpt><trkpt lat="43.583870" lon="3.381660"><ele>173.816</ele><time>2021-01-17T11:01:36Z</time></trkpt><trkpt lat="43.583886" lon="3.381684"><ele>173.842</ele><time>2021-01-17T11:01:37Z</time></trkpt><trkpt lat="43.584011" lon="3.381862"><ele>173.668</ele><time>2021-01-17T11:01:45Z</time></trkpt><trkpt lat="43.584129" lon="3.382072"><ele>173.637</ele><time>2021-01-17T11:01:53Z</time></trkpt><trkpt lat="43.584121" lon="3.382149"><ele>174.249</ele><time>2021-01-17T11:01:57Z</time></trkpt><trkpt lat="43.584118" lon="3.382259"><ele>175.013</ele><time>2021-01-17T11:02:03Z</time></trkpt><trkpt lat="43.584115" lon="3.382275"><ele>175.208</ele><time>2021-01-17T11:02:04Z</time></trkpt><trkpt lat="43.584106" lon="3.382334"><ele>176.219</ele><time>2021-01-17T11:02:08Z</time></trkpt><trkpt lat="43.584107" lon="3.382346"><ele>176.457</ele><time>2021-01-17T11:02:09Z</time></trkpt><trkpt lat="43.584134" lon="3.382410"><ele>177.483</ele><time>2021-01-17T11:02:13Z</time></trkpt><trkpt lat="43.584145" lon="3.382468"><ele>178.631</ele><time>2021-01-17T11:02:17Z</time></trkpt><trkpt lat="43.584179" lon="3.382529"><ele>179.431</ele><time>2021-01-17T11:02:22Z</time></trkpt><trkpt lat="43.584199" lon="3.382554"><ele>179.820</ele><time>2021-01-17T11:02:24Z</time></trkpt><trkpt lat="43.584232" lon="3.382642"><ele>180.816</ele><time>2021-01-17T11:02:29Z</time></trkpt><trkpt lat="43.584244" lon="3.382672"><ele>181.282</ele><time>2021-01-17T11:02:31Z</time></trkpt><trkpt lat="43.584266" lon="3.382735"><ele>182.033</ele><time>2021-01-17T11:02:35Z</time></trkpt><trkpt lat="43.584276" lon="3.382774"><ele>182.823</ele><time>2021-01-17T11:02:38Z</time></trkpt><trkpt lat="43.584286" lon="3.382810"><ele>183.015</ele><time>2021-01-17T11:02:40Z</time></trkpt><trkpt lat="43.584288" lon="3.382828"><ele>183.008</ele><time>2021-01-17T11:02:41Z</time></trkpt><trkpt lat="43.584304" lon="3.382904"><ele>184.079</ele><time>2021-01-17T11:02:46Z</time></trkpt><trkpt lat="43.584313" lon="3.382945"><ele>184.897</ele><time>2021-01-17T11:02:49Z</time></trkpt><trkpt lat="43.584321" lon="3.382980"><ele>185.083</ele><time>2021-01-17T11:02:51Z</time></trkpt><trkpt lat="43.584322" lon="3.383012"><ele>185.641</ele><time>2021-01-17T11:02:53Z</time></trkpt><trkpt lat="43.584323" lon="3.383064"><ele>186.261</ele><time>2021-01-17T11:02:56Z</time></trkpt><trkpt lat="43.584330" lon="3.383197"><ele>187.280</ele><time>2021-01-17T11:03:02Z</time></trkpt><trkpt lat="43.584337" lon="3.383265"><ele>187.656</ele><time>2021-01-17T11:03:05Z</time></trkpt><trkpt lat="43.584330" lon="3.383384"><ele>188.482</ele><time>2021-01-17T11:03:09Z</time></trkpt><trkpt lat="43.584346" lon="3.383504"><ele>189.622</ele><time>2021-01-17T11:03:13Z</time></trkpt><trkpt lat="43.584396" lon="3.383747"><ele>190.062</ele><time>2021-01-17T11:03:21Z</time></trkpt><trkpt lat="43.584406" lon="3.383861"><ele>190.608</ele><time>2021-01-17T11:03:25Z</time></trkpt><trkpt lat="43.584417" lon="3.384012"><ele>191.208</ele><time>2021-01-17T11:03:30Z</time></trkpt><trkpt lat="43.584427" lon="3.384146"><ele>191.818</ele><time>2021-01-17T11:03:35Z</time></trkpt><trkpt lat="43.584421" lon="3.384248"><ele>192.816</ele><time>2021-01-17T11:03:39Z</time></trkpt><trkpt lat="43.584412" lon="3.384274"><ele>193.452</ele><time>2021-01-17T11:03:40Z</time></trkpt><trkpt lat="43.584395" lon="3.384321"><ele>194.060</ele><time>2021-01-17T11:03:42Z</time></trkpt><trkpt lat="43.584330" lon="3.384450"><ele>195.280</ele><time>2021-01-17T11:03:48Z</time></trkpt><trkpt lat="43.584350" lon="3.384588"><ele>195.819</ele><time>2021-01-17T11:03:53Z</time></trkpt><trkpt lat="43.584367" lon="3.384611"><ele>196.065</ele><time>2021-01-17T11:03:54Z</time></trkpt><trkpt lat="43.584462" lon="3.384683"><ele>195.691</ele><time>2021-01-17T11:03:59Z</time></trkpt><trkpt lat="43.584657" lon="3.384765"><ele>194.257</ele><time>2021-01-17T11:04:07Z</time></trkpt><trkpt lat="43.584681" lon="3.384784"><ele>194.000</ele><time>2021-01-17T11:04:08Z</time></trkpt><trkpt lat="43.584805" lon="3.384912"><ele>193.820</ele><time>2021-01-17T11:04:14Z</time></trkpt><trkpt lat="43.584825" lon="3.384939"><ele>193.608</ele><time>2021-01-17T11:04:15Z</time></trkpt><trkpt lat="43.584919" lon="3.385113"><ele>193.291</ele><time>2021-01-17T11:04:21Z</time></trkpt><trkpt lat="43.584951" lon="3.385313"><ele>193.499</ele><time>2021-01-17T11:04:27Z</time></trkpt><trkpt lat="43.584946" lon="3.385407"><ele>193.085</ele><time>2021-01-17T11:04:30Z</time></trkpt><trkpt lat="43.584950" lon="3.385674"><ele>192.653</ele><time>2021-01-17T11:04:38Z</time></trkpt><trkpt lat="43.584999" lon="3.385925"><ele>192.833</ele><time>2021-01-17T11:04:46Z</time></trkpt><trkpt lat="43.585004" lon="3.385972"><ele>193.032</ele><time>2021-01-17T11:04:48Z</time></trkpt><trkpt lat="43.585028" lon="3.386164"><ele>193.828</ele><time>2021-01-17T11:04:55Z</time></trkpt><trkpt lat="43.585030" lon="3.386191"><ele>194.044</ele><time>2021-01-17T11:04:56Z</time></trkpt><trkpt lat="43.585040" lon="3.386378"><ele>195.086</ele><time>2021-01-17T11:05:03Z</time></trkpt><trkpt lat="43.585040" lon="3.386406"><ele>195.260</ele><time>2021-01-17T11:05:04Z</time></trkpt><trkpt lat="43.585080" lon="3.386612"><ele>196.226</ele><time>2021-01-17T11:05:12Z</time></trkpt><trkpt lat="43.585089" lon="3.386670"><ele>196.208</ele><time>2021-01-17T11:05:14Z</time></trkpt><trkpt lat="43.585135" lon="3.386917"><ele>197.234</ele><time>2021-01-17T11:05:23Z</time></trkpt><trkpt lat="43.585142" lon="3.386947"><ele>197.262</ele><time>2021-01-17T11:05:24Z</time></trkpt><trkpt lat="43.585150" lon="3.386985"><ele>197.418</ele><time>2021-01-17T11:05:25Z</time></trkpt><trkpt lat="43.585189" lon="3.387232"><ele>197.866</ele><time>2021-01-17T11:05:33Z</time></trkpt><trkpt lat="43.585191" lon="3.387402"><ele>198.466</ele><time>2021-01-17T11:05:39Z</time></trkpt><trkpt lat="43.585186" lon="3.387490"><ele>198.825</ele><time>2021-01-17T11:05:42Z</time></trkpt><trkpt lat="43.585185" lon="3.387576"><ele>199.411</ele><time>2021-01-17T11:05:45Z</time></trkpt><trkpt lat="43.585191" lon="3.387695"><ele>200.087</ele><time>2021-01-17T11:05:49Z</time></trkpt><trkpt lat="43.585190" lon="3.387820"><ele>200.489</ele><time>2021-01-17T11:05:53Z</time></trkpt><trkpt lat="43.585179" lon="3.387970"><ele>201.006</ele><time>2021-01-17T11:05:58Z</time></trkpt><trkpt lat="43.585160" lon="3.388016"><ele>201.426</ele><time>2021-01-17T11:06:00Z</time></trkpt><trkpt lat="43.585131" lon="3.388186"><ele>202.608</ele><time>2021-01-17T11:06:06Z</time></trkpt><trkpt lat="43.585127" lon="3.388217"><ele>202.634</ele><time>2021-01-17T11:06:07Z</time></trkpt><trkpt lat="43.585127" lon="3.388282"><ele>203.232</ele><time>2021-01-17T11:06:11Z</time></trkpt><trkpt lat="43.585136" lon="3.388313"><ele>203.238</ele><time>2021-01-17T11:06:13Z</time></trkpt><trkpt lat="43.585138" lon="3.388328"><ele>203.296</ele><time>2021-01-17T11:06:14Z</time></trkpt><trkpt lat="43.585177" lon="3.388516"><ele>203.056</ele><time>2021-01-17T11:06:20Z</time></trkpt><trkpt lat="43.585249" lon="3.388692"><ele>202.635</ele><time>2021-01-17T11:06:26Z</time></trkpt><trkpt lat="43.585335" lon="3.388795"><ele>201.411</ele><time>2021-01-17T11:06:31Z</time></trkpt><trkpt lat="43.585377" lon="3.388847"><ele>201.057</ele><time>2021-01-17T11:06:34Z</time></trkpt><trkpt lat="43.585386" lon="3.388906"><ele>200.428</ele><time>2021-01-17T11:06:36Z</time></trkpt><trkpt lat="43.585383" lon="3.388989"><ele>199.889</ele><time>2021-01-17T11:06:39Z</time></trkpt><trkpt lat="43.585380" lon="3.389083"><ele>199.217</ele><time>2021-01-17T11:06:42Z</time></trkpt><trkpt lat="43.585363" lon="3.389220"><ele>198.008</ele><time>2021-01-17T11:06:46Z</time></trkpt><trkpt lat="43.585357" lon="3.389253"><ele>197.868</ele><time>2021-01-17T11:06:47Z</time></trkpt><trkpt lat="43.585315" lon="3.389449"><ele>197.046</ele><time>2021-01-17T11:06:53Z</time></trkpt><trkpt lat="43.585299" lon="3.389468"><ele>196.842</ele><time>2021-01-17T11:06:54Z</time></trkpt><trkpt lat="43.585167" lon="3.389650"><ele>195.880</ele><time>2021-01-17T11:07:01Z</time></trkpt><trkpt lat="43.585160" lon="3.389713"><ele>195.440</ele><time>2021-01-17T11:07:03Z</time></trkpt><trkpt lat="43.585181" lon="3.389786"><ele>195.059</ele><time>2021-01-17T11:07:05Z</time></trkpt><trkpt lat="43.585223" lon="3.389845"><ele>194.695</ele><time>2021-01-17T11:07:07Z</time></trkpt><trkpt lat="43.585295" lon="3.389944"><ele>193.441</ele><time>2021-01-17T11:07:11Z</time></trkpt><trkpt lat="43.585425" lon="3.390044"><ele>192.664</ele><time>2021-01-17T11:07:17Z</time></trkpt><trkpt lat="43.585469" lon="3.390031"><ele>192.206</ele><time>2021-01-17T11:07:19Z</time></trkpt><trkpt lat="43.585539" lon="3.389967"><ele>191.016</ele><time>2021-01-17T11:07:22Z</time></trkpt><trkpt lat="43.585653" lon="3.389878"><ele>190.008</ele><time>2021-01-17T11:07:27Z</time></trkpt><trkpt lat="43.585703" lon="3.389846"><ele>189.832</ele><time>2021-01-17T11:07:30Z</time></trkpt><trkpt lat="43.585724" lon="3.389831"><ele>189.890</ele><time>2021-01-17T11:07:32Z</time></trkpt><trkpt lat="43.585733" lon="3.389826"><ele>190.016</ele><time>2021-01-17T11:07:34Z</time></trkpt><trkpt lat="43.585736" lon="3.389826"><ele>189.894</ele><time>2021-01-17T11:07:35Z</time></trkpt><trkpt lat="43.585754" lon="3.389805"><ele>189.664</ele><time>2021-01-17T11:07:42Z</time></trkpt><trkpt lat="43.585755" lon="3.389800"><ele>189.623</ele><time>2021-01-17T11:07:47Z</time></trkpt><trkpt lat="43.585755" lon="3.389800"><ele>189.699</ele><time>2021-01-17T11:07:51Z</time></trkpt><trkpt lat="43.585755" lon="3.389800"><ele>189.845</ele><time>2021-01-17T11:07:53Z</time></trkpt><trkpt lat="43.585755" lon="3.389800"><ele>189.875</ele><time>2021-01-17T11:07:55Z</time></trkpt><trkpt lat="43.585781" lon="3.389780"><ele>189.828</ele><time>2021-01-17T11:08:02Z</time></trkpt><trkpt lat="43.585818" lon="3.389747"><ele>189.620</ele><time>2021-01-17T11:08:07Z</time></trkpt><trkpt lat="43.585891" lon="3.389674"><ele>189.208</ele><time>2021-01-17T11:08:13Z</time></trkpt><trkpt lat="43.585896" lon="3.389671"><ele>189.433</ele><time>2021-01-17T11:08:14Z</time></trkpt><trkpt lat="43.585899" lon="3.389669"><ele>189.661</ele><time>2021-01-17T11:08:15Z</time></trkpt><trkpt lat="43.585903" lon="3.389667"><ele>189.867</ele><time>2021-01-17T11:08:16Z</time></trkpt><trkpt lat="43.585899" lon="3.389666"><ele>189.815</ele><time>2021-01-17T11:08:18Z</time></trkpt><trkpt lat="43.585925" lon="3.389660"><ele>190.095</ele><time>2021-01-17T11:08:24Z</time></trkpt><trkpt lat="43.586014" lon="3.389551"><ele>190.474</ele><time>2021-01-17T11:08:30Z</time></trkpt><trkpt lat="43.586164" lon="3.389433"><ele>190.880</ele><time>2021-01-17T11:08:38Z</time></trkpt><trkpt lat="43.586202" lon="3.389418"><ele>191.016</ele><time>2021-01-17T11:08:40Z</time></trkpt><trkpt lat="43.586294" lon="3.389400"><ele>190.857</ele><time>2021-01-17T11:08:44Z</time></trkpt><trkpt lat="43.586365" lon="3.389379"><ele>190.200</ele><time>2021-01-17T11:08:47Z</time></trkpt><trkpt lat="43.586391" lon="3.389370"><ele>190.020</ele><time>2021-01-17T11:08:48Z</time></trkpt><trkpt lat="43.586534" lon="3.389351"><ele>189.008</ele><time>2021-01-17T11:08:53Z</time></trkpt><trkpt lat="43.586634" lon="3.389327"><ele>187.881</ele><time>2021-01-17T11:08:57Z</time></trkpt><trkpt lat="43.586735" lon="3.389283"><ele>186.899</ele><time>2021-01-17T11:09:01Z</time></trkpt><trkpt lat="43.586759" lon="3.389271"><ele>186.675</ele><time>2021-01-17T11:09:02Z</time></trkpt><trkpt lat="43.586870" lon="3.389188"><ele>185.663</ele><time>2021-01-17T11:09:07Z</time></trkpt><trkpt lat="43.586883" lon="3.389170"><ele>185.423</ele><time>2021-01-17T11:09:08Z</time></trkpt><trkpt lat="43.586951" lon="3.389017"><ele>186.022</ele><time>2021-01-17T11:09:15Z</time></trkpt><trkpt lat="43.586976" lon="3.388976"><ele>186.648</ele><time>2021-01-17T11:09:18Z</time></trkpt><trkpt lat="43.587018" lon="3.388916"><ele>187.864</ele><time>2021-01-17T11:09:23Z</time></trkpt><trkpt lat="43.587027" lon="3.388900"><ele>188.449</ele><time>2021-01-17T11:09:24Z</time></trkpt><trkpt lat="43.587044" lon="3.388883"><ele>189.202</ele><time>2021-01-17T11:09:26Z</time></trkpt><trkpt lat="43.587074" lon="3.388857"><ele>190.222</ele><time>2021-01-17T11:09:29Z</time></trkpt><trkpt lat="43.587123" lon="3.388837"><ele>191.008</ele><time>2021-01-17T11:09:33Z</time></trkpt><trkpt lat="43.587139" lon="3.388820"><ele>191.490</ele><time>2021-01-17T11:09:35Z</time></trkpt><trkpt lat="43.587210" lon="3.388736"><ele>192.648</ele><time>2021-01-17T11:09:42Z</time></trkpt><trkpt lat="43.587306" lon="3.388695"><ele>193.644</ele><time>2021-01-17T11:09:49Z</time></trkpt><trkpt lat="43.587320" lon="3.388689"><ele>193.812</ele><time>2021-01-17T11:09:50Z</time></trkpt><trkpt lat="43.587426" lon="3.388674"><ele>194.622</ele><time>2021-01-17T11:09:57Z</time></trkpt><trkpt lat="43.587438" lon="3.388671"><ele>194.821</ele><time>2021-01-17T11:09:58Z</time></trkpt><trkpt lat="43.587523" lon="3.388610"><ele>195.617</ele><time>2021-01-17T11:10:06Z</time></trkpt><trkpt lat="43.587534" lon="3.388601"><ele>196.043</ele><time>2021-01-17T11:10:07Z</time></trkpt><trkpt lat="43.587576" lon="3.388581"><ele>196.635</ele><time>2021-01-17T11:10:10Z</time></trkpt><trkpt lat="43.587644" lon="3.388580"><ele>196.886</ele><time>2021-01-17T11:10:13Z</time></trkpt><trkpt lat="43.587684" lon="3.388572"><ele>197.214</ele><time>2021-01-17T11:10:15Z</time></trkpt><trkpt lat="43.587791" lon="3.388575"><ele>197.808</ele><time>2021-01-17T11:10:20Z</time></trkpt><trkpt lat="43.587831" lon="3.388564"><ele>198.249</ele><time>2021-01-17T11:10:22Z</time></trkpt><trkpt lat="43.587937" lon="3.388600"><ele>198.867</ele><time>2021-01-17T11:10:27Z</time></trkpt><trkpt lat="43.588055" lon="3.388595"><ele>199.493</ele><time>2021-01-17T11:10:33Z</time></trkpt><trkpt lat="43.588093" lon="3.388579"><ele>199.641</ele><time>2021-01-17T11:10:35Z</time></trkpt><trkpt lat="43.588180" lon="3.388569"><ele>200.411</ele><time>2021-01-17T11:10:40Z</time></trkpt><trkpt lat="43.588216" lon="3.388570"><ele>201.010</ele><time>2021-01-17T11:10:42Z</time></trkpt><trkpt lat="43.588282" lon="3.388533"><ele>201.676</ele><time>2021-01-17T11:10:46Z</time></trkpt><trkpt lat="43.588305" lon="3.388539"><ele>201.892</ele><time>2021-01-17T11:10:47Z</time></trkpt><trkpt lat="43.588326" lon="3.388543"><ele>201.866</ele><time>2021-01-17T11:10:48Z</time></trkpt><trkpt lat="43.588403" lon="3.388593"><ele>202.029</ele><time>2021-01-17T11:10:53Z</time></trkpt><trkpt lat="43.588463" lon="3.388612"><ele>202.221</ele><time>2021-01-17T11:10:58Z</time></trkpt><trkpt lat="43.588471" lon="3.388613"><ele>202.208</ele><time>2021-01-17T11:10:59Z</time></trkpt><trkpt lat="43.588496" lon="3.388623"><ele>202.692</ele><time>2021-01-17T11:11:02Z</time></trkpt><trkpt lat="43.588505" lon="3.388626"><ele>202.840</ele><time>2021-01-17T11:11:03Z</time></trkpt><trkpt lat="43.588528" lon="3.388620"><ele>203.696</ele><time>2021-01-17T11:11:06Z</time></trkpt><trkpt lat="43.588538" lon="3.388608"><ele>204.064</ele><time>2021-01-17T11:11:07Z</time></trkpt><trkpt lat="43.588554" lon="3.388584"><ele>204.424</ele><time>2021-01-17T11:11:09Z</time></trkpt><trkpt lat="43.588609" lon="3.388557"><ele>205.073</ele><time>2021-01-17T11:11:14Z</time></trkpt><trkpt lat="43.588619" lon="3.388547"><ele>205.039</ele><time>2021-01-17T11:11:15Z</time></trkpt><trkpt lat="43.588625" lon="3.388538"><ele>205.295</ele><time>2021-01-17T11:11:16Z</time></trkpt><trkpt lat="43.588667" lon="3.388466"><ele>205.497</ele><time>2021-01-17T11:11:20Z</time></trkpt><trkpt lat="43.588675" lon="3.388423"><ele>205.423</ele><time>2021-01-17T11:11:22Z</time></trkpt><trkpt lat="43.588696" lon="3.388373"><ele>205.625</ele><time>2021-01-17T11:11:26Z</time></trkpt><trkpt lat="43.588699" lon="3.388360"><ele>206.008</ele><time>2021-01-17T11:11:27Z</time></trkpt><trkpt lat="43.588706" lon="3.388346"><ele>206.215</ele><time>2021-01-17T11:11:28Z</time></trkpt><trkpt lat="43.588730" lon="3.388291"><ele>207.233</ele><time>2021-01-17T11:11:32Z</time></trkpt><trkpt lat="43.588740" lon="3.388266"><ele>208.039</ele><time>2021-01-17T11:11:35Z</time></trkpt><trkpt lat="43.588760" lon="3.388245"><ele>208.277</ele><time>2021-01-17T11:11:37Z</time></trkpt><trkpt lat="43.588773" lon="3.388234"><ele>208.277</ele><time>2021-01-17T11:11:38Z</time></trkpt><trkpt lat="43.588832" lon="3.388221"><ele>208.686</ele><time>2021-01-17T11:11:41Z</time></trkpt><trkpt lat="43.588901" lon="3.388156"><ele>209.092</ele><time>2021-01-17T11:11:47Z</time></trkpt><trkpt lat="43.588913" lon="3.388120"><ele>209.688</ele><time>2021-01-17T11:11:49Z</time></trkpt><trkpt lat="43.588920" lon="3.388106"><ele>209.886</ele><time>2021-01-17T11:11:50Z</time></trkpt><trkpt lat="43.588935" lon="3.388071"><ele>210.460</ele><time>2021-01-17T11:11:53Z</time></trkpt><trkpt lat="43.588935" lon="3.388059"><ele>210.626</ele><time>2021-01-17T11:11:54Z</time></trkpt><trkpt lat="43.588957" lon="3.388015"><ele>211.808</ele><time>2021-01-17T11:11:58Z</time></trkpt><trkpt lat="43.588963" lon="3.388005"><ele>212.054</ele><time>2021-01-17T11:11:59Z</time></trkpt><trkpt lat="43.588986" lon="3.387966"><ele>212.842</ele><time>2021-01-17T11:12:03Z</time></trkpt><trkpt lat="43.588995" lon="3.387957"><ele>213.048</ele><time>2021-01-17T11:12:04Z</time></trkpt><trkpt lat="43.589025" lon="3.387931"><ele>213.866</ele><time>2021-01-17T11:12:07Z</time></trkpt><trkpt lat="43.589031" lon="3.387913"><ele>214.046</ele><time>2021-01-17T11:12:08Z</time></trkpt><trkpt lat="43.589043" lon="3.387842"><ele>214.495</ele><time>2021-01-17T11:12:12Z</time></trkpt><trkpt lat="43.589051" lon="3.387829"><ele>214.691</ele><time>2021-01-17T11:12:13Z</time></trkpt><trkpt lat="43.589071" lon="3.387806"><ele>215.067</ele><time>2021-01-17T11:12:15Z</time></trkpt><trkpt lat="43.589146" lon="3.387714"><ele>214.817</ele><time>2021-01-17T11:12:21Z</time></trkpt><trkpt lat="43.589176" lon="3.387629"><ele>216.287</ele><time>2021-01-17T11:12:26Z</time></trkpt><trkpt lat="43.589186" lon="3.387616"><ele>216.615</ele><time>2021-01-17T11:12:28Z</time></trkpt><trkpt lat="43.589228" lon="3.387531"><ele>217.008</ele><time>2021-01-17T11:12:34Z</time></trkpt><trkpt lat="43.589223" lon="3.387512"><ele>217.677</ele><time>2021-01-17T11:12:36Z</time></trkpt><trkpt lat="43.589201" lon="3.387516"><ele>218.835</ele><time>2021-01-17T11:12:41Z</time></trkpt><trkpt lat="43.589197" lon="3.387521"><ele>219.031</ele><time>2021-01-17T11:12:42Z</time></trkpt><trkpt lat="43.589181" lon="3.387501"><ele>220.069</ele><time>2021-01-17T11:12:47Z</time></trkpt><trkpt lat="43.589179" lon="3.387496"><ele>220.219</ele><time>2021-01-17T11:12:48Z</time></trkpt><trkpt lat="43.589156" lon="3.387484"><ele>221.218</ele><time>2021-01-17T11:12:52Z</time></trkpt><trkpt lat="43.589133" lon="3.387474"><ele>222.014</ele><time>2021-01-17T11:12:56Z</time></trkpt><trkpt lat="43.589130" lon="3.387470"><ele>222.450</ele><time>2021-01-17T11:12:57Z</time></trkpt><trkpt lat="43.589131" lon="3.387452"><ele>223.418</ele><time>2021-01-17T11:13:00Z</time></trkpt><trkpt lat="43.589137" lon="3.387433"><ele>223.898</ele><time>2021-01-17T11:13:02Z</time></trkpt><trkpt lat="43.589136" lon="3.387418"><ele>224.017</ele><time>2021-01-17T11:13:04Z</time></trkpt><trkpt lat="43.589136" lon="3.387402"><ele>224.608</ele><time>2021-01-17T11:13:06Z</time></trkpt><trkpt lat="43.589106" lon="3.387370"><ele>225.827</ele><time>2021-01-17T11:13:10Z</time></trkpt><trkpt lat="43.589101" lon="3.387364"><ele>225.855</ele><time>2021-01-17T11:13:11Z</time></trkpt><trkpt lat="43.589092" lon="3.387328"><ele>226.891</ele><time>2021-01-17T11:13:15Z</time></trkpt><trkpt lat="43.589099" lon="3.387287"><ele>227.619</ele><time>2021-01-17T11:13:18Z</time></trkpt><trkpt lat="43.589104" lon="3.387278"><ele>228.039</ele><time>2021-01-17T11:13:19Z</time></trkpt><trkpt lat="43.589103" lon="3.387252"><ele>229.018</ele><time>2021-01-17T11:13:22Z</time></trkpt><trkpt lat="43.589100" lon="3.387203"><ele>230.054</ele><time>2021-01-17T11:13:27Z</time></trkpt><trkpt lat="43.589108" lon="3.387175"><ele>230.850</ele><time>2021-01-17T11:13:30Z</time></trkpt><trkpt lat="43.589107" lon="3.387154"><ele>231.228</ele><time>2021-01-17T11:13:32Z</time></trkpt><trkpt lat="43.589101" lon="3.387142"><ele>231.689</ele><time>2021-01-17T11:13:34Z</time></trkpt><trkpt lat="43.589089" lon="3.387123"><ele>232.417</ele><time>2021-01-17T11:13:37Z</time></trkpt><trkpt lat="43.589079" lon="3.387107"><ele>233.008</ele><time>2021-01-17T11:13:39Z</time></trkpt><trkpt lat="43.589073" lon="3.387089"><ele>233.468</ele><time>2021-01-17T11:13:41Z</time></trkpt><trkpt lat="43.589061" lon="3.387046"><ele>234.636</ele><time>2021-01-17T11:13:45Z</time></trkpt><trkpt lat="43.589043" lon="3.387026"><ele>235.862</ele><time>2021-01-17T11:13:49Z</time></trkpt><trkpt lat="43.589037" lon="3.387019"><ele>236.270</ele><time>2021-01-17T11:13:51Z</time></trkpt><trkpt lat="43.589030" lon="3.387015"><ele>236.450</ele><time>2021-01-17T11:13:52Z</time></trkpt><trkpt lat="43.589021" lon="3.387004"><ele>236.889</ele><time>2021-01-17T11:13:54Z</time></trkpt><trkpt lat="43.589015" lon="3.386988"><ele>237.285</ele><time>2021-01-17T11:13:56Z</time></trkpt><trkpt lat="43.588998" lon="3.386967"><ele>238.011</ele><time>2021-01-17T11:13:59Z</time></trkpt><trkpt lat="43.588973" lon="3.386933"><ele>239.236</ele><time>2021-01-17T11:14:03Z</time></trkpt><trkpt lat="43.588962" lon="3.386920"><ele>239.817</ele><time>2021-01-17T11:14:05Z</time></trkpt><trkpt lat="43.588953" lon="3.386902"><ele>240.418</ele><time>2021-01-17T11:14:07Z</time></trkpt><trkpt lat="43.588950" lon="3.386888"><ele>240.608</ele><time>2021-01-17T11:14:08Z</time></trkpt><trkpt lat="43.588953" lon="3.386846"><ele>241.649</ele><time>2021-01-17T11:14:12Z</time></trkpt><trkpt lat="43.588942" lon="3.386803"><ele>242.667</ele><time>2021-01-17T11:14:16Z</time></trkpt><trkpt lat="43.588940" lon="3.386766"><ele>243.833</ele><time>2021-01-17T11:14:20Z</time></trkpt><trkpt lat="43.588944" lon="3.386739"><ele>244.231</ele><time>2021-01-17T11:14:22Z</time></trkpt><trkpt lat="43.588942" lon="3.386714"><ele>245.041</ele><time>2021-01-17T11:14:24Z</time></trkpt><trkpt lat="43.588932" lon="3.386699"><ele>245.290</ele><time>2021-01-17T11:14:25Z</time></trkpt><trkpt lat="43.588921" lon="3.386670"><ele>245.456</ele><time>2021-01-17T11:14:27Z</time></trkpt><trkpt lat="43.588917" lon="3.386637"><ele>246.092</ele><time>2021-01-17T11:14:30Z</time></trkpt><trkpt lat="43.588915" lon="3.386621"><ele>246.472</ele><time>2021-01-17T11:14:31Z</time></trkpt><trkpt lat="43.588917" lon="3.386582"><ele>247.013</ele><time>2021-01-17T11:14:34Z</time></trkpt><trkpt lat="43.588919" lon="3.386569"><ele>247.414</ele><time>2021-01-17T11:14:35Z</time></trkpt><trkpt lat="43.588920" lon="3.386527"><ele>247.808</ele><time>2021-01-17T11:14:38Z</time></trkpt><trkpt lat="43.588918" lon="3.386491"><ele>248.083</ele><time>2021-01-17T11:14:40Z</time></trkpt><trkpt lat="43.588905" lon="3.386461"><ele>248.491</ele><time>2021-01-17T11:14:42Z</time></trkpt><trkpt lat="43.588892" lon="3.386423"><ele>249.047</ele><time>2021-01-17T11:14:45Z</time></trkpt><trkpt lat="43.588894" lon="3.386390"><ele>249.485</ele><time>2021-01-17T11:14:47Z</time></trkpt><trkpt lat="43.588893" lon="3.386375"><ele>249.625</ele><time>2021-01-17T11:14:48Z</time></trkpt><trkpt lat="43.588879" lon="3.386325"><ele>250.674</ele><time>2021-01-17T11:14:51Z</time></trkpt><trkpt lat="43.588880" lon="3.386307"><ele>250.850</ele><time>2021-01-17T11:14:52Z</time></trkpt><trkpt lat="43.588907" lon="3.386232"><ele>251.026</ele><time>2021-01-17T11:14:56Z</time></trkpt><trkpt lat="43.588908" lon="3.386208"><ele>251.438</ele><time>2021-01-17T11:14:57Z</time></trkpt><trkpt lat="43.588916" lon="3.386168"><ele>251.870</ele><time>2021-01-17T11:14:59Z</time></trkpt><trkpt lat="43.588939" lon="3.386084"><ele>253.217</ele><time>2021-01-17T11:15:04Z</time></trkpt><trkpt lat="43.588978" lon="3.386017"><ele>254.608</ele><time>2021-01-17T11:15:08Z</time></trkpt><trkpt lat="43.589006" lon="3.385993"><ele>255.489</ele><time>2021-01-17T11:15:11Z</time></trkpt><trkpt lat="43.589015" lon="3.385987"><ele>255.637</ele><time>2021-01-17T11:15:12Z</time></trkpt><trkpt lat="43.589048" lon="3.385943"><ele>256.653</ele><time>2021-01-17T11:15:16Z</time></trkpt><trkpt lat="43.589063" lon="3.385926"><ele>256.831</ele><time>2021-01-17T11:15:17Z</time></trkpt><trkpt lat="43.589071" lon="3.385915"><ele>257.221</ele><time>2021-01-17T11:15:18Z</time></trkpt><trkpt lat="43.589080" lon="3.385905"><ele>257.480</ele><time>2021-01-17T11:15:19Z</time></trkpt><trkpt lat="43.589091" lon="3.385906"><ele>257.886</ele><time>2021-01-17T11:15:20Z</time></trkpt><trkpt lat="43.589157" lon="3.385889"><ele>259.052</ele><time>2021-01-17T11:15:25Z</time></trkpt><trkpt lat="43.589166" lon="3.385883"><ele>259.037</ele><time>2021-01-17T11:15:26Z</time></trkpt><trkpt lat="43.589188" lon="3.385870"><ele>259.449</ele><time>2021-01-17T11:15:28Z</time></trkpt><trkpt lat="43.589214" lon="3.385850"><ele>260.213</ele><time>2021-01-17T11:15:31Z</time></trkpt><trkpt lat="43.589232" lon="3.385833"><ele>260.608</ele><time>2021-01-17T11:15:33Z</time></trkpt><trkpt lat="43.589239" lon="3.385831"><ele>260.889</ele><time>2021-01-17T11:15:34Z</time></trkpt><trkpt lat="43.589252" lon="3.385812"><ele>261.677</ele><time>2021-01-17T11:15:37Z</time></trkpt><trkpt lat="43.589259" lon="3.385789"><ele>262.213</ele><time>2021-01-17T11:15:39Z</time></trkpt><trkpt lat="43.589270" lon="3.385746"><ele>262.841</ele><time>2021-01-17T11:15:43Z</time></trkpt><trkpt lat="43.589291" lon="3.385714"><ele>263.881</ele><time>2021-01-17T11:15:47Z</time></trkpt><trkpt lat="43.589302" lon="3.385678"><ele>264.690</ele><time>2021-01-17T11:15:50Z</time></trkpt><trkpt lat="43.589300" lon="3.385660"><ele>264.866</ele><time>2021-01-17T11:15:51Z</time></trkpt><trkpt lat="43.589294" lon="3.385639"><ele>265.032</ele><time>2021-01-17T11:15:52Z</time></trkpt><trkpt lat="43.589272" lon="3.385597"><ele>265.897</ele><time>2021-01-17T11:15:55Z</time></trkpt><trkpt lat="43.589268" lon="3.385583"><ele>266.023</ele><time>2021-01-17T11:15:56Z</time></trkpt><trkpt lat="43.589270" lon="3.385495"><ele>267.025</ele><time>2021-01-17T11:16:01Z</time></trkpt><trkpt lat="43.589265" lon="3.385467"><ele>267.208</ele><time>2021-01-17T11:16:03Z</time></trkpt><trkpt lat="43.589256" lon="3.385455"><ele>267.445</ele><time>2021-01-17T11:16:04Z</time></trkpt><trkpt lat="43.589232" lon="3.385433"><ele>267.663</ele><time>2021-01-17T11:16:06Z</time></trkpt><trkpt lat="43.589225" lon="3.385400"><ele>267.659</ele><time>2021-01-17T11:16:08Z</time></trkpt><trkpt lat="43.589226" lon="3.385382"><ele>267.687</ele><time>2021-01-17T11:16:09Z</time></trkpt><trkpt lat="43.589244" lon="3.385328"><ele>268.277</ele><time>2021-01-17T11:16:12Z</time></trkpt><trkpt lat="43.589242" lon="3.385295"><ele>268.696</ele><time>2021-01-17T11:16:14Z</time></trkpt><trkpt lat="43.589247" lon="3.385269"><ele>269.292</ele><time>2021-01-17T11:16:16Z</time></trkpt><trkpt lat="43.589260" lon="3.385180"><ele>269.668</ele><time>2021-01-17T11:16:21Z</time></trkpt><trkpt lat="43.589269" lon="3.385049"><ele>269.435</ele><time>2021-01-17T11:16:26Z</time></trkpt><trkpt lat="43.589298" lon="3.384908"><ele>270.486</ele><time>2021-01-17T11:16:32Z</time></trkpt><trkpt lat="43.589308" lon="3.384852"><ele>270.614</ele><time>2021-01-17T11:16:34Z</time></trkpt><trkpt lat="43.589330" lon="3.384744"><ele>271.008</ele><time>2021-01-17T11:16:38Z</time></trkpt><trkpt lat="43.589354" lon="3.384712"><ele>271.259</ele><time>2021-01-17T11:16:40Z</time></trkpt><trkpt lat="43.589368" lon="3.384694"><ele>271.627</ele><time>2021-01-17T11:16:41Z</time></trkpt><trkpt lat="43.589438" lon="3.384651"><ele>272.613</ele><time>2021-01-17T11:16:45Z</time></trkpt><trkpt lat="43.589473" lon="3.384648"><ele>273.221</ele><time>2021-01-17T11:16:47Z</time></trkpt><trkpt lat="43.589532" lon="3.384630"><ele>273.861</ele><time>2021-01-17T11:16:50Z</time></trkpt><trkpt lat="43.589579" lon="3.384608"><ele>274.850</ele><time>2021-01-17T11:16:53Z</time></trkpt><trkpt lat="43.589593" lon="3.384606"><ele>275.066</ele><time>2021-01-17T11:16:54Z</time></trkpt><trkpt lat="43.589638" lon="3.384583"><ele>276.222</ele><time>2021-01-17T11:16:58Z</time></trkpt><trkpt lat="43.589652" lon="3.384563"><ele>276.624</ele><time>2021-01-17T11:17:00Z</time></trkpt><trkpt lat="43.589675" lon="3.384541"><ele>277.404</ele><time>2021-01-17T11:17:02Z</time></trkpt><trkpt lat="43.589712" lon="3.384483"><ele>278.414</ele><time>2021-01-17T11:17:07Z</time></trkpt><trkpt lat="43.589723" lon="3.384470"><ele>278.808</ele><time>2021-01-17T11:17:08Z</time></trkpt><trkpt lat="43.589741" lon="3.384445"><ele>279.428</ele><time>2021-01-17T11:17:10Z</time></trkpt><trkpt lat="43.589807" lon="3.384359"><ele>280.266</ele><time>2021-01-17T11:17:17Z</time></trkpt><trkpt lat="43.589829" lon="3.384302"><ele>280.622</ele><time>2021-01-17T11:17:20Z</time></trkpt><trkpt lat="43.589868" lon="3.384211"><ele>281.470</ele><time>2021-01-17T11:17:25Z</time></trkpt><trkpt lat="43.589874" lon="3.384196"><ele>281.870</ele><time>2021-01-17T11:17:26Z</time></trkpt><trkpt lat="43.589899" lon="3.384141"><ele>282.859</ele><time>2021-01-17T11:17:29Z</time></trkpt><trkpt lat="43.589910" lon="3.384106"><ele>284.075</ele><time>2021-01-17T11:17:31Z</time></trkpt><trkpt lat="43.589919" lon="3.384089"><ele>284.261</ele><time>2021-01-17T11:17:32Z</time></trkpt><trkpt lat="43.589933" lon="3.384039"><ele>284.626</ele><time>2021-01-17T11:17:35Z</time></trkpt><trkpt lat="43.589940" lon="3.384020"><ele>284.647</ele><time>2021-01-17T11:17:36Z</time></trkpt><trkpt lat="43.589947" lon="3.383969"><ele>284.811</ele><time>2021-01-17T11:17:39Z</time></trkpt><trkpt lat="43.589949" lon="3.383914"><ele>285.008</ele><time>2021-01-17T11:17:42Z</time></trkpt><trkpt lat="43.589954" lon="3.383836"><ele>285.018</ele><time>2021-01-17T11:17:46Z</time></trkpt><trkpt lat="43.589941" lon="3.383813"><ele>285.086</ele><time>2021-01-17T11:17:48Z</time></trkpt><trkpt lat="43.589935" lon="3.383804"><ele>285.282</ele><time>2021-01-17T11:17:50Z</time></trkpt><trkpt lat="43.589945" lon="3.383812"><ele>285.090</ele><time>2021-01-17T11:17:52Z</time></trkpt><trkpt lat="43.589938" lon="3.383814"><ele>284.470</ele><time>2021-01-17T11:17:56Z</time></trkpt><trkpt lat="43.589939" lon="3.383809"><ele>284.499</ele><time>2021-01-17T11:17:59Z</time></trkpt><trkpt lat="43.589939" lon="3.383809"><ele>285.075</ele><time>2021-01-17T11:18:07Z</time></trkpt><trkpt lat="43.589948" lon="3.383771"><ele>285.011</ele><time>2021-01-17T11:18:10Z</time></trkpt><trkpt lat="43.589971" lon="3.383690"><ele>285.474</ele><time>2021-01-17T11:18:14Z</time></trkpt><trkpt lat="43.590003" lon="3.383646"><ele>285.656</ele><time>2021-01-17T11:18:16Z</time></trkpt><trkpt lat="43.590029" lon="3.383594"><ele>286.021</ele><time>2021-01-17T11:18:18Z</time></trkpt><trkpt lat="43.590079" lon="3.383503"><ele>286.408</ele><time>2021-01-17T11:18:22Z</time></trkpt><trkpt lat="43.590097" lon="3.383482"><ele>286.453</ele><time>2021-01-17T11:18:23Z</time></trkpt><trkpt lat="43.590160" lon="3.383383"><ele>285.441</ele><time>2021-01-17T11:18:27Z</time></trkpt><trkpt lat="43.590168" lon="3.383328"><ele>285.087</ele><time>2021-01-17T11:18:29Z</time></trkpt><trkpt lat="43.590181" lon="3.383312"><ele>284.685</ele><time>2021-01-17T11:18:30Z</time></trkpt><trkpt lat="43.590228" lon="3.383254"><ele>284.015</ele><time>2021-01-17T11:18:33Z</time></trkpt><trkpt lat="43.590238" lon="3.383234"><ele>283.814</ele><time>2021-01-17T11:18:34Z</time></trkpt><trkpt lat="43.590245" lon="3.383095"><ele>284.060</ele><time>2021-01-17T11:18:39Z</time></trkpt><trkpt lat="43.590254" lon="3.383048"><ele>284.056</ele><time>2021-01-17T11:18:41Z</time></trkpt><trkpt lat="43.590275" lon="3.382999"><ele>283.885</ele><time>2021-01-17T11:18:43Z</time></trkpt><trkpt lat="43.590292" lon="3.382940"><ele>283.889</ele><time>2021-01-17T11:18:45Z</time></trkpt><trkpt lat="43.590285" lon="3.382859"><ele>284.217</ele><time>2021-01-17T11:18:48Z</time></trkpt><trkpt lat="43.590294" lon="3.382829"><ele>285.008</ele><time>2021-01-17T11:18:50Z</time></trkpt><trkpt lat="43.590309" lon="3.382807"><ele>285.664</ele><time>2021-01-17T11:18:53Z</time></trkpt><trkpt lat="43.590340" lon="3.382785"><ele>286.042</ele><time>2021-01-17T11:18:57Z</time></trkpt><trkpt lat="43.590349" lon="3.382789"><ele>286.078</ele><time>2021-01-17T11:18:58Z</time></trkpt><trkpt lat="43.590446" lon="3.382785"><ele>286.256</ele><time>2021-01-17T11:19:04Z</time></trkpt><trkpt lat="43.590447" lon="3.382765"><ele>286.276</ele><time>2021-01-17T11:19:05Z</time></trkpt><trkpt lat="43.590443" lon="3.382684"><ele>286.645</ele><time>2021-01-17T11:19:08Z</time></trkpt><trkpt lat="43.590440" lon="3.382578"><ele>287.261</ele><time>2021-01-17T11:19:12Z</time></trkpt><trkpt lat="43.590452" lon="3.382460"><ele>287.847</ele><time>2021-01-17T11:19:17Z</time></trkpt><trkpt lat="43.590454" lon="3.382436"><ele>288.217</ele><time>2021-01-17T11:19:18Z</time></trkpt><trkpt lat="43.590474" lon="3.382344"><ele>289.687</ele><time>2021-01-17T11:19:22Z</time></trkpt><trkpt lat="43.590476" lon="3.382319"><ele>289.815</ele><time>2021-01-17T11:19:23Z</time></trkpt><trkpt lat="43.590473" lon="3.382246"><ele>290.608</ele><time>2021-01-17T11:19:26Z</time></trkpt><trkpt lat="43.590469" lon="3.382155"><ele>291.847</ele><time>2021-01-17T11:19:30Z</time></trkpt><trkpt lat="43.590455" lon="3.382081"><ele>292.695</ele><time>2021-01-17T11:19:33Z</time></trkpt><trkpt lat="43.590445" lon="3.382026"><ele>292.891</ele><time>2021-01-17T11:19:35Z</time></trkpt><trkpt lat="43.590426" lon="3.381903"><ele>294.059</ele><time>2021-01-17T11:19:40Z</time></trkpt><trkpt lat="43.590417" lon="3.381849"><ele>294.479</ele><time>2021-01-17T11:19:42Z</time></trkpt><trkpt lat="43.590388" lon="3.381722"><ele>295.288</ele><time>2021-01-17T11:19:47Z</time></trkpt><trkpt lat="43.590375" lon="3.381668"><ele>295.614</ele><time>2021-01-17T11:19:49Z</time></trkpt><trkpt lat="43.590329" lon="3.381515"><ele>295.620</ele><time>2021-01-17T11:19:55Z</time></trkpt><trkpt lat="43.590317" lon="3.381343"><ele>296.067</ele><time>2021-01-17T11:20:01Z</time></trkpt><trkpt lat="43.590319" lon="3.381288"><ele>296.481</ele><time>2021-01-17T11:20:03Z</time></trkpt><trkpt lat="43.590332" lon="3.381142"><ele>297.019</ele><time>2021-01-17T11:20:09Z</time></trkpt><trkpt lat="43.590341" lon="3.381116"><ele>297.208</ele><time>2021-01-17T11:20:10Z</time></trkpt><trkpt lat="43.590370" lon="3.381057"><ele>297.262</ele><time>2021-01-17T11:20:14Z</time></trkpt><trkpt lat="43.590400" lon="3.381078"><ele>297.440</ele><time>2021-01-17T11:20:16Z</time></trkpt><trkpt lat="43.590455" lon="3.381155"><ele>297.436</ele><time>2021-01-17T11:20:19Z</time></trkpt><trkpt lat="43.590510" lon="3.381240"><ele>297.424</ele><time>2021-01-17T11:20:22Z</time></trkpt><trkpt lat="43.590582" lon="3.381384"><ele>297.434</ele><time>2021-01-17T11:20:27Z</time></trkpt><trkpt lat="43.590678" lon="3.381546"><ele>296.473</ele><time>2021-01-17T11:20:33Z</time></trkpt><trkpt lat="43.590693" lon="3.381574"><ele>296.479</ele><time>2021-01-17T11:20:34Z</time></trkpt><trkpt lat="43.590791" lon="3.381739"><ele>295.215</ele><time>2021-01-17T11:20:40Z</time></trkpt><trkpt lat="43.590869" lon="3.381929"><ele>294.066</ele><time>2021-01-17T11:20:46Z</time></trkpt><trkpt lat="43.590895" lon="3.381990"><ele>293.429</ele><time>2021-01-17T11:20:48Z</time></trkpt><trkpt lat="43.590916" lon="3.382047"><ele>292.821</ele><time>2021-01-17T11:20:50Z</time></trkpt><trkpt lat="43.590993" lon="3.382207"><ele>291.608</ele><time>2021-01-17T11:20:56Z</time></trkpt><trkpt lat="43.591015" lon="3.382244"><ele>291.262</ele><time>2021-01-17T11:20:58Z</time></trkpt><trkpt lat="43.591027" lon="3.382291"><ele>290.450</ele><time>2021-01-17T11:21:00Z</time></trkpt><trkpt lat="43.591094" lon="3.382388"><ele>289.696</ele><time>2021-01-17T11:21:04Z</time></trkpt><trkpt lat="43.591125" lon="3.382420"><ele>289.284</ele><time>2021-01-17T11:21:06Z</time></trkpt><trkpt lat="43.591153" lon="3.382450"><ele>288.054</ele><time>2021-01-17T11:21:09Z</time></trkpt><trkpt lat="43.591163" lon="3.382464"><ele>287.623</ele><time>2021-01-17T11:21:10Z</time></trkpt><trkpt lat="43.591189" lon="3.382511"><ele>286.869</ele><time>2021-01-17T11:21:12Z</time></trkpt><trkpt lat="43.591238" lon="3.382577"><ele>285.235</ele><time>2021-01-17T11:21:15Z</time></trkpt><trkpt lat="43.591254" lon="3.382596"><ele>284.816</ele><time>2021-01-17T11:21:16Z</time></trkpt><trkpt lat="43.591285" lon="3.382637"><ele>284.076</ele><time>2021-01-17T11:21:18Z</time></trkpt><trkpt lat="43.591343" lon="3.382710"><ele>282.613</ele><time>2021-01-17T11:21:21Z</time></trkpt><trkpt lat="43.591374" lon="3.382760"><ele>281.408</ele><time>2021-01-17T11:21:23Z</time></trkpt><trkpt lat="43.591406" lon="3.382804"><ele>280.077</ele><time>2021-01-17T11:21:25Z</time></trkpt><trkpt lat="43.591444" lon="3.382849"><ele>278.855</ele><time>2021-01-17T11:21:27Z</time></trkpt><trkpt lat="43.591496" lon="3.382903"><ele>277.491</ele><time>2021-01-17T11:21:30Z</time></trkpt><trkpt lat="43.591533" lon="3.382930"><ele>276.049</ele><time>2021-01-17T11:21:32Z</time></trkpt><trkpt lat="43.591562" lon="3.382964"><ele>274.869</ele><time>2021-01-17T11:21:34Z</time></trkpt><trkpt lat="43.591592" lon="3.383016"><ele>273.428</ele><time>2021-01-17T11:21:37Z</time></trkpt><trkpt lat="43.591608" lon="3.383047"><ele>272.444</ele><time>2021-01-17T11:21:39Z</time></trkpt><trkpt lat="43.591628" lon="3.383086"><ele>271.050</ele><time>2021-01-17T11:21:42Z</time></trkpt><trkpt lat="43.591647" lon="3.383115"><ele>269.818</ele><time>2021-01-17T11:21:44Z</time></trkpt><trkpt lat="43.591670" lon="3.383154"><ele>268.698</ele><time>2021-01-17T11:21:46Z</time></trkpt><trkpt lat="43.591684" lon="3.383170"><ele>268.017</ele><time>2021-01-17T11:21:47Z</time></trkpt><trkpt lat="43.591701" lon="3.383187"><ele>267.408</ele><time>2021-01-17T11:21:48Z</time></trkpt><trkpt lat="43.591732" lon="3.383213"><ele>265.637</ele><time>2021-01-17T11:21:50Z</time></trkpt><trkpt lat="43.591768" lon="3.383228"><ele>264.415</ele><time>2021-01-17T11:21:52Z</time></trkpt><trkpt lat="43.591801" lon="3.383239"><ele>263.481</ele><time>2021-01-17T11:21:54Z</time></trkpt><trkpt lat="43.591828" lon="3.383245"><ele>262.419</ele><time>2021-01-17T11:21:56Z</time></trkpt><trkpt lat="43.591845" lon="3.383245"><ele>261.819</ele><time>2021-01-17T11:21:58Z</time></trkpt><trkpt lat="43.591848" lon="3.383244"><ele>261.668</ele><time>2021-01-17T11:21:59Z</time></trkpt><trkpt lat="43.591850" lon="3.383250"><ele>261.414</ele><time>2021-01-17T11:22:00Z</time></trkpt><trkpt lat="43.591857" lon="3.383262"><ele>261.210</ele><time>2021-01-17T11:22:01Z</time></trkpt><trkpt lat="43.591890" lon="3.383283"><ele>261.252</ele><time>2021-01-17T11:22:03Z</time></trkpt><trkpt lat="43.591910" lon="3.383299"><ele>261.053</ele><time>2021-01-17T11:22:04Z</time></trkpt><trkpt lat="43.591994" lon="3.383381"><ele>260.208</ele><time>2021-01-17T11:22:08Z</time></trkpt><trkpt lat="43.592030" lon="3.383424"><ele>260.208</ele><time>2021-01-17T11:22:11Z</time></trkpt><trkpt lat="43.592080" lon="3.383488"><ele>260.661</ele><time>2021-01-17T11:22:18Z</time></trkpt><trkpt lat="43.592086" lon="3.383517"><ele>261.059</ele><time>2021-01-17T11:22:20Z</time></trkpt><trkpt lat="43.592098" lon="3.383539"><ele>261.495</ele><time>2021-01-17T11:22:22Z</time></trkpt><trkpt lat="43.592111" lon="3.383557"><ele>262.233</ele><time>2021-01-17T11:22:25Z</time></trkpt><trkpt lat="43.592115" lon="3.383562"><ele>262.493</ele><time>2021-01-17T11:22:26Z</time></trkpt><trkpt lat="43.592140" lon="3.383591"><ele>263.462</ele><time>2021-01-17T11:22:30Z</time></trkpt><trkpt lat="43.592154" lon="3.383608"><ele>264.448</ele><time>2021-01-17T11:22:33Z</time></trkpt><trkpt lat="43.592162" lon="3.383617"><ele>264.844</ele><time>2021-01-17T11:22:34Z</time></trkpt><trkpt lat="43.592185" lon="3.383647"><ele>266.082</ele><time>2021-01-17T11:22:37Z</time></trkpt><trkpt lat="43.592209" lon="3.383685"><ele>267.243</ele><time>2021-01-17T11:22:42Z</time></trkpt><trkpt lat="43.592213" lon="3.383691"><ele>267.217</ele><time>2021-01-17T11:22:43Z</time></trkpt><trkpt lat="43.592222" lon="3.383714"><ele>268.208</ele><time>2021-01-17T11:22:46Z</time></trkpt><trkpt lat="43.592245" lon="3.383766"><ele>269.274</ele><time>2021-01-17T11:22:52Z</time></trkpt><trkpt lat="43.592271" lon="3.383799"><ele>270.482</ele><time>2021-01-17T11:22:58Z</time></trkpt><trkpt lat="43.592286" lon="3.383823"><ele>271.698</ele><time>2021-01-17T11:23:01Z</time></trkpt><trkpt lat="43.592296" lon="3.383835"><ele>272.096</ele><time>2021-01-17T11:23:03Z</time></trkpt><trkpt lat="43.592313" lon="3.383860"><ele>272.626</ele><time>2021-01-17T11:23:06Z</time></trkpt><trkpt lat="43.592340" lon="3.383877"><ele>273.645</ele><time>2021-01-17T11:23:10Z</time></trkpt><trkpt lat="43.592346" lon="3.383883"><ele>273.851</ele><time>2021-01-17T11:23:11Z</time></trkpt><trkpt lat="43.592370" lon="3.383911"><ele>274.877</ele><time>2021-01-17T11:23:15Z</time></trkpt><trkpt lat="43.592382" lon="3.383933"><ele>275.872</ele><time>2021-01-17T11:23:18Z</time></trkpt><trkpt lat="43.592395" lon="3.383965"><ele>276.613</ele><time>2021-01-17T11:23:22Z</time></trkpt><trkpt lat="43.592409" lon="3.383986"><ele>277.014</ele><time>2021-01-17T11:23:25Z</time></trkpt><trkpt lat="43.592439" lon="3.384013"><ele>278.008</ele><time>2021-01-17T11:23:29Z</time></trkpt><trkpt lat="43.592461" lon="3.384052"><ele>279.283</ele><time>2021-01-17T11:23:34Z</time></trkpt><trkpt lat="43.592473" lon="3.384061"><ele>280.041</ele><time>2021-01-17T11:23:36Z</time></trkpt><trkpt lat="43.592477" lon="3.384067"><ele>280.427</ele><time>2021-01-17T11:23:37Z</time></trkpt><trkpt lat="43.592498" lon="3.384093"><ele>281.435</ele><time>2021-01-17T11:23:41Z</time></trkpt><trkpt lat="43.592498" lon="3.384121"><ele>282.645</ele><time>2021-01-17T11:23:45Z</time></trkpt><trkpt lat="43.592513" lon="3.384149"><ele>283.654</ele><time>2021-01-17T11:23:48Z</time></trkpt><trkpt lat="43.592530" lon="3.384177"><ele>284.660</ele><time>2021-01-17T11:23:51Z</time></trkpt><trkpt lat="43.592535" lon="3.384185"><ele>284.826</ele><time>2021-01-17T11:23:52Z</time></trkpt><trkpt lat="43.592540" lon="3.384191"><ele>285.016</ele><time>2021-01-17T11:23:53Z</time></trkpt><trkpt lat="43.592559" lon="3.384217"><ele>285.876</ele><time>2021-01-17T11:23:57Z</time></trkpt><trkpt lat="43.592599" lon="3.384254"><ele>287.213</ele><time>2021-01-17T11:24:03Z</time></trkpt><trkpt lat="43.592606" lon="3.384262"><ele>287.408</ele><time>2021-01-17T11:24:04Z</time></trkpt><trkpt lat="43.592626" lon="3.384285"><ele>288.437</ele><time>2021-01-17T11:24:07Z</time></trkpt><trkpt lat="43.592657" lon="3.384319"><ele>290.085</ele><time>2021-01-17T11:24:11Z</time></trkpt><trkpt lat="43.592666" lon="3.384327"><ele>290.421</ele><time>2021-01-17T11:24:12Z</time></trkpt><trkpt lat="43.592676" lon="3.384346"><ele>291.029</ele><time>2021-01-17T11:24:14Z</time></trkpt><trkpt lat="43.592717" lon="3.384386"><ele>292.089</ele><time>2021-01-17T11:24:20Z</time></trkpt><trkpt lat="43.592727" lon="3.384395"><ele>292.088</ele><time>2021-01-17T11:24:21Z</time></trkpt><trkpt lat="43.592754" lon="3.384428"><ele>293.424</ele><time>2021-01-17T11:24:25Z</time></trkpt><trkpt lat="43.592781" lon="3.384462"><ele>294.460</ele><time>2021-01-17T11:24:28Z</time></trkpt><trkpt lat="43.592820" lon="3.384504"><ele>295.433</ele><time>2021-01-17T11:24:33Z</time></trkpt><trkpt lat="43.592845" lon="3.384546"><ele>296.623</ele><time>2021-01-17T11:24:37Z</time></trkpt><trkpt lat="43.592919" lon="3.384607"><ele>297.815</ele><time>2021-01-17T11:24:45Z</time></trkpt><trkpt lat="43.592972" lon="3.384665"><ele>299.008</ele><time>2021-01-17T11:24:50Z</time></trkpt><trkpt lat="43.593052" lon="3.384722"><ele>300.059</ele><time>2021-01-17T11:24:57Z</time></trkpt><trkpt lat="43.593091" lon="3.384752"><ele>300.427</ele><time>2021-01-17T11:25:00Z</time></trkpt><trkpt lat="43.593203" lon="3.384831"><ele>301.043</ele><time>2021-01-17T11:25:09Z</time></trkpt><trkpt lat="43.593215" lon="3.384845"><ele>301.031</ele><time>2021-01-17T11:25:10Z</time></trkpt><trkpt lat="43.593302" lon="3.384937"><ele>300.631</ele><time>2021-01-17T11:25:18Z</time></trkpt><trkpt lat="43.593334" lon="3.384937"><ele>300.680</ele><time>2021-01-17T11:25:21Z</time></trkpt><trkpt lat="43.593380" lon="3.384960"><ele>300.646</ele><time>2021-01-17T11:25:25Z</time></trkpt><trkpt lat="43.593387" lon="3.384971"><ele>300.492</ele><time>2021-01-17T11:25:26Z</time></trkpt><trkpt lat="43.593390" lon="3.384989"><ele>300.418</ele><time>2021-01-17T11:25:27Z</time></trkpt><trkpt lat="43.593388" lon="3.385006"><ele>300.298</ele><time>2021-01-17T11:25:28Z</time></trkpt><trkpt lat="43.593346" lon="3.385100"><ele>299.617</ele><time>2021-01-17T11:25:32Z</time></trkpt><trkpt lat="43.593279" lon="3.385282"><ele>299.408</ele><time>2021-01-17T11:25:38Z</time></trkpt><trkpt lat="43.593255" lon="3.385343"><ele>299.457</ele><time>2021-01-17T11:25:40Z</time></trkpt><trkpt lat="43.593171" lon="3.385512"><ele>298.495</ele><time>2021-01-17T11:25:46Z</time></trkpt><trkpt lat="43.593151" lon="3.385538"><ele>298.251</ele><time>2021-01-17T11:25:47Z</time></trkpt><trkpt lat="43.593078" lon="3.385638"><ele>297.619</ele><time>2021-01-17T11:25:51Z</time></trkpt><trkpt lat="43.593034" lon="3.385716"><ele>297.229</ele><time>2021-01-17T11:25:54Z</time></trkpt><trkpt lat="43.592985" lon="3.385785"><ele>296.838</ele><time>2021-01-17T11:25:57Z</time></trkpt><trkpt lat="43.592842" lon="3.385946"><ele>296.854</ele><time>2021-01-17T11:26:05Z</time></trkpt><trkpt lat="43.592720" lon="3.386112"><ele>297.430</ele><time>2021-01-17T11:26:12Z</time></trkpt><trkpt lat="43.592608" lon="3.386306"><ele>297.043</ele><time>2021-01-17T11:26:19Z</time></trkpt><trkpt lat="43.592587" lon="3.386365"><ele>297.464</ele><time>2021-01-17T11:26:21Z</time></trkpt><trkpt lat="43.592554" lon="3.386479"><ele>298.210</ele><time>2021-01-17T11:26:25Z</time></trkpt><trkpt lat="43.592542" lon="3.386521"><ele>298.808</ele><time>2021-01-17T11:26:27Z</time></trkpt><trkpt lat="43.592538" lon="3.386543"><ele>299.440</ele><time>2021-01-17T11:26:28Z</time></trkpt><trkpt lat="43.592532" lon="3.386588"><ele>300.618</ele><time>2021-01-17T11:26:30Z</time></trkpt><trkpt lat="43.592527" lon="3.386631"><ele>301.634</ele><time>2021-01-17T11:26:32Z</time></trkpt><trkpt lat="43.592522" lon="3.386682"><ele>302.642</ele><time>2021-01-17T11:26:35Z</time></trkpt><trkpt lat="43.592515" lon="3.386783"><ele>303.882</ele><time>2021-01-17T11:26:40Z</time></trkpt><trkpt lat="43.592498" lon="3.386852"><ele>304.821</ele><time>2021-01-17T11:26:43Z</time></trkpt><trkpt lat="43.592495" lon="3.386869"><ele>305.287</ele><time>2021-01-17T11:26:44Z</time></trkpt><trkpt lat="43.592473" lon="3.386919"><ele>306.073</ele><time>2021-01-17T11:26:47Z</time></trkpt><trkpt lat="43.592451" lon="3.387030"><ele>306.823</ele><time>2021-01-17T11:26:53Z</time></trkpt><trkpt lat="43.592431" lon="3.387105"><ele>307.083</ele><time>2021-01-17T11:26:57Z</time></trkpt><trkpt lat="43.592419" lon="3.387210"><ele>308.011</ele><time>2021-01-17T11:27:03Z</time></trkpt><trkpt lat="43.592422" lon="3.387276"><ele>309.008</ele><time>2021-01-17T11:27:07Z</time></trkpt><trkpt lat="43.592439" lon="3.387360"><ele>310.218</ele><time>2021-01-17T11:27:12Z</time></trkpt><trkpt lat="43.592444" lon="3.387377"><ele>310.636</ele><time>2021-01-17T11:27:13Z</time></trkpt><trkpt lat="43.592453" lon="3.387429"><ele>311.272</ele><time>2021-01-17T11:27:16Z</time></trkpt><trkpt lat="43.592459" lon="3.387494"><ele>312.220</ele><time>2021-01-17T11:27:20Z</time></trkpt><trkpt lat="43.592463" lon="3.387508"><ele>312.420</ele><time>2021-01-17T11:27:21Z</time></trkpt><trkpt lat="43.592476" lon="3.387600"><ele>313.619</ele><time>2021-01-17T11:27:26Z</time></trkpt><trkpt lat="43.592487" lon="3.387666"><ele>314.675</ele><time>2021-01-17T11:27:30Z</time></trkpt><trkpt lat="43.592495" lon="3.387697"><ele>315.061</ele><time>2021-01-17T11:27:32Z</time></trkpt><trkpt lat="43.592510" lon="3.387767"><ele>315.686</ele><time>2021-01-17T11:27:36Z</time></trkpt><trkpt lat="43.592531" lon="3.387813"><ele>316.660</ele><time>2021-01-17T11:27:40Z</time></trkpt><trkpt lat="43.592539" lon="3.387824"><ele>316.826</ele><time>2021-01-17T11:27:41Z</time></trkpt><trkpt lat="43.592576" lon="3.387866"><ele>318.208</ele><time>2021-01-17T11:27:45Z</time></trkpt><trkpt lat="43.592617" lon="3.387915"><ele>318.684</ele><time>2021-01-17T11:27:49Z</time></trkpt><trkpt lat="43.592641" lon="3.387933"><ele>319.282</ele><time>2021-01-17T11:27:51Z</time></trkpt><trkpt lat="43.592674" lon="3.387952"><ele>320.238</ele><time>2021-01-17T11:27:54Z</time></trkpt><trkpt lat="43.592721" lon="3.388003"><ele>321.276</ele><time>2021-01-17T11:27:59Z</time></trkpt><trkpt lat="43.592725" lon="3.388017"><ele>321.646</ele><time>2021-01-17T11:28:00Z</time></trkpt><trkpt lat="43.592727" lon="3.388072"><ele>322.685</ele><time>2021-01-17T11:28:03Z</time></trkpt><trkpt lat="43.592725" lon="3.388095"><ele>322.861</ele><time>2021-01-17T11:28:04Z</time></trkpt><trkpt lat="43.592717" lon="3.388131"><ele>323.247</ele><time>2021-01-17T11:28:06Z</time></trkpt><trkpt lat="43.592709" lon="3.388146"><ele>323.668</ele><time>2021-01-17T11:28:07Z</time></trkpt><trkpt lat="43.592674" lon="3.388220"><ele>324.842</ele><time>2021-01-17T11:28:12Z</time></trkpt><trkpt lat="43.592652" lon="3.388241"><ele>325.026</ele><time>2021-01-17T11:28:14Z</time></trkpt><trkpt lat="43.592609" lon="3.388293"><ele>326.008</ele><time>2021-01-17T11:28:18Z</time></trkpt><trkpt lat="43.592603" lon="3.388309"><ele>326.252</ele><time>2021-01-17T11:28:19Z</time></trkpt><trkpt lat="43.592596" lon="3.388343"><ele>326.860</ele><time>2021-01-17T11:28:21Z</time></trkpt><trkpt lat="43.592590" lon="3.388356"><ele>327.076</ele><time>2021-01-17T11:28:22Z</time></trkpt><trkpt lat="43.592559" lon="3.388452"><ele>328.244</ele><time>2021-01-17T11:28:27Z</time></trkpt><trkpt lat="43.592549" lon="3.388509"><ele>328.834</ele><time>2021-01-17T11:28:30Z</time></trkpt><trkpt lat="43.592551" lon="3.388545"><ele>329.283</ele><time>2021-01-17T11:28:32Z</time></trkpt><trkpt lat="43.592558" lon="3.388664"><ele>330.229</ele><time>2021-01-17T11:28:38Z</time></trkpt><trkpt lat="43.592559" lon="3.388684"><ele>330.465</ele><time>2021-01-17T11:28:39Z</time></trkpt><trkpt lat="43.592556" lon="3.388786"><ele>331.667</ele><time>2021-01-17T11:28:45Z</time></trkpt><trkpt lat="43.592553" lon="3.388863"><ele>332.481</ele><time>2021-01-17T11:28:49Z</time></trkpt><trkpt lat="43.592554" lon="3.388902"><ele>332.619</ele><time>2021-01-17T11:28:51Z</time></trkpt><trkpt lat="43.592536" lon="3.389058"><ele>333.408</ele><time>2021-01-17T11:28:59Z</time></trkpt><trkpt lat="43.592531" lon="3.389100"><ele>333.852</ele><time>2021-01-17T11:29:01Z</time></trkpt><trkpt lat="43.592509" lon="3.389227"><ele>334.680</ele><time>2021-01-17T11:29:08Z</time></trkpt><trkpt lat="43.592499" lon="3.389266"><ele>335.046</ele><time>2021-01-17T11:29:10Z</time></trkpt><trkpt lat="43.592478" lon="3.389342"><ele>336.274</ele><time>2021-01-17T11:29:14Z</time></trkpt><trkpt lat="43.592473" lon="3.389386"><ele>337.054</ele><time>2021-01-17T11:29:17Z</time></trkpt><trkpt lat="43.592476" lon="3.389421"><ele>337.493</ele><time>2021-01-17T11:29:19Z</time></trkpt><trkpt lat="43.592486" lon="3.389463"><ele>337.659</ele><time>2021-01-17T11:29:21Z</time></trkpt><trkpt lat="43.592498" lon="3.389508"><ele>337.665</ele><time>2021-01-17T11:29:24Z</time></trkpt><trkpt lat="43.592496" lon="3.389520"><ele>337.826</ele><time>2021-01-17T11:29:25Z</time></trkpt><trkpt lat="43.592477" lon="3.389563"><ele>338.247</ele><time>2021-01-17T11:29:28Z</time></trkpt><trkpt lat="43.592463" lon="3.389590"><ele>338.611</ele><time>2021-01-17T11:29:30Z</time></trkpt><trkpt lat="43.592441" lon="3.389623"><ele>339.208</ele><time>2021-01-17T11:29:33Z</time></trkpt><trkpt lat="43.592389" lon="3.389698"><ele>338.628</ele><time>2021-01-17T11:29:39Z</time></trkpt><trkpt lat="43.592343" lon="3.389732"><ele>337.816</ele><time>2021-01-17T11:29:43Z</time></trkpt><trkpt lat="43.592335" lon="3.389739"><ele>337.852</ele><time>2021-01-17T11:29:44Z</time></trkpt><trkpt lat="43.592325" lon="3.389744"><ele>337.640</ele><time>2021-01-17T11:29:45Z</time></trkpt><trkpt lat="43.592266" lon="3.389766"><ele>336.460</ele><time>2021-01-17T11:29:50Z</time></trkpt><trkpt lat="43.592254" lon="3.389772"><ele>336.039</ele><time>2021-01-17T11:29:51Z</time></trkpt><trkpt lat="43.592225" lon="3.389780"><ele>335.275</ele><time>2021-01-17T11:29:53Z</time></trkpt><trkpt lat="43.592162" lon="3.389790"><ele>334.471</ele><time>2021-01-17T11:29:57Z</time></trkpt><trkpt lat="43.592150" lon="3.389796"><ele>334.229</ele><time>2021-01-17T11:29:58Z</time></trkpt><trkpt lat="43.592122" lon="3.389813"><ele>334.000</ele><time>2021-01-17T11:30:00Z</time></trkpt><trkpt lat="43.592107" lon="3.389823"><ele>333.820</ele><time>2021-01-17T11:30:01Z</time></trkpt><trkpt lat="43.592046" lon="3.389864"><ele>333.008</ele><time>2021-01-17T11:30:04Z</time></trkpt><trkpt lat="43.592004" lon="3.389897"><ele>331.818</ele><time>2021-01-17T11:30:06Z</time></trkpt><trkpt lat="43.591983" lon="3.389913"><ele>331.466</ele><time>2021-01-17T11:30:07Z</time></trkpt><trkpt lat="43.591920" lon="3.389970"><ele>330.682</ele><time>2021-01-17T11:30:10Z</time></trkpt><trkpt lat="43.591889" lon="3.390038"><ele>330.280</ele><time>2021-01-17T11:30:13Z</time></trkpt><trkpt lat="43.591849" lon="3.390086"><ele>329.470</ele><time>2021-01-17T11:30:16Z</time></trkpt><trkpt lat="43.591819" lon="3.390128"><ele>328.619</ele><time>2021-01-17T11:30:18Z</time></trkpt><trkpt lat="43.591806" lon="3.390153"><ele>328.095</ele><time>2021-01-17T11:30:19Z</time></trkpt><trkpt lat="43.591799" lon="3.390176"><ele>327.661</ele><time>2021-01-17T11:30:20Z</time></trkpt><trkpt lat="43.591803" lon="3.390244"><ele>326.817</ele><time>2021-01-17T11:30:23Z</time></trkpt><trkpt lat="43.591806" lon="3.390334"><ele>325.687</ele><time>2021-01-17T11:30:27Z</time></trkpt><trkpt lat="43.591809" lon="3.390350"><ele>324.815</ele><time>2021-01-17T11:30:29Z</time></trkpt><trkpt lat="43.591815" lon="3.390382"><ele>324.408</ele><time>2021-01-17T11:30:31Z</time></trkpt><trkpt lat="43.591820" lon="3.390440"><ele>323.817</ele><time>2021-01-17T11:30:34Z</time></trkpt><trkpt lat="43.591820" lon="3.390473"><ele>323.425</ele><time>2021-01-17T11:30:36Z</time></trkpt><trkpt lat="43.591816" lon="3.390504"><ele>322.441</ele><time>2021-01-17T11:30:38Z</time></trkpt><trkpt lat="43.591818" lon="3.390527"><ele>321.259</ele><time>2021-01-17T11:30:40Z</time></trkpt><trkpt lat="43.591819" lon="3.390559"><ele>320.279</ele><time>2021-01-17T11:30:42Z</time></trkpt><trkpt lat="43.591820" lon="3.390587"><ele>319.828</ele><time>2021-01-17T11:30:43Z</time></trkpt><trkpt lat="43.591827" lon="3.390636"><ele>318.644</ele><time>2021-01-17T11:30:45Z</time></trkpt><trkpt lat="43.591831" lon="3.390678"><ele>317.290</ele><time>2021-01-17T11:30:47Z</time></trkpt><trkpt lat="43.591833" lon="3.390698"><ele>316.684</ele><time>2021-01-17T11:30:48Z</time></trkpt><trkpt lat="43.591838" lon="3.390718"><ele>316.007</ele><time>2021-01-17T11:30:49Z</time></trkpt><trkpt lat="43.591861" lon="3.390757"><ele>314.817</ele><time>2021-01-17T11:30:51Z</time></trkpt><trkpt lat="43.591877" lon="3.390808"><ele>314.208</ele><time>2021-01-17T11:30:53Z</time></trkpt><trkpt lat="43.591882" lon="3.390873"><ele>313.644</ele><time>2021-01-17T11:30:55Z</time></trkpt><trkpt lat="43.591888" lon="3.390949"><ele>312.472</ele><time>2021-01-17T11:30:59Z</time></trkpt><trkpt lat="43.591892" lon="3.390959"><ele>312.238</ele><time>2021-01-17T11:31:00Z</time></trkpt><trkpt lat="43.591887" lon="3.390988"><ele>311.426</ele><time>2021-01-17T11:31:02Z</time></trkpt><trkpt lat="43.591880" lon="3.391034"><ele>310.266</ele><time>2021-01-17T11:31:05Z</time></trkpt><trkpt lat="43.591882" lon="3.391101"><ele>309.045</ele><time>2021-01-17T11:31:09Z</time></trkpt><trkpt lat="43.591887" lon="3.391135"><ele>308.881</ele><time>2021-01-17T11:31:10Z</time></trkpt><trkpt lat="43.591893" lon="3.391226"><ele>308.087</ele><time>2021-01-17T11:31:13Z</time></trkpt><trkpt lat="43.591895" lon="3.391257"><ele>307.813</ele><time>2021-01-17T11:31:14Z</time></trkpt><trkpt lat="43.591898" lon="3.391333"><ele>307.043</ele><time>2021-01-17T11:31:17Z</time></trkpt><trkpt lat="43.591901" lon="3.391355"><ele>306.807</ele><time>2021-01-17T11:31:18Z</time></trkpt><trkpt lat="43.591908" lon="3.391423"><ele>306.208</ele><time>2021-01-17T11:31:21Z</time></trkpt><trkpt lat="43.591921" lon="3.391448"><ele>306.297</ele><time>2021-01-17T11:31:23Z</time></trkpt><trkpt lat="43.591923" lon="3.391456"><ele>306.295</ele><time>2021-01-17T11:31:24Z</time></trkpt><trkpt lat="43.591916" lon="3.391467"><ele>306.261</ele><time>2021-01-17T11:31:27Z</time></trkpt><trkpt lat="43.591924" lon="3.391501"><ele>306.049</ele><time>2021-01-17T11:31:30Z</time></trkpt><trkpt lat="43.591933" lon="3.391554"><ele>305.619</ele><time>2021-01-17T11:31:32Z</time></trkpt><trkpt lat="43.591942" lon="3.391585"><ele>305.238</ele><time>2021-01-17T11:31:33Z</time></trkpt><trkpt lat="43.591969" lon="3.391630"><ele>304.634</ele><time>2021-01-17T11:31:35Z</time></trkpt><trkpt lat="43.591980" lon="3.391638"><ele>304.670</ele><time>2021-01-17T11:31:36Z</time></trkpt><trkpt lat="43.591993" lon="3.391648"><ele>304.464</ele><time>2021-01-17T11:31:37Z</time></trkpt><trkpt lat="43.592017" lon="3.391652"><ele>304.406</ele><time>2021-01-17T11:31:39Z</time></trkpt><trkpt lat="43.592032" lon="3.391647"><ele>304.416</ele><time>2021-01-17T11:31:41Z</time></trkpt><trkpt lat="43.592040" lon="3.391652"><ele>304.408</ele><time>2021-01-17T11:31:42Z</time></trkpt><trkpt lat="43.592066" lon="3.391669"><ele>304.262</ele><time>2021-01-17T11:31:44Z</time></trkpt><trkpt lat="43.592091" lon="3.391693"><ele>303.830</ele><time>2021-01-17T11:31:47Z</time></trkpt><trkpt lat="43.592100" lon="3.391695"><ele>303.816</ele><time>2021-01-17T11:31:50Z</time></trkpt><trkpt lat="43.592102" lon="3.391688"><ele>303.884</ele><time>2021-01-17T11:31:52Z</time></trkpt><trkpt lat="43.592103" lon="3.391689"><ele>304.014</ele><time>2021-01-17T11:31:53Z</time></trkpt><trkpt lat="43.592141" lon="3.391614"><ele>305.093</ele><time>2021-01-17T11:32:01Z</time></trkpt><trkpt lat="43.592145" lon="3.391571"><ele>305.829</ele><time>2021-01-17T11:32:04Z</time></trkpt><trkpt lat="43.592138" lon="3.391553"><ele>306.035</ele><time>2021-01-17T11:32:05Z</time></trkpt><trkpt lat="43.592126" lon="3.391535"><ele>306.413</ele><time>2021-01-17T11:32:07Z</time></trkpt><trkpt lat="43.592127" lon="3.391538"><ele>306.443</ele><time>2021-01-17T11:32:09Z</time></trkpt><trkpt lat="43.592127" lon="3.391546"><ele>306.407</ele><time>2021-01-17T11:32:12Z</time></trkpt><trkpt lat="43.592129" lon="3.391627"><ele>304.608</ele><time>2021-01-17T11:32:18Z</time></trkpt><trkpt lat="43.592134" lon="3.391643"><ele>304.417</ele><time>2021-01-17T11:32:19Z</time></trkpt><trkpt lat="43.592149" lon="3.391682"><ele>303.655</ele><time>2021-01-17T11:32:22Z</time></trkpt><trkpt lat="43.592178" lon="3.391728"><ele>302.691</ele><time>2021-01-17T11:32:25Z</time></trkpt><trkpt lat="43.592186" lon="3.391732"><ele>302.439</ele><time>2021-01-17T11:32:26Z</time></trkpt><trkpt lat="43.592215" lon="3.391739"><ele>302.449</ele><time>2021-01-17T11:32:29Z</time></trkpt><trkpt lat="43.592225" lon="3.391746"><ele>302.458</ele><time>2021-01-17T11:32:31Z</time></trkpt><trkpt lat="43.592278" lon="3.391760"><ele>302.294</ele><time>2021-01-17T11:32:35Z</time></trkpt><trkpt lat="43.592311" lon="3.391738"><ele>302.290</ele><time>2021-01-17T11:32:37Z</time></trkpt><trkpt lat="43.592344" lon="3.391719"><ele>302.433</ele><time>2021-01-17T11:32:39Z</time></trkpt><trkpt lat="43.592379" lon="3.391696"><ele>302.823</ele><time>2021-01-17T11:32:41Z</time></trkpt><trkpt lat="43.592414" lon="3.391690"><ele>303.015</ele><time>2021-01-17T11:32:43Z</time></trkpt><trkpt lat="43.592552" lon="3.391668"><ele>303.408</ele><time>2021-01-17T11:32:49Z</time></trkpt><trkpt lat="43.592589" lon="3.391643"><ele>303.629</ele><time>2021-01-17T11:32:51Z</time></trkpt><trkpt lat="43.592621" lon="3.391592"><ele>304.037</ele><time>2021-01-17T11:32:54Z</time></trkpt><trkpt lat="43.592646" lon="3.391562"><ele>304.613</ele><time>2021-01-17T11:32:57Z</time></trkpt><trkpt lat="43.592688" lon="3.391505"><ele>305.221</ele><time>2021-01-17T11:33:00Z</time></trkpt><trkpt lat="43.592701" lon="3.391502"><ele>305.471</ele><time>2021-01-17T11:33:01Z</time></trkpt><trkpt lat="43.592711" lon="3.391508"><ele>305.680</ele><time>2021-01-17T11:33:02Z</time></trkpt><trkpt lat="43.592743" lon="3.391526"><ele>305.676</ele><time>2021-01-17T11:33:04Z</time></trkpt><trkpt lat="43.592805" lon="3.391525"><ele>306.832</ele><time>2021-01-17T11:33:09Z</time></trkpt><trkpt lat="43.592819" lon="3.391524"><ele>307.017</ele><time>2021-01-17T11:33:10Z</time></trkpt><trkpt lat="43.592844" lon="3.391520"><ele>307.887</ele><time>2021-01-17T11:33:12Z</time></trkpt><trkpt lat="43.592882" lon="3.391500"><ele>309.015</ele><time>2021-01-17T11:33:16Z</time></trkpt><trkpt lat="43.592885" lon="3.391496"><ele>309.208</ele><time>2021-01-17T11:33:17Z</time></trkpt><trkpt lat="43.592890" lon="3.391491"><ele>309.627</ele><time>2021-01-17T11:33:18Z</time></trkpt><trkpt lat="43.592907" lon="3.391486"><ele>310.065</ele><time>2021-01-17T11:33:20Z</time></trkpt><trkpt lat="43.592910" lon="3.391483"><ele>310.451</ele><time>2021-01-17T11:33:21Z</time></trkpt><trkpt lat="43.592911" lon="3.391477"><ele>310.859</ele><time>2021-01-17T11:33:23Z</time></trkpt><trkpt lat="43.592932" lon="3.391458"><ele>311.219</ele><time>2021-01-17T11:33:27Z</time></trkpt><trkpt lat="43.592940" lon="3.391452"><ele>311.638</ele><time>2021-01-17T11:33:29Z</time></trkpt><trkpt lat="43.592934" lon="3.391446"><ele>311.654</ele><time>2021-01-17T11:33:34Z</time></trkpt><trkpt lat="43.592923" lon="3.391452"><ele>311.440</ele><time>2021-01-17T11:33:42Z</time></trkpt><trkpt lat="43.592936" lon="3.391484"><ele>311.485</ele><time>2021-01-17T11:33:45Z</time></trkpt><trkpt lat="43.592947" lon="3.391487"><ele>311.289</ele><time>2021-01-17T11:33:48Z</time></trkpt><trkpt lat="43.592959" lon="3.391492"><ele>311.017</ele><time>2021-01-17T11:33:50Z</time></trkpt><trkpt lat="43.592959" lon="3.391492"><ele>310.808</ele><time>2021-01-17T11:33:52Z</time></trkpt><trkpt lat="43.592959" lon="3.391492"><ele>310.624</ele><time>2021-01-17T11:33:56Z</time></trkpt><trkpt lat="43.592959" lon="3.391492"><ele>309.892</ele><time>2021-01-17T11:33:58Z</time></trkpt><trkpt lat="43.593013" lon="3.391559"><ele>308.688</ele><time>2021-01-17T11:34:02Z</time></trkpt><trkpt lat="43.593033" lon="3.391581"><ele>308.276</ele><time>2021-01-17T11:34:03Z</time></trkpt><trkpt lat="43.593065" lon="3.391614"><ele>307.686</ele><time>2021-01-17T11:34:05Z</time></trkpt><trkpt lat="43.593098" lon="3.391646"><ele>307.035</ele><time>2021-01-17T11:34:07Z</time></trkpt><trkpt lat="43.593126" lon="3.391669"><ele>306.811</ele><time>2021-01-17T11:34:09Z</time></trkpt><trkpt lat="43.593165" lon="3.391707"><ele>306.467</ele><time>2021-01-17T11:34:12Z</time></trkpt><trkpt lat="43.593171" lon="3.391719"><ele>306.225</ele><time>2021-01-17T11:34:13Z</time></trkpt><trkpt lat="43.593179" lon="3.391749"><ele>305.426</ele><time>2021-01-17T11:34:16Z</time></trkpt><trkpt lat="43.593222" lon="3.391825"><ele>304.208</ele><time>2021-01-17T11:34:21Z</time></trkpt><trkpt lat="43.593217" lon="3.391854"><ele>303.608</ele><time>2021-01-17T11:34:23Z</time></trkpt><trkpt lat="43.593213" lon="3.391880"><ele>303.038</ele><time>2021-01-17T11:34:25Z</time></trkpt><trkpt lat="43.593216" lon="3.391896"><ele>302.836</ele><time>2021-01-17T11:34:27Z</time></trkpt><trkpt lat="43.593235" lon="3.391920"><ele>302.882</ele><time>2021-01-17T11:34:29Z</time></trkpt><trkpt lat="43.593303" lon="3.391993"><ele>302.850</ele><time>2021-01-17T11:34:34Z</time></trkpt><trkpt lat="43.593345" lon="3.392037"><ele>302.820</ele><time>2021-01-17T11:34:38Z</time></trkpt><trkpt lat="43.593351" lon="3.392041"><ele>303.079</ele><time>2021-01-17T11:34:41Z</time></trkpt><trkpt lat="43.593353" lon="3.392037"><ele>302.855</ele><time>2021-01-17T11:34:43Z</time></trkpt><trkpt lat="43.593400" lon="3.392079"><ele>302.251</ele><time>2021-01-17T11:34:50Z</time></trkpt><trkpt lat="43.593411" lon="3.392091"><ele>302.293</ele><time>2021-01-17T11:34:51Z</time></trkpt><trkpt lat="43.593444" lon="3.392137"><ele>302.465</ele><time>2021-01-17T11:34:58Z</time></trkpt><trkpt lat="43.593460" lon="3.392156"><ele>302.221</ele><time>2021-01-17T11:35:03Z</time></trkpt><trkpt lat="43.593478" lon="3.392161"><ele>302.608</ele><time>2021-01-17T11:35:09Z</time></trkpt><trkpt lat="43.593508" lon="3.392184"><ele>302.485</ele><time>2021-01-17T11:35:17Z</time></trkpt><trkpt lat="43.593516" lon="3.392194"><ele>303.093</ele><time>2021-01-17T11:35:20Z</time></trkpt><trkpt lat="43.593524" lon="3.392197"><ele>303.449</ele><time>2021-01-17T11:35:23Z</time></trkpt><trkpt lat="43.593524" lon="3.392197"><ele>303.497</ele><time>2021-01-17T11:35:24Z</time></trkpt><trkpt lat="43.593526" lon="3.392202"><ele>302.837</ele><time>2021-01-17T11:35:31Z</time></trkpt><trkpt lat="43.593526" lon="3.392197"><ele>302.856</ele><time>2021-01-17T11:35:33Z</time></trkpt><trkpt lat="43.593526" lon="3.392197"><ele>302.822</ele><time>2021-01-17T11:35:34Z</time></trkpt><trkpt lat="43.593526" lon="3.392197"><ele>302.898</ele><time>2021-01-17T11:35:37Z</time></trkpt><trkpt lat="43.593545" lon="3.392205"><ele>303.453</ele><time>2021-01-17T11:35:41Z</time></trkpt><trkpt lat="43.593561" lon="3.392206"><ele>303.204</ele><time>2021-01-17T11:35:43Z</time></trkpt><trkpt lat="43.593614" lon="3.392200"><ele>303.614</ele><time>2021-01-17T11:35:48Z</time></trkpt><trkpt lat="43.593667" lon="3.392184"><ele>304.408</ele><time>2021-01-17T11:35:51Z</time></trkpt><trkpt lat="43.593702" lon="3.392202"><ele>305.041</ele><time>2021-01-17T11:35:53Z</time></trkpt><trkpt lat="43.593744" lon="3.392240"><ele>305.679</ele><time>2021-01-17T11:35:55Z</time></trkpt><trkpt lat="43.593786" lon="3.392268"><ele>305.875</ele><time>2021-01-17T11:35:57Z</time></trkpt><trkpt lat="43.593803" lon="3.392279"><ele>306.033</ele><time>2021-01-17T11:35:58Z</time></trkpt><trkpt lat="43.593829" lon="3.392313"><ele>306.643</ele><time>2021-01-17T11:36:01Z</time></trkpt><trkpt lat="43.593867" lon="3.392340"><ele>306.832</ele><time>2021-01-17T11:36:03Z</time></trkpt><trkpt lat="43.593988" lon="3.392388"><ele>307.048</ele><time>2021-01-17T11:36:10Z</time></trkpt><trkpt lat="43.594038" lon="3.392402"><ele>307.434</ele><time>2021-01-17T11:36:16Z</time></trkpt><trkpt lat="43.594046" lon="3.392399"><ele>307.417</ele><time>2021-01-17T11:36:17Z</time></trkpt><trkpt lat="43.594089" lon="3.392431"><ele>307.487</ele><time>2021-01-17T11:36:21Z</time></trkpt><trkpt lat="43.594184" lon="3.392444"><ele>307.215</ele><time>2021-01-17T11:36:26Z</time></trkpt><trkpt lat="43.594194" lon="3.392451"><ele>307.208</ele><time>2021-01-17T11:36:27Z</time></trkpt><trkpt lat="43.594278" lon="3.392445"><ele>307.627</ele><time>2021-01-17T11:36:32Z</time></trkpt><trkpt lat="43.594293" lon="3.392448"><ele>307.695</ele><time>2021-01-17T11:36:33Z</time></trkpt><trkpt lat="43.594395" lon="3.392446"><ele>307.881</ele><time>2021-01-17T11:36:38Z</time></trkpt><trkpt lat="43.594472" lon="3.392377"><ele>308.089</ele><time>2021-01-17T11:36:43Z</time></trkpt><trkpt lat="43.594501" lon="3.392333"><ele>308.419</ele><time>2021-01-17T11:36:45Z</time></trkpt><trkpt lat="43.594530" lon="3.392297"><ele>308.628</ele><time>2021-01-17T11:36:47Z</time></trkpt><trkpt lat="43.594565" lon="3.392207"><ele>309.264</ele><time>2021-01-17T11:36:51Z</time></trkpt><trkpt lat="43.594557" lon="3.392165"><ele>309.650</ele><time>2021-01-17T11:36:53Z</time></trkpt><trkpt lat="43.594539" lon="3.392094"><ele>309.678</ele><time>2021-01-17T11:36:56Z</time></trkpt><trkpt lat="43.594540" lon="3.392069"><ele>309.833</ele><time>2021-01-17T11:36:57Z</time></trkpt><trkpt lat="43.594546" lon="3.391967"><ele>310.826</ele><time>2021-01-17T11:37:01Z</time></trkpt><trkpt lat="43.594553" lon="3.391947"><ele>311.008</ele><time>2021-01-17T11:37:02Z</time></trkpt><trkpt lat="43.594560" lon="3.391933"><ele>311.243</ele><time>2021-01-17T11:37:03Z</time></trkpt><trkpt lat="43.594673" lon="3.391894"><ele>309.431</ele><time>2021-01-17T11:37:10Z</time></trkpt><trkpt lat="43.594717" lon="3.391870"><ele>308.477</ele><time>2021-01-17T11:37:14Z</time></trkpt><trkpt lat="43.594722" lon="3.391828"><ele>308.485</ele><time>2021-01-17T11:37:16Z</time></trkpt><trkpt lat="43.594751" lon="3.391759"><ele>309.675</ele><time>2021-01-17T11:37:22Z</time></trkpt><trkpt lat="43.594752" lon="3.391727"><ele>310.224</ele><time>2021-01-17T11:37:25Z</time></trkpt><trkpt lat="43.594750" lon="3.391720"><ele>310.660</ele><time>2021-01-17T11:37:26Z</time></trkpt><trkpt lat="43.594750" lon="3.391708"><ele>311.056</ele><time>2021-01-17T11:37:27Z</time></trkpt><trkpt lat="43.594753" lon="3.391677"><ele>311.834</ele><time>2021-01-17T11:37:29Z</time></trkpt><trkpt lat="43.594782" lon="3.391621"><ele>312.855</ele><time>2021-01-17T11:37:34Z</time></trkpt><trkpt lat="43.594795" lon="3.391601"><ele>313.610</ele><time>2021-01-17T11:37:36Z</time></trkpt><trkpt lat="43.594800" lon="3.391589"><ele>314.208</ele><time>2021-01-17T11:37:37Z</time></trkpt><trkpt lat="43.594813" lon="3.391553"><ele>315.289</ele><time>2021-01-17T11:37:41Z</time></trkpt><trkpt lat="43.594820" lon="3.391549"><ele>315.697</ele><time>2021-01-17T11:37:42Z</time></trkpt><trkpt lat="43.594854" lon="3.391542"><ele>316.263</ele><time>2021-01-17T11:37:44Z</time></trkpt><trkpt lat="43.594862" lon="3.391538"><ele>316.421</ele><time>2021-01-17T11:37:45Z</time></trkpt><trkpt lat="43.594883" lon="3.391511"><ele>316.691</ele><time>2021-01-17T11:37:48Z</time></trkpt><trkpt lat="43.594927" lon="3.391489"><ele>317.030</ele><time>2021-01-17T11:37:51Z</time></trkpt><trkpt lat="43.594980" lon="3.391457"><ele>317.416</ele><time>2021-01-17T11:37:56Z</time></trkpt><trkpt lat="43.594995" lon="3.391459"><ele>317.692</ele><time>2021-01-17T11:37:57Z</time></trkpt><trkpt lat="43.595083" lon="3.391462"><ele>317.656</ele><time>2021-01-17T11:38:03Z</time></trkpt><trkpt lat="43.595094" lon="3.391479"><ele>317.459</ele><time>2021-01-17T11:38:04Z</time></trkpt><trkpt lat="43.595138" lon="3.391538"><ele>316.414</ele><time>2021-01-17T11:38:08Z</time></trkpt><trkpt lat="43.595157" lon="3.391592"><ele>315.208</ele><time>2021-01-17T11:38:11Z</time></trkpt><trkpt lat="43.595167" lon="3.391610"><ele>314.891</ele><time>2021-01-17T11:38:12Z</time></trkpt><trkpt lat="43.595201" lon="3.391620"><ele>314.039</ele><time>2021-01-17T11:38:14Z</time></trkpt><trkpt lat="43.595221" lon="3.391616"><ele>313.835</ele><time>2021-01-17T11:38:15Z</time></trkpt><trkpt lat="43.595307" lon="3.391621"><ele>312.813</ele><time>2021-01-17T11:38:20Z</time></trkpt><trkpt lat="43.595318" lon="3.391617"><ele>312.683</ele><time>2021-01-17T11:38:21Z</time></trkpt><trkpt lat="43.595324" lon="3.391610"><ele>312.452</ele><time>2021-01-17T11:38:22Z</time></trkpt><trkpt lat="43.595340" lon="3.391597"><ele>312.238</ele><time>2021-01-17T11:38:25Z</time></trkpt><trkpt lat="43.595336" lon="3.391601"><ele>312.244</ele><time>2021-01-17T11:38:27Z</time></trkpt><trkpt lat="43.595337" lon="3.391601"><ele>312.238</ele><time>2021-01-17T11:38:28Z</time></trkpt><trkpt lat="43.595344" lon="3.391603"><ele>312.270</ele><time>2021-01-17T11:38:33Z</time></trkpt><trkpt lat="43.595346" lon="3.391600"><ele>312.217</ele><time>2021-01-17T11:38:35Z</time></trkpt><trkpt lat="43.595350" lon="3.391598"><ele>312.208</ele><time>2021-01-17T11:38:37Z</time></trkpt><trkpt lat="43.595352" lon="3.391602"><ele>312.249</ele><time>2021-01-17T11:38:42Z</time></trkpt><trkpt lat="43.595352" lon="3.391602"><ele>312.027</ele><time>2021-01-17T11:38:45Z</time></trkpt><trkpt lat="43.595352" lon="3.391602"><ele>312.033</ele><time>2021-01-17T11:38:47Z</time></trkpt><trkpt lat="43.595355" lon="3.391602"><ele>312.281</ele><time>2021-01-17T11:38:54Z</time></trkpt><trkpt lat="43.595402" lon="3.391593"><ele>312.071</ele><time>2021-01-17T11:38:57Z</time></trkpt><trkpt lat="43.595456" lon="3.391582"><ele>311.860</ele><time>2021-01-17T11:39:00Z</time></trkpt><trkpt lat="43.595516" lon="3.391569"><ele>311.416</ele><time>2021-01-17T11:39:04Z</time></trkpt><trkpt lat="43.595542" lon="3.391561"><ele>311.492</ele><time>2021-01-17T11:39:07Z</time></trkpt><trkpt lat="43.595570" lon="3.391512"><ele>311.839</ele><time>2021-01-17T11:39:11Z</time></trkpt><trkpt lat="43.595562" lon="3.391484"><ele>312.401</ele><time>2021-01-17T11:39:13Z</time></trkpt><trkpt lat="43.595566" lon="3.391470"><ele>313.021</ele><time>2021-01-17T11:39:15Z</time></trkpt><trkpt lat="43.595585" lon="3.391433"><ele>314.008</ele><time>2021-01-17T11:39:19Z</time></trkpt><trkpt lat="43.595591" lon="3.391402"><ele>314.649</ele><time>2021-01-17T11:39:21Z</time></trkpt><trkpt lat="43.595599" lon="3.391388"><ele>315.047</ele><time>2021-01-17T11:39:22Z</time></trkpt><trkpt lat="43.595621" lon="3.391352"><ele>315.413</ele><time>2021-01-17T11:39:24Z</time></trkpt><trkpt lat="43.595634" lon="3.391331"><ele>315.471</ele><time>2021-01-17T11:39:25Z</time></trkpt><trkpt lat="43.595658" lon="3.391251"><ele>316.261</ele><time>2021-01-17T11:39:28Z</time></trkpt><trkpt lat="43.595669" lon="3.391234"><ele>316.670</ele><time>2021-01-17T11:39:29Z</time></trkpt><trkpt lat="43.595689" lon="3.391232"><ele>317.076</ele><time>2021-01-17T11:39:31Z</time></trkpt><trkpt lat="43.595695" lon="3.391234"><ele>317.292</ele><time>2021-01-17T11:39:32Z</time></trkpt><trkpt lat="43.595700" lon="3.391235"><ele>317.246</ele><time>2021-01-17T11:39:33Z</time></trkpt><trkpt lat="43.595709" lon="3.391236"><ele>317.288</ele><time>2021-01-17T11:39:34Z</time></trkpt><trkpt lat="43.595743" lon="3.391277"><ele>316.016</ele><time>2021-01-17T11:39:40Z</time></trkpt><trkpt lat="43.595751" lon="3.391321"><ele>312.408</ele><time>2021-01-17T11:39:42Z</time></trkpt><trkpt lat="43.595786" lon="3.391410"><ele>312.430</ele><time>2021-01-17T11:39:46Z</time></trkpt><trkpt lat="43.595834" lon="3.391439"><ele>312.458</ele><time>2021-01-17T11:39:50Z</time></trkpt><trkpt lat="43.595834" lon="3.391447"><ele>312.084</ele><time>2021-01-17T11:39:51Z</time></trkpt><trkpt lat="43.595844" lon="3.391480"><ele>311.222</ele><time>2021-01-17T11:39:53Z</time></trkpt><trkpt lat="43.595884" lon="3.391525"><ele>310.052</ele><time>2021-01-17T11:39:56Z</time></trkpt><trkpt lat="43.595895" lon="3.391534"><ele>309.651</ele><time>2021-01-17T11:39:57Z</time></trkpt><trkpt lat="43.595899" lon="3.391548"><ele>309.057</ele><time>2021-01-17T11:39:58Z</time></trkpt><trkpt lat="43.595898" lon="3.391573"><ele>308.423</ele><time>2021-01-17T11:39:59Z</time></trkpt><trkpt lat="43.595898" lon="3.391624"><ele>307.064</ele><time>2021-01-17T11:40:01Z</time></trkpt><trkpt lat="43.595900" lon="3.391650"><ele>306.206</ele><time>2021-01-17T11:40:02Z</time></trkpt><trkpt lat="43.595902" lon="3.391674"><ele>305.816</ele><time>2021-01-17T11:40:03Z</time></trkpt><trkpt lat="43.595918" lon="3.391734"><ele>304.408</ele><time>2021-01-17T11:40:06Z</time></trkpt><trkpt lat="43.595959" lon="3.391786"><ele>303.032</ele><time>2021-01-17T11:40:10Z</time></trkpt><trkpt lat="43.595968" lon="3.391834"><ele>301.820</ele><time>2021-01-17T11:40:13Z</time></trkpt><trkpt lat="43.595986" lon="3.391888"><ele>300.696</ele><time>2021-01-17T11:40:16Z</time></trkpt><trkpt lat="43.596000" lon="3.391921"><ele>299.654</ele><time>2021-01-17T11:40:18Z</time></trkpt><trkpt lat="43.596003" lon="3.391939"><ele>299.054</ele><time>2021-01-17T11:40:19Z</time></trkpt><trkpt lat="43.595986" lon="3.391969"><ele>298.033</ele><time>2021-01-17T11:40:21Z</time></trkpt><trkpt lat="43.595967" lon="3.391981"><ele>297.639</ele><time>2021-01-17T11:40:22Z</time></trkpt><trkpt lat="43.595934" lon="3.392022"><ele>296.645</ele><time>2021-01-17T11:40:25Z</time></trkpt><trkpt lat="43.595926" lon="3.392056"><ele>295.828</ele><time>2021-01-17T11:40:27Z</time></trkpt><trkpt lat="43.595928" lon="3.392069"><ele>295.489</ele><time>2021-01-17T11:40:28Z</time></trkpt><trkpt lat="43.595934" lon="3.392097"><ele>294.417</ele><time>2021-01-17T11:40:30Z</time></trkpt><trkpt lat="43.595935" lon="3.392134"><ele>293.208</ele><time>2021-01-17T11:40:32Z</time></trkpt><trkpt lat="43.595927" lon="3.392176"><ele>292.058</ele><time>2021-01-17T11:40:34Z</time></trkpt><trkpt lat="43.595925" lon="3.392194"><ele>291.466</ele><time>2021-01-17T11:40:35Z</time></trkpt><trkpt lat="43.595928" lon="3.392208"><ele>291.092</ele><time>2021-01-17T11:40:36Z</time></trkpt><trkpt lat="43.595936" lon="3.392240"><ele>289.890</ele><time>2021-01-17T11:40:38Z</time></trkpt><trkpt lat="43.595939" lon="3.392274"><ele>288.450</ele><time>2021-01-17T11:40:40Z</time></trkpt><trkpt lat="43.595947" lon="3.392292"><ele>287.819</ele><time>2021-01-17T11:40:41Z</time></trkpt><trkpt lat="43.595953" lon="3.392307"><ele>287.285</ele><time>2021-01-17T11:40:42Z</time></trkpt><trkpt lat="43.595962" lon="3.392343"><ele>286.041</ele><time>2021-01-17T11:40:45Z</time></trkpt><trkpt lat="43.595966" lon="3.392380"><ele>284.694</ele><time>2021-01-17T11:40:47Z</time></trkpt><trkpt lat="43.595977" lon="3.392398"><ele>284.057</ele><time>2021-01-17T11:40:48Z</time></trkpt><trkpt lat="43.595991" lon="3.392412"><ele>283.422</ele><time>2021-01-17T11:40:49Z</time></trkpt><trkpt lat="43.596038" lon="3.392423"><ele>282.408</ele><time>2021-01-17T11:40:53Z</time></trkpt><trkpt lat="43.596046" lon="3.392432"><ele>282.025</ele><time>2021-01-17T11:40:54Z</time></trkpt><trkpt lat="43.596066" lon="3.392453"><ele>281.413</ele><time>2021-01-17T11:40:57Z</time></trkpt><trkpt lat="43.596067" lon="3.392488"><ele>280.629</ele><time>2021-01-17T11:41:00Z</time></trkpt><trkpt lat="43.596056" lon="3.392524"><ele>280.057</ele><time>2021-01-17T11:41:02Z</time></trkpt><trkpt lat="43.596022" lon="3.392585"><ele>278.857</ele><time>2021-01-17T11:41:06Z</time></trkpt><trkpt lat="43.596021" lon="3.392605"><ele>278.446</ele><time>2021-01-17T11:41:07Z</time></trkpt><trkpt lat="43.596029" lon="3.392631"><ele>278.262</ele><time>2021-01-17T11:41:09Z</time></trkpt><trkpt lat="43.596036" lon="3.392650"><ele>277.868</ele><time>2021-01-17T11:41:11Z</time></trkpt><trkpt lat="43.596032" lon="3.392658"><ele>277.439</ele><time>2021-01-17T11:41:12Z</time></trkpt><trkpt lat="43.596029" lon="3.392663"><ele>277.201</ele><time>2021-01-17T11:41:13Z</time></trkpt><trkpt lat="43.596028" lon="3.392667"><ele>277.021</ele><time>2021-01-17T11:41:14Z</time></trkpt><trkpt lat="43.596029" lon="3.392675"><ele>276.408</ele><time>2021-01-17T11:41:16Z</time></trkpt><trkpt lat="43.596038" lon="3.392693"><ele>275.239</ele><time>2021-01-17T11:41:18Z</time></trkpt><trkpt lat="43.596035" lon="3.392700"><ele>274.817</ele><time>2021-01-17T11:41:19Z</time></trkpt><trkpt lat="43.596021" lon="3.392721"><ele>273.833</ele><time>2021-01-17T11:41:21Z</time></trkpt><trkpt lat="43.596013" lon="3.392742"><ele>272.851</ele><time>2021-01-17T11:41:25Z</time></trkpt><trkpt lat="43.596014" lon="3.392750"><ele>272.631</ele><time>2021-01-17T11:41:26Z</time></trkpt><trkpt lat="43.596012" lon="3.392758"><ele>272.450</ele><time>2021-01-17T11:41:27Z</time></trkpt><trkpt lat="43.596007" lon="3.392771"><ele>272.216</ele><time>2021-01-17T11:41:28Z</time></trkpt><trkpt lat="43.596000" lon="3.392802"><ele>271.682</ele><time>2021-01-17T11:41:30Z</time></trkpt><trkpt lat="43.595993" lon="3.392836"><ele>270.498</ele><time>2021-01-17T11:41:32Z</time></trkpt><trkpt lat="43.595974" lon="3.392861"><ele>269.415</ele><time>2021-01-17T11:41:34Z</time></trkpt><trkpt lat="43.595934" lon="3.392894"><ele>268.426</ele><time>2021-01-17T11:41:37Z</time></trkpt><trkpt lat="43.595927" lon="3.392911"><ele>268.008</ele><time>2021-01-17T11:41:38Z</time></trkpt><trkpt lat="43.595918" lon="3.392938"><ele>267.655</ele><time>2021-01-17T11:41:40Z</time></trkpt><trkpt lat="43.595917" lon="3.392959"><ele>266.623</ele><time>2021-01-17T11:41:43Z</time></trkpt><trkpt lat="43.595915" lon="3.392967"><ele>266.459</ele><time>2021-01-17T11:41:44Z</time></trkpt><trkpt lat="43.595914" lon="3.392976"><ele>265.627</ele><time>2021-01-17T11:41:46Z</time></trkpt><trkpt lat="43.595916" lon="3.392983"><ele>265.237</ele><time>2021-01-17T11:41:47Z</time></trkpt><trkpt lat="43.595912" lon="3.393028"><ele>263.876</ele><time>2021-01-17T11:41:50Z</time></trkpt><trkpt lat="43.595905" lon="3.393045"><ele>263.282</ele><time>2021-01-17T11:41:51Z</time></trkpt><trkpt lat="43.595902" lon="3.393054"><ele>262.828</ele><time>2021-01-17T11:41:52Z</time></trkpt><trkpt lat="43.595902" lon="3.393059"><ele>262.476</ele><time>2021-01-17T11:41:53Z</time></trkpt><trkpt lat="43.595904" lon="3.393068"><ele>261.890</ele><time>2021-01-17T11:41:54Z</time></trkpt><trkpt lat="43.595905" lon="3.393074"><ele>261.419</ele><time>2021-01-17T11:41:55Z</time></trkpt><trkpt lat="43.595904" lon="3.393079"><ele>261.008</ele><time>2021-01-17T11:41:56Z</time></trkpt><trkpt lat="43.595903" lon="3.393108"><ele>260.053</ele><time>2021-01-17T11:41:58Z</time></trkpt><trkpt lat="43.595896" lon="3.393144"><ele>258.861</ele><time>2021-01-17T11:42:01Z</time></trkpt><trkpt lat="43.595891" lon="3.393149"><ele>258.627</ele><time>2021-01-17T11:42:02Z</time></trkpt><trkpt lat="43.595893" lon="3.393160"><ele>258.495</ele><time>2021-01-17T11:42:03Z</time></trkpt><trkpt lat="43.595889" lon="3.393170"><ele>257.865</ele><time>2021-01-17T11:42:06Z</time></trkpt><trkpt lat="43.595867" lon="3.393180"><ele>257.254</ele><time>2021-01-17T11:42:08Z</time></trkpt><trkpt lat="43.595827" lon="3.393186"><ele>256.680</ele><time>2021-01-17T11:42:10Z</time></trkpt><trkpt lat="43.595810" lon="3.393200"><ele>256.466</ele><time>2021-01-17T11:42:11Z</time></trkpt><trkpt lat="43.595793" lon="3.393214"><ele>256.041</ele><time>2021-01-17T11:42:12Z</time></trkpt><trkpt lat="43.595779" lon="3.393229"><ele>255.681</ele><time>2021-01-17T11:42:13Z</time></trkpt><trkpt lat="43.595711" lon="3.393279"><ele>254.409</ele><time>2021-01-17T11:42:17Z</time></trkpt><trkpt lat="43.595688" lon="3.393291"><ele>254.208</ele><time>2021-01-17T11:42:18Z</time></trkpt><trkpt lat="43.595644" lon="3.393325"><ele>253.470</ele><time>2021-01-17T11:42:21Z</time></trkpt><trkpt lat="43.595631" lon="3.393336"><ele>253.258</ele><time>2021-01-17T11:42:22Z</time></trkpt><trkpt lat="43.595614" lon="3.393348"><ele>253.084</ele><time>2021-01-17T11:42:23Z</time></trkpt><trkpt lat="43.595566" lon="3.393403"><ele>253.032</ele><time>2021-01-17T11:42:28Z</time></trkpt><trkpt lat="43.595560" lon="3.393411"><ele>253.462</ele><time>2021-01-17T11:42:29Z</time></trkpt><trkpt lat="43.595551" lon="3.393465"><ele>254.411</ele><time>2021-01-17T11:42:33Z</time></trkpt><trkpt lat="43.595526" lon="3.393504"><ele>255.047</ele><time>2021-01-17T11:42:36Z</time></trkpt><trkpt lat="43.595512" lon="3.393535"><ele>255.463</ele><time>2021-01-17T11:42:38Z</time></trkpt><trkpt lat="43.595501" lon="3.393545"><ele>255.628</ele><time>2021-01-17T11:42:39Z</time></trkpt><trkpt lat="43.595468" lon="3.393589"><ele>256.489</ele><time>2021-01-17T11:42:43Z</time></trkpt><trkpt lat="43.595457" lon="3.393604"><ele>256.617</ele><time>2021-01-17T11:42:44Z</time></trkpt><trkpt lat="43.595398" lon="3.393665"><ele>257.208</ele><time>2021-01-17T11:42:48Z</time></trkpt><trkpt lat="43.595365" lon="3.393687"><ele>257.678</ele><time>2021-01-17T11:42:50Z</time></trkpt><trkpt lat="43.595347" lon="3.393701"><ele>258.076</ele><time>2021-01-17T11:42:51Z</time></trkpt><trkpt lat="43.595281" lon="3.393770"><ele>258.832</ele><time>2021-01-17T11:42:56Z</time></trkpt><trkpt lat="43.595206" lon="3.393847"><ele>258.050</ele><time>2021-01-17T11:43:01Z</time></trkpt><trkpt lat="43.595111" lon="3.393878"><ele>257.440</ele><time>2021-01-17T11:43:07Z</time></trkpt><trkpt lat="43.595041" lon="3.393901"><ele>256.899</ele><time>2021-01-17T11:43:11Z</time></trkpt><trkpt lat="43.594990" lon="3.393936"><ele>255.815</ele><time>2021-01-17T11:43:14Z</time></trkpt><trkpt lat="43.594971" lon="3.393940"><ele>255.671</ele><time>2021-01-17T11:43:15Z</time></trkpt><trkpt lat="43.594821" lon="3.393960"><ele>255.072</ele><time>2021-01-17T11:43:21Z</time></trkpt><trkpt lat="43.594647" lon="3.394006"><ele>254.613</ele><time>2021-01-17T11:43:29Z</time></trkpt><trkpt lat="43.594489" lon="3.394056"><ele>254.214</ele><time>2021-01-17T11:43:36Z</time></trkpt><trkpt lat="43.594466" lon="3.394064"><ele>254.208</ele><time>2021-01-17T11:43:37Z</time></trkpt><trkpt lat="43.594405" lon="3.394122"><ele>253.443</ele><time>2021-01-17T11:43:41Z</time></trkpt><trkpt lat="43.594368" lon="3.394156"><ele>252.611</ele><time>2021-01-17T11:43:43Z</time></trkpt><trkpt lat="43.594347" lon="3.394168"><ele>252.237</ele><time>2021-01-17T11:43:44Z</time></trkpt><trkpt lat="43.594247" lon="3.394201"><ele>251.695</ele><time>2021-01-17T11:43:50Z</time></trkpt><trkpt lat="43.594131" lon="3.394235"><ele>251.265</ele><time>2021-01-17T11:43:56Z</time></trkpt><trkpt lat="43.594114" lon="3.394238"><ele>251.074</ele><time>2021-01-17T11:43:57Z</time></trkpt><trkpt lat="43.593981" lon="3.394288"><ele>250.030</ele><time>2021-01-17T11:44:03Z</time></trkpt><trkpt lat="43.593961" lon="3.394304"><ele>250.026</ele><time>2021-01-17T11:44:04Z</time></trkpt><trkpt lat="43.593869" lon="3.394336"><ele>248.813</ele><time>2021-01-17T11:44:08Z</time></trkpt><trkpt lat="43.593797" lon="3.394338"><ele>248.443</ele><time>2021-01-17T11:44:11Z</time></trkpt><trkpt lat="43.593752" lon="3.394341"><ele>248.407</ele><time>2021-01-17T11:44:13Z</time></trkpt><trkpt lat="43.593609" lon="3.394309"><ele>248.208</ele><time>2021-01-17T11:44:19Z</time></trkpt><trkpt lat="43.593538" lon="3.394244"><ele>249.237</ele><time>2021-01-17T11:44:25Z</time></trkpt><trkpt lat="43.593545" lon="3.394248"><ele>249.695</ele><time>2021-01-17T11:44:31Z</time></trkpt><trkpt lat="43.593549" lon="3.394250"><ele>249.491</ele><time>2021-01-17T11:44:32Z</time></trkpt><trkpt lat="43.593555" lon="3.394266"><ele>248.219</ele><time>2021-01-17T11:44:39Z</time></trkpt><trkpt lat="43.593579" lon="3.394290"><ele>248.079</ele><time>2021-01-17T11:44:43Z</time></trkpt><trkpt lat="43.593578" lon="3.394291"><ele>248.038</ele><time>2021-01-17T11:44:45Z</time></trkpt><trkpt lat="43.593578" lon="3.394291"><ele>248.284</ele><time>2021-01-17T11:44:47Z</time></trkpt><trkpt lat="43.593530" lon="3.394302"><ele>247.670</ele><time>2021-01-17T11:44:51Z</time></trkpt><trkpt lat="43.593448" lon="3.394317"><ele>247.098</ele><time>2021-01-17T11:44:55Z</time></trkpt><trkpt lat="43.593405" lon="3.394332"><ele>246.415</ele><time>2021-01-17T11:44:57Z</time></trkpt><trkpt lat="43.593360" lon="3.394338"><ele>245.626</ele><time>2021-01-17T11:44:59Z</time></trkpt><trkpt lat="43.593346" lon="3.394342"><ele>245.408</ele><time>2021-01-17T11:45:00Z</time></trkpt><trkpt lat="43.593321" lon="3.394357"><ele>244.225</ele><time>2021-01-17T11:45:03Z</time></trkpt><trkpt lat="43.593311" lon="3.394368"><ele>243.813</ele><time>2021-01-17T11:45:04Z</time></trkpt><trkpt lat="43.593293" lon="3.394395"><ele>243.069</ele><time>2021-01-17T11:45:06Z</time></trkpt><trkpt lat="43.593286" lon="3.394411"><ele>242.427</ele><time>2021-01-17T11:45:07Z</time></trkpt><trkpt lat="43.593281" lon="3.394430"><ele>241.857</ele><time>2021-01-17T11:45:08Z</time></trkpt><trkpt lat="43.593242" lon="3.394476"><ele>240.656</ele><time>2021-01-17T11:45:11Z</time></trkpt><trkpt lat="43.593177" lon="3.394533"><ele>239.642</ele><time>2021-01-17T11:45:15Z</time></trkpt><trkpt lat="43.593158" lon="3.394541"><ele>239.418</ele><time>2021-01-17T11:45:16Z</time></trkpt><trkpt lat="43.593121" lon="3.394559"><ele>239.245</ele><time>2021-01-17T11:45:19Z</time></trkpt><trkpt lat="43.593091" lon="3.394579"><ele>239.847</ele><time>2021-01-17T11:45:22Z</time></trkpt><trkpt lat="43.593050" lon="3.394581"><ele>240.411</ele><time>2021-01-17T11:45:26Z</time></trkpt><trkpt lat="43.593034" lon="3.394586"><ele>240.608</ele><time>2021-01-17T11:45:28Z</time></trkpt><trkpt lat="43.593026" lon="3.394591"><ele>240.870</ele><time>2021-01-17T11:45:29Z</time></trkpt><trkpt lat="43.593014" lon="3.394613"><ele>242.068</ele><time>2021-01-17T11:45:32Z</time></trkpt><trkpt lat="43.593010" lon="3.394633"><ele>243.074</ele><time>2021-01-17T11:45:34Z</time></trkpt><trkpt lat="43.593005" lon="3.394641"><ele>243.292</ele><time>2021-01-17T11:45:35Z</time></trkpt><trkpt lat="43.592996" lon="3.394653"><ele>243.842</ele><time>2021-01-17T11:45:38Z</time></trkpt><trkpt lat="43.592991" lon="3.394650"><ele>244.061</ele><time>2021-01-17T11:45:39Z</time></trkpt><trkpt lat="43.592986" lon="3.394650"><ele>244.217</ele><time>2021-01-17T11:45:40Z</time></trkpt><trkpt lat="43.592977" lon="3.394651"><ele>244.473</ele><time>2021-01-17T11:45:41Z</time></trkpt><trkpt lat="43.592970" lon="3.394651"><ele>244.615</ele><time>2021-01-17T11:45:42Z</time></trkpt><trkpt lat="43.592954" lon="3.394646"><ele>245.065</ele><time>2021-01-17T11:45:44Z</time></trkpt><trkpt lat="43.592945" lon="3.394642"><ele>245.411</ele><time>2021-01-17T11:45:45Z</time></trkpt><trkpt lat="43.592910" lon="3.394638"><ele>246.608</ele><time>2021-01-17T11:45:48Z</time></trkpt><trkpt lat="43.592899" lon="3.394637"><ele>247.017</ele><time>2021-01-17T11:45:49Z</time></trkpt><trkpt lat="43.592860" lon="3.394644"><ele>247.825</ele><time>2021-01-17T11:45:53Z</time></trkpt><trkpt lat="43.592843" lon="3.394639"><ele>248.211</ele><time>2021-01-17T11:45:55Z</time></trkpt><trkpt lat="43.592813" lon="3.394654"><ele>248.819</ele><time>2021-01-17T11:45:59Z</time></trkpt><trkpt lat="43.592805" lon="3.394662"><ele>249.079</ele><time>2021-01-17T11:46:00Z</time></trkpt><trkpt lat="43.592772" lon="3.394687"><ele>250.038</ele><time>2021-01-17T11:46:04Z</time></trkpt><trkpt lat="43.592731" lon="3.394719"><ele>251.224</ele><time>2021-01-17T11:46:09Z</time></trkpt><trkpt lat="43.592691" lon="3.394741"><ele>252.480</ele><time>2021-01-17T11:46:13Z</time></trkpt><trkpt lat="43.592686" lon="3.394754"><ele>252.871</ele><time>2021-01-17T11:46:14Z</time></trkpt><trkpt lat="43.592667" lon="3.394785"><ele>253.441</ele><time>2021-01-17T11:46:17Z</time></trkpt><trkpt lat="43.592658" lon="3.394791"><ele>253.615</ele><time>2021-01-17T11:46:18Z</time></trkpt><trkpt lat="43.592617" lon="3.394840"><ele>254.608</ele><time>2021-01-17T11:46:23Z</time></trkpt><trkpt lat="43.592595" lon="3.394881"><ele>254.823</ele><time>2021-01-17T11:46:27Z</time></trkpt><trkpt lat="43.592541" lon="3.394966"><ele>255.641</ele><time>2021-01-17T11:46:34Z</time></trkpt><trkpt lat="43.592502" lon="3.395023"><ele>256.817</ele><time>2021-01-17T11:46:39Z</time></trkpt><trkpt lat="43.592498" lon="3.395041"><ele>257.035</ele><time>2021-01-17T11:46:40Z</time></trkpt><trkpt lat="43.592478" lon="3.395090"><ele>257.255</ele><time>2021-01-17T11:46:43Z</time></trkpt><trkpt lat="43.592438" lon="3.395147"><ele>258.224</ele><time>2021-01-17T11:46:48Z</time></trkpt><trkpt lat="43.592414" lon="3.395158"><ele>258.690</ele><time>2021-01-17T11:46:50Z</time></trkpt><trkpt lat="43.592390" lon="3.395176"><ele>259.486</ele><time>2021-01-17T11:46:52Z</time></trkpt><trkpt lat="43.592354" lon="3.395193"><ele>260.694</ele><time>2021-01-17T11:46:56Z</time></trkpt><trkpt lat="43.592334" lon="3.395209"><ele>261.257</ele><time>2021-01-17T11:46:59Z</time></trkpt><trkpt lat="43.592315" lon="3.395219"><ele>261.622</ele><time>2021-01-17T11:47:01Z</time></trkpt><trkpt lat="43.592263" lon="3.395248"><ele>262.208</ele><time>2021-01-17T11:47:06Z</time></trkpt><trkpt lat="43.592238" lon="3.395276"><ele>262.865</ele><time>2021-01-17T11:47:09Z</time></trkpt><trkpt lat="43.592188" lon="3.395331"><ele>264.043</ele><time>2021-01-17T11:47:15Z</time></trkpt><trkpt lat="43.592168" lon="3.395347"><ele>264.499</ele><time>2021-01-17T11:47:17Z</time></trkpt><trkpt lat="43.592146" lon="3.395377"><ele>265.077</ele><time>2021-01-17T11:47:20Z</time></trkpt><trkpt lat="43.592107" lon="3.395449"><ele>266.097</ele><time>2021-01-17T11:47:26Z</time></trkpt><trkpt lat="43.592109" lon="3.395470"><ele>266.046</ele><time>2021-01-17T11:47:27Z</time></trkpt><trkpt lat="43.592116" lon="3.395511"><ele>266.062</ele><time>2021-01-17T11:47:29Z</time></trkpt><trkpt lat="43.592199" lon="3.395668"><ele>266.038</ele><time>2021-01-17T11:47:36Z</time></trkpt><trkpt lat="43.592249" lon="3.395736"><ele>265.893</ele><time>2021-01-17T11:47:39Z</time></trkpt><trkpt lat="43.592318" lon="3.395815"><ele>265.465</ele><time>2021-01-17T11:47:43Z</time></trkpt><trkpt lat="43.592357" lon="3.395858"><ele>265.021</ele><time>2021-01-17T11:47:45Z</time></trkpt><trkpt lat="43.592462" lon="3.395952"><ele>264.208</ele><time>2021-01-17T11:47:50Z</time></trkpt><trkpt lat="43.592483" lon="3.395969"><ele>264.075</ele><time>2021-01-17T11:47:51Z</time></trkpt><trkpt lat="43.592499" lon="3.395985"><ele>264.013</ele><time>2021-01-17T11:47:52Z</time></trkpt><trkpt lat="43.592550" lon="3.396051"><ele>263.429</ele><time>2021-01-17T11:47:55Z</time></trkpt><trkpt lat="43.592687" lon="3.396165"><ele>263.067</ele><time>2021-01-17T11:48:02Z</time></trkpt><trkpt lat="43.592709" lon="3.396155"><ele>263.027</ele><time>2021-01-17T11:48:03Z</time></trkpt><trkpt lat="43.592764" lon="3.396092"><ele>262.086</ele><time>2021-01-17T11:48:06Z</time></trkpt><trkpt lat="43.592779" lon="3.396062"><ele>261.882</ele><time>2021-01-17T11:48:07Z</time></trkpt><trkpt lat="43.592831" lon="3.395951"><ele>260.648</ele><time>2021-01-17T11:48:11Z</time></trkpt><trkpt lat="43.592862" lon="3.395907"><ele>260.449</ele><time>2021-01-17T11:48:13Z</time></trkpt><trkpt lat="43.593040" lon="3.395779"><ele>259.602</ele><time>2021-01-17T11:48:21Z</time></trkpt><trkpt lat="43.593120" lon="3.395736"><ele>258.422</ele><time>2021-01-17T11:48:25Z</time></trkpt><trkpt lat="43.593217" lon="3.395701"><ele>257.808</ele><time>2021-01-17T11:48:29Z</time></trkpt><trkpt lat="43.593326" lon="3.395679"><ele>257.450</ele><time>2021-01-17T11:48:34Z</time></trkpt><trkpt lat="43.593373" lon="3.395677"><ele>257.028</ele><time>2021-01-17T11:48:36Z</time></trkpt><trkpt lat="43.593442" lon="3.395671"><ele>256.214</ele><time>2021-01-17T11:48:39Z</time></trkpt><trkpt lat="43.593549" lon="3.395666"><ele>255.222</ele><time>2021-01-17T11:48:43Z</time></trkpt><trkpt lat="43.593622" lon="3.395670"><ele>255.012</ele><time>2021-01-17T11:48:46Z</time></trkpt><trkpt lat="43.593777" lon="3.395678"><ele>253.871</ele><time>2021-01-17T11:48:52Z</time></trkpt><trkpt lat="43.593826" lon="3.395696"><ele>253.617</ele><time>2021-01-17T11:48:54Z</time></trkpt><trkpt lat="43.593884" lon="3.395706"><ele>252.423</ele><time>2021-01-17T11:48:56Z</time></trkpt><trkpt lat="43.593969" lon="3.395723"><ele>251.414</ele><time>2021-01-17T11:48:59Z</time></trkpt><trkpt lat="43.594021" lon="3.395740"><ele>251.254</ele><time>2021-01-17T11:49:01Z</time></trkpt><trkpt lat="43.594149" lon="3.395791"><ele>251.409</ele><time>2021-01-17T11:49:06Z</time></trkpt><trkpt lat="43.594171" lon="3.395800"><ele>251.208</ele><time>2021-01-17T11:49:07Z</time></trkpt><trkpt lat="43.594289" lon="3.395841"><ele>250.077</ele><time>2021-01-17T11:49:12Z</time></trkpt><trkpt lat="43.594365" lon="3.395871"><ele>249.235</ele><time>2021-01-17T11:49:15Z</time></trkpt><trkpt lat="43.594475" lon="3.395907"><ele>249.081</ele><time>2021-01-17T11:49:19Z</time></trkpt><trkpt lat="43.594596" lon="3.395952"><ele>248.469</ele><time>2021-01-17T11:49:24Z</time></trkpt><trkpt lat="43.594653" lon="3.395968"><ele>247.899</ele><time>2021-01-17T11:49:26Z</time></trkpt><trkpt lat="43.594710" lon="3.395977"><ele>247.878</ele><time>2021-01-17T11:49:28Z</time></trkpt><trkpt lat="43.594844" lon="3.396023"><ele>246.614</ele><time>2021-01-17T11:49:33Z</time></trkpt><trkpt lat="43.594870" lon="3.396032"><ele>246.060</ele><time>2021-01-17T11:49:34Z</time></trkpt><trkpt lat="43.594894" lon="3.396039"><ele>245.662</ele><time>2021-01-17T11:49:35Z</time></trkpt><trkpt lat="43.595089" lon="3.396090"><ele>244.683</ele><time>2021-01-17T11:49:42Z</time></trkpt><trkpt lat="43.595274" lon="3.396159"><ele>243.411</ele><time>2021-01-17T11:49:49Z</time></trkpt><trkpt lat="43.595298" lon="3.396166"><ele>243.208</ele><time>2021-01-17T11:49:50Z</time></trkpt><trkpt lat="43.595326" lon="3.396174"><ele>243.042</ele><time>2021-01-17T11:49:51Z</time></trkpt><trkpt lat="43.595410" lon="3.396205"><ele>242.260</ele><time>2021-01-17T11:49:54Z</time></trkpt><trkpt lat="43.595578" lon="3.396260"><ele>241.286</ele><time>2021-01-17T11:50:00Z</time></trkpt><trkpt lat="43.595605" lon="3.396266"><ele>240.824</ele><time>2021-01-17T11:50:01Z</time></trkpt><trkpt lat="43.595791" lon="3.396260"><ele>239.824</ele><time>2021-01-17T11:50:08Z</time></trkpt><trkpt lat="43.595841" lon="3.396244"><ele>239.073</ele><time>2021-01-17T11:50:10Z</time></trkpt><trkpt lat="43.595866" lon="3.396235"><ele>238.649</ele><time>2021-01-17T11:50:11Z</time></trkpt><trkpt lat="43.596005" lon="3.396182"><ele>237.695</ele><time>2021-01-17T11:50:16Z</time></trkpt><trkpt lat="43.596047" lon="3.396160"><ele>237.047</ele><time>2021-01-17T11:50:18Z</time></trkpt><trkpt lat="43.596086" lon="3.396131"><ele>236.629</ele><time>2021-01-17T11:50:20Z</time></trkpt><trkpt lat="43.596110" lon="3.396080"><ele>236.221</ele><time>2021-01-17T11:50:22Z</time></trkpt><trkpt lat="43.596103" lon="3.396058"><ele>235.808</ele><time>2021-01-17T11:50:23Z</time></trkpt><trkpt lat="43.596083" lon="3.396043"><ele>235.490</ele><time>2021-01-17T11:50:24Z</time></trkpt><trkpt lat="43.596030" lon="3.396041"><ele>235.218</ele><time>2021-01-17T11:50:26Z</time></trkpt><trkpt lat="43.595944" lon="3.396044"><ele>234.484</ele><time>2021-01-17T11:50:29Z</time></trkpt><trkpt lat="43.595853" lon="3.396044"><ele>234.062</ele><time>2021-01-17T11:50:32Z</time></trkpt><trkpt lat="43.595794" lon="3.396028"><ele>233.612</ele><time>2021-01-17T11:50:34Z</time></trkpt><trkpt lat="43.595769" lon="3.396018"><ele>233.471</ele><time>2021-01-17T11:50:35Z</time></trkpt><trkpt lat="43.595632" lon="3.395939"><ele>232.227</ele><time>2021-01-17T11:50:40Z</time></trkpt><trkpt lat="43.595604" lon="3.395924"><ele>232.253</ele><time>2021-01-17T11:50:41Z</time></trkpt><trkpt lat="43.595464" lon="3.395809"><ele>231.216</ele><time>2021-01-17T11:50:46Z</time></trkpt><trkpt lat="43.595404" lon="3.395761"><ele>230.876</ele><time>2021-01-17T11:50:48Z</time></trkpt><trkpt lat="43.595325" lon="3.395691"><ele>230.213</ele><time>2021-01-17T11:50:51Z</time></trkpt><trkpt lat="43.595229" lon="3.395610"><ele>229.208</ele><time>2021-01-17T11:50:55Z</time></trkpt><trkpt lat="43.595185" lon="3.395565"><ele>228.637</ele><time>2021-01-17T11:50:57Z</time></trkpt><trkpt lat="43.595127" lon="3.395517"><ele>228.035</ele><time>2021-01-17T11:51:00Z</time></trkpt><trkpt lat="43.595064" lon="3.395476"><ele>227.411</ele><time>2021-01-17T11:51:03Z</time></trkpt><trkpt lat="43.594998" lon="3.395431"><ele>227.059</ele><time>2021-01-17T11:51:06Z</time></trkpt><trkpt lat="43.594931" lon="3.395391"><ele>226.429</ele><time>2021-01-17T11:51:09Z</time></trkpt><trkpt lat="43.594865" lon="3.395309"><ele>225.848</ele><time>2021-01-17T11:51:14Z</time></trkpt><trkpt lat="43.594919" lon="3.395303"><ele>225.214</ele><time>2021-01-17T11:51:17Z</time></trkpt><trkpt lat="43.594946" lon="3.395313"><ele>224.840</ele><time>2021-01-17T11:51:18Z</time></trkpt><trkpt lat="43.595023" lon="3.395345"><ele>223.822</ele><time>2021-01-17T11:51:21Z</time></trkpt><trkpt lat="43.595094" lon="3.395366"><ele>222.862</ele><time>2021-01-17T11:51:24Z</time></trkpt><trkpt lat="43.595116" lon="3.395368"><ele>222.608</ele><time>2021-01-17T11:51:25Z</time></trkpt><trkpt lat="43.595143" lon="3.395375"><ele>222.408</ele><time>2021-01-17T11:51:26Z</time></trkpt><trkpt lat="43.595220" lon="3.395393"><ele>221.488</ele><time>2021-01-17T11:51:29Z</time></trkpt><trkpt lat="43.595297" lon="3.395412"><ele>220.236</ele><time>2021-01-17T11:51:32Z</time></trkpt><trkpt lat="43.595324" lon="3.395415"><ele>219.862</ele><time>2021-01-17T11:51:33Z</time></trkpt><trkpt lat="43.595403" lon="3.395423"><ele>219.220</ele><time>2021-01-17T11:51:36Z</time></trkpt><trkpt lat="43.595523" lon="3.395440"><ele>218.080</ele><time>2021-01-17T11:51:40Z</time></trkpt><trkpt lat="43.595602" lon="3.395445"><ele>217.299</ele><time>2021-01-17T11:51:43Z</time></trkpt><trkpt lat="43.595627" lon="3.395444"><ele>217.095</ele><time>2021-01-17T11:51:44Z</time></trkpt><trkpt lat="43.595755" lon="3.395440"><ele>216.031</ele><time>2021-01-17T11:51:49Z</time></trkpt><trkpt lat="43.595802" lon="3.395434"><ele>215.647</ele><time>2021-01-17T11:51:51Z</time></trkpt><trkpt lat="43.595877" lon="3.395411"><ele>214.429</ele><time>2021-01-17T11:51:54Z</time></trkpt><trkpt lat="43.595960" lon="3.395369"><ele>213.221</ele><time>2021-01-17T11:51:57Z</time></trkpt><trkpt lat="43.596025" lon="3.395316"><ele>212.408</ele><time>2021-01-17T11:52:00Z</time></trkpt><trkpt lat="43.596053" lon="3.395301"><ele>212.030</ele><time>2021-01-17T11:52:01Z</time></trkpt><trkpt lat="43.596121" lon="3.395262"><ele>211.098</ele><time>2021-01-17T11:52:04Z</time></trkpt><trkpt lat="43.596195" lon="3.395220"><ele>210.414</ele><time>2021-01-17T11:52:07Z</time></trkpt><trkpt lat="43.596246" lon="3.395198"><ele>209.812</ele><time>2021-01-17T11:52:09Z</time></trkpt><trkpt lat="43.596363" lon="3.395148"><ele>208.832</ele><time>2021-01-17T11:52:13Z</time></trkpt><trkpt lat="43.596466" lon="3.395115"><ele>207.611</ele><time>2021-01-17T11:52:17Z</time></trkpt><trkpt lat="43.596543" lon="3.395105"><ele>206.627</ele><time>2021-01-17T11:52:20Z</time></trkpt><trkpt lat="43.596680" lon="3.395104"><ele>205.413</ele><time>2021-01-17T11:52:25Z</time></trkpt><trkpt lat="43.596728" lon="3.395114"><ele>205.065</ele><time>2021-01-17T11:52:27Z</time></trkpt><trkpt lat="43.596779" lon="3.395134"><ele>204.268</ele><time>2021-01-17T11:52:29Z</time></trkpt><trkpt lat="43.596883" lon="3.395180"><ele>203.214</ele><time>2021-01-17T11:52:33Z</time></trkpt><trkpt lat="43.596937" lon="3.395197"><ele>202.608</ele><time>2021-01-17T11:52:35Z</time></trkpt><trkpt lat="43.597007" lon="3.395225"><ele>202.042</ele><time>2021-01-17T11:52:38Z</time></trkpt><trkpt lat="43.597081" lon="3.395256"><ele>200.690</ele><time>2021-01-17T11:52:41Z</time></trkpt><trkpt lat="43.597109" lon="3.395269"><ele>200.286</ele><time>2021-01-17T11:52:42Z</time></trkpt><trkpt lat="43.597165" lon="3.395292"><ele>199.274</ele><time>2021-01-17T11:52:44Z</time></trkpt><trkpt lat="43.597195" lon="3.395300"><ele>199.054</ele><time>2021-01-17T11:52:45Z</time></trkpt><trkpt lat="43.597350" lon="3.395361"><ele>199.213</ele><time>2021-01-17T11:52:51Z</time></trkpt><trkpt lat="43.597518" lon="3.395462"><ele>198.439</ele><time>2021-01-17T11:52:58Z</time></trkpt><trkpt lat="43.597544" lon="3.395480"><ele>198.285</ele><time>2021-01-17T11:52:59Z</time></trkpt><trkpt lat="43.597641" lon="3.395562"><ele>197.091</ele><time>2021-01-17T11:53:03Z</time></trkpt><trkpt lat="43.597729" lon="3.395660"><ele>195.881</ele><time>2021-01-17T11:53:07Z</time></trkpt><trkpt lat="43.597750" lon="3.395682"><ele>195.419</ele><time>2021-01-17T11:53:08Z</time></trkpt><trkpt lat="43.597820" lon="3.395782"><ele>194.608</ele><time>2021-01-17T11:53:12Z</time></trkpt><trkpt lat="43.597842" lon="3.395857"><ele>193.675</ele><time>2021-01-17T11:53:15Z</time></trkpt><trkpt lat="43.597850" lon="3.395884"><ele>193.083</ele><time>2021-01-17T11:53:16Z</time></trkpt><trkpt lat="43.597858" lon="3.395910"><ele>192.669</ele><time>2021-01-17T11:53:17Z</time></trkpt><trkpt lat="43.597879" lon="3.396009"><ele>191.427</ele><time>2021-01-17T11:53:20Z</time></trkpt><trkpt lat="43.597895" lon="3.396071"><ele>190.867</ele><time>2021-01-17T11:53:22Z</time></trkpt><trkpt lat="43.597902" lon="3.396109"><ele>190.436</ele><time>2021-01-17T11:53:23Z</time></trkpt><trkpt lat="43.597905" lon="3.396241"><ele>189.012</ele><time>2021-01-17T11:53:27Z</time></trkpt><trkpt lat="43.597905" lon="3.396315"><ele>188.058</ele><time>2021-01-17T11:53:29Z</time></trkpt><trkpt lat="43.597902" lon="3.396358"><ele>187.646</ele><time>2021-01-17T11:53:30Z</time></trkpt><trkpt lat="43.597914" lon="3.396469"><ele>187.088</ele><time>2021-01-17T11:53:33Z</time></trkpt><trkpt lat="43.597925" lon="3.396570"><ele>186.016</ele><time>2021-01-17T11:53:36Z</time></trkpt><trkpt lat="43.597931" lon="3.396603"><ele>185.608</ele><time>2021-01-17T11:53:37Z</time></trkpt><trkpt lat="43.597941" lon="3.396638"><ele>185.250</ele><time>2021-01-17T11:53:38Z</time></trkpt><trkpt lat="43.597977" lon="3.396739"><ele>184.458</ele><time>2021-01-17T11:53:41Z</time></trkpt><trkpt lat="43.597992" lon="3.396840"><ele>183.284</ele><time>2021-01-17T11:53:44Z</time></trkpt><trkpt lat="43.598032" lon="3.396979"><ele>182.272</ele><time>2021-01-17T11:53:48Z</time></trkpt><trkpt lat="43.598061" lon="3.397048"><ele>181.442</ele><time>2021-01-17T11:53:50Z</time></trkpt><trkpt lat="43.598082" lon="3.397080"><ele>181.051</ele><time>2021-01-17T11:53:51Z</time></trkpt><trkpt lat="43.598136" lon="3.397162"><ele>179.897</ele><time>2021-01-17T11:53:54Z</time></trkpt><trkpt lat="43.598173" lon="3.397219"><ele>179.253</ele><time>2021-01-17T11:53:56Z</time></trkpt><trkpt lat="43.598197" lon="3.397244"><ele>178.843</ele><time>2021-01-17T11:53:57Z</time></trkpt><trkpt lat="43.598288" lon="3.397334"><ele>177.464</ele><time>2021-01-17T11:54:01Z</time></trkpt><trkpt lat="43.598311" lon="3.397358"><ele>177.210</ele><time>2021-01-17T11:54:02Z</time></trkpt><trkpt lat="43.598384" lon="3.397425"><ele>176.208</ele><time>2021-01-17T11:54:05Z</time></trkpt><trkpt lat="43.598478" lon="3.397508"><ele>175.040</ele><time>2021-01-17T11:54:09Z</time></trkpt><trkpt lat="43.598532" lon="3.397549"><ele>174.048</ele><time>2021-01-17T11:54:11Z</time></trkpt><trkpt lat="43.598599" lon="3.397597"><ele>172.834</ele><time>2021-01-17T11:54:14Z</time></trkpt><trkpt lat="43.598647" lon="3.397628"><ele>172.492</ele><time>2021-01-17T11:54:16Z</time></trkpt><trkpt lat="43.598697" lon="3.397657"><ele>171.652</ele><time>2021-01-17T11:54:18Z</time></trkpt><trkpt lat="43.598774" lon="3.397702"><ele>170.491</ele><time>2021-01-17T11:54:21Z</time></trkpt><trkpt lat="43.598823" lon="3.397735"><ele>169.457</ele><time>2021-01-17T11:54:23Z</time></trkpt><trkpt lat="43.598890" lon="3.397777"><ele>168.273</ele><time>2021-01-17T11:54:26Z</time></trkpt><trkpt lat="43.598931" lon="3.397819"><ele>167.282</ele><time>2021-01-17T11:54:28Z</time></trkpt><trkpt lat="43.599002" lon="3.397885"><ele>165.843</ele><time>2021-01-17T11:54:31Z</time></trkpt><trkpt lat="43.599024" lon="3.397913"><ele>165.617</ele><time>2021-01-17T11:54:32Z</time></trkpt><trkpt lat="43.599065" lon="3.397979"><ele>164.808</ele><time>2021-01-17T11:54:34Z</time></trkpt><trkpt lat="43.599116" lon="3.398073"><ele>163.644</ele><time>2021-01-17T11:54:37Z</time></trkpt><trkpt lat="43.599145" lon="3.398140"><ele>162.632</ele><time>2021-01-17T11:54:39Z</time></trkpt><trkpt lat="43.599177" lon="3.398251"><ele>161.678</ele><time>2021-01-17T11:54:42Z</time></trkpt><trkpt lat="43.599214" lon="3.398354"><ele>160.486</ele><time>2021-01-17T11:54:45Z</time></trkpt><trkpt lat="43.599223" lon="3.398386"><ele>159.826</ele><time>2021-01-17T11:54:46Z</time></trkpt><trkpt lat="43.599241" lon="3.398452"><ele>159.015</ele><time>2021-01-17T11:54:48Z</time></trkpt><trkpt lat="43.599261" lon="3.398564"><ele>157.821</ele><time>2021-01-17T11:54:51Z</time></trkpt><trkpt lat="43.599297" lon="3.398670"><ele>156.637</ele><time>2021-01-17T11:54:54Z</time></trkpt><trkpt lat="43.599343" lon="3.398762"><ele>156.048</ele><time>2021-01-17T11:54:57Z</time></trkpt><trkpt lat="43.599366" lon="3.398782"><ele>155.661</ele><time>2021-01-17T11:54:58Z</time></trkpt><trkpt lat="43.599477" lon="3.398810"><ele>154.617</ele><time>2021-01-17T11:55:02Z</time></trkpt><trkpt lat="43.599506" lon="3.398817"><ele>154.408</ele><time>2021-01-17T11:55:03Z</time></trkpt><trkpt lat="43.599616" lon="3.398849"><ele>153.230</ele><time>2021-01-17T11:55:07Z</time></trkpt><trkpt lat="43.599644" lon="3.398861"><ele>153.078</ele><time>2021-01-17T11:55:08Z</time></trkpt><trkpt lat="43.599700" lon="3.398872"><ele>152.474</ele><time>2021-01-17T11:55:10Z</time></trkpt><trkpt lat="43.599755" lon="3.398888"><ele>152.092</ele><time>2021-01-17T11:55:12Z</time></trkpt><trkpt lat="43.599820" lon="3.398902"><ele>151.432</ele><time>2021-01-17T11:55:15Z</time></trkpt><trkpt lat="43.599870" lon="3.398918"><ele>151.291</ele><time>2021-01-17T11:55:17Z</time></trkpt><trkpt lat="43.599893" lon="3.398928"><ele>150.877</ele><time>2021-01-17T11:55:18Z</time></trkpt><trkpt lat="43.600032" lon="3.399007"><ele>149.833</ele><time>2021-01-17T11:55:24Z</time></trkpt><trkpt lat="43.600141" lon="3.399104"><ele>148.692</ele><time>2021-01-17T11:55:29Z</time></trkpt><trkpt lat="43.600224" lon="3.399197"><ele>147.673</ele><time>2021-01-17T11:55:33Z</time></trkpt><trkpt lat="43.600349" lon="3.399394"><ele>146.420</ele><time>2021-01-17T11:55:40Z</time></trkpt><trkpt lat="43.600455" lon="3.399552"><ele>145.208</ele><time>2021-01-17T11:55:46Z</time></trkpt><trkpt lat="43.600489" lon="3.399606"><ele>144.815</ele><time>2021-01-17T11:55:48Z</time></trkpt><trkpt lat="43.600598" lon="3.399765"><ele>144.283</ele><time>2021-01-17T11:55:54Z</time></trkpt><trkpt lat="43.600677" lon="3.399880"><ele>143.289</ele><time>2021-01-17T11:55:58Z</time></trkpt><trkpt lat="43.600706" lon="3.399962"><ele>142.817</ele><time>2021-01-17T11:56:01Z</time></trkpt><trkpt lat="43.600764" lon="3.400075"><ele>142.067</ele><time>2021-01-17T11:56:05Z</time></trkpt><trkpt lat="43.600797" lon="3.400153"><ele>141.636</ele><time>2021-01-17T11:56:08Z</time></trkpt><trkpt lat="43.600856" lon="3.400414"><ele>141.272</ele><time>2021-01-17T11:56:17Z</time></trkpt><trkpt lat="43.600905" lon="3.400639"><ele>141.838</ele><time>2021-01-17T11:56:25Z</time></trkpt><trkpt lat="43.600933" lon="3.400746"><ele>142.466</ele><time>2021-01-17T11:56:29Z</time></trkpt><trkpt lat="43.600963" lon="3.400839"><ele>142.429</ele><time>2021-01-17T11:56:32Z</time></trkpt><trkpt lat="43.601043" lon="3.401033"><ele>142.621</ele><time>2021-01-17T11:56:39Z</time></trkpt><trkpt lat="43.601110" lon="3.401193"><ele>143.008</ele><time>2021-01-17T11:56:45Z</time></trkpt><trkpt lat="43.601118" lon="3.401225"><ele>143.222</ele><time>2021-01-17T11:56:46Z</time></trkpt><trkpt lat="43.601187" lon="3.401355"><ele>143.020</ele><time>2021-01-17T11:56:51Z</time></trkpt><trkpt lat="43.601286" lon="3.401495"><ele>142.296</ele><time>2021-01-17T11:56:57Z</time></trkpt><trkpt lat="43.601306" lon="3.401519"><ele>142.074</ele><time>2021-01-17T11:56:58Z</time></trkpt><trkpt lat="43.601407" lon="3.401663"><ele>141.254</ele><time>2021-01-17T11:57:04Z</time></trkpt><trkpt lat="43.601418" lon="3.401688"><ele>141.033</ele><time>2021-01-17T11:57:05Z</time></trkpt><trkpt lat="43.601448" lon="3.401824"><ele>140.069</ele><time>2021-01-17T11:57:10Z</time></trkpt><trkpt lat="43.601447" lon="3.401844"><ele>139.895</ele><time>2021-01-17T11:57:11Z</time></trkpt><trkpt lat="43.601448" lon="3.401873"><ele>139.617</ele><time>2021-01-17T11:57:12Z</time></trkpt><trkpt lat="43.601418" lon="3.401992"><ele>138.687</ele><time>2021-01-17T11:57:16Z</time></trkpt><trkpt lat="43.601376" lon="3.402083"><ele>137.615</ele><time>2021-01-17T11:57:20Z</time></trkpt><trkpt lat="43.601336" lon="3.402154"><ele>136.408</ele><time>2021-01-17T11:57:23Z</time></trkpt><trkpt lat="43.601320" lon="3.402184"><ele>136.237</ele><time>2021-01-17T11:57:24Z</time></trkpt><trkpt lat="43.601291" lon="3.402238"><ele>135.885</ele><time>2021-01-17T11:57:27Z</time></trkpt><trkpt lat="43.601244" lon="3.402249"><ele>135.691</ele><time>2021-01-17T11:57:30Z</time></trkpt><trkpt lat="43.601110" lon="3.402316"><ele>136.819</ele><time>2021-01-17T11:57:37Z</time></trkpt><trkpt lat="43.601049" lon="3.402430"><ele>137.669</ele><time>2021-01-17T11:57:42Z</time></trkpt><trkpt lat="43.601041" lon="3.402454"><ele>137.848</ele><time>2021-01-17T11:57:43Z</time></trkpt><trkpt lat="43.600982" lon="3.402601"><ele>138.644</ele><time>2021-01-17T11:57:49Z</time></trkpt><trkpt lat="43.600940" lon="3.402748"><ele>139.440</ele><time>2021-01-17T11:57:54Z</time></trkpt><trkpt lat="43.600934" lon="3.402785"><ele>139.819</ele><time>2021-01-17T11:57:56Z</time></trkpt><trkpt lat="43.600935" lon="3.402791"><ele>140.009</ele><time>2021-01-17T11:57:57Z</time></trkpt><trkpt lat="43.600937" lon="3.402791"><ele>140.019</ele><time>2021-01-17T11:57:58Z</time></trkpt><trkpt lat="43.600943" lon="3.402787"><ele>140.008</ele><time>2021-01-17T11:57:59Z</time></trkpt><trkpt lat="43.600945" lon="3.402749"><ele>140.037</ele><time>2021-01-17T11:58:01Z</time></trkpt><trkpt lat="43.600973" lon="3.402591"><ele>139.415</ele><time>2021-01-17T11:58:06Z</time></trkpt><trkpt lat="43.601026" lon="3.402434"><ele>139.421</ele><time>2021-01-17T11:58:11Z</time></trkpt><trkpt lat="43.601067" lon="3.402345"><ele>138.679</ele><time>2021-01-17T11:58:14Z</time></trkpt><trkpt lat="43.601127" lon="3.402291"><ele>138.079</ele><time>2021-01-17T11:58:17Z</time></trkpt><trkpt lat="43.601206" lon="3.402243"><ele>137.658</ele><time>2021-01-17T11:58:20Z</time></trkpt><trkpt lat="43.601287" lon="3.402229"><ele>136.844</ele><time>2021-01-17T11:58:23Z</time></trkpt><trkpt lat="43.601315" lon="3.402233"><ele>136.420</ele><time>2021-01-17T11:58:24Z</time></trkpt><trkpt lat="43.601473" lon="3.402247"><ele>135.459</ele><time>2021-01-17T11:58:30Z</time></trkpt><trkpt lat="43.601500" lon="3.402250"><ele>135.003</ele><time>2021-01-17T11:58:31Z</time></trkpt><trkpt lat="43.601543" lon="3.402253"><ele>134.223</ele><time>2021-01-17T11:58:33Z</time></trkpt><trkpt lat="43.601695" lon="3.402341"><ele>133.008</ele><time>2021-01-17T11:58:39Z</time></trkpt><trkpt lat="43.601823" lon="3.402459"><ele>132.061</ele><time>2021-01-17T11:58:44Z</time></trkpt><trkpt lat="43.601880" lon="3.402543"><ele>131.299</ele><time>2021-01-17T11:58:47Z</time></trkpt><trkpt lat="43.601904" lon="3.402567"><ele>130.835</ele><time>2021-01-17T11:58:48Z</time></trkpt><trkpt lat="43.602012" lon="3.402664"><ele>129.673</ele><time>2021-01-17T11:58:52Z</time></trkpt><trkpt lat="43.602037" lon="3.402687"><ele>129.223</ele><time>2021-01-17T11:58:53Z</time></trkpt><trkpt lat="43.602079" lon="3.402736"><ele>129.032</ele><time>2021-01-17T11:58:55Z</time></trkpt><trkpt lat="43.602123" lon="3.402786"><ele>128.688</ele><time>2021-01-17T11:58:57Z</time></trkpt><trkpt lat="43.602156" lon="3.402837"><ele>128.064</ele><time>2021-01-17T11:58:59Z</time></trkpt><trkpt lat="43.602185" lon="3.402909"><ele>127.495</ele><time>2021-01-17T11:59:01Z</time></trkpt><trkpt lat="43.602201" lon="3.403018"><ele>126.249</ele><time>2021-01-17T11:59:04Z</time></trkpt><trkpt lat="43.602210" lon="3.403133"><ele>125.023</ele><time>2021-01-17T11:59:07Z</time></trkpt><trkpt lat="43.602253" lon="3.403250"><ele>123.808</ele><time>2021-01-17T11:59:11Z</time></trkpt><trkpt lat="43.602262" lon="3.403281"><ele>123.635</ele><time>2021-01-17T11:59:12Z</time></trkpt><trkpt lat="43.602292" lon="3.403384"><ele>122.853</ele><time>2021-01-17T11:59:15Z</time></trkpt><trkpt lat="43.602363" lon="3.403486"><ele>121.859</ele><time>2021-01-17T11:59:19Z</time></trkpt><trkpt lat="43.602424" lon="3.403584"><ele>120.687</ele><time>2021-01-17T11:59:23Z</time></trkpt><trkpt lat="43.602455" lon="3.403630"><ele>120.227</ele><time>2021-01-17T11:59:25Z</time></trkpt><trkpt lat="43.602490" lon="3.403705"><ele>119.846</ele><time>2021-01-17T11:59:28Z</time></trkpt><trkpt lat="43.602493" lon="3.403772"><ele>119.662</ele><time>2021-01-17T11:59:30Z</time></trkpt><trkpt lat="43.602490" lon="3.403803"><ele>119.288</ele><time>2021-01-17T11:59:31Z</time></trkpt><trkpt lat="43.602458" lon="3.403889"><ele>118.659</ele><time>2021-01-17T11:59:34Z</time></trkpt><trkpt lat="43.602412" lon="3.403972"><ele>118.403</ele><time>2021-01-17T11:59:37Z</time></trkpt><trkpt lat="43.602383" lon="3.404021"><ele>118.023</ele><time>2021-01-17T11:59:39Z</time></trkpt><trkpt lat="43.602317" lon="3.404151"><ele>117.808</ele><time>2021-01-17T11:59:44Z</time></trkpt><trkpt lat="43.602199" lon="3.404323"><ele>117.471</ele><time>2021-01-17T11:59:50Z</time></trkpt><trkpt lat="43.602032" lon="3.404478"><ele>117.039</ele><time>2021-01-17T11:59:58Z</time></trkpt><trkpt lat="43.601928" lon="3.404638"><ele>116.225</ele><time>2021-01-17T12:00:05Z</time></trkpt><trkpt lat="43.601926" lon="3.404665"><ele>116.093</ele><time>2021-01-17T12:00:06Z</time></trkpt><trkpt lat="43.601940" lon="3.404752"><ele>115.623</ele><time>2021-01-17T12:00:09Z</time></trkpt><trkpt lat="43.602006" lon="3.404917"><ele>115.672</ele><time>2021-01-17T12:00:15Z</time></trkpt><trkpt lat="43.602064" lon="3.405022"><ele>115.838</ele><time>2021-01-17T12:00:20Z</time></trkpt><trkpt lat="43.602180" lon="3.405166"><ele>116.074</ele><time>2021-01-17T12:00:26Z</time></trkpt><trkpt lat="43.602275" lon="3.405373"><ele>116.629</ele><time>2021-01-17T12:00:34Z</time></trkpt><trkpt lat="43.602307" lon="3.405467"><ele>117.400</ele><time>2021-01-17T12:00:37Z</time></trkpt><trkpt lat="43.602330" lon="3.405552"><ele>117.820</ele><time>2021-01-17T12:00:40Z</time></trkpt><trkpt lat="43.602358" lon="3.405640"><ele>118.608</ele><time>2021-01-17T12:00:44Z</time></trkpt><trkpt lat="43.602369" lon="3.405667"><ele>119.098</ele><time>2021-01-17T12:00:46Z</time></trkpt><trkpt lat="43.602420" lon="3.405724"><ele>119.676</ele><time>2021-01-17T12:00:51Z</time></trkpt><trkpt lat="43.602438" lon="3.405743"><ele>120.032</ele><time>2021-01-17T12:00:53Z</time></trkpt><trkpt lat="43.602471" lon="3.405757"><ele>120.880</ele><time>2021-01-17T12:00:56Z</time></trkpt><trkpt lat="43.602557" lon="3.405779"><ele>121.620</ele><time>2021-01-17T12:01:02Z</time></trkpt><trkpt lat="43.602572" lon="3.405785"><ele>121.859</ele><time>2021-01-17T12:01:03Z</time></trkpt><trkpt lat="43.602678" lon="3.405839"><ele>122.045</ele><time>2021-01-17T12:01:10Z</time></trkpt><trkpt lat="43.602795" lon="3.405842"><ele>122.641</ele><time>2021-01-17T12:01:16Z</time></trkpt><trkpt lat="43.602815" lon="3.405835"><ele>122.874</ele><time>2021-01-17T12:01:17Z</time></trkpt><trkpt lat="43.602943" lon="3.405819"><ele>123.856</ele><time>2021-01-17T12:01:23Z</time></trkpt><trkpt lat="43.602978" lon="3.405817"><ele>124.021</ele><time>2021-01-17T12:01:25Z</time></trkpt><trkpt lat="43.603101" lon="3.405818"><ele>125.008</ele><time>2021-01-17T12:01:30Z</time></trkpt><trkpt lat="43.603139" lon="3.405813"><ele>125.213</ele><time>2021-01-17T12:01:32Z</time></trkpt><trkpt lat="43.603315" lon="3.405844"><ele>125.021</ele><time>2021-01-17T12:01:39Z</time></trkpt><trkpt lat="43.603481" lon="3.405914"><ele>124.057</ele><time>2021-01-17T12:01:46Z</time></trkpt><trkpt lat="43.603642" lon="3.406003"><ele>123.875</ele><time>2021-01-17T12:01:53Z</time></trkpt><trkpt lat="43.603684" lon="3.406034"><ele>123.695</ele><time>2021-01-17T12:01:55Z</time></trkpt><trkpt lat="43.603721" lon="3.406064"><ele>123.614</ele><time>2021-01-17T12:01:57Z</time></trkpt><trkpt lat="43.603785" lon="3.406101"><ele>123.650</ele><time>2021-01-17T12:02:00Z</time></trkpt><trkpt lat="43.603892" lon="3.406197"><ele>124.016</ele><time>2021-01-17T12:02:06Z</time></trkpt><trkpt lat="43.604038" lon="3.406289"><ele>124.434</ele><time>2021-01-17T12:02:13Z</time></trkpt><trkpt lat="43.604108" lon="3.406361"><ele>124.855</ele><time>2021-01-17T12:02:17Z</time></trkpt><trkpt lat="43.604147" lon="3.406416"><ele>126.010</ele><time>2021-01-17T12:02:20Z</time></trkpt><trkpt lat="43.604226" lon="3.406552"><ele>126.608</ele><time>2021-01-17T12:02:26Z</time></trkpt><trkpt lat="43.604339" lon="3.406678"><ele>126.639</ele><time>2021-01-17T12:02:33Z</time></trkpt><trkpt lat="43.604449" lon="3.406759"><ele>125.067</ele><time>2021-01-17T12:02:39Z</time></trkpt><trkpt lat="43.604472" lon="3.406766"><ele>124.893</ele><time>2021-01-17T12:02:40Z</time></trkpt><trkpt lat="43.604527" lon="3.406768"><ele>124.651</ele><time>2021-01-17T12:02:46Z</time></trkpt><trkpt lat="43.604545" lon="3.406769"><ele>124.861</ele><time>2021-01-17T12:02:50Z</time></trkpt><trkpt lat="43.604554" lon="3.406754"><ele>125.060</ele><time>2021-01-17T12:02:53Z</time></trkpt><trkpt lat="43.604572" lon="3.406740"><ele>125.216</ele><time>2021-01-17T12:02:57Z</time></trkpt><trkpt lat="43.604568" lon="3.406741"><ele>125.232</ele><time>2021-01-17T12:02:58Z</time></trkpt><trkpt lat="43.604566" lon="3.406735"><ele>125.278</ele><time>2021-01-17T12:03:03Z</time></trkpt><trkpt lat="43.604580" lon="3.406747"><ele>125.233</ele><time>2021-01-17T12:03:05Z</time></trkpt><trkpt lat="43.604659" lon="3.406715"><ele>125.826</ele><time>2021-01-17T12:03:11Z</time></trkpt><trkpt lat="43.604698" lon="3.406704"><ele>126.208</ele><time>2021-01-17T12:03:14Z</time></trkpt><trkpt lat="43.604702" lon="3.406693"><ele>126.283</ele><time>2021-01-17T12:03:15Z</time></trkpt><trkpt lat="43.604717" lon="3.406672"><ele>126.261</ele><time>2021-01-17T12:03:17Z</time></trkpt><trkpt lat="43.604787" lon="3.406608"><ele>127.017</ele><time>2021-01-17T12:03:22Z</time></trkpt><trkpt lat="43.604803" lon="3.406594"><ele>127.055</ele><time>2021-01-17T12:03:23Z</time></trkpt><trkpt lat="43.604852" lon="3.406546"><ele>127.235</ele><time>2021-01-17T12:03:26Z</time></trkpt><trkpt lat="43.604948" lon="3.406451"><ele>126.664</ele><time>2021-01-17T12:03:31Z</time></trkpt><trkpt lat="43.605021" lon="3.406409"><ele>125.690</ele><time>2021-01-17T12:03:34Z</time></trkpt><trkpt lat="43.605106" lon="3.406389"><ele>124.646</ele><time>2021-01-17T12:03:37Z</time></trkpt><trkpt lat="43.605138" lon="3.406397"><ele>124.222</ele><time>2021-01-17T12:03:38Z</time></trkpt><trkpt lat="43.605209" lon="3.406409"><ele>123.262</ele><time>2021-01-17T12:03:41Z</time></trkpt><trkpt lat="43.605253" lon="3.406428"><ele>122.408</ele><time>2021-01-17T12:03:43Z</time></trkpt><trkpt lat="43.605272" lon="3.406433"><ele>122.208</ele><time>2021-01-17T12:03:44Z</time></trkpt><trkpt lat="43.605313" lon="3.406419"><ele>121.498</ele><time>2021-01-17T12:03:47Z</time></trkpt><trkpt lat="43.605313" lon="3.406407"><ele>121.216</ele><time>2021-01-17T12:03:48Z</time></trkpt><trkpt lat="43.605320" lon="3.406377"><ele>121.062</ele><time>2021-01-17T12:03:50Z</time></trkpt><trkpt lat="43.605371" lon="3.406377"><ele>119.850</ele><time>2021-01-17T12:03:53Z</time></trkpt><trkpt lat="43.605407" lon="3.406403"><ele>118.870</ele><time>2021-01-17T12:03:55Z</time></trkpt><trkpt lat="43.605457" lon="3.406466"><ele>117.829</ele><time>2021-01-17T12:03:59Z</time></trkpt><trkpt lat="43.605529" lon="3.406528"><ele>118.615</ele><time>2021-01-17T12:04:05Z</time></trkpt><trkpt lat="43.605639" lon="3.406530"><ele>119.291</ele><time>2021-01-17T12:04:10Z</time></trkpt><trkpt lat="43.605660" lon="3.406542"><ele>119.447</ele><time>2021-01-17T12:04:11Z</time></trkpt><trkpt lat="43.605731" lon="3.406563"><ele>119.629</ele><time>2021-01-17T12:04:14Z</time></trkpt><trkpt lat="43.605744" lon="3.406542"><ele>119.821</ele><time>2021-01-17T12:04:15Z</time></trkpt><trkpt lat="43.605826" lon="3.406458"><ele>120.408</ele><time>2021-01-17T12:04:20Z</time></trkpt><trkpt lat="43.605900" lon="3.406446"><ele>121.210</ele><time>2021-01-17T12:04:24Z</time></trkpt><trkpt lat="43.605913" lon="3.406442"><ele>121.668</ele><time>2021-01-17T12:04:25Z</time></trkpt><trkpt lat="43.605932" lon="3.406429"><ele>122.464</ele><time>2021-01-17T12:04:27Z</time></trkpt><trkpt lat="43.605965" lon="3.406362"><ele>122.822</ele><time>2021-01-17T12:04:31Z</time></trkpt><trkpt lat="43.606018" lon="3.406205"><ele>122.682</ele><time>2021-01-17T12:04:37Z</time></trkpt><trkpt lat="43.606102" lon="3.406054"><ele>122.891</ele><time>2021-01-17T12:04:43Z</time></trkpt><trkpt lat="43.606198" lon="3.405943"><ele>123.467</ele><time>2021-01-17T12:04:49Z</time></trkpt><trkpt lat="43.606362" lon="3.405868"><ele>123.483</ele><time>2021-01-17T12:04:56Z</time></trkpt><trkpt lat="43.606453" lon="3.405898"><ele>123.423</ele><time>2021-01-17T12:05:01Z</time></trkpt><trkpt lat="43.606595" lon="3.405935"><ele>124.483</ele><time>2021-01-17T12:05:08Z</time></trkpt><trkpt lat="43.606695" lon="3.406001"><ele>125.611</ele><time>2021-01-17T12:05:14Z</time></trkpt><trkpt lat="43.606737" lon="3.406016"><ele>126.408</ele><time>2021-01-17T12:05:16Z</time></trkpt><trkpt lat="43.606789" lon="3.406023"><ele>126.828</ele><time>2021-01-17T12:05:19Z</time></trkpt><trkpt lat="43.606848" lon="3.406049"><ele>127.276</ele><time>2021-01-17T12:05:23Z</time></trkpt><trkpt lat="43.606916" lon="3.406039"><ele>127.852</ele><time>2021-01-17T12:05:26Z</time></trkpt><trkpt lat="43.606933" lon="3.406042"><ele>128.260</ele><time>2021-01-17T12:05:27Z</time></trkpt><trkpt lat="43.606944" lon="3.406047"><ele>128.460</ele><time>2021-01-17T12:05:28Z</time></trkpt><trkpt lat="43.606971" lon="3.406057"><ele>128.889</ele><time>2021-01-17T12:05:30Z</time></trkpt><trkpt lat="43.606977" lon="3.406054"><ele>129.045</ele><time>2021-01-17T12:05:31Z</time></trkpt><trkpt lat="43.606983" lon="3.406052"><ele>129.071</ele><time>2021-01-17T12:05:32Z</time></trkpt><trkpt lat="43.607049" lon="3.406065"><ele>129.859</ele><time>2021-01-17T12:05:37Z</time></trkpt><trkpt lat="43.607095" lon="3.406076"><ele>130.003</ele><time>2021-01-17T12:05:41Z</time></trkpt><trkpt lat="43.607132" lon="3.406082"><ele>130.023</ele><time>2021-01-17T12:05:45Z</time></trkpt><trkpt lat="43.607172" lon="3.406103"><ele>130.808</ele><time>2021-01-17T12:05:48Z</time></trkpt><trkpt lat="43.607199" lon="3.406107"><ele>131.291</ele><time>2021-01-17T12:05:50Z</time></trkpt><trkpt lat="43.607219" lon="3.406120"><ele>131.499</ele><time>2021-01-17T12:05:52Z</time></trkpt><trkpt lat="43.607218" lon="3.406126"><ele>131.435</ele><time>2021-01-17T12:05:53Z</time></trkpt><trkpt lat="43.607207" lon="3.406159"><ele>131.623</ele><time>2021-01-17T12:05:56Z</time></trkpt><trkpt lat="43.607203" lon="3.406182"><ele>131.853</ele><time>2021-01-17T12:05:58Z</time></trkpt><trkpt lat="43.607171" lon="3.406196"><ele>132.252</ele><time>2021-01-17T12:06:01Z</time></trkpt><trkpt lat="43.607119" lon="3.406191"><ele>132.478</ele><time>2021-01-17T12:06:06Z</time></trkpt><trkpt lat="43.607085" lon="3.406200"><ele>133.294</ele><time>2021-01-17T12:06:09Z</time></trkpt><trkpt lat="43.607074" lon="3.406204"><ele>133.614</ele><time>2021-01-17T12:06:10Z</time></trkpt><trkpt lat="43.607040" lon="3.406225"><ele>134.454</ele><time>2021-01-17T12:06:13Z</time></trkpt><trkpt lat="43.607026" lon="3.406237"><ele>134.809</ele><time>2021-01-17T12:06:15Z</time></trkpt><trkpt lat="43.606995" lon="3.406265"><ele>135.208</ele><time>2021-01-17T12:06:19Z</time></trkpt><trkpt lat="43.606965" lon="3.406269"><ele>135.487</ele><time>2021-01-17T12:06:22Z</time></trkpt><trkpt lat="43.606958" lon="3.406272"><ele>135.675</ele><time>2021-01-17T12:06:23Z</time></trkpt><trkpt lat="43.606922" lon="3.406284"><ele>136.241</ele><time>2021-01-17T12:06:26Z</time></trkpt><trkpt lat="43.606900" lon="3.406288"><ele>136.459</ele><time>2021-01-17T12:06:28Z</time></trkpt><trkpt lat="43.606855" lon="3.406293"><ele>136.879</ele><time>2021-01-17T12:06:32Z</time></trkpt><trkpt lat="43.606825" lon="3.406310"><ele>137.488</ele><time>2021-01-17T12:06:35Z</time></trkpt><trkpt lat="43.606820" lon="3.406322"><ele>137.444</ele><time>2021-01-17T12:06:36Z</time></trkpt><trkpt lat="43.606806" lon="3.406343"><ele>137.880</ele><time>2021-01-17T12:06:38Z</time></trkpt><trkpt lat="43.606786" lon="3.406365"><ele>138.671</ele><time>2021-01-17T12:06:40Z</time></trkpt><trkpt lat="43.606750" lon="3.406475"><ele>139.441</ele><time>2021-01-17T12:06:46Z</time></trkpt><trkpt lat="43.606685" lon="3.406605"><ele>139.615</ele><time>2021-01-17T12:06:53Z</time></trkpt><trkpt lat="43.606674" lon="3.406617"><ele>139.808</ele><time>2021-01-17T12:06:54Z</time></trkpt><trkpt lat="43.606596" lon="3.406656"><ele>140.483</ele><time>2021-01-17T12:06:59Z</time></trkpt><trkpt lat="43.606554" lon="3.406687"><ele>140.611</ele><time>2021-01-17T12:07:02Z</time></trkpt><trkpt lat="43.606526" lon="3.406716"><ele>141.017</ele><time>2021-01-17T12:07:04Z</time></trkpt><trkpt lat="43.606450" lon="3.406792"><ele>142.045</ele><time>2021-01-17T12:07:11Z</time></trkpt><trkpt lat="43.606445" lon="3.406807"><ele>142.265</ele><time>2021-01-17T12:07:12Z</time></trkpt><trkpt lat="43.606408" lon="3.406989"><ele>143.264</ele><time>2021-01-17T12:07:20Z</time></trkpt><trkpt lat="43.606354" lon="3.407145"><ele>143.880</ele><time>2021-01-17T12:07:25Z</time></trkpt><trkpt lat="43.606274" lon="3.407390"><ele>143.496</ele><time>2021-01-17T12:07:34Z</time></trkpt><trkpt lat="43.606269" lon="3.407412"><ele>143.427</ele><time>2021-01-17T12:07:35Z</time></trkpt><trkpt lat="43.606242" lon="3.407592"><ele>143.468</ele><time>2021-01-17T12:07:41Z</time></trkpt><trkpt lat="43.606218" lon="3.407761"><ele>143.614</ele><time>2021-01-17T12:07:46Z</time></trkpt><trkpt lat="43.606204" lon="3.407791"><ele>143.608</ele><time>2021-01-17T12:07:47Z</time></trkpt><trkpt lat="43.606128" lon="3.407925"><ele>144.468</ele><time>2021-01-17T12:07:53Z</time></trkpt><trkpt lat="43.606122" lon="3.407942"><ele>144.416</ele><time>2021-01-17T12:07:54Z</time></trkpt><trkpt lat="43.606026" lon="3.408046"><ele>145.422</ele><time>2021-01-17T12:07:59Z</time></trkpt><trkpt lat="43.606005" lon="3.408067"><ele>145.660</ele><time>2021-01-17T12:08:00Z</time></trkpt><trkpt lat="43.605932" lon="3.408180"><ele>146.460</ele><time>2021-01-17T12:08:05Z</time></trkpt><trkpt lat="43.605926" lon="3.408216"><ele>147.269</ele><time>2021-01-17T12:08:07Z</time></trkpt><trkpt lat="43.605918" lon="3.408248"><ele>147.655</ele><time>2021-01-17T12:08:09Z</time></trkpt><trkpt lat="43.605894" lon="3.408339"><ele>148.451</ele><time>2021-01-17T12:08:14Z</time></trkpt><trkpt lat="43.605893" lon="3.408350"><ele>148.614</ele><time>2021-01-17T12:08:15Z</time></trkpt><trkpt lat="43.605865" lon="3.408451"><ele>149.654</ele><time>2021-01-17T12:08:22Z</time></trkpt><trkpt lat="43.605857" lon="3.408464"><ele>149.809</ele><time>2021-01-17T12:08:23Z</time></trkpt><trkpt lat="43.605852" lon="3.408478"><ele>150.008</ele><time>2021-01-17T12:08:24Z</time></trkpt><trkpt lat="43.605837" lon="3.408526"><ele>150.887</ele><time>2021-01-17T12:08:27Z</time></trkpt><trkpt lat="43.605819" lon="3.408593"><ele>151.655</ele><time>2021-01-17T12:08:30Z</time></trkpt><trkpt lat="43.605804" lon="3.408626"><ele>151.811</ele><time>2021-01-17T12:08:33Z</time></trkpt><trkpt lat="43.605799" lon="3.408651"><ele>152.029</ele><time>2021-01-17T12:08:35Z</time></trkpt><trkpt lat="43.605798" lon="3.408687"><ele>152.299</ele><time>2021-01-17T12:08:37Z</time></trkpt><trkpt lat="43.605795" lon="3.408701"><ele>152.638</ele><time>2021-01-17T12:08:38Z</time></trkpt><trkpt lat="43.605779" lon="3.408743"><ele>153.024</ele><time>2021-01-17T12:08:41Z</time></trkpt><trkpt lat="43.605757" lon="3.408822"><ele>154.230</ele><time>2021-01-17T12:08:46Z</time></trkpt><trkpt lat="43.605755" lon="3.408842"><ele>154.441</ele><time>2021-01-17T12:08:47Z</time></trkpt><trkpt lat="43.605743" lon="3.408868"><ele>155.281</ele><time>2021-01-17T12:08:49Z</time></trkpt><trkpt lat="43.605704" lon="3.408942"><ele>156.209</ele><time>2021-01-17T12:08:55Z</time></trkpt><trkpt lat="43.605700" lon="3.408951"><ele>156.408</ele><time>2021-01-17T12:08:56Z</time></trkpt><trkpt lat="43.605679" lon="3.409022"><ele>157.490</ele><time>2021-01-17T12:09:00Z</time></trkpt><trkpt lat="43.605684" lon="3.409037"><ele>157.618</ele><time>2021-01-17T12:09:01Z</time></trkpt><trkpt lat="43.605687" lon="3.409057"><ele>157.824</ele><time>2021-01-17T12:09:02Z</time></trkpt><trkpt lat="43.605677" lon="3.409105"><ele>158.682</ele><time>2021-01-17T12:09:05Z</time></trkpt><trkpt lat="43.605673" lon="3.409131"><ele>159.672</ele><time>2021-01-17T12:09:07Z</time></trkpt><trkpt lat="43.605659" lon="3.409183"><ele>160.211</ele><time>2021-01-17T12:09:10Z</time></trkpt><trkpt lat="43.605651" lon="3.409260"><ele>160.647</ele><time>2021-01-17T12:09:15Z</time></trkpt><trkpt lat="43.605655" lon="3.409295"><ele>161.283</ele><time>2021-01-17T12:09:17Z</time></trkpt><trkpt lat="43.605661" lon="3.409320"><ele>162.059</ele><time>2021-01-17T12:09:19Z</time></trkpt><trkpt lat="43.605686" lon="3.409350"><ele>162.803</ele><time>2021-01-17T12:09:22Z</time></trkpt><trkpt lat="43.605707" lon="3.409367"><ele>163.023</ele><time>2021-01-17T12:09:24Z</time></trkpt><trkpt lat="43.605749" lon="3.409396"><ele>163.408</ele><time>2021-01-17T12:09:27Z</time></trkpt><trkpt lat="43.605796" lon="3.409408"><ele>164.061</ele><time>2021-01-17T12:09:30Z</time></trkpt><trkpt lat="43.605821" lon="3.409420"><ele>165.049</ele><time>2021-01-17T12:09:33Z</time></trkpt><trkpt lat="43.605835" lon="3.409424"><ele>165.215</ele><time>2021-01-17T12:09:34Z</time></trkpt><trkpt lat="43.605898" lon="3.409465"><ele>166.293</ele><time>2021-01-17T12:09:40Z</time></trkpt><trkpt lat="43.605906" lon="3.409471"><ele>167.023</ele><time>2021-01-17T12:09:43Z</time></trkpt><trkpt lat="43.605927" lon="3.409511"><ele>167.292</ele><time>2021-01-17T12:09:47Z</time></trkpt><trkpt lat="43.605933" lon="3.409518"><ele>167.488</ele><time>2021-01-17T12:09:48Z</time></trkpt><trkpt lat="43.605961" lon="3.409547"><ele>168.464</ele><time>2021-01-17T12:09:51Z</time></trkpt><trkpt lat="43.606004" lon="3.409598"><ele>169.463</ele><time>2021-01-17T12:09:56Z</time></trkpt><trkpt lat="43.606015" lon="3.409606"><ele>169.644</ele><time>2021-01-17T12:09:57Z</time></trkpt><trkpt lat="43.606047" lon="3.409627"><ele>171.018</ele><time>2021-01-17T12:10:00Z</time></trkpt><trkpt lat="43.606075" lon="3.409677"><ele>172.208</ele><time>2021-01-17T12:10:04Z</time></trkpt><trkpt lat="43.606086" lon="3.409693"><ele>172.492</ele><time>2021-01-17T12:10:05Z</time></trkpt><trkpt lat="43.606183" lon="3.409679"><ele>173.280</ele><time>2021-01-17T12:10:11Z</time></trkpt><trkpt lat="43.606209" lon="3.409672"><ele>173.286</ele><time>2021-01-17T12:10:12Z</time></trkpt><trkpt lat="43.606373" lon="3.409578"><ele>173.664</ele><time>2021-01-17T12:10:20Z</time></trkpt><trkpt lat="43.606523" lon="3.409432"><ele>173.884</ele><time>2021-01-17T12:10:28Z</time></trkpt><trkpt lat="43.606539" lon="3.409403"><ele>173.863</ele><time>2021-01-17T12:10:29Z</time></trkpt><trkpt lat="43.606677" lon="3.409262"><ele>173.649</ele><time>2021-01-17T12:10:36Z</time></trkpt><trkpt lat="43.606799" lon="3.409200"><ele>173.475</ele><time>2021-01-17T12:10:42Z</time></trkpt><trkpt lat="43.606958" lon="3.409136"><ele>172.862</ele><time>2021-01-17T12:10:49Z</time></trkpt><trkpt lat="43.607147" lon="3.409105"><ele>172.883</ele><time>2021-01-17T12:10:57Z</time></trkpt><trkpt lat="43.607275" lon="3.409158"><ele>174.611</ele><time>2021-01-17T12:11:04Z</time></trkpt><trkpt lat="43.607297" lon="3.409179"><ele>175.008</ele><time>2021-01-17T12:11:06Z</time></trkpt><trkpt lat="43.607325" lon="3.409205"><ele>175.812</ele><time>2021-01-17T12:11:08Z</time></trkpt><trkpt lat="43.607340" lon="3.409209"><ele>176.280</ele><time>2021-01-17T12:11:09Z</time></trkpt><trkpt lat="43.607361" lon="3.409205"><ele>177.416</ele><time>2021-01-17T12:11:11Z</time></trkpt><trkpt lat="43.607421" lon="3.409216"><ele>178.654</ele><time>2021-01-17T12:11:14Z</time></trkpt><trkpt lat="43.607440" lon="3.409223"><ele>179.074</ele><time>2021-01-17T12:11:15Z</time></trkpt><trkpt lat="43.607456" lon="3.409237"><ele>179.223</ele><time>2021-01-17T12:11:16Z</time></trkpt><trkpt lat="43.607501" lon="3.409271"><ele>179.849</ele><time>2021-01-17T12:11:19Z</time></trkpt><trkpt lat="43.607519" lon="3.409281"><ele>180.055</ele><time>2021-01-17T12:11:20Z</time></trkpt><trkpt lat="43.607566" lon="3.409317"><ele>180.637</ele><time>2021-01-17T12:11:23Z</time></trkpt><trkpt lat="43.607593" lon="3.409338"><ele>181.249</ele><time>2021-01-17T12:11:25Z</time></trkpt><trkpt lat="43.607627" lon="3.409389"><ele>182.213</ele><time>2021-01-17T12:11:29Z</time></trkpt><trkpt lat="43.607658" lon="3.409423"><ele>182.408</ele><time>2021-01-17T12:11:32Z</time></trkpt><trkpt lat="43.607731" lon="3.409464"><ele>183.299</ele><time>2021-01-17T12:11:38Z</time></trkpt><trkpt lat="43.607751" lon="3.409467"><ele>183.457</ele><time>2021-01-17T12:11:40Z</time></trkpt><trkpt lat="43.607865" lon="3.409498"><ele>183.863</ele><time>2021-01-17T12:11:47Z</time></trkpt><trkpt lat="43.607922" lon="3.409502"><ele>184.271</ele><time>2021-01-17T12:11:50Z</time></trkpt><trkpt lat="43.607987" lon="3.409531"><ele>184.481</ele><time>2021-01-17T12:11:53Z</time></trkpt><trkpt lat="43.608050" lon="3.409570"><ele>184.860</ele><time>2021-01-17T12:11:58Z</time></trkpt><trkpt lat="43.608059" lon="3.409580"><ele>185.026</ele><time>2021-01-17T12:11:59Z</time></trkpt><trkpt lat="43.608077" lon="3.409600"><ele>185.422</ele><time>2021-01-17T12:12:01Z</time></trkpt><trkpt lat="43.608093" lon="3.409619"><ele>185.829</ele><time>2021-01-17T12:12:03Z</time></trkpt><trkpt lat="43.608113" lon="3.409686"><ele>186.600</ele><time>2021-01-17T12:12:08Z</time></trkpt><trkpt lat="43.608118" lon="3.409743"><ele>187.420</ele><time>2021-01-17T12:12:12Z</time></trkpt><trkpt lat="43.608117" lon="3.409754"><ele>187.608</ele><time>2021-01-17T12:12:13Z</time></trkpt><trkpt lat="43.608124" lon="3.409764"><ele>188.058</ele><time>2021-01-17T12:12:14Z</time></trkpt><trkpt lat="43.608141" lon="3.409803"><ele>188.866</ele><time>2021-01-17T12:12:17Z</time></trkpt><trkpt lat="43.608144" lon="3.409842"><ele>189.822</ele><time>2021-01-17T12:12:20Z</time></trkpt><trkpt lat="43.608151" lon="3.409885"><ele>190.410</ele><time>2021-01-17T12:12:23Z</time></trkpt><trkpt lat="43.608153" lon="3.409898"><ele>190.640</ele><time>2021-01-17T12:12:24Z</time></trkpt><trkpt lat="43.608157" lon="3.409910"><ele>190.839</ele><time>2021-01-17T12:12:25Z</time></trkpt><trkpt lat="43.608201" lon="3.409996"><ele>191.645</ele><time>2021-01-17T12:12:30Z</time></trkpt><trkpt lat="43.608203" lon="3.410020"><ele>192.081</ele><time>2021-01-17T12:12:32Z</time></trkpt><trkpt lat="43.608206" lon="3.410032"><ele>192.296</ele><time>2021-01-17T12:12:33Z</time></trkpt><trkpt lat="43.608214" lon="3.410067"><ele>193.231</ele><time>2021-01-17T12:12:35Z</time></trkpt><trkpt lat="43.608219" lon="3.410113"><ele>194.024</ele><time>2021-01-17T12:12:38Z</time></trkpt><trkpt lat="43.608229" lon="3.410128"><ele>194.208</ele><time>2021-01-17T12:12:39Z</time></trkpt><trkpt lat="43.608228" lon="3.410140"><ele>194.255</ele><time>2021-01-17T12:12:40Z</time></trkpt><trkpt lat="43.608230" lon="3.410178"><ele>194.623</ele><time>2021-01-17T12:12:43Z</time></trkpt><trkpt lat="43.608235" lon="3.410187"><ele>195.029</ele><time>2021-01-17T12:12:44Z</time></trkpt><trkpt lat="43.608240" lon="3.410199"><ele>195.417</ele><time>2021-01-17T12:12:45Z</time></trkpt><trkpt lat="43.608247" lon="3.410230"><ele>196.217</ele><time>2021-01-17T12:12:47Z</time></trkpt><trkpt lat="43.608250" lon="3.410243"><ele>196.496</ele><time>2021-01-17T12:12:48Z</time></trkpt><trkpt lat="43.608268" lon="3.410306"><ele>197.682</ele><time>2021-01-17T12:12:54Z</time></trkpt><trkpt lat="43.608279" lon="3.410321"><ele>198.298</ele><time>2021-01-17T12:12:56Z</time></trkpt><trkpt lat="43.608286" lon="3.410339"><ele>198.822</ele><time>2021-01-17T12:12:58Z</time></trkpt><trkpt lat="43.608290" lon="3.410357"><ele>199.662</ele><time>2021-01-17T12:13:00Z</time></trkpt><trkpt lat="43.608296" lon="3.410380"><ele>200.008</ele><time>2021-01-17T12:13:02Z</time></trkpt><trkpt lat="43.608310" lon="3.410463"><ele>201.208</ele><time>2021-01-17T12:13:08Z</time></trkpt><trkpt lat="43.608313" lon="3.410514"><ele>202.238</ele><time>2021-01-17T12:13:12Z</time></trkpt><trkpt lat="43.608329" lon="3.410557"><ele>203.426</ele><time>2021-01-17T12:13:15Z</time></trkpt><trkpt lat="43.608338" lon="3.410583"><ele>204.052</ele><time>2021-01-17T12:13:17Z</time></trkpt><trkpt lat="43.608338" lon="3.410620"><ele>204.490</ele><time>2021-01-17T12:13:19Z</time></trkpt><trkpt lat="43.608342" lon="3.410677"><ele>205.650</ele><time>2021-01-17T12:13:23Z</time></trkpt><trkpt lat="43.608343" lon="3.410698"><ele>206.059</ele><time>2021-01-17T12:13:25Z</time></trkpt><trkpt lat="43.608348" lon="3.410717"><ele>206.875</ele><time>2021-01-17T12:13:27Z</time></trkpt><trkpt lat="43.608370" lon="3.410732"><ele>207.211</ele><time>2021-01-17T12:13:30Z</time></trkpt><trkpt lat="43.608382" lon="3.410742"><ele>208.257</ele><time>2021-01-17T12:13:33Z</time></trkpt><trkpt lat="43.608383" lon="3.410746"><ele>208.800</ele><time>2021-01-17T12:13:34Z</time></trkpt><trkpt lat="43.608381" lon="3.410752"><ele>209.220</ele><time>2021-01-17T12:13:35Z</time></trkpt><trkpt lat="43.608379" lon="3.410759"><ele>209.608</ele><time>2021-01-17T12:13:36Z</time></trkpt><trkpt lat="43.608377" lon="3.410765"><ele>209.871</ele><time>2021-01-17T12:13:37Z</time></trkpt><trkpt lat="43.608372" lon="3.410774"><ele>209.879</ele><time>2021-01-17T12:13:38Z</time></trkpt><trkpt lat="43.608361" lon="3.410787"><ele>210.085</ele><time>2021-01-17T12:13:40Z</time></trkpt><trkpt lat="43.608338" lon="3.410812"><ele>210.233</ele><time>2021-01-17T12:13:43Z</time></trkpt><trkpt lat="43.608328" lon="3.410824"><ele>210.663</ele><time>2021-01-17T12:13:44Z</time></trkpt><trkpt lat="43.608318" lon="3.410854"><ele>211.272</ele><time>2021-01-17T12:13:46Z</time></trkpt><trkpt lat="43.608314" lon="3.410879"><ele>211.458</ele><time>2021-01-17T12:13:48Z</time></trkpt><trkpt lat="43.608313" lon="3.410890"><ele>211.694</ele><time>2021-01-17T12:13:49Z</time></trkpt><trkpt lat="43.608312" lon="3.410906"><ele>211.824</ele><time>2021-01-17T12:13:51Z</time></trkpt><trkpt lat="43.608311" lon="3.410946"><ele>212.604</ele><time>2021-01-17T12:13:55Z</time></trkpt><trkpt lat="43.608321" lon="3.410966"><ele>213.214</ele><time>2021-01-17T12:13:57Z</time></trkpt><trkpt lat="43.608330" lon="3.410978"><ele>213.608</ele><time>2021-01-17T12:13:59Z</time></trkpt><trkpt lat="43.608330" lon="3.411016"><ele>214.698</ele><time>2021-01-17T12:14:03Z</time></trkpt><trkpt lat="43.608329" lon="3.411027"><ele>214.886</ele><time>2021-01-17T12:14:04Z</time></trkpt><trkpt lat="43.608333" lon="3.411043"><ele>215.232</ele><time>2021-01-17T12:14:06Z</time></trkpt><trkpt lat="43.608343" lon="3.411073"><ele>215.830</ele><time>2021-01-17T12:14:09Z</time></trkpt><trkpt lat="43.608340" lon="3.411080"><ele>216.020</ele><time>2021-01-17T12:14:10Z</time></trkpt><trkpt lat="43.608342" lon="3.411136"><ele>217.069</ele><time>2021-01-17T12:14:15Z</time></trkpt><trkpt lat="43.608358" lon="3.411148"><ele>217.655</ele><time>2021-01-17T12:14:17Z</time></trkpt><trkpt lat="43.608357" lon="3.411154"><ele>218.031</ele><time>2021-01-17T12:14:18Z</time></trkpt><trkpt lat="43.608367" lon="3.411181"><ele>219.289</ele><time>2021-01-17T12:14:22Z</time></trkpt><trkpt lat="43.608388" lon="3.411195"><ele>220.206</ele><time>2021-01-17T12:14:25Z</time></trkpt><trkpt lat="43.608437" lon="3.411221"><ele>221.426</ele><time>2021-01-17T12:14:31Z</time></trkpt><trkpt lat="43.608446" lon="3.411245"><ele>222.808</ele><time>2021-01-17T12:14:34Z</time></trkpt><trkpt lat="43.608442" lon="3.411255"><ele>223.244</ele><time>2021-01-17T12:14:36Z</time></trkpt><trkpt lat="43.608442" lon="3.411263"><ele>223.632</ele><time>2021-01-17T12:14:37Z</time></trkpt><trkpt lat="43.608441" lon="3.411286"><ele>224.038</ele><time>2021-01-17T12:14:39Z</time></trkpt><trkpt lat="43.608436" lon="3.411303"><ele>225.056</ele><time>2021-01-17T12:14:42Z</time></trkpt><trkpt lat="43.608397" lon="3.411352"><ele>226.246</ele><time>2021-01-17T12:14:48Z</time></trkpt><trkpt lat="43.608389" lon="3.411362"><ele>226.455</ele><time>2021-01-17T12:14:49Z</time></trkpt><trkpt lat="43.608377" lon="3.411388"><ele>227.031</ele><time>2021-01-17T12:14:52Z</time></trkpt><trkpt lat="43.608376" lon="3.411392"><ele>227.437</ele><time>2021-01-17T12:14:54Z</time></trkpt><trkpt lat="43.608378" lon="3.411397"><ele>227.441</ele><time>2021-01-17T12:14:55Z</time></trkpt><trkpt lat="43.608358" lon="3.411420"><ele>228.481</ele><time>2021-01-17T12:14:58Z</time></trkpt><trkpt lat="43.608349" lon="3.411439"><ele>228.809</ele><time>2021-01-17T12:15:00Z</time></trkpt><trkpt lat="43.608346" lon="3.411445"><ele>228.808</ele><time>2021-01-17T12:15:01Z</time></trkpt><trkpt lat="43.608339" lon="3.411460"><ele>229.610</ele><time>2021-01-17T12:15:04Z</time></trkpt><trkpt lat="43.608333" lon="3.411472"><ele>230.628</ele><time>2021-01-17T12:15:08Z</time></trkpt><trkpt lat="43.608338" lon="3.411471"><ele>231.074</ele><time>2021-01-17T12:15:09Z</time></trkpt><trkpt lat="43.608340" lon="3.411482"><ele>232.262</ele><time>2021-01-17T12:15:12Z</time></trkpt><trkpt lat="43.608339" lon="3.411485"><ele>232.622</ele><time>2021-01-17T12:15:13Z</time></trkpt><trkpt lat="43.608330" lon="3.411534"><ele>233.481</ele><time>2021-01-17T12:15:17Z</time></trkpt><trkpt lat="43.608337" lon="3.411572"><ele>233.877</ele><time>2021-01-17T12:15:21Z</time></trkpt><trkpt lat="43.608386" lon="3.411561"><ele>234.463</ele><time>2021-01-17T12:15:26Z</time></trkpt><trkpt lat="43.608392" lon="3.411566"><ele>234.845</ele><time>2021-01-17T12:15:27Z</time></trkpt><trkpt lat="43.608408" lon="3.411580"><ele>236.047</ele><time>2021-01-17T12:15:30Z</time></trkpt><trkpt lat="43.608433" lon="3.411603"><ele>237.011</ele><time>2021-01-17T12:15:34Z</time></trkpt><trkpt lat="43.608436" lon="3.411607"><ele>237.408</ele><time>2021-01-17T12:15:36Z</time></trkpt><trkpt lat="43.608444" lon="3.411626"><ele>238.260</ele><time>2021-01-17T12:15:40Z</time></trkpt><trkpt lat="43.608452" lon="3.411642"><ele>239.038</ele><time>2021-01-17T12:15:43Z</time></trkpt><trkpt lat="43.608452" lon="3.411650"><ele>239.494</ele><time>2021-01-17T12:15:44Z</time></trkpt><trkpt lat="43.608447" lon="3.411666"><ele>240.432</ele><time>2021-01-17T12:15:47Z</time></trkpt><trkpt lat="43.608442" lon="3.411677"><ele>240.852</ele><time>2021-01-17T12:15:48Z</time></trkpt><trkpt lat="43.608432" lon="3.411722"><ele>241.841</ele><time>2021-01-17T12:15:52Z</time></trkpt><trkpt lat="43.608421" lon="3.411747"><ele>242.847</ele><time>2021-01-17T12:15:56Z</time></trkpt><trkpt lat="43.608420" lon="3.411775"><ele>243.473</ele><time>2021-01-17T12:15:59Z</time></trkpt><trkpt lat="43.608421" lon="3.411806"><ele>243.899</ele><time>2021-01-17T12:16:02Z</time></trkpt><trkpt lat="43.608413" lon="3.411845"><ele>245.007</ele><time>2021-01-17T12:16:06Z</time></trkpt><trkpt lat="43.608396" lon="3.411872"><ele>246.227</ele><time>2021-01-17T12:16:10Z</time></trkpt><trkpt lat="43.608373" lon="3.411921"><ele>247.008</ele><time>2021-01-17T12:16:14Z</time></trkpt><trkpt lat="43.608374" lon="3.411936"><ele>247.485</ele><time>2021-01-17T12:16:15Z</time></trkpt><trkpt lat="43.608383" lon="3.411963"><ele>248.233</ele><time>2021-01-17T12:16:18Z</time></trkpt><trkpt lat="43.608389" lon="3.411971"><ele>248.449</ele><time>2021-01-17T12:16:19Z</time></trkpt><trkpt lat="43.608393" lon="3.411996"><ele>248.647</ele><time>2021-01-17T12:16:21Z</time></trkpt><trkpt lat="43.608397" lon="3.412037"><ele>249.827</ele><time>2021-01-17T12:16:24Z</time></trkpt><trkpt lat="43.608397" lon="3.412080"><ele>251.216</ele><time>2021-01-17T12:16:28Z</time></trkpt><trkpt lat="43.608393" lon="3.412093"><ele>251.442</ele><time>2021-01-17T12:16:29Z</time></trkpt><trkpt lat="43.608371" lon="3.412120"><ele>251.828</ele><time>2021-01-17T12:16:32Z</time></trkpt><trkpt lat="43.608367" lon="3.412146"><ele>252.298</ele><time>2021-01-17T12:16:34Z</time></trkpt><trkpt lat="43.608363" lon="3.412177"><ele>253.415</ele><time>2021-01-17T12:16:37Z</time></trkpt><trkpt lat="43.608369" lon="3.412233"><ele>254.226</ele><time>2021-01-17T12:16:41Z</time></trkpt><trkpt lat="43.608363" lon="3.412276"><ele>254.208</ele><time>2021-01-17T12:16:44Z</time></trkpt><trkpt lat="43.608332" lon="3.412291"><ele>254.265</ele><time>2021-01-17T12:16:47Z</time></trkpt><trkpt lat="43.608302" lon="3.412341"><ele>254.443</ele><time>2021-01-17T12:16:51Z</time></trkpt><trkpt lat="43.608269" lon="3.412373"><ele>254.619</ele><time>2021-01-17T12:16:54Z</time></trkpt><trkpt lat="43.608247" lon="3.412416"><ele>254.877</ele><time>2021-01-17T12:16:57Z</time></trkpt><trkpt lat="43.608213" lon="3.412460"><ele>255.087</ele><time>2021-01-17T12:17:00Z</time></trkpt><trkpt lat="43.608205" lon="3.412472"><ele>255.276</ele><time>2021-01-17T12:17:01Z</time></trkpt><trkpt lat="43.608145" lon="3.412540"><ele>255.692</ele><time>2021-01-17T12:17:06Z</time></trkpt><trkpt lat="43.608112" lon="3.412577"><ele>256.248</ele><time>2021-01-17T12:17:09Z</time></trkpt><trkpt lat="43.608091" lon="3.412607"><ele>256.683</ele><time>2021-01-17T12:17:11Z</time></trkpt><trkpt lat="43.608058" lon="3.412674"><ele>257.225</ele><time>2021-01-17T12:17:16Z</time></trkpt><trkpt lat="43.608053" lon="3.412688"><ele>257.217</ele><time>2021-01-17T12:17:17Z</time></trkpt><trkpt lat="43.608043" lon="3.412734"><ele>257.608</ele><time>2021-01-17T12:17:20Z</time></trkpt><trkpt lat="43.608042" lon="3.412754"><ele>257.644</ele><time>2021-01-17T12:17:21Z</time></trkpt><trkpt lat="43.608043" lon="3.412771"><ele>257.832</ele><time>2021-01-17T12:17:22Z</time></trkpt><trkpt lat="43.608113" lon="3.412962"><ele>257.848</ele><time>2021-01-17T12:17:30Z</time></trkpt><trkpt lat="43.608168" lon="3.413127"><ele>257.456</ele><time>2021-01-17T12:17:36Z</time></trkpt><trkpt lat="43.608236" lon="3.413242"><ele>257.466</ele><time>2021-01-17T12:17:41Z</time></trkpt><trkpt lat="43.608246" lon="3.413274"><ele>257.285</ele><time>2021-01-17T12:17:42Z</time></trkpt><trkpt lat="43.608345" lon="3.413495"><ele>256.871</ele><time>2021-01-17T12:17:49Z</time></trkpt><trkpt lat="43.608352" lon="3.413530"><ele>256.617</ele><time>2021-01-17T12:17:50Z</time></trkpt><trkpt lat="43.608435" lon="3.413665"><ele>256.486</ele><time>2021-01-17T12:17:56Z</time></trkpt><trkpt lat="43.608511" lon="3.413727"><ele>256.460</ele><time>2021-01-17T12:18:00Z</time></trkpt><trkpt lat="43.608532" lon="3.413731"><ele>256.426</ele><time>2021-01-17T12:18:01Z</time></trkpt><trkpt lat="43.608627" lon="3.413743"><ele>255.408</ele><time>2021-01-17T12:18:05Z</time></trkpt><trkpt lat="43.608707" lon="3.413730"><ele>254.264</ele><time>2021-01-17T12:18:08Z</time></trkpt><trkpt lat="43.608759" lon="3.413700"><ele>253.422</ele><time>2021-01-17T12:18:10Z</time></trkpt><trkpt lat="43.608777" lon="3.413685"><ele>253.028</ele><time>2021-01-17T12:18:11Z</time></trkpt><trkpt lat="43.608834" lon="3.413630"><ele>251.826</ele><time>2021-01-17T12:18:14Z</time></trkpt><trkpt lat="43.608884" lon="3.413600"><ele>251.276</ele><time>2021-01-17T12:18:16Z</time></trkpt><trkpt lat="43.608930" lon="3.413564"><ele>250.675</ele><time>2021-01-17T12:18:18Z</time></trkpt><trkpt lat="43.608998" lon="3.413515"><ele>249.411</ele><time>2021-01-17T12:18:21Z</time></trkpt><trkpt lat="43.609019" lon="3.413496"><ele>248.817</ele><time>2021-01-17T12:18:22Z</time></trkpt><trkpt lat="43.609057" lon="3.413470"><ele>248.292</ele><time>2021-01-17T12:18:24Z</time></trkpt><trkpt lat="43.609163" lon="3.413447"><ele>247.273</ele><time>2021-01-17T12:18:29Z</time></trkpt><trkpt lat="43.609238" lon="3.413485"><ele>246.020</ele><time>2021-01-17T12:18:33Z</time></trkpt><trkpt lat="43.609285" lon="3.413544"><ele>245.608</ele><time>2021-01-17T12:18:36Z</time></trkpt><trkpt lat="43.609299" lon="3.413561"><ele>245.425</ele><time>2021-01-17T12:18:37Z</time></trkpt><trkpt lat="43.609369" lon="3.413629"><ele>245.093</ele><time>2021-01-17T12:18:41Z</time></trkpt><trkpt lat="43.609390" lon="3.413647"><ele>244.679</ele><time>2021-01-17T12:18:42Z</time></trkpt><trkpt lat="43.609519" lon="3.413668"><ele>243.887</ele><time>2021-01-17T12:18:47Z</time></trkpt><trkpt lat="43.609549" lon="3.413667"><ele>243.887</ele><time>2021-01-17T12:18:48Z</time></trkpt><trkpt lat="43.609689" lon="3.413718"><ele>244.216</ele><time>2021-01-17T12:18:54Z</time></trkpt><trkpt lat="43.609813" lon="3.413688"><ele>245.062</ele><time>2021-01-17T12:18:59Z</time></trkpt><trkpt lat="43.609832" lon="3.413676"><ele>245.258</ele><time>2021-01-17T12:19:00Z</time></trkpt><trkpt lat="43.609874" lon="3.413662"><ele>246.062</ele><time>2021-01-17T12:19:03Z</time></trkpt><trkpt lat="43.609916" lon="3.413657"><ele>246.683</ele><time>2021-01-17T12:19:06Z</time></trkpt><trkpt lat="43.609953" lon="3.413662"><ele>247.211</ele><time>2021-01-17T12:19:09Z</time></trkpt><trkpt lat="43.610039" lon="3.413672"><ele>248.008</ele><time>2021-01-17T12:19:14Z</time></trkpt><trkpt lat="43.610054" lon="3.413672"><ele>248.222</ele><time>2021-01-17T12:19:15Z</time></trkpt><trkpt lat="43.610070" lon="3.413676"><ele>248.460</ele><time>2021-01-17T12:19:16Z</time></trkpt><trkpt lat="43.610169" lon="3.413741"><ele>249.656</ele><time>2021-01-17T12:19:22Z</time></trkpt><trkpt lat="43.610231" lon="3.413856"><ele>250.094</ele><time>2021-01-17T12:19:27Z</time></trkpt><trkpt lat="43.610350" lon="3.414036"><ele>250.094</ele><time>2021-01-17T12:19:35Z</time></trkpt><trkpt lat="43.610496" lon="3.414139"><ele>250.633</ele><time>2021-01-17T12:19:43Z</time></trkpt><trkpt lat="43.610676" lon="3.414213"><ele>251.449</ele><time>2021-01-17T12:19:52Z</time></trkpt><trkpt lat="43.610865" lon="3.414213"><ele>251.485</ele><time>2021-01-17T12:20:01Z</time></trkpt><trkpt lat="43.611043" lon="3.414247"><ele>250.488</ele><time>2021-01-17T12:20:09Z</time></trkpt><trkpt lat="43.611226" lon="3.414276"><ele>250.024</ele><time>2021-01-17T12:20:17Z</time></trkpt><trkpt lat="43.611263" lon="3.414290"><ele>249.426</ele><time>2021-01-17T12:20:19Z</time></trkpt><trkpt lat="43.611371" lon="3.414299"><ele>248.408</ele><time>2021-01-17T12:20:24Z</time></trkpt><trkpt lat="43.611391" lon="3.414296"><ele>248.094</ele><time>2021-01-17T12:20:25Z</time></trkpt><trkpt lat="43.611436" lon="3.414295"><ele>247.242</ele><time>2021-01-17T12:20:27Z</time></trkpt><trkpt lat="43.611502" lon="3.414308"><ele>246.098</ele><time>2021-01-17T12:20:30Z</time></trkpt><trkpt lat="43.611562" lon="3.414319"><ele>245.056</ele><time>2021-01-17T12:20:33Z</time></trkpt><trkpt lat="43.611578" lon="3.414321"><ele>244.666</ele><time>2021-01-17T12:20:34Z</time></trkpt><trkpt lat="43.611608" lon="3.414346"><ele>243.645</ele><time>2021-01-17T12:20:36Z</time></trkpt><trkpt lat="43.611653" lon="3.414406"><ele>242.661</ele><time>2021-01-17T12:20:39Z</time></trkpt><trkpt lat="43.611662" lon="3.414431"><ele>242.267</ele><time>2021-01-17T12:20:40Z</time></trkpt><trkpt lat="43.611710" lon="3.414497"><ele>241.426</ele><time>2021-01-17T12:20:43Z</time></trkpt><trkpt lat="43.611793" lon="3.414546"><ele>240.047</ele><time>2021-01-17T12:20:47Z</time></trkpt><trkpt lat="43.611851" lon="3.414540"><ele>238.611</ele><time>2021-01-17T12:20:50Z</time></trkpt><trkpt lat="43.611920" lon="3.414533"><ele>237.208</ele><time>2021-01-17T12:20:53Z</time></trkpt><trkpt lat="43.611941" lon="3.414539"><ele>236.868</ele><time>2021-01-17T12:20:54Z</time></trkpt><trkpt lat="43.611988" lon="3.414545"><ele>236.036</ele><time>2021-01-17T12:20:56Z</time></trkpt><trkpt lat="43.612047" lon="3.414553"><ele>235.032</ele><time>2021-01-17T12:20:59Z</time></trkpt><trkpt lat="43.612102" lon="3.414561"><ele>233.810</ele><time>2021-01-17T12:21:02Z</time></trkpt><trkpt lat="43.612203" lon="3.414504"><ele>232.680</ele><time>2021-01-17T12:21:08Z</time></trkpt><trkpt lat="43.612270" lon="3.414426"><ele>231.429</ele><time>2021-01-17T12:21:12Z</time></trkpt><trkpt lat="43.612310" lon="3.414349"><ele>230.455</ele><time>2021-01-17T12:21:16Z</time></trkpt><trkpt lat="43.612333" lon="3.414336"><ele>229.861</ele><time>2021-01-17T12:21:18Z</time></trkpt><trkpt lat="43.612471" lon="3.414353"><ele>229.461</ele><time>2021-01-17T12:21:24Z</time></trkpt><trkpt lat="43.612615" lon="3.414389"><ele>229.021</ele><time>2021-01-17T12:21:31Z</time></trkpt><trkpt lat="43.612717" lon="3.414460"><ele>230.013</ele><time>2021-01-17T12:21:37Z</time></trkpt><trkpt lat="43.612767" lon="3.414515"><ele>230.408</ele><time>2021-01-17T12:21:41Z</time></trkpt><trkpt lat="43.612801" lon="3.414555"><ele>231.252</ele><time>2021-01-17T12:21:45Z</time></trkpt><trkpt lat="43.612812" lon="3.414563"><ele>231.680</ele><time>2021-01-17T12:21:47Z</time></trkpt><trkpt lat="43.612859" lon="3.414587"><ele>232.256</ele><time>2021-01-17T12:21:53Z</time></trkpt><trkpt lat="43.612936" lon="3.414611"><ele>232.824</ele><time>2021-01-17T12:22:01Z</time></trkpt><trkpt lat="43.612995" lon="3.414648"><ele>233.824</ele><time>2021-01-17T12:22:07Z</time></trkpt><trkpt lat="43.613004" lon="3.414656"><ele>234.053</ele><time>2021-01-17T12:22:08Z</time></trkpt><trkpt lat="43.613031" lon="3.414689"><ele>235.039</ele><time>2021-01-17T12:22:12Z</time></trkpt><trkpt lat="43.613039" lon="3.414693"><ele>235.265</ele><time>2021-01-17T12:22:14Z</time></trkpt><trkpt lat="43.613064" lon="3.414702"><ele>236.263</ele><time>2021-01-17T12:22:18Z</time></trkpt><trkpt lat="43.613084" lon="3.414716"><ele>237.044</ele><time>2021-01-17T12:22:22Z</time></trkpt><trkpt lat="43.613090" lon="3.414719"><ele>237.218</ele><time>2021-01-17T12:22:23Z</time></trkpt><trkpt lat="43.613095" lon="3.414725"><ele>237.808</ele><time>2021-01-17T12:22:25Z</time></trkpt><trkpt lat="43.613097" lon="3.414738"><ele>238.292</ele><time>2021-01-17T12:22:27Z</time></trkpt><trkpt lat="43.613105" lon="3.414753"><ele>238.690</ele><time>2021-01-17T12:22:29Z</time></trkpt><trkpt lat="43.613119" lon="3.414763"><ele>239.446</ele><time>2021-01-17T12:22:31Z</time></trkpt><trkpt lat="43.613142" lon="3.414787"><ele>240.024</ele><time>2021-01-17T12:22:35Z</time></trkpt><trkpt lat="43.613147" lon="3.414796"><ele>240.294</ele><time>2021-01-17T12:22:36Z</time></trkpt><trkpt lat="43.613152" lon="3.414805"><ele>240.463</ele><time>2021-01-17T12:22:37Z</time></trkpt><trkpt lat="43.613184" lon="3.414835"><ele>241.639</ele><time>2021-01-17T12:22:42Z</time></trkpt><trkpt lat="43.613210" lon="3.414858"><ele>242.615</ele><time>2021-01-17T12:22:47Z</time></trkpt><trkpt lat="43.613241" lon="3.414853"><ele>243.426</ele><time>2021-01-17T12:22:50Z</time></trkpt><trkpt lat="43.613256" lon="3.414866"><ele>243.847</ele><time>2021-01-17T12:22:52Z</time></trkpt><trkpt lat="43.613272" lon="3.414878"><ele>244.811</ele><time>2021-01-17T12:22:56Z</time></trkpt><trkpt lat="43.613277" lon="3.414894"><ele>245.408</ele><time>2021-01-17T12:22:59Z</time></trkpt><trkpt lat="43.613290" lon="3.414897"><ele>245.858</ele><time>2021-01-17T12:23:01Z</time></trkpt><trkpt lat="43.613309" lon="3.414912"><ele>247.296</ele><time>2021-01-17T12:23:04Z</time></trkpt><trkpt lat="43.613318" lon="3.414964"><ele>247.812</ele><time>2021-01-17T12:23:06Z</time></trkpt><trkpt lat="43.613334" lon="3.414979"><ele>248.280</ele><time>2021-01-17T12:23:08Z</time></trkpt><trkpt lat="43.613352" lon="3.414997"><ele>248.830</ele><time>2021-01-17T12:23:11Z</time></trkpt><trkpt lat="43.613370" lon="3.414997"><ele>249.239</ele><time>2021-01-17T12:23:13Z</time></trkpt><trkpt lat="43.613381" lon="3.414997"><ele>249.475</ele><time>2021-01-17T12:23:14Z</time></trkpt><trkpt lat="43.613427" lon="3.414983"><ele>250.681</ele><time>2021-01-17T12:23:18Z</time></trkpt><trkpt lat="43.613472" lon="3.414963"><ele>251.061</ele><time>2021-01-17T12:23:21Z</time></trkpt><trkpt lat="43.613521" lon="3.414929"><ele>251.621</ele><time>2021-01-17T12:23:26Z</time></trkpt><trkpt lat="43.613538" lon="3.414915"><ele>252.413</ele><time>2021-01-17T12:23:28Z</time></trkpt><trkpt lat="43.613548" lon="3.414909"><ele>252.808</ele><time>2021-01-17T12:23:29Z</time></trkpt><trkpt lat="43.613610" lon="3.414877"><ele>253.842</ele><time>2021-01-17T12:23:34Z</time></trkpt><trkpt lat="43.613650" lon="3.414859"><ele>254.250</ele><time>2021-01-17T12:23:37Z</time></trkpt><trkpt lat="43.613703" lon="3.414858"><ele>255.066</ele><time>2021-01-17T12:23:42Z</time></trkpt><trkpt lat="43.613723" lon="3.414873"><ele>255.284</ele><time>2021-01-17T12:23:44Z</time></trkpt><trkpt lat="43.613735" lon="3.414903"><ele>255.894</ele><time>2021-01-17T12:23:46Z</time></trkpt><trkpt lat="43.613745" lon="3.414920"><ele>256.273</ele><time>2021-01-17T12:23:47Z</time></trkpt><trkpt lat="43.613776" lon="3.414944"><ele>257.429</ele><time>2021-01-17T12:23:50Z</time></trkpt><trkpt lat="43.613780" lon="3.414956"><ele>257.695</ele><time>2021-01-17T12:23:51Z</time></trkpt><trkpt lat="43.613793" lon="3.414997"><ele>257.695</ele><time>2021-01-17T12:23:53Z</time></trkpt><trkpt lat="43.613853" lon="3.415170"><ele>258.449</ele><time>2021-01-17T12:24:03Z</time></trkpt><trkpt lat="43.613860" lon="3.415185"><ele>258.623</ele><time>2021-01-17T12:24:04Z</time></trkpt><trkpt lat="43.613877" lon="3.415275"><ele>259.208</ele><time>2021-01-17T12:24:09Z</time></trkpt><trkpt lat="43.613880" lon="3.415286"><ele>259.695</ele><time>2021-01-17T12:24:10Z</time></trkpt><trkpt lat="43.613898" lon="3.415352"><ele>260.673</ele><time>2021-01-17T12:24:14Z</time></trkpt><trkpt lat="43.613899" lon="3.415372"><ele>260.649</ele><time>2021-01-17T12:24:15Z</time></trkpt><trkpt lat="43.613929" lon="3.415538"><ele>261.067</ele><time>2021-01-17T12:24:23Z</time></trkpt><trkpt lat="43.613925" lon="3.415557"><ele>261.487</ele><time>2021-01-17T12:24:24Z</time></trkpt><trkpt lat="43.613915" lon="3.415571"><ele>261.846</ele><time>2021-01-17T12:24:25Z</time></trkpt><trkpt lat="43.613873" lon="3.415614"><ele>262.662</ele><time>2021-01-17T12:24:28Z</time></trkpt><trkpt lat="43.613841" lon="3.415624"><ele>262.878</ele><time>2021-01-17T12:24:30Z</time></trkpt><trkpt lat="43.613778" lon="3.415663"><ele>263.627</ele><time>2021-01-17T12:24:34Z</time></trkpt><trkpt lat="43.613773" lon="3.415682"><ele>263.868</ele><time>2021-01-17T12:24:35Z</time></trkpt><trkpt lat="43.613772" lon="3.415701"><ele>263.814</ele><time>2021-01-17T12:24:36Z</time></trkpt><trkpt lat="43.613777" lon="3.415722"><ele>264.008</ele><time>2021-01-17T12:24:37Z</time></trkpt><trkpt lat="43.613806" lon="3.415765"><ele>264.298</ele><time>2021-01-17T12:24:39Z</time></trkpt><trkpt lat="43.613840" lon="3.415777"><ele>265.276</ele><time>2021-01-17T12:24:41Z</time></trkpt><trkpt lat="43.613902" lon="3.415787"><ele>266.662</ele><time>2021-01-17T12:24:44Z</time></trkpt><trkpt lat="43.613937" lon="3.415807"><ele>267.890</ele><time>2021-01-17T12:24:46Z</time></trkpt><trkpt lat="43.614004" lon="3.415829"><ele>269.060</ele><time>2021-01-17T12:24:49Z</time></trkpt><trkpt lat="43.614053" lon="3.415859"><ele>270.079</ele><time>2021-01-17T12:24:52Z</time></trkpt><trkpt lat="43.614087" lon="3.415875"><ele>269.425</ele><time>2021-01-17T12:24:54Z</time></trkpt><trkpt lat="43.614231" lon="3.415961"><ele>269.841</ele><time>2021-01-17T12:25:02Z</time></trkpt><trkpt lat="43.614249" lon="3.415972"><ele>270.098</ele><time>2021-01-17T12:25:03Z</time></trkpt><trkpt lat="43.614366" lon="3.416050"><ele>270.615</ele><time>2021-01-17T12:25:09Z</time></trkpt><trkpt lat="43.614500" lon="3.416227"><ele>271.026</ele><time>2021-01-17T12:25:18Z</time></trkpt><trkpt lat="43.614539" lon="3.416331"><ele>271.008</ele><time>2021-01-17T12:25:23Z</time></trkpt><trkpt lat="43.614592" lon="3.416496"><ele>271.645</ele><time>2021-01-17T12:25:30Z</time></trkpt><trkpt lat="43.614611" lon="3.416543"><ele>272.213</ele><time>2021-01-17T12:25:32Z</time></trkpt><trkpt lat="43.614685" lon="3.416712"><ele>272.249</ele><time>2021-01-17T12:25:39Z</time></trkpt><trkpt lat="43.614825" lon="3.416823"><ele>272.837</ele><time>2021-01-17T12:25:46Z</time></trkpt><trkpt lat="43.614885" lon="3.416836"><ele>273.227</ele><time>2021-01-17T12:25:49Z</time></trkpt><trkpt lat="43.614978" lon="3.416852"><ele>274.066</ele><time>2021-01-17T12:25:53Z</time></trkpt><trkpt lat="43.615010" lon="3.416869"><ele>274.492</ele><time>2021-01-17T12:25:55Z</time></trkpt><trkpt lat="43.615105" lon="3.416974"><ele>275.068</ele><time>2021-01-17T12:26:01Z</time></trkpt><trkpt lat="43.615112" lon="3.417007"><ele>274.818</ele><time>2021-01-17T12:26:02Z</time></trkpt><trkpt lat="43.615130" lon="3.417105"><ele>274.298</ele><time>2021-01-17T12:26:06Z</time></trkpt><trkpt lat="43.615151" lon="3.417265"><ele>275.617</ele><time>2021-01-17T12:26:12Z</time></trkpt><trkpt lat="43.615151" lon="3.417290"><ele>275.808</ele><time>2021-01-17T12:26:13Z</time></trkpt><trkpt lat="43.615153" lon="3.417469"><ele>276.887</ele><time>2021-01-17T12:26:20Z</time></trkpt><trkpt lat="43.615156" lon="3.417648"><ele>278.025</ele><time>2021-01-17T12:26:26Z</time></trkpt><trkpt lat="43.615158" lon="3.417713"><ele>278.041</ele><time>2021-01-17T12:26:28Z</time></trkpt><trkpt lat="43.615186" lon="3.417920"><ele>279.259</ele><time>2021-01-17T12:26:35Z</time></trkpt><trkpt lat="43.615202" lon="3.417983"><ele>279.679</ele><time>2021-01-17T12:26:37Z</time></trkpt><trkpt lat="43.615236" lon="3.418102"><ele>280.238</ele><time>2021-01-17T12:26:41Z</time></trkpt><trkpt lat="43.615285" lon="3.418209"><ele>280.434</ele><time>2021-01-17T12:26:45Z</time></trkpt><trkpt lat="43.615410" lon="3.418380"><ele>280.610</ele><time>2021-01-17T12:26:54Z</time></trkpt><trkpt lat="43.615465" lon="3.418420"><ele>281.239</ele><time>2021-01-17T12:26:57Z</time></trkpt><trkpt lat="43.615526" lon="3.418476"><ele>282.201</ele><time>2021-01-17T12:27:01Z</time></trkpt><trkpt lat="43.615642" lon="3.418522"><ele>281.821</ele><time>2021-01-17T12:27:08Z</time></trkpt><trkpt lat="43.615672" lon="3.418515"><ele>282.408</ele><time>2021-01-17T12:27:10Z</time></trkpt><trkpt lat="43.615734" lon="3.418505"><ele>282.869</ele><time>2021-01-17T12:27:14Z</time></trkpt><trkpt lat="43.615766" lon="3.418502"><ele>282.427</ele><time>2021-01-17T12:27:16Z</time></trkpt><trkpt lat="43.615920" lon="3.418431"><ele>283.223</ele><time>2021-01-17T12:27:26Z</time></trkpt><trkpt lat="43.615930" lon="3.418423"><ele>283.461</ele><time>2021-01-17T12:27:27Z</time></trkpt><trkpt lat="43.615968" lon="3.418399"><ele>283.851</ele><time>2021-01-17T12:27:30Z</time></trkpt><trkpt lat="43.616021" lon="3.418358"><ele>284.020</ele><time>2021-01-17T12:27:34Z</time></trkpt><trkpt lat="43.616060" lon="3.418327"><ele>284.076</ele><time>2021-01-17T12:27:37Z</time></trkpt><trkpt lat="43.616130" lon="3.418267"><ele>284.632</ele><time>2021-01-17T12:27:43Z</time></trkpt><trkpt lat="43.616142" lon="3.418255"><ele>284.876</ele><time>2021-01-17T12:27:44Z</time></trkpt><trkpt lat="43.616177" lon="3.418227"><ele>285.290</ele><time>2021-01-17T12:27:47Z</time></trkpt><trkpt lat="43.616216" lon="3.418184"><ele>285.219</ele><time>2021-01-17T12:27:50Z</time></trkpt><trkpt lat="43.616225" lon="3.418172"><ele>285.208</ele><time>2021-01-17T12:27:51Z</time></trkpt><trkpt lat="43.616222" lon="3.418169"><ele>285.443</ele><time>2021-01-17T12:27:53Z</time></trkpt><trkpt lat="43.616213" lon="3.418180"><ele>285.411</ele><time>2021-01-17T12:27:54Z</time></trkpt><trkpt lat="43.616191" lon="3.418206"><ele>285.437</ele><time>2021-01-17T12:27:56Z</time></trkpt><trkpt lat="43.616154" lon="3.418247"><ele>285.225</ele><time>2021-01-17T12:27:59Z</time></trkpt><trkpt lat="43.616137" lon="3.418270"><ele>285.015</ele><time>2021-01-17T12:28:01Z</time></trkpt><trkpt lat="43.616138" lon="3.418307"><ele>285.024</ele><time>2021-01-17T12:28:03Z</time></trkpt><trkpt lat="43.616144" lon="3.418323"><ele>285.030</ele><time>2021-01-17T12:28:04Z</time></trkpt><trkpt lat="43.616147" lon="3.418343"><ele>285.286</ele><time>2021-01-17T12:28:05Z</time></trkpt><trkpt lat="43.616164" lon="3.418363"><ele>285.653</ele><time>2021-01-17T12:28:07Z</time></trkpt><trkpt lat="43.616194" lon="3.418406"><ele>286.804</ele><time>2021-01-17T12:28:11Z</time></trkpt><trkpt lat="43.616211" lon="3.418416"><ele>287.214</ele><time>2021-01-17T12:28:13Z</time></trkpt><trkpt lat="43.616223" lon="3.418418"><ele>287.208</ele><time>2021-01-17T12:28:14Z</time></trkpt><trkpt lat="43.616238" lon="3.418428"><ele>287.411</ele><time>2021-01-17T12:28:16Z</time></trkpt><trkpt lat="43.616268" lon="3.418438"><ele>287.849</ele><time>2021-01-17T12:28:18Z</time></trkpt><trkpt lat="43.616345" lon="3.418489"><ele>289.075</ele><time>2021-01-17T12:28:26Z</time></trkpt><trkpt lat="43.616360" lon="3.418498"><ele>289.223</ele><time>2021-01-17T12:28:27Z</time></trkpt><trkpt lat="43.616374" lon="3.418528"><ele>289.623</ele><time>2021-01-17T12:28:29Z</time></trkpt><trkpt lat="43.616379" lon="3.418538"><ele>290.072</ele><time>2021-01-17T12:28:30Z</time></trkpt><trkpt lat="43.616375" lon="3.418561"><ele>290.418</ele><time>2021-01-17T12:28:31Z</time></trkpt><trkpt lat="43.616405" lon="3.418586"><ele>290.854</ele><time>2021-01-17T12:28:33Z</time></trkpt><trkpt lat="43.616421" lon="3.418601"><ele>291.038</ele><time>2021-01-17T12:28:34Z</time></trkpt><trkpt lat="43.616445" lon="3.418626"><ele>292.070</ele><time>2021-01-17T12:28:37Z</time></trkpt><trkpt lat="43.616448" lon="3.418649"><ele>292.217</ele><time>2021-01-17T12:28:38Z</time></trkpt><trkpt lat="43.616446" lon="3.418670"><ele>292.408</ele><time>2021-01-17T12:28:39Z</time></trkpt><trkpt lat="43.616450" lon="3.418718"><ele>292.849</ele><time>2021-01-17T12:28:42Z</time></trkpt><trkpt lat="43.616468" lon="3.418737"><ele>293.287</ele><time>2021-01-17T12:28:44Z</time></trkpt><trkpt lat="43.616486" lon="3.418744"><ele>293.683</ele><time>2021-01-17T12:28:45Z</time></trkpt><trkpt lat="43.616544" lon="3.418786"><ele>294.611</ele><time>2021-01-17T12:28:51Z</time></trkpt><trkpt lat="43.616579" lon="3.418841"><ele>295.061</ele><time>2021-01-17T12:28:55Z</time></trkpt><trkpt lat="43.616597" lon="3.418867"><ele>295.220</ele><time>2021-01-17T12:28:57Z</time></trkpt><trkpt lat="43.616619" lon="3.418908"><ele>295.646</ele><time>2021-01-17T12:29:00Z</time></trkpt><trkpt lat="43.616672" lon="3.418974"><ele>296.062</ele><time>2021-01-17T12:29:05Z</time></trkpt><trkpt lat="43.616684" lon="3.418981"><ele>296.043</ele><time>2021-01-17T12:29:06Z</time></trkpt><trkpt lat="43.616702" lon="3.419005"><ele>296.264</ele><time>2021-01-17T12:29:09Z</time></trkpt><trkpt lat="43.616708" lon="3.419021"><ele>296.210</ele><time>2021-01-17T12:29:10Z</time></trkpt><trkpt lat="43.616716" lon="3.419066"><ele>296.608</ele><time>2021-01-17T12:29:13Z</time></trkpt><trkpt lat="43.616722" lon="3.419081"><ele>296.890</ele><time>2021-01-17T12:29:14Z</time></trkpt><trkpt lat="43.616735" lon="3.419103"><ele>296.878</ele><time>2021-01-17T12:29:16Z</time></trkpt><trkpt lat="43.616739" lon="3.419119"><ele>296.864</ele><time>2021-01-17T12:29:17Z</time></trkpt><trkpt lat="43.616747" lon="3.419134"><ele>296.892</ele><time>2021-01-17T12:29:18Z</time></trkpt><trkpt lat="43.616787" lon="3.419186"><ele>296.872</ele><time>2021-01-17T12:29:22Z</time></trkpt><trkpt lat="43.616790" lon="3.419232"><ele>297.021</ele><time>2021-01-17T12:29:24Z</time></trkpt><trkpt lat="43.616812" lon="3.419386"><ele>297.637</ele><time>2021-01-17T12:29:33Z</time></trkpt><trkpt lat="43.616830" lon="3.419460"><ele>297.833</ele><time>2021-01-17T12:29:37Z</time></trkpt><trkpt lat="43.616869" lon="3.419572"><ele>298.096</ele><time>2021-01-17T12:29:42Z</time></trkpt><trkpt lat="43.616879" lon="3.419621"><ele>298.031</ele><time>2021-01-17T12:29:44Z</time></trkpt><trkpt lat="43.616921" lon="3.419750"><ele>297.624</ele><time>2021-01-17T12:29:50Z</time></trkpt><trkpt lat="43.616943" lon="3.419792"><ele>297.608</ele><time>2021-01-17T12:29:52Z</time></trkpt><trkpt lat="43.616995" lon="3.419978"><ele>297.445</ele><time>2021-01-17T12:29:59Z</time></trkpt><trkpt lat="43.617005" lon="3.420000"><ele>297.263</ele><time>2021-01-17T12:30:00Z</time></trkpt><trkpt lat="43.617044" lon="3.420047"><ele>296.849</ele><time>2021-01-17T12:30:03Z</time></trkpt><trkpt lat="43.617052" lon="3.420064"><ele>296.627</ele><time>2021-01-17T12:30:04Z</time></trkpt><trkpt lat="43.617092" lon="3.420137"><ele>296.617</ele><time>2021-01-17T12:30:08Z</time></trkpt><trkpt lat="43.617103" lon="3.420146"><ele>296.646</ele><time>2021-01-17T12:30:09Z</time></trkpt><trkpt lat="43.617188" lon="3.420215"><ele>296.282</ele><time>2021-01-17T12:30:15Z</time></trkpt><trkpt lat="43.617213" lon="3.420230"><ele>296.018</ele><time>2021-01-17T12:30:17Z</time></trkpt><trkpt lat="43.617286" lon="3.420277"><ele>295.477</ele><time>2021-01-17T12:30:21Z</time></trkpt><trkpt lat="43.617331" lon="3.420346"><ele>294.461</ele><time>2021-01-17T12:30:25Z</time></trkpt><trkpt lat="43.617384" lon="3.420353"><ele>293.827</ele><time>2021-01-17T12:30:28Z</time></trkpt><trkpt lat="43.617399" lon="3.420361"><ele>293.408</ele><time>2021-01-17T12:30:29Z</time></trkpt><trkpt lat="43.617486" lon="3.420403"><ele>292.433</ele><time>2021-01-17T12:30:33Z</time></trkpt><trkpt lat="43.617508" lon="3.420413"><ele>292.231</ele><time>2021-01-17T12:30:34Z</time></trkpt><trkpt lat="43.617567" lon="3.420450"><ele>291.247</ele><time>2021-01-17T12:30:37Z</time></trkpt><trkpt lat="43.617578" lon="3.420469"><ele>291.275</ele><time>2021-01-17T12:30:38Z</time></trkpt><trkpt lat="43.617588" lon="3.420518"><ele>291.065</ele><time>2021-01-17T12:30:40Z</time></trkpt><trkpt lat="43.617679" lon="3.420700"><ele>290.884</ele><time>2021-01-17T12:30:48Z</time></trkpt><trkpt lat="43.617737" lon="3.420871"><ele>290.290</ele><time>2021-01-17T12:30:54Z</time></trkpt><trkpt lat="43.617742" lon="3.420891"><ele>290.046</ele><time>2021-01-17T12:30:55Z</time></trkpt><trkpt lat="43.617801" lon="3.421062"><ele>290.887</ele><time>2021-01-17T12:31:02Z</time></trkpt><trkpt lat="43.617893" lon="3.421132"><ele>289.842</ele><time>2021-01-17T12:31:08Z</time></trkpt><trkpt lat="43.618024" lon="3.421284"><ele>289.426</ele><time>2021-01-17T12:31:16Z</time></trkpt><trkpt lat="43.618055" lon="3.421326"><ele>289.008</ele><time>2021-01-17T12:31:18Z</time></trkpt><trkpt lat="43.618139" lon="3.421424"><ele>288.454</ele><time>2021-01-17T12:31:23Z</time></trkpt><trkpt lat="43.618190" lon="3.421466"><ele>288.072</ele><time>2021-01-17T12:31:26Z</time></trkpt><trkpt lat="43.618281" lon="3.421536"><ele>287.848</ele><time>2021-01-17T12:31:31Z</time></trkpt><trkpt lat="43.618329" lon="3.421578"><ele>287.276</ele><time>2021-01-17T12:31:34Z</time></trkpt><trkpt lat="43.618349" lon="3.421594"><ele>286.896</ele><time>2021-01-17T12:31:35Z</time></trkpt><trkpt lat="43.618397" lon="3.421620"><ele>286.435</ele><time>2021-01-17T12:31:37Z</time></trkpt><trkpt lat="43.618437" lon="3.421653"><ele>285.811</ele><time>2021-01-17T12:31:39Z</time></trkpt><trkpt lat="43.618473" lon="3.421682"><ele>285.427</ele><time>2021-01-17T12:31:41Z</time></trkpt><trkpt lat="43.618515" lon="3.421693"><ele>285.081</ele><time>2021-01-17T12:31:43Z</time></trkpt><trkpt lat="43.618560" lon="3.421711"><ele>284.661</ele><time>2021-01-17T12:31:45Z</time></trkpt><trkpt lat="43.618620" lon="3.421733"><ele>284.217</ele><time>2021-01-17T12:31:48Z</time></trkpt><trkpt lat="43.618712" lon="3.421769"><ele>283.608</ele><time>2021-01-17T12:31:52Z</time></trkpt><trkpt lat="43.618756" lon="3.421789"><ele>283.244</ele><time>2021-01-17T12:31:54Z</time></trkpt><trkpt lat="43.618826" lon="3.421828"><ele>282.442</ele><time>2021-01-17T12:31:57Z</time></trkpt><trkpt lat="43.618866" lon="3.421850"><ele>282.038</ele><time>2021-01-17T12:31:59Z</time></trkpt><trkpt lat="43.618897" lon="3.421885"><ele>281.466</ele><time>2021-01-17T12:32:01Z</time></trkpt><trkpt lat="43.618962" lon="3.421951"><ele>280.286</ele><time>2021-01-17T12:32:05Z</time></trkpt><trkpt lat="43.619025" lon="3.422000"><ele>279.215</ele><time>2021-01-17T12:32:09Z</time></trkpt><trkpt lat="43.619039" lon="3.422009"><ele>279.081</ele><time>2021-01-17T12:32:10Z</time></trkpt><trkpt lat="43.619091" lon="3.422051"><ele>278.017</ele><time>2021-01-17T12:32:13Z</time></trkpt><trkpt lat="43.619142" lon="3.422105"><ele>277.029</ele><time>2021-01-17T12:32:16Z</time></trkpt><trkpt lat="43.619157" lon="3.422128"><ele>276.800</ele><time>2021-01-17T12:32:17Z</time></trkpt><trkpt lat="43.619202" lon="3.422194"><ele>275.820</ele><time>2021-01-17T12:32:20Z</time></trkpt><trkpt lat="43.619224" lon="3.422234"><ele>274.808</ele><time>2021-01-17T12:32:22Z</time></trkpt><trkpt lat="43.619236" lon="3.422252"><ele>274.668</ele><time>2021-01-17T12:32:23Z</time></trkpt><trkpt lat="43.619274" lon="3.422320"><ele>273.266</ele><time>2021-01-17T12:32:26Z</time></trkpt><trkpt lat="43.619285" lon="3.422355"><ele>272.832</ele><time>2021-01-17T12:32:27Z</time></trkpt><trkpt lat="43.619293" lon="3.422394"><ele>272.250</ele><time>2021-01-17T12:32:28Z</time></trkpt><trkpt lat="43.619329" lon="3.422486"><ele>271.020</ele><time>2021-01-17T12:32:31Z</time></trkpt><trkpt lat="43.619359" lon="3.422531"><ele>270.249</ele><time>2021-01-17T12:32:33Z</time></trkpt><trkpt lat="43.619370" lon="3.422558"><ele>269.845</ele><time>2021-01-17T12:32:34Z</time></trkpt><trkpt lat="43.619423" lon="3.422617"><ele>268.411</ele><time>2021-01-17T12:32:37Z</time></trkpt><trkpt lat="43.619452" lon="3.422619"><ele>267.894</ele><time>2021-01-17T12:32:38Z</time></trkpt><trkpt lat="43.619479" lon="3.422617"><ele>267.257</ele><time>2021-01-17T12:32:39Z</time></trkpt><trkpt lat="43.619542" lon="3.422612"><ele>266.022</ele><time>2021-01-17T12:32:42Z</time></trkpt><trkpt lat="43.619584" lon="3.422602"><ele>265.008</ele><time>2021-01-17T12:32:44Z</time></trkpt><trkpt lat="43.619604" lon="3.422605"><ele>264.685</ele><time>2021-01-17T12:32:45Z</time></trkpt><trkpt lat="43.619641" lon="3.422616"><ele>263.823</ele><time>2021-01-17T12:32:47Z</time></trkpt><trkpt lat="43.619709" lon="3.422611"><ele>262.879</ele><time>2021-01-17T12:32:50Z</time></trkpt><trkpt lat="43.619734" lon="3.422610"><ele>262.497</ele><time>2021-01-17T12:32:51Z</time></trkpt><trkpt lat="43.619804" lon="3.422603"><ele>261.417</ele><time>2021-01-17T12:32:54Z</time></trkpt><trkpt lat="43.619873" lon="3.422599"><ele>260.286</ele><time>2021-01-17T12:32:57Z</time></trkpt><trkpt lat="43.619954" lon="3.422606"><ele>259.092</ele><time>2021-01-17T12:33:02Z</time></trkpt><trkpt lat="43.620006" lon="3.422598"><ele>258.048</ele><time>2021-01-17T12:33:06Z</time></trkpt><trkpt lat="43.620051" lon="3.422614"><ele>257.452</ele><time>2021-01-17T12:33:09Z</time></trkpt><trkpt lat="43.620093" lon="3.422632"><ele>257.053</ele><time>2021-01-17T12:33:12Z</time></trkpt><trkpt lat="43.620172" lon="3.422643"><ele>256.208</ele><time>2021-01-17T12:33:16Z</time></trkpt><trkpt lat="43.620192" lon="3.422651"><ele>256.008</ele><time>2021-01-17T12:33:17Z</time></trkpt><trkpt lat="43.620212" lon="3.422661"><ele>255.821</ele><time>2021-01-17T12:33:18Z</time></trkpt><trkpt lat="43.620260" lon="3.422708"><ele>254.829</ele><time>2021-01-17T12:33:21Z</time></trkpt><trkpt lat="43.620304" lon="3.422754"><ele>253.875</ele><time>2021-01-17T12:33:24Z</time></trkpt><trkpt lat="43.620399" lon="3.422774"><ele>253.443</ele><time>2021-01-17T12:33:29Z</time></trkpt><trkpt lat="43.620523" lon="3.422793"><ele>252.663</ele><time>2021-01-17T12:33:34Z</time></trkpt><trkpt lat="43.620554" lon="3.422804"><ele>252.482</ele><time>2021-01-17T12:33:36Z</time></trkpt><trkpt lat="43.620626" lon="3.422804"><ele>252.268</ele><time>2021-01-17T12:33:40Z</time></trkpt><trkpt lat="43.620650" lon="3.422832"><ele>251.674</ele><time>2021-01-17T12:33:42Z</time></trkpt><trkpt lat="43.620654" lon="3.422855"><ele>251.449</ele><time>2021-01-17T12:33:43Z</time></trkpt><trkpt lat="43.620655" lon="3.422896"><ele>250.802</ele><time>2021-01-17T12:33:45Z</time></trkpt><trkpt lat="43.620661" lon="3.422937"><ele>250.422</ele><time>2021-01-17T12:33:47Z</time></trkpt><trkpt lat="43.620659" lon="3.422962"><ele>250.208</ele><time>2021-01-17T12:33:48Z</time></trkpt><trkpt lat="43.620644" lon="3.423059"><ele>249.080</ele><time>2021-01-17T12:33:52Z</time></trkpt><trkpt lat="43.620653" lon="3.423144"><ele>248.058</ele><time>2021-01-17T12:33:56Z</time></trkpt><trkpt lat="43.620655" lon="3.423177"><ele>247.884</ele><time>2021-01-17T12:33:57Z</time></trkpt><trkpt lat="43.620673" lon="3.423276"><ele>246.462</ele><time>2021-01-17T12:34:01Z</time></trkpt><trkpt lat="43.620689" lon="3.423328"><ele>246.022</ele><time>2021-01-17T12:34:03Z</time></trkpt><trkpt lat="43.620692" lon="3.423375"><ele>245.421</ele><time>2021-01-17T12:34:05Z</time></trkpt><trkpt lat="43.620709" lon="3.423461"><ele>244.447</ele><time>2021-01-17T12:34:08Z</time></trkpt><trkpt lat="43.620720" lon="3.423522"><ele>243.873</ele><time>2021-01-17T12:34:10Z</time></trkpt><trkpt lat="43.620691" lon="3.423567"><ele>243.079</ele><time>2021-01-17T12:34:12Z</time></trkpt><trkpt lat="43.620662" lon="3.423627"><ele>241.805</ele><time>2021-01-17T12:34:15Z</time></trkpt><trkpt lat="43.620632" lon="3.423715"><ele>240.825</ele><time>2021-01-17T12:34:18Z</time></trkpt><trkpt lat="43.620590" lon="3.423811"><ele>239.208</ele><time>2021-01-17T12:34:22Z</time></trkpt><trkpt lat="43.620549" lon="3.423857"><ele>238.653</ele><time>2021-01-17T12:34:24Z</time></trkpt><trkpt lat="43.620531" lon="3.423878"><ele>238.261</ele><time>2021-01-17T12:34:25Z</time></trkpt><trkpt lat="43.620464" lon="3.423916"><ele>236.647</ele><time>2021-01-17T12:34:28Z</time></trkpt><trkpt lat="43.620410" lon="3.423915"><ele>235.465</ele><time>2021-01-17T12:34:30Z</time></trkpt><trkpt lat="43.620343" lon="3.423914"><ele>234.415</ele><time>2021-01-17T12:34:33Z</time></trkpt><trkpt lat="43.620225" lon="3.423929"><ele>234.024</ele><time>2021-01-17T12:34:38Z</time></trkpt><trkpt lat="43.620102" lon="3.424060"><ele>234.460</ele><time>2021-01-17T12:34:44Z</time></trkpt><trkpt lat="43.620042" lon="3.424152"><ele>234.646</ele><time>2021-01-17T12:34:49Z</time></trkpt><trkpt lat="43.620014" lon="3.424200"><ele>234.813</ele><time>2021-01-17T12:34:51Z</time></trkpt><trkpt lat="43.619947" lon="3.424288"><ele>235.443</ele><time>2021-01-17T12:34:55Z</time></trkpt><trkpt lat="43.619933" lon="3.424305"><ele>235.407</ele><time>2021-01-17T12:34:56Z</time></trkpt><trkpt lat="43.619816" lon="3.424429"><ele>235.208</ele><time>2021-01-17T12:35:03Z</time></trkpt><trkpt lat="43.619759" lon="3.424478"><ele>235.267</ele><time>2021-01-17T12:35:05Z</time></trkpt><trkpt lat="43.619730" lon="3.424522"><ele>235.455</ele><time>2021-01-17T12:35:07Z</time></trkpt><trkpt lat="43.619621" lon="3.424695"><ele>235.881</ele><time>2021-01-17T12:35:15Z</time></trkpt><trkpt lat="43.619598" lon="3.424712"><ele>235.879</ele><time>2021-01-17T12:35:16Z</time></trkpt><trkpt lat="43.619487" lon="3.424874"><ele>235.679</ele><time>2021-01-17T12:35:23Z</time></trkpt><trkpt lat="43.619407" lon="3.424985"><ele>235.638</ele><time>2021-01-17T12:35:28Z</time></trkpt><trkpt lat="43.619372" lon="3.425029"><ele>235.894</ele><time>2021-01-17T12:35:30Z</time></trkpt><trkpt lat="43.619233" lon="3.425205"><ele>235.070</ele><time>2021-01-17T12:35:38Z</time></trkpt><trkpt lat="43.619203" lon="3.425257"><ele>235.062</ele><time>2021-01-17T12:35:40Z</time></trkpt><trkpt lat="43.619095" lon="3.425443"><ele>235.883</ele><time>2021-01-17T12:35:48Z</time></trkpt><trkpt lat="43.619082" lon="3.425466"><ele>235.811</ele><time>2021-01-17T12:35:49Z</time></trkpt><trkpt lat="43.618981" lon="3.425678"><ele>235.408</ele><time>2021-01-17T12:35:57Z</time></trkpt><trkpt lat="43.618968" lon="3.425705"><ele>235.042</ele><time>2021-01-17T12:35:58Z</time></trkpt><trkpt lat="43.618955" lon="3.425731"><ele>234.840</ele><time>2021-01-17T12:35:59Z</time></trkpt><trkpt lat="43.618850" lon="3.425869"><ele>235.046</ele><time>2021-01-17T12:36:05Z</time></trkpt><trkpt lat="43.618734" lon="3.426043"><ele>235.684</ele><time>2021-01-17T12:36:12Z</time></trkpt><trkpt lat="43.618620" lon="3.426252"><ele>235.654</ele><time>2021-01-17T12:36:20Z</time></trkpt><trkpt lat="43.618556" lon="3.426383"><ele>235.683</ele><time>2021-01-17T12:36:25Z</time></trkpt><trkpt lat="43.618453" lon="3.426600"><ele>235.699</ele><time>2021-01-17T12:36:33Z</time></trkpt><trkpt lat="43.618431" lon="3.426655"><ele>235.425</ele><time>2021-01-17T12:36:35Z</time></trkpt><trkpt lat="43.618321" lon="3.426879"><ele>235.232</ele><time>2021-01-17T12:36:43Z</time></trkpt><trkpt lat="43.618295" lon="3.426936"><ele>235.292</ele><time>2021-01-17T12:36:45Z</time></trkpt><trkpt lat="43.618180" lon="3.427136"><ele>234.811</ele><time>2021-01-17T12:36:52Z</time></trkpt><trkpt lat="43.618136" lon="3.427214"><ele>234.808</ele><time>2021-01-17T12:36:55Z</time></trkpt><trkpt lat="43.618030" lon="3.427352"><ele>234.499</ele><time>2021-01-17T12:37:01Z</time></trkpt><trkpt lat="43.618012" lon="3.427372"><ele>234.487</ele><time>2021-01-17T12:37:02Z</time></trkpt><trkpt lat="43.617992" lon="3.427391"><ele>234.253</ele><time>2021-01-17T12:37:03Z</time></trkpt><trkpt lat="43.617833" lon="3.427516"><ele>233.891</ele><time>2021-01-17T12:37:11Z</time></trkpt><trkpt lat="43.617811" lon="3.427531"><ele>233.661</ele><time>2021-01-17T12:37:12Z</time></trkpt><trkpt lat="43.617734" lon="3.427574"><ele>233.650</ele><time>2021-01-17T12:37:16Z</time></trkpt><trkpt lat="43.617626" lon="3.427595"><ele>233.426</ele><time>2021-01-17T12:37:21Z</time></trkpt><trkpt lat="43.617537" lon="3.427542"><ele>233.622</ele><time>2021-01-17T12:37:26Z</time></trkpt><trkpt lat="43.617452" lon="3.427410"><ele>234.481</ele><time>2021-01-17T12:37:32Z</time></trkpt><trkpt lat="43.617430" lon="3.427346"><ele>234.661</ele><time>2021-01-17T12:37:35Z</time></trkpt><trkpt lat="43.617400" lon="3.427287"><ele>234.617</ele><time>2021-01-17T12:37:37Z</time></trkpt><trkpt lat="43.617398" lon="3.427082"><ele>235.008</ele><time>2021-01-17T12:37:44Z</time></trkpt><trkpt lat="43.617412" lon="3.427024"><ele>235.464</ele><time>2021-01-17T12:37:46Z</time></trkpt><trkpt lat="43.617437" lon="3.426878"><ele>235.872</ele><time>2021-01-17T12:37:51Z</time></trkpt><trkpt lat="43.617439" lon="3.426848"><ele>235.878</ele><time>2021-01-17T12:37:52Z</time></trkpt><trkpt lat="43.617447" lon="3.426623"><ele>236.466</ele><time>2021-01-17T12:38:00Z</time></trkpt><trkpt lat="43.617472" lon="3.426377"><ele>237.056</ele><time>2021-01-17T12:38:08Z</time></trkpt><trkpt lat="43.617473" lon="3.426285"><ele>237.465</ele><time>2021-01-17T12:38:11Z</time></trkpt><trkpt lat="43.617479" lon="3.426199"><ele>237.611</ele><time>2021-01-17T12:38:14Z</time></trkpt><trkpt lat="43.617472" lon="3.426055"><ele>237.647</ele><time>2021-01-17T12:38:18Z</time></trkpt><trkpt lat="43.617466" lon="3.426000"><ele>237.697</ele><time>2021-01-17T12:38:20Z</time></trkpt><trkpt lat="43.617458" lon="3.425746"><ele>237.623</ele><time>2021-01-17T12:38:28Z</time></trkpt><trkpt lat="43.617455" lon="3.425718"><ele>237.625</ele><time>2021-01-17T12:38:29Z</time></trkpt><trkpt lat="43.617368" lon="3.425617"><ele>237.208</ele><time>2021-01-17T12:38:34Z</time></trkpt><trkpt lat="43.617331" lon="3.425636"><ele>237.245</ele><time>2021-01-17T12:38:36Z</time></trkpt><trkpt lat="43.617293" lon="3.425685"><ele>237.283</ele><time>2021-01-17T12:38:38Z</time></trkpt><trkpt lat="43.617183" lon="3.425898"><ele>237.649</ele><time>2021-01-17T12:38:46Z</time></trkpt><trkpt lat="43.617040" lon="3.426071"><ele>237.817</ele><time>2021-01-17T12:38:55Z</time></trkpt><trkpt lat="43.616904" lon="3.426219"><ele>238.027</ele><time>2021-01-17T12:39:03Z</time></trkpt><trkpt lat="43.616746" lon="3.426355"><ele>238.036</ele><time>2021-01-17T12:39:12Z</time></trkpt><trkpt lat="43.616710" lon="3.426371"><ele>238.032</ele><time>2021-01-17T12:39:14Z</time></trkpt><trkpt lat="43.616656" lon="3.426395"><ele>238.638</ele><time>2021-01-17T12:39:17Z</time></trkpt><trkpt lat="43.616579" lon="3.426409"><ele>239.256</ele><time>2021-01-17T12:39:21Z</time></trkpt><trkpt lat="43.616539" lon="3.426408"><ele>239.859</ele><time>2021-01-17T12:39:23Z</time></trkpt><trkpt lat="43.616432" lon="3.426352"><ele>240.214</ele><time>2021-01-17T12:39:29Z</time></trkpt><trkpt lat="43.616300" lon="3.426185"><ele>240.008</ele><time>2021-01-17T12:39:37Z</time></trkpt><trkpt lat="43.616242" lon="3.426072"><ele>240.831</ele><time>2021-01-17T12:39:42Z</time></trkpt><trkpt lat="43.616234" lon="3.426047"><ele>241.079</ele><time>2021-01-17T12:39:43Z</time></trkpt><trkpt lat="43.616225" lon="3.426020"><ele>241.075</ele><time>2021-01-17T12:39:44Z</time></trkpt><trkpt lat="43.616141" lon="3.425810"><ele>241.843</ele><time>2021-01-17T12:39:52Z</time></trkpt><trkpt lat="43.616066" lon="3.425611"><ele>242.663</ele><time>2021-01-17T12:40:00Z</time></trkpt><trkpt lat="43.616028" lon="3.425540"><ele>243.092</ele><time>2021-01-17T12:40:03Z</time></trkpt><trkpt lat="43.615991" lon="3.425428"><ele>242.858</ele><time>2021-01-17T12:40:07Z</time></trkpt><trkpt lat="43.615947" lon="3.425332"><ele>242.814</ele><time>2021-01-17T12:40:11Z</time></trkpt><trkpt lat="43.615891" lon="3.425277"><ele>242.636</ele><time>2021-01-17T12:40:14Z</time></trkpt><trkpt lat="43.615779" lon="3.425271"><ele>242.417</ele><time>2021-01-17T12:40:19Z</time></trkpt><trkpt lat="43.615669" lon="3.425401"><ele>242.018</ele><time>2021-01-17T12:40:25Z</time></trkpt><trkpt lat="43.615649" lon="3.425460"><ele>241.808</ele><time>2021-01-17T12:40:27Z</time></trkpt><trkpt lat="43.615586" lon="3.425646"><ele>241.499</ele><time>2021-01-17T12:40:33Z</time></trkpt><trkpt lat="43.615523" lon="3.425828"><ele>240.657</ele><time>2021-01-17T12:40:39Z</time></trkpt><trkpt lat="43.615481" lon="3.425946"><ele>240.253</ele><time>2021-01-17T12:40:43Z</time></trkpt><trkpt lat="43.615370" lon="3.426155"><ele>240.291</ele><time>2021-01-17T12:40:51Z</time></trkpt><trkpt lat="43.615322" lon="3.426218"><ele>240.421</ele><time>2021-01-17T12:40:54Z</time></trkpt><trkpt lat="43.615160" lon="3.426354"><ele>241.230</ele><time>2021-01-17T12:41:03Z</time></trkpt><trkpt lat="43.615140" lon="3.426369"><ele>241.466</ele><time>2021-01-17T12:41:04Z</time></trkpt><trkpt lat="43.615100" lon="3.426391"><ele>241.892</ele><time>2021-01-17T12:41:06Z</time></trkpt><trkpt lat="43.615012" lon="3.426401"><ele>243.247</ele><time>2021-01-17T12:41:11Z</time></trkpt><trkpt lat="43.614997" lon="3.426395"><ele>243.629</ele><time>2021-01-17T12:41:12Z</time></trkpt><trkpt lat="43.614908" lon="3.426368"><ele>244.021</ele><time>2021-01-17T12:41:17Z</time></trkpt><trkpt lat="43.614847" lon="3.426362"><ele>244.208</ele><time>2021-01-17T12:41:20Z</time></trkpt><trkpt lat="43.614741" lon="3.426301"><ele>245.440</ele><time>2021-01-17T12:41:26Z</time></trkpt><trkpt lat="43.614690" lon="3.426258"><ele>246.658</ele><time>2021-01-17T12:41:29Z</time></trkpt><trkpt lat="43.614636" lon="3.426180"><ele>247.234</ele><time>2021-01-17T12:41:33Z</time></trkpt><trkpt lat="43.614597" lon="3.426087"><ele>247.422</ele><time>2021-01-17T12:41:37Z</time></trkpt><trkpt lat="43.614582" lon="3.426044"><ele>247.852</ele><time>2021-01-17T12:41:39Z</time></trkpt><trkpt lat="43.614555" lon="3.425946"><ele>248.811</ele><time>2021-01-17T12:41:45Z</time></trkpt><trkpt lat="43.614553" lon="3.425923"><ele>248.887</ele><time>2021-01-17T12:41:46Z</time></trkpt><trkpt lat="43.614545" lon="3.425807"><ele>250.013</ele><time>2021-01-17T12:41:52Z</time></trkpt><trkpt lat="43.614544" lon="3.425766"><ele>250.238</ele><time>2021-01-17T12:41:54Z</time></trkpt><trkpt lat="43.614555" lon="3.425623"><ele>250.070</ele><time>2021-01-17T12:42:02Z</time></trkpt><trkpt lat="43.614571" lon="3.425558"><ele>250.617</ele><time>2021-01-17T12:42:06Z</time></trkpt><trkpt lat="43.614571" lon="3.425517"><ele>251.008</ele><time>2021-01-17T12:42:09Z</time></trkpt><trkpt lat="43.614573" lon="3.425444"><ele>251.429</ele><time>2021-01-17T12:42:13Z</time></trkpt><trkpt lat="43.614571" lon="3.425431"><ele>251.657</ele><time>2021-01-17T12:42:14Z</time></trkpt><trkpt lat="43.614574" lon="3.425300"><ele>252.273</ele><time>2021-01-17T12:42:21Z</time></trkpt><trkpt lat="43.614574" lon="3.425245"><ele>253.491</ele><time>2021-01-17T12:42:24Z</time></trkpt><trkpt lat="43.614575" lon="3.425212"><ele>253.651</ele><time>2021-01-17T12:42:26Z</time></trkpt><trkpt lat="43.614589" lon="3.425068"><ele>254.270</ele><time>2021-01-17T12:42:34Z</time></trkpt><trkpt lat="43.614588" lon="3.425057"><ele>254.616</ele><time>2021-01-17T12:42:35Z</time></trkpt><trkpt lat="43.614597" lon="3.424968"><ele>255.832</ele><time>2021-01-17T12:42:40Z</time></trkpt><trkpt lat="43.614610" lon="3.424890"><ele>256.873</ele><time>2021-01-17T12:42:45Z</time></trkpt><trkpt lat="43.614616" lon="3.424833"><ele>257.285</ele><time>2021-01-17T12:42:48Z</time></trkpt><trkpt lat="43.614634" lon="3.424732"><ele>257.813</ele><time>2021-01-17T12:42:54Z</time></trkpt><trkpt lat="43.614638" lon="3.424615"><ele>258.408</ele><time>2021-01-17T12:43:01Z</time></trkpt><trkpt lat="43.614646" lon="3.424520"><ele>259.053</ele><time>2021-01-17T12:43:06Z</time></trkpt><trkpt lat="43.614665" lon="3.424435"><ele>260.011</ele><time>2021-01-17T12:43:11Z</time></trkpt><trkpt lat="43.614667" lon="3.424420"><ele>260.217</ele><time>2021-01-17T12:43:12Z</time></trkpt><trkpt lat="43.614675" lon="3.424379"><ele>261.285</ele><time>2021-01-17T12:43:15Z</time></trkpt><trkpt lat="43.614685" lon="3.424340"><ele>262.485</ele><time>2021-01-17T12:43:18Z</time></trkpt><trkpt lat="43.614684" lon="3.424322"><ele>262.444</ele><time>2021-01-17T12:43:19Z</time></trkpt><trkpt lat="43.614725" lon="3.424161"><ele>263.030</ele><time>2021-01-17T12:43:27Z</time></trkpt><trkpt lat="43.614729" lon="3.424143"><ele>263.226</ele><time>2021-01-17T12:43:28Z</time></trkpt><trkpt lat="43.614733" lon="3.424109"><ele>263.438</ele><time>2021-01-17T12:43:30Z</time></trkpt><trkpt lat="43.614765" lon="3.424010"><ele>264.670</ele><time>2021-01-17T12:43:36Z</time></trkpt><trkpt lat="43.614776" lon="3.423978"><ele>264.817</ele><time>2021-01-17T12:43:38Z</time></trkpt><trkpt lat="43.614798" lon="3.423892"><ele>265.808</ele><time>2021-01-17T12:43:43Z</time></trkpt><trkpt lat="43.614810" lon="3.423835"><ele>267.099</ele><time>2021-01-17T12:43:46Z</time></trkpt><trkpt lat="43.614821" lon="3.423805"><ele>267.447</ele><time>2021-01-17T12:43:48Z</time></trkpt><trkpt lat="43.614837" lon="3.423706"><ele>268.033</ele><time>2021-01-17T12:43:54Z</time></trkpt><trkpt lat="43.614851" lon="3.423645"><ele>268.611</ele><time>2021-01-17T12:43:58Z</time></trkpt><trkpt lat="43.614862" lon="3.423599"><ele>269.021</ele><time>2021-01-17T12:44:01Z</time></trkpt><trkpt lat="43.614875" lon="3.423487"><ele>270.230</ele><time>2021-01-17T12:44:07Z</time></trkpt><trkpt lat="43.614883" lon="3.423451"><ele>270.666</ele><time>2021-01-17T12:44:09Z</time></trkpt><trkpt lat="43.614912" lon="3.423281"><ele>271.262</ele><time>2021-01-17T12:44:18Z</time></trkpt><trkpt lat="43.614909" lon="3.423246"><ele>271.692</ele><time>2021-01-17T12:44:20Z</time></trkpt><trkpt lat="43.614908" lon="3.423209"><ele>272.273</ele><time>2021-01-17T12:44:22Z</time></trkpt><trkpt lat="43.614913" lon="3.423140"><ele>273.420</ele><time>2021-01-17T12:44:26Z</time></trkpt><trkpt lat="43.614917" lon="3.423075"><ele>274.208</ele><time>2021-01-17T12:44:30Z</time></trkpt><trkpt lat="43.614915" lon="3.423005"><ele>274.485</ele><time>2021-01-17T12:44:34Z</time></trkpt><trkpt lat="43.614884" lon="3.422815"><ele>275.473</ele><time>2021-01-17T12:44:44Z</time></trkpt><trkpt lat="43.614856" lon="3.422714"><ele>276.449</ele><time>2021-01-17T12:44:49Z</time></trkpt><trkpt lat="43.614830" lon="3.422602"><ele>276.627</ele><time>2021-01-17T12:44:55Z</time></trkpt><trkpt lat="43.614834" lon="3.422534"><ele>277.077</ele><time>2021-01-17T12:44:59Z</time></trkpt><trkpt lat="43.614841" lon="3.422508"><ele>277.446</ele><time>2021-01-17T12:45:01Z</time></trkpt><trkpt lat="43.614840" lon="3.422498"><ele>277.632</ele><time>2021-01-17T12:45:02Z</time></trkpt><trkpt lat="43.614838" lon="3.422492"><ele>277.658</ele><time>2021-01-17T12:45:04Z</time></trkpt><trkpt lat="43.614831" lon="3.422514"><ele>277.616</ele><time>2021-01-17T12:45:06Z</time></trkpt><trkpt lat="43.614827" lon="3.422571"><ele>277.476</ele><time>2021-01-17T12:45:10Z</time></trkpt><trkpt lat="43.614829" lon="3.422577"><ele>277.213</ele><time>2021-01-17T12:45:12Z</time></trkpt><trkpt lat="43.614831" lon="3.422585"><ele>277.208</ele><time>2021-01-17T12:45:13Z</time></trkpt><trkpt lat="43.614835" lon="3.422640"><ele>276.877</ele><time>2021-01-17T12:45:16Z</time></trkpt><trkpt lat="43.614841" lon="3.422702"><ele>276.645</ele><time>2021-01-17T12:45:19Z</time></trkpt><trkpt lat="43.614845" lon="3.422721"><ele>276.441</ele><time>2021-01-17T12:45:20Z</time></trkpt><trkpt lat="43.614852" lon="3.422754"><ele>276.269</ele><time>2021-01-17T12:45:22Z</time></trkpt><trkpt lat="43.614856" lon="3.422808"><ele>276.069</ele><time>2021-01-17T12:45:25Z</time></trkpt><trkpt lat="43.614850" lon="3.422874"><ele>275.438</ele><time>2021-01-17T12:45:29Z</time></trkpt><trkpt lat="43.614848" lon="3.422915"><ele>274.664</ele><time>2021-01-17T12:45:32Z</time></trkpt><trkpt lat="43.614822" lon="3.422941"><ele>274.040</ele><time>2021-01-17T12:45:34Z</time></trkpt><trkpt lat="43.614806" lon="3.422955"><ele>273.695</ele><time>2021-01-17T12:45:35Z</time></trkpt><trkpt lat="43.614751" lon="3.422997"><ele>272.849</ele><time>2021-01-17T12:45:38Z</time></trkpt><trkpt lat="43.614672" lon="3.423075"><ele>272.223</ele><time>2021-01-17T12:45:43Z</time></trkpt><trkpt lat="43.614637" lon="3.423100"><ele>271.608</ele><time>2021-01-17T12:45:45Z</time></trkpt><trkpt lat="43.614556" lon="3.423136"><ele>270.415</ele><time>2021-01-17T12:45:49Z</time></trkpt><trkpt lat="43.614478" lon="3.423181"><ele>269.023</ele><time>2021-01-17T12:45:53Z</time></trkpt><trkpt lat="43.614437" lon="3.423183"><ele>268.079</ele><time>2021-01-17T12:45:56Z</time></trkpt><trkpt lat="43.614389" lon="3.423171"><ele>267.097</ele><time>2021-01-17T12:45:59Z</time></trkpt><trkpt lat="43.614342" lon="3.423184"><ele>266.017</ele><time>2021-01-17T12:46:02Z</time></trkpt><trkpt lat="43.614300" lon="3.423221"><ele>265.026</ele><time>2021-01-17T12:46:05Z</time></trkpt><trkpt lat="43.614284" lon="3.423239"><ele>264.662</ele><time>2021-01-17T12:46:06Z</time></trkpt><trkpt lat="43.614252" lon="3.423277"><ele>263.268</ele><time>2021-01-17T12:46:09Z</time></trkpt><trkpt lat="43.614201" lon="3.423282"><ele>261.885</ele><time>2021-01-17T12:46:12Z</time></trkpt><trkpt lat="43.614150" lon="3.423272"><ele>260.889</ele><time>2021-01-17T12:46:16Z</time></trkpt><trkpt lat="43.614142" lon="3.423272"><ele>260.617</ele><time>2021-01-17T12:46:17Z</time></trkpt><trkpt lat="43.614088" lon="3.423278"><ele>259.408</ele><time>2021-01-17T12:46:21Z</time></trkpt><trkpt lat="43.614054" lon="3.423276"><ele>258.484</ele><time>2021-01-17T12:46:23Z</time></trkpt><trkpt lat="43.614043" lon="3.423260"><ele>258.032</ele><time>2021-01-17T12:46:24Z</time></trkpt><trkpt lat="43.614024" lon="3.423227"><ele>257.248</ele><time>2021-01-17T12:46:26Z</time></trkpt><trkpt lat="43.614014" lon="3.423186"><ele>256.646</ele><time>2021-01-17T12:46:28Z</time></trkpt><trkpt lat="43.614005" lon="3.423157"><ele>256.296</ele><time>2021-01-17T12:46:29Z</time></trkpt><trkpt lat="43.613988" lon="3.423130"><ele>255.845</ele><time>2021-01-17T12:46:30Z</time></trkpt><trkpt lat="43.613944" lon="3.423065"><ele>254.851</ele><time>2021-01-17T12:46:33Z</time></trkpt><trkpt lat="43.613925" lon="3.423050"><ele>254.687</ele><time>2021-01-17T12:46:34Z</time></trkpt><trkpt lat="43.613887" lon="3.423044"><ele>254.068</ele><time>2021-01-17T12:46:36Z</time></trkpt><trkpt lat="43.613867" lon="3.423055"><ele>253.642</ele><time>2021-01-17T12:46:37Z</time></trkpt><trkpt lat="43.613852" lon="3.423070"><ele>253.226</ele><time>2021-01-17T12:46:38Z</time></trkpt><trkpt lat="43.613823" lon="3.423090"><ele>252.408</ele><time>2021-01-17T12:46:40Z</time></trkpt><trkpt lat="43.613767" lon="3.423088"><ele>251.072</ele><time>2021-01-17T12:46:43Z</time></trkpt><trkpt lat="43.613702" lon="3.423082"><ele>250.090</ele><time>2021-01-17T12:46:46Z</time></trkpt><trkpt lat="43.613666" lon="3.423104"><ele>249.256</ele><time>2021-01-17T12:46:48Z</time></trkpt><trkpt lat="43.613654" lon="3.423127"><ele>249.094</ele><time>2021-01-17T12:46:49Z</time></trkpt><trkpt lat="43.613643" lon="3.423150"><ele>248.684</ele><time>2021-01-17T12:46:50Z</time></trkpt><trkpt lat="43.613636" lon="3.423168"><ele>248.413</ele><time>2021-01-17T12:46:51Z</time></trkpt><trkpt lat="43.613621" lon="3.423212"><ele>247.839</ele><time>2021-01-17T12:46:53Z</time></trkpt><trkpt lat="43.613591" lon="3.423273"><ele>246.685</ele><time>2021-01-17T12:46:56Z</time></trkpt><trkpt lat="43.613566" lon="3.423343"><ele>245.649</ele><time>2021-01-17T12:46:59Z</time></trkpt><trkpt lat="43.613541" lon="3.423382"><ele>244.202</ele><time>2021-01-17T12:47:02Z</time></trkpt><trkpt lat="43.613521" lon="3.423405"><ele>243.622</ele><time>2021-01-17T12:47:04Z</time></trkpt><trkpt lat="43.613489" lon="3.423433"><ele>242.808</ele><time>2021-01-17T12:47:06Z</time></trkpt><trkpt lat="43.613460" lon="3.423455"><ele>241.410</ele><time>2021-01-17T12:47:08Z</time></trkpt><trkpt lat="43.613436" lon="3.423467"><ele>240.048</ele><time>2021-01-17T12:47:10Z</time></trkpt><trkpt lat="43.613412" lon="3.423475"><ele>239.424</ele><time>2021-01-17T12:47:12Z</time></trkpt><trkpt lat="43.613406" lon="3.423481"><ele>239.212</ele><time>2021-01-17T12:47:13Z</time></trkpt><trkpt lat="43.613400" lon="3.423485"><ele>238.862</ele><time>2021-01-17T12:47:14Z</time></trkpt><trkpt lat="43.613388" lon="3.423505"><ele>238.231</ele><time>2021-01-17T12:47:15Z</time></trkpt><trkpt lat="43.613378" lon="3.423528"><ele>237.687</ele><time>2021-01-17T12:47:16Z</time></trkpt><trkpt lat="43.613367" lon="3.423553"><ele>237.233</ele><time>2021-01-17T12:47:17Z</time></trkpt><trkpt lat="43.613352" lon="3.423592"><ele>236.039</ele><time>2021-01-17T12:47:19Z</time></trkpt><trkpt lat="43.613344" lon="3.423601"><ele>235.401</ele><time>2021-01-17T12:47:20Z</time></trkpt><trkpt lat="43.613334" lon="3.423605"><ele>234.821</ele><time>2021-01-17T12:47:21Z</time></trkpt><trkpt lat="43.613323" lon="3.423610"><ele>234.208</ele><time>2021-01-17T12:47:22Z</time></trkpt><trkpt lat="43.613315" lon="3.423620"><ele>233.859</ele><time>2021-01-17T12:47:23Z</time></trkpt><trkpt lat="43.613297" lon="3.423669"><ele>232.697</ele><time>2021-01-17T12:47:26Z</time></trkpt><trkpt lat="43.613288" lon="3.423705"><ele>231.843</ele><time>2021-01-17T12:47:28Z</time></trkpt><trkpt lat="43.613274" lon="3.423717"><ele>231.421</ele><time>2021-01-17T12:47:29Z</time></trkpt><trkpt lat="43.613213" lon="3.423711"><ele>230.411</ele><time>2021-01-17T12:47:32Z</time></trkpt><trkpt lat="43.613197" lon="3.423709"><ele>229.610</ele><time>2021-01-17T12:47:33Z</time></trkpt><trkpt lat="43.613182" lon="3.423708"><ele>228.836</ele><time>2021-01-17T12:47:34Z</time></trkpt><trkpt lat="43.613160" lon="3.423707"><ele>227.842</ele><time>2021-01-17T12:47:36Z</time></trkpt><trkpt lat="43.613140" lon="3.423722"><ele>227.224</ele><time>2021-01-17T12:47:38Z</time></trkpt><trkpt lat="43.613108" lon="3.423753"><ele>226.604</ele><time>2021-01-17T12:47:40Z</time></trkpt><trkpt lat="43.613059" lon="3.423796"><ele>225.014</ele><time>2021-01-17T12:47:43Z</time></trkpt><trkpt lat="43.613046" lon="3.423790"><ele>224.608</ele><time>2021-01-17T12:47:44Z</time></trkpt><trkpt lat="43.613006" lon="3.423774"><ele>224.038</ele><time>2021-01-17T12:47:47Z</time></trkpt><trkpt lat="43.612982" lon="3.423798"><ele>223.696</ele><time>2021-01-17T12:47:49Z</time></trkpt><trkpt lat="43.612956" lon="3.423811"><ele>223.062</ele><time>2021-01-17T12:47:51Z</time></trkpt><trkpt lat="43.612925" lon="3.423824"><ele>221.860</ele><time>2021-01-17T12:47:53Z</time></trkpt><trkpt lat="43.612892" lon="3.423858"><ele>220.410</ele><time>2021-01-17T12:47:56Z</time></trkpt><trkpt lat="43.612882" lon="3.423879"><ele>219.819</ele><time>2021-01-17T12:47:57Z</time></trkpt><trkpt lat="43.612875" lon="3.423900"><ele>219.215</ele><time>2021-01-17T12:47:58Z</time></trkpt><trkpt lat="43.612837" lon="3.423949"><ele>218.061</ele><time>2021-01-17T12:48:02Z</time></trkpt><trkpt lat="43.612791" lon="3.423990"><ele>217.054</ele><time>2021-01-17T12:48:05Z</time></trkpt><trkpt lat="43.612760" lon="3.424062"><ele>215.656</ele><time>2021-01-17T12:48:08Z</time></trkpt><trkpt lat="43.612722" lon="3.424145"><ele>214.611</ele><time>2021-01-17T12:48:11Z</time></trkpt><trkpt lat="43.612711" lon="3.424173"><ele>214.208</ele><time>2021-01-17T12:48:12Z</time></trkpt><trkpt lat="43.612688" lon="3.424222"><ele>213.061</ele><time>2021-01-17T12:48:14Z</time></trkpt><trkpt lat="43.612651" lon="3.424308"><ele>211.829</ele><time>2021-01-17T12:48:18Z</time></trkpt><trkpt lat="43.612643" lon="3.424333"><ele>211.295</ele><time>2021-01-17T12:48:19Z</time></trkpt><trkpt lat="43.612634" lon="3.424356"><ele>210.433</ele><time>2021-01-17T12:48:20Z</time></trkpt><trkpt lat="43.612606" lon="3.424410"><ele>209.473</ele><time>2021-01-17T12:48:23Z</time></trkpt><trkpt lat="43.612603" lon="3.424430"><ele>209.042</ele><time>2021-01-17T12:48:24Z</time></trkpt><trkpt lat="43.612599" lon="3.424497"><ele>208.088</ele><time>2021-01-17T12:48:27Z</time></trkpt><trkpt lat="43.612589" lon="3.424538"><ele>207.054</ele><time>2021-01-17T12:48:29Z</time></trkpt><trkpt lat="43.612585" lon="3.424559"><ele>206.833</ele><time>2021-01-17T12:48:30Z</time></trkpt><trkpt lat="43.612554" lon="3.424636"><ele>205.623</ele><time>2021-01-17T12:48:33Z</time></trkpt><trkpt lat="43.612511" lon="3.424716"><ele>204.415</ele><time>2021-01-17T12:48:36Z</time></trkpt><trkpt lat="43.612475" lon="3.424774"><ele>203.808</ele><time>2021-01-17T12:48:38Z</time></trkpt><trkpt lat="43.612457" lon="3.424804"><ele>203.499</ele><time>2021-01-17T12:48:39Z</time></trkpt><trkpt lat="43.612396" lon="3.424918"><ele>202.037</ele><time>2021-01-17T12:48:43Z</time></trkpt><trkpt lat="43.612354" lon="3.425009"><ele>201.243</ele><time>2021-01-17T12:48:46Z</time></trkpt><trkpt lat="43.612345" lon="3.425033"><ele>201.011</ele><time>2021-01-17T12:48:47Z</time></trkpt><trkpt lat="43.612265" lon="3.425170"><ele>199.691</ele><time>2021-01-17T12:48:52Z</time></trkpt><trkpt lat="43.612233" lon="3.425217"><ele>199.490</ele><time>2021-01-17T12:48:54Z</time></trkpt><trkpt lat="43.612175" lon="3.425320"><ele>198.686</ele><time>2021-01-17T12:48:58Z</time></trkpt><trkpt lat="43.612103" lon="3.425460"><ele>197.482</ele><time>2021-01-17T12:49:03Z</time></trkpt><trkpt lat="43.612068" lon="3.425524"><ele>196.874</ele><time>2021-01-17T12:49:05Z</time></trkpt><trkpt lat="43.612029" lon="3.425572"><ele>196.456</ele><time>2021-01-17T12:49:07Z</time></trkpt><trkpt lat="43.611915" lon="3.425684"><ele>195.421</ele><time>2021-01-17T12:49:12Z</time></trkpt><trkpt lat="43.611893" lon="3.425702"><ele>195.208</ele><time>2021-01-17T12:49:13Z</time></trkpt><trkpt lat="43.611849" lon="3.425747"><ele>194.883</ele><time>2021-01-17T12:49:15Z</time></trkpt><trkpt lat="43.611799" lon="3.425788"><ele>194.821</ele><time>2021-01-17T12:49:17Z</time></trkpt><trkpt lat="43.611742" lon="3.425947"><ele>194.637</ele><time>2021-01-17T12:49:22Z</time></trkpt><trkpt lat="43.611782" lon="3.426180"><ele>194.275</ele><time>2021-01-17T12:49:30Z</time></trkpt><trkpt lat="43.611827" lon="3.426263"><ele>193.265</ele><time>2021-01-17T12:49:35Z</time></trkpt><trkpt lat="43.611830" lon="3.426266"><ele>192.834</ele><time>2021-01-17T12:49:38Z</time></trkpt><trkpt lat="43.611822" lon="3.426256"><ele>192.690</ele><time>2021-01-17T12:49:40Z</time></trkpt><trkpt lat="43.611776" lon="3.426272"><ele>192.226</ele><time>2021-01-17T12:49:44Z</time></trkpt><trkpt lat="43.611765" lon="3.426296"><ele>192.016</ele><time>2021-01-17T12:49:45Z</time></trkpt><trkpt lat="43.611688" lon="3.426389"><ele>192.276</ele><time>2021-01-17T12:49:50Z</time></trkpt><trkpt lat="43.611571" lon="3.426524"><ele>192.613</ele><time>2021-01-17T12:49:56Z</time></trkpt><trkpt lat="43.611512" lon="3.426609"><ele>192.608</ele><time>2021-01-17T12:50:00Z</time></trkpt><trkpt lat="43.611464" lon="3.426594"><ele>192.617</ele><time>2021-01-17T12:50:02Z</time></trkpt><trkpt lat="43.611386" lon="3.426596"><ele>192.615</ele><time>2021-01-17T12:50:05Z</time></trkpt><trkpt lat="43.611292" lon="3.426633"><ele>192.811</ele><time>2021-01-17T12:50:09Z</time></trkpt><trkpt lat="43.611138" lon="3.426771"><ele>192.469</ele><time>2021-01-17T12:50:16Z</time></trkpt><trkpt lat="43.611044" lon="3.426912"><ele>192.629</ele><time>2021-01-17T12:50:22Z</time></trkpt><trkpt lat="43.610979" lon="3.426982"><ele>192.698</ele><time>2021-01-17T12:50:26Z</time></trkpt><trkpt lat="43.610935" lon="3.427089"><ele>193.014</ele><time>2021-01-17T12:50:30Z</time></trkpt><trkpt lat="43.610923" lon="3.427106"><ele>193.030</ele><time>2021-01-17T12:50:31Z</time></trkpt><trkpt lat="43.610828" lon="3.427202"><ele>193.018</ele><time>2021-01-17T12:50:37Z</time></trkpt><trkpt lat="43.610736" lon="3.427320"><ele>193.498</ele><time>2021-01-17T12:50:43Z</time></trkpt><trkpt lat="43.610704" lon="3.427459"><ele>194.217</ele><time>2021-01-17T12:50:48Z</time></trkpt><trkpt lat="43.610695" lon="3.427487"><ele>194.408</ele><time>2021-01-17T12:50:49Z</time></trkpt><trkpt lat="43.610650" lon="3.427592"><ele>195.467</ele><time>2021-01-17T12:50:53Z</time></trkpt><trkpt lat="43.610629" lon="3.427642"><ele>195.695</ele><time>2021-01-17T12:50:55Z</time></trkpt><trkpt lat="43.610589" lon="3.427722"><ele>195.671</ele><time>2021-01-17T12:50:58Z</time></trkpt><trkpt lat="43.610461" lon="3.427870"><ele>196.019</ele><time>2021-01-17T12:51:05Z</time></trkpt><trkpt lat="43.610348" lon="3.428077"><ele>196.019</ele><time>2021-01-17T12:51:13Z</time></trkpt><trkpt lat="43.610253" lon="3.428302"><ele>195.458</ele><time>2021-01-17T12:51:21Z</time></trkpt><trkpt lat="43.610224" lon="3.428352"><ele>195.264</ele><time>2021-01-17T12:51:23Z</time></trkpt><trkpt lat="43.610090" lon="3.428547"><ele>195.240</ele><time>2021-01-17T12:51:31Z</time></trkpt><trkpt lat="43.610072" lon="3.428566"><ele>195.272</ele><time>2021-01-17T12:51:32Z</time></trkpt><trkpt lat="43.609946" lon="3.428702"><ele>195.013</ele><time>2021-01-17T12:51:39Z</time></trkpt><trkpt lat="43.609862" lon="3.428748"><ele>194.414</ele><time>2021-01-17T12:51:43Z</time></trkpt><trkpt lat="43.609748" lon="3.428813"><ele>193.008</ele><time>2021-01-17T12:51:48Z</time></trkpt><trkpt lat="43.609670" lon="3.428903"><ele>191.863</ele><time>2021-01-17T12:51:52Z</time></trkpt><trkpt lat="43.609630" lon="3.428995"><ele>191.241</ele><time>2021-01-17T12:51:55Z</time></trkpt><trkpt lat="43.609616" lon="3.429048"><ele>191.057</ele><time>2021-01-17T12:51:57Z</time></trkpt><trkpt lat="43.609602" lon="3.429057"><ele>190.855</ele><time>2021-01-17T12:51:58Z</time></trkpt><trkpt lat="43.609583" lon="3.429066"><ele>190.665</ele><time>2021-01-17T12:51:59Z</time></trkpt><trkpt lat="43.609563" lon="3.429074"><ele>190.434</ele><time>2021-01-17T12:52:00Z</time></trkpt><trkpt lat="43.609487" lon="3.429098"><ele>189.610</ele><time>2021-01-17T12:52:03Z</time></trkpt><trkpt lat="43.609415" lon="3.429137"><ele>188.236</ele><time>2021-01-17T12:52:06Z</time></trkpt><trkpt lat="43.609369" lon="3.429159"><ele>187.055</ele><time>2021-01-17T12:52:08Z</time></trkpt><trkpt lat="43.609282" lon="3.429242"><ele>186.007</ele><time>2021-01-17T12:52:12Z</time></trkpt><trkpt lat="43.609261" lon="3.429268"><ele>185.617</ele><time>2021-01-17T12:52:13Z</time></trkpt><trkpt lat="43.609203" lon="3.429327"><ele>184.808</ele><time>2021-01-17T12:52:16Z</time></trkpt><trkpt lat="43.609131" lon="3.429405"><ele>184.281</ele><time>2021-01-17T12:52:20Z</time></trkpt><trkpt lat="43.609102" lon="3.429441"><ele>183.899</ele><time>2021-01-17T12:52:22Z</time></trkpt><trkpt lat="43.609038" lon="3.429482"><ele>182.425</ele><time>2021-01-17T12:52:26Z</time></trkpt><trkpt lat="43.608999" lon="3.429504"><ele>181.643</ele><time>2021-01-17T12:52:28Z</time></trkpt><trkpt lat="43.608983" lon="3.429523"><ele>181.213</ele><time>2021-01-17T12:52:29Z</time></trkpt><trkpt lat="43.608932" lon="3.429581"><ele>180.052</ele><time>2021-01-17T12:52:33Z</time></trkpt><trkpt lat="43.608918" lon="3.429585"><ele>179.498</ele><time>2021-01-17T12:52:34Z</time></trkpt><trkpt lat="43.608903" lon="3.429590"><ele>179.054</ele><time>2021-01-17T12:52:35Z</time></trkpt><trkpt lat="43.608852" lon="3.429604"><ele>177.682</ele><time>2021-01-17T12:52:38Z</time></trkpt><trkpt lat="43.608826" lon="3.429607"><ele>176.843</ele><time>2021-01-17T12:52:41Z</time></trkpt><trkpt lat="43.608814" lon="3.429613"><ele>176.817</ele><time>2021-01-17T12:52:43Z</time></trkpt><trkpt lat="43.608810" lon="3.429617"><ele>176.808</ele><time>2021-01-17T12:52:45Z</time></trkpt><trkpt lat="43.608801" lon="3.429618"><ele>176.684</ele><time>2021-01-17T12:52:47Z</time></trkpt><trkpt lat="43.608792" lon="3.429616"><ele>176.622</ele><time>2021-01-17T12:52:48Z</time></trkpt><trkpt lat="43.608736" lon="3.429610"><ele>175.048</ele><time>2021-01-17T12:52:52Z</time></trkpt><trkpt lat="43.608698" lon="3.429611"><ele>174.486</ele><time>2021-01-17T12:52:54Z</time></trkpt><trkpt lat="43.608664" lon="3.429628"><ele>173.846</ele><time>2021-01-17T12:52:56Z</time></trkpt><trkpt lat="43.608611" lon="3.429667"><ele>172.265</ele><time>2021-01-17T12:52:59Z</time></trkpt><trkpt lat="43.608566" lon="3.429675"><ele>171.091</ele><time>2021-01-17T12:53:01Z</time></trkpt><trkpt lat="43.608451" lon="3.429691"><ele>169.647</ele><time>2021-01-17T12:53:06Z</time></trkpt><trkpt lat="43.608435" lon="3.429697"><ele>169.289</ele><time>2021-01-17T12:53:07Z</time></trkpt><trkpt lat="43.608405" lon="3.429691"><ele>168.406</ele><time>2021-01-17T12:53:09Z</time></trkpt><trkpt lat="43.608371" lon="3.429682"><ele>167.626</ele><time>2021-01-17T12:53:12Z</time></trkpt><trkpt lat="43.608360" lon="3.429686"><ele>167.408</ele><time>2021-01-17T12:53:13Z</time></trkpt><trkpt lat="43.608317" lon="3.429675"><ele>166.494</ele><time>2021-01-17T12:53:16Z</time></trkpt><trkpt lat="43.608285" lon="3.429668"><ele>165.232</ele><time>2021-01-17T12:53:18Z</time></trkpt><trkpt lat="43.608269" lon="3.429666"><ele>164.658</ele><time>2021-01-17T12:53:19Z</time></trkpt><trkpt lat="43.608239" lon="3.429666"><ele>164.046</ele><time>2021-01-17T12:53:21Z</time></trkpt><trkpt lat="43.608197" lon="3.429652"><ele>162.846</ele><time>2021-01-17T12:53:24Z</time></trkpt><trkpt lat="43.608156" lon="3.429611"><ele>161.895</ele><time>2021-01-17T12:53:27Z</time></trkpt><trkpt lat="43.608147" lon="3.429594"><ele>161.431</ele><time>2021-01-17T12:53:28Z</time></trkpt><trkpt lat="43.608140" lon="3.429580"><ele>160.887</ele><time>2021-01-17T12:53:29Z</time></trkpt><trkpt lat="43.608131" lon="3.429563"><ele>160.227</ele><time>2021-01-17T12:53:30Z</time></trkpt><trkpt lat="43.608106" lon="3.429542"><ele>159.868</ele><time>2021-01-17T12:53:32Z</time></trkpt><trkpt lat="43.608089" lon="3.429550"><ele>159.414</ele><time>2021-01-17T12:53:34Z</time></trkpt><trkpt lat="43.608081" lon="3.429561"><ele>159.208</ele><time>2021-01-17T12:53:35Z</time></trkpt><trkpt lat="43.608043" lon="3.429649"><ele>158.098</ele><time>2021-01-17T12:53:39Z</time></trkpt><trkpt lat="43.608029" lon="3.429669"><ele>157.616</ele><time>2021-01-17T12:53:40Z</time></trkpt><trkpt lat="43.607983" lon="3.429694"><ele>156.872</ele><time>2021-01-17T12:53:43Z</time></trkpt><trkpt lat="43.607953" lon="3.429681"><ele>155.660</ele><time>2021-01-17T12:53:45Z</time></trkpt><trkpt lat="43.607911" lon="3.429629"><ele>154.240</ele><time>2021-01-17T12:53:48Z</time></trkpt><trkpt lat="43.607882" lon="3.429595"><ele>153.279</ele><time>2021-01-17T12:53:51Z</time></trkpt><trkpt lat="43.607882" lon="3.429579"><ele>152.835</ele><time>2021-01-17T12:53:52Z</time></trkpt><trkpt lat="43.607867" lon="3.429546"><ele>152.251</ele><time>2021-01-17T12:53:54Z</time></trkpt><trkpt lat="43.607850" lon="3.429538"><ele>151.666</ele><time>2021-01-17T12:53:55Z</time></trkpt><trkpt lat="43.607827" lon="3.429537"><ele>151.029</ele><time>2021-01-17T12:53:56Z</time></trkpt><trkpt lat="43.607809" lon="3.429538"><ele>150.421</ele><time>2021-01-17T12:53:57Z</time></trkpt><trkpt lat="43.607770" lon="3.429538"><ele>149.208</ele><time>2021-01-17T12:54:00Z</time></trkpt><trkpt lat="43.607756" lon="3.429535"><ele>149.012</ele><time>2021-01-17T12:54:01Z</time></trkpt><trkpt lat="43.607696" lon="3.429535"><ele>148.090</ele><time>2021-01-17T12:54:04Z</time></trkpt><trkpt lat="43.607667" lon="3.429550"><ele>147.446</ele><time>2021-01-17T12:54:06Z</time></trkpt><trkpt lat="43.607660" lon="3.429559"><ele>147.074</ele><time>2021-01-17T12:54:07Z</time></trkpt><trkpt lat="43.607640" lon="3.429580"><ele>145.834</ele><time>2021-01-17T12:54:09Z</time></trkpt><trkpt lat="43.607618" lon="3.429578"><ele>144.883</ele><time>2021-01-17T12:54:11Z</time></trkpt><trkpt lat="43.607564" lon="3.429560"><ele>143.669</ele><time>2021-01-17T12:54:14Z</time></trkpt><trkpt lat="43.607550" lon="3.429568"><ele>143.495</ele><time>2021-01-17T12:54:15Z</time></trkpt><trkpt lat="43.607540" lon="3.429572"><ele>142.825</ele><time>2021-01-17T12:54:16Z</time></trkpt><trkpt lat="43.607530" lon="3.429567"><ele>142.426</ele><time>2021-01-17T12:54:17Z</time></trkpt><trkpt lat="43.607517" lon="3.429544"><ele>141.208</ele><time>2021-01-17T12:54:20Z</time></trkpt><trkpt lat="43.607516" lon="3.429531"><ele>140.808</ele><time>2021-01-17T12:54:21Z</time></trkpt><trkpt lat="43.607509" lon="3.429512"><ele>140.058</ele><time>2021-01-17T12:54:23Z</time></trkpt><trkpt lat="43.607496" lon="3.429464"><ele>139.486</ele><time>2021-01-17T12:54:27Z</time></trkpt><trkpt lat="43.607478" lon="3.429450"><ele>138.812</ele><time>2021-01-17T12:54:29Z</time></trkpt><trkpt lat="43.607451" lon="3.429456"><ele>138.680</ele><time>2021-01-17T12:54:33Z</time></trkpt><trkpt lat="43.607441" lon="3.429470"><ele>138.490</ele><time>2021-01-17T12:54:34Z</time></trkpt><trkpt lat="43.607392" lon="3.429571"><ele>137.889</ele><time>2021-01-17T12:54:38Z</time></trkpt><trkpt lat="43.607380" lon="3.429598"><ele>137.815</ele><time>2021-01-17T12:54:39Z</time></trkpt><trkpt lat="43.607357" lon="3.429679"><ele>138.061</ele><time>2021-01-17T12:54:43Z</time></trkpt><trkpt lat="43.607345" lon="3.429743"><ele>138.486</ele><time>2021-01-17T12:54:46Z</time></trkpt><trkpt lat="43.607330" lon="3.429910"><ele>137.060</ele><time>2021-01-17T12:54:53Z</time></trkpt><trkpt lat="43.607332" lon="3.429943"><ele>136.826</ele><time>2021-01-17T12:54:54Z</time></trkpt><trkpt lat="43.607344" lon="3.429966"><ele>136.608</ele><time>2021-01-17T12:54:55Z</time></trkpt><trkpt lat="43.607378" lon="3.430024"><ele>136.454</ele><time>2021-01-17T12:54:58Z</time></trkpt><trkpt lat="43.607393" lon="3.430253"><ele>136.042</ele><time>2021-01-17T12:55:05Z</time></trkpt><trkpt lat="43.607429" lon="3.430390"><ele>135.858</ele><time>2021-01-17T12:55:11Z</time></trkpt><trkpt lat="43.607448" lon="3.430470"><ele>134.816</ele><time>2021-01-17T12:55:14Z</time></trkpt><trkpt lat="43.607461" lon="3.430520"><ele>134.256</ele><time>2021-01-17T12:55:16Z</time></trkpt><trkpt lat="43.607469" lon="3.430636"><ele>133.695</ele><time>2021-01-17T12:55:21Z</time></trkpt><trkpt lat="43.607460" lon="3.430652"><ele>133.421</ele><time>2021-01-17T12:55:22Z</time></trkpt><trkpt lat="43.607407" lon="3.430719"><ele>132.417</ele><time>2021-01-17T12:55:25Z</time></trkpt><trkpt lat="43.607368" lon="3.430756"><ele>131.212</ele><time>2021-01-17T12:55:28Z</time></trkpt><trkpt lat="43.607294" lon="3.430839"><ele>129.832</ele><time>2021-01-17T12:55:33Z</time></trkpt><trkpt lat="43.607284" lon="3.430853"><ele>129.605</ele><time>2021-01-17T12:55:34Z</time></trkpt><trkpt lat="43.607258" lon="3.430885"><ele>128.808</ele><time>2021-01-17T12:55:36Z</time></trkpt><trkpt lat="43.607215" lon="3.430931"><ele>127.887</ele><time>2021-01-17T12:55:39Z</time></trkpt><trkpt lat="43.607183" lon="3.430962"><ele>126.895</ele><time>2021-01-17T12:55:41Z</time></trkpt><trkpt lat="43.607177" lon="3.430980"><ele>126.681</ele><time>2021-01-17T12:55:42Z</time></trkpt><trkpt lat="43.607135" lon="3.431087"><ele>125.679</ele><time>2021-01-17T12:55:46Z</time></trkpt><trkpt lat="43.607062" lon="3.431192"><ele>124.479</ele><time>2021-01-17T12:55:50Z</time></trkpt><trkpt lat="43.607046" lon="3.431226"><ele>124.228</ele><time>2021-01-17T12:55:51Z</time></trkpt><trkpt lat="43.606968" lon="3.431361"><ele>123.484</ele><time>2021-01-17T12:55:56Z</time></trkpt><trkpt lat="43.606952" lon="3.431387"><ele>123.230</ele><time>2021-01-17T12:55:57Z</time></trkpt><trkpt lat="43.606866" lon="3.431560"><ele>122.459</ele><time>2021-01-17T12:56:04Z</time></trkpt><trkpt lat="43.606860" lon="3.431594"><ele>122.203</ele><time>2021-01-17T12:56:05Z</time></trkpt><trkpt lat="43.606846" lon="3.431622"><ele>122.023</ele><time>2021-01-17T12:56:06Z</time></trkpt><trkpt lat="43.606800" lon="3.431686"><ele>121.408</ele><time>2021-01-17T12:56:09Z</time></trkpt><trkpt lat="43.606763" lon="3.431757"><ele>121.231</ele><time>2021-01-17T12:56:12Z</time></trkpt><trkpt lat="43.606737" lon="3.431844"><ele>121.059</ele><time>2021-01-17T12:56:15Z</time></trkpt><trkpt lat="43.606680" lon="3.431990"><ele>120.065</ele><time>2021-01-17T12:56:21Z</time></trkpt><trkpt lat="43.606670" lon="3.432022"><ele>120.043</ele><time>2021-01-17T12:56:22Z</time></trkpt><trkpt lat="43.606615" lon="3.432120"><ele>119.673</ele><time>2021-01-17T12:56:26Z</time></trkpt><trkpt lat="43.606598" lon="3.432144"><ele>119.682</ele><time>2021-01-17T12:56:27Z</time></trkpt><trkpt lat="43.606545" lon="3.432288"><ele>119.048</ele><time>2021-01-17T12:56:32Z</time></trkpt><trkpt lat="43.606517" lon="3.432373"><ele>118.694</ele><time>2021-01-17T12:56:35Z</time></trkpt><trkpt lat="43.606428" lon="3.432529"><ele>118.054</ele><time>2021-01-17T12:56:41Z</time></trkpt><trkpt lat="43.606386" lon="3.432606"><ele>117.856</ele><time>2021-01-17T12:56:44Z</time></trkpt><trkpt lat="43.606350" lon="3.432667"><ele>117.811</ele><time>2021-01-17T12:56:46Z</time></trkpt><trkpt lat="43.606333" lon="3.432767"><ele>117.208</ele><time>2021-01-17T12:56:49Z</time></trkpt><trkpt lat="43.606324" lon="3.432798"><ele>117.041</ele><time>2021-01-17T12:56:50Z</time></trkpt><trkpt lat="43.606311" lon="3.432822"><ele>116.829</ele><time>2021-01-17T12:56:51Z</time></trkpt><trkpt lat="43.606278" lon="3.432858"><ele>116.475</ele><time>2021-01-17T12:56:53Z</time></trkpt><trkpt lat="43.606257" lon="3.432869"><ele>116.253</ele><time>2021-01-17T12:56:54Z</time></trkpt><trkpt lat="43.606243" lon="3.432855"><ele>116.093</ele><time>2021-01-17T12:56:56Z</time></trkpt><trkpt lat="43.606240" lon="3.432813"><ele>116.042</ele><time>2021-01-17T12:56:58Z</time></trkpt><trkpt lat="43.606241" lon="3.432780"><ele>116.248</ele><time>2021-01-17T12:56:59Z</time></trkpt><trkpt lat="43.606220" lon="3.432680"><ele>116.454</ele><time>2021-01-17T12:57:02Z</time></trkpt><trkpt lat="43.606224" lon="3.432616"><ele>116.452</ele><time>2021-01-17T12:57:04Z</time></trkpt><trkpt lat="43.606241" lon="3.432529"><ele>116.653</ele><time>2021-01-17T12:57:07Z</time></trkpt><trkpt lat="43.606283" lon="3.432381"><ele>117.008</ele><time>2021-01-17T12:57:12Z</time></trkpt><trkpt lat="43.606258" lon="3.432190"><ele>117.408</ele><time>2021-01-17T12:57:18Z</time></trkpt><trkpt lat="43.606248" lon="3.432066"><ele>118.051</ele><time>2021-01-17T12:57:22Z</time></trkpt><trkpt lat="43.606250" lon="3.432005"><ele>118.439</ele><time>2021-01-17T12:57:24Z</time></trkpt><trkpt lat="43.606239" lon="3.431981"><ele>118.445</ele><time>2021-01-17T12:57:25Z</time></trkpt><trkpt lat="43.606234" lon="3.431955"><ele>118.433</ele><time>2021-01-17T12:57:26Z</time></trkpt><trkpt lat="43.606246" lon="3.431839"><ele>118.213</ele><time>2021-01-17T12:57:30Z</time></trkpt><trkpt lat="43.606239" lon="3.431810"><ele>118.042</ele><time>2021-01-17T12:57:31Z</time></trkpt><trkpt lat="43.606189" lon="3.431694"><ele>117.898</ele><time>2021-01-17T12:57:35Z</time></trkpt><trkpt lat="43.606124" lon="3.431645"><ele>118.024</ele><time>2021-01-17T12:57:38Z</time></trkpt><trkpt lat="43.606086" lon="3.431652"><ele>118.281</ele><time>2021-01-17T12:57:40Z</time></trkpt><trkpt lat="43.605989" lon="3.431733"><ele>118.461</ele><time>2021-01-17T12:57:46Z</time></trkpt><trkpt lat="43.605972" lon="3.431754"><ele>118.217</ele><time>2021-01-17T12:57:47Z</time></trkpt><trkpt lat="43.605859" lon="3.431812"><ele>118.008</ele><time>2021-01-17T12:57:53Z</time></trkpt></trkseg></trk></gpx>