<?xml version="1.0" encoding="UTF-8"?>
<gpx xmlns="http://www.topografix.com/GPX/1/1" xmlns:xsi="http://www.w3.org/2001/XMLSchema-instance" version="1.1" creator="phpGPX/1.3.0" xsi:schemaLocation="http://www.topografix.com/GPX/1/1 http://www.topografix.com/GPX/1/1/gpx.xsd">
  <metadata>
    <time>2026-05-14T09:46:48+00:00</time>
  </metadata>
  <trk>
    <name>Noir c'est Noir</name>
    <trkseg>
      <trkpt lat="48.79181" lon="1.96564">
        <ele>172</ele>
        <time>2026-05-14T09:46:49+00:00</time>
      </trkpt>
      <trkpt lat="48.79192" lon="1.9657">
        <ele>171</ele>
        <time>2026-05-14T09:46:50+00:00</time>
      </trkpt>
      <trkpt lat="48.79211" lon="1.9659">
        <ele>171</ele>
        <time>2026-05-14T09:46:51+00:00</time>
      </trkpt>
      <trkpt lat="48.79211" lon="1.96666">
        <ele>170</ele>
        <time>2026-05-14T09:46:52+00:00</time>
      </trkpt>
      <trkpt lat="48.79222" lon="1.96709">
        <ele>170</ele>
        <time>2026-05-14T09:46:53+00:00</time>
      </trkpt>
      <trkpt lat="48.7924" lon="1.96757">
        <ele>170</ele>
        <time>2026-05-14T09:46:54+00:00</time>
      </trkpt>
      <trkpt lat="48.79249" lon="1.96829">
        <ele>169</ele>
        <time>2026-05-14T09:46:55+00:00</time>
      </trkpt>
      <trkpt lat="48.79267" lon="1.96873">
        <ele>169</ele>
        <time>2026-05-14T09:46:56+00:00</time>
      </trkpt>
      <trkpt lat="48.79295" lon="1.97013">
        <ele>169</ele>
        <time>2026-05-14T09:46:57+00:00</time>
      </trkpt>
      <trkpt lat="48.79311" lon="1.97054">
        <ele>170</ele>
        <time>2026-05-14T09:46:58+00:00</time>
      </trkpt>
      <trkpt lat="48.79331" lon="1.97134">
        <ele>170</ele>
        <time>2026-05-14T09:46:59+00:00</time>
      </trkpt>
      <trkpt lat="48.79329" lon="1.97158">
        <ele>170</ele>
        <time>2026-05-14T09:47:00+00:00</time>
      </trkpt>
      <trkpt lat="48.79348" lon="1.97209">
        <ele>170</ele>
        <time>2026-05-14T09:47:01+00:00</time>
      </trkpt>
      <trkpt lat="48.79363" lon="1.9727">
        <ele>170</ele>
        <time>2026-05-14T09:47:02+00:00</time>
      </trkpt>
      <trkpt lat="48.79364" lon="1.97313">
        <ele>168</ele>
        <time>2026-05-14T09:47:03+00:00</time>
      </trkpt>
      <trkpt lat="48.79374" lon="1.97349">
        <ele>167</ele>
        <time>2026-05-14T09:47:04+00:00</time>
      </trkpt>
      <trkpt lat="48.79386" lon="1.9736">
        <ele>167</ele>
        <time>2026-05-14T09:47:05+00:00</time>
      </trkpt>
      <trkpt lat="48.79391" lon="1.97385">
        <ele>166</ele>
        <time>2026-05-14T09:47:06+00:00</time>
      </trkpt>
      <trkpt lat="48.79395" lon="1.97425">
        <ele>165</ele>
        <time>2026-05-14T09:47:07+00:00</time>
      </trkpt>
      <trkpt lat="48.79442" lon="1.97604">
        <ele>164</ele>
        <time>2026-05-14T09:47:08+00:00</time>
      </trkpt>
      <trkpt lat="48.79485" lon="1.97809">
        <ele>164</ele>
        <time>2026-05-14T09:47:09+00:00</time>
      </trkpt>
      <trkpt lat="48.79524" lon="1.97905">
        <ele>161</ele>
        <time>2026-05-14T09:47:10+00:00</time>
      </trkpt>
      <trkpt lat="48.79535" lon="1.97961">
        <ele>160</ele>
        <time>2026-05-14T09:47:11+00:00</time>
      </trkpt>
      <trkpt lat="48.7954" lon="1.98033">
        <ele>158</ele>
        <time>2026-05-14T09:47:12+00:00</time>
      </trkpt>
      <trkpt lat="48.79554" lon="1.98083">
        <ele>158</ele>
        <time>2026-05-14T09:47:13+00:00</time>
      </trkpt>
      <trkpt lat="48.79584" lon="1.98115">
        <ele>158</ele>
        <time>2026-05-14T09:47:14+00:00</time>
      </trkpt>
      <trkpt lat="48.79595" lon="1.98158">
        <ele>160</ele>
        <time>2026-05-14T09:47:15+00:00</time>
      </trkpt>
      <trkpt lat="48.79577" lon="1.98206">
        <ele>159</ele>
        <time>2026-05-14T09:47:16+00:00</time>
      </trkpt>
      <trkpt lat="48.79603" lon="1.9824">
        <ele>161</ele>
        <time>2026-05-14T09:47:17+00:00</time>
      </trkpt>
      <trkpt lat="48.79634" lon="1.9825">
        <ele>163</ele>
        <time>2026-05-14T09:47:18+00:00</time>
      </trkpt>
      <trkpt lat="48.79681" lon="1.98296">
        <ele>162</ele>
        <time>2026-05-14T09:47:19+00:00</time>
      </trkpt>
      <trkpt lat="48.79724" lon="1.98343">
        <ele>159</ele>
        <time>2026-05-14T09:47:20+00:00</time>
      </trkpt>
      <trkpt lat="48.79746" lon="1.98363">
        <ele>158</ele>
        <time>2026-05-14T09:47:21+00:00</time>
      </trkpt>
      <trkpt lat="48.79755" lon="1.98433">
        <ele>156</ele>
        <time>2026-05-14T09:47:22+00:00</time>
      </trkpt>
      <trkpt lat="48.79756" lon="1.98526">
        <ele>154</ele>
        <time>2026-05-14T09:47:23+00:00</time>
      </trkpt>
      <trkpt lat="48.79744" lon="1.98596">
        <ele>154</ele>
        <time>2026-05-14T09:47:24+00:00</time>
      </trkpt>
      <trkpt lat="48.79742" lon="1.98648">
        <ele>154</ele>
        <time>2026-05-14T09:47:25+00:00</time>
      </trkpt>
      <trkpt lat="48.79725" lon="1.98692">
        <ele>155</ele>
        <time>2026-05-14T09:47:26+00:00</time>
      </trkpt>
      <trkpt lat="48.79711" lon="1.98737">
        <ele>156</ele>
        <time>2026-05-14T09:47:27+00:00</time>
      </trkpt>
      <trkpt lat="48.79705" lon="1.98803">
        <ele>157</ele>
        <time>2026-05-14T09:47:28+00:00</time>
      </trkpt>
      <trkpt lat="48.79673" lon="1.98863">
        <ele>159</ele>
        <time>2026-05-14T09:47:29+00:00</time>
      </trkpt>
      <trkpt lat="48.79672" lon="1.9889">
        <ele>160</ele>
        <time>2026-05-14T09:47:30+00:00</time>
      </trkpt>
      <trkpt lat="48.79693" lon="1.98939">
        <ele>160</ele>
        <time>2026-05-14T09:47:31+00:00</time>
      </trkpt>
      <trkpt lat="48.79725" lon="1.98986">
        <ele>160</ele>
        <time>2026-05-14T09:47:32+00:00</time>
      </trkpt>
      <trkpt lat="48.79736" lon="1.99019">
        <ele>160</ele>
        <time>2026-05-14T09:47:33+00:00</time>
      </trkpt>
      <trkpt lat="48.79811" lon="1.99107">
        <ele>158</ele>
        <time>2026-05-14T09:47:34+00:00</time>
      </trkpt>
      <trkpt lat="48.79826" lon="1.99151">
        <ele>158</ele>
        <time>2026-05-14T09:47:35+00:00</time>
      </trkpt>
      <trkpt lat="48.79836" lon="1.99231">
        <ele>158</ele>
        <time>2026-05-14T09:47:36+00:00</time>
      </trkpt>
      <trkpt lat="48.79841" lon="1.99341">
        <ele>161</ele>
        <time>2026-05-14T09:47:37+00:00</time>
      </trkpt>
      <trkpt lat="48.79838" lon="1.99482">
        <ele>165</ele>
        <time>2026-05-14T09:47:38+00:00</time>
      </trkpt>
      <trkpt lat="48.7984" lon="1.99613">
        <ele>165</ele>
        <time>2026-05-14T09:47:39+00:00</time>
      </trkpt>
      <trkpt lat="48.79836" lon="1.99757">
        <ele>167</ele>
        <time>2026-05-14T09:47:40+00:00</time>
      </trkpt>
      <trkpt lat="48.79839" lon="1.99922">
        <ele>169</ele>
        <time>2026-05-14T09:47:41+00:00</time>
      </trkpt>
      <trkpt lat="48.79832" lon="1.99945">
        <ele>169</ele>
        <time>2026-05-14T09:47:42+00:00</time>
      </trkpt>
      <trkpt lat="48.79815" lon="1.99952">
        <ele>169</ele>
        <time>2026-05-14T09:47:43+00:00</time>
      </trkpt>
      <trkpt lat="48.79703" lon="1.99928">
        <ele>168</ele>
        <time>2026-05-14T09:47:44+00:00</time>
      </trkpt>
      <trkpt lat="48.79545" lon="1.99903">
        <ele>164</ele>
        <time>2026-05-14T09:47:45+00:00</time>
      </trkpt>
      <trkpt lat="48.79456" lon="1.99893">
        <ele>163</ele>
        <time>2026-05-14T09:47:46+00:00</time>
      </trkpt>
      <trkpt lat="48.79454" lon="1.99955">
        <ele>165</ele>
        <time>2026-05-14T09:47:47+00:00</time>
      </trkpt>
      <trkpt lat="48.79447" lon="1.99986">
        <ele>165</ele>
        <time>2026-05-14T09:47:48+00:00</time>
      </trkpt>
      <trkpt lat="48.7944" lon="2.00047">
        <ele>166</ele>
        <time>2026-05-14T09:47:49+00:00</time>
      </trkpt>
      <trkpt lat="48.79439" lon="2.00105">
        <ele>166</ele>
        <time>2026-05-14T09:47:50+00:00</time>
      </trkpt>
      <trkpt lat="48.79441" lon="2.00133">
        <ele>166</ele>
        <time>2026-05-14T09:47:51+00:00</time>
      </trkpt>
      <trkpt lat="48.79439" lon="2.00177">
        <ele>167</ele>
        <time>2026-05-14T09:47:52+00:00</time>
      </trkpt>
      <trkpt lat="48.79419" lon="2.00512">
        <ele>166</ele>
        <time>2026-05-14T09:47:53+00:00</time>
      </trkpt>
      <trkpt lat="48.79415" lon="2.00541">
        <ele>166</ele>
        <time>2026-05-14T09:47:54+00:00</time>
      </trkpt>
      <trkpt lat="48.79412" lon="2.00616">
        <ele>166</ele>
        <time>2026-05-14T09:47:55+00:00</time>
      </trkpt>
      <trkpt lat="48.79393" lon="2.00673">
        <ele>167</ele>
        <time>2026-05-14T09:47:56+00:00</time>
      </trkpt>
      <trkpt lat="48.79335" lon="2.00757">
        <ele>167</ele>
        <time>2026-05-14T09:47:57+00:00</time>
      </trkpt>
      <trkpt lat="48.79315" lon="2.00778">
        <ele>167</ele>
        <time>2026-05-14T09:47:58+00:00</time>
      </trkpt>
      <trkpt lat="48.79275" lon="2.00829">
        <ele>168</ele>
        <time>2026-05-14T09:47:59+00:00</time>
      </trkpt>
      <trkpt lat="48.7925" lon="2.00849">
        <ele>169</ele>
        <time>2026-05-14T09:48:00+00:00</time>
      </trkpt>
      <trkpt lat="48.79137" lon="2.00974">
        <ele>169</ele>
        <time>2026-05-14T09:48:01+00:00</time>
      </trkpt>
      <trkpt lat="48.79085" lon="2.01023">
        <ele>169</ele>
        <time>2026-05-14T09:48:02+00:00</time>
      </trkpt>
      <trkpt lat="48.79074" lon="2.01039">
        <ele>169</ele>
        <time>2026-05-14T09:48:03+00:00</time>
      </trkpt>
      <trkpt lat="48.7906" lon="2.01084">
        <ele>169</ele>
        <time>2026-05-14T09:48:04+00:00</time>
      </trkpt>
      <trkpt lat="48.79034" lon="2.01193">
        <ele>170</ele>
        <time>2026-05-14T09:48:05+00:00</time>
      </trkpt>
      <trkpt lat="48.79033" lon="2.0123">
        <ele>170</ele>
        <time>2026-05-14T09:48:06+00:00</time>
      </trkpt>
      <trkpt lat="48.79066" lon="2.01324">
        <ele>167</ele>
        <time>2026-05-14T09:48:07+00:00</time>
      </trkpt>
      <trkpt lat="48.79075" lon="2.01366">
        <ele>167</ele>
        <time>2026-05-14T09:48:08+00:00</time>
      </trkpt>
      <trkpt lat="48.79088" lon="2.01454">
        <ele>166</ele>
        <time>2026-05-14T09:48:09+00:00</time>
      </trkpt>
      <trkpt lat="48.79095" lon="2.01482">
        <ele>166</ele>
        <time>2026-05-14T09:48:10+00:00</time>
      </trkpt>
      <trkpt lat="48.79106" lon="2.01606">
        <ele>165</ele>
        <time>2026-05-14T09:48:11+00:00</time>
      </trkpt>
      <trkpt lat="48.7911" lon="2.01627">
        <ele>165</ele>
        <time>2026-05-14T09:48:12+00:00</time>
      </trkpt>
      <trkpt lat="48.79115" lon="2.01717">
        <ele>166</ele>
        <time>2026-05-14T09:48:13+00:00</time>
      </trkpt>
      <trkpt lat="48.79106" lon="2.01816">
        <ele>167</ele>
        <time>2026-05-14T09:48:14+00:00</time>
      </trkpt>
      <trkpt lat="48.79086" lon="2.01978">
        <ele>165</ele>
        <time>2026-05-14T09:48:15+00:00</time>
      </trkpt>
      <trkpt lat="48.79051" lon="2.0222">
        <ele>164</ele>
        <time>2026-05-14T09:48:16+00:00</time>
      </trkpt>
      <trkpt lat="48.79031" lon="2.02265">
        <ele>165</ele>
        <time>2026-05-14T09:48:17+00:00</time>
      </trkpt>
      <trkpt lat="48.79021" lon="2.02329">
        <ele>168</ele>
        <time>2026-05-14T09:48:18+00:00</time>
      </trkpt>
      <trkpt lat="48.79012" lon="2.02369">
        <ele>168</ele>
        <time>2026-05-14T09:48:19+00:00</time>
      </trkpt>
      <trkpt lat="48.79002" lon="2.02399">
        <ele>167</ele>
        <time>2026-05-14T09:48:20+00:00</time>
      </trkpt>
      <trkpt lat="48.78993" lon="2.02413">
        <ele>167</ele>
        <time>2026-05-14T09:48:21+00:00</time>
      </trkpt>
      <trkpt lat="48.78969" lon="2.0242">
        <ele>166</ele>
        <time>2026-05-14T09:48:22+00:00</time>
      </trkpt>
      <trkpt lat="48.78953" lon="2.02434">
        <ele>166</ele>
        <time>2026-05-14T09:48:23+00:00</time>
      </trkpt>
      <trkpt lat="48.78943" lon="2.02461">
        <ele>166</ele>
        <time>2026-05-14T09:48:24+00:00</time>
      </trkpt>
      <trkpt lat="48.78943" lon="2.02519">
        <ele>166</ele>
        <time>2026-05-14T09:48:25+00:00</time>
      </trkpt>
      <trkpt lat="48.78938" lon="2.02595">
        <ele>167</ele>
        <time>2026-05-14T09:48:26+00:00</time>
      </trkpt>
      <trkpt lat="48.78939" lon="2.02614">
        <ele>167</ele>
        <time>2026-05-14T09:48:27+00:00</time>
      </trkpt>
      <trkpt lat="48.78949" lon="2.02631">
        <ele>167</ele>
        <time>2026-05-14T09:48:28+00:00</time>
      </trkpt>
      <trkpt lat="48.78954" lon="2.02645">
        <ele>167</ele>
        <time>2026-05-14T09:48:29+00:00</time>
      </trkpt>
      <trkpt lat="48.78934" lon="2.02734">
        <ele>163</ele>
        <time>2026-05-14T09:48:30+00:00</time>
      </trkpt>
      <trkpt lat="48.78928" lon="2.02777">
        <ele>163</ele>
        <time>2026-05-14T09:48:31+00:00</time>
      </trkpt>
      <trkpt lat="48.7893" lon="2.02802">
        <ele>163</ele>
        <time>2026-05-14T09:48:32+00:00</time>
      </trkpt>
      <trkpt lat="48.78927" lon="2.02825">
        <ele>163</ele>
        <time>2026-05-14T09:48:33+00:00</time>
      </trkpt>
      <trkpt lat="48.78905" lon="2.02856">
        <ele>164</ele>
        <time>2026-05-14T09:48:34+00:00</time>
      </trkpt>
      <trkpt lat="48.78897" lon="2.02892">
        <ele>164</ele>
        <time>2026-05-14T09:48:35+00:00</time>
      </trkpt>
      <trkpt lat="48.78902" lon="2.02927">
        <ele>165</ele>
        <time>2026-05-14T09:48:36+00:00</time>
      </trkpt>
      <trkpt lat="48.78899" lon="2.02948">
        <ele>165</ele>
        <time>2026-05-14T09:48:37+00:00</time>
      </trkpt>
      <trkpt lat="48.78889" lon="2.02971">
        <ele>166</ele>
        <time>2026-05-14T09:48:38+00:00</time>
      </trkpt>
      <trkpt lat="48.7888" lon="2.03006">
        <ele>167</ele>
        <time>2026-05-14T09:48:39+00:00</time>
      </trkpt>
      <trkpt lat="48.78873" lon="2.03049">
        <ele>166</ele>
        <time>2026-05-14T09:48:40+00:00</time>
      </trkpt>
      <trkpt lat="48.78871" lon="2.0308">
        <ele>166</ele>
        <time>2026-05-14T09:48:41+00:00</time>
      </trkpt>
      <trkpt lat="48.78865" lon="2.03104">
        <ele>166</ele>
        <time>2026-05-14T09:48:42+00:00</time>
      </trkpt>
      <trkpt lat="48.78849" lon="2.03108">
        <ele>166</ele>
        <time>2026-05-14T09:48:43+00:00</time>
      </trkpt>
      <trkpt lat="48.78842" lon="2.03098">
        <ele>166</ele>
        <time>2026-05-14T09:48:44+00:00</time>
      </trkpt>
      <trkpt lat="48.78839" lon="2.03086">
        <ele>166</ele>
        <time>2026-05-14T09:48:45+00:00</time>
      </trkpt>
      <trkpt lat="48.78812" lon="2.03087">
        <ele>166</ele>
        <time>2026-05-14T09:48:46+00:00</time>
      </trkpt>
      <trkpt lat="48.78762" lon="2.03057">
        <ele>163</ele>
        <time>2026-05-14T09:48:47+00:00</time>
      </trkpt>
      <trkpt lat="48.78744" lon="2.03157">
        <ele>164</ele>
        <time>2026-05-14T09:48:48+00:00</time>
      </trkpt>
      <trkpt lat="48.78726" lon="2.03205">
        <ele>162</ele>
        <time>2026-05-14T09:48:49+00:00</time>
      </trkpt>
      <trkpt lat="48.78721" lon="2.03235">
        <ele>162</ele>
        <time>2026-05-14T09:48:50+00:00</time>
      </trkpt>
      <trkpt lat="48.78717" lon="2.03245">
        <ele>162</ele>
        <time>2026-05-14T09:48:51+00:00</time>
      </trkpt>
      <trkpt lat="48.78729" lon="2.03259">
        <ele>163</ele>
        <time>2026-05-14T09:48:52+00:00</time>
      </trkpt>
      <trkpt lat="48.78727" lon="2.03277">
        <ele>163</ele>
        <time>2026-05-14T09:48:53+00:00</time>
      </trkpt>
      <trkpt lat="48.78704" lon="2.03306">
        <ele>163</ele>
        <time>2026-05-14T09:48:54+00:00</time>
      </trkpt>
      <trkpt lat="48.78656" lon="2.03289">
        <ele>160</ele>
        <time>2026-05-14T09:48:55+00:00</time>
      </trkpt>
      <trkpt lat="48.78571" lon="2.03223">
        <ele>159</ele>
        <time>2026-05-14T09:48:56+00:00</time>
      </trkpt>
      <trkpt lat="48.78517" lon="2.03194">
        <ele>159</ele>
        <time>2026-05-14T09:48:57+00:00</time>
      </trkpt>
      <trkpt lat="48.78368" lon="2.03097">
        <ele>162</ele>
        <time>2026-05-14T09:48:58+00:00</time>
      </trkpt>
      <trkpt lat="48.78348" lon="2.03083">
        <ele>163</ele>
        <time>2026-05-14T09:48:59+00:00</time>
      </trkpt>
      <trkpt lat="48.78334" lon="2.03068">
        <ele>164</ele>
        <time>2026-05-14T09:49:00+00:00</time>
      </trkpt>
      <trkpt lat="48.78332" lon="2.03045">
        <ele>164</ele>
        <time>2026-05-14T09:49:01+00:00</time>
      </trkpt>
      <trkpt lat="48.78337" lon="2.03021">
        <ele>163</ele>
        <time>2026-05-14T09:49:02+00:00</time>
      </trkpt>
      <trkpt lat="48.78345" lon="2.02934">
        <ele>163</ele>
        <time>2026-05-14T09:49:03+00:00</time>
      </trkpt>
      <trkpt lat="48.78365" lon="2.02659">
        <ele>161</ele>
        <time>2026-05-14T09:49:04+00:00</time>
      </trkpt>
      <trkpt lat="48.7836" lon="2.02639">
        <ele>161</ele>
        <time>2026-05-14T09:49:05+00:00</time>
      </trkpt>
      <trkpt lat="48.78372" lon="2.02336">
        <ele>164</ele>
        <time>2026-05-14T09:49:06+00:00</time>
      </trkpt>
      <trkpt lat="48.7837" lon="2.02275">
        <ele>164</ele>
        <time>2026-05-14T09:49:07+00:00</time>
      </trkpt>
      <trkpt lat="48.78365" lon="2.0225">
        <ele>164</ele>
        <time>2026-05-14T09:49:08+00:00</time>
      </trkpt>
      <trkpt lat="48.78369" lon="2.02223">
        <ele>164</ele>
        <time>2026-05-14T09:49:09+00:00</time>
      </trkpt>
      <trkpt lat="48.78373" lon="2.02109">
        <ele>165</ele>
        <time>2026-05-14T09:49:10+00:00</time>
      </trkpt>
      <trkpt lat="48.7838" lon="2.02058">
        <ele>166</ele>
        <time>2026-05-14T09:49:11+00:00</time>
      </trkpt>
      <trkpt lat="48.7838" lon="2.02016">
        <ele>167</ele>
        <time>2026-05-14T09:49:12+00:00</time>
      </trkpt>
      <trkpt lat="48.78395" lon="2.01884">
        <ele>168</ele>
        <time>2026-05-14T09:49:13+00:00</time>
      </trkpt>
      <trkpt lat="48.7841" lon="2.01818">
        <ele>169</ele>
        <time>2026-05-14T09:49:14+00:00</time>
      </trkpt>
      <trkpt lat="48.7843" lon="2.01758">
        <ele>168</ele>
        <time>2026-05-14T09:49:15+00:00</time>
      </trkpt>
      <trkpt lat="48.78443" lon="2.01705">
        <ele>167</ele>
        <time>2026-05-14T09:49:16+00:00</time>
      </trkpt>
      <trkpt lat="48.78448" lon="2.01649">
        <ele>166</ele>
        <time>2026-05-14T09:49:17+00:00</time>
      </trkpt>
      <trkpt lat="48.78459" lon="2.01583">
        <ele>166</ele>
        <time>2026-05-14T09:49:18+00:00</time>
      </trkpt>
      <trkpt lat="48.78468" lon="2.01546">
        <ele>166</ele>
        <time>2026-05-14T09:49:19+00:00</time>
      </trkpt>
      <trkpt lat="48.7847" lon="2.01518">
        <ele>166</ele>
        <time>2026-05-14T09:49:20+00:00</time>
      </trkpt>
      <trkpt lat="48.78483" lon="2.01466">
        <ele>166</ele>
        <time>2026-05-14T09:49:21+00:00</time>
      </trkpt>
      <trkpt lat="48.78482" lon="2.01451">
        <ele>166</ele>
        <time>2026-05-14T09:49:22+00:00</time>
      </trkpt>
      <trkpt lat="48.78452" lon="2.01324">
        <ele>166</ele>
        <time>2026-05-14T09:49:23+00:00</time>
      </trkpt>
      <trkpt lat="48.78433" lon="2.01273">
        <ele>166</ele>
        <time>2026-05-14T09:49:24+00:00</time>
      </trkpt>
      <trkpt lat="48.7841" lon="2.01225">
        <ele>166</ele>
        <time>2026-05-14T09:49:25+00:00</time>
      </trkpt>
      <trkpt lat="48.78399" lon="2.01193">
        <ele>166</ele>
        <time>2026-05-14T09:49:26+00:00</time>
      </trkpt>
      <trkpt lat="48.78397" lon="2.01085">
        <ele>163</ele>
        <time>2026-05-14T09:49:27+00:00</time>
      </trkpt>
      <trkpt lat="48.784" lon="2.00987">
        <ele>164</ele>
        <time>2026-05-14T09:49:28+00:00</time>
      </trkpt>
      <trkpt lat="48.78395" lon="2.0082">
        <ele>165</ele>
        <time>2026-05-14T09:49:29+00:00</time>
      </trkpt>
      <trkpt lat="48.78412" lon="2.00773">
        <ele>164</ele>
        <time>2026-05-14T09:49:30+00:00</time>
      </trkpt>
      <trkpt lat="48.78412" lon="2.00768">
        <ele>164</ele>
        <time>2026-05-14T09:49:31+00:00</time>
      </trkpt>
      <trkpt lat="48.78411" lon="2.00737">
        <ele>163</ele>
        <time>2026-05-14T09:49:32+00:00</time>
      </trkpt>
      <trkpt lat="48.78401" lon="2.00643">
        <ele>161</ele>
        <time>2026-05-14T09:49:33+00:00</time>
      </trkpt>
      <trkpt lat="48.78395" lon="2.00617">
        <ele>161</ele>
        <time>2026-05-14T09:49:34+00:00</time>
      </trkpt>
      <trkpt lat="48.78379" lon="2.00595">
        <ele>161</ele>
        <time>2026-05-14T09:49:35+00:00</time>
      </trkpt>
      <trkpt lat="48.7831" lon="2.00518">
        <ele>163</ele>
        <time>2026-05-14T09:49:36+00:00</time>
      </trkpt>
      <trkpt lat="48.78274" lon="2.00469">
        <ele>164</ele>
        <time>2026-05-14T09:49:37+00:00</time>
      </trkpt>
      <trkpt lat="48.78221" lon="2.00405">
        <ele>163</ele>
        <time>2026-05-14T09:49:38+00:00</time>
      </trkpt>
      <trkpt lat="48.78197" lon="2.00367">
        <ele>162</ele>
        <time>2026-05-14T09:49:39+00:00</time>
      </trkpt>
      <trkpt lat="48.78197" lon="2.00345">
        <ele>161</ele>
        <time>2026-05-14T09:49:40+00:00</time>
      </trkpt>
      <trkpt lat="48.78204" lon="2.00329">
        <ele>161</ele>
        <time>2026-05-14T09:49:41+00:00</time>
      </trkpt>
      <trkpt lat="48.78209" lon="2.00326">
        <ele>162</ele>
        <time>2026-05-14T09:49:42+00:00</time>
      </trkpt>
      <trkpt lat="48.78254" lon="2.00319">
        <ele>165</ele>
        <time>2026-05-14T09:49:43+00:00</time>
      </trkpt>
      <trkpt lat="48.78274" lon="2.00319">
        <ele>166</ele>
        <time>2026-05-14T09:49:44+00:00</time>
      </trkpt>
      <trkpt lat="48.7833" lon="2.00333">
        <ele>170</ele>
        <time>2026-05-14T09:49:45+00:00</time>
      </trkpt>
      <trkpt lat="48.78349" lon="2.0033">
        <ele>169</ele>
        <time>2026-05-14T09:49:46+00:00</time>
      </trkpt>
      <trkpt lat="48.78371" lon="2.00322">
        <ele>169</ele>
        <time>2026-05-14T09:49:47+00:00</time>
      </trkpt>
      <trkpt lat="48.78397" lon="2.00317">
        <ele>168</ele>
        <time>2026-05-14T09:49:48+00:00</time>
      </trkpt>
      <trkpt lat="48.78424" lon="2.003">
        <ele>167</ele>
        <time>2026-05-14T09:49:49+00:00</time>
      </trkpt>
      <trkpt lat="48.78447" lon="2.00282">
        <ele>167</ele>
        <time>2026-05-14T09:49:50+00:00</time>
      </trkpt>
      <trkpt lat="48.78499" lon="2.00224">
        <ele>166</ele>
        <time>2026-05-14T09:49:51+00:00</time>
      </trkpt>
      <trkpt lat="48.78511" lon="2.002">
        <ele>166</ele>
        <time>2026-05-14T09:49:52+00:00</time>
      </trkpt>
      <trkpt lat="48.78523" lon="2.00135">
        <ele>166</ele>
        <time>2026-05-14T09:49:53+00:00</time>
      </trkpt>
      <trkpt lat="48.78548" lon="2.00084">
        <ele>165</ele>
        <time>2026-05-14T09:49:54+00:00</time>
      </trkpt>
      <trkpt lat="48.78566" lon="2.0003">
        <ele>163</ele>
        <time>2026-05-14T09:49:55+00:00</time>
      </trkpt>
      <trkpt lat="48.78567" lon="1.99998">
        <ele>162</ele>
        <time>2026-05-14T09:49:56+00:00</time>
      </trkpt>
      <trkpt lat="48.78577" lon="1.99965">
        <ele>163</ele>
        <time>2026-05-14T09:49:57+00:00</time>
      </trkpt>
      <trkpt lat="48.78582" lon="1.99922">
        <ele>163</ele>
        <time>2026-05-14T09:49:58+00:00</time>
      </trkpt>
      <trkpt lat="48.78567" lon="1.99903">
        <ele>163</ele>
        <time>2026-05-14T09:49:59+00:00</time>
      </trkpt>
      <trkpt lat="48.78556" lon="1.99878">
        <ele>164</ele>
        <time>2026-05-14T09:50:00+00:00</time>
      </trkpt>
      <trkpt lat="48.78517" lon="1.9977">
        <ele>165</ele>
        <time>2026-05-14T09:50:01+00:00</time>
      </trkpt>
      <trkpt lat="48.78509" lon="1.99735">
        <ele>166</ele>
        <time>2026-05-14T09:50:02+00:00</time>
      </trkpt>
      <trkpt lat="48.78508" lon="1.99697">
        <ele>166</ele>
        <time>2026-05-14T09:50:03+00:00</time>
      </trkpt>
      <trkpt lat="48.78518" lon="1.99635">
        <ele>165</ele>
        <time>2026-05-14T09:50:04+00:00</time>
      </trkpt>
      <trkpt lat="48.7852" lon="1.99597">
        <ele>164</ele>
        <time>2026-05-14T09:50:05+00:00</time>
      </trkpt>
      <trkpt lat="48.78522" lon="1.9959">
        <ele>164</ele>
        <time>2026-05-14T09:50:06+00:00</time>
      </trkpt>
      <trkpt lat="48.78529" lon="1.99587">
        <ele>164</ele>
        <time>2026-05-14T09:50:07+00:00</time>
      </trkpt>
      <trkpt lat="48.78533" lon="1.99576">
        <ele>164</ele>
        <time>2026-05-14T09:50:08+00:00</time>
      </trkpt>
      <trkpt lat="48.78537" lon="1.99515">
        <ele>164</ele>
        <time>2026-05-14T09:50:09+00:00</time>
      </trkpt>
      <trkpt lat="48.7854" lon="1.99502">
        <ele>164</ele>
        <time>2026-05-14T09:50:10+00:00</time>
      </trkpt>
      <trkpt lat="48.78548" lon="1.99487">
        <ele>165</ele>
        <time>2026-05-14T09:50:11+00:00</time>
      </trkpt>
      <trkpt lat="48.78549" lon="1.9946">
        <ele>165</ele>
        <time>2026-05-14T09:50:12+00:00</time>
      </trkpt>
      <trkpt lat="48.78556" lon="1.99434">
        <ele>165</ele>
        <time>2026-05-14T09:50:13+00:00</time>
      </trkpt>
      <trkpt lat="48.78574" lon="1.99253">
        <ele>167</ele>
        <time>2026-05-14T09:50:14+00:00</time>
      </trkpt>
      <trkpt lat="48.78577" lon="1.99199">
        <ele>166</ele>
        <time>2026-05-14T09:50:15+00:00</time>
      </trkpt>
      <trkpt lat="48.78589" lon="1.99157">
        <ele>166</ele>
        <time>2026-05-14T09:50:16+00:00</time>
      </trkpt>
      <trkpt lat="48.78594" lon="1.99101">
        <ele>167</ele>
        <time>2026-05-14T09:50:17+00:00</time>
      </trkpt>
      <trkpt lat="48.7858" lon="1.99064">
        <ele>167</ele>
        <time>2026-05-14T09:50:18+00:00</time>
      </trkpt>
      <trkpt lat="48.78543" lon="1.99006">
        <ele>168</ele>
        <time>2026-05-14T09:50:19+00:00</time>
      </trkpt>
      <trkpt lat="48.78528" lon="1.9897">
        <ele>168</ele>
        <time>2026-05-14T09:50:20+00:00</time>
      </trkpt>
      <trkpt lat="48.78471" lon="1.98911">
        <ele>168</ele>
        <time>2026-05-14T09:50:21+00:00</time>
      </trkpt>
      <trkpt lat="48.78461" lon="1.98895">
        <ele>167</ele>
        <time>2026-05-14T09:50:22+00:00</time>
      </trkpt>
      <trkpt lat="48.78464" lon="1.98873">
        <ele>167</ele>
        <time>2026-05-14T09:50:23+00:00</time>
      </trkpt>
      <trkpt lat="48.7846" lon="1.98849">
        <ele>166</ele>
        <time>2026-05-14T09:50:24+00:00</time>
      </trkpt>
      <trkpt lat="48.78453" lon="1.98837">
        <ele>166</ele>
        <time>2026-05-14T09:50:25+00:00</time>
      </trkpt>
      <trkpt lat="48.78438" lon="1.98832">
        <ele>166</ele>
        <time>2026-05-14T09:50:26+00:00</time>
      </trkpt>
      <trkpt lat="48.78426" lon="1.98832">
        <ele>166</ele>
        <time>2026-05-14T09:50:27+00:00</time>
      </trkpt>
      <trkpt lat="48.78404" lon="1.98857">
        <ele>167</ele>
        <time>2026-05-14T09:50:28+00:00</time>
      </trkpt>
      <trkpt lat="48.78391" lon="1.98863">
        <ele>167</ele>
        <time>2026-05-14T09:50:29+00:00</time>
      </trkpt>
      <trkpt lat="48.78381" lon="1.98852">
        <ele>167</ele>
        <time>2026-05-14T09:50:30+00:00</time>
      </trkpt>
      <trkpt lat="48.7836" lon="1.98785">
        <ele>168</ele>
        <time>2026-05-14T09:50:31+00:00</time>
      </trkpt>
      <trkpt lat="48.78345" lon="1.98766">
        <ele>168</ele>
        <time>2026-05-14T09:50:32+00:00</time>
      </trkpt>
      <trkpt lat="48.78333" lon="1.98761">
        <ele>168</ele>
        <time>2026-05-14T09:50:33+00:00</time>
      </trkpt>
      <trkpt lat="48.78348" lon="1.98743">
        <ele>168</ele>
        <time>2026-05-14T09:50:34+00:00</time>
      </trkpt>
      <trkpt lat="48.78371" lon="1.98708">
        <ele>167</ele>
        <time>2026-05-14T09:50:35+00:00</time>
      </trkpt>
      <trkpt lat="48.7841" lon="1.98668">
        <ele>167</ele>
        <time>2026-05-14T09:50:36+00:00</time>
      </trkpt>
      <trkpt lat="48.78426" lon="1.98647">
        <ele>167</ele>
        <time>2026-05-14T09:50:37+00:00</time>
      </trkpt>
      <trkpt lat="48.78466" lon="1.98636">
        <ele>167</ele>
        <time>2026-05-14T09:50:38+00:00</time>
      </trkpt>
      <trkpt lat="48.78472" lon="1.98601">
        <ele>166</ele>
        <time>2026-05-14T09:50:39+00:00</time>
      </trkpt>
      <trkpt lat="48.78515" lon="1.98544">
        <ele>166</ele>
        <time>2026-05-14T09:50:40+00:00</time>
      </trkpt>
      <trkpt lat="48.78565" lon="1.98446">
        <ele>168</ele>
        <time>2026-05-14T09:50:41+00:00</time>
      </trkpt>
      <trkpt lat="48.78576" lon="1.98412">
        <ele>169</ele>
        <time>2026-05-14T09:50:42+00:00</time>
      </trkpt>
      <trkpt lat="48.78587" lon="1.98409">
        <ele>169</ele>
        <time>2026-05-14T09:50:43+00:00</time>
      </trkpt>
      <trkpt lat="48.78596" lon="1.98368">
        <ele>170</ele>
        <time>2026-05-14T09:50:44+00:00</time>
      </trkpt>
      <trkpt lat="48.78654" lon="1.9821">
        <ele>169</ele>
        <time>2026-05-14T09:50:45+00:00</time>
      </trkpt>
      <trkpt lat="48.78664" lon="1.98171">
        <ele>169</ele>
        <time>2026-05-14T09:50:46+00:00</time>
      </trkpt>
      <trkpt lat="48.78672" lon="1.98051">
        <ele>169</ele>
        <time>2026-05-14T09:50:47+00:00</time>
      </trkpt>
      <trkpt lat="48.78655" lon="1.97923">
        <ele>166</ele>
        <time>2026-05-14T09:50:48+00:00</time>
      </trkpt>
      <trkpt lat="48.78638" lon="1.97892">
        <ele>166</ele>
        <time>2026-05-14T09:50:49+00:00</time>
      </trkpt>
      <trkpt lat="48.78608" lon="1.97855">
        <ele>167</ele>
        <time>2026-05-14T09:50:50+00:00</time>
      </trkpt>
      <trkpt lat="48.78595" lon="1.97829">
        <ele>168</ele>
        <time>2026-05-14T09:50:51+00:00</time>
      </trkpt>
      <trkpt lat="48.78553" lon="1.9778">
        <ele>169</ele>
        <time>2026-05-14T09:50:52+00:00</time>
      </trkpt>
      <trkpt lat="48.78456" lon="1.97678">
        <ele>168</ele>
        <time>2026-05-14T09:50:53+00:00</time>
      </trkpt>
      <trkpt lat="48.78389" lon="1.97614">
        <ele>169</ele>
        <time>2026-05-14T09:50:54+00:00</time>
      </trkpt>
      <trkpt lat="48.78364" lon="1.97598">
        <ele>169</ele>
        <time>2026-05-14T09:50:55+00:00</time>
      </trkpt>
      <trkpt lat="48.78315" lon="1.97556">
        <ele>170</ele>
        <time>2026-05-14T09:50:56+00:00</time>
      </trkpt>
      <trkpt lat="48.78306" lon="1.97538">
        <ele>169</ele>
        <time>2026-05-14T09:50:57+00:00</time>
      </trkpt>
      <trkpt lat="48.78292" lon="1.97526">
        <ele>169</ele>
        <time>2026-05-14T09:50:58+00:00</time>
      </trkpt>
      <trkpt lat="48.78294" lon="1.97469">
        <ele>169</ele>
        <time>2026-05-14T09:50:59+00:00</time>
      </trkpt>
      <trkpt lat="48.78306" lon="1.9738">
        <ele>169</ele>
        <time>2026-05-14T09:51:00+00:00</time>
      </trkpt>
      <trkpt lat="48.78425" lon="1.97479">
        <ele>169</ele>
        <time>2026-05-14T09:51:01+00:00</time>
      </trkpt>
      <trkpt lat="48.78483" lon="1.97534">
        <ele>169</ele>
        <time>2026-05-14T09:51:02+00:00</time>
      </trkpt>
      <trkpt lat="48.78537" lon="1.97587">
        <ele>168</ele>
        <time>2026-05-14T09:51:03+00:00</time>
      </trkpt>
      <trkpt lat="48.78618" lon="1.97677">
        <ele>168</ele>
        <time>2026-05-14T09:51:04+00:00</time>
      </trkpt>
      <trkpt lat="48.78674" lon="1.97718">
        <ele>167</ele>
        <time>2026-05-14T09:51:05+00:00</time>
      </trkpt>
      <trkpt lat="48.78715" lon="1.97732">
        <ele>167</ele>
        <time>2026-05-14T09:51:06+00:00</time>
      </trkpt>
      <trkpt lat="48.78736" lon="1.97736">
        <ele>167</ele>
        <time>2026-05-14T09:51:07+00:00</time>
      </trkpt>
      <trkpt lat="48.78749" lon="1.97735">
        <ele>167</ele>
        <time>2026-05-14T09:51:08+00:00</time>
      </trkpt>
      <trkpt lat="48.78783" lon="1.9772">
        <ele>168</ele>
        <time>2026-05-14T09:51:09+00:00</time>
      </trkpt>
      <trkpt lat="48.7881" lon="1.97699">
        <ele>168</ele>
        <time>2026-05-14T09:51:10+00:00</time>
      </trkpt>
      <trkpt lat="48.78825" lon="1.97683">
        <ele>168</ele>
        <time>2026-05-14T09:51:11+00:00</time>
      </trkpt>
      <trkpt lat="48.78846" lon="1.97637">
        <ele>169</ele>
        <time>2026-05-14T09:51:12+00:00</time>
      </trkpt>
      <trkpt lat="48.78884" lon="1.9754">
        <ele>170</ele>
        <time>2026-05-14T09:51:13+00:00</time>
      </trkpt>
      <trkpt lat="48.78903" lon="1.97467">
        <ele>169</ele>
        <time>2026-05-14T09:51:14+00:00</time>
      </trkpt>
      <trkpt lat="48.78927" lon="1.9739">
        <ele>170</ele>
        <time>2026-05-14T09:51:15+00:00</time>
      </trkpt>
      <trkpt lat="48.78935" lon="1.97379">
        <ele>171</ele>
        <time>2026-05-14T09:51:16+00:00</time>
      </trkpt>
      <trkpt lat="48.78938" lon="1.97367">
        <ele>171</ele>
        <time>2026-05-14T09:51:17+00:00</time>
      </trkpt>
      <trkpt lat="48.78928" lon="1.97324">
        <ele>174</ele>
        <time>2026-05-14T09:51:18+00:00</time>
      </trkpt>
      <trkpt lat="48.7893" lon="1.97301">
        <ele>176</ele>
        <time>2026-05-14T09:51:19+00:00</time>
      </trkpt>
      <trkpt lat="48.78926" lon="1.973">
        <ele>177</ele>
        <time>2026-05-14T09:51:20+00:00</time>
      </trkpt>
      <trkpt lat="48.7892" lon="1.97304">
        <ele>177</ele>
        <time>2026-05-14T09:51:21+00:00</time>
      </trkpt>
      <trkpt lat="48.78912" lon="1.97305">
        <ele>177</ele>
        <time>2026-05-14T09:51:22+00:00</time>
      </trkpt>
      <trkpt lat="48.78889" lon="1.97346">
        <ele>173</ele>
        <time>2026-05-14T09:51:23+00:00</time>
      </trkpt>
      <trkpt lat="48.78869" lon="1.97367">
        <ele>173</ele>
        <time>2026-05-14T09:51:24+00:00</time>
      </trkpt>
      <trkpt lat="48.78848" lon="1.97371">
        <ele>173</ele>
        <time>2026-05-14T09:51:25+00:00</time>
      </trkpt>
      <trkpt lat="48.78833" lon="1.97366">
        <ele>174</ele>
        <time>2026-05-14T09:51:26+00:00</time>
      </trkpt>
      <trkpt lat="48.7882" lon="1.97351">
        <ele>174</ele>
        <time>2026-05-14T09:51:27+00:00</time>
      </trkpt>
      <trkpt lat="48.78752" lon="1.97252">
        <ele>174</ele>
        <time>2026-05-14T09:51:28+00:00</time>
      </trkpt>
      <trkpt lat="48.78728" lon="1.97231">
        <ele>174</ele>
        <time>2026-05-14T09:51:29+00:00</time>
      </trkpt>
      <trkpt lat="48.78719" lon="1.97227">
        <ele>173</ele>
        <time>2026-05-14T09:51:30+00:00</time>
      </trkpt>
      <trkpt lat="48.78713" lon="1.97227">
        <ele>173</ele>
        <time>2026-05-14T09:51:31+00:00</time>
      </trkpt>
      <trkpt lat="48.78718" lon="1.97139">
        <ele>177</ele>
        <time>2026-05-14T09:51:32+00:00</time>
      </trkpt>
      <trkpt lat="48.78725" lon="1.97103">
        <ele>179</ele>
        <time>2026-05-14T09:51:33+00:00</time>
      </trkpt>
      <trkpt lat="48.7873" lon="1.9709">
        <ele>180</ele>
        <time>2026-05-14T09:51:34+00:00</time>
      </trkpt>
      <trkpt lat="48.78735" lon="1.97084">
        <ele>181</ele>
        <time>2026-05-14T09:51:35+00:00</time>
      </trkpt>
      <trkpt lat="48.78753" lon="1.97083">
        <ele>184</ele>
        <time>2026-05-14T09:51:36+00:00</time>
      </trkpt>
      <trkpt lat="48.78755" lon="1.97094">
        <ele>183</ele>
        <time>2026-05-14T09:51:37+00:00</time>
      </trkpt>
      <trkpt lat="48.78751" lon="1.97122">
        <ele>181</ele>
        <time>2026-05-14T09:51:38+00:00</time>
      </trkpt>
      <trkpt lat="48.7875" lon="1.97151">
        <ele>180</ele>
        <time>2026-05-14T09:51:39+00:00</time>
      </trkpt>
      <trkpt lat="48.78758" lon="1.97172">
        <ele>180</ele>
        <time>2026-05-14T09:51:40+00:00</time>
      </trkpt>
      <trkpt lat="48.78771" lon="1.97178">
        <ele>182</ele>
        <time>2026-05-14T09:51:41+00:00</time>
      </trkpt>
      <trkpt lat="48.78807" lon="1.97153">
        <ele>190</ele>
        <time>2026-05-14T09:51:42+00:00</time>
      </trkpt>
      <trkpt lat="48.78811" lon="1.97141">
        <ele>191</ele>
        <time>2026-05-14T09:51:43+00:00</time>
      </trkpt>
      <trkpt lat="48.78844" lon="1.97128">
        <ele>195</ele>
        <time>2026-05-14T09:51:44+00:00</time>
      </trkpt>
      <trkpt lat="48.78892" lon="1.97131">
        <ele>190</ele>
        <time>2026-05-14T09:51:45+00:00</time>
      </trkpt>
      <trkpt lat="48.78909" lon="1.97121">
        <ele>189</ele>
        <time>2026-05-14T09:51:46+00:00</time>
      </trkpt>
      <trkpt lat="48.78922" lon="1.97097">
        <ele>188</ele>
        <time>2026-05-14T09:51:47+00:00</time>
      </trkpt>
      <trkpt lat="48.78937" lon="1.97078">
        <ele>186</ele>
        <time>2026-05-14T09:51:48+00:00</time>
      </trkpt>
      <trkpt lat="48.78935" lon="1.97042">
        <ele>189</ele>
        <time>2026-05-14T09:51:49+00:00</time>
      </trkpt>
      <trkpt lat="48.78927" lon="1.97045">
        <ele>191</ele>
        <time>2026-05-14T09:51:50+00:00</time>
      </trkpt>
      <trkpt lat="48.78924" lon="1.97038">
        <ele>192</ele>
        <time>2026-05-14T09:51:51+00:00</time>
      </trkpt>
      <trkpt lat="48.78927" lon="1.97014">
        <ele>194</ele>
        <time>2026-05-14T09:51:52+00:00</time>
      </trkpt>
      <trkpt lat="48.78923" lon="1.97003">
        <ele>196</ele>
        <time>2026-05-14T09:51:53+00:00</time>
      </trkpt>
      <trkpt lat="48.78927" lon="1.96981">
        <ele>196</ele>
        <time>2026-05-14T09:51:54+00:00</time>
      </trkpt>
      <trkpt lat="48.78925" lon="1.96947">
        <ele>199</ele>
        <time>2026-05-14T09:51:55+00:00</time>
      </trkpt>
      <trkpt lat="48.78921" lon="1.96937">
        <ele>200</ele>
        <time>2026-05-14T09:51:56+00:00</time>
      </trkpt>
      <trkpt lat="48.78914" lon="1.96937">
        <ele>202</ele>
        <time>2026-05-14T09:51:57+00:00</time>
      </trkpt>
      <trkpt lat="48.78912" lon="1.96929">
        <ele>203</ele>
        <time>2026-05-14T09:51:58+00:00</time>
      </trkpt>
      <trkpt lat="48.7892" lon="1.96801">
        <ele>199</ele>
        <time>2026-05-14T09:51:59+00:00</time>
      </trkpt>
      <trkpt lat="48.78919" lon="1.96788">
        <ele>199</ele>
        <time>2026-05-14T09:52:00+00:00</time>
      </trkpt>
      <trkpt lat="48.78908" lon="1.96786">
        <ele>201</ele>
        <time>2026-05-14T09:52:01+00:00</time>
      </trkpt>
      <trkpt lat="48.78892" lon="1.96793">
        <ele>204</ele>
        <time>2026-05-14T09:52:02+00:00</time>
      </trkpt>
      <trkpt lat="48.78882" lon="1.96829">
        <ele>208</ele>
        <time>2026-05-14T09:52:03+00:00</time>
      </trkpt>
      <trkpt lat="48.78875" lon="1.96841">
        <ele>209</ele>
        <time>2026-05-14T09:52:04+00:00</time>
      </trkpt>
      <trkpt lat="48.78863" lon="1.96843">
        <ele>211</ele>
        <time>2026-05-14T09:52:05+00:00</time>
      </trkpt>
      <trkpt lat="48.78851" lon="1.96837">
        <ele>214</ele>
        <time>2026-05-14T09:52:06+00:00</time>
      </trkpt>
      <trkpt lat="48.78846" lon="1.96822">
        <ele>214</ele>
        <time>2026-05-14T09:52:07+00:00</time>
      </trkpt>
      <trkpt lat="48.78807" lon="1.96778">
        <ele>211</ele>
        <time>2026-05-14T09:52:08+00:00</time>
      </trkpt>
      <trkpt lat="48.78791" lon="1.96749">
        <ele>208</ele>
        <time>2026-05-14T09:52:09+00:00</time>
      </trkpt>
      <trkpt lat="48.78706" lon="1.96617">
        <ele>192</ele>
        <time>2026-05-14T09:52:10+00:00</time>
      </trkpt>
      <trkpt lat="48.78679" lon="1.96598">
        <ele>188</ele>
        <time>2026-05-14T09:52:11+00:00</time>
      </trkpt>
      <trkpt lat="48.78663" lon="1.9659">
        <ele>186</ele>
        <time>2026-05-14T09:52:12+00:00</time>
      </trkpt>
      <trkpt lat="48.78656" lon="1.96606">
        <ele>186</ele>
        <time>2026-05-14T09:52:13+00:00</time>
      </trkpt>
      <trkpt lat="48.78627" lon="1.96607">
        <ele>182</ele>
        <time>2026-05-14T09:52:14+00:00</time>
      </trkpt>
      <trkpt lat="48.78597" lon="1.96601">
        <ele>178</ele>
        <time>2026-05-14T09:52:15+00:00</time>
      </trkpt>
      <trkpt lat="48.78594" lon="1.96596">
        <ele>177</ele>
        <time>2026-05-14T09:52:16+00:00</time>
      </trkpt>
      <trkpt lat="48.78592" lon="1.96583">
        <ele>177</ele>
        <time>2026-05-14T09:52:17+00:00</time>
      </trkpt>
      <trkpt lat="48.78595" lon="1.96547">
        <ele>176</ele>
        <time>2026-05-14T09:52:18+00:00</time>
      </trkpt>
      <trkpt lat="48.7862" lon="1.96501">
        <ele>175</ele>
        <time>2026-05-14T09:52:19+00:00</time>
      </trkpt>
      <trkpt lat="48.78658" lon="1.96439">
        <ele>171</ele>
        <time>2026-05-14T09:52:20+00:00</time>
      </trkpt>
      <trkpt lat="48.78673" lon="1.96429">
        <ele>170</ele>
        <time>2026-05-14T09:52:21+00:00</time>
      </trkpt>
      <trkpt lat="48.78688" lon="1.96428">
        <ele>170</ele>
        <time>2026-05-14T09:52:22+00:00</time>
      </trkpt>
      <trkpt lat="48.7876" lon="1.96438">
        <ele>171</ele>
        <time>2026-05-14T09:52:23+00:00</time>
      </trkpt>
      <trkpt lat="48.78809" lon="1.96431">
        <ele>170</ele>
        <time>2026-05-14T09:52:24+00:00</time>
      </trkpt>
      <trkpt lat="48.78844" lon="1.96429">
        <ele>170</ele>
        <time>2026-05-14T09:52:25+00:00</time>
      </trkpt>
      <trkpt lat="48.78861" lon="1.96435">
        <ele>170</ele>
        <time>2026-05-14T09:52:26+00:00</time>
      </trkpt>
      <trkpt lat="48.7888" lon="1.96451">
        <ele>171</ele>
        <time>2026-05-14T09:52:27+00:00</time>
      </trkpt>
      <trkpt lat="48.78886" lon="1.96449">
        <ele>171</ele>
        <time>2026-05-14T09:52:28+00:00</time>
      </trkpt>
      <trkpt lat="48.78891" lon="1.96441">
        <ele>171</ele>
        <time>2026-05-14T09:52:29+00:00</time>
      </trkpt>
      <trkpt lat="48.78907" lon="1.96371">
        <ele>171</ele>
        <time>2026-05-14T09:52:30+00:00</time>
      </trkpt>
      <trkpt lat="48.78961" lon="1.96121">
        <ele>171</ele>
        <time>2026-05-14T09:52:31+00:00</time>
      </trkpt>
      <trkpt lat="48.78972" lon="1.96079">
        <ele>170</ele>
        <time>2026-05-14T09:52:32+00:00</time>
      </trkpt>
      <trkpt lat="48.78986" lon="1.96003">
        <ele>171</ele>
        <time>2026-05-14T09:52:33+00:00</time>
      </trkpt>
      <trkpt lat="48.78979" lon="1.95991">
        <ele>171</ele>
        <time>2026-05-14T09:52:34+00:00</time>
      </trkpt>
      <trkpt lat="48.78903" lon="1.95952">
        <ele>165</ele>
        <time>2026-05-14T09:52:35+00:00</time>
      </trkpt>
      <trkpt lat="48.78892" lon="1.95922">
        <ele>162</ele>
        <time>2026-05-14T09:52:36+00:00</time>
      </trkpt>
      <trkpt lat="48.78878" lon="1.95909">
        <ele>158</ele>
        <time>2026-05-14T09:52:37+00:00</time>
      </trkpt>
      <trkpt lat="48.78857" lon="1.9592">
        <ele>152</ele>
        <time>2026-05-14T09:52:38+00:00</time>
      </trkpt>
      <trkpt lat="48.78824" lon="1.95928">
        <ele>144</ele>
        <time>2026-05-14T09:52:39+00:00</time>
      </trkpt>
      <trkpt lat="48.78757" lon="1.95921">
        <ele>130</ele>
        <time>2026-05-14T09:52:40+00:00</time>
      </trkpt>
      <trkpt lat="48.78745" lon="1.95905">
        <ele>128</ele>
        <time>2026-05-14T09:52:41+00:00</time>
      </trkpt>
      <trkpt lat="48.78728" lon="1.95899">
        <ele>128</ele>
        <time>2026-05-14T09:52:42+00:00</time>
      </trkpt>
      <trkpt lat="48.78655" lon="1.95915">
        <ele>129</ele>
        <time>2026-05-14T09:52:43+00:00</time>
      </trkpt>
      <trkpt lat="48.78651" lon="1.95887">
        <ele>127</ele>
        <time>2026-05-14T09:52:44+00:00</time>
      </trkpt>
      <trkpt lat="48.78645" lon="1.95865">
        <ele>125</ele>
        <time>2026-05-14T09:52:45+00:00</time>
      </trkpt>
      <trkpt lat="48.78624" lon="1.9579">
        <ele>123</ele>
        <time>2026-05-14T09:52:46+00:00</time>
      </trkpt>
      <trkpt lat="48.78613" lon="1.95765">
        <ele>123</ele>
        <time>2026-05-14T09:52:47+00:00</time>
      </trkpt>
      <trkpt lat="48.78605" lon="1.9571">
        <ele>125</ele>
        <time>2026-05-14T09:52:48+00:00</time>
      </trkpt>
      <trkpt lat="48.78611" lon="1.95703">
        <ele>125</ele>
        <time>2026-05-14T09:52:49+00:00</time>
      </trkpt>
      <trkpt lat="48.78608" lon="1.95695">
        <ele>126</ele>
        <time>2026-05-14T09:52:50+00:00</time>
      </trkpt>
      <trkpt lat="48.78655" lon="1.95657">
        <ele>124</ele>
        <time>2026-05-14T09:52:51+00:00</time>
      </trkpt>
      <trkpt lat="48.78716" lon="1.95678">
        <ele>126</ele>
        <time>2026-05-14T09:52:52+00:00</time>
      </trkpt>
      <trkpt lat="48.78731" lon="1.95672">
        <ele>127</ele>
        <time>2026-05-14T09:52:53+00:00</time>
      </trkpt>
      <trkpt lat="48.78738" lon="1.95591">
        <ele>124</ele>
        <time>2026-05-14T09:52:54+00:00</time>
      </trkpt>
      <trkpt lat="48.7875" lon="1.95536">
        <ele>122</ele>
        <time>2026-05-14T09:52:55+00:00</time>
      </trkpt>
      <trkpt lat="48.78782" lon="1.95452">
        <ele>123</ele>
        <time>2026-05-14T09:52:56+00:00</time>
      </trkpt>
      <trkpt lat="48.78763" lon="1.95427">
        <ele>121</ele>
        <time>2026-05-14T09:52:57+00:00</time>
      </trkpt>
      <trkpt lat="48.78705" lon="1.95369">
        <ele>120</ele>
        <time>2026-05-14T09:52:58+00:00</time>
      </trkpt>
      <trkpt lat="48.78681" lon="1.95338">
        <ele>121</ele>
        <time>2026-05-14T09:52:59+00:00</time>
      </trkpt>
      <trkpt lat="48.78665" lon="1.95311">
        <ele>120</ele>
        <time>2026-05-14T09:53:00+00:00</time>
      </trkpt>
      <trkpt lat="48.78698" lon="1.95243">
        <ele>117</ele>
        <time>2026-05-14T09:53:01+00:00</time>
      </trkpt>
      <trkpt lat="48.78755" lon="1.95153">
        <ele>115</ele>
        <time>2026-05-14T09:53:02+00:00</time>
      </trkpt>
      <trkpt lat="48.78796" lon="1.95076">
        <ele>116</ele>
        <time>2026-05-14T09:53:03+00:00</time>
      </trkpt>
      <trkpt lat="48.78802" lon="1.95064">
        <ele>116</ele>
        <time>2026-05-14T09:53:04+00:00</time>
      </trkpt>
      <trkpt lat="48.78805" lon="1.95043">
        <ele>116</ele>
        <time>2026-05-14T09:53:05+00:00</time>
      </trkpt>
      <trkpt lat="48.78913" lon="1.95115">
        <ele>118</ele>
        <time>2026-05-14T09:53:06+00:00</time>
      </trkpt>
      <trkpt lat="48.78938" lon="1.95113">
        <ele>121</ele>
        <time>2026-05-14T09:53:07+00:00</time>
      </trkpt>
      <trkpt lat="48.78955" lon="1.95101">
        <ele>122</ele>
        <time>2026-05-14T09:53:08+00:00</time>
      </trkpt>
      <trkpt lat="48.78985" lon="1.9505">
        <ele>122</ele>
        <time>2026-05-14T09:53:09+00:00</time>
      </trkpt>
      <trkpt lat="48.79036" lon="1.94941">
        <ele>125</ele>
        <time>2026-05-14T09:53:10+00:00</time>
      </trkpt>
      <trkpt lat="48.79012" lon="1.94875">
        <ele>120</ele>
        <time>2026-05-14T09:53:11+00:00</time>
      </trkpt>
      <trkpt lat="48.79007" lon="1.94795">
        <ele>120</ele>
        <time>2026-05-14T09:53:12+00:00</time>
      </trkpt>
      <trkpt lat="48.79019" lon="1.94721">
        <ele>122</ele>
        <time>2026-05-14T09:53:13+00:00</time>
      </trkpt>
      <trkpt lat="48.7905" lon="1.94641">
        <ele>122</ele>
        <time>2026-05-14T09:53:14+00:00</time>
      </trkpt>
      <trkpt lat="48.79079" lon="1.94594">
        <ele>123</ele>
        <time>2026-05-14T09:53:15+00:00</time>
      </trkpt>
      <trkpt lat="48.79084" lon="1.9454">
        <ele>123</ele>
        <time>2026-05-14T09:53:16+00:00</time>
      </trkpt>
      <trkpt lat="48.79083" lon="1.94503">
        <ele>123</ele>
        <time>2026-05-14T09:53:17+00:00</time>
      </trkpt>
      <trkpt lat="48.79075" lon="1.94446">
        <ele>121</ele>
        <time>2026-05-14T09:53:18+00:00</time>
      </trkpt>
      <trkpt lat="48.79089" lon="1.94352">
        <ele>120</ele>
        <time>2026-05-14T09:53:19+00:00</time>
      </trkpt>
      <trkpt lat="48.79122" lon="1.94257">
        <ele>120</ele>
        <time>2026-05-14T09:53:20+00:00</time>
      </trkpt>
      <trkpt lat="48.79154" lon="1.94127">
        <ele>121</ele>
        <time>2026-05-14T09:53:21+00:00</time>
      </trkpt>
      <trkpt lat="48.79135" lon="1.9402">
        <ele>118</ele>
        <time>2026-05-14T09:53:22+00:00</time>
      </trkpt>
      <trkpt lat="48.79152" lon="1.93883">
        <ele>115</ele>
        <time>2026-05-14T09:53:23+00:00</time>
      </trkpt>
      <trkpt lat="48.79153" lon="1.93762">
        <ele>114</ele>
        <time>2026-05-14T09:53:24+00:00</time>
      </trkpt>
      <trkpt lat="48.7918" lon="1.93616">
        <ele>115</ele>
        <time>2026-05-14T09:53:25+00:00</time>
      </trkpt>
      <trkpt lat="48.79192" lon="1.93504">
        <ele>114</ele>
        <time>2026-05-14T09:53:26+00:00</time>
      </trkpt>
      <trkpt lat="48.7919" lon="1.93455">
        <ele>114</ele>
        <time>2026-05-14T09:53:27+00:00</time>
      </trkpt>
      <trkpt lat="48.79198" lon="1.93411">
        <ele>115</ele>
        <time>2026-05-14T09:53:28+00:00</time>
      </trkpt>
      <trkpt lat="48.79226" lon="1.93306">
        <ele>113</ele>
        <time>2026-05-14T09:53:29+00:00</time>
      </trkpt>
      <trkpt lat="48.79275" lon="1.93216">
        <ele>114</ele>
        <time>2026-05-14T09:53:30+00:00</time>
      </trkpt>
      <trkpt lat="48.79287" lon="1.93138">
        <ele>113</ele>
        <time>2026-05-14T09:53:31+00:00</time>
      </trkpt>
      <trkpt lat="48.79284" lon="1.93079">
        <ele>112</ele>
        <time>2026-05-14T09:53:32+00:00</time>
      </trkpt>
      <trkpt lat="48.79291" lon="1.92998">
        <ele>109</ele>
        <time>2026-05-14T09:53:33+00:00</time>
      </trkpt>
      <trkpt lat="48.79309" lon="1.92954">
        <ele>109</ele>
        <time>2026-05-14T09:53:34+00:00</time>
      </trkpt>
      <trkpt lat="48.7933" lon="1.92932">
        <ele>112</ele>
        <time>2026-05-14T09:53:35+00:00</time>
      </trkpt>
      <trkpt lat="48.79356" lon="1.92955">
        <ele>119</ele>
        <time>2026-05-14T09:53:36+00:00</time>
      </trkpt>
      <trkpt lat="48.79382" lon="1.92922">
        <ele>121</ele>
        <time>2026-05-14T09:53:37+00:00</time>
      </trkpt>
      <trkpt lat="48.79383" lon="1.92863">
        <ele>116</ele>
        <time>2026-05-14T09:53:38+00:00</time>
      </trkpt>
      <trkpt lat="48.79495" lon="1.92768">
        <ele>141</ele>
        <time>2026-05-14T09:53:39+00:00</time>
      </trkpt>
      <trkpt lat="48.79531" lon="1.92718">
        <ele>148</ele>
        <time>2026-05-14T09:53:40+00:00</time>
      </trkpt>
      <trkpt lat="48.79536" lon="1.92696">
        <ele>149</ele>
        <time>2026-05-14T09:53:41+00:00</time>
      </trkpt>
      <trkpt lat="48.79539" lon="1.92651">
        <ele>148</ele>
        <time>2026-05-14T09:53:42+00:00</time>
      </trkpt>
      <trkpt lat="48.79602" lon="1.92583">
        <ele>154</ele>
        <time>2026-05-14T09:53:43+00:00</time>
      </trkpt>
      <trkpt lat="48.79629" lon="1.92543">
        <ele>156</ele>
        <time>2026-05-14T09:53:44+00:00</time>
      </trkpt>
      <trkpt lat="48.79659" lon="1.92448">
        <ele>155</ele>
        <time>2026-05-14T09:53:45+00:00</time>
      </trkpt>
      <trkpt lat="48.79703" lon="1.92372">
        <ele>163</ele>
        <time>2026-05-14T09:53:46+00:00</time>
      </trkpt>
      <trkpt lat="48.79707" lon="1.92353">
        <ele>164</ele>
        <time>2026-05-14T09:53:47+00:00</time>
      </trkpt>
      <trkpt lat="48.79702" lon="1.9234">
        <ele>163</ele>
        <time>2026-05-14T09:53:48+00:00</time>
      </trkpt>
      <trkpt lat="48.79658" lon="1.9228">
        <ele>158</ele>
        <time>2026-05-14T09:53:49+00:00</time>
      </trkpt>
      <trkpt lat="48.79631" lon="1.92265">
        <ele>152</ele>
        <time>2026-05-14T09:53:50+00:00</time>
      </trkpt>
      <trkpt lat="48.79618" lon="1.92251">
        <ele>150</ele>
        <time>2026-05-14T09:53:51+00:00</time>
      </trkpt>
      <trkpt lat="48.79593" lon="1.92207">
        <ele>146</ele>
        <time>2026-05-14T09:53:52+00:00</time>
      </trkpt>
      <trkpt lat="48.79555" lon="1.92124">
        <ele>138</ele>
        <time>2026-05-14T09:53:53+00:00</time>
      </trkpt>
      <trkpt lat="48.79591" lon="1.91863">
        <ele>129</ele>
        <time>2026-05-14T09:53:54+00:00</time>
      </trkpt>
      <trkpt lat="48.79547" lon="1.91772">
        <ele>117</ele>
        <time>2026-05-14T09:53:55+00:00</time>
      </trkpt>
      <trkpt lat="48.79532" lon="1.91687">
        <ele>112</ele>
        <time>2026-05-14T09:53:56+00:00</time>
      </trkpt>
      <trkpt lat="48.79567" lon="1.91576">
        <ele>112</ele>
        <time>2026-05-14T09:53:57+00:00</time>
      </trkpt>
      <trkpt lat="48.79612" lon="1.915">
        <ele>111</ele>
        <time>2026-05-14T09:53:58+00:00</time>
      </trkpt>
      <trkpt lat="48.79642" lon="1.91461">
        <ele>110</ele>
        <time>2026-05-14T09:53:59+00:00</time>
      </trkpt>
      <trkpt lat="48.79645" lon="1.91423">
        <ele>107</ele>
        <time>2026-05-14T09:54:00+00:00</time>
      </trkpt>
      <trkpt lat="48.7964" lon="1.9122">
        <ele>103</ele>
        <time>2026-05-14T09:54:01+00:00</time>
      </trkpt>
      <trkpt lat="48.79693" lon="1.91228">
        <ele>107</ele>
        <time>2026-05-14T09:54:02+00:00</time>
      </trkpt>
      <trkpt lat="48.7971" lon="1.9122">
        <ele>109</ele>
        <time>2026-05-14T09:54:03+00:00</time>
      </trkpt>
      <trkpt lat="48.79727" lon="1.91116">
        <ele>110</ele>
        <time>2026-05-14T09:54:04+00:00</time>
      </trkpt>
      <trkpt lat="48.79734" lon="1.91098">
        <ele>110</ele>
        <time>2026-05-14T09:54:05+00:00</time>
      </trkpt>
      <trkpt lat="48.79747" lon="1.91085">
        <ele>111</ele>
        <time>2026-05-14T09:54:06+00:00</time>
      </trkpt>
      <trkpt lat="48.79766" lon="1.91084">
        <ele>112</ele>
        <time>2026-05-14T09:54:07+00:00</time>
      </trkpt>
      <trkpt lat="48.79799" lon="1.91095">
        <ele>115</ele>
        <time>2026-05-14T09:54:08+00:00</time>
      </trkpt>
      <trkpt lat="48.79815" lon="1.91087">
        <ele>116</ele>
        <time>2026-05-14T09:54:09+00:00</time>
      </trkpt>
      <trkpt lat="48.79825" lon="1.91108">
        <ele>117</ele>
        <time>2026-05-14T09:54:10+00:00</time>
      </trkpt>
      <trkpt lat="48.79823" lon="1.91121">
        <ele>117</ele>
        <time>2026-05-14T09:54:11+00:00</time>
      </trkpt>
      <trkpt lat="48.79831" lon="1.91136">
        <ele>118</ele>
        <time>2026-05-14T09:54:12+00:00</time>
      </trkpt>
      <trkpt lat="48.79829" lon="1.91185">
        <ele>119</ele>
        <time>2026-05-14T09:54:13+00:00</time>
      </trkpt>
      <trkpt lat="48.7984" lon="1.91239">
        <ele>121</ele>
        <time>2026-05-14T09:54:14+00:00</time>
      </trkpt>
      <trkpt lat="48.79853" lon="1.91254">
        <ele>122</ele>
        <time>2026-05-14T09:54:15+00:00</time>
      </trkpt>
      <trkpt lat="48.79951" lon="1.91287">
        <ele>129</ele>
        <time>2026-05-14T09:54:16+00:00</time>
      </trkpt>
      <trkpt lat="48.79999" lon="1.91309">
        <ele>134</ele>
        <time>2026-05-14T09:54:17+00:00</time>
      </trkpt>
      <trkpt lat="48.80061" lon="1.91329">
        <ele>143</ele>
        <time>2026-05-14T09:54:18+00:00</time>
      </trkpt>
      <trkpt lat="48.80235" lon="1.91405">
        <ele>173</ele>
        <time>2026-05-14T09:54:19+00:00</time>
      </trkpt>
      <trkpt lat="48.80269" lon="1.91478">
        <ele>174</ele>
        <time>2026-05-14T09:54:20+00:00</time>
      </trkpt>
      <trkpt lat="48.80348" lon="1.91884">
        <ele>174</ele>
        <time>2026-05-14T09:54:21+00:00</time>
      </trkpt>
      <trkpt lat="48.8042" lon="1.91781">
        <ele>172</ele>
        <time>2026-05-14T09:54:22+00:00</time>
      </trkpt>
      <trkpt lat="48.80561" lon="1.91593">
        <ele>175</ele>
        <time>2026-05-14T09:54:23+00:00</time>
      </trkpt>
      <trkpt lat="48.80637" lon="1.91487">
        <ele>175</ele>
        <time>2026-05-14T09:54:24+00:00</time>
      </trkpt>
      <trkpt lat="48.80654" lon="1.9144">
        <ele>176</ele>
        <time>2026-05-14T09:54:25+00:00</time>
      </trkpt>
      <trkpt lat="48.80671" lon="1.91365">
        <ele>177</ele>
        <time>2026-05-14T09:54:26+00:00</time>
      </trkpt>
      <trkpt lat="48.8068" lon="1.91339">
        <ele>177</ele>
        <time>2026-05-14T09:54:27+00:00</time>
      </trkpt>
      <trkpt lat="48.80713" lon="1.91277">
        <ele>177</ele>
        <time>2026-05-14T09:54:28+00:00</time>
      </trkpt>
      <trkpt lat="48.80726" lon="1.91215">
        <ele>177</ele>
        <time>2026-05-14T09:54:29+00:00</time>
      </trkpt>
      <trkpt lat="48.80731" lon="1.91211">
        <ele>177</ele>
        <time>2026-05-14T09:54:30+00:00</time>
      </trkpt>
      <trkpt lat="48.80747" lon="1.91207">
        <ele>177</ele>
        <time>2026-05-14T09:54:31+00:00</time>
      </trkpt>
      <trkpt lat="48.80754" lon="1.91202">
        <ele>177</ele>
        <time>2026-05-14T09:54:32+00:00</time>
      </trkpt>
      <trkpt lat="48.80764" lon="1.91182">
        <ele>177</ele>
        <time>2026-05-14T09:54:33+00:00</time>
      </trkpt>
      <trkpt lat="48.80784" lon="1.91066">
        <ele>176</ele>
        <time>2026-05-14T09:54:34+00:00</time>
      </trkpt>
      <trkpt lat="48.80798" lon="1.91009">
        <ele>176</ele>
        <time>2026-05-14T09:54:35+00:00</time>
      </trkpt>
      <trkpt lat="48.80804" lon="1.90957">
        <ele>174</ele>
        <time>2026-05-14T09:54:36+00:00</time>
      </trkpt>
      <trkpt lat="48.80837" lon="1.90898">
        <ele>172</ele>
        <time>2026-05-14T09:54:37+00:00</time>
      </trkpt>
      <trkpt lat="48.8093" lon="1.90808">
        <ele>173</ele>
        <time>2026-05-14T09:54:38+00:00</time>
      </trkpt>
      <trkpt lat="48.80925" lon="1.9079">
        <ele>173</ele>
        <time>2026-05-14T09:54:39+00:00</time>
      </trkpt>
      <trkpt lat="48.80924" lon="1.90773">
        <ele>173</ele>
        <time>2026-05-14T09:54:40+00:00</time>
      </trkpt>
      <trkpt lat="48.80926" lon="1.90763">
        <ele>173</ele>
        <time>2026-05-14T09:54:41+00:00</time>
      </trkpt>
      <trkpt lat="48.80938" lon="1.90735">
        <ele>172</ele>
        <time>2026-05-14T09:54:42+00:00</time>
      </trkpt>
      <trkpt lat="48.80939" lon="1.90721">
        <ele>172</ele>
        <time>2026-05-14T09:54:43+00:00</time>
      </trkpt>
      <trkpt lat="48.80936" lon="1.90712">
        <ele>172</ele>
        <time>2026-05-14T09:54:44+00:00</time>
      </trkpt>
      <trkpt lat="48.80907" lon="1.90662">
        <ele>170</ele>
        <time>2026-05-14T09:54:45+00:00</time>
      </trkpt>
      <trkpt lat="48.80887" lon="1.90615">
        <ele>166</ele>
        <time>2026-05-14T09:54:46+00:00</time>
      </trkpt>
      <trkpt lat="48.80882" lon="1.906">
        <ele>164</ele>
        <time>2026-05-14T09:54:47+00:00</time>
      </trkpt>
      <trkpt lat="48.80877" lon="1.9057">
        <ele>162</ele>
        <time>2026-05-14T09:54:48+00:00</time>
      </trkpt>
      <trkpt lat="48.80859" lon="1.90526">
        <ele>157</ele>
        <time>2026-05-14T09:54:49+00:00</time>
      </trkpt>
      <trkpt lat="48.80838" lon="1.90462">
        <ele>150</ele>
        <time>2026-05-14T09:54:50+00:00</time>
      </trkpt>
      <trkpt lat="48.80843" lon="1.90401">
        <ele>145</ele>
        <time>2026-05-14T09:54:51+00:00</time>
      </trkpt>
      <trkpt lat="48.80861" lon="1.90349">
        <ele>142</ele>
        <time>2026-05-14T09:54:52+00:00</time>
      </trkpt>
      <trkpt lat="48.80869" lon="1.90286">
        <ele>135</ele>
        <time>2026-05-14T09:54:53+00:00</time>
      </trkpt>
      <trkpt lat="48.80866" lon="1.90232">
        <ele>128</ele>
        <time>2026-05-14T09:54:54+00:00</time>
      </trkpt>
      <trkpt lat="48.80844" lon="1.90136">
        <ele>119</ele>
        <time>2026-05-14T09:54:55+00:00</time>
      </trkpt>
      <trkpt lat="48.8084" lon="1.90105">
        <ele>117</ele>
        <time>2026-05-14T09:54:56+00:00</time>
      </trkpt>
      <trkpt lat="48.80847" lon="1.90094">
        <ele>117</ele>
        <time>2026-05-14T09:54:57+00:00</time>
      </trkpt>
      <trkpt lat="48.80866" lon="1.90077">
        <ele>116</ele>
        <time>2026-05-14T09:54:58+00:00</time>
      </trkpt>
      <trkpt lat="48.80891" lon="1.90069">
        <ele>115</ele>
        <time>2026-05-14T09:54:59+00:00</time>
      </trkpt>
      <trkpt lat="48.80922" lon="1.90072">
        <ele>115</ele>
        <time>2026-05-14T09:55:00+00:00</time>
      </trkpt>
      <trkpt lat="48.80936" lon="1.90061">
        <ele>115</ele>
        <time>2026-05-14T09:55:01+00:00</time>
      </trkpt>
      <trkpt lat="48.80946" lon="1.90049">
        <ele>114</ele>
        <time>2026-05-14T09:55:02+00:00</time>
      </trkpt>
      <trkpt lat="48.80955" lon="1.90032">
        <ele>114</ele>
        <time>2026-05-14T09:55:03+00:00</time>
      </trkpt>
      <trkpt lat="48.80966" lon="1.89992">
        <ele>113</ele>
        <time>2026-05-14T09:55:04+00:00</time>
      </trkpt>
      <trkpt lat="48.80971" lon="1.899">
        <ele>112</ele>
        <time>2026-05-14T09:55:05+00:00</time>
      </trkpt>
      <trkpt lat="48.80971" lon="1.89892">
        <ele>112</ele>
        <time>2026-05-14T09:55:06+00:00</time>
      </trkpt>
      <trkpt lat="48.80965" lon="1.89882">
        <ele>112</ele>
        <time>2026-05-14T09:55:07+00:00</time>
      </trkpt>
      <trkpt lat="48.80963" lon="1.89873">
        <ele>112</ele>
        <time>2026-05-14T09:55:08+00:00</time>
      </trkpt>
      <trkpt lat="48.8096" lon="1.89814">
        <ele>111</ele>
        <time>2026-05-14T09:55:09+00:00</time>
      </trkpt>
      <trkpt lat="48.80955" lon="1.89788">
        <ele>111</ele>
        <time>2026-05-14T09:55:10+00:00</time>
      </trkpt>
      <trkpt lat="48.80908" lon="1.89634">
        <ele>109</ele>
        <time>2026-05-14T09:55:11+00:00</time>
      </trkpt>
      <trkpt lat="48.80875" lon="1.89557">
        <ele>107</ele>
        <time>2026-05-14T09:55:12+00:00</time>
      </trkpt>
      <trkpt lat="48.80865" lon="1.89511">
        <ele>106</ele>
        <time>2026-05-14T09:55:13+00:00</time>
      </trkpt>
      <trkpt lat="48.80867" lon="1.89473">
        <ele>106</ele>
        <time>2026-05-14T09:55:14+00:00</time>
      </trkpt>
      <trkpt lat="48.80879" lon="1.89402">
        <ele>108</ele>
        <time>2026-05-14T09:55:15+00:00</time>
      </trkpt>
      <trkpt lat="48.80879" lon="1.89353">
        <ele>107</ele>
        <time>2026-05-14T09:55:16+00:00</time>
      </trkpt>
      <trkpt lat="48.80894" lon="1.89152">
        <ele>105</ele>
        <time>2026-05-14T09:55:17+00:00</time>
      </trkpt>
      <trkpt lat="48.80898" lon="1.89148">
        <ele>105</ele>
        <time>2026-05-14T09:55:18+00:00</time>
      </trkpt>
      <trkpt lat="48.80908" lon="1.8915">
        <ele>106</ele>
        <time>2026-05-14T09:55:19+00:00</time>
      </trkpt>
      <trkpt lat="48.80949" lon="1.89172">
        <ele>110</ele>
        <time>2026-05-14T09:55:20+00:00</time>
      </trkpt>
      <trkpt lat="48.80969" lon="1.89189">
        <ele>112</ele>
        <time>2026-05-14T09:55:21+00:00</time>
      </trkpt>
      <trkpt lat="48.80981" lon="1.89203">
        <ele>114</ele>
        <time>2026-05-14T09:55:22+00:00</time>
      </trkpt>
      <trkpt lat="48.8101" lon="1.89227">
        <ele>117</ele>
        <time>2026-05-14T09:55:23+00:00</time>
      </trkpt>
      <trkpt lat="48.81037" lon="1.89256">
        <ele>119</ele>
        <time>2026-05-14T09:55:24+00:00</time>
      </trkpt>
      <trkpt lat="48.81074" lon="1.89289">
        <ele>121</ele>
        <time>2026-05-14T09:55:25+00:00</time>
      </trkpt>
      <trkpt lat="48.81085" lon="1.89292">
        <ele>121</ele>
        <time>2026-05-14T09:55:26+00:00</time>
      </trkpt>
      <trkpt lat="48.811" lon="1.89287">
        <ele>121</ele>
        <time>2026-05-14T09:55:27+00:00</time>
      </trkpt>
      <trkpt lat="48.81103" lon="1.89288">
        <ele>121</ele>
        <time>2026-05-14T09:55:28+00:00</time>
      </trkpt>
      <trkpt lat="48.81159" lon="1.89428">
        <ele>126</ele>
        <time>2026-05-14T09:55:29+00:00</time>
      </trkpt>
      <trkpt lat="48.81175" lon="1.8945">
        <ele>127</ele>
        <time>2026-05-14T09:55:30+00:00</time>
      </trkpt>
      <trkpt lat="48.81181" lon="1.89445">
        <ele>127</ele>
        <time>2026-05-14T09:55:31+00:00</time>
      </trkpt>
      <trkpt lat="48.81226" lon="1.89333">
        <ele>120</ele>
        <time>2026-05-14T09:55:32+00:00</time>
      </trkpt>
      <trkpt lat="48.81253" lon="1.89231">
        <ele>112</ele>
        <time>2026-05-14T09:55:33+00:00</time>
      </trkpt>
      <trkpt lat="48.81261" lon="1.89228">
        <ele>112</ele>
        <time>2026-05-14T09:55:34+00:00</time>
      </trkpt>
      <trkpt lat="48.81268" lon="1.89232">
        <ele>112</ele>
        <time>2026-05-14T09:55:35+00:00</time>
      </trkpt>
      <trkpt lat="48.81275" lon="1.89244">
        <ele>113</ele>
        <time>2026-05-14T09:55:36+00:00</time>
      </trkpt>
      <trkpt lat="48.81293" lon="1.89263">
        <ele>113</ele>
        <time>2026-05-14T09:55:37+00:00</time>
      </trkpt>
      <trkpt lat="48.81328" lon="1.89316">
        <ele>115</ele>
        <time>2026-05-14T09:55:38+00:00</time>
      </trkpt>
      <trkpt lat="48.81379" lon="1.89452">
        <ele>123</ele>
        <time>2026-05-14T09:55:39+00:00</time>
      </trkpt>
      <trkpt lat="48.81371" lon="1.89465">
        <ele>124</ele>
        <time>2026-05-14T09:55:40+00:00</time>
      </trkpt>
      <trkpt lat="48.81317" lon="1.89526">
        <ele>129</ele>
        <time>2026-05-14T09:55:41+00:00</time>
      </trkpt>
      <trkpt lat="48.81291" lon="1.89569">
        <ele>134</ele>
        <time>2026-05-14T09:55:42+00:00</time>
      </trkpt>
      <trkpt lat="48.81234" lon="1.89623">
        <ele>138</ele>
        <time>2026-05-14T09:55:43+00:00</time>
      </trkpt>
      <trkpt lat="48.81231" lon="1.89631">
        <ele>138</ele>
        <time>2026-05-14T09:55:44+00:00</time>
      </trkpt>
      <trkpt lat="48.81232" lon="1.89634">
        <ele>139</ele>
        <time>2026-05-14T09:55:45+00:00</time>
      </trkpt>
      <trkpt lat="48.81301" lon="1.89698">
        <ele>146</ele>
        <time>2026-05-14T09:55:46+00:00</time>
      </trkpt>
      <trkpt lat="48.81336" lon="1.89723">
        <ele>150</ele>
        <time>2026-05-14T09:55:47+00:00</time>
      </trkpt>
      <trkpt lat="48.81371" lon="1.89743">
        <ele>150</ele>
        <time>2026-05-14T09:55:48+00:00</time>
      </trkpt>
      <trkpt lat="48.81405" lon="1.89756">
        <ele>151</ele>
        <time>2026-05-14T09:55:49+00:00</time>
      </trkpt>
      <trkpt lat="48.81463" lon="1.89763">
        <ele>153</ele>
        <time>2026-05-14T09:55:50+00:00</time>
      </trkpt>
      <trkpt lat="48.81498" lon="1.89784">
        <ele>157</ele>
        <time>2026-05-14T09:55:51+00:00</time>
      </trkpt>
      <trkpt lat="48.81502" lon="1.89779">
        <ele>156</ele>
        <time>2026-05-14T09:55:52+00:00</time>
      </trkpt>
      <trkpt lat="48.81512" lon="1.89777">
        <ele>156</ele>
        <time>2026-05-14T09:55:53+00:00</time>
      </trkpt>
      <trkpt lat="48.81519" lon="1.89771">
        <ele>155</ele>
        <time>2026-05-14T09:55:54+00:00</time>
      </trkpt>
      <trkpt lat="48.8153" lon="1.89752">
        <ele>152</ele>
        <time>2026-05-14T09:55:55+00:00</time>
      </trkpt>
      <trkpt lat="48.81545" lon="1.89739">
        <ele>150</ele>
        <time>2026-05-14T09:55:56+00:00</time>
      </trkpt>
      <trkpt lat="48.81565" lon="1.89732">
        <ele>150</ele>
        <time>2026-05-14T09:55:57+00:00</time>
      </trkpt>
      <trkpt lat="48.81572" lon="1.89726">
        <ele>149</ele>
        <time>2026-05-14T09:55:58+00:00</time>
      </trkpt>
      <trkpt lat="48.81579" lon="1.89717">
        <ele>148</ele>
        <time>2026-05-14T09:55:59+00:00</time>
      </trkpt>
      <trkpt lat="48.81595" lon="1.89686">
        <ele>146</ele>
        <time>2026-05-14T09:56:00+00:00</time>
      </trkpt>
      <trkpt lat="48.81592" lon="1.89656">
        <ele>142</ele>
        <time>2026-05-14T09:56:01+00:00</time>
      </trkpt>
      <trkpt lat="48.81593" lon="1.89641">
        <ele>141</ele>
        <time>2026-05-14T09:56:02+00:00</time>
      </trkpt>
      <trkpt lat="48.81627" lon="1.89587">
        <ele>145</ele>
        <time>2026-05-14T09:56:03+00:00</time>
      </trkpt>
      <trkpt lat="48.81633" lon="1.89569">
        <ele>146</ele>
        <time>2026-05-14T09:56:04+00:00</time>
      </trkpt>
      <trkpt lat="48.81634" lon="1.89554">
        <ele>147</ele>
        <time>2026-05-14T09:56:05+00:00</time>
      </trkpt>
      <trkpt lat="48.81606" lon="1.8939">
        <ele>147</ele>
        <time>2026-05-14T09:56:06+00:00</time>
      </trkpt>
      <trkpt lat="48.81607" lon="1.89375">
        <ele>148</ele>
        <time>2026-05-14T09:56:07+00:00</time>
      </trkpt>
      <trkpt lat="48.81616" lon="1.89345">
        <ele>150</ele>
        <time>2026-05-14T09:56:08+00:00</time>
      </trkpt>
      <trkpt lat="48.81618" lon="1.89322">
        <ele>150</ele>
        <time>2026-05-14T09:56:09+00:00</time>
      </trkpt>
      <trkpt lat="48.81613" lon="1.89253">
        <ele>148</ele>
        <time>2026-05-14T09:56:10+00:00</time>
      </trkpt>
      <trkpt lat="48.81613" lon="1.89217">
        <ele>148</ele>
        <time>2026-05-14T09:56:11+00:00</time>
      </trkpt>
      <trkpt lat="48.81628" lon="1.8914">
        <ele>148</ele>
        <time>2026-05-14T09:56:12+00:00</time>
      </trkpt>
      <trkpt lat="48.81635" lon="1.89123">
        <ele>147</ele>
        <time>2026-05-14T09:56:13+00:00</time>
      </trkpt>
      <trkpt lat="48.81665" lon="1.89084">
        <ele>148</ele>
        <time>2026-05-14T09:56:14+00:00</time>
      </trkpt>
      <trkpt lat="48.81723" lon="1.89037">
        <ele>143</ele>
        <time>2026-05-14T09:56:15+00:00</time>
      </trkpt>
      <trkpt lat="48.81737" lon="1.89">
        <ele>138</ele>
        <time>2026-05-14T09:56:16+00:00</time>
      </trkpt>
      <trkpt lat="48.81756" lon="1.8898">
        <ele>137</ele>
        <time>2026-05-14T09:56:17+00:00</time>
      </trkpt>
      <trkpt lat="48.81765" lon="1.88967">
        <ele>135</ele>
        <time>2026-05-14T09:56:18+00:00</time>
      </trkpt>
      <trkpt lat="48.81769" lon="1.88945">
        <ele>132</ele>
        <time>2026-05-14T09:56:19+00:00</time>
      </trkpt>
      <trkpt lat="48.81763" lon="1.88911">
        <ele>129</ele>
        <time>2026-05-14T09:56:20+00:00</time>
      </trkpt>
      <trkpt lat="48.81765" lon="1.88902">
        <ele>128</ele>
        <time>2026-05-14T09:56:21+00:00</time>
      </trkpt>
      <trkpt lat="48.81836" lon="1.88898">
        <ele>129</ele>
        <time>2026-05-14T09:56:22+00:00</time>
      </trkpt>
      <trkpt lat="48.81862" lon="1.88903">
        <ele>128</ele>
        <time>2026-05-14T09:56:23+00:00</time>
      </trkpt>
      <trkpt lat="48.81893" lon="1.88913">
        <ele>128</ele>
        <time>2026-05-14T09:56:24+00:00</time>
      </trkpt>
      <trkpt lat="48.81903" lon="1.88915">
        <ele>127</ele>
        <time>2026-05-14T09:56:25+00:00</time>
      </trkpt>
      <trkpt lat="48.81905" lon="1.88913">
        <ele>127</ele>
        <time>2026-05-14T09:56:26+00:00</time>
      </trkpt>
      <trkpt lat="48.81906" lon="1.889">
        <ele>127</ele>
        <time>2026-05-14T09:56:27+00:00</time>
      </trkpt>
      <trkpt lat="48.8188" lon="1.88841">
        <ele>124</ele>
        <time>2026-05-14T09:56:28+00:00</time>
      </trkpt>
      <trkpt lat="48.81867" lon="1.8882">
        <ele>123</ele>
        <time>2026-05-14T09:56:29+00:00</time>
      </trkpt>
      <trkpt lat="48.81851" lon="1.888">
        <ele>123</ele>
        <time>2026-05-14T09:56:30+00:00</time>
      </trkpt>
      <trkpt lat="48.81881" lon="1.88755">
        <ele>119</ele>
        <time>2026-05-14T09:56:31+00:00</time>
      </trkpt>
      <trkpt lat="48.81976" lon="1.88649">
        <ele>108</ele>
        <time>2026-05-14T09:56:32+00:00</time>
      </trkpt>
      <trkpt lat="48.81982" lon="1.88638">
        <ele>107</ele>
        <time>2026-05-14T09:56:33+00:00</time>
      </trkpt>
      <trkpt lat="48.8199" lon="1.88616">
        <ele>105</ele>
        <time>2026-05-14T09:56:34+00:00</time>
      </trkpt>
      <trkpt lat="48.81996" lon="1.88584">
        <ele>103</ele>
        <time>2026-05-14T09:56:35+00:00</time>
      </trkpt>
      <trkpt lat="48.82013" lon="1.88525">
        <ele>97</ele>
        <time>2026-05-14T09:56:36+00:00</time>
      </trkpt>
      <trkpt lat="48.82034" lon="1.88421">
        <ele>90</ele>
        <time>2026-05-14T09:56:37+00:00</time>
      </trkpt>
      <trkpt lat="48.82101" lon="1.88133">
        <ele>80</ele>
        <time>2026-05-14T09:56:38+00:00</time>
      </trkpt>
      <trkpt lat="48.82109" lon="1.88105">
        <ele>79</ele>
        <time>2026-05-14T09:56:39+00:00</time>
      </trkpt>
      <trkpt lat="48.82113" lon="1.88101">
        <ele>79</ele>
        <time>2026-05-14T09:56:40+00:00</time>
      </trkpt>
      <trkpt lat="48.82116" lon="1.88102">
        <ele>79</ele>
        <time>2026-05-14T09:56:41+00:00</time>
      </trkpt>
      <trkpt lat="48.82128" lon="1.88115">
        <ele>80</ele>
        <time>2026-05-14T09:56:42+00:00</time>
      </trkpt>
      <trkpt lat="48.82139" lon="1.88143">
        <ele>81</ele>
        <time>2026-05-14T09:56:43+00:00</time>
      </trkpt>
      <trkpt lat="48.82184" lon="1.88298">
        <ele>86</ele>
        <time>2026-05-14T09:56:44+00:00</time>
      </trkpt>
      <trkpt lat="48.82196" lon="1.88355">
        <ele>88</ele>
        <time>2026-05-14T09:56:45+00:00</time>
      </trkpt>
      <trkpt lat="48.82216" lon="1.88498">
        <ele>95</ele>
        <time>2026-05-14T09:56:46+00:00</time>
      </trkpt>
      <trkpt lat="48.8222" lon="1.88511">
        <ele>96</ele>
        <time>2026-05-14T09:56:47+00:00</time>
      </trkpt>
      <trkpt lat="48.82223" lon="1.88514">
        <ele>96</ele>
        <time>2026-05-14T09:56:48+00:00</time>
      </trkpt>
      <trkpt lat="48.82232" lon="1.88514">
        <ele>96</ele>
        <time>2026-05-14T09:56:49+00:00</time>
      </trkpt>
      <trkpt lat="48.82255" lon="1.8851">
        <ele>95</ele>
        <time>2026-05-14T09:56:50+00:00</time>
      </trkpt>
      <trkpt lat="48.82339" lon="1.88484">
        <ele>92</ele>
        <time>2026-05-14T09:56:51+00:00</time>
      </trkpt>
      <trkpt lat="48.82351" lon="1.88486">
        <ele>93</ele>
        <time>2026-05-14T09:56:52+00:00</time>
      </trkpt>
      <trkpt lat="48.82383" lon="1.88522">
        <ele>94</ele>
        <time>2026-05-14T09:56:53+00:00</time>
      </trkpt>
      <trkpt lat="48.824" lon="1.88548">
        <ele>95</ele>
        <time>2026-05-14T09:56:54+00:00</time>
      </trkpt>
      <trkpt lat="48.82407" lon="1.88568">
        <ele>95</ele>
        <time>2026-05-14T09:56:55+00:00</time>
      </trkpt>
      <trkpt lat="48.82409" lon="1.88589">
        <ele>96</ele>
        <time>2026-05-14T09:56:56+00:00</time>
      </trkpt>
      <trkpt lat="48.82408" lon="1.88617">
        <ele>97</ele>
        <time>2026-05-14T09:56:57+00:00</time>
      </trkpt>
      <trkpt lat="48.8249" lon="1.88747">
        <ele>101</ele>
        <time>2026-05-14T09:56:58+00:00</time>
      </trkpt>
      <trkpt lat="48.82596" lon="1.88922">
        <ele>108</ele>
        <time>2026-05-14T09:56:59+00:00</time>
      </trkpt>
      <trkpt lat="48.82669" lon="1.8906">
        <ele>112</ele>
        <time>2026-05-14T09:57:00+00:00</time>
      </trkpt>
      <trkpt lat="48.82688" lon="1.89103">
        <ele>114</ele>
        <time>2026-05-14T09:57:01+00:00</time>
      </trkpt>
      <trkpt lat="48.82696" lon="1.89137">
        <ele>116</ele>
        <time>2026-05-14T09:57:02+00:00</time>
      </trkpt>
      <trkpt lat="48.82708" lon="1.89211">
        <ele>120</ele>
        <time>2026-05-14T09:57:03+00:00</time>
      </trkpt>
      <trkpt lat="48.82732" lon="1.89308">
        <ele>122</ele>
        <time>2026-05-14T09:57:04+00:00</time>
      </trkpt>
      <trkpt lat="48.8274" lon="1.89351">
        <ele>122</ele>
        <time>2026-05-14T09:57:05+00:00</time>
      </trkpt>
      <trkpt lat="48.82742" lon="1.89376">
        <ele>122</ele>
        <time>2026-05-14T09:57:06+00:00</time>
      </trkpt>
      <trkpt lat="48.8274" lon="1.8947">
        <ele>124</ele>
        <time>2026-05-14T09:57:07+00:00</time>
      </trkpt>
      <trkpt lat="48.82745" lon="1.89572">
        <ele>126</ele>
        <time>2026-05-14T09:57:08+00:00</time>
      </trkpt>
      <trkpt lat="48.82738" lon="1.89671">
        <ele>126</ele>
        <time>2026-05-14T09:57:09+00:00</time>
      </trkpt>
      <trkpt lat="48.82734" lon="1.89802">
        <ele>129</ele>
        <time>2026-05-14T09:57:10+00:00</time>
      </trkpt>
      <trkpt lat="48.82727" lon="1.899">
        <ele>128</ele>
        <time>2026-05-14T09:57:11+00:00</time>
      </trkpt>
      <trkpt lat="48.82725" lon="1.89975">
        <ele>128</ele>
        <time>2026-05-14T09:57:12+00:00</time>
      </trkpt>
      <trkpt lat="48.82732" lon="1.90088">
        <ele>127</ele>
        <time>2026-05-14T09:57:13+00:00</time>
      </trkpt>
      <trkpt lat="48.82732" lon="1.90203">
        <ele>127</ele>
        <time>2026-05-14T09:57:14+00:00</time>
      </trkpt>
      <trkpt lat="48.82729" lon="1.90233">
        <ele>126</ele>
        <time>2026-05-14T09:57:15+00:00</time>
      </trkpt>
      <trkpt lat="48.82716" lon="1.90276">
        <ele>127</ele>
        <time>2026-05-14T09:57:16+00:00</time>
      </trkpt>
      <trkpt lat="48.827" lon="1.90318">
        <ele>127</ele>
        <time>2026-05-14T09:57:17+00:00</time>
      </trkpt>
      <trkpt lat="48.82649" lon="1.90431">
        <ele>129</ele>
        <time>2026-05-14T09:57:18+00:00</time>
      </trkpt>
      <trkpt lat="48.82611" lon="1.90508">
        <ele>129</ele>
        <time>2026-05-14T09:57:19+00:00</time>
      </trkpt>
      <trkpt lat="48.82556" lon="1.90633">
        <ele>131</ele>
        <time>2026-05-14T09:57:20+00:00</time>
      </trkpt>
      <trkpt lat="48.82536" lon="1.90668">
        <ele>133</ele>
        <time>2026-05-14T09:57:21+00:00</time>
      </trkpt>
      <trkpt lat="48.82498" lon="1.90707">
        <ele>137</ele>
        <time>2026-05-14T09:57:22+00:00</time>
      </trkpt>
      <trkpt lat="48.8248" lon="1.90734">
        <ele>138</ele>
        <time>2026-05-14T09:57:23+00:00</time>
      </trkpt>
      <trkpt lat="48.82459" lon="1.90813">
        <ele>136</ele>
        <time>2026-05-14T09:57:24+00:00</time>
      </trkpt>
      <trkpt lat="48.82436" lon="1.90887">
        <ele>136</ele>
        <time>2026-05-14T09:57:25+00:00</time>
      </trkpt>
      <trkpt lat="48.82405" lon="1.91012">
        <ele>132</ele>
        <time>2026-05-14T09:57:26+00:00</time>
      </trkpt>
      <trkpt lat="48.82397" lon="1.91063">
        <ele>130</ele>
        <time>2026-05-14T09:57:27+00:00</time>
      </trkpt>
      <trkpt lat="48.82391" lon="1.91133">
        <ele>129</ele>
        <time>2026-05-14T09:57:28+00:00</time>
      </trkpt>
      <trkpt lat="48.82374" lon="1.91211">
        <ele>130</ele>
        <time>2026-05-14T09:57:29+00:00</time>
      </trkpt>
      <trkpt lat="48.82364" lon="1.91297">
        <ele>129</ele>
        <time>2026-05-14T09:57:30+00:00</time>
      </trkpt>
      <trkpt lat="48.82341" lon="1.9143">
        <ele>132</ele>
        <time>2026-05-14T09:57:31+00:00</time>
      </trkpt>
      <trkpt lat="48.82267" lon="1.91617">
        <ele>129</ele>
        <time>2026-05-14T09:57:32+00:00</time>
      </trkpt>
      <trkpt lat="48.82245" lon="1.91683">
        <ele>128</ele>
        <time>2026-05-14T09:57:33+00:00</time>
      </trkpt>
      <trkpt lat="48.82234" lon="1.91708">
        <ele>129</ele>
        <time>2026-05-14T09:57:34+00:00</time>
      </trkpt>
      <trkpt lat="48.82221" lon="1.91735">
        <ele>129</ele>
        <time>2026-05-14T09:57:35+00:00</time>
      </trkpt>
      <trkpt lat="48.82165" lon="1.91821">
        <ele>134</ele>
        <time>2026-05-14T09:57:36+00:00</time>
      </trkpt>
      <trkpt lat="48.82161" lon="1.91835">
        <ele>135</ele>
        <time>2026-05-14T09:57:37+00:00</time>
      </trkpt>
      <trkpt lat="48.82154" lon="1.9187">
        <ele>135</ele>
        <time>2026-05-14T09:57:38+00:00</time>
      </trkpt>
      <trkpt lat="48.82153" lon="1.91912">
        <ele>135</ele>
        <time>2026-05-14T09:57:39+00:00</time>
      </trkpt>
      <trkpt lat="48.82166" lon="1.92006">
        <ele>132</ele>
        <time>2026-05-14T09:57:40+00:00</time>
      </trkpt>
      <trkpt lat="48.82181" lon="1.92073">
        <ele>130</ele>
        <time>2026-05-14T09:57:41+00:00</time>
      </trkpt>
      <trkpt lat="48.82185" lon="1.92111">
        <ele>129</ele>
        <time>2026-05-14T09:57:42+00:00</time>
      </trkpt>
      <trkpt lat="48.82185" lon="1.92137">
        <ele>129</ele>
        <time>2026-05-14T09:57:43+00:00</time>
      </trkpt>
      <trkpt lat="48.82181" lon="1.92222">
        <ele>129</ele>
        <time>2026-05-14T09:57:44+00:00</time>
      </trkpt>
      <trkpt lat="48.8216" lon="1.92379">
        <ele>128</ele>
        <time>2026-05-14T09:57:45+00:00</time>
      </trkpt>
      <trkpt lat="48.8214" lon="1.92554">
        <ele>130</ele>
        <time>2026-05-14T09:57:46+00:00</time>
      </trkpt>
      <trkpt lat="48.82141" lon="1.92569">
        <ele>130</ele>
        <time>2026-05-14T09:57:47+00:00</time>
      </trkpt>
      <trkpt lat="48.82136" lon="1.92594">
        <ele>131</ele>
        <time>2026-05-14T09:57:48+00:00</time>
      </trkpt>
      <trkpt lat="48.82138" lon="1.92608">
        <ele>131</ele>
        <time>2026-05-14T09:57:49+00:00</time>
      </trkpt>
      <trkpt lat="48.82134" lon="1.92684">
        <ele>132</ele>
        <time>2026-05-14T09:57:50+00:00</time>
      </trkpt>
      <trkpt lat="48.82128" lon="1.92713">
        <ele>132</ele>
        <time>2026-05-14T09:57:51+00:00</time>
      </trkpt>
      <trkpt lat="48.82123" lon="1.92717">
        <ele>132</ele>
        <time>2026-05-14T09:57:52+00:00</time>
      </trkpt>
      <trkpt lat="48.82114" lon="1.92711">
        <ele>133</ele>
        <time>2026-05-14T09:57:53+00:00</time>
      </trkpt>
      <trkpt lat="48.82096" lon="1.92704">
        <ele>134</ele>
        <time>2026-05-14T09:57:54+00:00</time>
      </trkpt>
      <trkpt lat="48.82069" lon="1.92698">
        <ele>136</ele>
        <time>2026-05-14T09:57:55+00:00</time>
      </trkpt>
      <trkpt lat="48.81994" lon="1.92728">
        <ele>142</ele>
        <time>2026-05-14T09:57:56+00:00</time>
      </trkpt>
      <trkpt lat="48.81962" lon="1.92732">
        <ele>145</ele>
        <time>2026-05-14T09:57:57+00:00</time>
      </trkpt>
      <trkpt lat="48.81903" lon="1.92726">
        <ele>150</ele>
        <time>2026-05-14T09:57:58+00:00</time>
      </trkpt>
      <trkpt lat="48.8184" lon="1.92704">
        <ele>154</ele>
        <time>2026-05-14T09:57:59+00:00</time>
      </trkpt>
      <trkpt lat="48.81835" lon="1.92706">
        <ele>154</ele>
        <time>2026-05-14T09:58:00+00:00</time>
      </trkpt>
      <trkpt lat="48.81821" lon="1.9279">
        <ele>151</ele>
        <time>2026-05-14T09:58:01+00:00</time>
      </trkpt>
      <trkpt lat="48.81813" lon="1.92821">
        <ele>149</ele>
        <time>2026-05-14T09:58:02+00:00</time>
      </trkpt>
      <trkpt lat="48.81799" lon="1.9285">
        <ele>147</ele>
        <time>2026-05-14T09:58:03+00:00</time>
      </trkpt>
      <trkpt lat="48.81796" lon="1.92865">
        <ele>146</ele>
        <time>2026-05-14T09:58:04+00:00</time>
      </trkpt>
      <trkpt lat="48.81786" lon="1.92872">
        <ele>146</ele>
        <time>2026-05-14T09:58:05+00:00</time>
      </trkpt>
      <trkpt lat="48.81779" lon="1.92897">
        <ele>144</ele>
        <time>2026-05-14T09:58:06+00:00</time>
      </trkpt>
      <trkpt lat="48.81753" lon="1.92965">
        <ele>139</ele>
        <time>2026-05-14T09:58:07+00:00</time>
      </trkpt>
      <trkpt lat="48.81736" lon="1.92974">
        <ele>138</ele>
        <time>2026-05-14T09:58:08+00:00</time>
      </trkpt>
      <trkpt lat="48.8169" lon="1.92984">
        <ele>136</ele>
        <time>2026-05-14T09:58:09+00:00</time>
      </trkpt>
      <trkpt lat="48.81674" lon="1.92992">
        <ele>135</ele>
        <time>2026-05-14T09:58:10+00:00</time>
      </trkpt>
      <trkpt lat="48.81651" lon="1.92999">
        <ele>138</ele>
        <time>2026-05-14T09:58:11+00:00</time>
      </trkpt>
      <trkpt lat="48.8163" lon="1.9301">
        <ele>142</ele>
        <time>2026-05-14T09:58:12+00:00</time>
      </trkpt>
      <trkpt lat="48.81612" lon="1.93023">
        <ele>145</ele>
        <time>2026-05-14T09:58:13+00:00</time>
      </trkpt>
      <trkpt lat="48.81608" lon="1.93019">
        <ele>146</ele>
        <time>2026-05-14T09:58:14+00:00</time>
      </trkpt>
      <trkpt lat="48.81589" lon="1.93036">
        <ele>149</ele>
        <time>2026-05-14T09:58:15+00:00</time>
      </trkpt>
      <trkpt lat="48.81579" lon="1.93051">
        <ele>150</ele>
        <time>2026-05-14T09:58:16+00:00</time>
      </trkpt>
      <trkpt lat="48.81563" lon="1.93057">
        <ele>152</ele>
        <time>2026-05-14T09:58:17+00:00</time>
      </trkpt>
      <trkpt lat="48.81545" lon="1.93056">
        <ele>153</ele>
        <time>2026-05-14T09:58:18+00:00</time>
      </trkpt>
      <trkpt lat="48.81496" lon="1.93038">
        <ele>158</ele>
        <time>2026-05-14T09:58:19+00:00</time>
      </trkpt>
      <trkpt lat="48.81474" lon="1.93027">
        <ele>159</ele>
        <time>2026-05-14T09:58:20+00:00</time>
      </trkpt>
      <trkpt lat="48.81459" lon="1.93015">
        <ele>159</ele>
        <time>2026-05-14T09:58:21+00:00</time>
      </trkpt>
      <trkpt lat="48.81405" lon="1.92962">
        <ele>161</ele>
        <time>2026-05-14T09:58:22+00:00</time>
      </trkpt>
      <trkpt lat="48.81351" lon="1.9292">
        <ele>161</ele>
        <time>2026-05-14T09:58:23+00:00</time>
      </trkpt>
      <trkpt lat="48.81333" lon="1.92902">
        <ele>161</ele>
        <time>2026-05-14T09:58:24+00:00</time>
      </trkpt>
      <trkpt lat="48.8132" lon="1.92882">
        <ele>162</ele>
        <time>2026-05-14T09:58:25+00:00</time>
      </trkpt>
      <trkpt lat="48.813" lon="1.92864">
        <ele>162</ele>
        <time>2026-05-14T09:58:26+00:00</time>
      </trkpt>
      <trkpt lat="48.81295" lon="1.92991">
        <ele>160</ele>
        <time>2026-05-14T09:58:27+00:00</time>
      </trkpt>
      <trkpt lat="48.81318" lon="1.93101">
        <ele>158</ele>
        <time>2026-05-14T09:58:28+00:00</time>
      </trkpt>
      <trkpt lat="48.81321" lon="1.93263">
        <ele>154</ele>
        <time>2026-05-14T09:58:29+00:00</time>
      </trkpt>
      <trkpt lat="48.81345" lon="1.93361">
        <ele>152</ele>
        <time>2026-05-14T09:58:30+00:00</time>
      </trkpt>
      <trkpt lat="48.81416" lon="1.93474">
        <ele>147</ele>
        <time>2026-05-14T09:58:31+00:00</time>
      </trkpt>
      <trkpt lat="48.81401" lon="1.93512">
        <ele>144</ele>
        <time>2026-05-14T09:58:32+00:00</time>
      </trkpt>
      <trkpt lat="48.81352" lon="1.93556">
        <ele>138</ele>
        <time>2026-05-14T09:58:33+00:00</time>
      </trkpt>
      <trkpt lat="48.81334" lon="1.93576">
        <ele>135</ele>
        <time>2026-05-14T09:58:34+00:00</time>
      </trkpt>
      <trkpt lat="48.81309" lon="1.93648">
        <ele>132</ele>
        <time>2026-05-14T09:58:35+00:00</time>
      </trkpt>
      <trkpt lat="48.81335" lon="1.9375">
        <ele>138</ele>
        <time>2026-05-14T09:58:36+00:00</time>
      </trkpt>
      <trkpt lat="48.81327" lon="1.93804">
        <ele>140</ele>
        <time>2026-05-14T09:58:37+00:00</time>
      </trkpt>
      <trkpt lat="48.81298" lon="1.93864">
        <ele>143</ele>
        <time>2026-05-14T09:58:38+00:00</time>
      </trkpt>
      <trkpt lat="48.81186" lon="1.94267">
        <ele>142</ele>
        <time>2026-05-14T09:58:39+00:00</time>
      </trkpt>
      <trkpt lat="48.81201" lon="1.94296">
        <ele>140</ele>
        <time>2026-05-14T09:58:40+00:00</time>
      </trkpt>
      <trkpt lat="48.81379" lon="1.94397">
        <ele>120</ele>
        <time>2026-05-14T09:58:41+00:00</time>
      </trkpt>
      <trkpt lat="48.81424" lon="1.94407">
        <ele>118</ele>
        <time>2026-05-14T09:58:42+00:00</time>
      </trkpt>
      <trkpt lat="48.81422" lon="1.94633">
        <ele>118</ele>
        <time>2026-05-14T09:58:43+00:00</time>
      </trkpt>
      <trkpt lat="48.8142" lon="1.94646">
        <ele>118</ele>
        <time>2026-05-14T09:58:44+00:00</time>
      </trkpt>
      <trkpt lat="48.8146" lon="1.94673">
        <ele>117</ele>
        <time>2026-05-14T09:58:45+00:00</time>
      </trkpt>
      <trkpt lat="48.8148" lon="1.94691">
        <ele>117</ele>
        <time>2026-05-14T09:58:46+00:00</time>
      </trkpt>
      <trkpt lat="48.81506" lon="1.94728">
        <ele>116</ele>
        <time>2026-05-14T09:58:47+00:00</time>
      </trkpt>
      <trkpt lat="48.81529" lon="1.94747">
        <ele>115</ele>
        <time>2026-05-14T09:58:48+00:00</time>
      </trkpt>
      <trkpt lat="48.81563" lon="1.94765">
        <ele>115</ele>
        <time>2026-05-14T09:58:49+00:00</time>
      </trkpt>
      <trkpt lat="48.81587" lon="1.9477">
        <ele>115</ele>
        <time>2026-05-14T09:58:50+00:00</time>
      </trkpt>
      <trkpt lat="48.81613" lon="1.94784">
        <ele>114</ele>
        <time>2026-05-14T09:58:51+00:00</time>
      </trkpt>
      <trkpt lat="48.81641" lon="1.94808">
        <ele>113</ele>
        <time>2026-05-14T09:58:52+00:00</time>
      </trkpt>
      <trkpt lat="48.8165" lon="1.94832">
        <ele>113</ele>
        <time>2026-05-14T09:58:53+00:00</time>
      </trkpt>
      <trkpt lat="48.81673" lon="1.94845">
        <ele>112</ele>
        <time>2026-05-14T09:58:54+00:00</time>
      </trkpt>
      <trkpt lat="48.81669" lon="1.94856">
        <ele>112</ele>
        <time>2026-05-14T09:58:55+00:00</time>
      </trkpt>
      <trkpt lat="48.81664" lon="1.94897">
        <ele>111</ele>
        <time>2026-05-14T09:58:56+00:00</time>
      </trkpt>
      <trkpt lat="48.81666" lon="1.95031">
        <ele>110</ele>
        <time>2026-05-14T09:58:57+00:00</time>
      </trkpt>
      <trkpt lat="48.81662" lon="1.95051">
        <ele>110</ele>
        <time>2026-05-14T09:58:58+00:00</time>
      </trkpt>
      <trkpt lat="48.81731" lon="1.95091">
        <ele>110</ele>
        <time>2026-05-14T09:58:59+00:00</time>
      </trkpt>
      <trkpt lat="48.81635" lon="1.95521">
        <ele>113</ele>
        <time>2026-05-14T09:59:00+00:00</time>
      </trkpt>
      <trkpt lat="48.81612" lon="1.95767">
        <ele>118</ele>
        <time>2026-05-14T09:59:01+00:00</time>
      </trkpt>
      <trkpt lat="48.81586" lon="1.95773">
        <ele>118</ele>
        <time>2026-05-14T09:59:02+00:00</time>
      </trkpt>
      <trkpt lat="48.8156" lon="1.95768">
        <ele>118</ele>
        <time>2026-05-14T09:59:03+00:00</time>
      </trkpt>
      <trkpt lat="48.81531" lon="1.95792">
        <ele>120</ele>
        <time>2026-05-14T09:59:04+00:00</time>
      </trkpt>
      <trkpt lat="48.81442" lon="1.95876">
        <ele>123</ele>
        <time>2026-05-14T09:59:05+00:00</time>
      </trkpt>
      <trkpt lat="48.81407" lon="1.95874">
        <ele>123</ele>
        <time>2026-05-14T09:59:06+00:00</time>
      </trkpt>
      <trkpt lat="48.81381" lon="1.9588">
        <ele>123</ele>
        <time>2026-05-14T09:59:07+00:00</time>
      </trkpt>
      <trkpt lat="48.8138" lon="1.959">
        <ele>123</ele>
        <time>2026-05-14T09:59:08+00:00</time>
      </trkpt>
      <trkpt lat="48.81361" lon="1.95908">
        <ele>123</ele>
        <time>2026-05-14T09:59:09+00:00</time>
      </trkpt>
      <trkpt lat="48.81357" lon="1.95922">
        <ele>124</ele>
        <time>2026-05-14T09:59:10+00:00</time>
      </trkpt>
      <trkpt lat="48.8137" lon="1.95968">
        <ele>126</ele>
        <time>2026-05-14T09:59:11+00:00</time>
      </trkpt>
      <trkpt lat="48.8138" lon="1.96022">
        <ele>132</ele>
        <time>2026-05-14T09:59:12+00:00</time>
      </trkpt>
      <trkpt lat="48.81363" lon="1.96039">
        <ele>134</ele>
        <time>2026-05-14T09:59:13+00:00</time>
      </trkpt>
      <trkpt lat="48.81288" lon="1.96073">
        <ele>134</ele>
        <time>2026-05-14T09:59:14+00:00</time>
      </trkpt>
      <trkpt lat="48.81218" lon="1.96086">
        <ele>131</ele>
        <time>2026-05-14T09:59:15+00:00</time>
      </trkpt>
      <trkpt lat="48.81172" lon="1.96091">
        <ele>129</ele>
        <time>2026-05-14T09:59:16+00:00</time>
      </trkpt>
      <trkpt lat="48.81175" lon="1.9612">
        <ele>131</ele>
        <time>2026-05-14T09:59:17+00:00</time>
      </trkpt>
      <trkpt lat="48.81166" lon="1.96166">
        <ele>132</ele>
        <time>2026-05-14T09:59:18+00:00</time>
      </trkpt>
      <trkpt lat="48.81151" lon="1.96212">
        <ele>133</ele>
        <time>2026-05-14T09:59:19+00:00</time>
      </trkpt>
      <trkpt lat="48.81134" lon="1.96244">
        <ele>133</ele>
        <time>2026-05-14T09:59:20+00:00</time>
      </trkpt>
      <trkpt lat="48.81125" lon="1.96287">
        <ele>134</ele>
        <time>2026-05-14T09:59:21+00:00</time>
      </trkpt>
      <trkpt lat="48.81143" lon="1.96402">
        <ele>136</ele>
        <time>2026-05-14T09:59:22+00:00</time>
      </trkpt>
      <trkpt lat="48.81185" lon="1.96609">
        <ele>134</ele>
        <time>2026-05-14T09:59:23+00:00</time>
      </trkpt>
      <trkpt lat="48.81188" lon="1.96702">
        <ele>135</ele>
        <time>2026-05-14T09:59:24+00:00</time>
      </trkpt>
      <trkpt lat="48.81165" lon="1.9679">
        <ele>134</ele>
        <time>2026-05-14T09:59:25+00:00</time>
      </trkpt>
      <trkpt lat="48.81166" lon="1.96815">
        <ele>135</ele>
        <time>2026-05-14T09:59:26+00:00</time>
      </trkpt>
      <trkpt lat="48.81162" lon="1.96852">
        <ele>138</ele>
        <time>2026-05-14T09:59:27+00:00</time>
      </trkpt>
      <trkpt lat="48.81151" lon="1.96855">
        <ele>138</ele>
        <time>2026-05-14T09:59:28+00:00</time>
      </trkpt>
      <trkpt lat="48.81106" lon="1.96878">
        <ele>139</ele>
        <time>2026-05-14T09:59:29+00:00</time>
      </trkpt>
      <trkpt lat="48.81061" lon="1.96911">
        <ele>139</ele>
        <time>2026-05-14T09:59:30+00:00</time>
      </trkpt>
      <trkpt lat="48.81004" lon="1.96939">
        <ele>139</ele>
        <time>2026-05-14T09:59:31+00:00</time>
      </trkpt>
      <trkpt lat="48.8094" lon="1.96986">
        <ele>140</ele>
        <time>2026-05-14T09:59:32+00:00</time>
      </trkpt>
      <trkpt lat="48.80892" lon="1.97018">
        <ele>140</ele>
        <time>2026-05-14T09:59:33+00:00</time>
      </trkpt>
      <trkpt lat="48.80811" lon="1.97054">
        <ele>139</ele>
        <time>2026-05-14T09:59:34+00:00</time>
      </trkpt>
      <trkpt lat="48.80738" lon="1.97109">
        <ele>139</ele>
        <time>2026-05-14T09:59:35+00:00</time>
      </trkpt>
      <trkpt lat="48.80794" lon="1.97189">
        <ele>147</ele>
        <time>2026-05-14T09:59:36+00:00</time>
      </trkpt>
      <trkpt lat="48.80838" lon="1.97267">
        <ele>153</ele>
        <time>2026-05-14T09:59:37+00:00</time>
      </trkpt>
      <trkpt lat="48.80975" lon="1.97335">
        <ele>166</ele>
        <time>2026-05-14T09:59:38+00:00</time>
      </trkpt>
      <trkpt lat="48.81067" lon="1.9735">
        <ele>173</ele>
        <time>2026-05-14T09:59:39+00:00</time>
      </trkpt>
      <trkpt lat="48.81247" lon="1.9745">
        <ele>178</ele>
        <time>2026-05-14T09:59:40+00:00</time>
      </trkpt>
      <trkpt lat="48.81202" lon="1.97565">
        <ele>177</ele>
        <time>2026-05-14T09:59:41+00:00</time>
      </trkpt>
      <trkpt lat="48.80998" lon="1.98058">
        <ele>172</ele>
        <time>2026-05-14T09:59:42+00:00</time>
      </trkpt>
      <trkpt lat="48.80878" lon="1.98337">
        <ele>173</ele>
        <time>2026-05-14T09:59:43+00:00</time>
      </trkpt>
      <trkpt lat="48.80859" lon="1.98505">
        <ele>175</ele>
        <time>2026-05-14T09:59:44+00:00</time>
      </trkpt>
      <trkpt lat="48.80581" lon="1.98764">
        <ele>171</ele>
        <time>2026-05-14T09:59:45+00:00</time>
      </trkpt>
      <trkpt lat="48.80512" lon="1.98845">
        <ele>169</ele>
        <time>2026-05-14T09:59:46+00:00</time>
      </trkpt>
      <trkpt lat="48.80421" lon="1.98871">
        <ele>171</ele>
        <time>2026-05-14T09:59:47+00:00</time>
      </trkpt>
      <trkpt lat="48.80372" lon="1.98901">
        <ele>169</ele>
        <time>2026-05-14T09:59:48+00:00</time>
      </trkpt>
      <trkpt lat="48.80387" lon="1.99073">
        <ele>168</ele>
        <time>2026-05-14T09:59:49+00:00</time>
      </trkpt>
      <trkpt lat="48.80321" lon="1.99384">
        <ele>170</ele>
        <time>2026-05-14T09:59:50+00:00</time>
      </trkpt>
      <trkpt lat="48.80321" lon="1.99455">
        <ele>175</ele>
        <time>2026-05-14T09:59:51+00:00</time>
      </trkpt>
      <trkpt lat="48.80301" lon="1.99705">
        <ele>175</ele>
        <time>2026-05-14T09:59:52+00:00</time>
      </trkpt>
      <trkpt lat="48.80647" lon="1.99807">
        <ele>173</ele>
        <time>2026-05-14T09:59:53+00:00</time>
      </trkpt>
      <trkpt lat="48.80579" lon="2.00028">
        <ele>176</ele>
        <time>2026-05-14T09:59:54+00:00</time>
      </trkpt>
      <trkpt lat="48.80563" lon="2.00108">
        <ele>172</ele>
        <time>2026-05-14T09:59:55+00:00</time>
      </trkpt>
      <trkpt lat="48.80498" lon="2.0011">
        <ele>172</ele>
        <time>2026-05-14T09:59:56+00:00</time>
      </trkpt>
      <trkpt lat="48.80451" lon="2.00277">
        <ele>165</ele>
        <time>2026-05-14T09:59:57+00:00</time>
      </trkpt>
      <trkpt lat="48.80387" lon="2.00483">
        <ele>166</ele>
        <time>2026-05-14T09:59:58+00:00</time>
      </trkpt>
      <trkpt lat="48.80393" lon="2.00501">
        <ele>166</ele>
        <time>2026-05-14T09:59:59+00:00</time>
      </trkpt>
      <trkpt lat="48.80426" lon="2.00513">
        <ele>166</ele>
        <time>2026-05-14T10:00:00+00:00</time>
      </trkpt>
      <trkpt lat="48.80376" lon="2.00676">
        <ele>164</ele>
        <time>2026-05-14T10:00:01+00:00</time>
      </trkpt>
      <trkpt lat="48.80256" lon="2.01112">
        <ele>165</ele>
        <time>2026-05-14T10:00:02+00:00</time>
      </trkpt>
      <trkpt lat="48.80221" lon="2.01108">
        <ele>165</ele>
        <time>2026-05-14T10:00:03+00:00</time>
      </trkpt>
      <trkpt lat="48.8022" lon="2.01119">
        <ele>165</ele>
        <time>2026-05-14T10:00:04+00:00</time>
      </trkpt>
      <trkpt lat="48.80111" lon="2.011">
        <ele>165</ele>
        <time>2026-05-14T10:00:05+00:00</time>
      </trkpt>
      <trkpt lat="48.80105" lon="2.01104">
        <ele>165</ele>
        <time>2026-05-14T10:00:06+00:00</time>
      </trkpt>
      <trkpt lat="48.80089" lon="2.01124">
        <ele>165</ele>
        <time>2026-05-14T10:00:07+00:00</time>
      </trkpt>
      <trkpt lat="48.80086" lon="2.01135">
        <ele>166</ele>
        <time>2026-05-14T10:00:08+00:00</time>
      </trkpt>
      <trkpt lat="48.80076" lon="2.01133">
        <ele>166</ele>
        <time>2026-05-14T10:00:09+00:00</time>
      </trkpt>
      <trkpt lat="48.80072" lon="2.01117">
        <ele>166</ele>
        <time>2026-05-14T10:00:10+00:00</time>
      </trkpt>
      <trkpt lat="48.80062" lon="2.01099">
        <ele>166</ele>
        <time>2026-05-14T10:00:11+00:00</time>
      </trkpt>
      <trkpt lat="48.80056" lon="2.01101">
        <ele>166</ele>
        <time>2026-05-14T10:00:12+00:00</time>
      </trkpt>
      <trkpt lat="48.79931" lon="2.0108">
        <ele>169</ele>
        <time>2026-05-14T10:00:13+00:00</time>
      </trkpt>
      <trkpt lat="48.79911" lon="2.01097">
        <ele>169</ele>
        <time>2026-05-14T10:00:14+00:00</time>
      </trkpt>
      <trkpt lat="48.79895" lon="2.011">
        <ele>169</ele>
        <time>2026-05-14T10:00:15+00:00</time>
      </trkpt>
      <trkpt lat="48.79886" lon="2.01096">
        <ele>169</ele>
        <time>2026-05-14T10:00:16+00:00</time>
      </trkpt>
      <trkpt lat="48.79881" lon="2.01091">
        <ele>169</ele>
        <time>2026-05-14T10:00:17+00:00</time>
      </trkpt>
      <trkpt lat="48.79868" lon="2.01068">
        <ele>170</ele>
        <time>2026-05-14T10:00:18+00:00</time>
      </trkpt>
      <trkpt lat="48.79864" lon="2.01065">
        <ele>170</ele>
        <time>2026-05-14T10:00:19+00:00</time>
      </trkpt>
      <trkpt lat="48.79835" lon="2.01056">
        <ele>170</ele>
        <time>2026-05-14T10:00:20+00:00</time>
      </trkpt>
      <trkpt lat="48.79823" lon="2.01049">
        <ele>171</ele>
        <time>2026-05-14T10:00:21+00:00</time>
      </trkpt>
      <trkpt lat="48.79756" lon="2.01036">
        <ele>173</ele>
        <time>2026-05-14T10:00:22+00:00</time>
      </trkpt>
      <trkpt lat="48.79743" lon="2.01041">
        <ele>173</ele>
        <time>2026-05-14T10:00:23+00:00</time>
      </trkpt>
      <trkpt lat="48.79729" lon="2.01043">
        <ele>173</ele>
        <time>2026-05-14T10:00:24+00:00</time>
      </trkpt>
      <trkpt lat="48.79719" lon="2.01055">
        <ele>172</ele>
        <time>2026-05-14T10:00:25+00:00</time>
      </trkpt>
      <trkpt lat="48.79702" lon="2.01064">
        <ele>172</ele>
        <time>2026-05-14T10:00:26+00:00</time>
      </trkpt>
      <trkpt lat="48.79698" lon="2.01071">
        <ele>172</ele>
        <time>2026-05-14T10:00:27+00:00</time>
      </trkpt>
      <trkpt lat="48.79697" lon="2.01082">
        <ele>172</ele>
        <time>2026-05-14T10:00:28+00:00</time>
      </trkpt>
      <trkpt lat="48.797" lon="2.011">
        <ele>172</ele>
        <time>2026-05-14T10:00:29+00:00</time>
      </trkpt>
      <trkpt lat="48.79728" lon="2.01223">
        <ele>172</ele>
        <time>2026-05-14T10:00:30+00:00</time>
      </trkpt>
      <trkpt lat="48.79725" lon="2.01234">
        <ele>171</ele>
        <time>2026-05-14T10:00:31+00:00</time>
      </trkpt>
      <trkpt lat="48.7973" lon="2.01267">
        <ele>171</ele>
        <time>2026-05-14T10:00:32+00:00</time>
      </trkpt>
      <trkpt lat="48.7973" lon="2.01301">
        <ele>170</ele>
        <time>2026-05-14T10:00:33+00:00</time>
      </trkpt>
      <trkpt lat="48.79722" lon="2.01503">
        <ele>171</ele>
        <time>2026-05-14T10:00:34+00:00</time>
      </trkpt>
      <trkpt lat="48.79714" lon="2.01636">
        <ele>170</ele>
        <time>2026-05-14T10:00:35+00:00</time>
      </trkpt>
      <trkpt lat="48.79667" lon="2.02134">
        <ele>171</ele>
        <time>2026-05-14T10:00:36+00:00</time>
      </trkpt>
      <trkpt lat="48.7966" lon="2.0225">
        <ele>170</ele>
        <time>2026-05-14T10:00:37+00:00</time>
      </trkpt>
      <trkpt lat="48.7966" lon="2.02326">
        <ele>169</ele>
        <time>2026-05-14T10:00:38+00:00</time>
      </trkpt>
      <trkpt lat="48.7965" lon="2.02465">
        <ele>169</ele>
        <time>2026-05-14T10:00:39+00:00</time>
      </trkpt>
      <trkpt lat="48.79628" lon="2.02518">
        <ele>168</ele>
        <time>2026-05-14T10:00:40+00:00</time>
      </trkpt>
      <trkpt lat="48.79586" lon="2.02587">
        <ele>169</ele>
        <time>2026-05-14T10:00:41+00:00</time>
      </trkpt>
      <trkpt lat="48.79563" lon="2.02616">
        <ele>168</ele>
        <time>2026-05-14T10:00:42+00:00</time>
      </trkpt>
      <trkpt lat="48.79556" lon="2.02619">
        <ele>168</ele>
        <time>2026-05-14T10:00:43+00:00</time>
      </trkpt>
      <trkpt lat="48.7953" lon="2.02617">
        <ele>168</ele>
        <time>2026-05-14T10:00:44+00:00</time>
      </trkpt>
      <trkpt lat="48.79168" lon="2.02355">
        <ele>165</ele>
        <time>2026-05-14T10:00:45+00:00</time>
      </trkpt>
      <trkpt lat="48.79041" lon="2.02243">
        <ele>165</ele>
        <time>2026-05-14T10:00:46+00:00</time>
      </trkpt>
      <trkpt lat="48.79031" lon="2.02285">
        <ele>166</ele>
        <time>2026-05-14T10:00:47+00:00</time>
      </trkpt>
      <trkpt lat="48.79027" lon="2.02313">
        <ele>167</ele>
        <time>2026-05-14T10:00:48+00:00</time>
      </trkpt>
      <trkpt lat="48.79011" lon="2.02347">
        <ele>168</ele>
        <time>2026-05-14T10:00:49+00:00</time>
      </trkpt>
      <trkpt lat="48.79" lon="2.02377">
        <ele>168</ele>
        <time>2026-05-14T10:00:50+00:00</time>
      </trkpt>
      <trkpt lat="48.78991" lon="2.02395">
        <ele>167</ele>
        <time>2026-05-14T10:00:51+00:00</time>
      </trkpt>
      <trkpt lat="48.78979" lon="2.02408">
        <ele>167</ele>
        <time>2026-05-14T10:00:52+00:00</time>
      </trkpt>
      <trkpt lat="48.7896" lon="2.02422">
        <ele>166</ele>
        <time>2026-05-14T10:00:53+00:00</time>
      </trkpt>
      <trkpt lat="48.78946" lon="2.02451">
        <ele>166</ele>
        <time>2026-05-14T10:00:54+00:00</time>
      </trkpt>
      <trkpt lat="48.78939" lon="2.02588">
        <ele>168</ele>
        <time>2026-05-14T10:00:55+00:00</time>
      </trkpt>
      <trkpt lat="48.78941" lon="2.02613">
        <ele>167</ele>
        <time>2026-05-14T10:00:56+00:00</time>
      </trkpt>
      <trkpt lat="48.78953" lon="2.02637">
        <ele>167</ele>
        <time>2026-05-14T10:00:57+00:00</time>
      </trkpt>
      <trkpt lat="48.78952" lon="2.02657">
        <ele>167</ele>
        <time>2026-05-14T10:00:58+00:00</time>
      </trkpt>
      <trkpt lat="48.7894" lon="2.02695">
        <ele>165</ele>
        <time>2026-05-14T10:00:59+00:00</time>
      </trkpt>
      <trkpt lat="48.78928" lon="2.02767">
        <ele>163</ele>
        <time>2026-05-14T10:01:00+00:00</time>
      </trkpt>
      <trkpt lat="48.78929" lon="2.02813">
        <ele>163</ele>
        <time>2026-05-14T10:01:01+00:00</time>
      </trkpt>
      <trkpt lat="48.78925" lon="2.02828">
        <ele>163</ele>
        <time>2026-05-14T10:01:02+00:00</time>
      </trkpt>
      <trkpt lat="48.78909" lon="2.02854">
        <ele>163</ele>
        <time>2026-05-14T10:01:03+00:00</time>
      </trkpt>
      <trkpt lat="48.78902" lon="2.0288">
        <ele>164</ele>
        <time>2026-05-14T10:01:04+00:00</time>
      </trkpt>
      <trkpt lat="48.789" lon="2.02898">
        <ele>164</ele>
        <time>2026-05-14T10:01:05+00:00</time>
      </trkpt>
      <trkpt lat="48.78902" lon="2.02919">
        <ele>164</ele>
        <time>2026-05-14T10:01:06+00:00</time>
      </trkpt>
      <trkpt lat="48.78901" lon="2.02945">
        <ele>165</ele>
        <time>2026-05-14T10:01:07+00:00</time>
      </trkpt>
      <trkpt lat="48.78885" lon="2.02999">
        <ele>167</ele>
        <time>2026-05-14T10:01:08+00:00</time>
      </trkpt>
      <trkpt lat="48.78873" lon="2.03064">
        <ele>166</ele>
        <time>2026-05-14T10:01:09+00:00</time>
      </trkpt>
      <trkpt lat="48.78871" lon="2.03089">
        <ele>166</ele>
        <time>2026-05-14T10:01:10+00:00</time>
      </trkpt>
      <trkpt lat="48.78867" lon="2.031">
        <ele>166</ele>
        <time>2026-05-14T10:01:11+00:00</time>
      </trkpt>
      <trkpt lat="48.7886" lon="2.03107">
        <ele>166</ele>
        <time>2026-05-14T10:01:12+00:00</time>
      </trkpt>
      <trkpt lat="48.78851" lon="2.03106">
        <ele>166</ele>
        <time>2026-05-14T10:01:13+00:00</time>
      </trkpt>
      <trkpt lat="48.78835" lon="2.03088">
        <ele>166</ele>
        <time>2026-05-14T10:01:14+00:00</time>
      </trkpt>
      <trkpt lat="48.78807" lon="2.03084">
        <ele>165</ele>
        <time>2026-05-14T10:01:15+00:00</time>
      </trkpt>
      <trkpt lat="48.78766" lon="2.03059">
        <ele>164</ele>
        <time>2026-05-14T10:01:16+00:00</time>
      </trkpt>
      <trkpt lat="48.78762" lon="2.03064">
        <ele>164</ele>
        <time>2026-05-14T10:01:17+00:00</time>
      </trkpt>
      <trkpt lat="48.78754" lon="2.03111">
        <ele>164</ele>
        <time>2026-05-14T10:01:18+00:00</time>
      </trkpt>
      <trkpt lat="48.78727" lon="2.03212">
        <ele>162</ele>
        <time>2026-05-14T10:01:19+00:00</time>
      </trkpt>
      <trkpt lat="48.7872" lon="2.03246">
        <ele>162</ele>
        <time>2026-05-14T10:01:20+00:00</time>
      </trkpt>
      <trkpt lat="48.78726" lon="2.03255">
        <ele>163</ele>
        <time>2026-05-14T10:01:21+00:00</time>
      </trkpt>
      <trkpt lat="48.78728" lon="2.03268">
        <ele>163</ele>
        <time>2026-05-14T10:01:22+00:00</time>
      </trkpt>
      <trkpt lat="48.78722" lon="2.03284">
        <ele>163</ele>
        <time>2026-05-14T10:01:23+00:00</time>
      </trkpt>
      <trkpt lat="48.78712" lon="2.03296">
        <ele>163</ele>
        <time>2026-05-14T10:01:24+00:00</time>
      </trkpt>
      <trkpt lat="48.78709" lon="2.03308">
        <ele>163</ele>
        <time>2026-05-14T10:01:25+00:00</time>
      </trkpt>
      <trkpt lat="48.78715" lon="2.03316">
        <ele>164</ele>
        <time>2026-05-14T10:01:26+00:00</time>
      </trkpt>
      <trkpt lat="48.7881" lon="2.0338">
        <ele>166</ele>
        <time>2026-05-14T10:01:27+00:00</time>
      </trkpt>
      <trkpt lat="48.78839" lon="2.03403">
        <ele>165</ele>
        <time>2026-05-14T10:01:28+00:00</time>
      </trkpt>
      <trkpt lat="48.78858" lon="2.03431">
        <ele>166</ele>
        <time>2026-05-14T10:01:29+00:00</time>
      </trkpt>
      <trkpt lat="48.7887" lon="2.03462">
        <ele>167</ele>
        <time>2026-05-14T10:01:30+00:00</time>
      </trkpt>
      <trkpt lat="48.78887" lon="2.03487">
        <ele>167</ele>
        <time>2026-05-14T10:01:31+00:00</time>
      </trkpt>
      <trkpt lat="48.78933" lon="2.03522">
        <ele>169</ele>
        <time>2026-05-14T10:01:32+00:00</time>
      </trkpt>
      <trkpt lat="48.78917" lon="2.03647">
        <ele>172</ele>
        <time>2026-05-14T10:01:33+00:00</time>
      </trkpt>
      <trkpt lat="48.78706" lon="2.03895">
        <ele>168</ele>
        <time>2026-05-14T10:01:34+00:00</time>
      </trkpt>
      <trkpt lat="48.78716" lon="2.03926">
        <ele>168</ele>
        <time>2026-05-14T10:01:35+00:00</time>
      </trkpt>
      <trkpt lat="48.78728" lon="2.03953">
        <ele>169</ele>
        <time>2026-05-14T10:01:36+00:00</time>
      </trkpt>
      <trkpt lat="48.78742" lon="2.04018">
        <ele>169</ele>
        <time>2026-05-14T10:01:37+00:00</time>
      </trkpt>
      <trkpt lat="48.78726" lon="2.04082">
        <ele>168</ele>
        <time>2026-05-14T10:01:38+00:00</time>
      </trkpt>
      <trkpt lat="48.78718" lon="2.04133">
        <ele>167</ele>
        <time>2026-05-14T10:01:39+00:00</time>
      </trkpt>
      <trkpt lat="48.78726" lon="2.04155">
        <ele>167</ele>
        <time>2026-05-14T10:01:40+00:00</time>
      </trkpt>
      <trkpt lat="48.78738" lon="2.04176">
        <ele>167</ele>
        <time>2026-05-14T10:01:41+00:00</time>
      </trkpt>
      <trkpt lat="48.78747" lon="2.04199">
        <ele>167</ele>
        <time>2026-05-14T10:01:42+00:00</time>
      </trkpt>
      <trkpt lat="48.78748" lon="2.04219">
        <ele>167</ele>
        <time>2026-05-14T10:01:43+00:00</time>
      </trkpt>
      <trkpt lat="48.78738" lon="2.04233">
        <ele>166</ele>
        <time>2026-05-14T10:01:44+00:00</time>
      </trkpt>
      <trkpt lat="48.78739" lon="2.04253">
        <ele>166</ele>
        <time>2026-05-14T10:01:45+00:00</time>
      </trkpt>
      <trkpt lat="48.78754" lon="2.043">
        <ele>166</ele>
        <time>2026-05-14T10:01:46+00:00</time>
      </trkpt>
      <trkpt lat="48.78798" lon="2.04414">
        <ele>169</ele>
        <time>2026-05-14T10:01:47+00:00</time>
      </trkpt>
      <trkpt lat="48.78775" lon="2.04443">
        <ele>167</ele>
        <time>2026-05-14T10:01:48+00:00</time>
      </trkpt>
      <trkpt lat="48.7873" lon="2.04489">
        <ele>165</ele>
        <time>2026-05-14T10:01:49+00:00</time>
      </trkpt>
      <trkpt lat="48.78712" lon="2.04499">
        <ele>165</ele>
        <time>2026-05-14T10:01:50+00:00</time>
      </trkpt>
      <trkpt lat="48.78703" lon="2.04499">
        <ele>166</ele>
        <time>2026-05-14T10:01:51+00:00</time>
      </trkpt>
      <trkpt lat="48.78701" lon="2.0449">
        <ele>166</ele>
        <time>2026-05-14T10:01:52+00:00</time>
      </trkpt>
      <trkpt lat="48.78685" lon="2.04497">
        <ele>166</ele>
        <time>2026-05-14T10:01:53+00:00</time>
      </trkpt>
      <trkpt lat="48.78676" lon="2.04493">
        <ele>166</ele>
        <time>2026-05-14T10:01:54+00:00</time>
      </trkpt>
      <trkpt lat="48.7865" lon="2.04515">
        <ele>166</ele>
        <time>2026-05-14T10:01:55+00:00</time>
      </trkpt>
      <trkpt lat="48.78594" lon="2.04583">
        <ele>167</ele>
        <time>2026-05-14T10:01:56+00:00</time>
      </trkpt>
      <trkpt lat="48.78555" lon="2.04615">
        <ele>166</ele>
        <time>2026-05-14T10:01:57+00:00</time>
      </trkpt>
      <trkpt lat="48.7854" lon="2.04641">
        <ele>165</ele>
        <time>2026-05-14T10:01:58+00:00</time>
      </trkpt>
      <trkpt lat="48.78496" lon="2.04696">
        <ele>164</ele>
        <time>2026-05-14T10:01:59+00:00</time>
      </trkpt>
      <trkpt lat="48.78454" lon="2.0474">
        <ele>163</ele>
        <time>2026-05-14T10:02:00+00:00</time>
      </trkpt>
      <trkpt lat="48.78419" lon="2.04783">
        <ele>163</ele>
        <time>2026-05-14T10:02:01+00:00</time>
      </trkpt>
      <trkpt lat="48.78406" lon="2.04794">
        <ele>164</ele>
        <time>2026-05-14T10:02:02+00:00</time>
      </trkpt>
      <trkpt lat="48.78403" lon="2.04801">
        <ele>164</ele>
        <time>2026-05-14T10:02:03+00:00</time>
      </trkpt>
      <trkpt lat="48.78395" lon="2.04802">
        <ele>164</ele>
        <time>2026-05-14T10:02:04+00:00</time>
      </trkpt>
      <trkpt lat="48.7839" lon="2.048">
        <ele>164</ele>
        <time>2026-05-14T10:02:05+00:00</time>
      </trkpt>
      <trkpt lat="48.78366" lon="2.04786">
        <ele>164</ele>
        <time>2026-05-14T10:02:06+00:00</time>
      </trkpt>
      <trkpt lat="48.78333" lon="2.0479">
        <ele>164</ele>
        <time>2026-05-14T10:02:07+00:00</time>
      </trkpt>
      <trkpt lat="48.78313" lon="2.0479">
        <ele>163</ele>
        <time>2026-05-14T10:02:08+00:00</time>
      </trkpt>
      <trkpt lat="48.78295" lon="2.04794">
        <ele>163</ele>
        <time>2026-05-14T10:02:09+00:00</time>
      </trkpt>
      <trkpt lat="48.78286" lon="2.04792">
        <ele>162</ele>
        <time>2026-05-14T10:02:10+00:00</time>
      </trkpt>
      <trkpt lat="48.78255" lon="2.04776">
        <ele>162</ele>
        <time>2026-05-14T10:02:11+00:00</time>
      </trkpt>
      <trkpt lat="48.78248" lon="2.0477">
        <ele>161</ele>
        <time>2026-05-14T10:02:12+00:00</time>
      </trkpt>
      <trkpt lat="48.78231" lon="2.04744">
        <ele>161</ele>
        <time>2026-05-14T10:02:13+00:00</time>
      </trkpt>
      <trkpt lat="48.78224" lon="2.04741">
        <ele>161</ele>
        <time>2026-05-14T10:02:14+00:00</time>
      </trkpt>
      <trkpt lat="48.78218" lon="2.04743">
        <ele>161</ele>
        <time>2026-05-14T10:02:15+00:00</time>
      </trkpt>
      <trkpt lat="48.78208" lon="2.04757">
        <ele>160</ele>
        <time>2026-05-14T10:02:16+00:00</time>
      </trkpt>
      <trkpt lat="48.78195" lon="2.04768">
        <ele>160</ele>
        <time>2026-05-14T10:02:17+00:00</time>
      </trkpt>
      <trkpt lat="48.78184" lon="2.04772">
        <ele>159</ele>
        <time>2026-05-14T10:02:18+00:00</time>
      </trkpt>
      <trkpt lat="48.78173" lon="2.04772">
        <ele>159</ele>
        <time>2026-05-14T10:02:19+00:00</time>
      </trkpt>
      <trkpt lat="48.78148" lon="2.04766">
        <ele>158</ele>
        <time>2026-05-14T10:02:20+00:00</time>
      </trkpt>
      <trkpt lat="48.78136" lon="2.04755">
        <ele>157</ele>
        <time>2026-05-14T10:02:21+00:00</time>
      </trkpt>
      <trkpt lat="48.78133" lon="2.04755">
        <ele>157</ele>
        <time>2026-05-14T10:02:22+00:00</time>
      </trkpt>
      <trkpt lat="48.78126" lon="2.04777">
        <ele>157</ele>
        <time>2026-05-14T10:02:23+00:00</time>
      </trkpt>
      <trkpt lat="48.78122" lon="2.04781">
        <ele>157</ele>
        <time>2026-05-14T10:02:24+00:00</time>
      </trkpt>
      <trkpt lat="48.78114" lon="2.04778">
        <ele>156</ele>
        <time>2026-05-14T10:02:25+00:00</time>
      </trkpt>
      <trkpt lat="48.7811" lon="2.04783">
        <ele>156</ele>
        <time>2026-05-14T10:02:26+00:00</time>
      </trkpt>
      <trkpt lat="48.78105" lon="2.04816">
        <ele>156</ele>
        <time>2026-05-14T10:02:27+00:00</time>
      </trkpt>
      <trkpt lat="48.78101" lon="2.04822">
        <ele>156</ele>
        <time>2026-05-14T10:02:28+00:00</time>
      </trkpt>
      <trkpt lat="48.78096" lon="2.04824">
        <ele>155</ele>
        <time>2026-05-14T10:02:29+00:00</time>
      </trkpt>
      <trkpt lat="48.78074" lon="2.04821">
        <ele>155</ele>
        <time>2026-05-14T10:02:30+00:00</time>
      </trkpt>
      <trkpt lat="48.78068" lon="2.04817">
        <ele>155</ele>
        <time>2026-05-14T10:02:31+00:00</time>
      </trkpt>
      <trkpt lat="48.78058" lon="2.04815">
        <ele>154</ele>
        <time>2026-05-14T10:02:32+00:00</time>
      </trkpt>
      <trkpt lat="48.78052" lon="2.04818">
        <ele>154</ele>
        <time>2026-05-14T10:02:33+00:00</time>
      </trkpt>
      <trkpt lat="48.78033" lon="2.04855">
        <ele>154</ele>
        <time>2026-05-14T10:02:34+00:00</time>
      </trkpt>
      <trkpt lat="48.7802" lon="2.04892">
        <ele>155</ele>
        <time>2026-05-14T10:02:35+00:00</time>
      </trkpt>
      <trkpt lat="48.78016" lon="2.04898">
        <ele>155</ele>
        <time>2026-05-14T10:02:36+00:00</time>
      </trkpt>
      <trkpt lat="48.77977" lon="2.04879">
        <ele>153</ele>
        <time>2026-05-14T10:02:37+00:00</time>
      </trkpt>
      <trkpt lat="48.77954" lon="2.0492">
        <ele>153</ele>
        <time>2026-05-14T10:02:38+00:00</time>
      </trkpt>
      <trkpt lat="48.77949" lon="2.04935">
        <ele>152</ele>
        <time>2026-05-14T10:02:39+00:00</time>
      </trkpt>
      <trkpt lat="48.77942" lon="2.04977">
        <ele>151</ele>
        <time>2026-05-14T10:02:40+00:00</time>
      </trkpt>
      <trkpt lat="48.77922" lon="2.05028">
        <ele>150</ele>
        <time>2026-05-14T10:02:41+00:00</time>
      </trkpt>
      <trkpt lat="48.77912" lon="2.05061">
        <ele>150</ele>
        <time>2026-05-14T10:02:42+00:00</time>
      </trkpt>
      <trkpt lat="48.77898" lon="2.05132">
        <ele>151</ele>
        <time>2026-05-14T10:02:43+00:00</time>
      </trkpt>
      <trkpt lat="48.77898" lon="2.05192">
        <ele>151</ele>
        <time>2026-05-14T10:02:44+00:00</time>
      </trkpt>
      <trkpt lat="48.77895" lon="2.05222">
        <ele>151</ele>
        <time>2026-05-14T10:02:45+00:00</time>
      </trkpt>
      <trkpt lat="48.77872" lon="2.05268">
        <ele>151</ele>
        <time>2026-05-14T10:02:46+00:00</time>
      </trkpt>
      <trkpt lat="48.77848" lon="2.05307">
        <ele>150</ele>
        <time>2026-05-14T10:02:47+00:00</time>
      </trkpt>
      <trkpt lat="48.77815" lon="2.05355">
        <ele>149</ele>
        <time>2026-05-14T10:02:48+00:00</time>
      </trkpt>
      <trkpt lat="48.77783" lon="2.05394">
        <ele>149</ele>
        <time>2026-05-14T10:02:49+00:00</time>
      </trkpt>
      <trkpt lat="48.77768" lon="2.05419">
        <ele>149</ele>
        <time>2026-05-14T10:02:50+00:00</time>
      </trkpt>
      <trkpt lat="48.77759" lon="2.05458">
        <ele>148</ele>
        <time>2026-05-14T10:02:51+00:00</time>
      </trkpt>
      <trkpt lat="48.77738" lon="2.05519">
        <ele>148</ele>
        <time>2026-05-14T10:02:52+00:00</time>
      </trkpt>
      <trkpt lat="48.77733" lon="2.05555">
        <ele>148</ele>
        <time>2026-05-14T10:02:53+00:00</time>
      </trkpt>
      <trkpt lat="48.77713" lon="2.0579">
        <ele>149</ele>
        <time>2026-05-14T10:02:54+00:00</time>
      </trkpt>
      <trkpt lat="48.77699" lon="2.05846">
        <ele>149</ele>
        <time>2026-05-14T10:02:55+00:00</time>
      </trkpt>
      <trkpt lat="48.77691" lon="2.05901">
        <ele>148</ele>
        <time>2026-05-14T10:02:56+00:00</time>
      </trkpt>
      <trkpt lat="48.77686" lon="2.05908">
        <ele>148</ele>
        <time>2026-05-14T10:02:57+00:00</time>
      </trkpt>
      <trkpt lat="48.77675" lon="2.05905">
        <ele>148</ele>
        <time>2026-05-14T10:02:58+00:00</time>
      </trkpt>
      <trkpt lat="48.77671" lon="2.05908">
        <ele>148</ele>
        <time>2026-05-14T10:02:59+00:00</time>
      </trkpt>
      <trkpt lat="48.77664" lon="2.0594">
        <ele>148</ele>
        <time>2026-05-14T10:03:00+00:00</time>
      </trkpt>
      <trkpt lat="48.77663" lon="2.05969">
        <ele>147</ele>
        <time>2026-05-14T10:03:01+00:00</time>
      </trkpt>
      <trkpt lat="48.77653" lon="2.05996">
        <ele>147</ele>
        <time>2026-05-14T10:03:02+00:00</time>
      </trkpt>
      <trkpt lat="48.77645" lon="2.06028">
        <ele>146</ele>
        <time>2026-05-14T10:03:03+00:00</time>
      </trkpt>
      <trkpt lat="48.77592" lon="2.06106">
        <ele>148</ele>
        <time>2026-05-14T10:03:04+00:00</time>
      </trkpt>
      <trkpt lat="48.77577" lon="2.06134">
        <ele>149</ele>
        <time>2026-05-14T10:03:05+00:00</time>
      </trkpt>
      <trkpt lat="48.77579" lon="2.06142">
        <ele>149</ele>
        <time>2026-05-14T10:03:06+00:00</time>
      </trkpt>
      <trkpt lat="48.77588" lon="2.06153">
        <ele>149</ele>
        <time>2026-05-14T10:03:07+00:00</time>
      </trkpt>
      <trkpt lat="48.77599" lon="2.06165">
        <ele>150</ele>
        <time>2026-05-14T10:03:08+00:00</time>
      </trkpt>
      <trkpt lat="48.77609" lon="2.06171">
        <ele>150</ele>
        <time>2026-05-14T10:03:09+00:00</time>
      </trkpt>
      <trkpt lat="48.77677" lon="2.06192">
        <ele>150</ele>
        <time>2026-05-14T10:03:10+00:00</time>
      </trkpt>
      <trkpt lat="48.77713" lon="2.06209">
        <ele>147</ele>
        <time>2026-05-14T10:03:11+00:00</time>
      </trkpt>
      <trkpt lat="48.77735" lon="2.06216">
        <ele>145</ele>
        <time>2026-05-14T10:03:12+00:00</time>
      </trkpt>
      <trkpt lat="48.77751" lon="2.06256">
        <ele>144</ele>
        <time>2026-05-14T10:03:13+00:00</time>
      </trkpt>
      <trkpt lat="48.77772" lon="2.0628">
        <ele>145</ele>
        <time>2026-05-14T10:03:14+00:00</time>
      </trkpt>
      <trkpt lat="48.77802" lon="2.06326">
        <ele>145</ele>
        <time>2026-05-14T10:03:15+00:00</time>
      </trkpt>
      <trkpt lat="48.77813" lon="2.06358">
        <ele>144</ele>
        <time>2026-05-14T10:03:16+00:00</time>
      </trkpt>
      <trkpt lat="48.77814" lon="2.06367">
        <ele>144</ele>
        <time>2026-05-14T10:03:17+00:00</time>
      </trkpt>
      <trkpt lat="48.77806" lon="2.06394">
        <ele>145</ele>
        <time>2026-05-14T10:03:18+00:00</time>
      </trkpt>
      <trkpt lat="48.77805" lon="2.06406">
        <ele>145</ele>
        <time>2026-05-14T10:03:19+00:00</time>
      </trkpt>
      <trkpt lat="48.77815" lon="2.06453">
        <ele>143</ele>
        <time>2026-05-14T10:03:20+00:00</time>
      </trkpt>
      <trkpt lat="48.77835" lon="2.06476">
        <ele>140</ele>
        <time>2026-05-14T10:03:21+00:00</time>
      </trkpt>
      <trkpt lat="48.77866" lon="2.06494">
        <ele>141</ele>
        <time>2026-05-14T10:03:22+00:00</time>
      </trkpt>
      <trkpt lat="48.77859" lon="2.06508">
        <ele>140</ele>
        <time>2026-05-14T10:03:23+00:00</time>
      </trkpt>
      <trkpt lat="48.77835" lon="2.0653">
        <ele>141</ele>
        <time>2026-05-14T10:03:24+00:00</time>
      </trkpt>
      <trkpt lat="48.77803" lon="2.06545">
        <ele>146</ele>
        <time>2026-05-14T10:03:25+00:00</time>
      </trkpt>
      <trkpt lat="48.77801" lon="2.06549">
        <ele>147</ele>
        <time>2026-05-14T10:03:26+00:00</time>
      </trkpt>
      <trkpt lat="48.77803" lon="2.06599">
        <ele>149</ele>
        <time>2026-05-14T10:03:27+00:00</time>
      </trkpt>
      <trkpt lat="48.77811" lon="2.06648">
        <ele>152</ele>
        <time>2026-05-14T10:03:28+00:00</time>
      </trkpt>
      <trkpt lat="48.7786" lon="2.06712">
        <ele>150</ele>
        <time>2026-05-14T10:03:29+00:00</time>
      </trkpt>
      <trkpt lat="48.77882" lon="2.06754">
        <ele>150</ele>
        <time>2026-05-14T10:03:30+00:00</time>
      </trkpt>
      <trkpt lat="48.77896" lon="2.0677">
        <ele>149</ele>
        <time>2026-05-14T10:03:31+00:00</time>
      </trkpt>
      <trkpt lat="48.77932" lon="2.06823">
        <ele>152</ele>
        <time>2026-05-14T10:03:32+00:00</time>
      </trkpt>
      <trkpt lat="48.77963" lon="2.06859">
        <ele>150</ele>
        <time>2026-05-14T10:03:33+00:00</time>
      </trkpt>
      <trkpt lat="48.77982" lon="2.06885">
        <ele>149</ele>
        <time>2026-05-14T10:03:34+00:00</time>
      </trkpt>
      <trkpt lat="48.78018" lon="2.06962">
        <ele>151</ele>
        <time>2026-05-14T10:03:35+00:00</time>
      </trkpt>
      <trkpt lat="48.78029" lon="2.07023">
        <ele>152</ele>
        <time>2026-05-14T10:03:36+00:00</time>
      </trkpt>
      <trkpt lat="48.78031" lon="2.0707">
        <ele>154</ele>
        <time>2026-05-14T10:03:37+00:00</time>
      </trkpt>
      <trkpt lat="48.78017" lon="2.07213">
        <ele>158</ele>
        <time>2026-05-14T10:03:38+00:00</time>
      </trkpt>
      <trkpt lat="48.78018" lon="2.07222">
        <ele>158</ele>
        <time>2026-05-14T10:03:39+00:00</time>
      </trkpt>
      <trkpt lat="48.78032" lon="2.07257">
        <ele>155</ele>
        <time>2026-05-14T10:03:40+00:00</time>
      </trkpt>
      <trkpt lat="48.78047" lon="2.07336">
        <ele>153</ele>
        <time>2026-05-14T10:03:41+00:00</time>
      </trkpt>
      <trkpt lat="48.78069" lon="2.07409">
        <ele>150</ele>
        <time>2026-05-14T10:03:42+00:00</time>
      </trkpt>
      <trkpt lat="48.78086" lon="2.07453">
        <ele>149</ele>
        <time>2026-05-14T10:03:43+00:00</time>
      </trkpt>
      <trkpt lat="48.7809" lon="2.07487">
        <ele>151</ele>
        <time>2026-05-14T10:03:44+00:00</time>
      </trkpt>
      <trkpt lat="48.78107" lon="2.07517">
        <ele>150</ele>
        <time>2026-05-14T10:03:45+00:00</time>
      </trkpt>
      <trkpt lat="48.78119" lon="2.07549">
        <ele>149</ele>
        <time>2026-05-14T10:03:46+00:00</time>
      </trkpt>
      <trkpt lat="48.78126" lon="2.07578">
        <ele>149</ele>
        <time>2026-05-14T10:03:47+00:00</time>
      </trkpt>
      <trkpt lat="48.78156" lon="2.07645">
        <ele>150</ele>
        <time>2026-05-14T10:03:48+00:00</time>
      </trkpt>
      <trkpt lat="48.78213" lon="2.07708">
        <ele>148</ele>
        <time>2026-05-14T10:03:49+00:00</time>
      </trkpt>
      <trkpt lat="48.78238" lon="2.0775">
        <ele>147</ele>
        <time>2026-05-14T10:03:50+00:00</time>
      </trkpt>
      <trkpt lat="48.78266" lon="2.07785">
        <ele>146</ele>
        <time>2026-05-14T10:03:51+00:00</time>
      </trkpt>
      <trkpt lat="48.78279" lon="2.07828">
        <ele>145</ele>
        <time>2026-05-14T10:03:52+00:00</time>
      </trkpt>
      <trkpt lat="48.78284" lon="2.07836">
        <ele>145</ele>
        <time>2026-05-14T10:03:53+00:00</time>
      </trkpt>
      <trkpt lat="48.7832" lon="2.07863">
        <ele>142</ele>
        <time>2026-05-14T10:03:54+00:00</time>
      </trkpt>
      <trkpt lat="48.7835" lon="2.07908">
        <ele>145</ele>
        <time>2026-05-14T10:03:55+00:00</time>
      </trkpt>
      <trkpt lat="48.78359" lon="2.0793">
        <ele>147</ele>
        <time>2026-05-14T10:03:56+00:00</time>
      </trkpt>
      <trkpt lat="48.78362" lon="2.07955">
        <ele>148</ele>
        <time>2026-05-14T10:03:57+00:00</time>
      </trkpt>
      <trkpt lat="48.78367" lon="2.07964">
        <ele>148</ele>
        <time>2026-05-14T10:03:58+00:00</time>
      </trkpt>
      <trkpt lat="48.7837" lon="2.07977">
        <ele>148</ele>
        <time>2026-05-14T10:03:59+00:00</time>
      </trkpt>
      <trkpt lat="48.78385" lon="2.0806">
        <ele>144</ele>
        <time>2026-05-14T10:04:00+00:00</time>
      </trkpt>
      <trkpt lat="48.78393" lon="2.0808">
        <ele>142</ele>
        <time>2026-05-14T10:04:01+00:00</time>
      </trkpt>
      <trkpt lat="48.78408" lon="2.08105">
        <ele>138</ele>
        <time>2026-05-14T10:04:02+00:00</time>
      </trkpt>
      <trkpt lat="48.78414" lon="2.08125">
        <ele>136</ele>
        <time>2026-05-14T10:04:03+00:00</time>
      </trkpt>
      <trkpt lat="48.78415" lon="2.08147">
        <ele>134</ele>
        <time>2026-05-14T10:04:04+00:00</time>
      </trkpt>
      <trkpt lat="48.78412" lon="2.08157">
        <ele>134</ele>
        <time>2026-05-14T10:04:05+00:00</time>
      </trkpt>
      <trkpt lat="48.78399" lon="2.08172">
        <ele>135</ele>
        <time>2026-05-14T10:04:06+00:00</time>
      </trkpt>
      <trkpt lat="48.78383" lon="2.0818">
        <ele>137</ele>
        <time>2026-05-14T10:04:07+00:00</time>
      </trkpt>
      <trkpt lat="48.78375" lon="2.08181">
        <ele>138</ele>
        <time>2026-05-14T10:04:08+00:00</time>
      </trkpt>
      <trkpt lat="48.78343" lon="2.08178">
        <ele>142</ele>
        <time>2026-05-14T10:04:09+00:00</time>
      </trkpt>
      <trkpt lat="48.78332" lon="2.08187">
        <ele>143</ele>
        <time>2026-05-14T10:04:10+00:00</time>
      </trkpt>
      <trkpt lat="48.78293" lon="2.08262">
        <ele>141</ele>
        <time>2026-05-14T10:04:11+00:00</time>
      </trkpt>
      <trkpt lat="48.7827" lon="2.08294">
        <ele>141</ele>
        <time>2026-05-14T10:04:12+00:00</time>
      </trkpt>
      <trkpt lat="48.78252" lon="2.08325">
        <ele>140</ele>
        <time>2026-05-14T10:04:13+00:00</time>
      </trkpt>
      <trkpt lat="48.78242" lon="2.08357">
        <ele>139</ele>
        <time>2026-05-14T10:04:14+00:00</time>
      </trkpt>
      <trkpt lat="48.78244" lon="2.08366">
        <ele>138</ele>
        <time>2026-05-14T10:04:15+00:00</time>
      </trkpt>
      <trkpt lat="48.78217" lon="2.084">
        <ele>137</ele>
        <time>2026-05-14T10:04:16+00:00</time>
      </trkpt>
      <trkpt lat="48.78201" lon="2.08405">
        <ele>138</ele>
        <time>2026-05-14T10:04:17+00:00</time>
      </trkpt>
      <trkpt lat="48.78157" lon="2.08393">
        <ele>142</ele>
        <time>2026-05-14T10:04:18+00:00</time>
      </trkpt>
      <trkpt lat="48.78148" lon="2.08392">
        <ele>144</ele>
        <time>2026-05-14T10:04:19+00:00</time>
      </trkpt>
      <trkpt lat="48.78145" lon="2.08395">
        <ele>144</ele>
        <time>2026-05-14T10:04:20+00:00</time>
      </trkpt>
      <trkpt lat="48.78119" lon="2.08462">
        <ele>145</ele>
        <time>2026-05-14T10:04:21+00:00</time>
      </trkpt>
      <trkpt lat="48.78118" lon="2.08504">
        <ele>144</ele>
        <time>2026-05-14T10:04:22+00:00</time>
      </trkpt>
      <trkpt lat="48.78111" lon="2.08532">
        <ele>144</ele>
        <time>2026-05-14T10:04:23+00:00</time>
      </trkpt>
      <trkpt lat="48.78105" lon="2.08546">
        <ele>144</ele>
        <time>2026-05-14T10:04:24+00:00</time>
      </trkpt>
      <trkpt lat="48.78056" lon="2.0862">
        <ele>147</ele>
        <time>2026-05-14T10:04:25+00:00</time>
      </trkpt>
      <trkpt lat="48.78041" lon="2.08652">
        <ele>146</ele>
        <time>2026-05-14T10:04:26+00:00</time>
      </trkpt>
      <trkpt lat="48.78025" lon="2.08717">
        <ele>144</ele>
        <time>2026-05-14T10:04:27+00:00</time>
      </trkpt>
      <trkpt lat="48.78023" lon="2.08759">
        <ele>142</ele>
        <time>2026-05-14T10:04:28+00:00</time>
      </trkpt>
      <trkpt lat="48.78025" lon="2.08788">
        <ele>140</ele>
        <time>2026-05-14T10:04:29+00:00</time>
      </trkpt>
      <trkpt lat="48.7803" lon="2.08803">
        <ele>139</ele>
        <time>2026-05-14T10:04:30+00:00</time>
      </trkpt>
      <trkpt lat="48.78053" lon="2.08833">
        <ele>135</ele>
        <time>2026-05-14T10:04:31+00:00</time>
      </trkpt>
      <trkpt lat="48.78064" lon="2.08854">
        <ele>133</ele>
        <time>2026-05-14T10:04:32+00:00</time>
      </trkpt>
      <trkpt lat="48.78069" lon="2.08876">
        <ele>131</ele>
        <time>2026-05-14T10:04:33+00:00</time>
      </trkpt>
      <trkpt lat="48.78065" lon="2.08898">
        <ele>130</ele>
        <time>2026-05-14T10:04:34+00:00</time>
      </trkpt>
      <trkpt lat="48.78079" lon="2.08917">
        <ele>128</ele>
        <time>2026-05-14T10:04:35+00:00</time>
      </trkpt>
      <trkpt lat="48.78083" lon="2.08929">
        <ele>128</ele>
        <time>2026-05-14T10:04:36+00:00</time>
      </trkpt>
      <trkpt lat="48.78081" lon="2.08958">
        <ele>128</ele>
        <time>2026-05-14T10:04:37+00:00</time>
      </trkpt>
      <trkpt lat="48.78073" lon="2.08973">
        <ele>129</ele>
        <time>2026-05-14T10:04:38+00:00</time>
      </trkpt>
      <trkpt lat="48.78013" lon="2.09042">
        <ele>132</ele>
        <time>2026-05-14T10:04:39+00:00</time>
      </trkpt>
      <trkpt lat="48.77987" lon="2.0908">
        <ele>134</ele>
        <time>2026-05-14T10:04:40+00:00</time>
      </trkpt>
      <trkpt lat="48.77962" lon="2.09173">
        <ele>133</ele>
        <time>2026-05-14T10:04:41+00:00</time>
      </trkpt>
      <trkpt lat="48.77951" lon="2.092">
        <ele>133</ele>
        <time>2026-05-14T10:04:42+00:00</time>
      </trkpt>
      <trkpt lat="48.77942" lon="2.09209">
        <ele>133</ele>
        <time>2026-05-14T10:04:43+00:00</time>
      </trkpt>
      <trkpt lat="48.77915" lon="2.09221">
        <ele>135</ele>
        <time>2026-05-14T10:04:44+00:00</time>
      </trkpt>
      <trkpt lat="48.77908" lon="2.09233">
        <ele>136</ele>
        <time>2026-05-14T10:04:45+00:00</time>
      </trkpt>
      <trkpt lat="48.77907" lon="2.0924">
        <ele>136</ele>
        <time>2026-05-14T10:04:46+00:00</time>
      </trkpt>
      <trkpt lat="48.77912" lon="2.09276">
        <ele>135</ele>
        <time>2026-05-14T10:04:47+00:00</time>
      </trkpt>
      <trkpt lat="48.77907" lon="2.09311">
        <ele>135</ele>
        <time>2026-05-14T10:04:48+00:00</time>
      </trkpt>
      <trkpt lat="48.77908" lon="2.09328">
        <ele>135</ele>
        <time>2026-05-14T10:04:49+00:00</time>
      </trkpt>
      <trkpt lat="48.77933" lon="2.09422">
        <ele>137</ele>
        <time>2026-05-14T10:04:50+00:00</time>
      </trkpt>
      <trkpt lat="48.77945" lon="2.09495">
        <ele>132</ele>
        <time>2026-05-14T10:04:51+00:00</time>
      </trkpt>
      <trkpt lat="48.77957" lon="2.09529">
        <ele>130</ele>
        <time>2026-05-14T10:04:52+00:00</time>
      </trkpt>
      <trkpt lat="48.77978" lon="2.09537">
        <ele>128</ele>
        <time>2026-05-14T10:04:53+00:00</time>
      </trkpt>
      <trkpt lat="48.77997" lon="2.09537">
        <ele>127</ele>
        <time>2026-05-14T10:04:54+00:00</time>
      </trkpt>
      <trkpt lat="48.78018" lon="2.09526">
        <ele>130</ele>
        <time>2026-05-14T10:04:55+00:00</time>
      </trkpt>
      <trkpt lat="48.78031" lon="2.09509">
        <ele>132</ele>
        <time>2026-05-14T10:04:56+00:00</time>
      </trkpt>
      <trkpt lat="48.78035" lon="2.09477">
        <ele>133</ele>
        <time>2026-05-14T10:04:57+00:00</time>
      </trkpt>
      <trkpt lat="48.78029" lon="2.09407">
        <ele>132</ele>
        <time>2026-05-14T10:04:58+00:00</time>
      </trkpt>
      <trkpt lat="48.78038" lon="2.09255">
        <ele>132</ele>
        <time>2026-05-14T10:04:59+00:00</time>
      </trkpt>
      <trkpt lat="48.78046" lon="2.09218">
        <ele>133</ele>
        <time>2026-05-14T10:05:00+00:00</time>
      </trkpt>
      <trkpt lat="48.78061" lon="2.09168">
        <ele>134</ele>
        <time>2026-05-14T10:05:01+00:00</time>
      </trkpt>
      <trkpt lat="48.7807" lon="2.09152">
        <ele>134</ele>
        <time>2026-05-14T10:05:02+00:00</time>
      </trkpt>
      <trkpt lat="48.78089" lon="2.0913">
        <ele>134</ele>
        <time>2026-05-14T10:05:03+00:00</time>
      </trkpt>
      <trkpt lat="48.78126" lon="2.09092">
        <ele>136</ele>
        <time>2026-05-14T10:05:04+00:00</time>
      </trkpt>
      <trkpt lat="48.78146" lon="2.09077">
        <ele>136</ele>
        <time>2026-05-14T10:05:05+00:00</time>
      </trkpt>
      <trkpt lat="48.78163" lon="2.09052">
        <ele>135</ele>
        <time>2026-05-14T10:05:06+00:00</time>
      </trkpt>
      <trkpt lat="48.78178" lon="2.09039">
        <ele>137</ele>
        <time>2026-05-14T10:05:07+00:00</time>
      </trkpt>
      <trkpt lat="48.78187" lon="2.09023">
        <ele>137</ele>
        <time>2026-05-14T10:05:08+00:00</time>
      </trkpt>
      <trkpt lat="48.78197" lon="2.08984">
        <ele>136</ele>
        <time>2026-05-14T10:05:09+00:00</time>
      </trkpt>
      <trkpt lat="48.78198" lon="2.08976">
        <ele>135</ele>
        <time>2026-05-14T10:05:10+00:00</time>
      </trkpt>
      <trkpt lat="48.78185" lon="2.08967">
        <ele>132</ele>
        <time>2026-05-14T10:05:11+00:00</time>
      </trkpt>
      <trkpt lat="48.78136" lon="2.08918">
        <ele>127</ele>
        <time>2026-05-14T10:05:12+00:00</time>
      </trkpt>
      <trkpt lat="48.78121" lon="2.08908">
        <ele>127</ele>
        <time>2026-05-14T10:05:13+00:00</time>
      </trkpt>
      <trkpt lat="48.78114" lon="2.089">
        <ele>128</ele>
        <time>2026-05-14T10:05:14+00:00</time>
      </trkpt>
      <trkpt lat="48.78108" lon="2.08887">
        <ele>128</ele>
        <time>2026-05-14T10:05:15+00:00</time>
      </trkpt>
      <trkpt lat="48.78104" lon="2.0887">
        <ele>129</ele>
        <time>2026-05-14T10:05:16+00:00</time>
      </trkpt>
      <trkpt lat="48.78089" lon="2.08778">
        <ele>133</ele>
        <time>2026-05-14T10:05:17+00:00</time>
      </trkpt>
      <trkpt lat="48.7808" lon="2.08758">
        <ele>135</ele>
        <time>2026-05-14T10:05:18+00:00</time>
      </trkpt>
      <trkpt lat="48.78062" lon="2.08734">
        <ele>138</ele>
        <time>2026-05-14T10:05:19+00:00</time>
      </trkpt>
      <trkpt lat="48.78055" lon="2.08715">
        <ele>140</ele>
        <time>2026-05-14T10:05:20+00:00</time>
      </trkpt>
      <trkpt lat="48.78057" lon="2.08691">
        <ele>141</ele>
        <time>2026-05-14T10:05:21+00:00</time>
      </trkpt>
      <trkpt lat="48.78072" lon="2.08647">
        <ele>141</ele>
        <time>2026-05-14T10:05:22+00:00</time>
      </trkpt>
      <trkpt lat="48.78127" lon="2.08573">
        <ele>138</ele>
        <time>2026-05-14T10:05:23+00:00</time>
      </trkpt>
      <trkpt lat="48.78163" lon="2.08494">
        <ele>134</ele>
        <time>2026-05-14T10:05:24+00:00</time>
      </trkpt>
      <trkpt lat="48.78194" lon="2.08435">
        <ele>136</ele>
        <time>2026-05-14T10:05:25+00:00</time>
      </trkpt>
      <trkpt lat="48.78206" lon="2.08424">
        <ele>136</ele>
        <time>2026-05-14T10:05:26+00:00</time>
      </trkpt>
      <trkpt lat="48.78234" lon="2.08377">
        <ele>138</ele>
        <time>2026-05-14T10:05:27+00:00</time>
      </trkpt>
      <trkpt lat="48.78243" lon="2.08369">
        <ele>138</ele>
        <time>2026-05-14T10:05:28+00:00</time>
      </trkpt>
      <trkpt lat="48.78246" lon="2.0837">
        <ele>138</ele>
        <time>2026-05-14T10:05:29+00:00</time>
      </trkpt>
      <trkpt lat="48.78263" lon="2.08384">
        <ele>136</ele>
        <time>2026-05-14T10:05:30+00:00</time>
      </trkpt>
      <trkpt lat="48.78296" lon="2.08439">
        <ele>132</ele>
        <time>2026-05-14T10:05:31+00:00</time>
      </trkpt>
      <trkpt lat="48.78314" lon="2.08464">
        <ele>132</ele>
        <time>2026-05-14T10:05:32+00:00</time>
      </trkpt>
      <trkpt lat="48.78352" lon="2.08503">
        <ele>138</ele>
        <time>2026-05-14T10:05:33+00:00</time>
      </trkpt>
      <trkpt lat="48.78359" lon="2.08488">
        <ele>138</ele>
        <time>2026-05-14T10:05:34+00:00</time>
      </trkpt>
      <trkpt lat="48.78369" lon="2.08474">
        <ele>139</ele>
        <time>2026-05-14T10:05:35+00:00</time>
      </trkpt>
      <trkpt lat="48.78407" lon="2.08386">
        <ele>140</ele>
        <time>2026-05-14T10:05:36+00:00</time>
      </trkpt>
      <trkpt lat="48.78435" lon="2.08351">
        <ele>140</ele>
        <time>2026-05-14T10:05:37+00:00</time>
      </trkpt>
      <trkpt lat="48.78465" lon="2.08335">
        <ele>139</ele>
        <time>2026-05-14T10:05:38+00:00</time>
      </trkpt>
      <trkpt lat="48.78533" lon="2.08315">
        <ele>142</ele>
        <time>2026-05-14T10:05:39+00:00</time>
      </trkpt>
      <trkpt lat="48.78592" lon="2.08284">
        <ele>144</ele>
        <time>2026-05-14T10:05:40+00:00</time>
      </trkpt>
      <trkpt lat="48.78623" lon="2.08277">
        <ele>145</ele>
        <time>2026-05-14T10:05:41+00:00</time>
      </trkpt>
      <trkpt lat="48.78633" lon="2.08272">
        <ele>145</ele>
        <time>2026-05-14T10:05:42+00:00</time>
      </trkpt>
      <trkpt lat="48.78671" lon="2.08232">
        <ele>144</ele>
        <time>2026-05-14T10:05:43+00:00</time>
      </trkpt>
      <trkpt lat="48.78697" lon="2.08213">
        <ele>144</ele>
        <time>2026-05-14T10:05:44+00:00</time>
      </trkpt>
      <trkpt lat="48.78703" lon="2.08211">
        <ele>145</ele>
        <time>2026-05-14T10:05:45+00:00</time>
      </trkpt>
      <trkpt lat="48.78719" lon="2.08213">
        <ele>145</ele>
        <time>2026-05-14T10:05:46+00:00</time>
      </trkpt>
      <trkpt lat="48.78736" lon="2.08219">
        <ele>147</ele>
        <time>2026-05-14T10:05:47+00:00</time>
      </trkpt>
      <trkpt lat="48.7875" lon="2.08218">
        <ele>147</ele>
        <time>2026-05-14T10:05:48+00:00</time>
      </trkpt>
      <trkpt lat="48.78775" lon="2.08226">
        <ele>150</ele>
        <time>2026-05-14T10:05:49+00:00</time>
      </trkpt>
      <trkpt lat="48.78782" lon="2.08224">
        <ele>150</ele>
        <time>2026-05-14T10:05:50+00:00</time>
      </trkpt>
      <trkpt lat="48.78793" lon="2.08215">
        <ele>149</ele>
        <time>2026-05-14T10:05:51+00:00</time>
      </trkpt>
      <trkpt lat="48.78797" lon="2.08204">
        <ele>148</ele>
        <time>2026-05-14T10:05:52+00:00</time>
      </trkpt>
      <trkpt lat="48.78794" lon="2.08178">
        <ele>145</ele>
        <time>2026-05-14T10:05:53+00:00</time>
      </trkpt>
      <trkpt lat="48.78789" lon="2.08165">
        <ele>143</ele>
        <time>2026-05-14T10:05:54+00:00</time>
      </trkpt>
      <trkpt lat="48.78764" lon="2.08146">
        <ele>142</ele>
        <time>2026-05-14T10:05:55+00:00</time>
      </trkpt>
      <trkpt lat="48.78746" lon="2.08122">
        <ele>143</ele>
        <time>2026-05-14T10:05:56+00:00</time>
      </trkpt>
      <trkpt lat="48.78728" lon="2.08113">
        <ele>145</ele>
        <time>2026-05-14T10:05:57+00:00</time>
      </trkpt>
      <trkpt lat="48.78685" lon="2.08114">
        <ele>147</ele>
        <time>2026-05-14T10:05:58+00:00</time>
      </trkpt>
      <trkpt lat="48.78659" lon="2.08119">
        <ele>147</ele>
        <time>2026-05-14T10:05:59+00:00</time>
      </trkpt>
      <trkpt lat="48.78642" lon="2.08127">
        <ele>145</ele>
        <time>2026-05-14T10:06:00+00:00</time>
      </trkpt>
      <trkpt lat="48.78606" lon="2.08152">
        <ele>143</ele>
        <time>2026-05-14T10:06:01+00:00</time>
      </trkpt>
      <trkpt lat="48.78596" lon="2.08149">
        <ele>143</ele>
        <time>2026-05-14T10:06:02+00:00</time>
      </trkpt>
      <trkpt lat="48.78586" lon="2.08141">
        <ele>143</ele>
        <time>2026-05-14T10:06:03+00:00</time>
      </trkpt>
      <trkpt lat="48.78546" lon="2.08075">
        <ele>145</ele>
        <time>2026-05-14T10:06:04+00:00</time>
      </trkpt>
      <trkpt lat="48.78524" lon="2.08044">
        <ele>145</ele>
        <time>2026-05-14T10:06:05+00:00</time>
      </trkpt>
      <trkpt lat="48.78507" lon="2.08012">
        <ele>144</ele>
        <time>2026-05-14T10:06:06+00:00</time>
      </trkpt>
      <trkpt lat="48.78425" lon="2.07825">
        <ele>143</ele>
        <time>2026-05-14T10:06:07+00:00</time>
      </trkpt>
      <trkpt lat="48.78422" lon="2.07806">
        <ele>143</ele>
        <time>2026-05-14T10:06:08+00:00</time>
      </trkpt>
      <trkpt lat="48.78387" lon="2.07709">
        <ele>144</ele>
        <time>2026-05-14T10:06:09+00:00</time>
      </trkpt>
      <trkpt lat="48.78347" lon="2.07675">
        <ele>141</ele>
        <time>2026-05-14T10:06:10+00:00</time>
      </trkpt>
      <trkpt lat="48.78327" lon="2.07646">
        <ele>142</ele>
        <time>2026-05-14T10:06:11+00:00</time>
      </trkpt>
      <trkpt lat="48.78278" lon="2.07598">
        <ele>142</ele>
        <time>2026-05-14T10:06:12+00:00</time>
      </trkpt>
      <trkpt lat="48.78221" lon="2.07537">
        <ele>142</ele>
        <time>2026-05-14T10:06:13+00:00</time>
      </trkpt>
      <trkpt lat="48.78214" lon="2.07522">
        <ele>142</ele>
        <time>2026-05-14T10:06:14+00:00</time>
      </trkpt>
      <trkpt lat="48.78207" lon="2.07468">
        <ele>143</ele>
        <time>2026-05-14T10:06:15+00:00</time>
      </trkpt>
      <trkpt lat="48.78215" lon="2.07419">
        <ele>145</ele>
        <time>2026-05-14T10:06:16+00:00</time>
      </trkpt>
      <trkpt lat="48.7821" lon="2.07392">
        <ele>144</ele>
        <time>2026-05-14T10:06:17+00:00</time>
      </trkpt>
      <trkpt lat="48.78196" lon="2.07358">
        <ele>142</ele>
        <time>2026-05-14T10:06:18+00:00</time>
      </trkpt>
      <trkpt lat="48.78189" lon="2.07333">
        <ele>141</ele>
        <time>2026-05-14T10:06:19+00:00</time>
      </trkpt>
      <trkpt lat="48.78188" lon="2.07321">
        <ele>141</ele>
        <time>2026-05-14T10:06:20+00:00</time>
      </trkpt>
      <trkpt lat="48.78192" lon="2.07189">
        <ele>144</ele>
        <time>2026-05-14T10:06:21+00:00</time>
      </trkpt>
      <trkpt lat="48.78186" lon="2.0708">
        <ele>143</ele>
        <time>2026-05-14T10:06:22+00:00</time>
      </trkpt>
      <trkpt lat="48.78178" lon="2.07044">
        <ele>143</ele>
        <time>2026-05-14T10:06:23+00:00</time>
      </trkpt>
      <trkpt lat="48.78164" lon="2.07006">
        <ele>142</ele>
        <time>2026-05-14T10:06:24+00:00</time>
      </trkpt>
      <trkpt lat="48.78149" lon="2.0698">
        <ele>142</ele>
        <time>2026-05-14T10:06:25+00:00</time>
      </trkpt>
      <trkpt lat="48.78091" lon="2.06892">
        <ele>140</ele>
        <time>2026-05-14T10:06:26+00:00</time>
      </trkpt>
      <trkpt lat="48.78074" lon="2.0687">
        <ele>140</ele>
        <time>2026-05-14T10:06:27+00:00</time>
      </trkpt>
      <trkpt lat="48.78072" lon="2.06865">
        <ele>140</ele>
        <time>2026-05-14T10:06:28+00:00</time>
      </trkpt>
      <trkpt lat="48.78072" lon="2.06848">
        <ele>141</ele>
        <time>2026-05-14T10:06:29+00:00</time>
      </trkpt>
      <trkpt lat="48.78038" lon="2.06822">
        <ele>140</ele>
        <time>2026-05-14T10:06:30+00:00</time>
      </trkpt>
      <trkpt lat="48.78006" lon="2.06766">
        <ele>139</ele>
        <time>2026-05-14T10:06:31+00:00</time>
      </trkpt>
      <trkpt lat="48.77993" lon="2.06754">
        <ele>139</ele>
        <time>2026-05-14T10:06:32+00:00</time>
      </trkpt>
      <trkpt lat="48.77971" lon="2.06727">
        <ele>141</ele>
        <time>2026-05-14T10:06:33+00:00</time>
      </trkpt>
      <trkpt lat="48.77971" lon="2.06719">
        <ele>141</ele>
        <time>2026-05-14T10:06:34+00:00</time>
      </trkpt>
      <trkpt lat="48.77959" lon="2.06693">
        <ele>141</ele>
        <time>2026-05-14T10:06:35+00:00</time>
      </trkpt>
      <trkpt lat="48.77954" lon="2.0667">
        <ele>141</ele>
        <time>2026-05-14T10:06:36+00:00</time>
      </trkpt>
      <trkpt lat="48.77936" lon="2.06622">
        <ele>139</ele>
        <time>2026-05-14T10:06:37+00:00</time>
      </trkpt>
      <trkpt lat="48.77952" lon="2.06598">
        <ele>140</ele>
        <time>2026-05-14T10:06:38+00:00</time>
      </trkpt>
      <trkpt lat="48.77955" lon="2.06589">
        <ele>141</ele>
        <time>2026-05-14T10:06:39+00:00</time>
      </trkpt>
      <trkpt lat="48.77896" lon="2.06472">
        <ele>142</ele>
        <time>2026-05-14T10:06:40+00:00</time>
      </trkpt>
      <trkpt lat="48.77892" lon="2.06478">
        <ele>142</ele>
        <time>2026-05-14T10:06:41+00:00</time>
      </trkpt>
      <trkpt lat="48.77887" lon="2.0648">
        <ele>142</ele>
        <time>2026-05-14T10:06:42+00:00</time>
      </trkpt>
      <trkpt lat="48.77864" lon="2.06428">
        <ele>143</ele>
        <time>2026-05-14T10:06:43+00:00</time>
      </trkpt>
      <trkpt lat="48.77856" lon="2.06404">
        <ele>143</ele>
        <time>2026-05-14T10:06:44+00:00</time>
      </trkpt>
      <trkpt lat="48.77854" lon="2.06363">
        <ele>144</ele>
        <time>2026-05-14T10:06:45+00:00</time>
      </trkpt>
      <trkpt lat="48.7784" lon="2.06315">
        <ele>144</ele>
        <time>2026-05-14T10:06:46+00:00</time>
      </trkpt>
      <trkpt lat="48.77838" lon="2.06298">
        <ele>143</ele>
        <time>2026-05-14T10:06:47+00:00</time>
      </trkpt>
      <trkpt lat="48.77845" lon="2.06273">
        <ele>144</ele>
        <time>2026-05-14T10:06:48+00:00</time>
      </trkpt>
      <trkpt lat="48.7784" lon="2.06257">
        <ele>144</ele>
        <time>2026-05-14T10:06:49+00:00</time>
      </trkpt>
      <trkpt lat="48.77831" lon="2.06246">
        <ele>143</ele>
        <time>2026-05-14T10:06:50+00:00</time>
      </trkpt>
      <trkpt lat="48.77804" lon="2.06232">
        <ele>143</ele>
        <time>2026-05-14T10:06:51+00:00</time>
      </trkpt>
      <trkpt lat="48.778" lon="2.06223">
        <ele>143</ele>
        <time>2026-05-14T10:06:52+00:00</time>
      </trkpt>
      <trkpt lat="48.77795" lon="2.06196">
        <ele>144</ele>
        <time>2026-05-14T10:06:53+00:00</time>
      </trkpt>
      <trkpt lat="48.77795" lon="2.06182">
        <ele>144</ele>
        <time>2026-05-14T10:06:54+00:00</time>
      </trkpt>
      <trkpt lat="48.77801" lon="2.06175">
        <ele>144</ele>
        <time>2026-05-14T10:06:55+00:00</time>
      </trkpt>
      <trkpt lat="48.77817" lon="2.06172">
        <ele>144</ele>
        <time>2026-05-14T10:06:56+00:00</time>
      </trkpt>
      <trkpt lat="48.77827" lon="2.06166">
        <ele>144</ele>
        <time>2026-05-14T10:06:57+00:00</time>
      </trkpt>
      <trkpt lat="48.77844" lon="2.06146">
        <ele>146</ele>
        <time>2026-05-14T10:06:58+00:00</time>
      </trkpt>
      <trkpt lat="48.77853" lon="2.06117">
        <ele>148</ele>
        <time>2026-05-14T10:06:59+00:00</time>
      </trkpt>
      <trkpt lat="48.77856" lon="2.061">
        <ele>149</ele>
        <time>2026-05-14T10:07:00+00:00</time>
      </trkpt>
      <trkpt lat="48.77857" lon="2.06063">
        <ele>151</ele>
        <time>2026-05-14T10:07:01+00:00</time>
      </trkpt>
      <trkpt lat="48.77852" lon="2.05995">
        <ele>155</ele>
        <time>2026-05-14T10:07:02+00:00</time>
      </trkpt>
      <trkpt lat="48.7783" lon="2.05996">
        <ele>153</ele>
        <time>2026-05-14T10:07:03+00:00</time>
      </trkpt>
      <trkpt lat="48.77742" lon="2.05973">
        <ele>145</ele>
        <time>2026-05-14T10:07:04+00:00</time>
      </trkpt>
      <trkpt lat="48.7772" lon="2.05964">
        <ele>146</ele>
        <time>2026-05-14T10:07:05+00:00</time>
      </trkpt>
      <trkpt lat="48.77706" lon="2.05949">
        <ele>147</ele>
        <time>2026-05-14T10:07:06+00:00</time>
      </trkpt>
      <trkpt lat="48.77689" lon="2.05918">
        <ele>148</ele>
        <time>2026-05-14T10:07:07+00:00</time>
      </trkpt>
      <trkpt lat="48.77685" lon="2.05903">
        <ele>148</ele>
        <time>2026-05-14T10:07:08+00:00</time>
      </trkpt>
      <trkpt lat="48.77663" lon="2.059">
        <ele>148</ele>
        <time>2026-05-14T10:07:09+00:00</time>
      </trkpt>
      <trkpt lat="48.77657" lon="2.05873">
        <ele>149</ele>
        <time>2026-05-14T10:07:10+00:00</time>
      </trkpt>
      <trkpt lat="48.77646" lon="2.05873">
        <ele>149</ele>
        <time>2026-05-14T10:07:11+00:00</time>
      </trkpt>
      <trkpt lat="48.77615" lon="2.05835">
        <ele>149</ele>
        <time>2026-05-14T10:07:12+00:00</time>
      </trkpt>
      <trkpt lat="48.77597" lon="2.05817">
        <ele>149</ele>
        <time>2026-05-14T10:07:13+00:00</time>
      </trkpt>
      <trkpt lat="48.77541" lon="2.05738">
        <ele>149</ele>
        <time>2026-05-14T10:07:14+00:00</time>
      </trkpt>
      <trkpt lat="48.77522" lon="2.05721">
        <ele>149</ele>
        <time>2026-05-14T10:07:15+00:00</time>
      </trkpt>
      <trkpt lat="48.77505" lon="2.05694">
        <ele>150</ele>
        <time>2026-05-14T10:07:16+00:00</time>
      </trkpt>
      <trkpt lat="48.77465" lon="2.05644">
        <ele>150</ele>
        <time>2026-05-14T10:07:17+00:00</time>
      </trkpt>
      <trkpt lat="48.77456" lon="2.05636">
        <ele>150</ele>
        <time>2026-05-14T10:07:18+00:00</time>
      </trkpt>
      <trkpt lat="48.77429" lon="2.056">
        <ele>150</ele>
        <time>2026-05-14T10:07:19+00:00</time>
      </trkpt>
      <trkpt lat="48.7742" lon="2.05593">
        <ele>150</ele>
        <time>2026-05-14T10:07:20+00:00</time>
      </trkpt>
      <trkpt lat="48.77416" lon="2.05584">
        <ele>150</ele>
        <time>2026-05-14T10:07:21+00:00</time>
      </trkpt>
      <trkpt lat="48.77411" lon="2.05585">
        <ele>150</ele>
        <time>2026-05-14T10:07:22+00:00</time>
      </trkpt>
      <trkpt lat="48.77409" lon="2.05583">
        <ele>150</ele>
        <time>2026-05-14T10:07:23+00:00</time>
      </trkpt>
      <trkpt lat="48.77403" lon="2.05565">
        <ele>150</ele>
        <time>2026-05-14T10:07:24+00:00</time>
      </trkpt>
      <trkpt lat="48.77396" lon="2.05559">
        <ele>150</ele>
        <time>2026-05-14T10:07:25+00:00</time>
      </trkpt>
      <trkpt lat="48.77343" lon="2.05468">
        <ele>151</ele>
        <time>2026-05-14T10:07:26+00:00</time>
      </trkpt>
      <trkpt lat="48.77321" lon="2.05438">
        <ele>151</ele>
        <time>2026-05-14T10:07:27+00:00</time>
      </trkpt>
      <trkpt lat="48.77284" lon="2.05376">
        <ele>152</ele>
        <time>2026-05-14T10:07:28+00:00</time>
      </trkpt>
      <trkpt lat="48.7726" lon="2.05345">
        <ele>152</ele>
        <time>2026-05-14T10:07:29+00:00</time>
      </trkpt>
      <trkpt lat="48.77228" lon="2.05292">
        <ele>152</ele>
        <time>2026-05-14T10:07:30+00:00</time>
      </trkpt>
      <trkpt lat="48.77222" lon="2.05299">
        <ele>152</ele>
        <time>2026-05-14T10:07:31+00:00</time>
      </trkpt>
      <trkpt lat="48.77206" lon="2.05329">
        <ele>152</ele>
        <time>2026-05-14T10:07:32+00:00</time>
      </trkpt>
      <trkpt lat="48.77199" lon="2.05328">
        <ele>152</ele>
        <time>2026-05-14T10:07:33+00:00</time>
      </trkpt>
      <trkpt lat="48.77182" lon="2.05284">
        <ele>152</ele>
        <time>2026-05-14T10:07:34+00:00</time>
      </trkpt>
      <trkpt lat="48.77158" lon="2.05239">
        <ele>152</ele>
        <time>2026-05-14T10:07:35+00:00</time>
      </trkpt>
      <trkpt lat="48.77157" lon="2.05231">
        <ele>152</ele>
        <time>2026-05-14T10:07:36+00:00</time>
      </trkpt>
      <trkpt lat="48.77127" lon="2.05168">
        <ele>152</ele>
        <time>2026-05-14T10:07:37+00:00</time>
      </trkpt>
      <trkpt lat="48.77114" lon="2.05146">
        <ele>151</ele>
        <time>2026-05-14T10:07:38+00:00</time>
      </trkpt>
      <trkpt lat="48.771" lon="2.05097">
        <ele>152</ele>
        <time>2026-05-14T10:07:39+00:00</time>
      </trkpt>
      <trkpt lat="48.77092" lon="2.05082">
        <ele>152</ele>
        <time>2026-05-14T10:07:40+00:00</time>
      </trkpt>
      <trkpt lat="48.77082" lon="2.05075">
        <ele>152</ele>
        <time>2026-05-14T10:07:41+00:00</time>
      </trkpt>
      <trkpt lat="48.77061" lon="2.05067">
        <ele>154</ele>
        <time>2026-05-14T10:07:42+00:00</time>
      </trkpt>
      <trkpt lat="48.77029" lon="2.05023">
        <ele>156</ele>
        <time>2026-05-14T10:07:43+00:00</time>
      </trkpt>
      <trkpt lat="48.76999" lon="2.04989">
        <ele>157</ele>
        <time>2026-05-14T10:07:44+00:00</time>
      </trkpt>
      <trkpt lat="48.76945" lon="2.04944">
        <ele>157</ele>
        <time>2026-05-14T10:07:45+00:00</time>
      </trkpt>
      <trkpt lat="48.7693" lon="2.04944">
        <ele>158</ele>
        <time>2026-05-14T10:07:46+00:00</time>
      </trkpt>
      <trkpt lat="48.76926" lon="2.04942">
        <ele>158</ele>
        <time>2026-05-14T10:07:47+00:00</time>
      </trkpt>
      <trkpt lat="48.7685" lon="2.04874">
        <ele>157</ele>
        <time>2026-05-14T10:07:48+00:00</time>
      </trkpt>
      <trkpt lat="48.76825" lon="2.04849">
        <ele>157</ele>
        <time>2026-05-14T10:07:49+00:00</time>
      </trkpt>
      <trkpt lat="48.76819" lon="2.0484">
        <ele>157</ele>
        <time>2026-05-14T10:07:50+00:00</time>
      </trkpt>
      <trkpt lat="48.76803" lon="2.04826">
        <ele>157</ele>
        <time>2026-05-14T10:07:51+00:00</time>
      </trkpt>
      <trkpt lat="48.76794" lon="2.04802">
        <ele>157</ele>
        <time>2026-05-14T10:07:52+00:00</time>
      </trkpt>
      <trkpt lat="48.76851" lon="2.04659">
        <ele>160</ele>
        <time>2026-05-14T10:07:53+00:00</time>
      </trkpt>
      <trkpt lat="48.76893" lon="2.04561">
        <ele>158</ele>
        <time>2026-05-14T10:07:54+00:00</time>
      </trkpt>
      <trkpt lat="48.76891" lon="2.04497">
        <ele>159</ele>
        <time>2026-05-14T10:07:55+00:00</time>
      </trkpt>
      <trkpt lat="48.7688" lon="2.04479">
        <ele>159</ele>
        <time>2026-05-14T10:07:56+00:00</time>
      </trkpt>
      <trkpt lat="48.76791" lon="2.04394">
        <ele>159</ele>
        <time>2026-05-14T10:07:57+00:00</time>
      </trkpt>
      <trkpt lat="48.7678" lon="2.0438">
        <ele>159</ele>
        <time>2026-05-14T10:07:58+00:00</time>
      </trkpt>
      <trkpt lat="48.76779" lon="2.04374">
        <ele>159</ele>
        <time>2026-05-14T10:07:59+00:00</time>
      </trkpt>
      <trkpt lat="48.76719" lon="2.04321">
        <ele>160</ele>
        <time>2026-05-14T10:08:00+00:00</time>
      </trkpt>
      <trkpt lat="48.76697" lon="2.04297">
        <ele>161</ele>
        <time>2026-05-14T10:08:01+00:00</time>
      </trkpt>
      <trkpt lat="48.76678" lon="2.04285">
        <ele>161</ele>
        <time>2026-05-14T10:08:02+00:00</time>
      </trkpt>
      <trkpt lat="48.76673" lon="2.04286">
        <ele>161</ele>
        <time>2026-05-14T10:08:03+00:00</time>
      </trkpt>
      <trkpt lat="48.76664" lon="2.04297">
        <ele>160</ele>
        <time>2026-05-14T10:08:04+00:00</time>
      </trkpt>
      <trkpt lat="48.76633" lon="2.0438">
        <ele>158</ele>
        <time>2026-05-14T10:08:05+00:00</time>
      </trkpt>
      <trkpt lat="48.76623" lon="2.04401">
        <ele>158</ele>
        <time>2026-05-14T10:08:06+00:00</time>
      </trkpt>
      <trkpt lat="48.7661" lon="2.04405">
        <ele>158</ele>
        <time>2026-05-14T10:08:07+00:00</time>
      </trkpt>
      <trkpt lat="48.76609" lon="2.04431">
        <ele>158</ele>
        <time>2026-05-14T10:08:08+00:00</time>
      </trkpt>
      <trkpt lat="48.76558" lon="2.04542">
        <ele>155</ele>
        <time>2026-05-14T10:08:09+00:00</time>
      </trkpt>
      <trkpt lat="48.76545" lon="2.04583">
        <ele>154</ele>
        <time>2026-05-14T10:08:10+00:00</time>
      </trkpt>
      <trkpt lat="48.76531" lon="2.0457">
        <ele>155</ele>
        <time>2026-05-14T10:08:11+00:00</time>
      </trkpt>
      <trkpt lat="48.76511" lon="2.0456">
        <ele>156</ele>
        <time>2026-05-14T10:08:12+00:00</time>
      </trkpt>
      <trkpt lat="48.76497" lon="2.04549">
        <ele>157</ele>
        <time>2026-05-14T10:08:13+00:00</time>
      </trkpt>
      <trkpt lat="48.76487" lon="2.04539">
        <ele>158</ele>
        <time>2026-05-14T10:08:14+00:00</time>
      </trkpt>
      <trkpt lat="48.76483" lon="2.0453">
        <ele>158</ele>
        <time>2026-05-14T10:08:15+00:00</time>
      </trkpt>
      <trkpt lat="48.76455" lon="2.04503">
        <ele>159</ele>
        <time>2026-05-14T10:08:16+00:00</time>
      </trkpt>
      <trkpt lat="48.7642" lon="2.04475">
        <ele>161</ele>
        <time>2026-05-14T10:08:17+00:00</time>
      </trkpt>
      <trkpt lat="48.76391" lon="2.04442">
        <ele>160</ele>
        <time>2026-05-14T10:08:18+00:00</time>
      </trkpt>
      <trkpt lat="48.76379" lon="2.04433">
        <ele>160</ele>
        <time>2026-05-14T10:08:19+00:00</time>
      </trkpt>
      <trkpt lat="48.76369" lon="2.04434">
        <ele>160</ele>
        <time>2026-05-14T10:08:20+00:00</time>
      </trkpt>
      <trkpt lat="48.76352" lon="2.04443">
        <ele>160</ele>
        <time>2026-05-14T10:08:21+00:00</time>
      </trkpt>
      <trkpt lat="48.76347" lon="2.04443">
        <ele>160</ele>
        <time>2026-05-14T10:08:22+00:00</time>
      </trkpt>
      <trkpt lat="48.76326" lon="2.04423">
        <ele>160</ele>
        <time>2026-05-14T10:08:23+00:00</time>
      </trkpt>
      <trkpt lat="48.76306" lon="2.04413">
        <ele>160</ele>
        <time>2026-05-14T10:08:24+00:00</time>
      </trkpt>
      <trkpt lat="48.76222" lon="2.04413">
        <ele>160</ele>
        <time>2026-05-14T10:08:25+00:00</time>
      </trkpt>
      <trkpt lat="48.7614" lon="2.04445">
        <ele>161</ele>
        <time>2026-05-14T10:08:26+00:00</time>
      </trkpt>
      <trkpt lat="48.76106" lon="2.04454">
        <ele>161</ele>
        <time>2026-05-14T10:08:27+00:00</time>
      </trkpt>
      <trkpt lat="48.76065" lon="2.04454">
        <ele>162</ele>
        <time>2026-05-14T10:08:28+00:00</time>
      </trkpt>
      <trkpt lat="48.76035" lon="2.04445">
        <ele>162</ele>
        <time>2026-05-14T10:08:29+00:00</time>
      </trkpt>
      <trkpt lat="48.75906" lon="2.04333">
        <ele>163</ele>
        <time>2026-05-14T10:08:30+00:00</time>
      </trkpt>
      <trkpt lat="48.75882" lon="2.04305">
        <ele>163</ele>
        <time>2026-05-14T10:08:31+00:00</time>
      </trkpt>
      <trkpt lat="48.75861" lon="2.04294">
        <ele>163</ele>
        <time>2026-05-14T10:08:32+00:00</time>
      </trkpt>
      <trkpt lat="48.75801" lon="2.04241">
        <ele>164</ele>
        <time>2026-05-14T10:08:33+00:00</time>
      </trkpt>
      <trkpt lat="48.75668" lon="2.04131">
        <ele>164</ele>
        <time>2026-05-14T10:08:34+00:00</time>
      </trkpt>
      <trkpt lat="48.75641" lon="2.04119">
        <ele>164</ele>
        <time>2026-05-14T10:08:35+00:00</time>
      </trkpt>
      <trkpt lat="48.75604" lon="2.04115">
        <ele>164</ele>
        <time>2026-05-14T10:08:36+00:00</time>
      </trkpt>
      <trkpt lat="48.75566" lon="2.04121">
        <ele>164</ele>
        <time>2026-05-14T10:08:37+00:00</time>
      </trkpt>
      <trkpt lat="48.75523" lon="2.04142">
        <ele>165</ele>
        <time>2026-05-14T10:08:38+00:00</time>
      </trkpt>
      <trkpt lat="48.75493" lon="2.0415">
        <ele>164</ele>
        <time>2026-05-14T10:08:39+00:00</time>
      </trkpt>
      <trkpt lat="48.7548" lon="2.04147">
        <ele>164</ele>
        <time>2026-05-14T10:08:40+00:00</time>
      </trkpt>
      <trkpt lat="48.75462" lon="2.04159">
        <ele>163</ele>
        <time>2026-05-14T10:08:41+00:00</time>
      </trkpt>
      <trkpt lat="48.75458" lon="2.04171">
        <ele>163</ele>
        <time>2026-05-14T10:08:42+00:00</time>
      </trkpt>
      <trkpt lat="48.75452" lon="2.04174">
        <ele>163</ele>
        <time>2026-05-14T10:08:43+00:00</time>
      </trkpt>
      <trkpt lat="48.75434" lon="2.04152">
        <ele>163</ele>
        <time>2026-05-14T10:08:44+00:00</time>
      </trkpt>
      <trkpt lat="48.75427" lon="2.0412">
        <ele>163</ele>
        <time>2026-05-14T10:08:45+00:00</time>
      </trkpt>
      <trkpt lat="48.75422" lon="2.04109">
        <ele>164</ele>
        <time>2026-05-14T10:08:46+00:00</time>
      </trkpt>
      <trkpt lat="48.75404" lon="2.04101">
        <ele>163</ele>
        <time>2026-05-14T10:08:47+00:00</time>
      </trkpt>
      <trkpt lat="48.7539" lon="2.04087">
        <ele>163</ele>
        <time>2026-05-14T10:08:48+00:00</time>
      </trkpt>
      <trkpt lat="48.75365" lon="2.04076">
        <ele>161</ele>
        <time>2026-05-14T10:08:49+00:00</time>
      </trkpt>
      <trkpt lat="48.75345" lon="2.04078">
        <ele>160</ele>
        <time>2026-05-14T10:08:50+00:00</time>
      </trkpt>
      <trkpt lat="48.75337" lon="2.0409">
        <ele>160</ele>
        <time>2026-05-14T10:08:51+00:00</time>
      </trkpt>
      <trkpt lat="48.75319" lon="2.04106">
        <ele>161</ele>
        <time>2026-05-14T10:08:52+00:00</time>
      </trkpt>
      <trkpt lat="48.75312" lon="2.04108">
        <ele>161</ele>
        <time>2026-05-14T10:08:53+00:00</time>
      </trkpt>
      <trkpt lat="48.75306" lon="2.04114">
        <ele>161</ele>
        <time>2026-05-14T10:08:54+00:00</time>
      </trkpt>
      <trkpt lat="48.75294" lon="2.04111">
        <ele>161</ele>
        <time>2026-05-14T10:08:55+00:00</time>
      </trkpt>
      <trkpt lat="48.75268" lon="2.04118">
        <ele>161</ele>
        <time>2026-05-14T10:08:56+00:00</time>
      </trkpt>
      <trkpt lat="48.75207" lon="2.04099">
        <ele>161</ele>
        <time>2026-05-14T10:08:57+00:00</time>
      </trkpt>
      <trkpt lat="48.75191" lon="2.04102">
        <ele>161</ele>
        <time>2026-05-14T10:08:58+00:00</time>
      </trkpt>
      <trkpt lat="48.75182" lon="2.04107">
        <ele>161</ele>
        <time>2026-05-14T10:08:59+00:00</time>
      </trkpt>
      <trkpt lat="48.75165" lon="2.04133">
        <ele>160</ele>
        <time>2026-05-14T10:09:00+00:00</time>
      </trkpt>
      <trkpt lat="48.75146" lon="2.04155">
        <ele>160</ele>
        <time>2026-05-14T10:09:01+00:00</time>
      </trkpt>
      <trkpt lat="48.75129" lon="2.04164">
        <ele>159</ele>
        <time>2026-05-14T10:09:02+00:00</time>
      </trkpt>
      <trkpt lat="48.75097" lon="2.04162">
        <ele>159</ele>
        <time>2026-05-14T10:09:03+00:00</time>
      </trkpt>
      <trkpt lat="48.75066" lon="2.04174">
        <ele>157</ele>
        <time>2026-05-14T10:09:04+00:00</time>
      </trkpt>
      <trkpt lat="48.75055" lon="2.04181">
        <ele>156</ele>
        <time>2026-05-14T10:09:05+00:00</time>
      </trkpt>
      <trkpt lat="48.75043" lon="2.04203">
        <ele>156</ele>
        <time>2026-05-14T10:09:06+00:00</time>
      </trkpt>
      <trkpt lat="48.75022" lon="2.04231">
        <ele>157</ele>
        <time>2026-05-14T10:09:07+00:00</time>
      </trkpt>
      <trkpt lat="48.75019" lon="2.04267">
        <ele>159</ele>
        <time>2026-05-14T10:09:08+00:00</time>
      </trkpt>
      <trkpt lat="48.75013" lon="2.04297">
        <ele>160</ele>
        <time>2026-05-14T10:09:09+00:00</time>
      </trkpt>
      <trkpt lat="48.74993" lon="2.0432">
        <ele>160</ele>
        <time>2026-05-14T10:09:10+00:00</time>
      </trkpt>
      <trkpt lat="48.74965" lon="2.04338">
        <ele>157</ele>
        <time>2026-05-14T10:09:11+00:00</time>
      </trkpt>
      <trkpt lat="48.74962" lon="2.04342">
        <ele>156</ele>
        <time>2026-05-14T10:09:12+00:00</time>
      </trkpt>
      <trkpt lat="48.74966" lon="2.04416">
        <ele>156</ele>
        <time>2026-05-14T10:09:13+00:00</time>
      </trkpt>
      <trkpt lat="48.74972" lon="2.04445">
        <ele>158</ele>
        <time>2026-05-14T10:09:14+00:00</time>
      </trkpt>
      <trkpt lat="48.74975" lon="2.0448">
        <ele>158</ele>
        <time>2026-05-14T10:09:15+00:00</time>
      </trkpt>
      <trkpt lat="48.74982" lon="2.04513">
        <ele>160</ele>
        <time>2026-05-14T10:09:16+00:00</time>
      </trkpt>
      <trkpt lat="48.7498" lon="2.0453">
        <ele>160</ele>
        <time>2026-05-14T10:09:17+00:00</time>
      </trkpt>
      <trkpt lat="48.74989" lon="2.04554">
        <ele>162</ele>
        <time>2026-05-14T10:09:18+00:00</time>
      </trkpt>
      <trkpt lat="48.74995" lon="2.0458">
        <ele>164</ele>
        <time>2026-05-14T10:09:19+00:00</time>
      </trkpt>
      <trkpt lat="48.74999" lon="2.04643">
        <ele>165</ele>
        <time>2026-05-14T10:09:20+00:00</time>
      </trkpt>
      <trkpt lat="48.75004" lon="2.04654">
        <ele>165</ele>
        <time>2026-05-14T10:09:21+00:00</time>
      </trkpt>
      <trkpt lat="48.75007" lon="2.04671">
        <ele>165</ele>
        <time>2026-05-14T10:09:22+00:00</time>
      </trkpt>
      <trkpt lat="48.75016" lon="2.04689">
        <ele>165</ele>
        <time>2026-05-14T10:09:23+00:00</time>
      </trkpt>
      <trkpt lat="48.75018" lon="2.047">
        <ele>165</ele>
        <time>2026-05-14T10:09:24+00:00</time>
      </trkpt>
      <trkpt lat="48.75044" lon="2.04746">
        <ele>164</ele>
        <time>2026-05-14T10:09:25+00:00</time>
      </trkpt>
      <trkpt lat="48.7506" lon="2.04782">
        <ele>163</ele>
        <time>2026-05-14T10:09:26+00:00</time>
      </trkpt>
      <trkpt lat="48.75067" lon="2.04791">
        <ele>163</ele>
        <time>2026-05-14T10:09:27+00:00</time>
      </trkpt>
      <trkpt lat="48.75086" lon="2.04846">
        <ele>163</ele>
        <time>2026-05-14T10:09:28+00:00</time>
      </trkpt>
      <trkpt lat="48.75098" lon="2.04867">
        <ele>163</ele>
        <time>2026-05-14T10:09:29+00:00</time>
      </trkpt>
      <trkpt lat="48.75105" lon="2.0489">
        <ele>163</ele>
        <time>2026-05-14T10:09:30+00:00</time>
      </trkpt>
      <trkpt lat="48.75118" lon="2.04917">
        <ele>163</ele>
        <time>2026-05-14T10:09:31+00:00</time>
      </trkpt>
      <trkpt lat="48.75122" lon="2.0492">
        <ele>163</ele>
        <time>2026-05-14T10:09:32+00:00</time>
      </trkpt>
      <trkpt lat="48.75131" lon="2.04943">
        <ele>163</ele>
        <time>2026-05-14T10:09:33+00:00</time>
      </trkpt>
      <trkpt lat="48.75147" lon="2.04964">
        <ele>163</ele>
        <time>2026-05-14T10:09:34+00:00</time>
      </trkpt>
      <trkpt lat="48.75148" lon="2.0497">
        <ele>164</ele>
        <time>2026-05-14T10:09:35+00:00</time>
      </trkpt>
      <trkpt lat="48.7516" lon="2.04991">
        <ele>164</ele>
        <time>2026-05-14T10:09:36+00:00</time>
      </trkpt>
      <trkpt lat="48.75171" lon="2.05003">
        <ele>165</ele>
        <time>2026-05-14T10:09:37+00:00</time>
      </trkpt>
      <trkpt lat="48.75175" lon="2.05014">
        <ele>165</ele>
        <time>2026-05-14T10:09:38+00:00</time>
      </trkpt>
      <trkpt lat="48.75185" lon="2.05021">
        <ele>165</ele>
        <time>2026-05-14T10:09:39+00:00</time>
      </trkpt>
      <trkpt lat="48.75197" lon="2.05043">
        <ele>164</ele>
        <time>2026-05-14T10:09:40+00:00</time>
      </trkpt>
      <trkpt lat="48.75195" lon="2.05059">
        <ele>164</ele>
        <time>2026-05-14T10:09:41+00:00</time>
      </trkpt>
      <trkpt lat="48.75214" lon="2.05075">
        <ele>164</ele>
        <time>2026-05-14T10:09:42+00:00</time>
      </trkpt>
      <trkpt lat="48.7522" lon="2.05101">
        <ele>165</ele>
        <time>2026-05-14T10:09:43+00:00</time>
      </trkpt>
      <trkpt lat="48.75219" lon="2.05108">
        <ele>165</ele>
        <time>2026-05-14T10:09:44+00:00</time>
      </trkpt>
      <trkpt lat="48.75211" lon="2.05124">
        <ele>165</ele>
        <time>2026-05-14T10:09:45+00:00</time>
      </trkpt>
      <trkpt lat="48.75215" lon="2.05163">
        <ele>167</ele>
        <time>2026-05-14T10:09:46+00:00</time>
      </trkpt>
      <trkpt lat="48.75211" lon="2.05179">
        <ele>167</ele>
        <time>2026-05-14T10:09:47+00:00</time>
      </trkpt>
      <trkpt lat="48.75208" lon="2.05215">
        <ele>168</ele>
        <time>2026-05-14T10:09:48+00:00</time>
      </trkpt>
      <trkpt lat="48.75196" lon="2.05254">
        <ele>169</ele>
        <time>2026-05-14T10:09:49+00:00</time>
      </trkpt>
      <trkpt lat="48.75193" lon="2.05273">
        <ele>169</ele>
        <time>2026-05-14T10:09:50+00:00</time>
      </trkpt>
      <trkpt lat="48.75194" lon="2.05289">
        <ele>169</ele>
        <time>2026-05-14T10:09:51+00:00</time>
      </trkpt>
      <trkpt lat="48.75185" lon="2.0533">
        <ele>169</ele>
        <time>2026-05-14T10:09:52+00:00</time>
      </trkpt>
      <trkpt lat="48.75187" lon="2.05354">
        <ele>169</ele>
        <time>2026-05-14T10:09:53+00:00</time>
      </trkpt>
      <trkpt lat="48.75181" lon="2.05385">
        <ele>170</ele>
        <time>2026-05-14T10:09:54+00:00</time>
      </trkpt>
      <trkpt lat="48.75183" lon="2.05399">
        <ele>170</ele>
        <time>2026-05-14T10:09:55+00:00</time>
      </trkpt>
      <trkpt lat="48.7518" lon="2.05413">
        <ele>171</ele>
        <time>2026-05-14T10:09:56+00:00</time>
      </trkpt>
      <trkpt lat="48.7518" lon="2.05436">
        <ele>171</ele>
        <time>2026-05-14T10:09:57+00:00</time>
      </trkpt>
      <trkpt lat="48.75174" lon="2.05456">
        <ele>172</ele>
        <time>2026-05-14T10:09:58+00:00</time>
      </trkpt>
      <trkpt lat="48.75164" lon="2.05518">
        <ele>173</ele>
        <time>2026-05-14T10:09:59+00:00</time>
      </trkpt>
      <trkpt lat="48.75156" lon="2.05533">
        <ele>173</ele>
        <time>2026-05-14T10:10:00+00:00</time>
      </trkpt>
      <trkpt lat="48.75155" lon="2.0555">
        <ele>173</ele>
        <time>2026-05-14T10:10:01+00:00</time>
      </trkpt>
      <trkpt lat="48.75148" lon="2.05569">
        <ele>173</ele>
        <time>2026-05-14T10:10:02+00:00</time>
      </trkpt>
      <trkpt lat="48.75146" lon="2.05587">
        <ele>173</ele>
        <time>2026-05-14T10:10:03+00:00</time>
      </trkpt>
      <trkpt lat="48.75148" lon="2.05594">
        <ele>173</ele>
        <time>2026-05-14T10:10:04+00:00</time>
      </trkpt>
      <trkpt lat="48.75133" lon="2.0562">
        <ele>173</ele>
        <time>2026-05-14T10:10:05+00:00</time>
      </trkpt>
      <trkpt lat="48.75122" lon="2.05654">
        <ele>173</ele>
        <time>2026-05-14T10:10:06+00:00</time>
      </trkpt>
      <trkpt lat="48.75108" lon="2.05687">
        <ele>174</ele>
        <time>2026-05-14T10:10:07+00:00</time>
      </trkpt>
      <trkpt lat="48.75091" lon="2.05736">
        <ele>173</ele>
        <time>2026-05-14T10:10:08+00:00</time>
      </trkpt>
      <trkpt lat="48.75087" lon="2.05754">
        <ele>173</ele>
        <time>2026-05-14T10:10:09+00:00</time>
      </trkpt>
      <trkpt lat="48.75082" lon="2.05763">
        <ele>173</ele>
        <time>2026-05-14T10:10:10+00:00</time>
      </trkpt>
      <trkpt lat="48.75077" lon="2.05785">
        <ele>172</ele>
        <time>2026-05-14T10:10:11+00:00</time>
      </trkpt>
      <trkpt lat="48.75068" lon="2.05807">
        <ele>172</ele>
        <time>2026-05-14T10:10:12+00:00</time>
      </trkpt>
      <trkpt lat="48.75062" lon="2.05832">
        <ele>171</ele>
        <time>2026-05-14T10:10:13+00:00</time>
      </trkpt>
      <trkpt lat="48.75055" lon="2.05848">
        <ele>171</ele>
        <time>2026-05-14T10:10:14+00:00</time>
      </trkpt>
      <trkpt lat="48.75061" lon="2.05925">
        <ele>171</ele>
        <time>2026-05-14T10:10:15+00:00</time>
      </trkpt>
      <trkpt lat="48.7506" lon="2.05958">
        <ele>170</ele>
        <time>2026-05-14T10:10:16+00:00</time>
      </trkpt>
      <trkpt lat="48.75063" lon="2.05965">
        <ele>169</ele>
        <time>2026-05-14T10:10:17+00:00</time>
      </trkpt>
      <trkpt lat="48.75052" lon="2.06062">
        <ele>166</ele>
        <time>2026-05-14T10:10:18+00:00</time>
      </trkpt>
      <trkpt lat="48.75045" lon="2.0609">
        <ele>166</ele>
        <time>2026-05-14T10:10:19+00:00</time>
      </trkpt>
      <trkpt lat="48.75053" lon="2.06129">
        <ele>166</ele>
        <time>2026-05-14T10:10:20+00:00</time>
      </trkpt>
      <trkpt lat="48.75074" lon="2.06157">
        <ele>166</ele>
        <time>2026-05-14T10:10:21+00:00</time>
      </trkpt>
      <trkpt lat="48.75068" lon="2.0617">
        <ele>166</ele>
        <time>2026-05-14T10:10:22+00:00</time>
      </trkpt>
      <trkpt lat="48.75057" lon="2.06185">
        <ele>165</ele>
        <time>2026-05-14T10:10:23+00:00</time>
      </trkpt>
      <trkpt lat="48.75052" lon="2.06198">
        <ele>165</ele>
        <time>2026-05-14T10:10:24+00:00</time>
      </trkpt>
      <trkpt lat="48.75027" lon="2.06241">
        <ele>166</ele>
        <time>2026-05-14T10:10:25+00:00</time>
      </trkpt>
      <trkpt lat="48.75006" lon="2.06264">
        <ele>166</ele>
        <time>2026-05-14T10:10:26+00:00</time>
      </trkpt>
      <trkpt lat="48.74998" lon="2.06278">
        <ele>166</ele>
        <time>2026-05-14T10:10:27+00:00</time>
      </trkpt>
      <trkpt lat="48.74993" lon="2.06295">
        <ele>166</ele>
        <time>2026-05-14T10:10:28+00:00</time>
      </trkpt>
      <trkpt lat="48.74978" lon="2.0632">
        <ele>165</ele>
        <time>2026-05-14T10:10:29+00:00</time>
      </trkpt>
      <trkpt lat="48.74967" lon="2.0635">
        <ele>165</ele>
        <time>2026-05-14T10:10:30+00:00</time>
      </trkpt>
      <trkpt lat="48.74957" lon="2.06357">
        <ele>165</ele>
        <time>2026-05-14T10:10:31+00:00</time>
      </trkpt>
      <trkpt lat="48.74937" lon="2.0634">
        <ele>167</ele>
        <time>2026-05-14T10:10:32+00:00</time>
      </trkpt>
      <trkpt lat="48.74922" lon="2.0632">
        <ele>167</ele>
        <time>2026-05-14T10:10:33+00:00</time>
      </trkpt>
      <trkpt lat="48.74914" lon="2.063">
        <ele>167</ele>
        <time>2026-05-14T10:10:34+00:00</time>
      </trkpt>
      <trkpt lat="48.74913" lon="2.06247">
        <ele>166</ele>
        <time>2026-05-14T10:10:35+00:00</time>
      </trkpt>
      <trkpt lat="48.74927" lon="2.06209">
        <ele>166</ele>
        <time>2026-05-14T10:10:36+00:00</time>
      </trkpt>
      <trkpt lat="48.74931" lon="2.0618">
        <ele>167</ele>
        <time>2026-05-14T10:10:37+00:00</time>
      </trkpt>
      <trkpt lat="48.74942" lon="2.06144">
        <ele>166</ele>
        <time>2026-05-14T10:10:38+00:00</time>
      </trkpt>
      <trkpt lat="48.74936" lon="2.06088">
        <ele>167</ele>
        <time>2026-05-14T10:10:39+00:00</time>
      </trkpt>
      <trkpt lat="48.7493" lon="2.06082">
        <ele>167</ele>
        <time>2026-05-14T10:10:40+00:00</time>
      </trkpt>
      <trkpt lat="48.74918" lon="2.0608">
        <ele>167</ele>
        <time>2026-05-14T10:10:41+00:00</time>
      </trkpt>
      <trkpt lat="48.74905" lon="2.06083">
        <ele>165</ele>
        <time>2026-05-14T10:10:42+00:00</time>
      </trkpt>
      <trkpt lat="48.749" lon="2.06082">
        <ele>164</ele>
        <time>2026-05-14T10:10:43+00:00</time>
      </trkpt>
      <trkpt lat="48.7488" lon="2.06094">
        <ele>161</ele>
        <time>2026-05-14T10:10:44+00:00</time>
      </trkpt>
      <trkpt lat="48.74861" lon="2.06116">
        <ele>158</ele>
        <time>2026-05-14T10:10:45+00:00</time>
      </trkpt>
      <trkpt lat="48.74855" lon="2.06107">
        <ele>157</ele>
        <time>2026-05-14T10:10:46+00:00</time>
      </trkpt>
      <trkpt lat="48.74845" lon="2.061">
        <ele>155</ele>
        <time>2026-05-14T10:10:47+00:00</time>
      </trkpt>
      <trkpt lat="48.74829" lon="2.06095">
        <ele>152</ele>
        <time>2026-05-14T10:10:48+00:00</time>
      </trkpt>
      <trkpt lat="48.74827" lon="2.06097">
        <ele>151</ele>
        <time>2026-05-14T10:10:49+00:00</time>
      </trkpt>
      <trkpt lat="48.74845" lon="2.06105">
        <ele>155</ele>
        <time>2026-05-14T10:10:50+00:00</time>
      </trkpt>
      <trkpt lat="48.74852" lon="2.06114">
        <ele>157</ele>
        <time>2026-05-14T10:10:51+00:00</time>
      </trkpt>
      <trkpt lat="48.74851" lon="2.06124">
        <ele>157</ele>
        <time>2026-05-14T10:10:52+00:00</time>
      </trkpt>
      <trkpt lat="48.74836" lon="2.06152">
        <ele>156</ele>
        <time>2026-05-14T10:10:53+00:00</time>
      </trkpt>
      <trkpt lat="48.74825" lon="2.0619">
        <ele>156</ele>
        <time>2026-05-14T10:10:54+00:00</time>
      </trkpt>
      <trkpt lat="48.74818" lon="2.06195">
        <ele>154</ele>
        <time>2026-05-14T10:10:55+00:00</time>
      </trkpt>
      <trkpt lat="48.748" lon="2.06247">
        <ele>153</ele>
        <time>2026-05-14T10:10:56+00:00</time>
      </trkpt>
      <trkpt lat="48.74791" lon="2.06287">
        <ele>154</ele>
        <time>2026-05-14T10:10:57+00:00</time>
      </trkpt>
      <trkpt lat="48.74781" lon="2.06313">
        <ele>154</ele>
        <time>2026-05-14T10:10:58+00:00</time>
      </trkpt>
      <trkpt lat="48.74769" lon="2.06342">
        <ele>153</ele>
        <time>2026-05-14T10:10:59+00:00</time>
      </trkpt>
      <trkpt lat="48.74736" lon="2.06397">
        <ele>151</ele>
        <time>2026-05-14T10:11:00+00:00</time>
      </trkpt>
      <trkpt lat="48.7473" lon="2.06426">
        <ele>152</ele>
        <time>2026-05-14T10:11:01+00:00</time>
      </trkpt>
      <trkpt lat="48.7472" lon="2.0645">
        <ele>150</ele>
        <time>2026-05-14T10:11:02+00:00</time>
      </trkpt>
      <trkpt lat="48.74726" lon="2.06491">
        <ele>154</ele>
        <time>2026-05-14T10:11:03+00:00</time>
      </trkpt>
      <trkpt lat="48.74738" lon="2.06505">
        <ele>159</ele>
        <time>2026-05-14T10:11:04+00:00</time>
      </trkpt>
      <trkpt lat="48.74764" lon="2.06557">
        <ele>165</ele>
        <time>2026-05-14T10:11:05+00:00</time>
      </trkpt>
      <trkpt lat="48.74773" lon="2.0657">
        <ele>166</ele>
        <time>2026-05-14T10:11:06+00:00</time>
      </trkpt>
      <trkpt lat="48.74779" lon="2.06586">
        <ele>167</ele>
        <time>2026-05-14T10:11:07+00:00</time>
      </trkpt>
      <trkpt lat="48.74774" lon="2.06596">
        <ele>166</ele>
        <time>2026-05-14T10:11:08+00:00</time>
      </trkpt>
      <trkpt lat="48.74765" lon="2.06604">
        <ele>166</ele>
        <time>2026-05-14T10:11:09+00:00</time>
      </trkpt>
      <trkpt lat="48.74759" lon="2.0663">
        <ele>166</ele>
        <time>2026-05-14T10:11:10+00:00</time>
      </trkpt>
      <trkpt lat="48.74751" lon="2.06644">
        <ele>166</ele>
        <time>2026-05-14T10:11:11+00:00</time>
      </trkpt>
      <trkpt lat="48.74738" lon="2.06657">
        <ele>163</ele>
        <time>2026-05-14T10:11:12+00:00</time>
      </trkpt>
      <trkpt lat="48.74723" lon="2.06713">
        <ele>161</ele>
        <time>2026-05-14T10:11:13+00:00</time>
      </trkpt>
      <trkpt lat="48.74721" lon="2.06729">
        <ele>161</ele>
        <time>2026-05-14T10:11:14+00:00</time>
      </trkpt>
      <trkpt lat="48.74714" lon="2.06742">
        <ele>161</ele>
        <time>2026-05-14T10:11:15+00:00</time>
      </trkpt>
      <trkpt lat="48.74701" lon="2.06788">
        <ele>161</ele>
        <time>2026-05-14T10:11:16+00:00</time>
      </trkpt>
      <trkpt lat="48.74704" lon="2.06811">
        <ele>162</ele>
        <time>2026-05-14T10:11:17+00:00</time>
      </trkpt>
      <trkpt lat="48.74701" lon="2.06819">
        <ele>162</ele>
        <time>2026-05-14T10:11:18+00:00</time>
      </trkpt>
      <trkpt lat="48.74699" lon="2.06846">
        <ele>162</ele>
        <time>2026-05-14T10:11:19+00:00</time>
      </trkpt>
      <trkpt lat="48.74694" lon="2.06863">
        <ele>162</ele>
        <time>2026-05-14T10:11:20+00:00</time>
      </trkpt>
      <trkpt lat="48.74697" lon="2.06901">
        <ele>162</ele>
        <time>2026-05-14T10:11:21+00:00</time>
      </trkpt>
      <trkpt lat="48.74693" lon="2.06906">
        <ele>162</ele>
        <time>2026-05-14T10:11:22+00:00</time>
      </trkpt>
      <trkpt lat="48.74678" lon="2.06897">
        <ele>161</ele>
        <time>2026-05-14T10:11:23+00:00</time>
      </trkpt>
      <trkpt lat="48.74642" lon="2.06859">
        <ele>155</ele>
        <time>2026-05-14T10:11:24+00:00</time>
      </trkpt>
      <trkpt lat="48.74634" lon="2.06847">
        <ele>153</ele>
        <time>2026-05-14T10:11:25+00:00</time>
      </trkpt>
      <trkpt lat="48.74622" lon="2.06794">
        <ele>148</ele>
        <time>2026-05-14T10:11:26+00:00</time>
      </trkpt>
      <trkpt lat="48.7462" lon="2.06775">
        <ele>147</ele>
        <time>2026-05-14T10:11:27+00:00</time>
      </trkpt>
      <trkpt lat="48.74616" lon="2.06768">
        <ele>146</ele>
        <time>2026-05-14T10:11:28+00:00</time>
      </trkpt>
      <trkpt lat="48.74592" lon="2.06763">
        <ele>140</ele>
        <time>2026-05-14T10:11:29+00:00</time>
      </trkpt>
      <trkpt lat="48.74573" lon="2.06743">
        <ele>136</ele>
        <time>2026-05-14T10:11:30+00:00</time>
      </trkpt>
      <trkpt lat="48.74561" lon="2.06736">
        <ele>134</ele>
        <time>2026-05-14T10:11:31+00:00</time>
      </trkpt>
      <trkpt lat="48.74548" lon="2.06706">
        <ele>131</ele>
        <time>2026-05-14T10:11:32+00:00</time>
      </trkpt>
      <trkpt lat="48.74541" lon="2.06683">
        <ele>129</ele>
        <time>2026-05-14T10:11:33+00:00</time>
      </trkpt>
      <trkpt lat="48.74542" lon="2.06672">
        <ele>129</ele>
        <time>2026-05-14T10:11:34+00:00</time>
      </trkpt>
      <trkpt lat="48.74551" lon="2.06644">
        <ele>127</ele>
        <time>2026-05-14T10:11:35+00:00</time>
      </trkpt>
      <trkpt lat="48.74582" lon="2.06606">
        <ele>124</ele>
        <time>2026-05-14T10:11:36+00:00</time>
      </trkpt>
      <trkpt lat="48.74588" lon="2.06595">
        <ele>124</ele>
        <time>2026-05-14T10:11:37+00:00</time>
      </trkpt>
      <trkpt lat="48.74595" lon="2.06553">
        <ele>125</ele>
        <time>2026-05-14T10:11:38+00:00</time>
      </trkpt>
      <trkpt lat="48.74594" lon="2.06528">
        <ele>124</ele>
        <time>2026-05-14T10:11:39+00:00</time>
      </trkpt>
      <trkpt lat="48.74584" lon="2.06527">
        <ele>122</ele>
        <time>2026-05-14T10:11:40+00:00</time>
      </trkpt>
      <trkpt lat="48.74565" lon="2.06538">
        <ele>122</ele>
        <time>2026-05-14T10:11:41+00:00</time>
      </trkpt>
      <trkpt lat="48.7456" lon="2.06548">
        <ele>122</ele>
        <time>2026-05-14T10:11:42+00:00</time>
      </trkpt>
      <trkpt lat="48.74556" lon="2.06548">
        <ele>122</ele>
        <time>2026-05-14T10:11:43+00:00</time>
      </trkpt>
      <trkpt lat="48.7452" lon="2.06605">
        <ele>124</ele>
        <time>2026-05-14T10:11:44+00:00</time>
      </trkpt>
      <trkpt lat="48.74514" lon="2.06607">
        <ele>124</ele>
        <time>2026-05-14T10:11:45+00:00</time>
      </trkpt>
      <trkpt lat="48.74509" lon="2.06612">
        <ele>124</ele>
        <time>2026-05-14T10:11:46+00:00</time>
      </trkpt>
      <trkpt lat="48.74498" lon="2.06633">
        <ele>125</ele>
        <time>2026-05-14T10:11:47+00:00</time>
      </trkpt>
      <trkpt lat="48.74495" lon="2.06633">
        <ele>125</ele>
        <time>2026-05-14T10:11:48+00:00</time>
      </trkpt>
      <trkpt lat="48.74492" lon="2.06643">
        <ele>125</ele>
        <time>2026-05-14T10:11:49+00:00</time>
      </trkpt>
      <trkpt lat="48.7448" lon="2.06662">
        <ele>126</ele>
        <time>2026-05-14T10:11:50+00:00</time>
      </trkpt>
      <trkpt lat="48.74478" lon="2.06669">
        <ele>126</ele>
        <time>2026-05-14T10:11:51+00:00</time>
      </trkpt>
      <trkpt lat="48.74458" lon="2.06695">
        <ele>125</ele>
        <time>2026-05-14T10:11:52+00:00</time>
      </trkpt>
      <trkpt lat="48.74447" lon="2.0673">
        <ele>124</ele>
        <time>2026-05-14T10:11:53+00:00</time>
      </trkpt>
      <trkpt lat="48.7445" lon="2.06748">
        <ele>124</ele>
        <time>2026-05-14T10:11:54+00:00</time>
      </trkpt>
      <trkpt lat="48.74459" lon="2.06771">
        <ele>124</ele>
        <time>2026-05-14T10:11:55+00:00</time>
      </trkpt>
      <trkpt lat="48.74473" lon="2.06761">
        <ele>125</ele>
        <time>2026-05-14T10:11:56+00:00</time>
      </trkpt>
      <trkpt lat="48.74483" lon="2.06758">
        <ele>125</ele>
        <time>2026-05-14T10:11:57+00:00</time>
      </trkpt>
      <trkpt lat="48.74495" lon="2.06761">
        <ele>126</ele>
        <time>2026-05-14T10:11:58+00:00</time>
      </trkpt>
      <trkpt lat="48.74504" lon="2.06768">
        <ele>126</ele>
        <time>2026-05-14T10:11:59+00:00</time>
      </trkpt>
      <trkpt lat="48.74508" lon="2.06777">
        <ele>127</ele>
        <time>2026-05-14T10:12:00+00:00</time>
      </trkpt>
      <trkpt lat="48.74506" lon="2.06795">
        <ele>126</ele>
        <time>2026-05-14T10:12:01+00:00</time>
      </trkpt>
      <trkpt lat="48.74507" lon="2.06818">
        <ele>126</ele>
        <time>2026-05-14T10:12:02+00:00</time>
      </trkpt>
      <trkpt lat="48.7451" lon="2.0684">
        <ele>126</ele>
        <time>2026-05-14T10:12:03+00:00</time>
      </trkpt>
      <trkpt lat="48.74515" lon="2.0685">
        <ele>128</ele>
        <time>2026-05-14T10:12:04+00:00</time>
      </trkpt>
      <trkpt lat="48.74494" lon="2.0691">
        <ele>128</ele>
        <time>2026-05-14T10:12:05+00:00</time>
      </trkpt>
      <trkpt lat="48.74491" lon="2.06911">
        <ele>128</ele>
        <time>2026-05-14T10:12:06+00:00</time>
      </trkpt>
      <trkpt lat="48.74484" lon="2.06921">
        <ele>128</ele>
        <time>2026-05-14T10:12:07+00:00</time>
      </trkpt>
      <trkpt lat="48.74481" lon="2.06944">
        <ele>128</ele>
        <time>2026-05-14T10:12:08+00:00</time>
      </trkpt>
      <trkpt lat="48.74475" lon="2.0696">
        <ele>127</ele>
        <time>2026-05-14T10:12:09+00:00</time>
      </trkpt>
      <trkpt lat="48.74474" lon="2.06977">
        <ele>127</ele>
        <time>2026-05-14T10:12:10+00:00</time>
      </trkpt>
      <trkpt lat="48.74466" lon="2.0701">
        <ele>126</ele>
        <time>2026-05-14T10:12:11+00:00</time>
      </trkpt>
      <trkpt lat="48.74466" lon="2.07025">
        <ele>126</ele>
        <time>2026-05-14T10:12:12+00:00</time>
      </trkpt>
      <trkpt lat="48.74459" lon="2.07055">
        <ele>126</ele>
        <time>2026-05-14T10:12:13+00:00</time>
      </trkpt>
      <trkpt lat="48.74458" lon="2.07068">
        <ele>126</ele>
        <time>2026-05-14T10:12:14+00:00</time>
      </trkpt>
      <trkpt lat="48.74464" lon="2.07089">
        <ele>126</ele>
        <time>2026-05-14T10:12:15+00:00</time>
      </trkpt>
      <trkpt lat="48.74464" lon="2.07101">
        <ele>126</ele>
        <time>2026-05-14T10:12:16+00:00</time>
      </trkpt>
      <trkpt lat="48.7447" lon="2.0713">
        <ele>126</ele>
        <time>2026-05-14T10:12:17+00:00</time>
      </trkpt>
      <trkpt lat="48.74474" lon="2.07135">
        <ele>126</ele>
        <time>2026-05-14T10:12:18+00:00</time>
      </trkpt>
      <trkpt lat="48.74475" lon="2.07147">
        <ele>126</ele>
        <time>2026-05-14T10:12:19+00:00</time>
      </trkpt>
      <trkpt lat="48.74473" lon="2.07161">
        <ele>126</ele>
        <time>2026-05-14T10:12:20+00:00</time>
      </trkpt>
      <trkpt lat="48.74459" lon="2.07186">
        <ele>124</ele>
        <time>2026-05-14T10:12:21+00:00</time>
      </trkpt>
      <trkpt lat="48.74464" lon="2.07184">
        <ele>125</ele>
        <time>2026-05-14T10:12:22+00:00</time>
      </trkpt>
      <trkpt lat="48.7445" lon="2.07194">
        <ele>123</ele>
        <time>2026-05-14T10:12:23+00:00</time>
      </trkpt>
      <trkpt lat="48.74471" lon="2.07249">
        <ele>127</ele>
        <time>2026-05-14T10:12:24+00:00</time>
      </trkpt>
      <trkpt lat="48.74468" lon="2.07251">
        <ele>127</ele>
        <time>2026-05-14T10:12:25+00:00</time>
      </trkpt>
      <trkpt lat="48.74466" lon="2.07261">
        <ele>127</ele>
        <time>2026-05-14T10:12:26+00:00</time>
      </trkpt>
      <trkpt lat="48.74461" lon="2.07264">
        <ele>127</ele>
        <time>2026-05-14T10:12:27+00:00</time>
      </trkpt>
      <trkpt lat="48.74461" lon="2.0727">
        <ele>127</ele>
        <time>2026-05-14T10:12:28+00:00</time>
      </trkpt>
      <trkpt lat="48.74454" lon="2.07286">
        <ele>126</ele>
        <time>2026-05-14T10:12:29+00:00</time>
      </trkpt>
      <trkpt lat="48.74434" lon="2.07301">
        <ele>123</ele>
        <time>2026-05-14T10:12:30+00:00</time>
      </trkpt>
      <trkpt lat="48.74422" lon="2.07299">
        <ele>120</ele>
        <time>2026-05-14T10:12:31+00:00</time>
      </trkpt>
      <trkpt lat="48.74414" lon="2.07303">
        <ele>119</ele>
        <time>2026-05-14T10:12:32+00:00</time>
      </trkpt>
      <trkpt lat="48.74403" lon="2.07304">
        <ele>119</ele>
        <time>2026-05-14T10:12:33+00:00</time>
      </trkpt>
      <trkpt lat="48.74389" lon="2.07346">
        <ele>120</ele>
        <time>2026-05-14T10:12:34+00:00</time>
      </trkpt>
      <trkpt lat="48.74383" lon="2.0735">
        <ele>120</ele>
        <time>2026-05-14T10:12:35+00:00</time>
      </trkpt>
      <trkpt lat="48.74371" lon="2.07369">
        <ele>121</ele>
        <time>2026-05-14T10:12:36+00:00</time>
      </trkpt>
      <trkpt lat="48.74362" lon="2.0739">
        <ele>121</ele>
        <time>2026-05-14T10:12:37+00:00</time>
      </trkpt>
      <trkpt lat="48.74351" lon="2.07403">
        <ele>120</ele>
        <time>2026-05-14T10:12:38+00:00</time>
      </trkpt>
      <trkpt lat="48.74349" lon="2.07419">
        <ele>120</ele>
        <time>2026-05-14T10:12:39+00:00</time>
      </trkpt>
      <trkpt lat="48.74341" lon="2.07445">
        <ele>120</ele>
        <time>2026-05-14T10:12:40+00:00</time>
      </trkpt>
      <trkpt lat="48.74329" lon="2.07472">
        <ele>120</ele>
        <time>2026-05-14T10:12:41+00:00</time>
      </trkpt>
      <trkpt lat="48.74324" lon="2.07496">
        <ele>120</ele>
        <time>2026-05-14T10:12:42+00:00</time>
      </trkpt>
      <trkpt lat="48.74309" lon="2.07534">
        <ele>121</ele>
        <time>2026-05-14T10:12:43+00:00</time>
      </trkpt>
      <trkpt lat="48.74306" lon="2.07531">
        <ele>121</ele>
        <time>2026-05-14T10:12:44+00:00</time>
      </trkpt>
      <trkpt lat="48.74298" lon="2.07556">
        <ele>121</ele>
        <time>2026-05-14T10:12:45+00:00</time>
      </trkpt>
      <trkpt lat="48.7428" lon="2.07596">
        <ele>120</ele>
        <time>2026-05-14T10:12:46+00:00</time>
      </trkpt>
      <trkpt lat="48.7426" lon="2.07626">
        <ele>119</ele>
        <time>2026-05-14T10:12:47+00:00</time>
      </trkpt>
      <trkpt lat="48.74256" lon="2.07642">
        <ele>119</ele>
        <time>2026-05-14T10:12:48+00:00</time>
      </trkpt>
      <trkpt lat="48.74242" lon="2.07662">
        <ele>119</ele>
        <time>2026-05-14T10:12:49+00:00</time>
      </trkpt>
      <trkpt lat="48.74239" lon="2.07677">
        <ele>119</ele>
        <time>2026-05-14T10:12:50+00:00</time>
      </trkpt>
      <trkpt lat="48.74208" lon="2.07744">
        <ele>119</ele>
        <time>2026-05-14T10:12:51+00:00</time>
      </trkpt>
      <trkpt lat="48.7419" lon="2.0776">
        <ele>117</ele>
        <time>2026-05-14T10:12:52+00:00</time>
      </trkpt>
      <trkpt lat="48.74175" lon="2.07786">
        <ele>115</ele>
        <time>2026-05-14T10:12:53+00:00</time>
      </trkpt>
      <trkpt lat="48.74172" lon="2.07799">
        <ele>114</ele>
        <time>2026-05-14T10:12:54+00:00</time>
      </trkpt>
      <trkpt lat="48.74153" lon="2.07826">
        <ele>114</ele>
        <time>2026-05-14T10:12:55+00:00</time>
      </trkpt>
      <trkpt lat="48.74152" lon="2.0784">
        <ele>114</ele>
        <time>2026-05-14T10:12:56+00:00</time>
      </trkpt>
      <trkpt lat="48.74145" lon="2.0786">
        <ele>114</ele>
        <time>2026-05-14T10:12:57+00:00</time>
      </trkpt>
      <trkpt lat="48.74136" lon="2.07871">
        <ele>114</ele>
        <time>2026-05-14T10:12:58+00:00</time>
      </trkpt>
      <trkpt lat="48.74121" lon="2.07927">
        <ele>113</ele>
        <time>2026-05-14T10:12:59+00:00</time>
      </trkpt>
      <trkpt lat="48.74095" lon="2.07909">
        <ele>111</ele>
        <time>2026-05-14T10:13:00+00:00</time>
      </trkpt>
      <trkpt lat="48.74066" lon="2.07895">
        <ele>116</ele>
        <time>2026-05-14T10:13:01+00:00</time>
      </trkpt>
      <trkpt lat="48.74048" lon="2.079">
        <ele>120</ele>
        <time>2026-05-14T10:13:02+00:00</time>
      </trkpt>
      <trkpt lat="48.7403" lon="2.07932">
        <ele>122</ele>
        <time>2026-05-14T10:13:03+00:00</time>
      </trkpt>
      <trkpt lat="48.74006" lon="2.08007">
        <ele>122</ele>
        <time>2026-05-14T10:13:04+00:00</time>
      </trkpt>
      <trkpt lat="48.73988" lon="2.08104">
        <ele>119</ele>
        <time>2026-05-14T10:13:05+00:00</time>
      </trkpt>
      <trkpt lat="48.73959" lon="2.08138">
        <ele>117</ele>
        <time>2026-05-14T10:13:06+00:00</time>
      </trkpt>
      <trkpt lat="48.73944" lon="2.08138">
        <ele>117</ele>
        <time>2026-05-14T10:13:07+00:00</time>
      </trkpt>
      <trkpt lat="48.73929" lon="2.08131">
        <ele>117</ele>
        <time>2026-05-14T10:13:08+00:00</time>
      </trkpt>
      <trkpt lat="48.73894" lon="2.08097">
        <ele>118</ele>
        <time>2026-05-14T10:13:09+00:00</time>
      </trkpt>
      <trkpt lat="48.73887" lon="2.08092">
        <ele>118</ele>
        <time>2026-05-14T10:13:10+00:00</time>
      </trkpt>
      <trkpt lat="48.73884" lon="2.08093">
        <ele>118</ele>
        <time>2026-05-14T10:13:11+00:00</time>
      </trkpt>
      <trkpt lat="48.73838" lon="2.08135">
        <ele>115</ele>
        <time>2026-05-14T10:13:12+00:00</time>
      </trkpt>
      <trkpt lat="48.73769" lon="2.0824">
        <ele>112</ele>
        <time>2026-05-14T10:13:13+00:00</time>
      </trkpt>
      <trkpt lat="48.73756" lon="2.08256">
        <ele>112</ele>
        <time>2026-05-14T10:13:14+00:00</time>
      </trkpt>
      <trkpt lat="48.73742" lon="2.08267">
        <ele>111</ele>
        <time>2026-05-14T10:13:15+00:00</time>
      </trkpt>
      <trkpt lat="48.73711" lon="2.08285">
        <ele>110</ele>
        <time>2026-05-14T10:13:16+00:00</time>
      </trkpt>
      <trkpt lat="48.73694" lon="2.08291">
        <ele>109</ele>
        <time>2026-05-14T10:13:17+00:00</time>
      </trkpt>
      <trkpt lat="48.73674" lon="2.08294">
        <ele>109</ele>
        <time>2026-05-14T10:13:18+00:00</time>
      </trkpt>
      <trkpt lat="48.73641" lon="2.08293">
        <ele>109</ele>
        <time>2026-05-14T10:13:19+00:00</time>
      </trkpt>
      <trkpt lat="48.73594" lon="2.08304">
        <ele>110</ele>
        <time>2026-05-14T10:13:20+00:00</time>
      </trkpt>
      <trkpt lat="48.73576" lon="2.08311">
        <ele>110</ele>
        <time>2026-05-14T10:13:21+00:00</time>
      </trkpt>
      <trkpt lat="48.7352" lon="2.0835">
        <ele>111</ele>
        <time>2026-05-14T10:13:22+00:00</time>
      </trkpt>
      <trkpt lat="48.73504" lon="2.08356">
        <ele>111</ele>
        <time>2026-05-14T10:13:23+00:00</time>
      </trkpt>
      <trkpt lat="48.73471" lon="2.0836">
        <ele>114</ele>
        <time>2026-05-14T10:13:24+00:00</time>
      </trkpt>
      <trkpt lat="48.73447" lon="2.08405">
        <ele>115</ele>
        <time>2026-05-14T10:13:25+00:00</time>
      </trkpt>
      <trkpt lat="48.73437" lon="2.08417">
        <ele>115</ele>
        <time>2026-05-14T10:13:26+00:00</time>
      </trkpt>
      <trkpt lat="48.73397" lon="2.08448">
        <ele>118</ele>
        <time>2026-05-14T10:13:27+00:00</time>
      </trkpt>
      <trkpt lat="48.73378" lon="2.08468">
        <ele>118</ele>
        <time>2026-05-14T10:13:28+00:00</time>
      </trkpt>
      <trkpt lat="48.73373" lon="2.08464">
        <ele>118</ele>
        <time>2026-05-14T10:13:29+00:00</time>
      </trkpt>
      <trkpt lat="48.73307" lon="2.08336">
        <ele>136</ele>
        <time>2026-05-14T10:13:30+00:00</time>
      </trkpt>
      <trkpt lat="48.73241" lon="2.08239">
        <ele>150</ele>
        <time>2026-05-14T10:13:31+00:00</time>
      </trkpt>
      <trkpt lat="48.73234" lon="2.0823">
        <ele>151</ele>
        <time>2026-05-14T10:13:32+00:00</time>
      </trkpt>
      <trkpt lat="48.73147" lon="2.08157">
        <ele>160</ele>
        <time>2026-05-14T10:13:33+00:00</time>
      </trkpt>
      <trkpt lat="48.73119" lon="2.08211">
        <ele>164</ele>
        <time>2026-05-14T10:13:34+00:00</time>
      </trkpt>
      <trkpt lat="48.7311" lon="2.08215">
        <ele>165</ele>
        <time>2026-05-14T10:13:35+00:00</time>
      </trkpt>
      <trkpt lat="48.7293" lon="2.08436">
        <ele>165</ele>
        <time>2026-05-14T10:13:36+00:00</time>
      </trkpt>
      <trkpt lat="48.72913" lon="2.0846">
        <ele>165</ele>
        <time>2026-05-14T10:13:37+00:00</time>
      </trkpt>
      <trkpt lat="48.72897" lon="2.08496">
        <ele>163</ele>
        <time>2026-05-14T10:13:38+00:00</time>
      </trkpt>
      <trkpt lat="48.72885" lon="2.08586">
        <ele>161</ele>
        <time>2026-05-14T10:13:39+00:00</time>
      </trkpt>
      <trkpt lat="48.72895" lon="2.08657">
        <ele>161</ele>
        <time>2026-05-14T10:13:40+00:00</time>
      </trkpt>
      <trkpt lat="48.72885" lon="2.08692">
        <ele>161</ele>
        <time>2026-05-14T10:13:41+00:00</time>
      </trkpt>
      <trkpt lat="48.72856" lon="2.08758">
        <ele>164</ele>
        <time>2026-05-14T10:13:42+00:00</time>
      </trkpt>
      <trkpt lat="48.72845" lon="2.08797">
        <ele>165</ele>
        <time>2026-05-14T10:13:43+00:00</time>
      </trkpt>
      <trkpt lat="48.72843" lon="2.08878">
        <ele>165</ele>
        <time>2026-05-14T10:13:44+00:00</time>
      </trkpt>
      <trkpt lat="48.72811" lon="2.08981">
        <ele>164</ele>
        <time>2026-05-14T10:13:45+00:00</time>
      </trkpt>
      <trkpt lat="48.72778" lon="2.09011">
        <ele>163</ele>
        <time>2026-05-14T10:13:46+00:00</time>
      </trkpt>
      <trkpt lat="48.72768" lon="2.09027">
        <ele>163</ele>
        <time>2026-05-14T10:13:47+00:00</time>
      </trkpt>
      <trkpt lat="48.72762" lon="2.09042">
        <ele>163</ele>
        <time>2026-05-14T10:13:48+00:00</time>
      </trkpt>
      <trkpt lat="48.72759" lon="2.09072">
        <ele>162</ele>
        <time>2026-05-14T10:13:49+00:00</time>
      </trkpt>
      <trkpt lat="48.72763" lon="2.09099">
        <ele>161</ele>
        <time>2026-05-14T10:13:50+00:00</time>
      </trkpt>
      <trkpt lat="48.7277" lon="2.09117">
        <ele>159</ele>
        <time>2026-05-14T10:13:51+00:00</time>
      </trkpt>
      <trkpt lat="48.72789" lon="2.09149">
        <ele>155</ele>
        <time>2026-05-14T10:13:52+00:00</time>
      </trkpt>
      <trkpt lat="48.72787" lon="2.09196">
        <ele>153</ele>
        <time>2026-05-14T10:13:53+00:00</time>
      </trkpt>
      <trkpt lat="48.72769" lon="2.09234">
        <ele>154</ele>
        <time>2026-05-14T10:13:54+00:00</time>
      </trkpt>
      <trkpt lat="48.72743" lon="2.09245">
        <ele>156</ele>
        <time>2026-05-14T10:13:55+00:00</time>
      </trkpt>
      <trkpt lat="48.72743" lon="2.09256">
        <ele>156</ele>
        <time>2026-05-14T10:13:56+00:00</time>
      </trkpt>
      <trkpt lat="48.72738" lon="2.09279">
        <ele>154</ele>
        <time>2026-05-14T10:13:57+00:00</time>
      </trkpt>
      <trkpt lat="48.72736" lon="2.09314">
        <ele>152</ele>
        <time>2026-05-14T10:13:58+00:00</time>
      </trkpt>
      <trkpt lat="48.72724" lon="2.09337">
        <ele>151</ele>
        <time>2026-05-14T10:13:59+00:00</time>
      </trkpt>
      <trkpt lat="48.72708" lon="2.09355">
        <ele>152</ele>
        <time>2026-05-14T10:14:00+00:00</time>
      </trkpt>
      <trkpt lat="48.727" lon="2.09371">
        <ele>152</ele>
        <time>2026-05-14T10:14:01+00:00</time>
      </trkpt>
      <trkpt lat="48.72696" lon="2.09396">
        <ele>152</ele>
        <time>2026-05-14T10:14:02+00:00</time>
      </trkpt>
      <trkpt lat="48.7267" lon="2.09406">
        <ele>156</ele>
        <time>2026-05-14T10:14:03+00:00</time>
      </trkpt>
      <trkpt lat="48.72649" lon="2.09406">
        <ele>157</ele>
        <time>2026-05-14T10:14:04+00:00</time>
      </trkpt>
      <trkpt lat="48.7262" lon="2.09429">
        <ele>157</ele>
        <time>2026-05-14T10:14:05+00:00</time>
      </trkpt>
      <trkpt lat="48.72602" lon="2.09448">
        <ele>156</ele>
        <time>2026-05-14T10:14:06+00:00</time>
      </trkpt>
      <trkpt lat="48.72591" lon="2.09444">
        <ele>157</ele>
        <time>2026-05-14T10:14:07+00:00</time>
      </trkpt>
      <trkpt lat="48.72566" lon="2.09425">
        <ele>159</ele>
        <time>2026-05-14T10:14:08+00:00</time>
      </trkpt>
      <trkpt lat="48.72548" lon="2.09422">
        <ele>158</ele>
        <time>2026-05-14T10:14:09+00:00</time>
      </trkpt>
      <trkpt lat="48.72518" lon="2.09428">
        <ele>157</ele>
        <time>2026-05-14T10:14:10+00:00</time>
      </trkpt>
      <trkpt lat="48.72495" lon="2.09448">
        <ele>157</ele>
        <time>2026-05-14T10:14:11+00:00</time>
      </trkpt>
      <trkpt lat="48.7249" lon="2.09449">
        <ele>157</ele>
        <time>2026-05-14T10:14:12+00:00</time>
      </trkpt>
      <trkpt lat="48.72477" lon="2.09434">
        <ele>157</ele>
        <time>2026-05-14T10:14:13+00:00</time>
      </trkpt>
      <trkpt lat="48.72434" lon="2.09552">
        <ele>157</ele>
        <time>2026-05-14T10:14:14+00:00</time>
      </trkpt>
      <trkpt lat="48.72444" lon="2.09744">
        <ele>159</ele>
        <time>2026-05-14T10:14:15+00:00</time>
      </trkpt>
      <trkpt lat="48.72463" lon="2.09765">
        <ele>158</ele>
        <time>2026-05-14T10:14:16+00:00</time>
      </trkpt>
      <trkpt lat="48.72481" lon="2.09794">
        <ele>158</ele>
        <time>2026-05-14T10:14:17+00:00</time>
      </trkpt>
      <trkpt lat="48.72471" lon="2.09825">
        <ele>159</ele>
        <time>2026-05-14T10:14:18+00:00</time>
      </trkpt>
      <trkpt lat="48.72474" lon="2.09883">
        <ele>160</ele>
        <time>2026-05-14T10:14:19+00:00</time>
      </trkpt>
      <trkpt lat="48.7245" lon="2.0996">
        <ele>162</ele>
        <time>2026-05-14T10:14:20+00:00</time>
      </trkpt>
      <trkpt lat="48.72442" lon="2.09996">
        <ele>163</ele>
        <time>2026-05-14T10:14:21+00:00</time>
      </trkpt>
      <trkpt lat="48.72421" lon="2.10011">
        <ele>164</ele>
        <time>2026-05-14T10:14:22+00:00</time>
      </trkpt>
      <trkpt lat="48.72414" lon="2.10022">
        <ele>164</ele>
        <time>2026-05-14T10:14:23+00:00</time>
      </trkpt>
      <trkpt lat="48.72414" lon="2.10045">
        <ele>165</ele>
        <time>2026-05-14T10:14:24+00:00</time>
      </trkpt>
      <trkpt lat="48.72403" lon="2.10069">
        <ele>165</ele>
        <time>2026-05-14T10:14:25+00:00</time>
      </trkpt>
      <trkpt lat="48.7243" lon="2.1011">
        <ele>165</ele>
        <time>2026-05-14T10:14:26+00:00</time>
      </trkpt>
      <trkpt lat="48.7239" lon="2.1018">
        <ele>163</ele>
        <time>2026-05-14T10:14:27+00:00</time>
      </trkpt>
      <trkpt lat="48.72366" lon="2.10189">
        <ele>161</ele>
        <time>2026-05-14T10:14:28+00:00</time>
      </trkpt>
      <trkpt lat="48.72354" lon="2.10205">
        <ele>160</ele>
        <time>2026-05-14T10:14:29+00:00</time>
      </trkpt>
      <trkpt lat="48.72335" lon="2.10246">
        <ele>159</ele>
        <time>2026-05-14T10:14:30+00:00</time>
      </trkpt>
      <trkpt lat="48.72336" lon="2.10286">
        <ele>158</ele>
        <time>2026-05-14T10:14:31+00:00</time>
      </trkpt>
      <trkpt lat="48.72331" lon="2.10305">
        <ele>158</ele>
        <time>2026-05-14T10:14:32+00:00</time>
      </trkpt>
      <trkpt lat="48.72326" lon="2.10381">
        <ele>153</ele>
        <time>2026-05-14T10:14:33+00:00</time>
      </trkpt>
      <trkpt lat="48.7232" lon="2.10399">
        <ele>153</ele>
        <time>2026-05-14T10:14:34+00:00</time>
      </trkpt>
      <trkpt lat="48.72313" lon="2.10411">
        <ele>152</ele>
        <time>2026-05-14T10:14:35+00:00</time>
      </trkpt>
      <trkpt lat="48.72303" lon="2.10421">
        <ele>152</ele>
        <time>2026-05-14T10:14:36+00:00</time>
      </trkpt>
      <trkpt lat="48.72276" lon="2.10441">
        <ele>153</ele>
        <time>2026-05-14T10:14:37+00:00</time>
      </trkpt>
      <trkpt lat="48.72236" lon="2.10466">
        <ele>155</ele>
        <time>2026-05-14T10:14:38+00:00</time>
      </trkpt>
      <trkpt lat="48.72173" lon="2.10512">
        <ele>157</ele>
        <time>2026-05-14T10:14:39+00:00</time>
      </trkpt>
      <trkpt lat="48.72145" lon="2.10539">
        <ele>156</ele>
        <time>2026-05-14T10:14:40+00:00</time>
      </trkpt>
      <trkpt lat="48.72078" lon="2.10568">
        <ele>160</ele>
        <time>2026-05-14T10:14:41+00:00</time>
      </trkpt>
      <trkpt lat="48.72062" lon="2.10616">
        <ele>157</ele>
        <time>2026-05-14T10:14:42+00:00</time>
      </trkpt>
      <trkpt lat="48.72053" lon="2.10622">
        <ele>158</ele>
        <time>2026-05-14T10:14:43+00:00</time>
      </trkpt>
      <trkpt lat="48.7202" lon="2.10621">
        <ele>162</ele>
        <time>2026-05-14T10:14:44+00:00</time>
      </trkpt>
      <trkpt lat="48.72002" lon="2.10645">
        <ele>163</ele>
        <time>2026-05-14T10:14:45+00:00</time>
      </trkpt>
      <trkpt lat="48.71991" lon="2.10655">
        <ele>163</ele>
        <time>2026-05-14T10:14:46+00:00</time>
      </trkpt>
      <trkpt lat="48.71982" lon="2.1067">
        <ele>163</ele>
        <time>2026-05-14T10:14:47+00:00</time>
      </trkpt>
      <trkpt lat="48.71959" lon="2.10698">
        <ele>162</ele>
        <time>2026-05-14T10:14:48+00:00</time>
      </trkpt>
      <trkpt lat="48.71942" lon="2.10712">
        <ele>162</ele>
        <time>2026-05-14T10:14:49+00:00</time>
      </trkpt>
      <trkpt lat="48.71925" lon="2.1072">
        <ele>163</ele>
        <time>2026-05-14T10:14:50+00:00</time>
      </trkpt>
      <trkpt lat="48.71909" lon="2.10723">
        <ele>163</ele>
        <time>2026-05-14T10:14:51+00:00</time>
      </trkpt>
      <trkpt lat="48.71889" lon="2.10714">
        <ele>162</ele>
        <time>2026-05-14T10:14:52+00:00</time>
      </trkpt>
      <trkpt lat="48.71893" lon="2.10716">
        <ele>162</ele>
        <time>2026-05-14T10:14:53+00:00</time>
      </trkpt>
      <trkpt lat="48.71877" lon="2.10745">
        <ele>161</ele>
        <time>2026-05-14T10:14:54+00:00</time>
      </trkpt>
      <trkpt lat="48.71846" lon="2.1076">
        <ele>160</ele>
        <time>2026-05-14T10:14:55+00:00</time>
      </trkpt>
      <trkpt lat="48.71804" lon="2.10794">
        <ele>159</ele>
        <time>2026-05-14T10:14:56+00:00</time>
      </trkpt>
      <trkpt lat="48.71774" lon="2.10841">
        <ele>157</ele>
        <time>2026-05-14T10:14:57+00:00</time>
      </trkpt>
      <trkpt lat="48.71743" lon="2.10882">
        <ele>157</ele>
        <time>2026-05-14T10:14:58+00:00</time>
      </trkpt>
      <trkpt lat="48.71723" lon="2.1089">
        <ele>158</ele>
        <time>2026-05-14T10:14:59+00:00</time>
      </trkpt>
      <trkpt lat="48.71708" lon="2.10906">
        <ele>158</ele>
        <time>2026-05-14T10:15:00+00:00</time>
      </trkpt>
      <trkpt lat="48.717" lon="2.10907">
        <ele>158</ele>
        <time>2026-05-14T10:15:01+00:00</time>
      </trkpt>
      <trkpt lat="48.71675" lon="2.10891">
        <ele>158</ele>
        <time>2026-05-14T10:15:02+00:00</time>
      </trkpt>
      <trkpt lat="48.71671" lon="2.10974">
        <ele>160</ele>
        <time>2026-05-14T10:15:03+00:00</time>
      </trkpt>
      <trkpt lat="48.71675" lon="2.10995">
        <ele>161</ele>
        <time>2026-05-14T10:15:04+00:00</time>
      </trkpt>
      <trkpt lat="48.71674" lon="2.11014">
        <ele>161</ele>
        <time>2026-05-14T10:15:05+00:00</time>
      </trkpt>
      <trkpt lat="48.71672" lon="2.11019">
        <ele>161</ele>
        <time>2026-05-14T10:15:06+00:00</time>
      </trkpt>
      <trkpt lat="48.71658" lon="2.11032">
        <ele>161</ele>
        <time>2026-05-14T10:15:07+00:00</time>
      </trkpt>
      <trkpt lat="48.71656" lon="2.11051">
        <ele>161</ele>
        <time>2026-05-14T10:15:08+00:00</time>
      </trkpt>
      <trkpt lat="48.71658" lon="2.11057">
        <ele>161</ele>
        <time>2026-05-14T10:15:09+00:00</time>
      </trkpt>
      <trkpt lat="48.71699" lon="2.11106">
        <ele>160</ele>
        <time>2026-05-14T10:15:10+00:00</time>
      </trkpt>
      <trkpt lat="48.71706" lon="2.11122">
        <ele>159</ele>
        <time>2026-05-14T10:15:11+00:00</time>
      </trkpt>
      <trkpt lat="48.71711" lon="2.11149">
        <ele>157</ele>
        <time>2026-05-14T10:15:12+00:00</time>
      </trkpt>
      <trkpt lat="48.71722" lon="2.11159">
        <ele>157</ele>
        <time>2026-05-14T10:15:13+00:00</time>
      </trkpt>
      <trkpt lat="48.71742" lon="2.11168">
        <ele>158</ele>
        <time>2026-05-14T10:15:14+00:00</time>
      </trkpt>
      <trkpt lat="48.71753" lon="2.11177">
        <ele>156</ele>
        <time>2026-05-14T10:15:15+00:00</time>
      </trkpt>
      <trkpt lat="48.71756" lon="2.11191">
        <ele>154</ele>
        <time>2026-05-14T10:15:16+00:00</time>
      </trkpt>
      <trkpt lat="48.71755" lon="2.112">
        <ele>154</ele>
        <time>2026-05-14T10:15:17+00:00</time>
      </trkpt>
      <trkpt lat="48.71747" lon="2.11213">
        <ele>154</ele>
        <time>2026-05-14T10:15:18+00:00</time>
      </trkpt>
      <trkpt lat="48.71739" lon="2.11244">
        <ele>151</ele>
        <time>2026-05-14T10:15:19+00:00</time>
      </trkpt>
      <trkpt lat="48.71695" lon="2.11286">
        <ele>153</ele>
        <time>2026-05-14T10:15:20+00:00</time>
      </trkpt>
      <trkpt lat="48.71652" lon="2.11306">
        <ele>158</ele>
        <time>2026-05-14T10:15:21+00:00</time>
      </trkpt>
      <trkpt lat="48.71647" lon="2.11334">
        <ele>159</ele>
        <time>2026-05-14T10:15:22+00:00</time>
      </trkpt>
      <trkpt lat="48.71641" lon="2.11352">
        <ele>159</ele>
        <time>2026-05-14T10:15:23+00:00</time>
      </trkpt>
      <trkpt lat="48.71625" lon="2.11387">
        <ele>159</ele>
        <time>2026-05-14T10:15:24+00:00</time>
      </trkpt>
      <trkpt lat="48.71597" lon="2.11427">
        <ele>160</ele>
        <time>2026-05-14T10:15:25+00:00</time>
      </trkpt>
      <trkpt lat="48.71548" lon="2.11474">
        <ele>152</ele>
        <time>2026-05-14T10:15:26+00:00</time>
      </trkpt>
      <trkpt lat="48.71538" lon="2.11473">
        <ele>149</ele>
        <time>2026-05-14T10:15:27+00:00</time>
      </trkpt>
      <trkpt lat="48.71535" lon="2.1147">
        <ele>149</ele>
        <time>2026-05-14T10:15:28+00:00</time>
      </trkpt>
      <trkpt lat="48.71508" lon="2.11418">
        <ele>144</ele>
        <time>2026-05-14T10:15:29+00:00</time>
      </trkpt>
      <trkpt lat="48.715" lon="2.11374">
        <ele>141</ele>
        <time>2026-05-14T10:15:30+00:00</time>
      </trkpt>
      <trkpt lat="48.71498" lon="2.11283">
        <ele>141</ele>
        <time>2026-05-14T10:15:31+00:00</time>
      </trkpt>
      <trkpt lat="48.71496" lon="2.11275">
        <ele>141</ele>
        <time>2026-05-14T10:15:32+00:00</time>
      </trkpt>
      <trkpt lat="48.7149" lon="2.11272">
        <ele>140</ele>
        <time>2026-05-14T10:15:33+00:00</time>
      </trkpt>
      <trkpt lat="48.71486" lon="2.11279">
        <ele>139</ele>
        <time>2026-05-14T10:15:34+00:00</time>
      </trkpt>
      <trkpt lat="48.71481" lon="2.11313">
        <ele>138</ele>
        <time>2026-05-14T10:15:35+00:00</time>
      </trkpt>
      <trkpt lat="48.71457" lon="2.11359">
        <ele>133</ele>
        <time>2026-05-14T10:15:36+00:00</time>
      </trkpt>
      <trkpt lat="48.71429" lon="2.11429">
        <ele>124</ele>
        <time>2026-05-14T10:15:37+00:00</time>
      </trkpt>
      <trkpt lat="48.71441" lon="2.11492">
        <ele>124</ele>
        <time>2026-05-14T10:15:38+00:00</time>
      </trkpt>
      <trkpt lat="48.71452" lon="2.1163">
        <ele>115</ele>
        <time>2026-05-14T10:15:39+00:00</time>
      </trkpt>
      <trkpt lat="48.71502" lon="2.11765">
        <ele>102</ele>
        <time>2026-05-14T10:15:40+00:00</time>
      </trkpt>
      <trkpt lat="48.71502" lon="2.11836">
        <ele>90</ele>
        <time>2026-05-14T10:15:41+00:00</time>
      </trkpt>
      <trkpt lat="48.71531" lon="2.11991">
        <ele>84</ele>
        <time>2026-05-14T10:15:42+00:00</time>
      </trkpt>
      <trkpt lat="48.71545" lon="2.12124">
        <ele>83</ele>
        <time>2026-05-14T10:15:43+00:00</time>
      </trkpt>
      <trkpt lat="48.71579" lon="2.12198">
        <ele>87</ele>
        <time>2026-05-14T10:15:44+00:00</time>
      </trkpt>
      <trkpt lat="48.71575" lon="2.12222">
        <ele>89</ele>
        <time>2026-05-14T10:15:45+00:00</time>
      </trkpt>
      <trkpt lat="48.71577" lon="2.12259">
        <ele>93</ele>
        <time>2026-05-14T10:15:46+00:00</time>
      </trkpt>
      <trkpt lat="48.71575" lon="2.12273">
        <ele>96</ele>
        <time>2026-05-14T10:15:47+00:00</time>
      </trkpt>
      <trkpt lat="48.71578" lon="2.12301">
        <ele>100</ele>
        <time>2026-05-14T10:15:48+00:00</time>
      </trkpt>
      <trkpt lat="48.71584" lon="2.12308">
        <ele>102</ele>
        <time>2026-05-14T10:15:49+00:00</time>
      </trkpt>
      <trkpt lat="48.71584" lon="2.12317">
        <ele>103</ele>
        <time>2026-05-14T10:15:50+00:00</time>
      </trkpt>
      <trkpt lat="48.7157" lon="2.12318">
        <ele>103</ele>
        <time>2026-05-14T10:15:51+00:00</time>
      </trkpt>
      <trkpt lat="48.71562" lon="2.12323">
        <ele>104</ele>
        <time>2026-05-14T10:15:52+00:00</time>
      </trkpt>
      <trkpt lat="48.71542" lon="2.12325">
        <ele>103</ele>
        <time>2026-05-14T10:15:53+00:00</time>
      </trkpt>
      <trkpt lat="48.71537" lon="2.12334">
        <ele>104</ele>
        <time>2026-05-14T10:15:54+00:00</time>
      </trkpt>
      <trkpt lat="48.71521" lon="2.12341">
        <ele>105</ele>
        <time>2026-05-14T10:15:55+00:00</time>
      </trkpt>
      <trkpt lat="48.715" lon="2.12363">
        <ele>106</ele>
        <time>2026-05-14T10:15:56+00:00</time>
      </trkpt>
      <trkpt lat="48.71472" lon="2.12383">
        <ele>105</ele>
        <time>2026-05-14T10:15:57+00:00</time>
      </trkpt>
      <trkpt lat="48.71447" lon="2.12389">
        <ele>103</ele>
        <time>2026-05-14T10:15:58+00:00</time>
      </trkpt>
      <trkpt lat="48.71435" lon="2.12406">
        <ele>104</ele>
        <time>2026-05-14T10:15:59+00:00</time>
      </trkpt>
      <trkpt lat="48.71439" lon="2.12441">
        <ele>108</ele>
        <time>2026-05-14T10:16:00+00:00</time>
      </trkpt>
      <trkpt lat="48.71454" lon="2.12469">
        <ele>112</ele>
        <time>2026-05-14T10:16:01+00:00</time>
      </trkpt>
      <trkpt lat="48.71466" lon="2.12499">
        <ele>117</ele>
        <time>2026-05-14T10:16:02+00:00</time>
      </trkpt>
      <trkpt lat="48.71483" lon="2.12556">
        <ele>122</ele>
        <time>2026-05-14T10:16:03+00:00</time>
      </trkpt>
      <trkpt lat="48.71492" lon="2.12578">
        <ele>124</ele>
        <time>2026-05-14T10:16:04+00:00</time>
      </trkpt>
      <trkpt lat="48.71502" lon="2.12622">
        <ele>125</ele>
        <time>2026-05-14T10:16:05+00:00</time>
      </trkpt>
      <trkpt lat="48.71532" lon="2.12697">
        <ele>136</ele>
        <time>2026-05-14T10:16:06+00:00</time>
      </trkpt>
      <trkpt lat="48.71555" lon="2.12778">
        <ele>145</ele>
        <time>2026-05-14T10:16:07+00:00</time>
      </trkpt>
      <trkpt lat="48.71564" lon="2.12801">
        <ele>147</ele>
        <time>2026-05-14T10:16:08+00:00</time>
      </trkpt>
      <trkpt lat="48.71578" lon="2.12879">
        <ele>151</ele>
        <time>2026-05-14T10:16:09+00:00</time>
      </trkpt>
      <trkpt lat="48.71589" lon="2.12923">
        <ele>152</ele>
        <time>2026-05-14T10:16:10+00:00</time>
      </trkpt>
      <trkpt lat="48.71595" lon="2.12937">
        <ele>153</ele>
        <time>2026-05-14T10:16:11+00:00</time>
      </trkpt>
      <trkpt lat="48.71598" lon="2.12957">
        <ele>153</ele>
        <time>2026-05-14T10:16:12+00:00</time>
      </trkpt>
      <trkpt lat="48.71598" lon="2.12981">
        <ele>154</ele>
        <time>2026-05-14T10:16:13+00:00</time>
      </trkpt>
      <trkpt lat="48.71574" lon="2.12989">
        <ele>154</ele>
        <time>2026-05-14T10:16:14+00:00</time>
      </trkpt>
      <trkpt lat="48.71567" lon="2.12988">
        <ele>155</ele>
        <time>2026-05-14T10:16:15+00:00</time>
      </trkpt>
      <trkpt lat="48.71547" lon="2.12964">
        <ele>156</ele>
        <time>2026-05-14T10:16:16+00:00</time>
      </trkpt>
      <trkpt lat="48.71509" lon="2.12944">
        <ele>158</ele>
        <time>2026-05-14T10:16:17+00:00</time>
      </trkpt>
      <trkpt lat="48.71473" lon="2.12916">
        <ele>160</ele>
        <time>2026-05-14T10:16:18+00:00</time>
      </trkpt>
      <trkpt lat="48.71448" lon="2.12888">
        <ele>160</ele>
        <time>2026-05-14T10:16:19+00:00</time>
      </trkpt>
      <trkpt lat="48.71404" lon="2.12794">
        <ele>155</ele>
        <time>2026-05-14T10:16:20+00:00</time>
      </trkpt>
      <trkpt lat="48.71385" lon="2.12766">
        <ele>153</ele>
        <time>2026-05-14T10:16:21+00:00</time>
      </trkpt>
      <trkpt lat="48.71358" lon="2.12739">
        <ele>153</ele>
        <time>2026-05-14T10:16:22+00:00</time>
      </trkpt>
      <trkpt lat="48.71319" lon="2.12718">
        <ele>154</ele>
        <time>2026-05-14T10:16:23+00:00</time>
      </trkpt>
      <trkpt lat="48.71292" lon="2.12709">
        <ele>152</ele>
        <time>2026-05-14T10:16:24+00:00</time>
      </trkpt>
      <trkpt lat="48.71262" lon="2.12708">
        <ele>150</ele>
        <time>2026-05-14T10:16:25+00:00</time>
      </trkpt>
      <trkpt lat="48.71248" lon="2.12711">
        <ele>149</ele>
        <time>2026-05-14T10:16:26+00:00</time>
      </trkpt>
      <trkpt lat="48.71214" lon="2.12736">
        <ele>145</ele>
        <time>2026-05-14T10:16:27+00:00</time>
      </trkpt>
      <trkpt lat="48.71201" lon="2.12753">
        <ele>145</ele>
        <time>2026-05-14T10:16:28+00:00</time>
      </trkpt>
      <trkpt lat="48.71184" lon="2.12781">
        <ele>146</ele>
        <time>2026-05-14T10:16:29+00:00</time>
      </trkpt>
      <trkpt lat="48.71171" lon="2.12808">
        <ele>149</ele>
        <time>2026-05-14T10:16:30+00:00</time>
      </trkpt>
      <trkpt lat="48.71164" lon="2.12835">
        <ele>151</ele>
        <time>2026-05-14T10:16:31+00:00</time>
      </trkpt>
      <trkpt lat="48.71161" lon="2.1286">
        <ele>153</ele>
        <time>2026-05-14T10:16:32+00:00</time>
      </trkpt>
      <trkpt lat="48.71163" lon="2.12887">
        <ele>156</ele>
        <time>2026-05-14T10:16:33+00:00</time>
      </trkpt>
      <trkpt lat="48.71162" lon="2.12918">
        <ele>158</ele>
        <time>2026-05-14T10:16:34+00:00</time>
      </trkpt>
      <trkpt lat="48.71156" lon="2.12927">
        <ele>157</ele>
        <time>2026-05-14T10:16:35+00:00</time>
      </trkpt>
      <trkpt lat="48.71137" lon="2.12941">
        <ele>155</ele>
        <time>2026-05-14T10:16:36+00:00</time>
      </trkpt>
      <trkpt lat="48.71127" lon="2.12954">
        <ele>154</ele>
        <time>2026-05-14T10:16:37+00:00</time>
      </trkpt>
      <trkpt lat="48.7112" lon="2.1297">
        <ele>155</ele>
        <time>2026-05-14T10:16:38+00:00</time>
      </trkpt>
      <trkpt lat="48.71105" lon="2.12982">
        <ele>155</ele>
        <time>2026-05-14T10:16:39+00:00</time>
      </trkpt>
      <trkpt lat="48.71085" lon="2.13016">
        <ele>157</ele>
        <time>2026-05-14T10:16:40+00:00</time>
      </trkpt>
      <trkpt lat="48.7106" lon="2.13045">
        <ele>154</ele>
        <time>2026-05-14T10:16:41+00:00</time>
      </trkpt>
      <trkpt lat="48.71023" lon="2.13107">
        <ele>155</ele>
        <time>2026-05-14T10:16:42+00:00</time>
      </trkpt>
      <trkpt lat="48.70987" lon="2.13156">
        <ele>156</ele>
        <time>2026-05-14T10:16:43+00:00</time>
      </trkpt>
      <trkpt lat="48.7095" lon="2.13215">
        <ele>152</ele>
        <time>2026-05-14T10:16:44+00:00</time>
      </trkpt>
      <trkpt lat="48.70946" lon="2.13236">
        <ele>152</ele>
        <time>2026-05-14T10:16:45+00:00</time>
      </trkpt>
      <trkpt lat="48.70947" lon="2.1328">
        <ele>154</ele>
        <time>2026-05-14T10:16:46+00:00</time>
      </trkpt>
      <trkpt lat="48.7094" lon="2.13341">
        <ele>156</ele>
        <time>2026-05-14T10:16:47+00:00</time>
      </trkpt>
      <trkpt lat="48.70919" lon="2.13423">
        <ele>158</ele>
        <time>2026-05-14T10:16:48+00:00</time>
      </trkpt>
      <trkpt lat="48.70918" lon="2.13444">
        <ele>159</ele>
        <time>2026-05-14T10:16:49+00:00</time>
      </trkpt>
      <trkpt lat="48.70906" lon="2.13512">
        <ele>160</ele>
        <time>2026-05-14T10:16:50+00:00</time>
      </trkpt>
      <trkpt lat="48.70901" lon="2.13566">
        <ele>162</ele>
        <time>2026-05-14T10:16:51+00:00</time>
      </trkpt>
      <trkpt lat="48.70901" lon="2.13608">
        <ele>163</ele>
        <time>2026-05-14T10:16:52+00:00</time>
      </trkpt>
      <trkpt lat="48.70913" lon="2.13621">
        <ele>163</ele>
        <time>2026-05-14T10:16:53+00:00</time>
      </trkpt>
      <trkpt lat="48.70915" lon="2.13634">
        <ele>163</ele>
        <time>2026-05-14T10:16:54+00:00</time>
      </trkpt>
      <trkpt lat="48.70911" lon="2.13647">
        <ele>163</ele>
        <time>2026-05-14T10:16:55+00:00</time>
      </trkpt>
      <trkpt lat="48.70905" lon="2.13654">
        <ele>163</ele>
        <time>2026-05-14T10:16:56+00:00</time>
      </trkpt>
      <trkpt lat="48.70892" lon="2.13659">
        <ele>164</ele>
        <time>2026-05-14T10:16:57+00:00</time>
      </trkpt>
      <trkpt lat="48.70866" lon="2.13661">
        <ele>165</ele>
        <time>2026-05-14T10:16:58+00:00</time>
      </trkpt>
      <trkpt lat="48.7083" lon="2.13675">
        <ele>166</ele>
        <time>2026-05-14T10:16:59+00:00</time>
      </trkpt>
      <trkpt lat="48.70782" lon="2.13727">
        <ele>163</ele>
        <time>2026-05-14T10:17:00+00:00</time>
      </trkpt>
      <trkpt lat="48.70774" lon="2.1373">
        <ele>163</ele>
        <time>2026-05-14T10:17:01+00:00</time>
      </trkpt>
      <trkpt lat="48.70743" lon="2.13723">
        <ele>163</ele>
        <time>2026-05-14T10:17:02+00:00</time>
      </trkpt>
      <trkpt lat="48.70716" lon="2.13726">
        <ele>163</ele>
        <time>2026-05-14T10:17:03+00:00</time>
      </trkpt>
      <trkpt lat="48.70701" lon="2.13731">
        <ele>164</ele>
        <time>2026-05-14T10:17:04+00:00</time>
      </trkpt>
      <trkpt lat="48.70698" lon="2.13734">
        <ele>164</ele>
        <time>2026-05-14T10:17:05+00:00</time>
      </trkpt>
      <trkpt lat="48.70696" lon="2.13758">
        <ele>163</ele>
        <time>2026-05-14T10:17:06+00:00</time>
      </trkpt>
      <trkpt lat="48.70674" lon="2.1384">
        <ele>163</ele>
        <time>2026-05-14T10:17:07+00:00</time>
      </trkpt>
      <trkpt lat="48.70658" lon="2.13885">
        <ele>163</ele>
        <time>2026-05-14T10:17:08+00:00</time>
      </trkpt>
      <trkpt lat="48.70632" lon="2.13853">
        <ele>161</ele>
        <time>2026-05-14T10:17:09+00:00</time>
      </trkpt>
      <trkpt lat="48.70601" lon="2.13823">
        <ele>158</ele>
        <time>2026-05-14T10:17:10+00:00</time>
      </trkpt>
      <trkpt lat="48.706" lon="2.13902">
        <ele>161</ele>
        <time>2026-05-14T10:17:11+00:00</time>
      </trkpt>
      <trkpt lat="48.70605" lon="2.14283">
        <ele>162</ele>
        <time>2026-05-14T10:17:12+00:00</time>
      </trkpt>
      <trkpt lat="48.70564" lon="2.14664">
        <ele>167</ele>
        <time>2026-05-14T10:17:13+00:00</time>
      </trkpt>
      <trkpt lat="48.70558" lon="2.14703">
        <ele>167</ele>
        <time>2026-05-14T10:17:14+00:00</time>
      </trkpt>
      <trkpt lat="48.70561" lon="2.14688">
        <ele>167</ele>
        <time>2026-05-14T10:17:15+00:00</time>
      </trkpt>
      <trkpt lat="48.70528" lon="2.14714">
        <ele>161</ele>
        <time>2026-05-14T10:17:16+00:00</time>
      </trkpt>
      <trkpt lat="48.70506" lon="2.14725">
        <ele>157</ele>
        <time>2026-05-14T10:17:17+00:00</time>
      </trkpt>
      <trkpt lat="48.70488" lon="2.14718">
        <ele>151</ele>
        <time>2026-05-14T10:17:18+00:00</time>
      </trkpt>
      <trkpt lat="48.70459" lon="2.14716">
        <ele>140</ele>
        <time>2026-05-14T10:17:19+00:00</time>
      </trkpt>
      <trkpt lat="48.70415" lon="2.14724">
        <ele>124</ele>
        <time>2026-05-14T10:17:20+00:00</time>
      </trkpt>
      <trkpt lat="48.70407" lon="2.14715">
        <ele>122</ele>
        <time>2026-05-14T10:17:21+00:00</time>
      </trkpt>
      <trkpt lat="48.70397" lon="2.14696">
        <ele>119</ele>
        <time>2026-05-14T10:17:22+00:00</time>
      </trkpt>
      <trkpt lat="48.70386" lon="2.14689">
        <ele>117</ele>
        <time>2026-05-14T10:17:23+00:00</time>
      </trkpt>
      <trkpt lat="48.70373" lon="2.14692">
        <ele>114</ele>
        <time>2026-05-14T10:17:24+00:00</time>
      </trkpt>
      <trkpt lat="48.70359" lon="2.14699">
        <ele>110</ele>
        <time>2026-05-14T10:17:25+00:00</time>
      </trkpt>
      <trkpt lat="48.70354" lon="2.14704">
        <ele>109</ele>
        <time>2026-05-14T10:17:26+00:00</time>
      </trkpt>
      <trkpt lat="48.70349" lon="2.14715">
        <ele>108</ele>
        <time>2026-05-14T10:17:27+00:00</time>
      </trkpt>
      <trkpt lat="48.70277" lon="2.14703">
        <ele>94</ele>
        <time>2026-05-14T10:17:28+00:00</time>
      </trkpt>
      <trkpt lat="48.70231" lon="2.14703">
        <ele>87</ele>
        <time>2026-05-14T10:17:29+00:00</time>
      </trkpt>
      <trkpt lat="48.70224" lon="2.14704">
        <ele>87</ele>
        <time>2026-05-14T10:17:30+00:00</time>
      </trkpt>
      <trkpt lat="48.70224" lon="2.14709">
        <ele>87</ele>
        <time>2026-05-14T10:17:31+00:00</time>
      </trkpt>
      <trkpt lat="48.70199" lon="2.14708">
        <ele>85</ele>
        <time>2026-05-14T10:17:32+00:00</time>
      </trkpt>
      <trkpt lat="48.70176" lon="2.14747">
        <ele>83</ele>
        <time>2026-05-14T10:17:33+00:00</time>
      </trkpt>
      <trkpt lat="48.70156" lon="2.14794">
        <ele>81</ele>
        <time>2026-05-14T10:17:34+00:00</time>
      </trkpt>
      <trkpt lat="48.70143" lon="2.14839">
        <ele>81</ele>
        <time>2026-05-14T10:17:35+00:00</time>
      </trkpt>
      <trkpt lat="48.70136" lon="2.14887">
        <ele>82</ele>
        <time>2026-05-14T10:17:36+00:00</time>
      </trkpt>
      <trkpt lat="48.70122" lon="2.14939">
        <ele>82</ele>
        <time>2026-05-14T10:17:37+00:00</time>
      </trkpt>
      <trkpt lat="48.70113" lon="2.14968">
        <ele>82</ele>
        <time>2026-05-14T10:17:38+00:00</time>
      </trkpt>
      <trkpt lat="48.701" lon="2.14991">
        <ele>81</ele>
        <time>2026-05-14T10:17:39+00:00</time>
      </trkpt>
      <trkpt lat="48.69975" lon="2.14957">
        <ele>72</ele>
        <time>2026-05-14T10:17:40+00:00</time>
      </trkpt>
      <trkpt lat="48.69971" lon="2.1495">
        <ele>72</ele>
        <time>2026-05-14T10:17:41+00:00</time>
      </trkpt>
      <trkpt lat="48.69944" lon="2.14944">
        <ele>70</ele>
        <time>2026-05-14T10:17:42+00:00</time>
      </trkpt>
      <trkpt lat="48.69908" lon="2.15026">
        <ele>66</ele>
        <time>2026-05-14T10:17:43+00:00</time>
      </trkpt>
      <trkpt lat="48.69905" lon="2.15041">
        <ele>66</ele>
        <time>2026-05-14T10:17:44+00:00</time>
      </trkpt>
      <trkpt lat="48.69904" lon="2.15074">
        <ele>67</ele>
        <time>2026-05-14T10:17:45+00:00</time>
      </trkpt>
      <trkpt lat="48.699" lon="2.15086">
        <ele>66</ele>
        <time>2026-05-14T10:17:46+00:00</time>
      </trkpt>
      <trkpt lat="48.69871" lon="2.1508">
        <ele>64</ele>
        <time>2026-05-14T10:17:47+00:00</time>
      </trkpt>
      <trkpt lat="48.69866" lon="2.15082">
        <ele>63</ele>
        <time>2026-05-14T10:17:48+00:00</time>
      </trkpt>
      <trkpt lat="48.69862" lon="2.15088">
        <ele>63</ele>
        <time>2026-05-14T10:17:49+00:00</time>
      </trkpt>
      <trkpt lat="48.69846" lon="2.15192">
        <ele>62</ele>
        <time>2026-05-14T10:17:50+00:00</time>
      </trkpt>
      <trkpt lat="48.69831" lon="2.15317">
        <ele>61</ele>
        <time>2026-05-14T10:17:51+00:00</time>
      </trkpt>
      <trkpt lat="48.69815" lon="2.15335">
        <ele>61</ele>
        <time>2026-05-14T10:17:52+00:00</time>
      </trkpt>
      <trkpt lat="48.69779" lon="2.15328">
        <ele>62</ele>
        <time>2026-05-14T10:17:53+00:00</time>
      </trkpt>
      <trkpt lat="48.69762" lon="2.15327">
        <ele>63</ele>
        <time>2026-05-14T10:17:54+00:00</time>
      </trkpt>
      <trkpt lat="48.69783" lon="2.15338">
        <ele>62</ele>
        <time>2026-05-14T10:17:55+00:00</time>
      </trkpt>
      <trkpt lat="48.69797" lon="2.15354">
        <ele>62</ele>
        <time>2026-05-14T10:17:56+00:00</time>
      </trkpt>
      <trkpt lat="48.69765" lon="2.1556">
        <ele>62</ele>
        <time>2026-05-14T10:17:57+00:00</time>
      </trkpt>
      <trkpt lat="48.69816" lon="2.15797">
        <ele>61</ele>
        <time>2026-05-14T10:17:58+00:00</time>
      </trkpt>
      <trkpt lat="48.69757" lon="2.15864">
        <ele>61</ele>
        <time>2026-05-14T10:17:59+00:00</time>
      </trkpt>
      <trkpt lat="48.69692" lon="2.15897">
        <ele>63</ele>
        <time>2026-05-14T10:18:00+00:00</time>
      </trkpt>
      <trkpt lat="48.6968" lon="2.15953">
        <ele>64</ele>
        <time>2026-05-14T10:18:01+00:00</time>
      </trkpt>
      <trkpt lat="48.69676" lon="2.15951">
        <ele>64</ele>
        <time>2026-05-14T10:18:02+00:00</time>
      </trkpt>
      <trkpt lat="48.69666" lon="2.1599">
        <ele>66</ele>
        <time>2026-05-14T10:18:03+00:00</time>
      </trkpt>
      <trkpt lat="48.69579" lon="2.16">
        <ele>73</ele>
        <time>2026-05-14T10:18:04+00:00</time>
      </trkpt>
      <trkpt lat="48.69559" lon="2.16005">
        <ele>75</ele>
        <time>2026-05-14T10:18:05+00:00</time>
      </trkpt>
      <trkpt lat="48.69553" lon="2.16004">
        <ele>76</ele>
        <time>2026-05-14T10:18:06+00:00</time>
      </trkpt>
      <trkpt lat="48.69526" lon="2.1597">
        <ele>77</ele>
        <time>2026-05-14T10:18:07+00:00</time>
      </trkpt>
      <trkpt lat="48.69519" lon="2.15967">
        <ele>77</ele>
        <time>2026-05-14T10:18:08+00:00</time>
      </trkpt>
      <trkpt lat="48.6949" lon="2.15964">
        <ele>79</ele>
        <time>2026-05-14T10:18:09+00:00</time>
      </trkpt>
      <trkpt lat="48.69484" lon="2.15961">
        <ele>79</ele>
        <time>2026-05-14T10:18:10+00:00</time>
      </trkpt>
      <trkpt lat="48.69451" lon="2.15892">
        <ele>76</ele>
        <time>2026-05-14T10:18:11+00:00</time>
      </trkpt>
      <trkpt lat="48.69436" lon="2.15886">
        <ele>77</ele>
        <time>2026-05-14T10:18:12+00:00</time>
      </trkpt>
      <trkpt lat="48.6942" lon="2.15904">
        <ele>79</ele>
        <time>2026-05-14T10:18:13+00:00</time>
      </trkpt>
      <trkpt lat="48.69402" lon="2.15853">
        <ele>78</ele>
        <time>2026-05-14T10:18:14+00:00</time>
      </trkpt>
      <trkpt lat="48.69398" lon="2.15848">
        <ele>78</ele>
        <time>2026-05-14T10:18:15+00:00</time>
      </trkpt>
      <trkpt lat="48.69376" lon="2.15851">
        <ele>79</ele>
        <time>2026-05-14T10:18:16+00:00</time>
      </trkpt>
      <trkpt lat="48.69371" lon="2.15848">
        <ele>79</ele>
        <time>2026-05-14T10:18:17+00:00</time>
      </trkpt>
      <trkpt lat="48.69359" lon="2.15806">
        <ele>77</ele>
        <time>2026-05-14T10:18:18+00:00</time>
      </trkpt>
      <trkpt lat="48.69347" lon="2.15787">
        <ele>77</ele>
        <time>2026-05-14T10:18:19+00:00</time>
      </trkpt>
      <trkpt lat="48.69318" lon="2.15767">
        <ele>78</ele>
        <time>2026-05-14T10:18:20+00:00</time>
      </trkpt>
      <trkpt lat="48.693" lon="2.15777">
        <ele>79</ele>
        <time>2026-05-14T10:18:21+00:00</time>
      </trkpt>
      <trkpt lat="48.69231" lon="2.15675">
        <ele>79</ele>
        <time>2026-05-14T10:18:22+00:00</time>
      </trkpt>
      <trkpt lat="48.69222" lon="2.15687">
        <ele>80</ele>
        <time>2026-05-14T10:18:23+00:00</time>
      </trkpt>
      <trkpt lat="48.6912" lon="2.15509">
        <ele>79</ele>
        <time>2026-05-14T10:18:24+00:00</time>
      </trkpt>
      <trkpt lat="48.69151" lon="2.15458">
        <ele>76</ele>
        <time>2026-05-14T10:18:25+00:00</time>
      </trkpt>
      <trkpt lat="48.69163" lon="2.15446">
        <ele>76</ele>
        <time>2026-05-14T10:18:26+00:00</time>
      </trkpt>
      <trkpt lat="48.69165" lon="2.15434">
        <ele>76</ele>
        <time>2026-05-14T10:18:27+00:00</time>
      </trkpt>
      <trkpt lat="48.69182" lon="2.154">
        <ele>77</ele>
        <time>2026-05-14T10:18:28+00:00</time>
      </trkpt>
      <trkpt lat="48.69152" lon="2.15381">
        <ele>78</ele>
        <time>2026-05-14T10:18:29+00:00</time>
      </trkpt>
      <trkpt lat="48.6914" lon="2.15365">
        <ele>78</ele>
        <time>2026-05-14T10:18:30+00:00</time>
      </trkpt>
      <trkpt lat="48.6913" lon="2.15346">
        <ele>79</ele>
        <time>2026-05-14T10:18:31+00:00</time>
      </trkpt>
      <trkpt lat="48.69109" lon="2.15282">
        <ele>80</ele>
        <time>2026-05-14T10:18:32+00:00</time>
      </trkpt>
      <trkpt lat="48.69095" lon="2.15258">
        <ele>80</ele>
        <time>2026-05-14T10:18:33+00:00</time>
      </trkpt>
      <trkpt lat="48.69088" lon="2.15257">
        <ele>80</ele>
        <time>2026-05-14T10:18:34+00:00</time>
      </trkpt>
      <trkpt lat="48.69066" lon="2.15236">
        <ele>81</ele>
        <time>2026-05-14T10:18:35+00:00</time>
      </trkpt>
      <trkpt lat="48.69043" lon="2.15289">
        <ele>80</ele>
        <time>2026-05-14T10:18:36+00:00</time>
      </trkpt>
      <trkpt lat="48.69008" lon="2.1528">
        <ele>80</ele>
        <time>2026-05-14T10:18:37+00:00</time>
      </trkpt>
      <trkpt lat="48.68993" lon="2.15273">
        <ele>80</ele>
        <time>2026-05-14T10:18:38+00:00</time>
      </trkpt>
      <trkpt lat="48.69148" lon="2.14899">
        <ele>117</ele>
        <time>2026-05-14T10:18:39+00:00</time>
      </trkpt>
      <trkpt lat="48.69238" lon="2.14958">
        <ele>116</ele>
        <time>2026-05-14T10:18:40+00:00</time>
      </trkpt>
      <trkpt lat="48.69248" lon="2.14954">
        <ele>118</ele>
        <time>2026-05-14T10:18:41+00:00</time>
      </trkpt>
      <trkpt lat="48.69251" lon="2.1495">
        <ele>119</ele>
        <time>2026-05-14T10:18:42+00:00</time>
      </trkpt>
      <trkpt lat="48.6926" lon="2.14926">
        <ele>123</ele>
        <time>2026-05-14T10:18:43+00:00</time>
      </trkpt>
      <trkpt lat="48.69258" lon="2.14921">
        <ele>124</ele>
        <time>2026-05-14T10:18:44+00:00</time>
      </trkpt>
      <trkpt lat="48.6926" lon="2.14926">
        <ele>123</ele>
        <time>2026-05-14T10:18:45+00:00</time>
      </trkpt>
      <trkpt lat="48.69264" lon="2.14922">
        <ele>123</ele>
        <time>2026-05-14T10:18:46+00:00</time>
      </trkpt>
      <trkpt lat="48.69268" lon="2.14923">
        <ele>121</ele>
        <time>2026-05-14T10:18:47+00:00</time>
      </trkpt>
      <trkpt lat="48.69295" lon="2.14938">
        <ele>113</ele>
        <time>2026-05-14T10:18:48+00:00</time>
      </trkpt>
      <trkpt lat="48.69298" lon="2.14925">
        <ele>114</ele>
        <time>2026-05-14T10:18:49+00:00</time>
      </trkpt>
      <trkpt lat="48.69302" lon="2.14832">
        <ele>124</ele>
        <time>2026-05-14T10:18:50+00:00</time>
      </trkpt>
      <trkpt lat="48.69301" lon="2.14772">
        <ele>130</ele>
        <time>2026-05-14T10:18:51+00:00</time>
      </trkpt>
      <trkpt lat="48.69289" lon="2.14702">
        <ele>138</ele>
        <time>2026-05-14T10:18:52+00:00</time>
      </trkpt>
      <trkpt lat="48.6927" lon="2.14612">
        <ele>147</ele>
        <time>2026-05-14T10:18:53+00:00</time>
      </trkpt>
      <trkpt lat="48.6926" lon="2.1454">
        <ele>152</ele>
        <time>2026-05-14T10:18:54+00:00</time>
      </trkpt>
      <trkpt lat="48.69259" lon="2.14438">
        <ele>156</ele>
        <time>2026-05-14T10:18:55+00:00</time>
      </trkpt>
      <trkpt lat="48.69275" lon="2.1433">
        <ele>153</ele>
        <time>2026-05-14T10:18:56+00:00</time>
      </trkpt>
      <trkpt lat="48.69263" lon="2.14318">
        <ele>156</ele>
        <time>2026-05-14T10:18:57+00:00</time>
      </trkpt>
      <trkpt lat="48.69251" lon="2.14317">
        <ele>159</ele>
        <time>2026-05-14T10:18:58+00:00</time>
      </trkpt>
      <trkpt lat="48.69236" lon="2.14191">
        <ele>156</ele>
        <time>2026-05-14T10:18:59+00:00</time>
      </trkpt>
      <trkpt lat="48.6923" lon="2.14164">
        <ele>156</ele>
        <time>2026-05-14T10:19:00+00:00</time>
      </trkpt>
      <trkpt lat="48.69218" lon="2.1414">
        <ele>159</ele>
        <time>2026-05-14T10:19:01+00:00</time>
      </trkpt>
      <trkpt lat="48.69206" lon="2.14073">
        <ele>163</ele>
        <time>2026-05-14T10:19:02+00:00</time>
      </trkpt>
      <trkpt lat="48.69208" lon="2.13916">
        <ele>164</ele>
        <time>2026-05-14T10:19:03+00:00</time>
      </trkpt>
      <trkpt lat="48.69215" lon="2.13788">
        <ele>168</ele>
        <time>2026-05-14T10:19:04+00:00</time>
      </trkpt>
      <trkpt lat="48.69227" lon="2.13665">
        <ele>168</ele>
        <time>2026-05-14T10:19:05+00:00</time>
      </trkpt>
      <trkpt lat="48.69227" lon="2.13649">
        <ele>168</ele>
        <time>2026-05-14T10:19:06+00:00</time>
      </trkpt>
      <trkpt lat="48.69215" lon="2.13616">
        <ele>169</ele>
        <time>2026-05-14T10:19:07+00:00</time>
      </trkpt>
      <trkpt lat="48.69215" lon="2.13582">
        <ele>169</ele>
        <time>2026-05-14T10:19:08+00:00</time>
      </trkpt>
      <trkpt lat="48.69207" lon="2.13554">
        <ele>170</ele>
        <time>2026-05-14T10:19:09+00:00</time>
      </trkpt>
      <trkpt lat="48.69208" lon="2.13543">
        <ele>170</ele>
        <time>2026-05-14T10:19:10+00:00</time>
      </trkpt>
      <trkpt lat="48.69218" lon="2.13511">
        <ele>170</ele>
        <time>2026-05-14T10:19:11+00:00</time>
      </trkpt>
      <trkpt lat="48.69245" lon="2.13453">
        <ele>170</ele>
        <time>2026-05-14T10:19:12+00:00</time>
      </trkpt>
      <trkpt lat="48.69246" lon="2.1344">
        <ele>170</ele>
        <time>2026-05-14T10:19:13+00:00</time>
      </trkpt>
      <trkpt lat="48.69253" lon="2.13456">
        <ele>169</ele>
        <time>2026-05-14T10:19:14+00:00</time>
      </trkpt>
      <trkpt lat="48.69328" lon="2.13559">
        <ele>155</ele>
        <time>2026-05-14T10:19:15+00:00</time>
      </trkpt>
      <trkpt lat="48.69341" lon="2.13581">
        <ele>151</ele>
        <time>2026-05-14T10:19:16+00:00</time>
      </trkpt>
      <trkpt lat="48.69364" lon="2.13636">
        <ele>143</ele>
        <time>2026-05-14T10:19:17+00:00</time>
      </trkpt>
      <trkpt lat="48.6937" lon="2.13626">
        <ele>141</ele>
        <time>2026-05-14T10:19:18+00:00</time>
      </trkpt>
      <trkpt lat="48.69387" lon="2.13577">
        <ele>135</ele>
        <time>2026-05-14T10:19:19+00:00</time>
      </trkpt>
      <trkpt lat="48.69397" lon="2.13555">
        <ele>132</ele>
        <time>2026-05-14T10:19:20+00:00</time>
      </trkpt>
      <trkpt lat="48.69439" lon="2.13507">
        <ele>118</ele>
        <time>2026-05-14T10:19:21+00:00</time>
      </trkpt>
      <trkpt lat="48.69443" lon="2.13404">
        <ele>122</ele>
        <time>2026-05-14T10:19:22+00:00</time>
      </trkpt>
      <trkpt lat="48.69449" lon="2.13373">
        <ele>120</ele>
        <time>2026-05-14T10:19:23+00:00</time>
      </trkpt>
      <trkpt lat="48.69458" lon="2.13355">
        <ele>117</ele>
        <time>2026-05-14T10:19:24+00:00</time>
      </trkpt>
      <trkpt lat="48.69466" lon="2.13317">
        <ele>115</ele>
        <time>2026-05-14T10:19:25+00:00</time>
      </trkpt>
      <trkpt lat="48.69467" lon="2.1327">
        <ele>114</ele>
        <time>2026-05-14T10:19:26+00:00</time>
      </trkpt>
      <trkpt lat="48.6947" lon="2.13253">
        <ele>112</ele>
        <time>2026-05-14T10:19:27+00:00</time>
      </trkpt>
      <trkpt lat="48.69468" lon="2.1319">
        <ele>112</ele>
        <time>2026-05-14T10:19:28+00:00</time>
      </trkpt>
      <trkpt lat="48.69465" lon="2.13177">
        <ele>113</ele>
        <time>2026-05-14T10:19:29+00:00</time>
      </trkpt>
      <trkpt lat="48.69441" lon="2.13134">
        <ele>117</ele>
        <time>2026-05-14T10:19:30+00:00</time>
      </trkpt>
      <trkpt lat="48.69421" lon="2.13106">
        <ele>120</ele>
        <time>2026-05-14T10:19:31+00:00</time>
      </trkpt>
      <trkpt lat="48.6941" lon="2.13095">
        <ele>122</ele>
        <time>2026-05-14T10:19:32+00:00</time>
      </trkpt>
      <trkpt lat="48.69404" lon="2.13082">
        <ele>123</ele>
        <time>2026-05-14T10:19:33+00:00</time>
      </trkpt>
      <trkpt lat="48.69401" lon="2.13064">
        <ele>123</ele>
        <time>2026-05-14T10:19:34+00:00</time>
      </trkpt>
      <trkpt lat="48.69402" lon="2.13045">
        <ele>122</ele>
        <time>2026-05-14T10:19:35+00:00</time>
      </trkpt>
      <trkpt lat="48.69409" lon="2.13017">
        <ele>118</ele>
        <time>2026-05-14T10:19:36+00:00</time>
      </trkpt>
      <trkpt lat="48.69443" lon="2.12926">
        <ele>106</ele>
        <time>2026-05-14T10:19:37+00:00</time>
      </trkpt>
      <trkpt lat="48.69446" lon="2.12889">
        <ele>105</ele>
        <time>2026-05-14T10:19:38+00:00</time>
      </trkpt>
      <trkpt lat="48.69436" lon="2.12792">
        <ele>108</ele>
        <time>2026-05-14T10:19:39+00:00</time>
      </trkpt>
      <trkpt lat="48.69413" lon="2.12727">
        <ele>115</ele>
        <time>2026-05-14T10:19:40+00:00</time>
      </trkpt>
      <trkpt lat="48.69407" lon="2.12735">
        <ele>116</ele>
        <time>2026-05-14T10:19:41+00:00</time>
      </trkpt>
      <trkpt lat="48.69401" lon="2.1275">
        <ele>118</ele>
        <time>2026-05-14T10:19:42+00:00</time>
      </trkpt>
      <trkpt lat="48.69395" lon="2.12756">
        <ele>119</ele>
        <time>2026-05-14T10:19:43+00:00</time>
      </trkpt>
      <trkpt lat="48.6939" lon="2.12758">
        <ele>120</ele>
        <time>2026-05-14T10:19:44+00:00</time>
      </trkpt>
      <trkpt lat="48.69381" lon="2.12756">
        <ele>122</ele>
        <time>2026-05-14T10:19:45+00:00</time>
      </trkpt>
      <trkpt lat="48.69372" lon="2.1276">
        <ele>124</ele>
        <time>2026-05-14T10:19:46+00:00</time>
      </trkpt>
      <trkpt lat="48.69347" lon="2.12799">
        <ele>130</ele>
        <time>2026-05-14T10:19:47+00:00</time>
      </trkpt>
      <trkpt lat="48.69328" lon="2.12839">
        <ele>136</ele>
        <time>2026-05-14T10:19:48+00:00</time>
      </trkpt>
      <trkpt lat="48.69324" lon="2.12842">
        <ele>137</ele>
        <time>2026-05-14T10:19:49+00:00</time>
      </trkpt>
      <trkpt lat="48.69321" lon="2.12841">
        <ele>138</ele>
        <time>2026-05-14T10:19:50+00:00</time>
      </trkpt>
      <trkpt lat="48.69322" lon="2.12789">
        <ele>137</ele>
        <time>2026-05-14T10:19:51+00:00</time>
      </trkpt>
      <trkpt lat="48.69296" lon="2.12766">
        <ele>145</ele>
        <time>2026-05-14T10:19:52+00:00</time>
      </trkpt>
      <trkpt lat="48.69291" lon="2.12754">
        <ele>147</ele>
        <time>2026-05-14T10:19:53+00:00</time>
      </trkpt>
      <trkpt lat="48.69287" lon="2.12732">
        <ele>148</ele>
        <time>2026-05-14T10:19:54+00:00</time>
      </trkpt>
      <trkpt lat="48.69284" lon="2.12697">
        <ele>149</ele>
        <time>2026-05-14T10:19:55+00:00</time>
      </trkpt>
      <trkpt lat="48.69288" lon="2.12682">
        <ele>148</ele>
        <time>2026-05-14T10:19:56+00:00</time>
      </trkpt>
      <trkpt lat="48.69305" lon="2.12662">
        <ele>143</ele>
        <time>2026-05-14T10:19:57+00:00</time>
      </trkpt>
      <trkpt lat="48.69302" lon="2.12633">
        <ele>147</ele>
        <time>2026-05-14T10:19:58+00:00</time>
      </trkpt>
      <trkpt lat="48.69293" lon="2.12597">
        <ele>153</ele>
        <time>2026-05-14T10:19:59+00:00</time>
      </trkpt>
      <trkpt lat="48.69289" lon="2.12596">
        <ele>154</ele>
        <time>2026-05-14T10:20:00+00:00</time>
      </trkpt>
      <trkpt lat="48.69285" lon="2.12605">
        <ele>154</ele>
        <time>2026-05-14T10:20:01+00:00</time>
      </trkpt>
      <trkpt lat="48.69283" lon="2.12624">
        <ele>153</ele>
        <time>2026-05-14T10:20:02+00:00</time>
      </trkpt>
      <trkpt lat="48.69276" lon="2.12641">
        <ele>154</ele>
        <time>2026-05-14T10:20:03+00:00</time>
      </trkpt>
      <trkpt lat="48.69227" lon="2.12673">
        <ele>161</ele>
        <time>2026-05-14T10:20:04+00:00</time>
      </trkpt>
      <trkpt lat="48.69208" lon="2.12691">
        <ele>162</ele>
        <time>2026-05-14T10:20:05+00:00</time>
      </trkpt>
      <trkpt lat="48.69214" lon="2.12646">
        <ele>163</ele>
        <time>2026-05-14T10:20:06+00:00</time>
      </trkpt>
      <trkpt lat="48.69365" lon="2.1225">
        <ele>167</ele>
        <time>2026-05-14T10:20:07+00:00</time>
      </trkpt>
      <trkpt lat="48.69396" lon="2.12253">
        <ele>163</ele>
        <time>2026-05-14T10:20:08+00:00</time>
      </trkpt>
      <trkpt lat="48.69442" lon="2.12235">
        <ele>152</ele>
        <time>2026-05-14T10:20:09+00:00</time>
      </trkpt>
      <trkpt lat="48.69449" lon="2.12227">
        <ele>150</ele>
        <time>2026-05-14T10:20:10+00:00</time>
      </trkpt>
      <trkpt lat="48.69458" lon="2.12203">
        <ele>149</ele>
        <time>2026-05-14T10:20:11+00:00</time>
      </trkpt>
      <trkpt lat="48.69465" lon="2.12171">
        <ele>150</ele>
        <time>2026-05-14T10:20:12+00:00</time>
      </trkpt>
      <trkpt lat="48.69465" lon="2.1215">
        <ele>151</ele>
        <time>2026-05-14T10:20:13+00:00</time>
      </trkpt>
      <trkpt lat="48.69462" lon="2.1213">
        <ele>151</ele>
        <time>2026-05-14T10:20:14+00:00</time>
      </trkpt>
      <trkpt lat="48.69453" lon="2.1211">
        <ele>153</ele>
        <time>2026-05-14T10:20:15+00:00</time>
      </trkpt>
      <trkpt lat="48.69431" lon="2.12105">
        <ele>158</ele>
        <time>2026-05-14T10:20:16+00:00</time>
      </trkpt>
      <trkpt lat="48.69421" lon="2.12105">
        <ele>160</ele>
        <time>2026-05-14T10:20:17+00:00</time>
      </trkpt>
      <trkpt lat="48.69415" lon="2.12108">
        <ele>161</ele>
        <time>2026-05-14T10:20:18+00:00</time>
      </trkpt>
      <trkpt lat="48.69415" lon="2.12098">
        <ele>161</ele>
        <time>2026-05-14T10:20:19+00:00</time>
      </trkpt>
      <trkpt lat="48.69375" lon="2.12094">
        <ele>161</ele>
        <time>2026-05-14T10:20:20+00:00</time>
      </trkpt>
      <trkpt lat="48.69358" lon="2.12089">
        <ele>162</ele>
        <time>2026-05-14T10:20:21+00:00</time>
      </trkpt>
      <trkpt lat="48.69236" lon="2.12036">
        <ele>165</ele>
        <time>2026-05-14T10:20:22+00:00</time>
      </trkpt>
      <trkpt lat="48.69231" lon="2.12032">
        <ele>165</ele>
        <time>2026-05-14T10:20:23+00:00</time>
      </trkpt>
      <trkpt lat="48.6916" lon="2.11918">
        <ele>165</ele>
        <time>2026-05-14T10:20:24+00:00</time>
      </trkpt>
      <trkpt lat="48.69122" lon="2.11835">
        <ele>165</ele>
        <time>2026-05-14T10:20:25+00:00</time>
      </trkpt>
      <trkpt lat="48.69101" lon="2.11797">
        <ele>165</ele>
        <time>2026-05-14T10:20:26+00:00</time>
      </trkpt>
      <trkpt lat="48.69094" lon="2.11778">
        <ele>165</ele>
        <time>2026-05-14T10:20:27+00:00</time>
      </trkpt>
      <trkpt lat="48.69087" lon="2.11775">
        <ele>165</ele>
        <time>2026-05-14T10:20:28+00:00</time>
      </trkpt>
      <trkpt lat="48.69082" lon="2.11768">
        <ele>165</ele>
        <time>2026-05-14T10:20:29+00:00</time>
      </trkpt>
      <trkpt lat="48.69071" lon="2.11733">
        <ele>164</ele>
        <time>2026-05-14T10:20:30+00:00</time>
      </trkpt>
      <trkpt lat="48.69065" lon="2.11725">
        <ele>164</ele>
        <time>2026-05-14T10:20:31+00:00</time>
      </trkpt>
      <trkpt lat="48.69059" lon="2.1171">
        <ele>163</ele>
        <time>2026-05-14T10:20:32+00:00</time>
      </trkpt>
      <trkpt lat="48.68999" lon="2.11619">
        <ele>160</ele>
        <time>2026-05-14T10:20:33+00:00</time>
      </trkpt>
      <trkpt lat="48.68979" lon="2.11617">
        <ele>161</ele>
        <time>2026-05-14T10:20:34+00:00</time>
      </trkpt>
      <trkpt lat="48.68982" lon="2.11617">
        <ele>161</ele>
        <time>2026-05-14T10:20:35+00:00</time>
      </trkpt>
      <trkpt lat="48.68981" lon="2.11527">
        <ele>160</ele>
        <time>2026-05-14T10:20:36+00:00</time>
      </trkpt>
      <trkpt lat="48.68985" lon="2.11515">
        <ele>160</ele>
        <time>2026-05-14T10:20:37+00:00</time>
      </trkpt>
      <trkpt lat="48.68978" lon="2.11508">
        <ele>160</ele>
        <time>2026-05-14T10:20:38+00:00</time>
      </trkpt>
      <trkpt lat="48.69002" lon="2.11444">
        <ele>159</ele>
        <time>2026-05-14T10:20:39+00:00</time>
      </trkpt>
      <trkpt lat="48.69004" lon="2.11433">
        <ele>159</ele>
        <time>2026-05-14T10:20:40+00:00</time>
      </trkpt>
      <trkpt lat="48.69" lon="2.11368">
        <ele>158</ele>
        <time>2026-05-14T10:20:41+00:00</time>
      </trkpt>
      <trkpt lat="48.69002" lon="2.11311">
        <ele>158</ele>
        <time>2026-05-14T10:20:42+00:00</time>
      </trkpt>
      <trkpt lat="48.69006" lon="2.11229">
        <ele>158</ele>
        <time>2026-05-14T10:20:43+00:00</time>
      </trkpt>
      <trkpt lat="48.69013" lon="2.112">
        <ele>158</ele>
        <time>2026-05-14T10:20:44+00:00</time>
      </trkpt>
      <trkpt lat="48.69012" lon="2.11188">
        <ele>158</ele>
        <time>2026-05-14T10:20:45+00:00</time>
      </trkpt>
      <trkpt lat="48.68986" lon="2.11139">
        <ele>159</ele>
        <time>2026-05-14T10:20:46+00:00</time>
      </trkpt>
      <trkpt lat="48.68976" lon="2.11104">
        <ele>159</ele>
        <time>2026-05-14T10:20:47+00:00</time>
      </trkpt>
      <trkpt lat="48.68977" lon="2.11091">
        <ele>159</ele>
        <time>2026-05-14T10:20:48+00:00</time>
      </trkpt>
      <trkpt lat="48.69007" lon="2.11014">
        <ele>157</ele>
        <time>2026-05-14T10:20:49+00:00</time>
      </trkpt>
      <trkpt lat="48.69021" lon="2.11004">
        <ele>156</ele>
        <time>2026-05-14T10:20:50+00:00</time>
      </trkpt>
      <trkpt lat="48.69017" lon="2.1099">
        <ele>156</ele>
        <time>2026-05-14T10:20:51+00:00</time>
      </trkpt>
      <trkpt lat="48.69012" lon="2.10952">
        <ele>156</ele>
        <time>2026-05-14T10:20:52+00:00</time>
      </trkpt>
      <trkpt lat="48.69" lon="2.1084">
        <ele>157</ele>
        <time>2026-05-14T10:20:53+00:00</time>
      </trkpt>
      <trkpt lat="48.69004" lon="2.10803">
        <ele>157</ele>
        <time>2026-05-14T10:20:54+00:00</time>
      </trkpt>
      <trkpt lat="48.69017" lon="2.10754">
        <ele>156</ele>
        <time>2026-05-14T10:20:55+00:00</time>
      </trkpt>
      <trkpt lat="48.69017" lon="2.10714">
        <ele>156</ele>
        <time>2026-05-14T10:20:56+00:00</time>
      </trkpt>
      <trkpt lat="48.6901" lon="2.10545">
        <ele>156</ele>
        <time>2026-05-14T10:20:57+00:00</time>
      </trkpt>
      <trkpt lat="48.69007" lon="2.10506">
        <ele>156</ele>
        <time>2026-05-14T10:20:58+00:00</time>
      </trkpt>
      <trkpt lat="48.68998" lon="2.10452">
        <ele>156</ele>
        <time>2026-05-14T10:20:59+00:00</time>
      </trkpt>
      <trkpt lat="48.68993" lon="2.10446">
        <ele>156</ele>
        <time>2026-05-14T10:21:00+00:00</time>
      </trkpt>
      <trkpt lat="48.68988" lon="2.10448">
        <ele>156</ele>
        <time>2026-05-14T10:21:01+00:00</time>
      </trkpt>
      <trkpt lat="48.68983" lon="2.10457">
        <ele>156</ele>
        <time>2026-05-14T10:21:02+00:00</time>
      </trkpt>
      <trkpt lat="48.68978" lon="2.1046">
        <ele>156</ele>
        <time>2026-05-14T10:21:03+00:00</time>
      </trkpt>
      <trkpt lat="48.68966" lon="2.10462">
        <ele>157</ele>
        <time>2026-05-14T10:21:04+00:00</time>
      </trkpt>
      <trkpt lat="48.68937" lon="2.10462">
        <ele>157</ele>
        <time>2026-05-14T10:21:05+00:00</time>
      </trkpt>
      <trkpt lat="48.68915" lon="2.10455">
        <ele>158</ele>
        <time>2026-05-14T10:21:06+00:00</time>
      </trkpt>
      <trkpt lat="48.68892" lon="2.10454">
        <ele>158</ele>
        <time>2026-05-14T10:21:07+00:00</time>
      </trkpt>
      <trkpt lat="48.68888" lon="2.10455">
        <ele>158</ele>
        <time>2026-05-14T10:21:08+00:00</time>
      </trkpt>
      <trkpt lat="48.68885" lon="2.1046">
        <ele>158</ele>
        <time>2026-05-14T10:21:09+00:00</time>
      </trkpt>
      <trkpt lat="48.68756" lon="2.10394">
        <ele>162</ele>
        <time>2026-05-14T10:21:10+00:00</time>
      </trkpt>
      <trkpt lat="48.68772" lon="2.1033">
        <ele>161</ele>
        <time>2026-05-14T10:21:11+00:00</time>
      </trkpt>
      <trkpt lat="48.68795" lon="2.10176">
        <ele>160</ele>
        <time>2026-05-14T10:21:12+00:00</time>
      </trkpt>
      <trkpt lat="48.6884" lon="2.10026">
        <ele>158</ele>
        <time>2026-05-14T10:21:13+00:00</time>
      </trkpt>
      <trkpt lat="48.68999" lon="2.09726">
        <ele>158</ele>
        <time>2026-05-14T10:21:14+00:00</time>
      </trkpt>
      <trkpt lat="48.69028" lon="2.09742">
        <ele>157</ele>
        <time>2026-05-14T10:21:15+00:00</time>
      </trkpt>
      <trkpt lat="48.69193" lon="2.09791">
        <ele>158</ele>
        <time>2026-05-14T10:21:16+00:00</time>
      </trkpt>
      <trkpt lat="48.6931" lon="2.09841">
        <ele>162</ele>
        <time>2026-05-14T10:21:17+00:00</time>
      </trkpt>
      <trkpt lat="48.69378" lon="2.09883">
        <ele>166</ele>
        <time>2026-05-14T10:21:18+00:00</time>
      </trkpt>
      <trkpt lat="48.69395" lon="2.0986">
        <ele>166</ele>
        <time>2026-05-14T10:21:19+00:00</time>
      </trkpt>
      <trkpt lat="48.69421" lon="2.09857">
        <ele>167</ele>
        <time>2026-05-14T10:21:20+00:00</time>
      </trkpt>
      <trkpt lat="48.69498" lon="2.09862">
        <ele>167</ele>
        <time>2026-05-14T10:21:21+00:00</time>
      </trkpt>
      <trkpt lat="48.69579" lon="2.09864">
        <ele>163</ele>
        <time>2026-05-14T10:21:22+00:00</time>
      </trkpt>
      <trkpt lat="48.69609" lon="2.09853">
        <ele>157</ele>
        <time>2026-05-14T10:21:23+00:00</time>
      </trkpt>
      <trkpt lat="48.69632" lon="2.0984">
        <ele>152</ele>
        <time>2026-05-14T10:21:24+00:00</time>
      </trkpt>
      <trkpt lat="48.6965" lon="2.09819">
        <ele>149</ele>
        <time>2026-05-14T10:21:25+00:00</time>
      </trkpt>
      <trkpt lat="48.69668" lon="2.09791">
        <ele>147</ele>
        <time>2026-05-14T10:21:26+00:00</time>
      </trkpt>
      <trkpt lat="48.69686" lon="2.09752">
        <ele>142</ele>
        <time>2026-05-14T10:21:27+00:00</time>
      </trkpt>
      <trkpt lat="48.69703" lon="2.09734">
        <ele>136</ele>
        <time>2026-05-14T10:21:28+00:00</time>
      </trkpt>
      <trkpt lat="48.69734" lon="2.09686">
        <ele>125</ele>
        <time>2026-05-14T10:21:29+00:00</time>
      </trkpt>
      <trkpt lat="48.69741" lon="2.0968">
        <ele>122</ele>
        <time>2026-05-14T10:21:30+00:00</time>
      </trkpt>
      <trkpt lat="48.69821" lon="2.0974">
        <ele>106</ele>
        <time>2026-05-14T10:21:31+00:00</time>
      </trkpt>
      <trkpt lat="48.69887" lon="2.0978">
        <ele>98</ele>
        <time>2026-05-14T10:21:32+00:00</time>
      </trkpt>
      <trkpt lat="48.69973" lon="2.09826">
        <ele>90</ele>
        <time>2026-05-14T10:21:33+00:00</time>
      </trkpt>
      <trkpt lat="48.7002" lon="2.09611">
        <ele>91</ele>
        <time>2026-05-14T10:21:34+00:00</time>
      </trkpt>
      <trkpt lat="48.70073" lon="2.09445">
        <ele>88</ele>
        <time>2026-05-14T10:21:35+00:00</time>
      </trkpt>
      <trkpt lat="48.70121" lon="2.09281">
        <ele>88</ele>
        <time>2026-05-14T10:21:36+00:00</time>
      </trkpt>
      <trkpt lat="48.70149" lon="2.09201">
        <ele>89</ele>
        <time>2026-05-14T10:21:37+00:00</time>
      </trkpt>
      <trkpt lat="48.70159" lon="2.09181">
        <ele>90</ele>
        <time>2026-05-14T10:21:38+00:00</time>
      </trkpt>
      <trkpt lat="48.70179" lon="2.09126">
        <ele>89</ele>
        <time>2026-05-14T10:21:39+00:00</time>
      </trkpt>
      <trkpt lat="48.70197" lon="2.0898">
        <ele>87</ele>
        <time>2026-05-14T10:21:40+00:00</time>
      </trkpt>
      <trkpt lat="48.70202" lon="2.08968">
        <ele>87</ele>
        <time>2026-05-14T10:21:41+00:00</time>
      </trkpt>
      <trkpt lat="48.70207" lon="2.08964">
        <ele>86</ele>
        <time>2026-05-14T10:21:42+00:00</time>
      </trkpt>
      <trkpt lat="48.70278" lon="2.08961">
        <ele>80</ele>
        <time>2026-05-14T10:21:43+00:00</time>
      </trkpt>
      <trkpt lat="48.70282" lon="2.08956">
        <ele>80</ele>
        <time>2026-05-14T10:21:44+00:00</time>
      </trkpt>
      <trkpt lat="48.70297" lon="2.08878">
        <ele>79</ele>
        <time>2026-05-14T10:21:45+00:00</time>
      </trkpt>
      <trkpt lat="48.70302" lon="2.08867">
        <ele>79</ele>
        <time>2026-05-14T10:21:46+00:00</time>
      </trkpt>
      <trkpt lat="48.7031" lon="2.08862">
        <ele>79</ele>
        <time>2026-05-14T10:21:47+00:00</time>
      </trkpt>
      <trkpt lat="48.70337" lon="2.08869">
        <ele>78</ele>
        <time>2026-05-14T10:21:48+00:00</time>
      </trkpt>
      <trkpt lat="48.70353" lon="2.08863">
        <ele>77</ele>
        <time>2026-05-14T10:21:49+00:00</time>
      </trkpt>
      <trkpt lat="48.70364" lon="2.08855">
        <ele>77</ele>
        <time>2026-05-14T10:21:50+00:00</time>
      </trkpt>
      <trkpt lat="48.70367" lon="2.08846">
        <ele>78</ele>
        <time>2026-05-14T10:21:51+00:00</time>
      </trkpt>
      <trkpt lat="48.70362" lon="2.08795">
        <ele>78</ele>
        <time>2026-05-14T10:21:52+00:00</time>
      </trkpt>
      <trkpt lat="48.70373" lon="2.08648">
        <ele>75</ele>
        <time>2026-05-14T10:21:53+00:00</time>
      </trkpt>
      <trkpt lat="48.70384" lon="2.08565">
        <ele>74</ele>
        <time>2026-05-14T10:21:54+00:00</time>
      </trkpt>
      <trkpt lat="48.70384" lon="2.08485">
        <ele>76</ele>
        <time>2026-05-14T10:21:55+00:00</time>
      </trkpt>
      <trkpt lat="48.70385" lon="2.08468">
        <ele>76</ele>
        <time>2026-05-14T10:21:56+00:00</time>
      </trkpt>
      <trkpt lat="48.70389" lon="2.08457">
        <ele>76</ele>
        <time>2026-05-14T10:21:57+00:00</time>
      </trkpt>
      <trkpt lat="48.70384" lon="2.08445">
        <ele>76</ele>
        <time>2026-05-14T10:21:58+00:00</time>
      </trkpt>
      <trkpt lat="48.70371" lon="2.08315">
        <ele>76</ele>
        <time>2026-05-14T10:21:59+00:00</time>
      </trkpt>
      <trkpt lat="48.70361" lon="2.08272">
        <ele>77</ele>
        <time>2026-05-14T10:22:00+00:00</time>
      </trkpt>
      <trkpt lat="48.70344" lon="2.08234">
        <ele>79</ele>
        <time>2026-05-14T10:22:01+00:00</time>
      </trkpt>
      <trkpt lat="48.70298" lon="2.08173">
        <ele>83</ele>
        <time>2026-05-14T10:22:02+00:00</time>
      </trkpt>
      <trkpt lat="48.70257" lon="2.08127">
        <ele>86</ele>
        <time>2026-05-14T10:22:03+00:00</time>
      </trkpt>
      <trkpt lat="48.70265" lon="2.08112">
        <ele>86</ele>
        <time>2026-05-14T10:22:04+00:00</time>
      </trkpt>
      <trkpt lat="48.70268" lon="2.08098">
        <ele>86</ele>
        <time>2026-05-14T10:22:05+00:00</time>
      </trkpt>
      <trkpt lat="48.70274" lon="2.07982">
        <ele>87</ele>
        <time>2026-05-14T10:22:06+00:00</time>
      </trkpt>
      <trkpt lat="48.70294" lon="2.07704">
        <ele>84</ele>
        <time>2026-05-14T10:22:07+00:00</time>
      </trkpt>
      <trkpt lat="48.70296" lon="2.07633">
        <ele>84</ele>
        <time>2026-05-14T10:22:08+00:00</time>
      </trkpt>
      <trkpt lat="48.70292" lon="2.0761">
        <ele>85</ele>
        <time>2026-05-14T10:22:09+00:00</time>
      </trkpt>
      <trkpt lat="48.7025" lon="2.07517">
        <ele>86</ele>
        <time>2026-05-14T10:22:10+00:00</time>
      </trkpt>
      <trkpt lat="48.70184" lon="2.0739">
        <ele>92</ele>
        <time>2026-05-14T10:22:11+00:00</time>
      </trkpt>
      <trkpt lat="48.70146" lon="2.07238">
        <ele>93</ele>
        <time>2026-05-14T10:22:12+00:00</time>
      </trkpt>
      <trkpt lat="48.70097" lon="2.07127">
        <ele>94</ele>
        <time>2026-05-14T10:22:13+00:00</time>
      </trkpt>
      <trkpt lat="48.70299" lon="2.07079">
        <ele>79</ele>
        <time>2026-05-14T10:22:14+00:00</time>
      </trkpt>
      <trkpt lat="48.70295" lon="2.06982">
        <ele>79</ele>
        <time>2026-05-14T10:22:15+00:00</time>
      </trkpt>
      <trkpt lat="48.70302" lon="2.06962">
        <ele>78</ele>
        <time>2026-05-14T10:22:16+00:00</time>
      </trkpt>
      <trkpt lat="48.7032" lon="2.06958">
        <ele>77</ele>
        <time>2026-05-14T10:22:17+00:00</time>
      </trkpt>
      <trkpt lat="48.7032" lon="2.0694">
        <ele>77</ele>
        <time>2026-05-14T10:22:18+00:00</time>
      </trkpt>
      <trkpt lat="48.70322" lon="2.06935">
        <ele>76</ele>
        <time>2026-05-14T10:22:19+00:00</time>
      </trkpt>
      <trkpt lat="48.70318" lon="2.06918">
        <ele>76</ele>
        <time>2026-05-14T10:22:20+00:00</time>
      </trkpt>
      <trkpt lat="48.70284" lon="2.06844">
        <ele>78</ele>
        <time>2026-05-14T10:22:21+00:00</time>
      </trkpt>
      <trkpt lat="48.70273" lon="2.06795">
        <ele>78</ele>
        <time>2026-05-14T10:22:22+00:00</time>
      </trkpt>
      <trkpt lat="48.7026" lon="2.06706">
        <ele>78</ele>
        <time>2026-05-14T10:22:23+00:00</time>
      </trkpt>
      <trkpt lat="48.70256" lon="2.0666">
        <ele>78</ele>
        <time>2026-05-14T10:22:24+00:00</time>
      </trkpt>
      <trkpt lat="48.7024" lon="2.06611">
        <ele>78</ele>
        <time>2026-05-14T10:22:25+00:00</time>
      </trkpt>
      <trkpt lat="48.70229" lon="2.06548">
        <ele>78</ele>
        <time>2026-05-14T10:22:26+00:00</time>
      </trkpt>
      <trkpt lat="48.70227" lon="2.06502">
        <ele>79</ele>
        <time>2026-05-14T10:22:27+00:00</time>
      </trkpt>
      <trkpt lat="48.70231" lon="2.06443">
        <ele>80</ele>
        <time>2026-05-14T10:22:28+00:00</time>
      </trkpt>
      <trkpt lat="48.70231" lon="2.06324">
        <ele>80</ele>
        <time>2026-05-14T10:22:29+00:00</time>
      </trkpt>
      <trkpt lat="48.70234" lon="2.06294">
        <ele>81</ele>
        <time>2026-05-14T10:22:30+00:00</time>
      </trkpt>
      <trkpt lat="48.70258" lon="2.06191">
        <ele>80</ele>
        <time>2026-05-14T10:22:31+00:00</time>
      </trkpt>
      <trkpt lat="48.70261" lon="2.06079">
        <ele>81</ele>
        <time>2026-05-14T10:22:32+00:00</time>
      </trkpt>
      <trkpt lat="48.70274" lon="2.05817">
        <ele>82</ele>
        <time>2026-05-14T10:22:33+00:00</time>
      </trkpt>
      <trkpt lat="48.70269" lon="2.05734">
        <ele>82</ele>
        <time>2026-05-14T10:22:34+00:00</time>
      </trkpt>
      <trkpt lat="48.70264" lon="2.05706">
        <ele>81</ele>
        <time>2026-05-14T10:22:35+00:00</time>
      </trkpt>
      <trkpt lat="48.70251" lon="2.05669">
        <ele>81</ele>
        <time>2026-05-14T10:22:36+00:00</time>
      </trkpt>
      <trkpt lat="48.70233" lon="2.05593">
        <ele>82</ele>
        <time>2026-05-14T10:22:37+00:00</time>
      </trkpt>
      <trkpt lat="48.70231" lon="2.05574">
        <ele>82</ele>
        <time>2026-05-14T10:22:38+00:00</time>
      </trkpt>
      <trkpt lat="48.70238" lon="2.05557">
        <ele>81</ele>
        <time>2026-05-14T10:22:39+00:00</time>
      </trkpt>
      <trkpt lat="48.70235" lon="2.05524">
        <ele>80</ele>
        <time>2026-05-14T10:22:40+00:00</time>
      </trkpt>
      <trkpt lat="48.70225" lon="2.05513">
        <ele>81</ele>
        <time>2026-05-14T10:22:41+00:00</time>
      </trkpt>
      <trkpt lat="48.70219" lon="2.05496">
        <ele>81</ele>
        <time>2026-05-14T10:22:42+00:00</time>
      </trkpt>
      <trkpt lat="48.70207" lon="2.05356">
        <ele>88</ele>
        <time>2026-05-14T10:22:43+00:00</time>
      </trkpt>
      <trkpt lat="48.70208" lon="2.05328">
        <ele>90</ele>
        <time>2026-05-14T10:22:44+00:00</time>
      </trkpt>
      <trkpt lat="48.70213" lon="2.05318">
        <ele>90</ele>
        <time>2026-05-14T10:22:45+00:00</time>
      </trkpt>
      <trkpt lat="48.70215" lon="2.05304">
        <ele>90</ele>
        <time>2026-05-14T10:22:46+00:00</time>
      </trkpt>
      <trkpt lat="48.70223" lon="2.05301">
        <ele>89</ele>
        <time>2026-05-14T10:22:47+00:00</time>
      </trkpt>
      <trkpt lat="48.70231" lon="2.05293">
        <ele>89</ele>
        <time>2026-05-14T10:22:48+00:00</time>
      </trkpt>
      <trkpt lat="48.70244" lon="2.05267">
        <ele>90</ele>
        <time>2026-05-14T10:22:49+00:00</time>
      </trkpt>
      <trkpt lat="48.70262" lon="2.05222">
        <ele>89</ele>
        <time>2026-05-14T10:22:50+00:00</time>
      </trkpt>
      <trkpt lat="48.70292" lon="2.05171">
        <ele>88</ele>
        <time>2026-05-14T10:22:51+00:00</time>
      </trkpt>
      <trkpt lat="48.70312" lon="2.05107">
        <ele>86</ele>
        <time>2026-05-14T10:22:52+00:00</time>
      </trkpt>
      <trkpt lat="48.70348" lon="2.05028">
        <ele>84</ele>
        <time>2026-05-14T10:22:53+00:00</time>
      </trkpt>
      <trkpt lat="48.70359" lon="2.04988">
        <ele>84</ele>
        <time>2026-05-14T10:22:54+00:00</time>
      </trkpt>
      <trkpt lat="48.70374" lon="2.04948">
        <ele>84</ele>
        <time>2026-05-14T10:22:55+00:00</time>
      </trkpt>
      <trkpt lat="48.70416" lon="2.04853">
        <ele>85</ele>
        <time>2026-05-14T10:22:56+00:00</time>
      </trkpt>
      <trkpt lat="48.70424" lon="2.04806">
        <ele>84</ele>
        <time>2026-05-14T10:22:57+00:00</time>
      </trkpt>
      <trkpt lat="48.70434" lon="2.04779">
        <ele>84</ele>
        <time>2026-05-14T10:22:58+00:00</time>
      </trkpt>
      <trkpt lat="48.70438" lon="2.04773">
        <ele>83</ele>
        <time>2026-05-14T10:22:59+00:00</time>
      </trkpt>
      <trkpt lat="48.70465" lon="2.04754">
        <ele>82</ele>
        <time>2026-05-14T10:23:00+00:00</time>
      </trkpt>
      <trkpt lat="48.70504" lon="2.04715">
        <ele>80</ele>
        <time>2026-05-14T10:23:01+00:00</time>
      </trkpt>
      <trkpt lat="48.70553" lon="2.04684">
        <ele>79</ele>
        <time>2026-05-14T10:23:02+00:00</time>
      </trkpt>
      <trkpt lat="48.70559" lon="2.04676">
        <ele>79</ele>
        <time>2026-05-14T10:23:03+00:00</time>
      </trkpt>
      <trkpt lat="48.70589" lon="2.04613">
        <ele>78</ele>
        <time>2026-05-14T10:23:04+00:00</time>
      </trkpt>
      <trkpt lat="48.70595" lon="2.04596">
        <ele>78</ele>
        <time>2026-05-14T10:23:05+00:00</time>
      </trkpt>
      <trkpt lat="48.70622" lon="2.04547">
        <ele>79</ele>
        <time>2026-05-14T10:23:06+00:00</time>
      </trkpt>
      <trkpt lat="48.70629" lon="2.04527">
        <ele>80</ele>
        <time>2026-05-14T10:23:07+00:00</time>
      </trkpt>
      <trkpt lat="48.70629" lon="2.04514">
        <ele>80</ele>
        <time>2026-05-14T10:23:08+00:00</time>
      </trkpt>
      <trkpt lat="48.70634" lon="2.04486">
        <ele>80</ele>
        <time>2026-05-14T10:23:09+00:00</time>
      </trkpt>
      <trkpt lat="48.70634" lon="2.04466">
        <ele>80</ele>
        <time>2026-05-14T10:23:10+00:00</time>
      </trkpt>
      <trkpt lat="48.70624" lon="2.04428">
        <ele>79</ele>
        <time>2026-05-14T10:23:11+00:00</time>
      </trkpt>
      <trkpt lat="48.70625" lon="2.04425">
        <ele>79</ele>
        <time>2026-05-14T10:23:12+00:00</time>
      </trkpt>
      <trkpt lat="48.70641" lon="2.0442">
        <ele>79</ele>
        <time>2026-05-14T10:23:13+00:00</time>
      </trkpt>
      <trkpt lat="48.70678" lon="2.04416">
        <ele>81</ele>
        <time>2026-05-14T10:23:14+00:00</time>
      </trkpt>
      <trkpt lat="48.70697" lon="2.04422">
        <ele>82</ele>
        <time>2026-05-14T10:23:15+00:00</time>
      </trkpt>
      <trkpt lat="48.70712" lon="2.04423">
        <ele>83</ele>
        <time>2026-05-14T10:23:16+00:00</time>
      </trkpt>
      <trkpt lat="48.70726" lon="2.04388">
        <ele>85</ele>
        <time>2026-05-14T10:23:17+00:00</time>
      </trkpt>
      <trkpt lat="48.70741" lon="2.04383">
        <ele>86</ele>
        <time>2026-05-14T10:23:18+00:00</time>
      </trkpt>
      <trkpt lat="48.7075" lon="2.04359">
        <ele>87</ele>
        <time>2026-05-14T10:23:19+00:00</time>
      </trkpt>
      <trkpt lat="48.70749" lon="2.04335">
        <ele>88</ele>
        <time>2026-05-14T10:23:20+00:00</time>
      </trkpt>
      <trkpt lat="48.70757" lon="2.04269">
        <ele>88</ele>
        <time>2026-05-14T10:23:21+00:00</time>
      </trkpt>
      <trkpt lat="48.70757" lon="2.04257">
        <ele>88</ele>
        <time>2026-05-14T10:23:22+00:00</time>
      </trkpt>
      <trkpt lat="48.70753" lon="2.04239">
        <ele>87</ele>
        <time>2026-05-14T10:23:23+00:00</time>
      </trkpt>
      <trkpt lat="48.7075" lon="2.04168">
        <ele>86</ele>
        <time>2026-05-14T10:23:24+00:00</time>
      </trkpt>
      <trkpt lat="48.70753" lon="2.04137">
        <ele>87</ele>
        <time>2026-05-14T10:23:25+00:00</time>
      </trkpt>
      <trkpt lat="48.70759" lon="2.04119">
        <ele>88</ele>
        <time>2026-05-14T10:23:26+00:00</time>
      </trkpt>
      <trkpt lat="48.70781" lon="2.04122">
        <ele>90</ele>
        <time>2026-05-14T10:23:27+00:00</time>
      </trkpt>
      <trkpt lat="48.7078" lon="2.04111">
        <ele>90</ele>
        <time>2026-05-14T10:23:28+00:00</time>
      </trkpt>
      <trkpt lat="48.70807" lon="2.04109">
        <ele>92</ele>
        <time>2026-05-14T10:23:29+00:00</time>
      </trkpt>
      <trkpt lat="48.70822" lon="2.04104">
        <ele>94</ele>
        <time>2026-05-14T10:23:30+00:00</time>
      </trkpt>
      <trkpt lat="48.70822" lon="2.041">
        <ele>93</ele>
        <time>2026-05-14T10:23:31+00:00</time>
      </trkpt>
      <trkpt lat="48.70832" lon="2.04104">
        <ele>94</ele>
        <time>2026-05-14T10:23:32+00:00</time>
      </trkpt>
      <trkpt lat="48.70856" lon="2.04123">
        <ele>100</ele>
        <time>2026-05-14T10:23:33+00:00</time>
      </trkpt>
      <trkpt lat="48.70864" lon="2.04125">
        <ele>102</ele>
        <time>2026-05-14T10:23:34+00:00</time>
      </trkpt>
      <trkpt lat="48.70872" lon="2.04117">
        <ele>104</ele>
        <time>2026-05-14T10:23:35+00:00</time>
      </trkpt>
      <trkpt lat="48.70875" lon="2.04109">
        <ele>104</ele>
        <time>2026-05-14T10:23:36+00:00</time>
      </trkpt>
      <trkpt lat="48.70885" lon="2.04096">
        <ele>105</ele>
        <time>2026-05-14T10:23:37+00:00</time>
      </trkpt>
      <trkpt lat="48.70892" lon="2.04078">
        <ele>106</ele>
        <time>2026-05-14T10:23:38+00:00</time>
      </trkpt>
      <trkpt lat="48.70896" lon="2.04079">
        <ele>106</ele>
        <time>2026-05-14T10:23:39+00:00</time>
      </trkpt>
      <trkpt lat="48.70902" lon="2.04091">
        <ele>109</ele>
        <time>2026-05-14T10:23:40+00:00</time>
      </trkpt>
      <trkpt lat="48.7091" lon="2.04118">
        <ele>113</ele>
        <time>2026-05-14T10:23:41+00:00</time>
      </trkpt>
      <trkpt lat="48.70914" lon="2.04148">
        <ele>117</ele>
        <time>2026-05-14T10:23:42+00:00</time>
      </trkpt>
      <trkpt lat="48.7093" lon="2.04184">
        <ele>124</ele>
        <time>2026-05-14T10:23:43+00:00</time>
      </trkpt>
      <trkpt lat="48.70946" lon="2.04162">
        <ele>128</ele>
        <time>2026-05-14T10:23:44+00:00</time>
      </trkpt>
      <trkpt lat="48.70949" lon="2.04199">
        <ele>130</ele>
        <time>2026-05-14T10:23:45+00:00</time>
      </trkpt>
      <trkpt lat="48.70948" lon="2.04212">
        <ele>130</ele>
        <time>2026-05-14T10:23:46+00:00</time>
      </trkpt>
      <trkpt lat="48.70945" lon="2.04216">
        <ele>130</ele>
        <time>2026-05-14T10:23:47+00:00</time>
      </trkpt>
      <trkpt lat="48.70949" lon="2.04224">
        <ele>131</ele>
        <time>2026-05-14T10:23:48+00:00</time>
      </trkpt>
      <trkpt lat="48.70955" lon="2.04212">
        <ele>133</ele>
        <time>2026-05-14T10:23:49+00:00</time>
      </trkpt>
      <trkpt lat="48.70961" lon="2.04179">
        <ele>134</ele>
        <time>2026-05-14T10:23:50+00:00</time>
      </trkpt>
      <trkpt lat="48.70967" lon="2.04171">
        <ele>135</ele>
        <time>2026-05-14T10:23:51+00:00</time>
      </trkpt>
      <trkpt lat="48.70972" lon="2.04166">
        <ele>137</ele>
        <time>2026-05-14T10:23:52+00:00</time>
      </trkpt>
      <trkpt lat="48.71004" lon="2.04158">
        <ele>145</ele>
        <time>2026-05-14T10:23:53+00:00</time>
      </trkpt>
      <trkpt lat="48.71012" lon="2.04143">
        <ele>144</ele>
        <time>2026-05-14T10:23:54+00:00</time>
      </trkpt>
      <trkpt lat="48.71043" lon="2.04114">
        <ele>144</ele>
        <time>2026-05-14T10:23:55+00:00</time>
      </trkpt>
      <trkpt lat="48.71042" lon="2.04108">
        <ele>143</ele>
        <time>2026-05-14T10:23:56+00:00</time>
      </trkpt>
      <trkpt lat="48.71027" lon="2.04117">
        <ele>142</ele>
        <time>2026-05-14T10:23:57+00:00</time>
      </trkpt>
      <trkpt lat="48.71018" lon="2.04106">
        <ele>139</ele>
        <time>2026-05-14T10:23:58+00:00</time>
      </trkpt>
      <trkpt lat="48.71018" lon="2.04088">
        <ele>136</ele>
        <time>2026-05-14T10:23:59+00:00</time>
      </trkpt>
      <trkpt lat="48.71011" lon="2.04078">
        <ele>133</ele>
        <time>2026-05-14T10:24:00+00:00</time>
      </trkpt>
      <trkpt lat="48.71011" lon="2.04043">
        <ele>127</ele>
        <time>2026-05-14T10:24:01+00:00</time>
      </trkpt>
      <trkpt lat="48.70982" lon="2.04069">
        <ele>125</ele>
        <time>2026-05-14T10:24:02+00:00</time>
      </trkpt>
      <trkpt lat="48.70992" lon="2.0402">
        <ele>120</ele>
        <time>2026-05-14T10:24:03+00:00</time>
      </trkpt>
      <trkpt lat="48.70991" lon="2.03954">
        <ele>110</ele>
        <time>2026-05-14T10:24:04+00:00</time>
      </trkpt>
      <trkpt lat="48.70988" lon="2.03942">
        <ele>108</ele>
        <time>2026-05-14T10:24:05+00:00</time>
      </trkpt>
      <trkpt lat="48.70988" lon="2.03926">
        <ele>106</ele>
        <time>2026-05-14T10:24:06+00:00</time>
      </trkpt>
      <trkpt lat="48.70971" lon="2.03904">
        <ele>102</ele>
        <time>2026-05-14T10:24:07+00:00</time>
      </trkpt>
      <trkpt lat="48.70956" lon="2.03889">
        <ele>100</ele>
        <time>2026-05-14T10:24:08+00:00</time>
      </trkpt>
      <trkpt lat="48.70943" lon="2.03881">
        <ele>98</ele>
        <time>2026-05-14T10:24:09+00:00</time>
      </trkpt>
      <trkpt lat="48.70916" lon="2.03877">
        <ele>95</ele>
        <time>2026-05-14T10:24:10+00:00</time>
      </trkpt>
      <trkpt lat="48.70885" lon="2.0386">
        <ele>92</ele>
        <time>2026-05-14T10:24:11+00:00</time>
      </trkpt>
      <trkpt lat="48.70942" lon="2.03793">
        <ele>94</ele>
        <time>2026-05-14T10:24:12+00:00</time>
      </trkpt>
      <trkpt lat="48.70991" lon="2.03691">
        <ele>96</ele>
        <time>2026-05-14T10:24:13+00:00</time>
      </trkpt>
      <trkpt lat="48.71015" lon="2.03627">
        <ele>99</ele>
        <time>2026-05-14T10:24:14+00:00</time>
      </trkpt>
      <trkpt lat="48.71034" lon="2.03538">
        <ele>99</ele>
        <time>2026-05-14T10:24:15+00:00</time>
      </trkpt>
      <trkpt lat="48.71052" lon="2.03502">
        <ele>101</ele>
        <time>2026-05-14T10:24:16+00:00</time>
      </trkpt>
      <trkpt lat="48.71094" lon="2.03444">
        <ele>100</ele>
        <time>2026-05-14T10:24:17+00:00</time>
      </trkpt>
      <trkpt lat="48.71115" lon="2.03423">
        <ele>100</ele>
        <time>2026-05-14T10:24:18+00:00</time>
      </trkpt>
      <trkpt lat="48.71137" lon="2.03407">
        <ele>101</ele>
        <time>2026-05-14T10:24:19+00:00</time>
      </trkpt>
      <trkpt lat="48.71182" lon="2.03385">
        <ele>104</ele>
        <time>2026-05-14T10:24:20+00:00</time>
      </trkpt>
      <trkpt lat="48.71189" lon="2.03379">
        <ele>104</ele>
        <time>2026-05-14T10:24:21+00:00</time>
      </trkpt>
      <trkpt lat="48.71193" lon="2.03388">
        <ele>106</ele>
        <time>2026-05-14T10:24:22+00:00</time>
      </trkpt>
      <trkpt lat="48.71236" lon="2.03383">
        <ele>110</ele>
        <time>2026-05-14T10:24:23+00:00</time>
      </trkpt>
      <trkpt lat="48.71254" lon="2.03367">
        <ele>112</ele>
        <time>2026-05-14T10:24:24+00:00</time>
      </trkpt>
      <trkpt lat="48.71265" lon="2.03339">
        <ele>113</ele>
        <time>2026-05-14T10:24:25+00:00</time>
      </trkpt>
      <trkpt lat="48.71278" lon="2.03282">
        <ele>115</ele>
        <time>2026-05-14T10:24:26+00:00</time>
      </trkpt>
      <trkpt lat="48.71322" lon="2.03203">
        <ele>129</ele>
        <time>2026-05-14T10:24:27+00:00</time>
      </trkpt>
      <trkpt lat="48.71356" lon="2.0316">
        <ele>138</ele>
        <time>2026-05-14T10:24:28+00:00</time>
      </trkpt>
      <trkpt lat="48.71391" lon="2.03129">
        <ele>149</ele>
        <time>2026-05-14T10:24:29+00:00</time>
      </trkpt>
      <trkpt lat="48.71389" lon="2.03095">
        <ele>148</ele>
        <time>2026-05-14T10:24:30+00:00</time>
      </trkpt>
      <trkpt lat="48.714" lon="2.03081">
        <ele>152</ele>
        <time>2026-05-14T10:24:31+00:00</time>
      </trkpt>
      <trkpt lat="48.71418" lon="2.03077">
        <ele>157</ele>
        <time>2026-05-14T10:24:32+00:00</time>
      </trkpt>
      <trkpt lat="48.71442" lon="2.03077">
        <ele>160</ele>
        <time>2026-05-14T10:24:33+00:00</time>
      </trkpt>
      <trkpt lat="48.71457" lon="2.0307">
        <ele>162</ele>
        <time>2026-05-14T10:24:34+00:00</time>
      </trkpt>
      <trkpt lat="48.71619" lon="2.03021">
        <ele>175</ele>
        <time>2026-05-14T10:24:35+00:00</time>
      </trkpt>
      <trkpt lat="48.71731" lon="2.03019">
        <ele>175</ele>
        <time>2026-05-14T10:24:36+00:00</time>
      </trkpt>
      <trkpt lat="48.71816" lon="2.03009">
        <ele>177</ele>
        <time>2026-05-14T10:24:37+00:00</time>
      </trkpt>
      <trkpt lat="48.72085" lon="2.02965">
        <ele>171</ele>
        <time>2026-05-14T10:24:38+00:00</time>
      </trkpt>
      <trkpt lat="48.72176" lon="2.02925">
        <ele>168</ele>
        <time>2026-05-14T10:24:39+00:00</time>
      </trkpt>
      <trkpt lat="48.72213" lon="2.02928">
        <ele>166</ele>
        <time>2026-05-14T10:24:40+00:00</time>
      </trkpt>
      <trkpt lat="48.72254" lon="2.02914">
        <ele>163</ele>
        <time>2026-05-14T10:24:41+00:00</time>
      </trkpt>
      <trkpt lat="48.7227" lon="2.02918">
        <ele>161</ele>
        <time>2026-05-14T10:24:42+00:00</time>
      </trkpt>
      <trkpt lat="48.72275" lon="2.02906">
        <ele>160</ele>
        <time>2026-05-14T10:24:43+00:00</time>
      </trkpt>
      <trkpt lat="48.7227" lon="2.02884">
        <ele>161</ele>
        <time>2026-05-14T10:24:44+00:00</time>
      </trkpt>
      <trkpt lat="48.72315" lon="2.02831">
        <ele>152</ele>
        <time>2026-05-14T10:24:45+00:00</time>
      </trkpt>
      <trkpt lat="48.7237" lon="2.02804">
        <ele>144</ele>
        <time>2026-05-14T10:24:46+00:00</time>
      </trkpt>
      <trkpt lat="48.72453" lon="2.0272">
        <ele>133</ele>
        <time>2026-05-14T10:24:47+00:00</time>
      </trkpt>
      <trkpt lat="48.72564" lon="2.02671">
        <ele>122</ele>
        <time>2026-05-14T10:24:48+00:00</time>
      </trkpt>
      <trkpt lat="48.72606" lon="2.02649">
        <ele>119</ele>
        <time>2026-05-14T10:24:49+00:00</time>
      </trkpt>
      <trkpt lat="48.7265" lon="2.02613">
        <ele>116</ele>
        <time>2026-05-14T10:24:50+00:00</time>
      </trkpt>
      <trkpt lat="48.72719" lon="2.02531">
        <ele>110</ele>
        <time>2026-05-14T10:24:51+00:00</time>
      </trkpt>
      <trkpt lat="48.72728" lon="2.02539">
        <ele>108</ele>
        <time>2026-05-14T10:24:52+00:00</time>
      </trkpt>
      <trkpt lat="48.72724" lon="2.02554">
        <ele>109</ele>
        <time>2026-05-14T10:24:53+00:00</time>
      </trkpt>
      <trkpt lat="48.72888" lon="2.02722">
        <ele>100</ele>
        <time>2026-05-14T10:24:54+00:00</time>
      </trkpt>
      <trkpt lat="48.72943" lon="2.02775">
        <ele>102</ele>
        <time>2026-05-14T10:24:55+00:00</time>
      </trkpt>
      <trkpt lat="48.72948" lon="2.02784">
        <ele>103</ele>
        <time>2026-05-14T10:24:56+00:00</time>
      </trkpt>
      <trkpt lat="48.72952" lon="2.02819">
        <ele>105</ele>
        <time>2026-05-14T10:24:57+00:00</time>
      </trkpt>
      <trkpt lat="48.72965" lon="2.02816">
        <ele>106</ele>
        <time>2026-05-14T10:24:58+00:00</time>
      </trkpt>
      <trkpt lat="48.73008" lon="2.02781">
        <ele>108</ele>
        <time>2026-05-14T10:24:59+00:00</time>
      </trkpt>
      <trkpt lat="48.73025" lon="2.02772">
        <ele>110</ele>
        <time>2026-05-14T10:25:00+00:00</time>
      </trkpt>
      <trkpt lat="48.73046" lon="2.02727">
        <ele>109</ele>
        <time>2026-05-14T10:25:01+00:00</time>
      </trkpt>
      <trkpt lat="48.73201" lon="2.02547">
        <ele>110</ele>
        <time>2026-05-14T10:25:02+00:00</time>
      </trkpt>
      <trkpt lat="48.7331" lon="2.02446">
        <ele>112</ele>
        <time>2026-05-14T10:25:03+00:00</time>
      </trkpt>
      <trkpt lat="48.73383" lon="2.02393">
        <ele>113</ele>
        <time>2026-05-14T10:25:04+00:00</time>
      </trkpt>
      <trkpt lat="48.73399" lon="2.02378">
        <ele>113</ele>
        <time>2026-05-14T10:25:05+00:00</time>
      </trkpt>
      <trkpt lat="48.73418" lon="2.02348">
        <ele>110</ele>
        <time>2026-05-14T10:25:06+00:00</time>
      </trkpt>
      <trkpt lat="48.73446" lon="2.02289">
        <ele>106</ele>
        <time>2026-05-14T10:25:07+00:00</time>
      </trkpt>
      <trkpt lat="48.73469" lon="2.02292">
        <ele>107</ele>
        <time>2026-05-14T10:25:08+00:00</time>
      </trkpt>
      <trkpt lat="48.73526" lon="2.02294">
        <ele>110</ele>
        <time>2026-05-14T10:25:09+00:00</time>
      </trkpt>
      <trkpt lat="48.73572" lon="2.02289">
        <ele>113</ele>
        <time>2026-05-14T10:25:10+00:00</time>
      </trkpt>
      <trkpt lat="48.73645" lon="2.0229">
        <ele>118</ele>
        <time>2026-05-14T10:25:11+00:00</time>
      </trkpt>
      <trkpt lat="48.73764" lon="2.02248">
        <ele>117</ele>
        <time>2026-05-14T10:25:12+00:00</time>
      </trkpt>
      <trkpt lat="48.73821" lon="2.0225">
        <ele>117</ele>
        <time>2026-05-14T10:25:13+00:00</time>
      </trkpt>
      <trkpt lat="48.73933" lon="2.02268">
        <ele>116</ele>
        <time>2026-05-14T10:25:14+00:00</time>
      </trkpt>
      <trkpt lat="48.73992" lon="2.02296">
        <ele>118</ele>
        <time>2026-05-14T10:25:15+00:00</time>
      </trkpt>
      <trkpt lat="48.74004" lon="2.02291">
        <ele>118</ele>
        <time>2026-05-14T10:25:16+00:00</time>
      </trkpt>
      <trkpt lat="48.74029" lon="2.02278">
        <ele>120</ele>
        <time>2026-05-14T10:25:17+00:00</time>
      </trkpt>
      <trkpt lat="48.74056" lon="2.02253">
        <ele>122</ele>
        <time>2026-05-14T10:25:18+00:00</time>
      </trkpt>
      <trkpt lat="48.74071" lon="2.02204">
        <ele>120</ele>
        <time>2026-05-14T10:25:19+00:00</time>
      </trkpt>
      <trkpt lat="48.74085" lon="2.02143">
        <ele>117</ele>
        <time>2026-05-14T10:25:20+00:00</time>
      </trkpt>
      <trkpt lat="48.74095" lon="2.02127">
        <ele>118</ele>
        <time>2026-05-14T10:25:21+00:00</time>
      </trkpt>
      <trkpt lat="48.74119" lon="2.02074">
        <ele>118</ele>
        <time>2026-05-14T10:25:22+00:00</time>
      </trkpt>
      <trkpt lat="48.74165" lon="2.02004">
        <ele>121</ele>
        <time>2026-05-14T10:25:23+00:00</time>
      </trkpt>
      <trkpt lat="48.74201" lon="2.01957">
        <ele>122</ele>
        <time>2026-05-14T10:25:24+00:00</time>
      </trkpt>
      <trkpt lat="48.74264" lon="2.01911">
        <ele>124</ele>
        <time>2026-05-14T10:25:25+00:00</time>
      </trkpt>
      <trkpt lat="48.74306" lon="2.01897">
        <ele>130</ele>
        <time>2026-05-14T10:25:26+00:00</time>
      </trkpt>
      <trkpt lat="48.74337" lon="2.01876">
        <ele>132</ele>
        <time>2026-05-14T10:25:27+00:00</time>
      </trkpt>
      <trkpt lat="48.74366" lon="2.01844">
        <ele>131</ele>
        <time>2026-05-14T10:25:28+00:00</time>
      </trkpt>
      <trkpt lat="48.74437" lon="2.01816">
        <ele>134</ele>
        <time>2026-05-14T10:25:29+00:00</time>
      </trkpt>
      <trkpt lat="48.74458" lon="2.01804">
        <ele>133</ele>
        <time>2026-05-14T10:25:30+00:00</time>
      </trkpt>
      <trkpt lat="48.74542" lon="2.01745">
        <ele>132</ele>
        <time>2026-05-14T10:25:31+00:00</time>
      </trkpt>
      <trkpt lat="48.74551" lon="2.01699">
        <ele>131</ele>
        <time>2026-05-14T10:25:32+00:00</time>
      </trkpt>
      <trkpt lat="48.74549" lon="2.01652">
        <ele>130</ele>
        <time>2026-05-14T10:25:33+00:00</time>
      </trkpt>
      <trkpt lat="48.74554" lon="2.01618">
        <ele>131</ele>
        <time>2026-05-14T10:25:34+00:00</time>
      </trkpt>
      <trkpt lat="48.74553" lon="2.01604">
        <ele>131</ele>
        <time>2026-05-14T10:25:35+00:00</time>
      </trkpt>
      <trkpt lat="48.74542" lon="2.01547">
        <ele>131</ele>
        <time>2026-05-14T10:25:36+00:00</time>
      </trkpt>
      <trkpt lat="48.74528" lon="2.01529">
        <ele>129</ele>
        <time>2026-05-14T10:25:37+00:00</time>
      </trkpt>
      <trkpt lat="48.74523" lon="2.01497">
        <ele>129</ele>
        <time>2026-05-14T10:25:38+00:00</time>
      </trkpt>
      <trkpt lat="48.7453" lon="2.01461">
        <ele>128</ele>
        <time>2026-05-14T10:25:39+00:00</time>
      </trkpt>
      <trkpt lat="48.7457" lon="2.01385">
        <ele>133</ele>
        <time>2026-05-14T10:25:40+00:00</time>
      </trkpt>
      <trkpt lat="48.74577" lon="2.01359">
        <ele>134</ele>
        <time>2026-05-14T10:25:41+00:00</time>
      </trkpt>
      <trkpt lat="48.74578" lon="2.01278">
        <ele>131</ele>
        <time>2026-05-14T10:25:42+00:00</time>
      </trkpt>
      <trkpt lat="48.74588" lon="2.01226">
        <ele>131</ele>
        <time>2026-05-14T10:25:43+00:00</time>
      </trkpt>
      <trkpt lat="48.74616" lon="2.01175">
        <ele>134</ele>
        <time>2026-05-14T10:25:44+00:00</time>
      </trkpt>
      <trkpt lat="48.74632" lon="2.01152">
        <ele>136</ele>
        <time>2026-05-14T10:25:45+00:00</time>
      </trkpt>
      <trkpt lat="48.74642" lon="2.01131">
        <ele>136</ele>
        <time>2026-05-14T10:25:46+00:00</time>
      </trkpt>
      <trkpt lat="48.74662" lon="2.01071">
        <ele>135</ele>
        <time>2026-05-14T10:25:47+00:00</time>
      </trkpt>
      <trkpt lat="48.7467" lon="2.01027">
        <ele>137</ele>
        <time>2026-05-14T10:25:48+00:00</time>
      </trkpt>
      <trkpt lat="48.7466" lon="2.00892">
        <ele>139</ele>
        <time>2026-05-14T10:25:49+00:00</time>
      </trkpt>
      <trkpt lat="48.74657" lon="2.0081">
        <ele>137</ele>
        <time>2026-05-14T10:25:50+00:00</time>
      </trkpt>
      <trkpt lat="48.74666" lon="2.0077">
        <ele>136</ele>
        <time>2026-05-14T10:25:51+00:00</time>
      </trkpt>
      <trkpt lat="48.74729" lon="2.0065">
        <ele>142</ele>
        <time>2026-05-14T10:25:52+00:00</time>
      </trkpt>
      <trkpt lat="48.7475" lon="2.00579">
        <ele>139</ele>
        <time>2026-05-14T10:25:53+00:00</time>
      </trkpt>
      <trkpt lat="48.74773" lon="2.00449">
        <ele>147</ele>
        <time>2026-05-14T10:25:54+00:00</time>
      </trkpt>
      <trkpt lat="48.74775" lon="2.00369">
        <ele>150</ele>
        <time>2026-05-14T10:25:55+00:00</time>
      </trkpt>
      <trkpt lat="48.7477" lon="2.00303">
        <ele>151</ele>
        <time>2026-05-14T10:25:56+00:00</time>
      </trkpt>
      <trkpt lat="48.74757" lon="2.00268">
        <ele>149</ele>
        <time>2026-05-14T10:25:57+00:00</time>
      </trkpt>
      <trkpt lat="48.74754" lon="2.0025">
        <ele>149</ele>
        <time>2026-05-14T10:25:58+00:00</time>
      </trkpt>
      <trkpt lat="48.7476" lon="2.00233">
        <ele>149</ele>
        <time>2026-05-14T10:25:59+00:00</time>
      </trkpt>
      <trkpt lat="48.74799" lon="2.00219">
        <ele>158</ele>
        <time>2026-05-14T10:26:00+00:00</time>
      </trkpt>
      <trkpt lat="48.74833" lon="2.00171">
        <ele>163</ele>
        <time>2026-05-14T10:26:01+00:00</time>
      </trkpt>
      <trkpt lat="48.74853" lon="2.00106">
        <ele>162</ele>
        <time>2026-05-14T10:26:02+00:00</time>
      </trkpt>
      <trkpt lat="48.74846" lon="2.00022">
        <ele>156</ele>
        <time>2026-05-14T10:26:03+00:00</time>
      </trkpt>
      <trkpt lat="48.74845" lon="1.99959">
        <ele>153</ele>
        <time>2026-05-14T10:26:04+00:00</time>
      </trkpt>
      <trkpt lat="48.74861" lon="1.99951">
        <ele>157</ele>
        <time>2026-05-14T10:26:05+00:00</time>
      </trkpt>
      <trkpt lat="48.74883" lon="1.99912">
        <ele>162</ele>
        <time>2026-05-14T10:26:06+00:00</time>
      </trkpt>
      <trkpt lat="48.74928" lon="1.99846">
        <ele>171</ele>
        <time>2026-05-14T10:26:07+00:00</time>
      </trkpt>
      <trkpt lat="48.75122" lon="1.99572">
        <ele>176</ele>
        <time>2026-05-14T10:26:08+00:00</time>
      </trkpt>
      <trkpt lat="48.75134" lon="1.9888">
        <ele>172</ele>
        <time>2026-05-14T10:26:09+00:00</time>
      </trkpt>
      <trkpt lat="48.75151" lon="1.98559">
        <ele>166</ele>
        <time>2026-05-14T10:26:10+00:00</time>
      </trkpt>
      <trkpt lat="48.75423" lon="1.98155">
        <ele>177</ele>
        <time>2026-05-14T10:26:11+00:00</time>
      </trkpt>
      <trkpt lat="48.75591" lon="1.97919">
        <ele>181</ele>
        <time>2026-05-14T10:26:12+00:00</time>
      </trkpt>
      <trkpt lat="48.75634" lon="1.97837">
        <ele>180</ele>
        <time>2026-05-14T10:26:13+00:00</time>
      </trkpt>
      <trkpt lat="48.75637" lon="1.97803">
        <ele>180</ele>
        <time>2026-05-14T10:26:14+00:00</time>
      </trkpt>
      <trkpt lat="48.7561" lon="1.96919">
        <ele>176</ele>
        <time>2026-05-14T10:26:15+00:00</time>
      </trkpt>
      <trkpt lat="48.75604" lon="1.96858">
        <ele>174</ele>
        <time>2026-05-14T10:26:16+00:00</time>
      </trkpt>
      <trkpt lat="48.75589" lon="1.96833">
        <ele>173</ele>
        <time>2026-05-14T10:26:17+00:00</time>
      </trkpt>
      <trkpt lat="48.75575" lon="1.96768">
        <ele>172</ele>
        <time>2026-05-14T10:26:18+00:00</time>
      </trkpt>
      <trkpt lat="48.75561" lon="1.96725">
        <ele>171</ele>
        <time>2026-05-14T10:26:19+00:00</time>
      </trkpt>
      <trkpt lat="48.7552" lon="1.96684">
        <ele>169</ele>
        <time>2026-05-14T10:26:20+00:00</time>
      </trkpt>
      <trkpt lat="48.75444" lon="1.96677">
        <ele>166</ele>
        <time>2026-05-14T10:26:21+00:00</time>
      </trkpt>
      <trkpt lat="48.75411" lon="1.96711">
        <ele>167</ele>
        <time>2026-05-14T10:26:22+00:00</time>
      </trkpt>
      <trkpt lat="48.75301" lon="1.96696">
        <ele>167</ele>
        <time>2026-05-14T10:26:23+00:00</time>
      </trkpt>
      <trkpt lat="48.75293" lon="1.96661">
        <ele>166</ele>
        <time>2026-05-14T10:26:24+00:00</time>
      </trkpt>
      <trkpt lat="48.74997" lon="1.96571">
        <ele>168</ele>
        <time>2026-05-14T10:26:25+00:00</time>
      </trkpt>
      <trkpt lat="48.75038" lon="1.96016">
        <ele>169</ele>
        <time>2026-05-14T10:26:26+00:00</time>
      </trkpt>
      <trkpt lat="48.75103" lon="1.95945">
        <ele>170</ele>
        <time>2026-05-14T10:26:27+00:00</time>
      </trkpt>
      <trkpt lat="48.75194" lon="1.95828">
        <ele>169</ele>
        <time>2026-05-14T10:26:28+00:00</time>
      </trkpt>
      <trkpt lat="48.7523" lon="1.95746">
        <ele>169</ele>
        <time>2026-05-14T10:26:29+00:00</time>
      </trkpt>
      <trkpt lat="48.75277" lon="1.95653">
        <ele>168</ele>
        <time>2026-05-14T10:26:30+00:00</time>
      </trkpt>
      <trkpt lat="48.75301" lon="1.95584">
        <ele>169</ele>
        <time>2026-05-14T10:26:31+00:00</time>
      </trkpt>
      <trkpt lat="48.75396" lon="1.95588">
        <ele>169</ele>
        <time>2026-05-14T10:26:32+00:00</time>
      </trkpt>
      <trkpt lat="48.75466" lon="1.956">
        <ele>169</ele>
        <time>2026-05-14T10:26:33+00:00</time>
      </trkpt>
      <trkpt lat="48.75472" lon="1.95643">
        <ele>170</ele>
        <time>2026-05-14T10:26:34+00:00</time>
      </trkpt>
      <trkpt lat="48.75519" lon="1.9568">
        <ele>169</ele>
        <time>2026-05-14T10:26:35+00:00</time>
      </trkpt>
      <trkpt lat="48.75532" lon="1.95704">
        <ele>168</ele>
        <time>2026-05-14T10:26:36+00:00</time>
      </trkpt>
      <trkpt lat="48.75542" lon="1.9571">
        <ele>168</ele>
        <time>2026-05-14T10:26:37+00:00</time>
      </trkpt>
      <trkpt lat="48.75589" lon="1.95784">
        <ele>168</ele>
        <time>2026-05-14T10:26:38+00:00</time>
      </trkpt>
      <trkpt lat="48.75625" lon="1.9577">
        <ele>169</ele>
        <time>2026-05-14T10:26:39+00:00</time>
      </trkpt>
      <trkpt lat="48.75618" lon="1.95696">
        <ele>168</ele>
        <time>2026-05-14T10:26:40+00:00</time>
      </trkpt>
      <trkpt lat="48.75702" lon="1.95447">
        <ele>169</ele>
        <time>2026-05-14T10:26:41+00:00</time>
      </trkpt>
      <trkpt lat="48.75675" lon="1.95369">
        <ele>168</ele>
        <time>2026-05-14T10:26:42+00:00</time>
      </trkpt>
      <trkpt lat="48.75657" lon="1.95279">
        <ele>169</ele>
        <time>2026-05-14T10:26:43+00:00</time>
      </trkpt>
      <trkpt lat="48.75688" lon="1.95197">
        <ele>170</ele>
        <time>2026-05-14T10:26:44+00:00</time>
      </trkpt>
      <trkpt lat="48.75649" lon="1.95031">
        <ele>171</ele>
        <time>2026-05-14T10:26:45+00:00</time>
      </trkpt>
      <trkpt lat="48.75637" lon="1.94964">
        <ele>171</ele>
        <time>2026-05-14T10:26:46+00:00</time>
      </trkpt>
      <trkpt lat="48.75582" lon="1.9473">
        <ele>169</ele>
        <time>2026-05-14T10:26:47+00:00</time>
      </trkpt>
      <trkpt lat="48.75495" lon="1.94331">
        <ele>170</ele>
        <time>2026-05-14T10:26:48+00:00</time>
      </trkpt>
      <trkpt lat="48.75542" lon="1.94297">
        <ele>170</ele>
        <time>2026-05-14T10:26:49+00:00</time>
      </trkpt>
      <trkpt lat="48.75565" lon="1.94343">
        <ele>169</ele>
        <time>2026-05-14T10:26:50+00:00</time>
      </trkpt>
      <trkpt lat="48.75654" lon="1.94699">
        <ele>169</ele>
        <time>2026-05-14T10:26:51+00:00</time>
      </trkpt>
      <trkpt lat="48.75701" lon="1.94765">
        <ele>169</ele>
        <time>2026-05-14T10:26:52+00:00</time>
      </trkpt>
      <trkpt lat="48.75757" lon="1.94757">
        <ele>170</ele>
        <time>2026-05-14T10:26:53+00:00</time>
      </trkpt>
      <trkpt lat="48.76038" lon="1.94632">
        <ele>174</ele>
        <time>2026-05-14T10:26:54+00:00</time>
      </trkpt>
      <trkpt lat="48.76119" lon="1.94607">
        <ele>174</ele>
        <time>2026-05-14T10:26:55+00:00</time>
      </trkpt>
      <trkpt lat="48.76156" lon="1.94601">
        <ele>173</ele>
        <time>2026-05-14T10:26:56+00:00</time>
      </trkpt>
      <trkpt lat="48.76192" lon="1.9462">
        <ele>173</ele>
        <time>2026-05-14T10:26:57+00:00</time>
      </trkpt>
      <trkpt lat="48.76266" lon="1.94697">
        <ele>172</ele>
        <time>2026-05-14T10:26:58+00:00</time>
      </trkpt>
      <trkpt lat="48.76284" lon="1.94741">
        <ele>173</ele>
        <time>2026-05-14T10:26:59+00:00</time>
      </trkpt>
      <trkpt lat="48.76311" lon="1.94756">
        <ele>174</ele>
        <time>2026-05-14T10:27:00+00:00</time>
      </trkpt>
      <trkpt lat="48.7633" lon="1.94736">
        <ele>174</ele>
        <time>2026-05-14T10:27:01+00:00</time>
      </trkpt>
      <trkpt lat="48.76346" lon="1.9473">
        <ele>174</ele>
        <time>2026-05-14T10:27:02+00:00</time>
      </trkpt>
      <trkpt lat="48.76353" lon="1.94702">
        <ele>174</ele>
        <time>2026-05-14T10:27:03+00:00</time>
      </trkpt>
      <trkpt lat="48.76348" lon="1.94664">
        <ele>173</ele>
        <time>2026-05-14T10:27:04+00:00</time>
      </trkpt>
      <trkpt lat="48.76528" lon="1.94259">
        <ele>169</ele>
        <time>2026-05-14T10:27:05+00:00</time>
      </trkpt>
      <trkpt lat="48.76624" lon="1.94035">
        <ele>168</ele>
        <time>2026-05-14T10:27:06+00:00</time>
      </trkpt>
      <trkpt lat="48.76672" lon="1.94021">
        <ele>168</ele>
        <time>2026-05-14T10:27:07+00:00</time>
      </trkpt>
      <trkpt lat="48.76717" lon="1.94026">
        <ele>169</ele>
        <time>2026-05-14T10:27:08+00:00</time>
      </trkpt>
      <trkpt lat="48.76723" lon="1.93974">
        <ele>168</ele>
        <time>2026-05-14T10:27:09+00:00</time>
      </trkpt>
      <trkpt lat="48.76734" lon="1.93946">
        <ele>168</ele>
        <time>2026-05-14T10:27:10+00:00</time>
      </trkpt>
      <trkpt lat="48.76774" lon="1.93906">
        <ele>168</ele>
        <time>2026-05-14T10:27:11+00:00</time>
      </trkpt>
      <trkpt lat="48.76846" lon="1.93794">
        <ele>165</ele>
        <time>2026-05-14T10:27:12+00:00</time>
      </trkpt>
      <trkpt lat="48.76867" lon="1.93703">
        <ele>163</ele>
        <time>2026-05-14T10:27:13+00:00</time>
      </trkpt>
      <trkpt lat="48.76899" lon="1.93611">
        <ele>161</ele>
        <time>2026-05-14T10:27:14+00:00</time>
      </trkpt>
      <trkpt lat="48.76921" lon="1.9351">
        <ele>154</ele>
        <time>2026-05-14T10:27:15+00:00</time>
      </trkpt>
      <trkpt lat="48.76943" lon="1.93427">
        <ele>154</ele>
        <time>2026-05-14T10:27:16+00:00</time>
      </trkpt>
      <trkpt lat="48.76992" lon="1.93362">
        <ele>150</ele>
        <time>2026-05-14T10:27:17+00:00</time>
      </trkpt>
      <trkpt lat="48.77042" lon="1.93318">
        <ele>148</ele>
        <time>2026-05-14T10:27:18+00:00</time>
      </trkpt>
      <trkpt lat="48.77085" lon="1.93297">
        <ele>148</ele>
        <time>2026-05-14T10:27:19+00:00</time>
      </trkpt>
      <trkpt lat="48.77125" lon="1.93281">
        <ele>146</ele>
        <time>2026-05-14T10:27:20+00:00</time>
      </trkpt>
      <trkpt lat="48.77169" lon="1.93272">
        <ele>144</ele>
        <time>2026-05-14T10:27:21+00:00</time>
      </trkpt>
      <trkpt lat="48.77188" lon="1.93261">
        <ele>144</ele>
        <time>2026-05-14T10:27:22+00:00</time>
      </trkpt>
      <trkpt lat="48.77223" lon="1.93218">
        <ele>143</ele>
        <time>2026-05-14T10:27:23+00:00</time>
      </trkpt>
      <trkpt lat="48.77252" lon="1.93172">
        <ele>140</ele>
        <time>2026-05-14T10:27:24+00:00</time>
      </trkpt>
      <trkpt lat="48.77267" lon="1.9311">
        <ele>140</ele>
        <time>2026-05-14T10:27:25+00:00</time>
      </trkpt>
      <trkpt lat="48.77273" lon="1.93035">
        <ele>137</ele>
        <time>2026-05-14T10:27:26+00:00</time>
      </trkpt>
      <trkpt lat="48.7729" lon="1.92991">
        <ele>137</ele>
        <time>2026-05-14T10:27:27+00:00</time>
      </trkpt>
      <trkpt lat="48.77304" lon="1.92972">
        <ele>136</ele>
        <time>2026-05-14T10:27:28+00:00</time>
      </trkpt>
      <trkpt lat="48.77312" lon="1.92946">
        <ele>134</ele>
        <time>2026-05-14T10:27:29+00:00</time>
      </trkpt>
      <trkpt lat="48.77333" lon="1.92918">
        <ele>130</ele>
        <time>2026-05-14T10:27:30+00:00</time>
      </trkpt>
      <trkpt lat="48.77349" lon="1.92901">
        <ele>132</ele>
        <time>2026-05-14T10:27:31+00:00</time>
      </trkpt>
      <trkpt lat="48.77377" lon="1.92878">
        <ele>135</ele>
        <time>2026-05-14T10:27:32+00:00</time>
      </trkpt>
      <trkpt lat="48.77436" lon="1.92792">
        <ele>134</ele>
        <time>2026-05-14T10:27:33+00:00</time>
      </trkpt>
      <trkpt lat="48.77453" lon="1.92771">
        <ele>133</ele>
        <time>2026-05-14T10:27:34+00:00</time>
      </trkpt>
      <trkpt lat="48.77495" lon="1.92744">
        <ele>131</ele>
        <time>2026-05-14T10:27:35+00:00</time>
      </trkpt>
      <trkpt lat="48.77512" lon="1.92721">
        <ele>131</ele>
        <time>2026-05-14T10:27:36+00:00</time>
      </trkpt>
      <trkpt lat="48.77543" lon="1.92693">
        <ele>131</ele>
        <time>2026-05-14T10:27:37+00:00</time>
      </trkpt>
      <trkpt lat="48.77618" lon="1.926">
        <ele>128</ele>
        <time>2026-05-14T10:27:38+00:00</time>
      </trkpt>
      <trkpt lat="48.77667" lon="1.92544">
        <ele>128</ele>
        <time>2026-05-14T10:27:39+00:00</time>
      </trkpt>
      <trkpt lat="48.77754" lon="1.92412">
        <ele>129</ele>
        <time>2026-05-14T10:27:40+00:00</time>
      </trkpt>
      <trkpt lat="48.77799" lon="1.92299">
        <ele>127</ele>
        <time>2026-05-14T10:27:41+00:00</time>
      </trkpt>
      <trkpt lat="48.77847" lon="1.92205">
        <ele>119</ele>
        <time>2026-05-14T10:27:42+00:00</time>
      </trkpt>
      <trkpt lat="48.77872" lon="1.92189">
        <ele>119</ele>
        <time>2026-05-14T10:27:43+00:00</time>
      </trkpt>
      <trkpt lat="48.77883" lon="1.9217">
        <ele>118</ele>
        <time>2026-05-14T10:27:44+00:00</time>
      </trkpt>
      <trkpt lat="48.77898" lon="1.92189">
        <ele>122</ele>
        <time>2026-05-14T10:27:45+00:00</time>
      </trkpt>
      <trkpt lat="48.78003" lon="1.92344">
        <ele>142</ele>
        <time>2026-05-14T10:27:46+00:00</time>
      </trkpt>
      <trkpt lat="48.78049" lon="1.92388">
        <ele>138</ele>
        <time>2026-05-14T10:27:47+00:00</time>
      </trkpt>
      <trkpt lat="48.7808" lon="1.92422">
        <ele>136</ele>
        <time>2026-05-14T10:27:48+00:00</time>
      </trkpt>
      <trkpt lat="48.78098" lon="1.92449">
        <ele>135</ele>
        <time>2026-05-14T10:27:49+00:00</time>
      </trkpt>
      <trkpt lat="48.78113" lon="1.92478">
        <ele>135</ele>
        <time>2026-05-14T10:27:50+00:00</time>
      </trkpt>
      <trkpt lat="48.78172" lon="1.92496">
        <ele>129</ele>
        <time>2026-05-14T10:27:51+00:00</time>
      </trkpt>
      <trkpt lat="48.78326" lon="1.92501">
        <ele>118</ele>
        <time>2026-05-14T10:27:52+00:00</time>
      </trkpt>
      <trkpt lat="48.78335" lon="1.92503">
        <ele>118</ele>
        <time>2026-05-14T10:27:53+00:00</time>
      </trkpt>
      <trkpt lat="48.78409" lon="1.9248">
        <ele>115</ele>
        <time>2026-05-14T10:27:54+00:00</time>
      </trkpt>
      <trkpt lat="48.78496" lon="1.92465">
        <ele>112</ele>
        <time>2026-05-14T10:27:55+00:00</time>
      </trkpt>
      <trkpt lat="48.78589" lon="1.9243">
        <ele>109</ele>
        <time>2026-05-14T10:27:56+00:00</time>
      </trkpt>
      <trkpt lat="48.78636" lon="1.92495">
        <ele>110</ele>
        <time>2026-05-14T10:27:57+00:00</time>
      </trkpt>
      <trkpt lat="48.78636" lon="1.9255">
        <ele>110</ele>
        <time>2026-05-14T10:27:58+00:00</time>
      </trkpt>
      <trkpt lat="48.78632" lon="1.92611">
        <ele>110</ele>
        <time>2026-05-14T10:27:59+00:00</time>
      </trkpt>
      <trkpt lat="48.78732" lon="1.92646">
        <ele>110</ele>
        <time>2026-05-14T10:28:00+00:00</time>
      </trkpt>
      <trkpt lat="48.78775" lon="1.92668">
        <ele>108</ele>
        <time>2026-05-14T10:28:01+00:00</time>
      </trkpt>
      <trkpt lat="48.78796" lon="1.9267">
        <ele>107</ele>
        <time>2026-05-14T10:28:02+00:00</time>
      </trkpt>
      <trkpt lat="48.78831" lon="1.9266">
        <ele>106</ele>
        <time>2026-05-14T10:28:03+00:00</time>
      </trkpt>
      <trkpt lat="48.78856" lon="1.92662">
        <ele>105</ele>
        <time>2026-05-14T10:28:04+00:00</time>
      </trkpt>
      <trkpt lat="48.78875" lon="1.92668">
        <ele>104</ele>
        <time>2026-05-14T10:28:05+00:00</time>
      </trkpt>
      <trkpt lat="48.7891" lon="1.92692">
        <ele>101</ele>
        <time>2026-05-14T10:28:06+00:00</time>
      </trkpt>
      <trkpt lat="48.7895" lon="1.92741">
        <ele>100</ele>
        <time>2026-05-14T10:28:07+00:00</time>
      </trkpt>
      <trkpt lat="48.78966" lon="1.92752">
        <ele>99</ele>
        <time>2026-05-14T10:28:08+00:00</time>
      </trkpt>
      <trkpt lat="48.79163" lon="1.92813">
        <ele>93</ele>
        <time>2026-05-14T10:28:09+00:00</time>
      </trkpt>
      <trkpt lat="48.79179" lon="1.9282">
        <ele>93</ele>
        <time>2026-05-14T10:28:10+00:00</time>
      </trkpt>
      <trkpt lat="48.79182" lon="1.92826">
        <ele>93</ele>
        <time>2026-05-14T10:28:11+00:00</time>
      </trkpt>
      <trkpt lat="48.79192" lon="1.92883">
        <ele>94</ele>
        <time>2026-05-14T10:28:12+00:00</time>
      </trkpt>
      <trkpt lat="48.79205" lon="1.92898">
        <ele>95</ele>
        <time>2026-05-14T10:28:13+00:00</time>
      </trkpt>
      <trkpt lat="48.79246" lon="1.92916">
        <ele>96</ele>
        <time>2026-05-14T10:28:14+00:00</time>
      </trkpt>
      <trkpt lat="48.7928" lon="1.92917">
        <ele>101</ele>
        <time>2026-05-14T10:28:15+00:00</time>
      </trkpt>
      <trkpt lat="48.79382" lon="1.92862">
        <ele>115</ele>
        <time>2026-05-14T10:28:16+00:00</time>
      </trkpt>
      <trkpt lat="48.79381" lon="1.92921">
        <ele>121</ele>
        <time>2026-05-14T10:28:17+00:00</time>
      </trkpt>
      <trkpt lat="48.79357" lon="1.92955">
        <ele>119</ele>
        <time>2026-05-14T10:28:18+00:00</time>
      </trkpt>
      <trkpt lat="48.79331" lon="1.92931">
        <ele>112</ele>
        <time>2026-05-14T10:28:19+00:00</time>
      </trkpt>
      <trkpt lat="48.7931" lon="1.92951">
        <ele>109</ele>
        <time>2026-05-14T10:28:20+00:00</time>
      </trkpt>
      <trkpt lat="48.79292" lon="1.92995">
        <ele>109</ele>
        <time>2026-05-14T10:28:21+00:00</time>
      </trkpt>
      <trkpt lat="48.79284" lon="1.93079">
        <ele>112</ele>
        <time>2026-05-14T10:28:22+00:00</time>
      </trkpt>
      <trkpt lat="48.79286" lon="1.93138">
        <ele>113</ele>
        <time>2026-05-14T10:28:23+00:00</time>
      </trkpt>
      <trkpt lat="48.79276" lon="1.93215">
        <ele>114</ele>
        <time>2026-05-14T10:28:24+00:00</time>
      </trkpt>
      <trkpt lat="48.79227" lon="1.93302">
        <ele>112</ele>
        <time>2026-05-14T10:28:25+00:00</time>
      </trkpt>
      <trkpt lat="48.79205" lon="1.93377">
        <ele>115</ele>
        <time>2026-05-14T10:28:26+00:00</time>
      </trkpt>
      <trkpt lat="48.79191" lon="1.93454">
        <ele>114</ele>
        <time>2026-05-14T10:28:27+00:00</time>
      </trkpt>
      <trkpt lat="48.79192" lon="1.93505">
        <ele>114</ele>
        <time>2026-05-14T10:28:28+00:00</time>
      </trkpt>
      <trkpt lat="48.79181" lon="1.93615">
        <ele>115</ele>
        <time>2026-05-14T10:28:29+00:00</time>
      </trkpt>
      <trkpt lat="48.79153" lon="1.93761">
        <ele>114</ele>
        <time>2026-05-14T10:28:30+00:00</time>
      </trkpt>
      <trkpt lat="48.79152" lon="1.9388">
        <ele>115</ele>
        <time>2026-05-14T10:28:31+00:00</time>
      </trkpt>
      <trkpt lat="48.79135" lon="1.94016">
        <ele>118</ele>
        <time>2026-05-14T10:28:32+00:00</time>
      </trkpt>
      <trkpt lat="48.79154" lon="1.94127">
        <ele>121</ele>
        <time>2026-05-14T10:28:33+00:00</time>
      </trkpt>
      <trkpt lat="48.79121" lon="1.94258">
        <ele>120</ele>
        <time>2026-05-14T10:28:34+00:00</time>
      </trkpt>
      <trkpt lat="48.7909" lon="1.94348">
        <ele>120</ele>
        <time>2026-05-14T10:28:35+00:00</time>
      </trkpt>
      <trkpt lat="48.79075" lon="1.94444">
        <ele>121</ele>
        <time>2026-05-14T10:28:36+00:00</time>
      </trkpt>
      <trkpt lat="48.79083" lon="1.94504">
        <ele>123</ele>
        <time>2026-05-14T10:28:37+00:00</time>
      </trkpt>
      <trkpt lat="48.79084" lon="1.94541">
        <ele>123</ele>
        <time>2026-05-14T10:28:38+00:00</time>
      </trkpt>
      <trkpt lat="48.79079" lon="1.94592">
        <ele>123</ele>
        <time>2026-05-14T10:28:39+00:00</time>
      </trkpt>
      <trkpt lat="48.79052" lon="1.94637">
        <ele>122</ele>
        <time>2026-05-14T10:28:40+00:00</time>
      </trkpt>
      <trkpt lat="48.7902" lon="1.94718">
        <ele>122</ele>
        <time>2026-05-14T10:28:41+00:00</time>
      </trkpt>
      <trkpt lat="48.79007" lon="1.94792">
        <ele>120</ele>
        <time>2026-05-14T10:28:42+00:00</time>
      </trkpt>
      <trkpt lat="48.79011" lon="1.94872">
        <ele>120</ele>
        <time>2026-05-14T10:28:43+00:00</time>
      </trkpt>
      <trkpt lat="48.79024" lon="1.94902">
        <ele>122</ele>
        <time>2026-05-14T10:28:44+00:00</time>
      </trkpt>
      <trkpt lat="48.79036" lon="1.94938">
        <ele>125</ele>
        <time>2026-05-14T10:28:45+00:00</time>
      </trkpt>
      <trkpt lat="48.79009" lon="1.94994">
        <ele>121</ele>
        <time>2026-05-14T10:28:46+00:00</time>
      </trkpt>
      <trkpt lat="48.78988" lon="1.95047">
        <ele>122</ele>
        <time>2026-05-14T10:28:47+00:00</time>
      </trkpt>
      <trkpt lat="48.78969" lon="1.95084">
        <ele>122</ele>
        <time>2026-05-14T10:28:48+00:00</time>
      </trkpt>
      <trkpt lat="48.78952" lon="1.95106">
        <ele>123</ele>
        <time>2026-05-14T10:28:49+00:00</time>
      </trkpt>
      <trkpt lat="48.78938" lon="1.95113">
        <ele>121</ele>
        <time>2026-05-14T10:28:50+00:00</time>
      </trkpt>
      <trkpt lat="48.78914" lon="1.95115">
        <ele>118</ele>
        <time>2026-05-14T10:28:51+00:00</time>
      </trkpt>
      <trkpt lat="48.78805" lon="1.95043">
        <ele>116</ele>
        <time>2026-05-14T10:28:52+00:00</time>
      </trkpt>
      <trkpt lat="48.78802" lon="1.95064">
        <ele>116</ele>
        <time>2026-05-14T10:28:53+00:00</time>
      </trkpt>
      <trkpt lat="48.78753" lon="1.95157">
        <ele>114</ele>
        <time>2026-05-14T10:28:54+00:00</time>
      </trkpt>
      <trkpt lat="48.787" lon="1.95239">
        <ele>117</ele>
        <time>2026-05-14T10:28:55+00:00</time>
      </trkpt>
      <trkpt lat="48.78665" lon="1.9531">
        <ele>120</ele>
        <time>2026-05-14T10:28:56+00:00</time>
      </trkpt>
      <trkpt lat="48.7869" lon="1.95352">
        <ele>120</ele>
        <time>2026-05-14T10:28:57+00:00</time>
      </trkpt>
      <trkpt lat="48.78716" lon="1.95383">
        <ele>120</ele>
        <time>2026-05-14T10:28:58+00:00</time>
      </trkpt>
      <trkpt lat="48.78764" lon="1.95428">
        <ele>121</ele>
        <time>2026-05-14T10:28:59+00:00</time>
      </trkpt>
      <trkpt lat="48.78783" lon="1.95452">
        <ele>124</ele>
        <time>2026-05-14T10:29:00+00:00</time>
      </trkpt>
      <trkpt lat="48.78769" lon="1.95483">
        <ele>123</ele>
        <time>2026-05-14T10:29:01+00:00</time>
      </trkpt>
      <trkpt lat="48.78749" lon="1.9554">
        <ele>122</ele>
        <time>2026-05-14T10:29:02+00:00</time>
      </trkpt>
      <trkpt lat="48.78752" lon="1.95543">
        <ele>123</ele>
        <time>2026-05-14T10:29:03+00:00</time>
      </trkpt>
      <trkpt lat="48.78749" lon="1.9554">
        <ele>122</ele>
        <time>2026-05-14T10:29:04+00:00</time>
      </trkpt>
      <trkpt lat="48.78738" lon="1.95594">
        <ele>124</ele>
        <time>2026-05-14T10:29:05+00:00</time>
      </trkpt>
      <trkpt lat="48.78733" lon="1.95672">
        <ele>127</ele>
        <time>2026-05-14T10:29:06+00:00</time>
      </trkpt>
      <trkpt lat="48.78727" lon="1.95672">
        <ele>127</ele>
        <time>2026-05-14T10:29:07+00:00</time>
      </trkpt>
      <trkpt lat="48.78722" lon="1.95677">
        <ele>127</ele>
        <time>2026-05-14T10:29:08+00:00</time>
      </trkpt>
      <trkpt lat="48.78717" lon="1.95678">
        <ele>126</ele>
        <time>2026-05-14T10:29:09+00:00</time>
      </trkpt>
      <trkpt lat="48.78672" lon="1.95661">
        <ele>124</ele>
        <time>2026-05-14T10:29:10+00:00</time>
      </trkpt>
      <trkpt lat="48.78654" lon="1.95658">
        <ele>124</ele>
        <time>2026-05-14T10:29:11+00:00</time>
      </trkpt>
      <trkpt lat="48.78607" lon="1.95694">
        <ele>126</ele>
        <time>2026-05-14T10:29:12+00:00</time>
      </trkpt>
      <trkpt lat="48.7861" lon="1.95705">
        <ele>125</ele>
        <time>2026-05-14T10:29:13+00:00</time>
      </trkpt>
      <trkpt lat="48.78605" lon="1.95709">
        <ele>125</ele>
        <time>2026-05-14T10:29:14+00:00</time>
      </trkpt>
      <trkpt lat="48.7862" lon="1.95785">
        <ele>123</ele>
        <time>2026-05-14T10:29:15+00:00</time>
      </trkpt>
      <trkpt lat="48.78646" lon="1.95865">
        <ele>125</ele>
        <time>2026-05-14T10:29:16+00:00</time>
      </trkpt>
      <trkpt lat="48.78656" lon="1.95917">
        <ele>129</ele>
        <time>2026-05-14T10:29:17+00:00</time>
      </trkpt>
      <trkpt lat="48.78705" lon="1.95907">
        <ele>128</ele>
        <time>2026-05-14T10:29:18+00:00</time>
      </trkpt>
      <trkpt lat="48.78828" lon="1.95927">
        <ele>145</ele>
        <time>2026-05-14T10:29:19+00:00</time>
      </trkpt>
      <trkpt lat="48.78875" lon="1.95909">
        <ele>157</ele>
        <time>2026-05-14T10:29:20+00:00</time>
      </trkpt>
      <trkpt lat="48.78892" lon="1.9592">
        <ele>162</ele>
        <time>2026-05-14T10:29:21+00:00</time>
      </trkpt>
      <trkpt lat="48.78903" lon="1.95951">
        <ele>165</ele>
        <time>2026-05-14T10:29:22+00:00</time>
      </trkpt>
      <trkpt lat="48.78986" lon="1.95995">
        <ele>171</ele>
        <time>2026-05-14T10:29:23+00:00</time>
      </trkpt>
      <trkpt lat="48.78971" lon="1.96056">
        <ele>170</ele>
        <time>2026-05-14T10:29:24+00:00</time>
      </trkpt>
      <trkpt lat="48.78905" lon="1.96374">
        <ele>171</ele>
        <time>2026-05-14T10:29:25+00:00</time>
      </trkpt>
      <trkpt lat="48.78888" lon="1.96444">
        <ele>171</ele>
        <time>2026-05-14T10:29:26+00:00</time>
      </trkpt>
      <trkpt lat="48.78892" lon="1.96484">
        <ele>171</ele>
        <time>2026-05-14T10:29:27+00:00</time>
      </trkpt>
      <trkpt lat="48.78903" lon="1.96535">
        <ele>173</ele>
        <time>2026-05-14T10:29:28+00:00</time>
      </trkpt>
      <trkpt lat="48.78877" lon="1.96548">
        <ele>174</ele>
        <time>2026-05-14T10:29:29+00:00</time>
      </trkpt>
      <trkpt lat="48.7885" lon="1.96543">
        <ele>174</ele>
        <time>2026-05-14T10:29:30+00:00</time>
      </trkpt>
      <trkpt lat="48.78798" lon="1.96517">
        <ele>175</ele>
        <time>2026-05-14T10:29:31+00:00</time>
      </trkpt>
      <trkpt lat="48.78755" lon="1.965">
        <ele>176</ele>
        <time>2026-05-14T10:29:32+00:00</time>
      </trkpt>
      <trkpt lat="48.78735" lon="1.965">
        <ele>176</ele>
        <time>2026-05-14T10:29:33+00:00</time>
      </trkpt>
      <trkpt lat="48.78715" lon="1.96511">
        <ele>177</ele>
        <time>2026-05-14T10:29:34+00:00</time>
      </trkpt>
      <trkpt lat="48.78696" lon="1.9653">
        <ele>180</ele>
        <time>2026-05-14T10:29:35+00:00</time>
      </trkpt>
      <trkpt lat="48.78666" lon="1.96588">
        <ele>186</ele>
        <time>2026-05-14T10:29:36+00:00</time>
      </trkpt>
      <trkpt lat="48.78705" lon="1.96619">
        <ele>193</ele>
        <time>2026-05-14T10:29:37+00:00</time>
      </trkpt>
      <trkpt lat="48.78737" lon="1.96661">
        <ele>204</ele>
        <time>2026-05-14T10:29:38+00:00</time>
      </trkpt>
      <trkpt lat="48.78838" lon="1.96813">
        <ele>215</ele>
        <time>2026-05-14T10:29:39+00:00</time>
      </trkpt>
      <trkpt lat="48.7885" lon="1.96836">
        <ele>214</ele>
        <time>2026-05-14T10:29:40+00:00</time>
      </trkpt>
      <trkpt lat="48.78862" lon="1.96936">
        <ele>208</ele>
        <time>2026-05-14T10:29:41+00:00</time>
      </trkpt>
      <trkpt lat="48.7886" lon="1.96991">
        <ele>203</ele>
        <time>2026-05-14T10:29:42+00:00</time>
      </trkpt>
      <trkpt lat="48.78846" lon="1.97055">
        <ele>198</ele>
        <time>2026-05-14T10:29:43+00:00</time>
      </trkpt>
      <trkpt lat="48.78813" lon="1.97132">
        <ele>192</ele>
        <time>2026-05-14T10:29:44+00:00</time>
      </trkpt>
      <trkpt lat="48.78821" lon="1.97139">
        <ele>193</ele>
        <time>2026-05-14T10:29:45+00:00</time>
      </trkpt>
      <trkpt lat="48.78841" lon="1.97136">
        <ele>194</ele>
        <time>2026-05-14T10:29:46+00:00</time>
      </trkpt>
      <trkpt lat="48.78885" lon="1.97135">
        <ele>191</ele>
        <time>2026-05-14T10:29:47+00:00</time>
      </trkpt>
      <trkpt lat="48.78899" lon="1.97132">
        <ele>190</ele>
        <time>2026-05-14T10:29:48+00:00</time>
      </trkpt>
      <trkpt lat="48.78925" lon="1.97095">
        <ele>187</ele>
        <time>2026-05-14T10:29:49+00:00</time>
      </trkpt>
      <trkpt lat="48.78939" lon="1.97038">
        <ele>189</ele>
        <time>2026-05-14T10:29:50+00:00</time>
      </trkpt>
      <trkpt lat="48.78965" lon="1.96999">
        <ele>185</ele>
        <time>2026-05-14T10:29:51+00:00</time>
      </trkpt>
      <trkpt lat="48.79014" lon="1.96938">
        <ele>175</ele>
        <time>2026-05-14T10:29:52+00:00</time>
      </trkpt>
      <trkpt lat="48.79018" lon="1.96918">
        <ele>175</ele>
        <time>2026-05-14T10:29:53+00:00</time>
      </trkpt>
      <trkpt lat="48.79017" lon="1.96833">
        <ele>176</ele>
        <time>2026-05-14T10:29:54+00:00</time>
      </trkpt>
      <trkpt lat="48.79024" lon="1.96805">
        <ele>176</ele>
        <time>2026-05-14T10:29:55+00:00</time>
      </trkpt>
      <trkpt lat="48.79071" lon="1.96693">
        <ele>172</ele>
        <time>2026-05-14T10:29:56+00:00</time>
      </trkpt>
      <trkpt lat="48.79078" lon="1.96664">
        <ele>172</ele>
        <time>2026-05-14T10:29:57+00:00</time>
      </trkpt>
      <trkpt lat="48.79102" lon="1.96593">
        <ele>173</ele>
        <time>2026-05-14T10:29:58+00:00</time>
      </trkpt>
      <trkpt lat="48.79115" lon="1.96542">
        <ele>173</ele>
        <time>2026-05-14T10:29:59+00:00</time>
      </trkpt>
      <trkpt lat="48.79127" lon="1.96526">
        <ele>173</ele>
        <time>2026-05-14T10:30:00+00:00</time>
      </trkpt>
      <trkpt lat="48.79187" lon="1.96548">
        <ele>172</ele>
        <time>2026-05-14T10:30:01+00:00</time>
      </trkpt>
    </trkseg>
  </trk>
</gpx>
