<?xml version="1.0" encoding="UTF-8"?>
<gpx xmlns="http://www.topografix.com/GPX/1/1" xmlns:xsi="http://www.w3.org/2001/XMLSchema-instance" version="1.1" creator="phpGPX/1.3.0" xsi:schemaLocation="http://www.topografix.com/GPX/1/1 http://www.topografix.com/GPX/1/1/gpx.xsd">
  <metadata>
    <time>2026-05-14T12:53:16+00:00</time>
  </metadata>
  <trk>
    <name>Parcours des Coteaux</name>
    <trkseg>
      <trkpt lat="44.84008" lon="-0.5605">
        <ele>7</ele>
        <time>2026-05-14T12:53:17+00:00</time>
      </trkpt>
      <trkpt lat="44.84004" lon="-0.56056">
        <ele>7</ele>
        <time>2026-05-14T12:53:18+00:00</time>
      </trkpt>
      <trkpt lat="44.84027" lon="-0.56086">
        <ele>7</ele>
        <time>2026-05-14T12:53:19+00:00</time>
      </trkpt>
      <trkpt lat="44.84052" lon="-0.5612">
        <ele>6</ele>
        <time>2026-05-14T12:53:20+00:00</time>
      </trkpt>
      <trkpt lat="44.8406" lon="-0.56128">
        <ele>7</ele>
        <time>2026-05-14T12:53:21+00:00</time>
      </trkpt>
      <trkpt lat="44.84094" lon="-0.56169">
        <ele>7</ele>
        <time>2026-05-14T12:53:22+00:00</time>
      </trkpt>
      <trkpt lat="44.84099" lon="-0.56174">
        <ele>7</ele>
        <time>2026-05-14T12:53:23+00:00</time>
      </trkpt>
      <trkpt lat="44.84105" lon="-0.56181">
        <ele>7</ele>
        <time>2026-05-14T12:53:24+00:00</time>
      </trkpt>
      <trkpt lat="44.84107" lon="-0.56186">
        <ele>7</ele>
        <time>2026-05-14T12:53:25+00:00</time>
      </trkpt>
      <trkpt lat="44.84108" lon="-0.5619">
        <ele>6</ele>
        <time>2026-05-14T12:53:26+00:00</time>
      </trkpt>
      <trkpt lat="44.84108" lon="-0.56193">
        <ele>6</ele>
        <time>2026-05-14T12:53:27+00:00</time>
      </trkpt>
      <trkpt lat="44.84106" lon="-0.56197">
        <ele>6</ele>
        <time>2026-05-14T12:53:28+00:00</time>
      </trkpt>
      <trkpt lat="44.84111" lon="-0.56205">
        <ele>6</ele>
        <time>2026-05-14T12:53:29+00:00</time>
      </trkpt>
      <trkpt lat="44.84114" lon="-0.5621">
        <ele>5</ele>
        <time>2026-05-14T12:53:30+00:00</time>
      </trkpt>
      <trkpt lat="44.84119" lon="-0.56224">
        <ele>5</ele>
        <time>2026-05-14T12:53:31+00:00</time>
      </trkpt>
      <trkpt lat="44.84144" lon="-0.56254">
        <ele>3</ele>
        <time>2026-05-14T12:53:32+00:00</time>
      </trkpt>
      <trkpt lat="44.84146" lon="-0.5625">
        <ele>4</ele>
        <time>2026-05-14T12:53:33+00:00</time>
      </trkpt>
      <trkpt lat="44.84162" lon="-0.5627">
        <ele>3</ele>
        <time>2026-05-14T12:53:34+00:00</time>
      </trkpt>
      <trkpt lat="44.84166" lon="-0.56275">
        <ele>3</ele>
        <time>2026-05-14T12:53:35+00:00</time>
      </trkpt>
      <trkpt lat="44.84165" lon="-0.56277">
        <ele>3</ele>
        <time>2026-05-14T12:53:36+00:00</time>
      </trkpt>
      <trkpt lat="44.84164" lon="-0.56278">
        <ele>3</ele>
        <time>2026-05-14T12:53:37+00:00</time>
      </trkpt>
      <trkpt lat="44.84162" lon="-0.56281">
        <ele>3</ele>
        <time>2026-05-14T12:53:38+00:00</time>
      </trkpt>
      <trkpt lat="44.8419" lon="-0.56315">
        <ele>3</ele>
        <time>2026-05-14T12:53:39+00:00</time>
      </trkpt>
      <trkpt lat="44.84217" lon="-0.56346">
        <ele>4</ele>
        <time>2026-05-14T12:53:40+00:00</time>
      </trkpt>
      <trkpt lat="44.84219" lon="-0.56349">
        <ele>3</ele>
        <time>2026-05-14T12:53:41+00:00</time>
      </trkpt>
      <trkpt lat="44.84244" lon="-0.56373">
        <ele>3</ele>
        <time>2026-05-14T12:53:42+00:00</time>
      </trkpt>
      <trkpt lat="44.84255" lon="-0.56383">
        <ele>3</ele>
        <time>2026-05-14T12:53:43+00:00</time>
      </trkpt>
      <trkpt lat="44.84342" lon="-0.56441">
        <ele>1</ele>
        <time>2026-05-14T12:53:44+00:00</time>
      </trkpt>
      <trkpt lat="44.84369" lon="-0.56451">
        <ele>1</ele>
        <time>2026-05-14T12:53:45+00:00</time>
      </trkpt>
      <trkpt lat="44.84373" lon="-0.56457">
        <ele>1</ele>
        <time>2026-05-14T12:53:46+00:00</time>
      </trkpt>
      <trkpt lat="44.8439" lon="-0.56464">
        <ele>1</ele>
        <time>2026-05-14T12:53:47+00:00</time>
      </trkpt>
      <trkpt lat="44.84409" lon="-0.56468">
        <ele>1</ele>
        <time>2026-05-14T12:53:48+00:00</time>
      </trkpt>
      <trkpt lat="44.84441" lon="-0.56482">
        <ele>3</ele>
        <time>2026-05-14T12:53:49+00:00</time>
      </trkpt>
      <trkpt lat="44.84482" lon="-0.56501">
        <ele>6</ele>
        <time>2026-05-14T12:53:50+00:00</time>
      </trkpt>
      <trkpt lat="44.84511" lon="-0.56512">
        <ele>6</ele>
        <time>2026-05-14T12:53:51+00:00</time>
      </trkpt>
      <trkpt lat="44.8459" lon="-0.56545">
        <ele>2</ele>
        <time>2026-05-14T12:53:52+00:00</time>
      </trkpt>
      <trkpt lat="44.84596" lon="-0.56546">
        <ele>2</ele>
        <time>2026-05-14T12:53:53+00:00</time>
      </trkpt>
      <trkpt lat="44.84611" lon="-0.56544">
        <ele>2</ele>
        <time>2026-05-14T12:53:54+00:00</time>
      </trkpt>
      <trkpt lat="44.84624" lon="-0.56545">
        <ele>1</ele>
        <time>2026-05-14T12:53:55+00:00</time>
      </trkpt>
      <trkpt lat="44.84657" lon="-0.56552">
        <ele>1</ele>
        <time>2026-05-14T12:53:56+00:00</time>
      </trkpt>
      <trkpt lat="44.84709" lon="-0.56535">
        <ele>1</ele>
        <time>2026-05-14T12:53:57+00:00</time>
      </trkpt>
      <trkpt lat="44.84741" lon="-0.56523">
        <ele>0</ele>
        <time>2026-05-14T12:53:58+00:00</time>
      </trkpt>
      <trkpt lat="44.8476" lon="-0.56513">
        <ele>0</ele>
        <time>2026-05-14T12:53:59+00:00</time>
      </trkpt>
      <trkpt lat="44.84783" lon="-0.56499">
        <ele>0</ele>
        <time>2026-05-14T12:54:00+00:00</time>
      </trkpt>
      <trkpt lat="44.84803" lon="-0.5649">
        <ele>1</ele>
        <time>2026-05-14T12:54:01+00:00</time>
      </trkpt>
      <trkpt lat="44.84829" lon="-0.56481">
        <ele>2</ele>
        <time>2026-05-14T12:54:02+00:00</time>
      </trkpt>
      <trkpt lat="44.84853" lon="-0.56468">
        <ele>2</ele>
        <time>2026-05-14T12:54:03+00:00</time>
      </trkpt>
      <trkpt lat="44.84863" lon="-0.56461">
        <ele>2</ele>
        <time>2026-05-14T12:54:04+00:00</time>
      </trkpt>
      <trkpt lat="44.84863" lon="-0.56458">
        <ele>2</ele>
        <time>2026-05-14T12:54:05+00:00</time>
      </trkpt>
      <trkpt lat="44.84842" lon="-0.56401">
        <ele>5</ele>
        <time>2026-05-14T12:54:06+00:00</time>
      </trkpt>
      <trkpt lat="44.84852" lon="-0.56393">
        <ele>4</ele>
        <time>2026-05-14T12:54:07+00:00</time>
      </trkpt>
      <trkpt lat="44.84865" lon="-0.56384">
        <ele>4</ele>
        <time>2026-05-14T12:54:08+00:00</time>
      </trkpt>
      <trkpt lat="44.84884" lon="-0.5637">
        <ele>4</ele>
        <time>2026-05-14T12:54:09+00:00</time>
      </trkpt>
      <trkpt lat="44.84933" lon="-0.56327">
        <ele>4</ele>
        <time>2026-05-14T12:54:10+00:00</time>
      </trkpt>
      <trkpt lat="44.84951" lon="-0.56309">
        <ele>4</ele>
        <time>2026-05-14T12:54:11+00:00</time>
      </trkpt>
      <trkpt lat="44.8496" lon="-0.56299">
        <ele>4</ele>
        <time>2026-05-14T12:54:12+00:00</time>
      </trkpt>
      <trkpt lat="44.84968" lon="-0.5629">
        <ele>4</ele>
        <time>2026-05-14T12:54:13+00:00</time>
      </trkpt>
      <trkpt lat="44.84966" lon="-0.56286">
        <ele>4</ele>
        <time>2026-05-14T12:54:14+00:00</time>
      </trkpt>
      <trkpt lat="44.84992" lon="-0.56254">
        <ele>4</ele>
        <time>2026-05-14T12:54:15+00:00</time>
      </trkpt>
      <trkpt lat="44.85031" lon="-0.56201">
        <ele>4</ele>
        <time>2026-05-14T12:54:16+00:00</time>
      </trkpt>
      <trkpt lat="44.85036" lon="-0.56194">
        <ele>4</ele>
        <time>2026-05-14T12:54:17+00:00</time>
      </trkpt>
      <trkpt lat="44.85067" lon="-0.56153">
        <ele>4</ele>
        <time>2026-05-14T12:54:18+00:00</time>
      </trkpt>
      <trkpt lat="44.85069" lon="-0.56156">
        <ele>4</ele>
        <time>2026-05-14T12:54:19+00:00</time>
      </trkpt>
      <trkpt lat="44.85077" lon="-0.56146">
        <ele>4</ele>
        <time>2026-05-14T12:54:20+00:00</time>
      </trkpt>
      <trkpt lat="44.85077" lon="-0.56146">
        <ele>4</ele>
        <time>2026-05-14T12:54:21+00:00</time>
      </trkpt>
      <trkpt lat="44.85102" lon="-0.56112">
        <ele>3</ele>
        <time>2026-05-14T12:54:22+00:00</time>
      </trkpt>
      <trkpt lat="44.85107" lon="-0.56106">
        <ele>3</ele>
        <time>2026-05-14T12:54:23+00:00</time>
      </trkpt>
      <trkpt lat="44.85144" lon="-0.56049">
        <ele>4</ele>
        <time>2026-05-14T12:54:24+00:00</time>
      </trkpt>
      <trkpt lat="44.85171" lon="-0.56004">
        <ele>4</ele>
        <time>2026-05-14T12:54:25+00:00</time>
      </trkpt>
      <trkpt lat="44.85202" lon="-0.55952">
        <ele>4</ele>
        <time>2026-05-14T12:54:26+00:00</time>
      </trkpt>
      <trkpt lat="44.85238" lon="-0.55887">
        <ele>4</ele>
        <time>2026-05-14T12:54:27+00:00</time>
      </trkpt>
      <trkpt lat="44.85287" lon="-0.55789">
        <ele>3</ele>
        <time>2026-05-14T12:54:28+00:00</time>
      </trkpt>
      <trkpt lat="44.85334" lon="-0.5569">
        <ele>3</ele>
        <time>2026-05-14T12:54:29+00:00</time>
      </trkpt>
      <trkpt lat="44.85335" lon="-0.5569">
        <ele>3</ele>
        <time>2026-05-14T12:54:30+00:00</time>
      </trkpt>
      <trkpt lat="44.85334" lon="-0.5569">
        <ele>3</ele>
        <time>2026-05-14T12:54:31+00:00</time>
      </trkpt>
      <trkpt lat="44.85369" lon="-0.55616">
        <ele>3</ele>
        <time>2026-05-14T12:54:32+00:00</time>
      </trkpt>
      <trkpt lat="44.85436" lon="-0.55455">
        <ele>3</ele>
        <time>2026-05-14T12:54:33+00:00</time>
      </trkpt>
      <trkpt lat="44.85431" lon="-0.55451">
        <ele>3</ele>
        <time>2026-05-14T12:54:34+00:00</time>
      </trkpt>
      <trkpt lat="44.85452" lon="-0.55401">
        <ele>2</ele>
        <time>2026-05-14T12:54:35+00:00</time>
      </trkpt>
      <trkpt lat="44.85478" lon="-0.55342">
        <ele>3</ele>
        <time>2026-05-14T12:54:36+00:00</time>
      </trkpt>
      <trkpt lat="44.85618" lon="-0.54999">
        <ele>2</ele>
        <time>2026-05-14T12:54:37+00:00</time>
      </trkpt>
      <trkpt lat="44.85618" lon="-0.54996">
        <ele>2</ele>
        <time>2026-05-14T12:54:38+00:00</time>
      </trkpt>
      <trkpt lat="44.85621" lon="-0.54997">
        <ele>2</ele>
        <time>2026-05-14T12:54:39+00:00</time>
      </trkpt>
      <trkpt lat="44.85624" lon="-0.54999">
        <ele>2</ele>
        <time>2026-05-14T12:54:40+00:00</time>
      </trkpt>
      <trkpt lat="44.85626" lon="-0.54998">
        <ele>2</ele>
        <time>2026-05-14T12:54:41+00:00</time>
      </trkpt>
      <trkpt lat="44.85627" lon="-0.54995">
        <ele>2</ele>
        <time>2026-05-14T12:54:42+00:00</time>
      </trkpt>
      <trkpt lat="44.85596" lon="-0.54972">
        <ele>4</ele>
        <time>2026-05-14T12:54:43+00:00</time>
      </trkpt>
      <trkpt lat="44.85588" lon="-0.54956">
        <ele>5</ele>
        <time>2026-05-14T12:54:44+00:00</time>
      </trkpt>
      <trkpt lat="44.85679" lon="-0.54787">
        <ele>3</ele>
        <time>2026-05-14T12:54:45+00:00</time>
      </trkpt>
      <trkpt lat="44.85681" lon="-0.5479">
        <ele>3</ele>
        <time>2026-05-14T12:54:46+00:00</time>
      </trkpt>
      <trkpt lat="44.85683" lon="-0.54793">
        <ele>3</ele>
        <time>2026-05-14T12:54:47+00:00</time>
      </trkpt>
      <trkpt lat="44.85732" lon="-0.54716">
        <ele>3</ele>
        <time>2026-05-14T12:54:48+00:00</time>
      </trkpt>
      <trkpt lat="44.85742" lon="-0.547">
        <ele>3</ele>
        <time>2026-05-14T12:54:49+00:00</time>
      </trkpt>
      <trkpt lat="44.85767" lon="-0.54661">
        <ele>3</ele>
        <time>2026-05-14T12:54:50+00:00</time>
      </trkpt>
      <trkpt lat="44.85782" lon="-0.54636">
        <ele>4</ele>
        <time>2026-05-14T12:54:51+00:00</time>
      </trkpt>
      <trkpt lat="44.8578" lon="-0.54634">
        <ele>4</ele>
        <time>2026-05-14T12:54:52+00:00</time>
      </trkpt>
      <trkpt lat="44.85779" lon="-0.54631">
        <ele>4</ele>
        <time>2026-05-14T12:54:53+00:00</time>
      </trkpt>
      <trkpt lat="44.85812" lon="-0.54581">
        <ele>5</ele>
        <time>2026-05-14T12:54:54+00:00</time>
      </trkpt>
      <trkpt lat="44.85833" lon="-0.5455">
        <ele>5</ele>
        <time>2026-05-14T12:54:55+00:00</time>
      </trkpt>
      <trkpt lat="44.85859" lon="-0.54511">
        <ele>4</ele>
        <time>2026-05-14T12:54:56+00:00</time>
      </trkpt>
      <trkpt lat="44.85875" lon="-0.5449">
        <ele>3</ele>
        <time>2026-05-14T12:54:57+00:00</time>
      </trkpt>
      <trkpt lat="44.85916" lon="-0.54437">
        <ele>4</ele>
        <time>2026-05-14T12:54:58+00:00</time>
      </trkpt>
      <trkpt lat="44.85917" lon="-0.5444">
        <ele>3</ele>
        <time>2026-05-14T12:54:59+00:00</time>
      </trkpt>
      <trkpt lat="44.85918" lon="-0.54444">
        <ele>3</ele>
        <time>2026-05-14T12:55:00+00:00</time>
      </trkpt>
      <trkpt lat="44.8595" lon="-0.54403">
        <ele>3</ele>
        <time>2026-05-14T12:55:01+00:00</time>
      </trkpt>
      <trkpt lat="44.85957" lon="-0.54393">
        <ele>3</ele>
        <time>2026-05-14T12:55:02+00:00</time>
      </trkpt>
      <trkpt lat="44.85965" lon="-0.54379">
        <ele>3</ele>
        <time>2026-05-14T12:55:03+00:00</time>
      </trkpt>
      <trkpt lat="44.8597" lon="-0.54358">
        <ele>3</ele>
        <time>2026-05-14T12:55:04+00:00</time>
      </trkpt>
      <trkpt lat="44.85972" lon="-0.54345">
        <ele>4</ele>
        <time>2026-05-14T12:55:05+00:00</time>
      </trkpt>
      <trkpt lat="44.85971" lon="-0.54325">
        <ele>4</ele>
        <time>2026-05-14T12:55:06+00:00</time>
      </trkpt>
      <trkpt lat="44.85966" lon="-0.54286">
        <ele>6</ele>
        <time>2026-05-14T12:55:07+00:00</time>
      </trkpt>
      <trkpt lat="44.8597" lon="-0.54177">
        <ele>5</ele>
        <time>2026-05-14T12:55:08+00:00</time>
      </trkpt>
      <trkpt lat="44.85972" lon="-0.54139">
        <ele>5</ele>
        <time>2026-05-14T12:55:09+00:00</time>
      </trkpt>
      <trkpt lat="44.85973" lon="-0.54096">
        <ele>5</ele>
        <time>2026-05-14T12:55:10+00:00</time>
      </trkpt>
      <trkpt lat="44.85972" lon="-0.54066">
        <ele>5</ele>
        <time>2026-05-14T12:55:11+00:00</time>
      </trkpt>
      <trkpt lat="44.8597" lon="-0.54037">
        <ele>4</ele>
        <time>2026-05-14T12:55:12+00:00</time>
      </trkpt>
      <trkpt lat="44.85954" lon="-0.53948">
        <ele>2</ele>
        <time>2026-05-14T12:55:13+00:00</time>
      </trkpt>
      <trkpt lat="44.85952" lon="-0.53919">
        <ele>2</ele>
        <time>2026-05-14T12:55:14+00:00</time>
      </trkpt>
      <trkpt lat="44.85948" lon="-0.5389">
        <ele>2</ele>
        <time>2026-05-14T12:55:15+00:00</time>
      </trkpt>
      <trkpt lat="44.85944" lon="-0.53873">
        <ele>2</ele>
        <time>2026-05-14T12:55:16+00:00</time>
      </trkpt>
      <trkpt lat="44.85944" lon="-0.53873">
        <ele>2</ele>
        <time>2026-05-14T12:55:17+00:00</time>
      </trkpt>
      <trkpt lat="44.85942" lon="-0.53864">
        <ele>2</ele>
        <time>2026-05-14T12:55:18+00:00</time>
      </trkpt>
      <trkpt lat="44.85947" lon="-0.53858">
        <ele>2</ele>
        <time>2026-05-14T12:55:19+00:00</time>
      </trkpt>
      <trkpt lat="44.8595" lon="-0.53853">
        <ele>2</ele>
        <time>2026-05-14T12:55:20+00:00</time>
      </trkpt>
      <trkpt lat="44.85952" lon="-0.53847">
        <ele>2</ele>
        <time>2026-05-14T12:55:21+00:00</time>
      </trkpt>
      <trkpt lat="44.85953" lon="-0.5384">
        <ele>2</ele>
        <time>2026-05-14T12:55:22+00:00</time>
      </trkpt>
      <trkpt lat="44.85957" lon="-0.53839">
        <ele>2</ele>
        <time>2026-05-14T12:55:23+00:00</time>
      </trkpt>
      <trkpt lat="44.85962" lon="-0.53838">
        <ele>1</ele>
        <time>2026-05-14T12:55:24+00:00</time>
      </trkpt>
      <trkpt lat="44.85984" lon="-0.53839">
        <ele>1</ele>
        <time>2026-05-14T12:55:25+00:00</time>
      </trkpt>
      <trkpt lat="44.86009" lon="-0.53841">
        <ele>1</ele>
        <time>2026-05-14T12:55:26+00:00</time>
      </trkpt>
      <trkpt lat="44.86016" lon="-0.53842">
        <ele>1</ele>
        <time>2026-05-14T12:55:27+00:00</time>
      </trkpt>
      <trkpt lat="44.86036" lon="-0.53842">
        <ele>2</ele>
        <time>2026-05-14T12:55:28+00:00</time>
      </trkpt>
      <trkpt lat="44.86051" lon="-0.53841">
        <ele>2</ele>
        <time>2026-05-14T12:55:29+00:00</time>
      </trkpt>
      <trkpt lat="44.86091" lon="-0.53833">
        <ele>3</ele>
        <time>2026-05-14T12:55:30+00:00</time>
      </trkpt>
      <trkpt lat="44.86227" lon="-0.53797">
        <ele>5</ele>
        <time>2026-05-14T12:55:31+00:00</time>
      </trkpt>
      <trkpt lat="44.86227" lon="-0.53797">
        <ele>5</ele>
        <time>2026-05-14T12:55:32+00:00</time>
      </trkpt>
      <trkpt lat="44.86241" lon="-0.53791">
        <ele>5</ele>
        <time>2026-05-14T12:55:33+00:00</time>
      </trkpt>
      <trkpt lat="44.86264" lon="-0.5378">
        <ele>5</ele>
        <time>2026-05-14T12:55:34+00:00</time>
      </trkpt>
      <trkpt lat="44.86277" lon="-0.53772">
        <ele>5</ele>
        <time>2026-05-14T12:55:35+00:00</time>
      </trkpt>
      <trkpt lat="44.86301" lon="-0.53754">
        <ele>5</ele>
        <time>2026-05-14T12:55:36+00:00</time>
      </trkpt>
      <trkpt lat="44.86326" lon="-0.53744">
        <ele>6</ele>
        <time>2026-05-14T12:55:37+00:00</time>
      </trkpt>
      <trkpt lat="44.86335" lon="-0.53741">
        <ele>6</ele>
        <time>2026-05-14T12:55:38+00:00</time>
      </trkpt>
      <trkpt lat="44.86335" lon="-0.53745">
        <ele>6</ele>
        <time>2026-05-14T12:55:39+00:00</time>
      </trkpt>
      <trkpt lat="44.86337" lon="-0.53745">
        <ele>6</ele>
        <time>2026-05-14T12:55:40+00:00</time>
      </trkpt>
      <trkpt lat="44.8634" lon="-0.53746">
        <ele>6</ele>
        <time>2026-05-14T12:55:41+00:00</time>
      </trkpt>
      <trkpt lat="44.86349" lon="-0.53746">
        <ele>6</ele>
        <time>2026-05-14T12:55:42+00:00</time>
      </trkpt>
      <trkpt lat="44.86361" lon="-0.53747">
        <ele>6</ele>
        <time>2026-05-14T12:55:43+00:00</time>
      </trkpt>
      <trkpt lat="44.86366" lon="-0.53749">
        <ele>6</ele>
        <time>2026-05-14T12:55:44+00:00</time>
      </trkpt>
      <trkpt lat="44.86374" lon="-0.53746">
        <ele>5</ele>
        <time>2026-05-14T12:55:45+00:00</time>
      </trkpt>
      <trkpt lat="44.86383" lon="-0.5375">
        <ele>5</ele>
        <time>2026-05-14T12:55:46+00:00</time>
      </trkpt>
      <trkpt lat="44.86388" lon="-0.53753">
        <ele>5</ele>
        <time>2026-05-14T12:55:47+00:00</time>
      </trkpt>
      <trkpt lat="44.86397" lon="-0.5376">
        <ele>5</ele>
        <time>2026-05-14T12:55:48+00:00</time>
      </trkpt>
      <trkpt lat="44.86429" lon="-0.53796">
        <ele>5</ele>
        <time>2026-05-14T12:55:49+00:00</time>
      </trkpt>
      <trkpt lat="44.86441" lon="-0.53804">
        <ele>5</ele>
        <time>2026-05-14T12:55:50+00:00</time>
      </trkpt>
      <trkpt lat="44.86473" lon="-0.53839">
        <ele>5</ele>
        <time>2026-05-14T12:55:51+00:00</time>
      </trkpt>
      <trkpt lat="44.86485" lon="-0.5385">
        <ele>5</ele>
        <time>2026-05-14T12:55:52+00:00</time>
      </trkpt>
      <trkpt lat="44.86505" lon="-0.53863">
        <ele>5</ele>
        <time>2026-05-14T12:55:53+00:00</time>
      </trkpt>
      <trkpt lat="44.86516" lon="-0.53867">
        <ele>5</ele>
        <time>2026-05-14T12:55:54+00:00</time>
      </trkpt>
      <trkpt lat="44.8654" lon="-0.53877">
        <ele>4</ele>
        <time>2026-05-14T12:55:55+00:00</time>
      </trkpt>
      <trkpt lat="44.8655" lon="-0.53876">
        <ele>4</ele>
        <time>2026-05-14T12:55:56+00:00</time>
      </trkpt>
      <trkpt lat="44.86583" lon="-0.53873">
        <ele>4</ele>
        <time>2026-05-14T12:55:57+00:00</time>
      </trkpt>
      <trkpt lat="44.86603" lon="-0.53865">
        <ele>4</ele>
        <time>2026-05-14T12:55:58+00:00</time>
      </trkpt>
      <trkpt lat="44.86653" lon="-0.53842">
        <ele>5</ele>
        <time>2026-05-14T12:55:59+00:00</time>
      </trkpt>
      <trkpt lat="44.8669" lon="-0.5383">
        <ele>4</ele>
        <time>2026-05-14T12:56:00+00:00</time>
      </trkpt>
      <trkpt lat="44.8682" lon="-0.53795">
        <ele>3</ele>
        <time>2026-05-14T12:56:01+00:00</time>
      </trkpt>
      <trkpt lat="44.86839" lon="-0.53792">
        <ele>3</ele>
        <time>2026-05-14T12:56:02+00:00</time>
      </trkpt>
      <trkpt lat="44.86892" lon="-0.53783">
        <ele>4</ele>
        <time>2026-05-14T12:56:03+00:00</time>
      </trkpt>
      <trkpt lat="44.86979" lon="-0.53773">
        <ele>7</ele>
        <time>2026-05-14T12:56:04+00:00</time>
      </trkpt>
      <trkpt lat="44.86995" lon="-0.53764">
        <ele>9</ele>
        <time>2026-05-14T12:56:05+00:00</time>
      </trkpt>
      <trkpt lat="44.87014" lon="-0.53763">
        <ele>9</ele>
        <time>2026-05-14T12:56:06+00:00</time>
      </trkpt>
      <trkpt lat="44.87037" lon="-0.53767">
        <ele>9</ele>
        <time>2026-05-14T12:56:07+00:00</time>
      </trkpt>
      <trkpt lat="44.87158" lon="-0.53767">
        <ele>6</ele>
        <time>2026-05-14T12:56:08+00:00</time>
      </trkpt>
      <trkpt lat="44.8725" lon="-0.53753">
        <ele>6</ele>
        <time>2026-05-14T12:56:09+00:00</time>
      </trkpt>
      <trkpt lat="44.87291" lon="-0.53747">
        <ele>4</ele>
        <time>2026-05-14T12:56:10+00:00</time>
      </trkpt>
      <trkpt lat="44.87313" lon="-0.53741">
        <ele>3</ele>
        <time>2026-05-14T12:56:11+00:00</time>
      </trkpt>
      <trkpt lat="44.87343" lon="-0.53729">
        <ele>3</ele>
        <time>2026-05-14T12:56:12+00:00</time>
      </trkpt>
      <trkpt lat="44.87414" lon="-0.53688">
        <ele>4</ele>
        <time>2026-05-14T12:56:13+00:00</time>
      </trkpt>
      <trkpt lat="44.87453" lon="-0.53664">
        <ele>3</ele>
        <time>2026-05-14T12:56:14+00:00</time>
      </trkpt>
      <trkpt lat="44.87571" lon="-0.53575">
        <ele>6</ele>
        <time>2026-05-14T12:56:15+00:00</time>
      </trkpt>
      <trkpt lat="44.87694" lon="-0.53481">
        <ele>8</ele>
        <time>2026-05-14T12:56:16+00:00</time>
      </trkpt>
      <trkpt lat="44.87721" lon="-0.5346">
        <ele>8</ele>
        <time>2026-05-14T12:56:17+00:00</time>
      </trkpt>
      <trkpt lat="44.87749" lon="-0.53445">
        <ele>6</ele>
        <time>2026-05-14T12:56:18+00:00</time>
      </trkpt>
      <trkpt lat="44.87779" lon="-0.5343">
        <ele>6</ele>
        <time>2026-05-14T12:56:19+00:00</time>
      </trkpt>
      <trkpt lat="44.87775" lon="-0.53416">
        <ele>7</ele>
        <time>2026-05-14T12:56:20+00:00</time>
      </trkpt>
      <trkpt lat="44.87773" lon="-0.53411">
        <ele>8</ele>
        <time>2026-05-14T12:56:21+00:00</time>
      </trkpt>
      <trkpt lat="44.87776" lon="-0.53409">
        <ele>8</ele>
        <time>2026-05-14T12:56:22+00:00</time>
      </trkpt>
      <trkpt lat="44.87783" lon="-0.53436">
        <ele>6</ele>
        <time>2026-05-14T12:56:23+00:00</time>
      </trkpt>
      <trkpt lat="44.87803" lon="-0.53425">
        <ele>6</ele>
        <time>2026-05-14T12:56:24+00:00</time>
      </trkpt>
      <trkpt lat="44.87816" lon="-0.53416">
        <ele>6</ele>
        <time>2026-05-14T12:56:25+00:00</time>
      </trkpt>
      <trkpt lat="44.8782" lon="-0.53414">
        <ele>6</ele>
        <time>2026-05-14T12:56:26+00:00</time>
      </trkpt>
      <trkpt lat="44.87805" lon="-0.5336">
        <ele>13</ele>
        <time>2026-05-14T12:56:27+00:00</time>
      </trkpt>
      <trkpt lat="44.87804" lon="-0.53356">
        <ele>13</ele>
        <time>2026-05-14T12:56:28+00:00</time>
      </trkpt>
      <trkpt lat="44.87789" lon="-0.53359">
        <ele>12</ele>
        <time>2026-05-14T12:56:29+00:00</time>
      </trkpt>
      <trkpt lat="44.87784" lon="-0.53331">
        <ele>14</ele>
        <time>2026-05-14T12:56:30+00:00</time>
      </trkpt>
      <trkpt lat="44.87779" lon="-0.53334">
        <ele>13</ele>
        <time>2026-05-14T12:56:31+00:00</time>
      </trkpt>
      <trkpt lat="44.87778" lon="-0.53331">
        <ele>14</ele>
        <time>2026-05-14T12:56:32+00:00</time>
      </trkpt>
      <trkpt lat="44.87762" lon="-0.53211">
        <ele>21</ele>
        <time>2026-05-14T12:56:33+00:00</time>
      </trkpt>
      <trkpt lat="44.87761" lon="-0.53195">
        <ele>22</ele>
        <time>2026-05-14T12:56:34+00:00</time>
      </trkpt>
      <trkpt lat="44.87762" lon="-0.53186">
        <ele>23</ele>
        <time>2026-05-14T12:56:35+00:00</time>
      </trkpt>
      <trkpt lat="44.87758" lon="-0.53183">
        <ele>22</ele>
        <time>2026-05-14T12:56:36+00:00</time>
      </trkpt>
      <trkpt lat="44.87752" lon="-0.53184">
        <ele>21</ele>
        <time>2026-05-14T12:56:37+00:00</time>
      </trkpt>
      <trkpt lat="44.87743" lon="-0.53188">
        <ele>21</ele>
        <time>2026-05-14T12:56:38+00:00</time>
      </trkpt>
      <trkpt lat="44.87739" lon="-0.53192">
        <ele>21</ele>
        <time>2026-05-14T12:56:39+00:00</time>
      </trkpt>
      <trkpt lat="44.87735" lon="-0.53196">
        <ele>21</ele>
        <time>2026-05-14T12:56:40+00:00</time>
      </trkpt>
      <trkpt lat="44.8773" lon="-0.53206">
        <ele>21</ele>
        <time>2026-05-14T12:56:41+00:00</time>
      </trkpt>
      <trkpt lat="44.87724" lon="-0.53218">
        <ele>20</ele>
        <time>2026-05-14T12:56:42+00:00</time>
      </trkpt>
      <trkpt lat="44.87722" lon="-0.53226">
        <ele>19</ele>
        <time>2026-05-14T12:56:43+00:00</time>
      </trkpt>
      <trkpt lat="44.87715" lon="-0.53225">
        <ele>20</ele>
        <time>2026-05-14T12:56:44+00:00</time>
      </trkpt>
      <trkpt lat="44.87701" lon="-0.53231">
        <ele>21</ele>
        <time>2026-05-14T12:56:45+00:00</time>
      </trkpt>
      <trkpt lat="44.87689" lon="-0.53233">
        <ele>22</ele>
        <time>2026-05-14T12:56:46+00:00</time>
      </trkpt>
      <trkpt lat="44.87674" lon="-0.53234">
        <ele>23</ele>
        <time>2026-05-14T12:56:47+00:00</time>
      </trkpt>
      <trkpt lat="44.87656" lon="-0.53232">
        <ele>25</ele>
        <time>2026-05-14T12:56:48+00:00</time>
      </trkpt>
      <trkpt lat="44.87651" lon="-0.5323">
        <ele>26</ele>
        <time>2026-05-14T12:56:49+00:00</time>
      </trkpt>
      <trkpt lat="44.87636" lon="-0.53221">
        <ele>30</ele>
        <time>2026-05-14T12:56:50+00:00</time>
      </trkpt>
      <trkpt lat="44.87615" lon="-0.532">
        <ele>34</ele>
        <time>2026-05-14T12:56:51+00:00</time>
      </trkpt>
      <trkpt lat="44.87567" lon="-0.53157">
        <ele>41</ele>
        <time>2026-05-14T12:56:52+00:00</time>
      </trkpt>
      <trkpt lat="44.87509" lon="-0.5313">
        <ele>46</ele>
        <time>2026-05-14T12:56:53+00:00</time>
      </trkpt>
      <trkpt lat="44.87448" lon="-0.53113">
        <ele>50</ele>
        <time>2026-05-14T12:56:54+00:00</time>
      </trkpt>
      <trkpt lat="44.87444" lon="-0.5311">
        <ele>50</ele>
        <time>2026-05-14T12:56:55+00:00</time>
      </trkpt>
      <trkpt lat="44.87442" lon="-0.53115">
        <ele>50</ele>
        <time>2026-05-14T12:56:56+00:00</time>
      </trkpt>
      <trkpt lat="44.87435" lon="-0.53119">
        <ele>50</ele>
        <time>2026-05-14T12:56:57+00:00</time>
      </trkpt>
      <trkpt lat="44.87424" lon="-0.5312">
        <ele>51</ele>
        <time>2026-05-14T12:56:58+00:00</time>
      </trkpt>
      <trkpt lat="44.8741" lon="-0.5312">
        <ele>52</ele>
        <time>2026-05-14T12:56:59+00:00</time>
      </trkpt>
      <trkpt lat="44.87397" lon="-0.53147">
        <ele>53</ele>
        <time>2026-05-14T12:57:00+00:00</time>
      </trkpt>
      <trkpt lat="44.87386" lon="-0.53147">
        <ele>54</ele>
        <time>2026-05-14T12:57:01+00:00</time>
      </trkpt>
      <trkpt lat="44.87374" lon="-0.53152">
        <ele>55</ele>
        <time>2026-05-14T12:57:02+00:00</time>
      </trkpt>
      <trkpt lat="44.87381" lon="-0.53163">
        <ele>54</ele>
        <time>2026-05-14T12:57:03+00:00</time>
      </trkpt>
      <trkpt lat="44.87399" lon="-0.53194">
        <ele>49</ele>
        <time>2026-05-14T12:57:04+00:00</time>
      </trkpt>
      <trkpt lat="44.87401" lon="-0.53204">
        <ele>47</ele>
        <time>2026-05-14T12:57:05+00:00</time>
      </trkpt>
      <trkpt lat="44.87415" lon="-0.53238">
        <ele>42</ele>
        <time>2026-05-14T12:57:06+00:00</time>
      </trkpt>
      <trkpt lat="44.87425" lon="-0.53253">
        <ele>39</ele>
        <time>2026-05-14T12:57:07+00:00</time>
      </trkpt>
      <trkpt lat="44.87431" lon="-0.53254">
        <ele>39</ele>
        <time>2026-05-14T12:57:08+00:00</time>
      </trkpt>
      <trkpt lat="44.87435" lon="-0.53261">
        <ele>38</ele>
        <time>2026-05-14T12:57:09+00:00</time>
      </trkpt>
      <trkpt lat="44.87435" lon="-0.53265">
        <ele>37</ele>
        <time>2026-05-14T12:57:10+00:00</time>
      </trkpt>
      <trkpt lat="44.87429" lon="-0.53276">
        <ele>35</ele>
        <time>2026-05-14T12:57:11+00:00</time>
      </trkpt>
      <trkpt lat="44.87426" lon="-0.5328">
        <ele>34</ele>
        <time>2026-05-14T12:57:12+00:00</time>
      </trkpt>
      <trkpt lat="44.8742" lon="-0.53285">
        <ele>33</ele>
        <time>2026-05-14T12:57:13+00:00</time>
      </trkpt>
      <trkpt lat="44.87409" lon="-0.53286">
        <ele>34</ele>
        <time>2026-05-14T12:57:14+00:00</time>
      </trkpt>
      <trkpt lat="44.87399" lon="-0.53292">
        <ele>33</ele>
        <time>2026-05-14T12:57:15+00:00</time>
      </trkpt>
      <trkpt lat="44.87389" lon="-0.53307">
        <ele>31</ele>
        <time>2026-05-14T12:57:16+00:00</time>
      </trkpt>
      <trkpt lat="44.87385" lon="-0.53312">
        <ele>31</ele>
        <time>2026-05-14T12:57:17+00:00</time>
      </trkpt>
      <trkpt lat="44.87376" lon="-0.53333">
        <ele>27</ele>
        <time>2026-05-14T12:57:18+00:00</time>
      </trkpt>
      <trkpt lat="44.87362" lon="-0.53352">
        <ele>27</ele>
        <time>2026-05-14T12:57:19+00:00</time>
      </trkpt>
      <trkpt lat="44.87356" lon="-0.53362">
        <ele>26</ele>
        <time>2026-05-14T12:57:20+00:00</time>
      </trkpt>
      <trkpt lat="44.87352" lon="-0.53374">
        <ele>25</ele>
        <time>2026-05-14T12:57:21+00:00</time>
      </trkpt>
      <trkpt lat="44.87349" lon="-0.53385">
        <ele>24</ele>
        <time>2026-05-14T12:57:22+00:00</time>
      </trkpt>
      <trkpt lat="44.87348" lon="-0.53377">
        <ele>25</ele>
        <time>2026-05-14T12:57:23+00:00</time>
      </trkpt>
      <trkpt lat="44.87345" lon="-0.53372">
        <ele>26</ele>
        <time>2026-05-14T12:57:24+00:00</time>
      </trkpt>
      <trkpt lat="44.87343" lon="-0.53369">
        <ele>26</ele>
        <time>2026-05-14T12:57:25+00:00</time>
      </trkpt>
      <trkpt lat="44.87336" lon="-0.53366">
        <ele>26</ele>
        <time>2026-05-14T12:57:26+00:00</time>
      </trkpt>
      <trkpt lat="44.87331" lon="-0.53367">
        <ele>26</ele>
        <time>2026-05-14T12:57:27+00:00</time>
      </trkpt>
      <trkpt lat="44.87328" lon="-0.53366">
        <ele>27</ele>
        <time>2026-05-14T12:57:28+00:00</time>
      </trkpt>
      <trkpt lat="44.87326" lon="-0.53363">
        <ele>27</ele>
        <time>2026-05-14T12:57:29+00:00</time>
      </trkpt>
      <trkpt lat="44.87321" lon="-0.53361">
        <ele>28</ele>
        <time>2026-05-14T12:57:30+00:00</time>
      </trkpt>
      <trkpt lat="44.87315" lon="-0.53362">
        <ele>28</ele>
        <time>2026-05-14T12:57:31+00:00</time>
      </trkpt>
      <trkpt lat="44.87304" lon="-0.53367">
        <ele>28</ele>
        <time>2026-05-14T12:57:32+00:00</time>
      </trkpt>
      <trkpt lat="44.87302" lon="-0.53361">
        <ele>29</ele>
        <time>2026-05-14T12:57:33+00:00</time>
      </trkpt>
      <trkpt lat="44.87296" lon="-0.53343">
        <ele>32</ele>
        <time>2026-05-14T12:57:34+00:00</time>
      </trkpt>
      <trkpt lat="44.87283" lon="-0.53337">
        <ele>34</ele>
        <time>2026-05-14T12:57:35+00:00</time>
      </trkpt>
      <trkpt lat="44.8727" lon="-0.53326">
        <ele>37</ele>
        <time>2026-05-14T12:57:36+00:00</time>
      </trkpt>
      <trkpt lat="44.87257" lon="-0.53319">
        <ele>39</ele>
        <time>2026-05-14T12:57:37+00:00</time>
      </trkpt>
      <trkpt lat="44.87248" lon="-0.5332">
        <ele>40</ele>
        <time>2026-05-14T12:57:38+00:00</time>
      </trkpt>
      <trkpt lat="44.87235" lon="-0.53331">
        <ele>39</ele>
        <time>2026-05-14T12:57:39+00:00</time>
      </trkpt>
      <trkpt lat="44.87229" lon="-0.53338">
        <ele>39</ele>
        <time>2026-05-14T12:57:40+00:00</time>
      </trkpt>
      <trkpt lat="44.8722" lon="-0.53343">
        <ele>39</ele>
        <time>2026-05-14T12:57:41+00:00</time>
      </trkpt>
      <trkpt lat="44.87211" lon="-0.53339">
        <ele>41</ele>
        <time>2026-05-14T12:57:42+00:00</time>
      </trkpt>
      <trkpt lat="44.87201" lon="-0.53334">
        <ele>43</ele>
        <time>2026-05-14T12:57:43+00:00</time>
      </trkpt>
      <trkpt lat="44.8718" lon="-0.53338">
        <ele>45</ele>
        <time>2026-05-14T12:57:44+00:00</time>
      </trkpt>
      <trkpt lat="44.8717" lon="-0.53336">
        <ele>47</ele>
        <time>2026-05-14T12:57:45+00:00</time>
      </trkpt>
      <trkpt lat="44.8716" lon="-0.53339">
        <ele>48</ele>
        <time>2026-05-14T12:57:46+00:00</time>
      </trkpt>
      <trkpt lat="44.87134" lon="-0.53338">
        <ele>51</ele>
        <time>2026-05-14T12:57:47+00:00</time>
      </trkpt>
      <trkpt lat="44.8712" lon="-0.53344">
        <ele>52</ele>
        <time>2026-05-14T12:57:48+00:00</time>
      </trkpt>
      <trkpt lat="44.87102" lon="-0.53346">
        <ele>54</ele>
        <time>2026-05-14T12:57:49+00:00</time>
      </trkpt>
      <trkpt lat="44.87082" lon="-0.53342">
        <ele>57</ele>
        <time>2026-05-14T12:57:50+00:00</time>
      </trkpt>
      <trkpt lat="44.87074" lon="-0.53339">
        <ele>57</ele>
        <time>2026-05-14T12:57:51+00:00</time>
      </trkpt>
      <trkpt lat="44.87061" lon="-0.53331">
        <ele>59</ele>
        <time>2026-05-14T12:57:52+00:00</time>
      </trkpt>
      <trkpt lat="44.8704" lon="-0.53291">
        <ele>61</ele>
        <time>2026-05-14T12:57:53+00:00</time>
      </trkpt>
      <trkpt lat="44.87029" lon="-0.53289">
        <ele>62</ele>
        <time>2026-05-14T12:57:54+00:00</time>
      </trkpt>
      <trkpt lat="44.87015" lon="-0.53295">
        <ele>62</ele>
        <time>2026-05-14T12:57:55+00:00</time>
      </trkpt>
      <trkpt lat="44.87002" lon="-0.53307">
        <ele>62</ele>
        <time>2026-05-14T12:57:56+00:00</time>
      </trkpt>
      <trkpt lat="44.86986" lon="-0.53334">
        <ele>61</ele>
        <time>2026-05-14T12:57:57+00:00</time>
      </trkpt>
      <trkpt lat="44.8698" lon="-0.53348">
        <ele>58</ele>
        <time>2026-05-14T12:57:58+00:00</time>
      </trkpt>
      <trkpt lat="44.86972" lon="-0.53342">
        <ele>60</ele>
        <time>2026-05-14T12:57:59+00:00</time>
      </trkpt>
      <trkpt lat="44.86954" lon="-0.5334">
        <ele>60</ele>
        <time>2026-05-14T12:58:00+00:00</time>
      </trkpt>
      <trkpt lat="44.86934" lon="-0.53342">
        <ele>60</ele>
        <time>2026-05-14T12:58:01+00:00</time>
      </trkpt>
      <trkpt lat="44.8691" lon="-0.53349">
        <ele>58</ele>
        <time>2026-05-14T12:58:02+00:00</time>
      </trkpt>
      <trkpt lat="44.869" lon="-0.53348">
        <ele>58</ele>
        <time>2026-05-14T12:58:03+00:00</time>
      </trkpt>
      <trkpt lat="44.86893" lon="-0.53342">
        <ele>60</ele>
        <time>2026-05-14T12:58:04+00:00</time>
      </trkpt>
      <trkpt lat="44.86863" lon="-0.5335">
        <ele>58</ele>
        <time>2026-05-14T12:58:05+00:00</time>
      </trkpt>
      <trkpt lat="44.86852" lon="-0.53353">
        <ele>58</ele>
        <time>2026-05-14T12:58:06+00:00</time>
      </trkpt>
      <trkpt lat="44.86839" lon="-0.53353">
        <ele>58</ele>
        <time>2026-05-14T12:58:07+00:00</time>
      </trkpt>
      <trkpt lat="44.86825" lon="-0.53356">
        <ele>56</ele>
        <time>2026-05-14T12:58:08+00:00</time>
      </trkpt>
      <trkpt lat="44.86824" lon="-0.53351">
        <ele>57</ele>
        <time>2026-05-14T12:58:09+00:00</time>
      </trkpt>
      <trkpt lat="44.8682" lon="-0.53346">
        <ele>57</ele>
        <time>2026-05-14T12:58:10+00:00</time>
      </trkpt>
      <trkpt lat="44.86807" lon="-0.53343">
        <ele>55</ele>
        <time>2026-05-14T12:58:11+00:00</time>
      </trkpt>
      <trkpt lat="44.86776" lon="-0.53321">
        <ele>52</ele>
        <time>2026-05-14T12:58:12+00:00</time>
      </trkpt>
      <trkpt lat="44.86759" lon="-0.53306">
        <ele>50</ele>
        <time>2026-05-14T12:58:13+00:00</time>
      </trkpt>
      <trkpt lat="44.8674" lon="-0.53286">
        <ele>48</ele>
        <time>2026-05-14T12:58:14+00:00</time>
      </trkpt>
      <trkpt lat="44.86729" lon="-0.53268">
        <ele>47</ele>
        <time>2026-05-14T12:58:15+00:00</time>
      </trkpt>
      <trkpt lat="44.86721" lon="-0.53251">
        <ele>47</ele>
        <time>2026-05-14T12:58:16+00:00</time>
      </trkpt>
      <trkpt lat="44.86709" lon="-0.53211">
        <ele>50</ele>
        <time>2026-05-14T12:58:17+00:00</time>
      </trkpt>
      <trkpt lat="44.86709" lon="-0.53211">
        <ele>50</ele>
        <time>2026-05-14T12:58:18+00:00</time>
      </trkpt>
      <trkpt lat="44.86709" lon="-0.53206">
        <ele>51</ele>
        <time>2026-05-14T12:58:19+00:00</time>
      </trkpt>
      <trkpt lat="44.86686" lon="-0.53198">
        <ele>50</ele>
        <time>2026-05-14T12:58:20+00:00</time>
      </trkpt>
      <trkpt lat="44.86678" lon="-0.532">
        <ele>49</ele>
        <time>2026-05-14T12:58:21+00:00</time>
      </trkpt>
      <trkpt lat="44.86665" lon="-0.53201">
        <ele>47</ele>
        <time>2026-05-14T12:58:22+00:00</time>
      </trkpt>
      <trkpt lat="44.86658" lon="-0.53181">
        <ele>49</ele>
        <time>2026-05-14T12:58:23+00:00</time>
      </trkpt>
      <trkpt lat="44.86659" lon="-0.53147">
        <ele>52</ele>
        <time>2026-05-14T12:58:24+00:00</time>
      </trkpt>
      <trkpt lat="44.86665" lon="-0.53127">
        <ele>54</ele>
        <time>2026-05-14T12:58:25+00:00</time>
      </trkpt>
      <trkpt lat="44.86667" lon="-0.5312">
        <ele>54</ele>
        <time>2026-05-14T12:58:26+00:00</time>
      </trkpt>
      <trkpt lat="44.86674" lon="-0.53104">
        <ele>55</ele>
        <time>2026-05-14T12:58:27+00:00</time>
      </trkpt>
      <trkpt lat="44.86676" lon="-0.53081">
        <ele>55</ele>
        <time>2026-05-14T12:58:28+00:00</time>
      </trkpt>
      <trkpt lat="44.86677" lon="-0.53052">
        <ele>56</ele>
        <time>2026-05-14T12:58:29+00:00</time>
      </trkpt>
      <trkpt lat="44.86683" lon="-0.53038">
        <ele>57</ele>
        <time>2026-05-14T12:58:30+00:00</time>
      </trkpt>
      <trkpt lat="44.86695" lon="-0.53037">
        <ele>57</ele>
        <time>2026-05-14T12:58:31+00:00</time>
      </trkpt>
      <trkpt lat="44.86711" lon="-0.53029">
        <ele>59</ele>
        <time>2026-05-14T12:58:32+00:00</time>
      </trkpt>
      <trkpt lat="44.86737" lon="-0.53023">
        <ele>60</ele>
        <time>2026-05-14T12:58:33+00:00</time>
      </trkpt>
      <trkpt lat="44.86749" lon="-0.53022">
        <ele>61</ele>
        <time>2026-05-14T12:58:34+00:00</time>
      </trkpt>
      <trkpt lat="44.86747" lon="-0.53018">
        <ele>61</ele>
        <time>2026-05-14T12:58:35+00:00</time>
      </trkpt>
      <trkpt lat="44.86772" lon="-0.52992">
        <ele>61</ele>
        <time>2026-05-14T12:58:36+00:00</time>
      </trkpt>
      <trkpt lat="44.86783" lon="-0.5298">
        <ele>60</ele>
        <time>2026-05-14T12:58:37+00:00</time>
      </trkpt>
      <trkpt lat="44.86786" lon="-0.52977">
        <ele>60</ele>
        <time>2026-05-14T12:58:38+00:00</time>
      </trkpt>
      <trkpt lat="44.8679" lon="-0.52967">
        <ele>59</ele>
        <time>2026-05-14T12:58:39+00:00</time>
      </trkpt>
      <trkpt lat="44.86788" lon="-0.52962">
        <ele>59</ele>
        <time>2026-05-14T12:58:40+00:00</time>
      </trkpt>
      <trkpt lat="44.86801" lon="-0.52948">
        <ele>58</ele>
        <time>2026-05-14T12:58:41+00:00</time>
      </trkpt>
      <trkpt lat="44.86801" lon="-0.52948">
        <ele>58</ele>
        <time>2026-05-14T12:58:42+00:00</time>
      </trkpt>
      <trkpt lat="44.86804" lon="-0.52945">
        <ele>58</ele>
        <time>2026-05-14T12:58:43+00:00</time>
      </trkpt>
      <trkpt lat="44.86764" lon="-0.52856">
        <ele>55</ele>
        <time>2026-05-14T12:58:44+00:00</time>
      </trkpt>
      <trkpt lat="44.86746" lon="-0.52798">
        <ele>56</ele>
        <time>2026-05-14T12:58:45+00:00</time>
      </trkpt>
      <trkpt lat="44.86742" lon="-0.52801">
        <ele>56</ele>
        <time>2026-05-14T12:58:46+00:00</time>
      </trkpt>
      <trkpt lat="44.86712" lon="-0.52818">
        <ele>55</ele>
        <time>2026-05-14T12:58:47+00:00</time>
      </trkpt>
      <trkpt lat="44.8671" lon="-0.52812">
        <ele>55</ele>
        <time>2026-05-14T12:58:48+00:00</time>
      </trkpt>
      <trkpt lat="44.86698" lon="-0.52738">
        <ele>54</ele>
        <time>2026-05-14T12:58:49+00:00</time>
      </trkpt>
      <trkpt lat="44.86694" lon="-0.52723">
        <ele>54</ele>
        <time>2026-05-14T12:58:50+00:00</time>
      </trkpt>
      <trkpt lat="44.86686" lon="-0.52719">
        <ele>53</ele>
        <time>2026-05-14T12:58:51+00:00</time>
      </trkpt>
      <trkpt lat="44.86671" lon="-0.52725">
        <ele>52</ele>
        <time>2026-05-14T12:58:52+00:00</time>
      </trkpt>
      <trkpt lat="44.86643" lon="-0.52726">
        <ele>48</ele>
        <time>2026-05-14T12:58:53+00:00</time>
      </trkpt>
      <trkpt lat="44.86641" lon="-0.52722">
        <ele>47</ele>
        <time>2026-05-14T12:58:54+00:00</time>
      </trkpt>
      <trkpt lat="44.86641" lon="-0.52718">
        <ele>47</ele>
        <time>2026-05-14T12:58:55+00:00</time>
      </trkpt>
      <trkpt lat="44.8664" lon="-0.52715">
        <ele>47</ele>
        <time>2026-05-14T12:58:56+00:00</time>
      </trkpt>
      <trkpt lat="44.86637" lon="-0.52701">
        <ele>47</ele>
        <time>2026-05-14T12:58:57+00:00</time>
      </trkpt>
      <trkpt lat="44.86636" lon="-0.52696">
        <ele>47</ele>
        <time>2026-05-14T12:58:58+00:00</time>
      </trkpt>
      <trkpt lat="44.86635" lon="-0.52693">
        <ele>46</ele>
        <time>2026-05-14T12:58:59+00:00</time>
      </trkpt>
      <trkpt lat="44.8663" lon="-0.52675">
        <ele>46</ele>
        <time>2026-05-14T12:59:00+00:00</time>
      </trkpt>
      <trkpt lat="44.86627" lon="-0.52666">
        <ele>46</ele>
        <time>2026-05-14T12:59:01+00:00</time>
      </trkpt>
      <trkpt lat="44.86622" lon="-0.52659">
        <ele>46</ele>
        <time>2026-05-14T12:59:02+00:00</time>
      </trkpt>
      <trkpt lat="44.86618" lon="-0.52656">
        <ele>45</ele>
        <time>2026-05-14T12:59:03+00:00</time>
      </trkpt>
      <trkpt lat="44.86613" lon="-0.52655">
        <ele>45</ele>
        <time>2026-05-14T12:59:04+00:00</time>
      </trkpt>
      <trkpt lat="44.86604" lon="-0.52642">
        <ele>45</ele>
        <time>2026-05-14T12:59:05+00:00</time>
      </trkpt>
      <trkpt lat="44.86602" lon="-0.52636">
        <ele>46</ele>
        <time>2026-05-14T12:59:06+00:00</time>
      </trkpt>
      <trkpt lat="44.86603" lon="-0.5262">
        <ele>47</ele>
        <time>2026-05-14T12:59:07+00:00</time>
      </trkpt>
      <trkpt lat="44.86603" lon="-0.52606">
        <ele>48</ele>
        <time>2026-05-14T12:59:08+00:00</time>
      </trkpt>
      <trkpt lat="44.86602" lon="-0.52592">
        <ele>49</ele>
        <time>2026-05-14T12:59:09+00:00</time>
      </trkpt>
      <trkpt lat="44.86599" lon="-0.52584">
        <ele>50</ele>
        <time>2026-05-14T12:59:10+00:00</time>
      </trkpt>
      <trkpt lat="44.86598" lon="-0.52575">
        <ele>50</ele>
        <time>2026-05-14T12:59:11+00:00</time>
      </trkpt>
      <trkpt lat="44.86595" lon="-0.5257">
        <ele>50</ele>
        <time>2026-05-14T12:59:12+00:00</time>
      </trkpt>
      <trkpt lat="44.86592" lon="-0.52561">
        <ele>51</ele>
        <time>2026-05-14T12:59:13+00:00</time>
      </trkpt>
      <trkpt lat="44.86588" lon="-0.52555">
        <ele>51</ele>
        <time>2026-05-14T12:59:14+00:00</time>
      </trkpt>
      <trkpt lat="44.86578" lon="-0.52549">
        <ele>51</ele>
        <time>2026-05-14T12:59:15+00:00</time>
      </trkpt>
      <trkpt lat="44.86567" lon="-0.52544">
        <ele>51</ele>
        <time>2026-05-14T12:59:16+00:00</time>
      </trkpt>
      <trkpt lat="44.86555" lon="-0.52534">
        <ele>52</ele>
        <time>2026-05-14T12:59:17+00:00</time>
      </trkpt>
      <trkpt lat="44.86553" lon="-0.5253">
        <ele>52</ele>
        <time>2026-05-14T12:59:18+00:00</time>
      </trkpt>
      <trkpt lat="44.86551" lon="-0.52528">
        <ele>52</ele>
        <time>2026-05-14T12:59:19+00:00</time>
      </trkpt>
      <trkpt lat="44.86547" lon="-0.52522">
        <ele>52</ele>
        <time>2026-05-14T12:59:20+00:00</time>
      </trkpt>
      <trkpt lat="44.86542" lon="-0.52511">
        <ele>52</ele>
        <time>2026-05-14T12:59:21+00:00</time>
      </trkpt>
      <trkpt lat="44.86532" lon="-0.52502">
        <ele>53</ele>
        <time>2026-05-14T12:59:22+00:00</time>
      </trkpt>
      <trkpt lat="44.86545" lon="-0.52455">
        <ele>54</ele>
        <time>2026-05-14T12:59:23+00:00</time>
      </trkpt>
      <trkpt lat="44.86556" lon="-0.52424">
        <ele>54</ele>
        <time>2026-05-14T12:59:24+00:00</time>
      </trkpt>
      <trkpt lat="44.86564" lon="-0.52406">
        <ele>55</ele>
        <time>2026-05-14T12:59:25+00:00</time>
      </trkpt>
      <trkpt lat="44.86564" lon="-0.52403">
        <ele>55</ele>
        <time>2026-05-14T12:59:26+00:00</time>
      </trkpt>
      <trkpt lat="44.86565" lon="-0.52399">
        <ele>55</ele>
        <time>2026-05-14T12:59:27+00:00</time>
      </trkpt>
      <trkpt lat="44.86551" lon="-0.52396">
        <ele>55</ele>
        <time>2026-05-14T12:59:28+00:00</time>
      </trkpt>
      <trkpt lat="44.86544" lon="-0.52401">
        <ele>55</ele>
        <time>2026-05-14T12:59:29+00:00</time>
      </trkpt>
      <trkpt lat="44.86536" lon="-0.52403">
        <ele>55</ele>
        <time>2026-05-14T12:59:30+00:00</time>
      </trkpt>
      <trkpt lat="44.86529" lon="-0.52402">
        <ele>55</ele>
        <time>2026-05-14T12:59:31+00:00</time>
      </trkpt>
      <trkpt lat="44.86522" lon="-0.52399">
        <ele>55</ele>
        <time>2026-05-14T12:59:32+00:00</time>
      </trkpt>
      <trkpt lat="44.86516" lon="-0.52395">
        <ele>55</ele>
        <time>2026-05-14T12:59:33+00:00</time>
      </trkpt>
      <trkpt lat="44.86513" lon="-0.52391">
        <ele>55</ele>
        <time>2026-05-14T12:59:34+00:00</time>
      </trkpt>
      <trkpt lat="44.86508" lon="-0.5238">
        <ele>55</ele>
        <time>2026-05-14T12:59:35+00:00</time>
      </trkpt>
      <trkpt lat="44.86506" lon="-0.52372">
        <ele>55</ele>
        <time>2026-05-14T12:59:36+00:00</time>
      </trkpt>
      <trkpt lat="44.86505" lon="-0.52363">
        <ele>55</ele>
        <time>2026-05-14T12:59:37+00:00</time>
      </trkpt>
      <trkpt lat="44.86506" lon="-0.52349">
        <ele>55</ele>
        <time>2026-05-14T12:59:38+00:00</time>
      </trkpt>
      <trkpt lat="44.86502" lon="-0.52346">
        <ele>55</ele>
        <time>2026-05-14T12:59:39+00:00</time>
      </trkpt>
      <trkpt lat="44.86502" lon="-0.52348">
        <ele>55</ele>
        <time>2026-05-14T12:59:40+00:00</time>
      </trkpt>
      <trkpt lat="44.865" lon="-0.52351">
        <ele>55</ele>
        <time>2026-05-14T12:59:41+00:00</time>
      </trkpt>
      <trkpt lat="44.86478" lon="-0.52343">
        <ele>54</ele>
        <time>2026-05-14T12:59:42+00:00</time>
      </trkpt>
      <trkpt lat="44.86471" lon="-0.52339">
        <ele>53</ele>
        <time>2026-05-14T12:59:43+00:00</time>
      </trkpt>
      <trkpt lat="44.86461" lon="-0.52335">
        <ele>53</ele>
        <time>2026-05-14T12:59:44+00:00</time>
      </trkpt>
      <trkpt lat="44.86451" lon="-0.52334">
        <ele>52</ele>
        <time>2026-05-14T12:59:45+00:00</time>
      </trkpt>
      <trkpt lat="44.86431" lon="-0.52336">
        <ele>51</ele>
        <time>2026-05-14T12:59:46+00:00</time>
      </trkpt>
      <trkpt lat="44.86413" lon="-0.52337">
        <ele>50</ele>
        <time>2026-05-14T12:59:47+00:00</time>
      </trkpt>
      <trkpt lat="44.86414" lon="-0.52334">
        <ele>50</ele>
        <time>2026-05-14T12:59:48+00:00</time>
      </trkpt>
      <trkpt lat="44.86415" lon="-0.52315">
        <ele>51</ele>
        <time>2026-05-14T12:59:49+00:00</time>
      </trkpt>
      <trkpt lat="44.86415" lon="-0.52309">
        <ele>51</ele>
        <time>2026-05-14T12:59:50+00:00</time>
      </trkpt>
      <trkpt lat="44.86401" lon="-0.5231">
        <ele>52</ele>
        <time>2026-05-14T12:59:51+00:00</time>
      </trkpt>
      <trkpt lat="44.86346" lon="-0.52312">
        <ele>53</ele>
        <time>2026-05-14T12:59:52+00:00</time>
      </trkpt>
      <trkpt lat="44.86317" lon="-0.52313">
        <ele>54</ele>
        <time>2026-05-14T12:59:53+00:00</time>
      </trkpt>
      <trkpt lat="44.86272" lon="-0.52321">
        <ele>59</ele>
        <time>2026-05-14T12:59:54+00:00</time>
      </trkpt>
      <trkpt lat="44.86259" lon="-0.52322">
        <ele>60</ele>
        <time>2026-05-14T12:59:55+00:00</time>
      </trkpt>
      <trkpt lat="44.86244" lon="-0.52322">
        <ele>61</ele>
        <time>2026-05-14T12:59:56+00:00</time>
      </trkpt>
      <trkpt lat="44.86251" lon="-0.52362">
        <ele>61</ele>
        <time>2026-05-14T12:59:57+00:00</time>
      </trkpt>
      <trkpt lat="44.86295" lon="-0.52349">
        <ele>57</ele>
        <time>2026-05-14T12:59:58+00:00</time>
      </trkpt>
      <trkpt lat="44.86302" lon="-0.52348">
        <ele>56</ele>
        <time>2026-05-14T12:59:59+00:00</time>
      </trkpt>
      <trkpt lat="44.86308" lon="-0.52352">
        <ele>56</ele>
        <time>2026-05-14T13:00:00+00:00</time>
      </trkpt>
      <trkpt lat="44.86314" lon="-0.52357">
        <ele>56</ele>
        <time>2026-05-14T13:00:01+00:00</time>
      </trkpt>
      <trkpt lat="44.86318" lon="-0.52365">
        <ele>56</ele>
        <time>2026-05-14T13:00:02+00:00</time>
      </trkpt>
      <trkpt lat="44.86319" lon="-0.52371">
        <ele>56</ele>
        <time>2026-05-14T13:00:03+00:00</time>
      </trkpt>
      <trkpt lat="44.86318" lon="-0.52399">
        <ele>57</ele>
        <time>2026-05-14T13:00:04+00:00</time>
      </trkpt>
      <trkpt lat="44.86316" lon="-0.5241">
        <ele>57</ele>
        <time>2026-05-14T13:00:05+00:00</time>
      </trkpt>
      <trkpt lat="44.86314" lon="-0.52424">
        <ele>58</ele>
        <time>2026-05-14T13:00:06+00:00</time>
      </trkpt>
      <trkpt lat="44.86309" lon="-0.52444">
        <ele>58</ele>
        <time>2026-05-14T13:00:07+00:00</time>
      </trkpt>
      <trkpt lat="44.86314" lon="-0.5245">
        <ele>58</ele>
        <time>2026-05-14T13:00:08+00:00</time>
      </trkpt>
      <trkpt lat="44.86315" lon="-0.52457">
        <ele>57</ele>
        <time>2026-05-14T13:00:09+00:00</time>
      </trkpt>
      <trkpt lat="44.86315" lon="-0.52471">
        <ele>57</ele>
        <time>2026-05-14T13:00:10+00:00</time>
      </trkpt>
      <trkpt lat="44.86313" lon="-0.52488">
        <ele>57</ele>
        <time>2026-05-14T13:00:11+00:00</time>
      </trkpt>
      <trkpt lat="44.86313" lon="-0.52494">
        <ele>57</ele>
        <time>2026-05-14T13:00:12+00:00</time>
      </trkpt>
      <trkpt lat="44.86315" lon="-0.525">
        <ele>57</ele>
        <time>2026-05-14T13:00:13+00:00</time>
      </trkpt>
      <trkpt lat="44.86306" lon="-0.52523">
        <ele>57</ele>
        <time>2026-05-14T13:00:14+00:00</time>
      </trkpt>
      <trkpt lat="44.86291" lon="-0.52531">
        <ele>57</ele>
        <time>2026-05-14T13:00:15+00:00</time>
      </trkpt>
      <trkpt lat="44.86311" lon="-0.52607">
        <ele>56</ele>
        <time>2026-05-14T13:00:16+00:00</time>
      </trkpt>
      <trkpt lat="44.86322" lon="-0.52686">
        <ele>58</ele>
        <time>2026-05-14T13:00:17+00:00</time>
      </trkpt>
      <trkpt lat="44.86323" lon="-0.52711">
        <ele>59</ele>
        <time>2026-05-14T13:00:18+00:00</time>
      </trkpt>
      <trkpt lat="44.86329" lon="-0.52773">
        <ele>60</ele>
        <time>2026-05-14T13:00:19+00:00</time>
      </trkpt>
      <trkpt lat="44.86329" lon="-0.52782">
        <ele>60</ele>
        <time>2026-05-14T13:00:20+00:00</time>
      </trkpt>
      <trkpt lat="44.8633" lon="-0.52809">
        <ele>60</ele>
        <time>2026-05-14T13:00:21+00:00</time>
      </trkpt>
      <trkpt lat="44.86325" lon="-0.5284">
        <ele>58</ele>
        <time>2026-05-14T13:00:22+00:00</time>
      </trkpt>
      <trkpt lat="44.86318" lon="-0.52859">
        <ele>55</ele>
        <time>2026-05-14T13:00:23+00:00</time>
      </trkpt>
      <trkpt lat="44.86311" lon="-0.52868">
        <ele>53</ele>
        <time>2026-05-14T13:00:24+00:00</time>
      </trkpt>
      <trkpt lat="44.86307" lon="-0.52871">
        <ele>52</ele>
        <time>2026-05-14T13:00:25+00:00</time>
      </trkpt>
      <trkpt lat="44.863" lon="-0.52872">
        <ele>52</ele>
        <time>2026-05-14T13:00:26+00:00</time>
      </trkpt>
      <trkpt lat="44.86292" lon="-0.5287">
        <ele>52</ele>
        <time>2026-05-14T13:00:27+00:00</time>
      </trkpt>
      <trkpt lat="44.86277" lon="-0.5286">
        <ele>52</ele>
        <time>2026-05-14T13:00:28+00:00</time>
      </trkpt>
      <trkpt lat="44.86264" lon="-0.52842">
        <ele>53</ele>
        <time>2026-05-14T13:00:29+00:00</time>
      </trkpt>
      <trkpt lat="44.86252" lon="-0.52815">
        <ele>53</ele>
        <time>2026-05-14T13:00:30+00:00</time>
      </trkpt>
      <trkpt lat="44.86242" lon="-0.52788">
        <ele>52</ele>
        <time>2026-05-14T13:00:31+00:00</time>
      </trkpt>
      <trkpt lat="44.86237" lon="-0.52777">
        <ele>52</ele>
        <time>2026-05-14T13:00:32+00:00</time>
      </trkpt>
      <trkpt lat="44.86208" lon="-0.52733">
        <ele>51</ele>
        <time>2026-05-14T13:00:33+00:00</time>
      </trkpt>
      <trkpt lat="44.86205" lon="-0.5272">
        <ele>51</ele>
        <time>2026-05-14T13:00:34+00:00</time>
      </trkpt>
      <trkpt lat="44.86202" lon="-0.52692">
        <ele>51</ele>
        <time>2026-05-14T13:00:35+00:00</time>
      </trkpt>
      <trkpt lat="44.862" lon="-0.52663">
        <ele>51</ele>
        <time>2026-05-14T13:00:36+00:00</time>
      </trkpt>
      <trkpt lat="44.86184" lon="-0.52639">
        <ele>52</ele>
        <time>2026-05-14T13:00:37+00:00</time>
      </trkpt>
      <trkpt lat="44.86173" lon="-0.52624">
        <ele>53</ele>
        <time>2026-05-14T13:00:38+00:00</time>
      </trkpt>
      <trkpt lat="44.8616" lon="-0.52616">
        <ele>54</ele>
        <time>2026-05-14T13:00:39+00:00</time>
      </trkpt>
      <trkpt lat="44.86146" lon="-0.52614">
        <ele>55</ele>
        <time>2026-05-14T13:00:40+00:00</time>
      </trkpt>
      <trkpt lat="44.86135" lon="-0.52617">
        <ele>56</ele>
        <time>2026-05-14T13:00:41+00:00</time>
      </trkpt>
      <trkpt lat="44.86127" lon="-0.52622">
        <ele>56</ele>
        <time>2026-05-14T13:00:42+00:00</time>
      </trkpt>
      <trkpt lat="44.86103" lon="-0.52651">
        <ele>56</ele>
        <time>2026-05-14T13:00:43+00:00</time>
      </trkpt>
      <trkpt lat="44.86093" lon="-0.52668">
        <ele>55</ele>
        <time>2026-05-14T13:00:44+00:00</time>
      </trkpt>
      <trkpt lat="44.86079" lon="-0.5274">
        <ele>57</ele>
        <time>2026-05-14T13:00:45+00:00</time>
      </trkpt>
      <trkpt lat="44.86042" lon="-0.5276">
        <ele>59</ele>
        <time>2026-05-14T13:00:46+00:00</time>
      </trkpt>
      <trkpt lat="44.86031" lon="-0.52765">
        <ele>60</ele>
        <time>2026-05-14T13:00:47+00:00</time>
      </trkpt>
      <trkpt lat="44.85998" lon="-0.52774">
        <ele>60</ele>
        <time>2026-05-14T13:00:48+00:00</time>
      </trkpt>
      <trkpt lat="44.85985" lon="-0.52772">
        <ele>61</ele>
        <time>2026-05-14T13:00:49+00:00</time>
      </trkpt>
      <trkpt lat="44.85977" lon="-0.52779">
        <ele>61</ele>
        <time>2026-05-14T13:00:50+00:00</time>
      </trkpt>
      <trkpt lat="44.85964" lon="-0.52795">
        <ele>59</ele>
        <time>2026-05-14T13:00:51+00:00</time>
      </trkpt>
      <trkpt lat="44.85952" lon="-0.52799">
        <ele>59</ele>
        <time>2026-05-14T13:00:52+00:00</time>
      </trkpt>
      <trkpt lat="44.85922" lon="-0.52808">
        <ele>58</ele>
        <time>2026-05-14T13:00:53+00:00</time>
      </trkpt>
      <trkpt lat="44.85909" lon="-0.52805">
        <ele>58</ele>
        <time>2026-05-14T13:00:54+00:00</time>
      </trkpt>
      <trkpt lat="44.85887" lon="-0.52805">
        <ele>55</ele>
        <time>2026-05-14T13:00:55+00:00</time>
      </trkpt>
      <trkpt lat="44.85883" lon="-0.52808">
        <ele>54</ele>
        <time>2026-05-14T13:00:56+00:00</time>
      </trkpt>
      <trkpt lat="44.85876" lon="-0.5281">
        <ele>53</ele>
        <time>2026-05-14T13:00:57+00:00</time>
      </trkpt>
      <trkpt lat="44.8587" lon="-0.52812">
        <ele>52</ele>
        <time>2026-05-14T13:00:58+00:00</time>
      </trkpt>
      <trkpt lat="44.85864" lon="-0.52813">
        <ele>52</ele>
        <time>2026-05-14T13:00:59+00:00</time>
      </trkpt>
      <trkpt lat="44.85825" lon="-0.52812">
        <ele>48</ele>
        <time>2026-05-14T13:01:00+00:00</time>
      </trkpt>
      <trkpt lat="44.85775" lon="-0.52749">
        <ele>53</ele>
        <time>2026-05-14T13:01:01+00:00</time>
      </trkpt>
      <trkpt lat="44.85763" lon="-0.52809">
        <ele>48</ele>
        <time>2026-05-14T13:01:02+00:00</time>
      </trkpt>
      <trkpt lat="44.85779" lon="-0.52872">
        <ele>37</ele>
        <time>2026-05-14T13:01:03+00:00</time>
      </trkpt>
      <trkpt lat="44.8579" lon="-0.52883">
        <ele>35</ele>
        <time>2026-05-14T13:01:04+00:00</time>
      </trkpt>
      <trkpt lat="44.85779" lon="-0.52889">
        <ele>33</ele>
        <time>2026-05-14T13:01:05+00:00</time>
      </trkpt>
      <trkpt lat="44.85786" lon="-0.52892">
        <ele>32</ele>
        <time>2026-05-14T13:01:06+00:00</time>
      </trkpt>
      <trkpt lat="44.8579" lon="-0.52895">
        <ele>32</ele>
        <time>2026-05-14T13:01:07+00:00</time>
      </trkpt>
      <trkpt lat="44.85789" lon="-0.52898">
        <ele>31</ele>
        <time>2026-05-14T13:01:08+00:00</time>
      </trkpt>
      <trkpt lat="44.85787" lon="-0.529">
        <ele>30</ele>
        <time>2026-05-14T13:01:09+00:00</time>
      </trkpt>
      <trkpt lat="44.8578" lon="-0.52899">
        <ele>31</ele>
        <time>2026-05-14T13:01:10+00:00</time>
      </trkpt>
      <trkpt lat="44.85778" lon="-0.52903">
        <ele>30</ele>
        <time>2026-05-14T13:01:11+00:00</time>
      </trkpt>
      <trkpt lat="44.8578" lon="-0.52905">
        <ele>29</ele>
        <time>2026-05-14T13:01:12+00:00</time>
      </trkpt>
      <trkpt lat="44.85787" lon="-0.52907">
        <ele>29</ele>
        <time>2026-05-14T13:01:13+00:00</time>
      </trkpt>
      <trkpt lat="44.85789" lon="-0.52911">
        <ele>28</ele>
        <time>2026-05-14T13:01:14+00:00</time>
      </trkpt>
      <trkpt lat="44.85788" lon="-0.52914">
        <ele>27</ele>
        <time>2026-05-14T13:01:15+00:00</time>
      </trkpt>
      <trkpt lat="44.85781" lon="-0.52915">
        <ele>27</ele>
        <time>2026-05-14T13:01:16+00:00</time>
      </trkpt>
      <trkpt lat="44.8578" lon="-0.52919">
        <ele>26</ele>
        <time>2026-05-14T13:01:17+00:00</time>
      </trkpt>
      <trkpt lat="44.85783" lon="-0.52921">
        <ele>26</ele>
        <time>2026-05-14T13:01:18+00:00</time>
      </trkpt>
      <trkpt lat="44.85788" lon="-0.52922">
        <ele>25</ele>
        <time>2026-05-14T13:01:19+00:00</time>
      </trkpt>
      <trkpt lat="44.85789" lon="-0.52925">
        <ele>25</ele>
        <time>2026-05-14T13:01:20+00:00</time>
      </trkpt>
      <trkpt lat="44.85788" lon="-0.52928">
        <ele>24</ele>
        <time>2026-05-14T13:01:21+00:00</time>
      </trkpt>
      <trkpt lat="44.85784" lon="-0.52928">
        <ele>24</ele>
        <time>2026-05-14T13:01:22+00:00</time>
      </trkpt>
      <trkpt lat="44.85781" lon="-0.52932">
        <ele>23</ele>
        <time>2026-05-14T13:01:23+00:00</time>
      </trkpt>
      <trkpt lat="44.85779" lon="-0.52944">
        <ele>21</ele>
        <time>2026-05-14T13:01:24+00:00</time>
      </trkpt>
      <trkpt lat="44.85768" lon="-0.52942">
        <ele>21</ele>
        <time>2026-05-14T13:01:25+00:00</time>
      </trkpt>
      <trkpt lat="44.8575" lon="-0.52944">
        <ele>20</ele>
        <time>2026-05-14T13:01:26+00:00</time>
      </trkpt>
      <trkpt lat="44.85728" lon="-0.5295">
        <ele>21</ele>
        <time>2026-05-14T13:01:27+00:00</time>
      </trkpt>
      <trkpt lat="44.85721" lon="-0.52955">
        <ele>20</ele>
        <time>2026-05-14T13:01:28+00:00</time>
      </trkpt>
      <trkpt lat="44.85716" lon="-0.52958">
        <ele>20</ele>
        <time>2026-05-14T13:01:29+00:00</time>
      </trkpt>
      <trkpt lat="44.85712" lon="-0.52955">
        <ele>21</ele>
        <time>2026-05-14T13:01:30+00:00</time>
      </trkpt>
      <trkpt lat="44.85691" lon="-0.52957">
        <ele>22</ele>
        <time>2026-05-14T13:01:31+00:00</time>
      </trkpt>
      <trkpt lat="44.85677" lon="-0.52955">
        <ele>24</ele>
        <time>2026-05-14T13:01:32+00:00</time>
      </trkpt>
      <trkpt lat="44.8567" lon="-0.52961">
        <ele>23</ele>
        <time>2026-05-14T13:01:33+00:00</time>
      </trkpt>
      <trkpt lat="44.85661" lon="-0.52959">
        <ele>23</ele>
        <time>2026-05-14T13:01:34+00:00</time>
      </trkpt>
      <trkpt lat="44.8565" lon="-0.52954">
        <ele>23</ele>
        <time>2026-05-14T13:01:35+00:00</time>
      </trkpt>
      <trkpt lat="44.85635" lon="-0.5295">
        <ele>23</ele>
        <time>2026-05-14T13:01:36+00:00</time>
      </trkpt>
      <trkpt lat="44.85631" lon="-0.52949">
        <ele>23</ele>
        <time>2026-05-14T13:01:37+00:00</time>
      </trkpt>
      <trkpt lat="44.85621" lon="-0.52946">
        <ele>23</ele>
        <time>2026-05-14T13:01:38+00:00</time>
      </trkpt>
      <trkpt lat="44.85615" lon="-0.52946">
        <ele>22</ele>
        <time>2026-05-14T13:01:39+00:00</time>
      </trkpt>
      <trkpt lat="44.85606" lon="-0.52945">
        <ele>22</ele>
        <time>2026-05-14T13:01:40+00:00</time>
      </trkpt>
      <trkpt lat="44.85601" lon="-0.52939">
        <ele>22</ele>
        <time>2026-05-14T13:01:41+00:00</time>
      </trkpt>
      <trkpt lat="44.85583" lon="-0.52909">
        <ele>25</ele>
        <time>2026-05-14T13:01:42+00:00</time>
      </trkpt>
      <trkpt lat="44.85576" lon="-0.529">
        <ele>26</ele>
        <time>2026-05-14T13:01:43+00:00</time>
      </trkpt>
      <trkpt lat="44.85564" lon="-0.52877">
        <ele>27</ele>
        <time>2026-05-14T13:01:44+00:00</time>
      </trkpt>
      <trkpt lat="44.85553" lon="-0.52868">
        <ele>27</ele>
        <time>2026-05-14T13:01:45+00:00</time>
      </trkpt>
      <trkpt lat="44.85545" lon="-0.5287">
        <ele>25</ele>
        <time>2026-05-14T13:01:46+00:00</time>
      </trkpt>
      <trkpt lat="44.85538" lon="-0.5286">
        <ele>25</ele>
        <time>2026-05-14T13:01:47+00:00</time>
      </trkpt>
      <trkpt lat="44.85529" lon="-0.52852">
        <ele>23</ele>
        <time>2026-05-14T13:01:48+00:00</time>
      </trkpt>
      <trkpt lat="44.85523" lon="-0.52849">
        <ele>22</ele>
        <time>2026-05-14T13:01:49+00:00</time>
      </trkpt>
      <trkpt lat="44.85513" lon="-0.52863">
        <ele>19</ele>
        <time>2026-05-14T13:01:50+00:00</time>
      </trkpt>
      <trkpt lat="44.8549" lon="-0.52899">
        <ele>18</ele>
        <time>2026-05-14T13:01:51+00:00</time>
      </trkpt>
      <trkpt lat="44.85467" lon="-0.52845">
        <ele>25</ele>
        <time>2026-05-14T13:01:52+00:00</time>
      </trkpt>
      <trkpt lat="44.85463" lon="-0.52834">
        <ele>26</ele>
        <time>2026-05-14T13:01:53+00:00</time>
      </trkpt>
      <trkpt lat="44.85459" lon="-0.52834">
        <ele>27</ele>
        <time>2026-05-14T13:01:54+00:00</time>
      </trkpt>
      <trkpt lat="44.85441" lon="-0.52822">
        <ele>31</ele>
        <time>2026-05-14T13:01:55+00:00</time>
      </trkpt>
      <trkpt lat="44.85436" lon="-0.52812">
        <ele>32</ele>
        <time>2026-05-14T13:01:56+00:00</time>
      </trkpt>
      <trkpt lat="44.85423" lon="-0.52793">
        <ele>34</ele>
        <time>2026-05-14T13:01:57+00:00</time>
      </trkpt>
      <trkpt lat="44.85436" lon="-0.52812">
        <ele>32</ele>
        <time>2026-05-14T13:01:58+00:00</time>
      </trkpt>
      <trkpt lat="44.85429" lon="-0.52815">
        <ele>33</ele>
        <time>2026-05-14T13:01:59+00:00</time>
      </trkpt>
      <trkpt lat="44.85419" lon="-0.52817">
        <ele>35</ele>
        <time>2026-05-14T13:02:00+00:00</time>
      </trkpt>
      <trkpt lat="44.85392" lon="-0.52814">
        <ele>40</ele>
        <time>2026-05-14T13:02:01+00:00</time>
      </trkpt>
      <trkpt lat="44.85366" lon="-0.52816">
        <ele>45</ele>
        <time>2026-05-14T13:02:02+00:00</time>
      </trkpt>
      <trkpt lat="44.85359" lon="-0.52826">
        <ele>47</ele>
        <time>2026-05-14T13:02:03+00:00</time>
      </trkpt>
      <trkpt lat="44.85356" lon="-0.52828">
        <ele>47</ele>
        <time>2026-05-14T13:02:04+00:00</time>
      </trkpt>
      <trkpt lat="44.85353" lon="-0.5283">
        <ele>48</ele>
        <time>2026-05-14T13:02:05+00:00</time>
      </trkpt>
      <trkpt lat="44.85345" lon="-0.52837">
        <ele>50</ele>
        <time>2026-05-14T13:02:06+00:00</time>
      </trkpt>
      <trkpt lat="44.85344" lon="-0.52838">
        <ele>50</ele>
        <time>2026-05-14T13:02:07+00:00</time>
      </trkpt>
      <trkpt lat="44.85333" lon="-0.52833">
        <ele>52</ele>
        <time>2026-05-14T13:02:08+00:00</time>
      </trkpt>
      <trkpt lat="44.85329" lon="-0.52835">
        <ele>52</ele>
        <time>2026-05-14T13:02:09+00:00</time>
      </trkpt>
      <trkpt lat="44.85324" lon="-0.52836">
        <ele>53</ele>
        <time>2026-05-14T13:02:10+00:00</time>
      </trkpt>
      <trkpt lat="44.85323" lon="-0.52849">
        <ele>53</ele>
        <time>2026-05-14T13:02:11+00:00</time>
      </trkpt>
      <trkpt lat="44.85331" lon="-0.52863">
        <ele>53</ele>
        <time>2026-05-14T13:02:12+00:00</time>
      </trkpt>
      <trkpt lat="44.8534" lon="-0.52873">
        <ele>52</ele>
        <time>2026-05-14T13:02:13+00:00</time>
      </trkpt>
      <trkpt lat="44.85336" lon="-0.52886">
        <ele>53</ele>
        <time>2026-05-14T13:02:14+00:00</time>
      </trkpt>
      <trkpt lat="44.85328" lon="-0.52886">
        <ele>54</ele>
        <time>2026-05-14T13:02:15+00:00</time>
      </trkpt>
      <trkpt lat="44.85319" lon="-0.52892">
        <ele>55</ele>
        <time>2026-05-14T13:02:16+00:00</time>
      </trkpt>
      <trkpt lat="44.8531" lon="-0.52901">
        <ele>56</ele>
        <time>2026-05-14T13:02:17+00:00</time>
      </trkpt>
      <trkpt lat="44.85294" lon="-0.52914">
        <ele>58</ele>
        <time>2026-05-14T13:02:18+00:00</time>
      </trkpt>
      <trkpt lat="44.85284" lon="-0.5292">
        <ele>59</ele>
        <time>2026-05-14T13:02:19+00:00</time>
      </trkpt>
      <trkpt lat="44.85275" lon="-0.5292">
        <ele>59</ele>
        <time>2026-05-14T13:02:20+00:00</time>
      </trkpt>
      <trkpt lat="44.85266" lon="-0.52918">
        <ele>60</ele>
        <time>2026-05-14T13:02:21+00:00</time>
      </trkpt>
      <trkpt lat="44.85257" lon="-0.52912">
        <ele>61</ele>
        <time>2026-05-14T13:02:22+00:00</time>
      </trkpt>
      <trkpt lat="44.85248" lon="-0.52908">
        <ele>61</ele>
        <time>2026-05-14T13:02:23+00:00</time>
      </trkpt>
      <trkpt lat="44.85231" lon="-0.52894">
        <ele>61</ele>
        <time>2026-05-14T13:02:24+00:00</time>
      </trkpt>
      <trkpt lat="44.85222" lon="-0.52877">
        <ele>60</ele>
        <time>2026-05-14T13:02:25+00:00</time>
      </trkpt>
      <trkpt lat="44.8522" lon="-0.52865">
        <ele>60</ele>
        <time>2026-05-14T13:02:26+00:00</time>
      </trkpt>
      <trkpt lat="44.85219" lon="-0.52846">
        <ele>60</ele>
        <time>2026-05-14T13:02:27+00:00</time>
      </trkpt>
      <trkpt lat="44.85203" lon="-0.52838">
        <ele>60</ele>
        <time>2026-05-14T13:02:28+00:00</time>
      </trkpt>
      <trkpt lat="44.85162" lon="-0.52837">
        <ele>63</ele>
        <time>2026-05-14T13:02:29+00:00</time>
      </trkpt>
      <trkpt lat="44.85153" lon="-0.52861">
        <ele>63</ele>
        <time>2026-05-14T13:02:30+00:00</time>
      </trkpt>
      <trkpt lat="44.8515" lon="-0.52867">
        <ele>63</ele>
        <time>2026-05-14T13:02:31+00:00</time>
      </trkpt>
      <trkpt lat="44.85153" lon="-0.52873">
        <ele>62</ele>
        <time>2026-05-14T13:02:32+00:00</time>
      </trkpt>
      <trkpt lat="44.85155" lon="-0.5288">
        <ele>62</ele>
        <time>2026-05-14T13:02:33+00:00</time>
      </trkpt>
      <trkpt lat="44.85155" lon="-0.5288">
        <ele>62</ele>
        <time>2026-05-14T13:02:34+00:00</time>
      </trkpt>
      <trkpt lat="44.85153" lon="-0.52908">
        <ele>61</ele>
        <time>2026-05-14T13:02:35+00:00</time>
      </trkpt>
      <trkpt lat="44.85146" lon="-0.52925">
        <ele>60</ele>
        <time>2026-05-14T13:02:36+00:00</time>
      </trkpt>
      <trkpt lat="44.85143" lon="-0.5293">
        <ele>60</ele>
        <time>2026-05-14T13:02:37+00:00</time>
      </trkpt>
      <trkpt lat="44.85136" lon="-0.52935">
        <ele>60</ele>
        <time>2026-05-14T13:02:38+00:00</time>
      </trkpt>
      <trkpt lat="44.8512" lon="-0.52938">
        <ele>60</ele>
        <time>2026-05-14T13:02:39+00:00</time>
      </trkpt>
      <trkpt lat="44.85084" lon="-0.52935">
        <ele>61</ele>
        <time>2026-05-14T13:02:40+00:00</time>
      </trkpt>
      <trkpt lat="44.85084" lon="-0.52935">
        <ele>61</ele>
        <time>2026-05-14T13:02:41+00:00</time>
      </trkpt>
      <trkpt lat="44.85077" lon="-0.52935">
        <ele>62</ele>
        <time>2026-05-14T13:02:42+00:00</time>
      </trkpt>
      <trkpt lat="44.85077" lon="-0.52942">
        <ele>61</ele>
        <time>2026-05-14T13:02:43+00:00</time>
      </trkpt>
      <trkpt lat="44.85074" lon="-0.52944">
        <ele>61</ele>
        <time>2026-05-14T13:02:44+00:00</time>
      </trkpt>
      <trkpt lat="44.85069" lon="-0.52945">
        <ele>61</ele>
        <time>2026-05-14T13:02:45+00:00</time>
      </trkpt>
      <trkpt lat="44.85064" lon="-0.52945">
        <ele>62</ele>
        <time>2026-05-14T13:02:46+00:00</time>
      </trkpt>
      <trkpt lat="44.85056" lon="-0.52939">
        <ele>63</ele>
        <time>2026-05-14T13:02:47+00:00</time>
      </trkpt>
      <trkpt lat="44.85047" lon="-0.52962">
        <ele>62</ele>
        <time>2026-05-14T13:02:48+00:00</time>
      </trkpt>
      <trkpt lat="44.85025" lon="-0.53017">
        <ele>60</ele>
        <time>2026-05-14T13:02:49+00:00</time>
      </trkpt>
      <trkpt lat="44.85023" lon="-0.53026">
        <ele>59</ele>
        <time>2026-05-14T13:02:50+00:00</time>
      </trkpt>
      <trkpt lat="44.85021" lon="-0.53038">
        <ele>59</ele>
        <time>2026-05-14T13:02:51+00:00</time>
      </trkpt>
      <trkpt lat="44.85014" lon="-0.53121">
        <ele>50</ele>
        <time>2026-05-14T13:02:52+00:00</time>
      </trkpt>
      <trkpt lat="44.8501" lon="-0.53131">
        <ele>48</ele>
        <time>2026-05-14T13:02:53+00:00</time>
      </trkpt>
      <trkpt lat="44.84999" lon="-0.53146">
        <ele>47</ele>
        <time>2026-05-14T13:02:54+00:00</time>
      </trkpt>
      <trkpt lat="44.84984" lon="-0.53159">
        <ele>46</ele>
        <time>2026-05-14T13:02:55+00:00</time>
      </trkpt>
      <trkpt lat="44.84956" lon="-0.53174">
        <ele>44</ele>
        <time>2026-05-14T13:02:56+00:00</time>
      </trkpt>
      <trkpt lat="44.84936" lon="-0.53182">
        <ele>42</ele>
        <time>2026-05-14T13:02:57+00:00</time>
      </trkpt>
      <trkpt lat="44.84923" lon="-0.53187">
        <ele>41</ele>
        <time>2026-05-14T13:02:58+00:00</time>
      </trkpt>
      <trkpt lat="44.84901" lon="-0.5319">
        <ele>41</ele>
        <time>2026-05-14T13:02:59+00:00</time>
      </trkpt>
      <trkpt lat="44.84887" lon="-0.53193">
        <ele>41</ele>
        <time>2026-05-14T13:03:00+00:00</time>
      </trkpt>
      <trkpt lat="44.84887" lon="-0.53193">
        <ele>41</ele>
        <time>2026-05-14T13:03:01+00:00</time>
      </trkpt>
      <trkpt lat="44.84873" lon="-0.53196">
        <ele>41</ele>
        <time>2026-05-14T13:03:02+00:00</time>
      </trkpt>
      <trkpt lat="44.84867" lon="-0.53197">
        <ele>41</ele>
        <time>2026-05-14T13:03:03+00:00</time>
      </trkpt>
      <trkpt lat="44.84866" lon="-0.53188">
        <ele>44</ele>
        <time>2026-05-14T13:03:04+00:00</time>
      </trkpt>
      <trkpt lat="44.84856" lon="-0.5319">
        <ele>44</ele>
        <time>2026-05-14T13:03:05+00:00</time>
      </trkpt>
      <trkpt lat="44.8484" lon="-0.5319">
        <ele>45</ele>
        <time>2026-05-14T13:03:06+00:00</time>
      </trkpt>
      <trkpt lat="44.84785" lon="-0.53193">
        <ele>47</ele>
        <time>2026-05-14T13:03:07+00:00</time>
      </trkpt>
      <trkpt lat="44.84748" lon="-0.53192">
        <ele>49</ele>
        <time>2026-05-14T13:03:08+00:00</time>
      </trkpt>
      <trkpt lat="44.84741" lon="-0.53198">
        <ele>46</ele>
        <time>2026-05-14T13:03:09+00:00</time>
      </trkpt>
      <trkpt lat="44.84733" lon="-0.532">
        <ele>45</ele>
        <time>2026-05-14T13:03:10+00:00</time>
      </trkpt>
      <trkpt lat="44.84715" lon="-0.53199">
        <ele>43</ele>
        <time>2026-05-14T13:03:11+00:00</time>
      </trkpt>
      <trkpt lat="44.84708" lon="-0.53198">
        <ele>43</ele>
        <time>2026-05-14T13:03:12+00:00</time>
      </trkpt>
      <trkpt lat="44.84698" lon="-0.53194">
        <ele>43</ele>
        <time>2026-05-14T13:03:13+00:00</time>
      </trkpt>
      <trkpt lat="44.84686" lon="-0.53187">
        <ele>44</ele>
        <time>2026-05-14T13:03:14+00:00</time>
      </trkpt>
      <trkpt lat="44.8468" lon="-0.53181">
        <ele>46</ele>
        <time>2026-05-14T13:03:15+00:00</time>
      </trkpt>
      <trkpt lat="44.84676" lon="-0.5317">
        <ele>49</ele>
        <time>2026-05-14T13:03:16+00:00</time>
      </trkpt>
      <trkpt lat="44.84675" lon="-0.5316">
        <ele>50</ele>
        <time>2026-05-14T13:03:17+00:00</time>
      </trkpt>
      <trkpt lat="44.84675" lon="-0.53137">
        <ele>53</ele>
        <time>2026-05-14T13:03:18+00:00</time>
      </trkpt>
      <trkpt lat="44.84675" lon="-0.53129">
        <ele>54</ele>
        <time>2026-05-14T13:03:19+00:00</time>
      </trkpt>
      <trkpt lat="44.84666" lon="-0.53109">
        <ele>55</ele>
        <time>2026-05-14T13:03:20+00:00</time>
      </trkpt>
      <trkpt lat="44.84659" lon="-0.531">
        <ele>56</ele>
        <time>2026-05-14T13:03:21+00:00</time>
      </trkpt>
      <trkpt lat="44.84646" lon="-0.53089">
        <ele>57</ele>
        <time>2026-05-14T13:03:22+00:00</time>
      </trkpt>
      <trkpt lat="44.84644" lon="-0.53087">
        <ele>57</ele>
        <time>2026-05-14T13:03:23+00:00</time>
      </trkpt>
      <trkpt lat="44.84635" lon="-0.53073">
        <ele>59</ele>
        <time>2026-05-14T13:03:24+00:00</time>
      </trkpt>
      <trkpt lat="44.8463" lon="-0.53062">
        <ele>60</ele>
        <time>2026-05-14T13:03:25+00:00</time>
      </trkpt>
      <trkpt lat="44.84625" lon="-0.53058">
        <ele>60</ele>
        <time>2026-05-14T13:03:26+00:00</time>
      </trkpt>
      <trkpt lat="44.84618" lon="-0.53058">
        <ele>60</ele>
        <time>2026-05-14T13:03:27+00:00</time>
      </trkpt>
      <trkpt lat="44.84591" lon="-0.53062">
        <ele>60</ele>
        <time>2026-05-14T13:03:28+00:00</time>
      </trkpt>
      <trkpt lat="44.8458" lon="-0.53062">
        <ele>59</ele>
        <time>2026-05-14T13:03:29+00:00</time>
      </trkpt>
      <trkpt lat="44.84568" lon="-0.53066">
        <ele>56</ele>
        <time>2026-05-14T13:03:30+00:00</time>
      </trkpt>
      <trkpt lat="44.84558" lon="-0.53065">
        <ele>54</ele>
        <time>2026-05-14T13:03:31+00:00</time>
      </trkpt>
      <trkpt lat="44.8455" lon="-0.53063">
        <ele>53</ele>
        <time>2026-05-14T13:03:32+00:00</time>
      </trkpt>
      <trkpt lat="44.84527" lon="-0.53034">
        <ele>54</ele>
        <time>2026-05-14T13:03:33+00:00</time>
      </trkpt>
      <trkpt lat="44.84509" lon="-0.53016">
        <ele>55</ele>
        <time>2026-05-14T13:03:34+00:00</time>
      </trkpt>
      <trkpt lat="44.84496" lon="-0.53">
        <ele>55</ele>
        <time>2026-05-14T13:03:35+00:00</time>
      </trkpt>
      <trkpt lat="44.84482" lon="-0.5298">
        <ele>51</ele>
        <time>2026-05-14T13:03:36+00:00</time>
      </trkpt>
      <trkpt lat="44.84476" lon="-0.52966">
        <ele>50</ele>
        <time>2026-05-14T13:03:37+00:00</time>
      </trkpt>
      <trkpt lat="44.84471" lon="-0.52938">
        <ele>49</ele>
        <time>2026-05-14T13:03:38+00:00</time>
      </trkpt>
      <trkpt lat="44.84469" lon="-0.52923">
        <ele>50</ele>
        <time>2026-05-14T13:03:39+00:00</time>
      </trkpt>
      <trkpt lat="44.84472" lon="-0.52909">
        <ele>51</ele>
        <time>2026-05-14T13:03:40+00:00</time>
      </trkpt>
      <trkpt lat="44.84474" lon="-0.529">
        <ele>51</ele>
        <time>2026-05-14T13:03:41+00:00</time>
      </trkpt>
      <trkpt lat="44.84479" lon="-0.52888">
        <ele>51</ele>
        <time>2026-05-14T13:03:42+00:00</time>
      </trkpt>
      <trkpt lat="44.84487" lon="-0.52879">
        <ele>53</ele>
        <time>2026-05-14T13:03:43+00:00</time>
      </trkpt>
      <trkpt lat="44.84505" lon="-0.52873">
        <ele>57</ele>
        <time>2026-05-14T13:03:44+00:00</time>
      </trkpt>
      <trkpt lat="44.84508" lon="-0.52856">
        <ele>56</ele>
        <time>2026-05-14T13:03:45+00:00</time>
      </trkpt>
      <trkpt lat="44.84508" lon="-0.52849">
        <ele>55</ele>
        <time>2026-05-14T13:03:46+00:00</time>
      </trkpt>
      <trkpt lat="44.84503" lon="-0.5279">
        <ele>58</ele>
        <time>2026-05-14T13:03:47+00:00</time>
      </trkpt>
      <trkpt lat="44.84496" lon="-0.52791">
        <ele>57</ele>
        <time>2026-05-14T13:03:48+00:00</time>
      </trkpt>
      <trkpt lat="44.84484" lon="-0.52785">
        <ele>54</ele>
        <time>2026-05-14T13:03:49+00:00</time>
      </trkpt>
      <trkpt lat="44.84466" lon="-0.52772">
        <ele>50</ele>
        <time>2026-05-14T13:03:50+00:00</time>
      </trkpt>
      <trkpt lat="44.84462" lon="-0.52768">
        <ele>50</ele>
        <time>2026-05-14T13:03:51+00:00</time>
      </trkpt>
      <trkpt lat="44.84454" lon="-0.5276">
        <ele>48</ele>
        <time>2026-05-14T13:03:52+00:00</time>
      </trkpt>
      <trkpt lat="44.84451" lon="-0.52751">
        <ele>48</ele>
        <time>2026-05-14T13:03:53+00:00</time>
      </trkpt>
      <trkpt lat="44.84451" lon="-0.52746">
        <ele>48</ele>
        <time>2026-05-14T13:03:54+00:00</time>
      </trkpt>
      <trkpt lat="44.84451" lon="-0.52739">
        <ele>47</ele>
        <time>2026-05-14T13:03:55+00:00</time>
      </trkpt>
      <trkpt lat="44.84455" lon="-0.52724">
        <ele>48</ele>
        <time>2026-05-14T13:03:56+00:00</time>
      </trkpt>
      <trkpt lat="44.84459" lon="-0.52714">
        <ele>48</ele>
        <time>2026-05-14T13:03:57+00:00</time>
      </trkpt>
      <trkpt lat="44.84468" lon="-0.52708">
        <ele>51</ele>
        <time>2026-05-14T13:03:58+00:00</time>
      </trkpt>
      <trkpt lat="44.84478" lon="-0.52705">
        <ele>53</ele>
        <time>2026-05-14T13:03:59+00:00</time>
      </trkpt>
      <trkpt lat="44.84487" lon="-0.52698">
        <ele>55</ele>
        <time>2026-05-14T13:04:00+00:00</time>
      </trkpt>
      <trkpt lat="44.84499" lon="-0.52676">
        <ele>57</ele>
        <time>2026-05-14T13:04:01+00:00</time>
      </trkpt>
      <trkpt lat="44.84507" lon="-0.52641">
        <ele>53</ele>
        <time>2026-05-14T13:04:02+00:00</time>
      </trkpt>
      <trkpt lat="44.84511" lon="-0.52639">
        <ele>52</ele>
        <time>2026-05-14T13:04:03+00:00</time>
      </trkpt>
      <trkpt lat="44.84519" lon="-0.52634">
        <ele>51</ele>
        <time>2026-05-14T13:04:04+00:00</time>
      </trkpt>
      <trkpt lat="44.84528" lon="-0.5263">
        <ele>51</ele>
        <time>2026-05-14T13:04:05+00:00</time>
      </trkpt>
      <trkpt lat="44.84538" lon="-0.52629">
        <ele>50</ele>
        <time>2026-05-14T13:04:06+00:00</time>
      </trkpt>
      <trkpt lat="44.84554" lon="-0.5263">
        <ele>50</ele>
        <time>2026-05-14T13:04:07+00:00</time>
      </trkpt>
      <trkpt lat="44.84563" lon="-0.52632">
        <ele>50</ele>
        <time>2026-05-14T13:04:08+00:00</time>
      </trkpt>
      <trkpt lat="44.8457" lon="-0.52634">
        <ele>51</ele>
        <time>2026-05-14T13:04:09+00:00</time>
      </trkpt>
      <trkpt lat="44.84578" lon="-0.52632">
        <ele>50</ele>
        <time>2026-05-14T13:04:10+00:00</time>
      </trkpt>
      <trkpt lat="44.84586" lon="-0.52629">
        <ele>50</ele>
        <time>2026-05-14T13:04:11+00:00</time>
      </trkpt>
      <trkpt lat="44.84613" lon="-0.52606">
        <ele>48</ele>
        <time>2026-05-14T13:04:12+00:00</time>
      </trkpt>
      <trkpt lat="44.8463" lon="-0.52594">
        <ele>47</ele>
        <time>2026-05-14T13:04:13+00:00</time>
      </trkpt>
      <trkpt lat="44.84638" lon="-0.52591">
        <ele>47</ele>
        <time>2026-05-14T13:04:14+00:00</time>
      </trkpt>
      <trkpt lat="44.84648" lon="-0.52592">
        <ele>48</ele>
        <time>2026-05-14T13:04:15+00:00</time>
      </trkpt>
      <trkpt lat="44.84654" lon="-0.52595">
        <ele>48</ele>
        <time>2026-05-14T13:04:16+00:00</time>
      </trkpt>
      <trkpt lat="44.84662" lon="-0.52598">
        <ele>49</ele>
        <time>2026-05-14T13:04:17+00:00</time>
      </trkpt>
      <trkpt lat="44.8467" lon="-0.52596">
        <ele>49</ele>
        <time>2026-05-14T13:04:18+00:00</time>
      </trkpt>
      <trkpt lat="44.84677" lon="-0.52595">
        <ele>50</ele>
        <time>2026-05-14T13:04:19+00:00</time>
      </trkpt>
      <trkpt lat="44.84684" lon="-0.5259">
        <ele>50</ele>
        <time>2026-05-14T13:04:20+00:00</time>
      </trkpt>
      <trkpt lat="44.84689" lon="-0.52583">
        <ele>50</ele>
        <time>2026-05-14T13:04:21+00:00</time>
      </trkpt>
      <trkpt lat="44.84696" lon="-0.52563">
        <ele>51</ele>
        <time>2026-05-14T13:04:22+00:00</time>
      </trkpt>
      <trkpt lat="44.84698" lon="-0.5256">
        <ele>51</ele>
        <time>2026-05-14T13:04:23+00:00</time>
      </trkpt>
      <trkpt lat="44.84701" lon="-0.52558">
        <ele>51</ele>
        <time>2026-05-14T13:04:24+00:00</time>
      </trkpt>
      <trkpt lat="44.84705" lon="-0.52559">
        <ele>52</ele>
        <time>2026-05-14T13:04:25+00:00</time>
      </trkpt>
      <trkpt lat="44.84711" lon="-0.52558">
        <ele>52</ele>
        <time>2026-05-14T13:04:26+00:00</time>
      </trkpt>
      <trkpt lat="44.84718" lon="-0.52555">
        <ele>53</ele>
        <time>2026-05-14T13:04:27+00:00</time>
      </trkpt>
      <trkpt lat="44.84724" lon="-0.52549">
        <ele>54</ele>
        <time>2026-05-14T13:04:28+00:00</time>
      </trkpt>
      <trkpt lat="44.84718" lon="-0.52555">
        <ele>53</ele>
        <time>2026-05-14T13:04:29+00:00</time>
      </trkpt>
      <trkpt lat="44.84711" lon="-0.52558">
        <ele>52</ele>
        <time>2026-05-14T13:04:30+00:00</time>
      </trkpt>
      <trkpt lat="44.84705" lon="-0.52559">
        <ele>52</ele>
        <time>2026-05-14T13:04:31+00:00</time>
      </trkpt>
      <trkpt lat="44.84701" lon="-0.52558">
        <ele>51</ele>
        <time>2026-05-14T13:04:32+00:00</time>
      </trkpt>
      <trkpt lat="44.84698" lon="-0.5256">
        <ele>51</ele>
        <time>2026-05-14T13:04:33+00:00</time>
      </trkpt>
      <trkpt lat="44.84696" lon="-0.52563">
        <ele>51</ele>
        <time>2026-05-14T13:04:34+00:00</time>
      </trkpt>
      <trkpt lat="44.84689" lon="-0.52583">
        <ele>50</ele>
        <time>2026-05-14T13:04:35+00:00</time>
      </trkpt>
      <trkpt lat="44.84684" lon="-0.5259">
        <ele>50</ele>
        <time>2026-05-14T13:04:36+00:00</time>
      </trkpt>
      <trkpt lat="44.84677" lon="-0.52595">
        <ele>50</ele>
        <time>2026-05-14T13:04:37+00:00</time>
      </trkpt>
      <trkpt lat="44.8467" lon="-0.52596">
        <ele>49</ele>
        <time>2026-05-14T13:04:38+00:00</time>
      </trkpt>
      <trkpt lat="44.84662" lon="-0.52598">
        <ele>49</ele>
        <time>2026-05-14T13:04:39+00:00</time>
      </trkpt>
      <trkpt lat="44.84654" lon="-0.52595">
        <ele>48</ele>
        <time>2026-05-14T13:04:40+00:00</time>
      </trkpt>
      <trkpt lat="44.84655" lon="-0.52584">
        <ele>47</ele>
        <time>2026-05-14T13:04:41+00:00</time>
      </trkpt>
      <trkpt lat="44.84651" lon="-0.52552">
        <ele>47</ele>
        <time>2026-05-14T13:04:42+00:00</time>
      </trkpt>
      <trkpt lat="44.84651" lon="-0.52532">
        <ele>47</ele>
        <time>2026-05-14T13:04:43+00:00</time>
      </trkpt>
      <trkpt lat="44.84649" lon="-0.5253">
        <ele>46</ele>
        <time>2026-05-14T13:04:44+00:00</time>
      </trkpt>
      <trkpt lat="44.84586" lon="-0.52537">
        <ele>42</ele>
        <time>2026-05-14T13:04:45+00:00</time>
      </trkpt>
      <trkpt lat="44.84569" lon="-0.5254">
        <ele>42</ele>
        <time>2026-05-14T13:04:46+00:00</time>
      </trkpt>
      <trkpt lat="44.84535" lon="-0.52546">
        <ele>42</ele>
        <time>2026-05-14T13:04:47+00:00</time>
      </trkpt>
      <trkpt lat="44.84452" lon="-0.52584">
        <ele>34</ele>
        <time>2026-05-14T13:04:48+00:00</time>
      </trkpt>
      <trkpt lat="44.84437" lon="-0.52584">
        <ele>31</ele>
        <time>2026-05-14T13:04:49+00:00</time>
      </trkpt>
      <trkpt lat="44.84423" lon="-0.52601">
        <ele>30</ele>
        <time>2026-05-14T13:04:50+00:00</time>
      </trkpt>
      <trkpt lat="44.84418" lon="-0.52604">
        <ele>29</ele>
        <time>2026-05-14T13:04:51+00:00</time>
      </trkpt>
      <trkpt lat="44.84415" lon="-0.52604">
        <ele>29</ele>
        <time>2026-05-14T13:04:52+00:00</time>
      </trkpt>
      <trkpt lat="44.84409" lon="-0.52601">
        <ele>29</ele>
        <time>2026-05-14T13:04:53+00:00</time>
      </trkpt>
      <trkpt lat="44.84404" lon="-0.52618">
        <ele>30</ele>
        <time>2026-05-14T13:04:54+00:00</time>
      </trkpt>
      <trkpt lat="44.84389" lon="-0.52663">
        <ele>33</ele>
        <time>2026-05-14T13:04:55+00:00</time>
      </trkpt>
      <trkpt lat="44.8438" lon="-0.527">
        <ele>33</ele>
        <time>2026-05-14T13:04:56+00:00</time>
      </trkpt>
      <trkpt lat="44.84378" lon="-0.5272">
        <ele>33</ele>
        <time>2026-05-14T13:04:57+00:00</time>
      </trkpt>
      <trkpt lat="44.84376" lon="-0.52741">
        <ele>33</ele>
        <time>2026-05-14T13:04:58+00:00</time>
      </trkpt>
      <trkpt lat="44.84376" lon="-0.52762">
        <ele>33</ele>
        <time>2026-05-14T13:04:59+00:00</time>
      </trkpt>
      <trkpt lat="44.84376" lon="-0.52783">
        <ele>32</ele>
        <time>2026-05-14T13:05:00+00:00</time>
      </trkpt>
      <trkpt lat="44.8438" lon="-0.52852">
        <ele>30</ele>
        <time>2026-05-14T13:05:01+00:00</time>
      </trkpt>
      <trkpt lat="44.84381" lon="-0.52898">
        <ele>27</ele>
        <time>2026-05-14T13:05:02+00:00</time>
      </trkpt>
      <trkpt lat="44.84375" lon="-0.52898">
        <ele>26</ele>
        <time>2026-05-14T13:05:03+00:00</time>
      </trkpt>
      <trkpt lat="44.84376" lon="-0.52922">
        <ele>25</ele>
        <time>2026-05-14T13:05:04+00:00</time>
      </trkpt>
      <trkpt lat="44.84371" lon="-0.52924">
        <ele>24</ele>
        <time>2026-05-14T13:05:05+00:00</time>
      </trkpt>
      <trkpt lat="44.84365" lon="-0.52928">
        <ele>22</ele>
        <time>2026-05-14T13:05:06+00:00</time>
      </trkpt>
      <trkpt lat="44.84372" lon="-0.52957">
        <ele>21</ele>
        <time>2026-05-14T13:05:07+00:00</time>
      </trkpt>
      <trkpt lat="44.84369" lon="-0.52963">
        <ele>20</ele>
        <time>2026-05-14T13:05:08+00:00</time>
      </trkpt>
      <trkpt lat="44.84365" lon="-0.52969">
        <ele>19</ele>
        <time>2026-05-14T13:05:09+00:00</time>
      </trkpt>
      <trkpt lat="44.84364" lon="-0.52972">
        <ele>18</ele>
        <time>2026-05-14T13:05:10+00:00</time>
      </trkpt>
      <trkpt lat="44.84366" lon="-0.52987">
        <ele>18</ele>
        <time>2026-05-14T13:05:11+00:00</time>
      </trkpt>
      <trkpt lat="44.84365" lon="-0.53004">
        <ele>16</ele>
        <time>2026-05-14T13:05:12+00:00</time>
      </trkpt>
      <trkpt lat="44.84359" lon="-0.53036">
        <ele>13</ele>
        <time>2026-05-14T13:05:13+00:00</time>
      </trkpt>
      <trkpt lat="44.84356" lon="-0.53042">
        <ele>12</ele>
        <time>2026-05-14T13:05:14+00:00</time>
      </trkpt>
      <trkpt lat="44.8435" lon="-0.53051">
        <ele>11</ele>
        <time>2026-05-14T13:05:15+00:00</time>
      </trkpt>
      <trkpt lat="44.8435" lon="-0.53057">
        <ele>11</ele>
        <time>2026-05-14T13:05:16+00:00</time>
      </trkpt>
      <trkpt lat="44.84347" lon="-0.53058">
        <ele>10</ele>
        <time>2026-05-14T13:05:17+00:00</time>
      </trkpt>
      <trkpt lat="44.84301" lon="-0.53059">
        <ele>10</ele>
        <time>2026-05-14T13:05:18+00:00</time>
      </trkpt>
      <trkpt lat="44.84297" lon="-0.5306">
        <ele>10</ele>
        <time>2026-05-14T13:05:19+00:00</time>
      </trkpt>
      <trkpt lat="44.84251" lon="-0.53061">
        <ele>10</ele>
        <time>2026-05-14T13:05:20+00:00</time>
      </trkpt>
      <trkpt lat="44.84196" lon="-0.53063">
        <ele>11</ele>
        <time>2026-05-14T13:05:21+00:00</time>
      </trkpt>
      <trkpt lat="44.84145" lon="-0.53065">
        <ele>11</ele>
        <time>2026-05-14T13:05:22+00:00</time>
      </trkpt>
      <trkpt lat="44.84146" lon="-0.53075">
        <ele>9</ele>
        <time>2026-05-14T13:05:23+00:00</time>
      </trkpt>
      <trkpt lat="44.84087" lon="-0.53084">
        <ele>6</ele>
        <time>2026-05-14T13:05:24+00:00</time>
      </trkpt>
      <trkpt lat="44.84085" lon="-0.53092">
        <ele>6</ele>
        <time>2026-05-14T13:05:25+00:00</time>
      </trkpt>
      <trkpt lat="44.84082" lon="-0.53092">
        <ele>6</ele>
        <time>2026-05-14T13:05:26+00:00</time>
      </trkpt>
      <trkpt lat="44.84082" lon="-0.53076">
        <ele>8</ele>
        <time>2026-05-14T13:05:27+00:00</time>
      </trkpt>
      <trkpt lat="44.84074" lon="-0.52991">
        <ele>30</ele>
        <time>2026-05-14T13:05:28+00:00</time>
      </trkpt>
      <trkpt lat="44.84063" lon="-0.52973">
        <ele>35</ele>
        <time>2026-05-14T13:05:29+00:00</time>
      </trkpt>
      <trkpt lat="44.8405" lon="-0.52965">
        <ele>36</ele>
        <time>2026-05-14T13:05:30+00:00</time>
      </trkpt>
      <trkpt lat="44.83984" lon="-0.5294">
        <ele>36</ele>
        <time>2026-05-14T13:05:31+00:00</time>
      </trkpt>
      <trkpt lat="44.83942" lon="-0.52901">
        <ele>44</ele>
        <time>2026-05-14T13:05:32+00:00</time>
      </trkpt>
      <trkpt lat="44.83912" lon="-0.5288">
        <ele>46</ele>
        <time>2026-05-14T13:05:33+00:00</time>
      </trkpt>
      <trkpt lat="44.83904" lon="-0.5288">
        <ele>46</ele>
        <time>2026-05-14T13:05:34+00:00</time>
      </trkpt>
      <trkpt lat="44.83863" lon="-0.52878">
        <ele>44</ele>
        <time>2026-05-14T13:05:35+00:00</time>
      </trkpt>
      <trkpt lat="44.8384" lon="-0.52883">
        <ele>41</ele>
        <time>2026-05-14T13:05:36+00:00</time>
      </trkpt>
      <trkpt lat="44.83827" lon="-0.52893">
        <ele>37</ele>
        <time>2026-05-14T13:05:37+00:00</time>
      </trkpt>
      <trkpt lat="44.83816" lon="-0.52892">
        <ele>38</ele>
        <time>2026-05-14T13:05:38+00:00</time>
      </trkpt>
      <trkpt lat="44.8381" lon="-0.52883">
        <ele>41</ele>
        <time>2026-05-14T13:05:39+00:00</time>
      </trkpt>
      <trkpt lat="44.83762" lon="-0.52884">
        <ele>43</ele>
        <time>2026-05-14T13:05:40+00:00</time>
      </trkpt>
      <trkpt lat="44.83726" lon="-0.52889">
        <ele>41</ele>
        <time>2026-05-14T13:05:41+00:00</time>
      </trkpt>
      <trkpt lat="44.83707" lon="-0.52884">
        <ele>43</ele>
        <time>2026-05-14T13:05:42+00:00</time>
      </trkpt>
      <trkpt lat="44.83681" lon="-0.52883">
        <ele>42</ele>
        <time>2026-05-14T13:05:43+00:00</time>
      </trkpt>
      <trkpt lat="44.83667" lon="-0.52879">
        <ele>43</ele>
        <time>2026-05-14T13:05:44+00:00</time>
      </trkpt>
      <trkpt lat="44.8365" lon="-0.52888">
        <ele>41</ele>
        <time>2026-05-14T13:05:45+00:00</time>
      </trkpt>
      <trkpt lat="44.8364" lon="-0.52868">
        <ele>47</ele>
        <time>2026-05-14T13:05:46+00:00</time>
      </trkpt>
      <trkpt lat="44.83644" lon="-0.52858">
        <ele>50</ele>
        <time>2026-05-14T13:05:47+00:00</time>
      </trkpt>
      <trkpt lat="44.83647" lon="-0.52805">
        <ele>61</ele>
        <time>2026-05-14T13:05:48+00:00</time>
      </trkpt>
      <trkpt lat="44.83648" lon="-0.52792">
        <ele>63</ele>
        <time>2026-05-14T13:05:49+00:00</time>
      </trkpt>
      <trkpt lat="44.83648" lon="-0.52775">
        <ele>66</ele>
        <time>2026-05-14T13:05:50+00:00</time>
      </trkpt>
      <trkpt lat="44.83664" lon="-0.52667">
        <ele>74</ele>
        <time>2026-05-14T13:05:51+00:00</time>
      </trkpt>
      <trkpt lat="44.83669" lon="-0.52633">
        <ele>72</ele>
        <time>2026-05-14T13:05:52+00:00</time>
      </trkpt>
      <trkpt lat="44.83672" lon="-0.5256">
        <ele>69</ele>
        <time>2026-05-14T13:05:53+00:00</time>
      </trkpt>
      <trkpt lat="44.83674" lon="-0.52519">
        <ele>67</ele>
        <time>2026-05-14T13:05:54+00:00</time>
      </trkpt>
      <trkpt lat="44.83678" lon="-0.52471">
        <ele>66</ele>
        <time>2026-05-14T13:05:55+00:00</time>
      </trkpt>
      <trkpt lat="44.83686" lon="-0.52441">
        <ele>65</ele>
        <time>2026-05-14T13:05:56+00:00</time>
      </trkpt>
      <trkpt lat="44.8369" lon="-0.52425">
        <ele>65</ele>
        <time>2026-05-14T13:05:57+00:00</time>
      </trkpt>
      <trkpt lat="44.8369" lon="-0.52417">
        <ele>64</ele>
        <time>2026-05-14T13:05:58+00:00</time>
      </trkpt>
      <trkpt lat="44.8367" lon="-0.52411">
        <ele>65</ele>
        <time>2026-05-14T13:05:59+00:00</time>
      </trkpt>
      <trkpt lat="44.83666" lon="-0.52409">
        <ele>65</ele>
        <time>2026-05-14T13:06:00+00:00</time>
      </trkpt>
      <trkpt lat="44.83649" lon="-0.52399">
        <ele>64</ele>
        <time>2026-05-14T13:06:01+00:00</time>
      </trkpt>
      <trkpt lat="44.83642" lon="-0.52391">
        <ele>64</ele>
        <time>2026-05-14T13:06:02+00:00</time>
      </trkpt>
      <trkpt lat="44.83613" lon="-0.52365">
        <ele>62</ele>
        <time>2026-05-14T13:06:03+00:00</time>
      </trkpt>
      <trkpt lat="44.83607" lon="-0.5236">
        <ele>62</ele>
        <time>2026-05-14T13:06:04+00:00</time>
      </trkpt>
      <trkpt lat="44.83602" lon="-0.52357">
        <ele>62</ele>
        <time>2026-05-14T13:06:05+00:00</time>
      </trkpt>
      <trkpt lat="44.83557" lon="-0.52345">
        <ele>60</ele>
        <time>2026-05-14T13:06:06+00:00</time>
      </trkpt>
      <trkpt lat="44.83546" lon="-0.52342">
        <ele>59</ele>
        <time>2026-05-14T13:06:07+00:00</time>
      </trkpt>
      <trkpt lat="44.83541" lon="-0.52339">
        <ele>59</ele>
        <time>2026-05-14T13:06:08+00:00</time>
      </trkpt>
      <trkpt lat="44.83533" lon="-0.52329">
        <ele>59</ele>
        <time>2026-05-14T13:06:09+00:00</time>
      </trkpt>
      <trkpt lat="44.83531" lon="-0.52324">
        <ele>59</ele>
        <time>2026-05-14T13:06:10+00:00</time>
      </trkpt>
      <trkpt lat="44.83529" lon="-0.52314">
        <ele>58</ele>
        <time>2026-05-14T13:06:11+00:00</time>
      </trkpt>
      <trkpt lat="44.83529" lon="-0.52308">
        <ele>58</ele>
        <time>2026-05-14T13:06:12+00:00</time>
      </trkpt>
      <trkpt lat="44.83537" lon="-0.52222">
        <ele>55</ele>
        <time>2026-05-14T13:06:13+00:00</time>
      </trkpt>
      <trkpt lat="44.83538" lon="-0.52217">
        <ele>54</ele>
        <time>2026-05-14T13:06:14+00:00</time>
      </trkpt>
      <trkpt lat="44.83548" lon="-0.52203">
        <ele>54</ele>
        <time>2026-05-14T13:06:15+00:00</time>
      </trkpt>
      <trkpt lat="44.83549" lon="-0.52197">
        <ele>53</ele>
        <time>2026-05-14T13:06:16+00:00</time>
      </trkpt>
      <trkpt lat="44.83549" lon="-0.52191">
        <ele>53</ele>
        <time>2026-05-14T13:06:17+00:00</time>
      </trkpt>
      <trkpt lat="44.83546" lon="-0.52184">
        <ele>52</ele>
        <time>2026-05-14T13:06:18+00:00</time>
      </trkpt>
      <trkpt lat="44.83551" lon="-0.5218">
        <ele>52</ele>
        <time>2026-05-14T13:06:19+00:00</time>
      </trkpt>
      <trkpt lat="44.83556" lon="-0.52177">
        <ele>52</ele>
        <time>2026-05-14T13:06:20+00:00</time>
      </trkpt>
      <trkpt lat="44.83582" lon="-0.5217">
        <ele>52</ele>
        <time>2026-05-14T13:06:21+00:00</time>
      </trkpt>
      <trkpt lat="44.83622" lon="-0.52161">
        <ele>55</ele>
        <time>2026-05-14T13:06:22+00:00</time>
      </trkpt>
      <trkpt lat="44.83621" lon="-0.52138">
        <ele>54</ele>
        <time>2026-05-14T13:06:23+00:00</time>
      </trkpt>
      <trkpt lat="44.83615" lon="-0.52128">
        <ele>53</ele>
        <time>2026-05-14T13:06:24+00:00</time>
      </trkpt>
      <trkpt lat="44.836" lon="-0.52104">
        <ele>51</ele>
        <time>2026-05-14T13:06:25+00:00</time>
      </trkpt>
      <trkpt lat="44.83566" lon="-0.52055">
        <ele>48</ele>
        <time>2026-05-14T13:06:26+00:00</time>
      </trkpt>
      <trkpt lat="44.83558" lon="-0.5205">
        <ele>47</ele>
        <time>2026-05-14T13:06:27+00:00</time>
      </trkpt>
      <trkpt lat="44.83535" lon="-0.52023">
        <ele>43</ele>
        <time>2026-05-14T13:06:28+00:00</time>
      </trkpt>
      <trkpt lat="44.83523" lon="-0.51999">
        <ele>39</ele>
        <time>2026-05-14T13:06:29+00:00</time>
      </trkpt>
      <trkpt lat="44.83518" lon="-0.51985">
        <ele>37</ele>
        <time>2026-05-14T13:06:30+00:00</time>
      </trkpt>
      <trkpt lat="44.83511" lon="-0.51959">
        <ele>34</ele>
        <time>2026-05-14T13:06:31+00:00</time>
      </trkpt>
      <trkpt lat="44.83508" lon="-0.51945">
        <ele>33</ele>
        <time>2026-05-14T13:06:32+00:00</time>
      </trkpt>
      <trkpt lat="44.83506" lon="-0.51935">
        <ele>32</ele>
        <time>2026-05-14T13:06:33+00:00</time>
      </trkpt>
      <trkpt lat="44.835" lon="-0.51927">
        <ele>30</ele>
        <time>2026-05-14T13:06:34+00:00</time>
      </trkpt>
      <trkpt lat="44.83492" lon="-0.51922">
        <ele>31</ele>
        <time>2026-05-14T13:06:35+00:00</time>
      </trkpt>
      <trkpt lat="44.83486" lon="-0.51915">
        <ele>31</ele>
        <time>2026-05-14T13:06:36+00:00</time>
      </trkpt>
      <trkpt lat="44.83475" lon="-0.5193">
        <ele>31</ele>
        <time>2026-05-14T13:06:37+00:00</time>
      </trkpt>
      <trkpt lat="44.83454" lon="-0.51957">
        <ele>31</ele>
        <time>2026-05-14T13:06:38+00:00</time>
      </trkpt>
      <trkpt lat="44.83436" lon="-0.51982">
        <ele>30</ele>
        <time>2026-05-14T13:06:39+00:00</time>
      </trkpt>
      <trkpt lat="44.83434" lon="-0.51986">
        <ele>30</ele>
        <time>2026-05-14T13:06:40+00:00</time>
      </trkpt>
      <trkpt lat="44.83432" lon="-0.51993">
        <ele>29</ele>
        <time>2026-05-14T13:06:41+00:00</time>
      </trkpt>
      <trkpt lat="44.83432" lon="-0.51998">
        <ele>29</ele>
        <time>2026-05-14T13:06:42+00:00</time>
      </trkpt>
      <trkpt lat="44.8343" lon="-0.52002">
        <ele>29</ele>
        <time>2026-05-14T13:06:43+00:00</time>
      </trkpt>
      <trkpt lat="44.83428" lon="-0.52006">
        <ele>29</ele>
        <time>2026-05-14T13:06:44+00:00</time>
      </trkpt>
      <trkpt lat="44.83425" lon="-0.52008">
        <ele>29</ele>
        <time>2026-05-14T13:06:45+00:00</time>
      </trkpt>
      <trkpt lat="44.8342" lon="-0.52012">
        <ele>28</ele>
        <time>2026-05-14T13:06:46+00:00</time>
      </trkpt>
      <trkpt lat="44.83418" lon="-0.52017">
        <ele>28</ele>
        <time>2026-05-14T13:06:47+00:00</time>
      </trkpt>
      <trkpt lat="44.83413" lon="-0.52013">
        <ele>28</ele>
        <time>2026-05-14T13:06:48+00:00</time>
      </trkpt>
      <trkpt lat="44.83397" lon="-0.52053">
        <ele>29</ele>
        <time>2026-05-14T13:06:49+00:00</time>
      </trkpt>
      <trkpt lat="44.8339" lon="-0.52067">
        <ele>30</ele>
        <time>2026-05-14T13:06:50+00:00</time>
      </trkpt>
      <trkpt lat="44.83366" lon="-0.52046">
        <ele>31</ele>
        <time>2026-05-14T13:06:51+00:00</time>
      </trkpt>
      <trkpt lat="44.83342" lon="-0.5203">
        <ele>33</ele>
        <time>2026-05-14T13:06:52+00:00</time>
      </trkpt>
      <trkpt lat="44.83333" lon="-0.52022">
        <ele>34</ele>
        <time>2026-05-14T13:06:53+00:00</time>
      </trkpt>
      <trkpt lat="44.8332" lon="-0.52011">
        <ele>37</ele>
        <time>2026-05-14T13:06:54+00:00</time>
      </trkpt>
      <trkpt lat="44.8332" lon="-0.52011">
        <ele>37</ele>
        <time>2026-05-14T13:06:55+00:00</time>
      </trkpt>
      <trkpt lat="44.83322" lon="-0.52025">
        <ele>36</ele>
        <time>2026-05-14T13:06:56+00:00</time>
      </trkpt>
      <trkpt lat="44.83309" lon="-0.52071">
        <ele>35</ele>
        <time>2026-05-14T13:06:57+00:00</time>
      </trkpt>
      <trkpt lat="44.83294" lon="-0.52121">
        <ele>36</ele>
        <time>2026-05-14T13:06:58+00:00</time>
      </trkpt>
      <trkpt lat="44.83291" lon="-0.5213">
        <ele>36</ele>
        <time>2026-05-14T13:06:59+00:00</time>
      </trkpt>
      <trkpt lat="44.8327" lon="-0.52172">
        <ele>37</ele>
        <time>2026-05-14T13:07:00+00:00</time>
      </trkpt>
      <trkpt lat="44.83245" lon="-0.52203">
        <ele>35</ele>
        <time>2026-05-14T13:07:01+00:00</time>
      </trkpt>
      <trkpt lat="44.83219" lon="-0.52243">
        <ele>34</ele>
        <time>2026-05-14T13:07:02+00:00</time>
      </trkpt>
      <trkpt lat="44.83199" lon="-0.52285">
        <ele>32</ele>
        <time>2026-05-14T13:07:03+00:00</time>
      </trkpt>
      <trkpt lat="44.83187" lon="-0.5228">
        <ele>35</ele>
        <time>2026-05-14T13:07:04+00:00</time>
      </trkpt>
      <trkpt lat="44.83174" lon="-0.52287">
        <ele>36</ele>
        <time>2026-05-14T13:07:05+00:00</time>
      </trkpt>
      <trkpt lat="44.83162" lon="-0.52316">
        <ele>32</ele>
        <time>2026-05-14T13:07:06+00:00</time>
      </trkpt>
      <trkpt lat="44.83157" lon="-0.52328">
        <ele>30</ele>
        <time>2026-05-14T13:07:07+00:00</time>
      </trkpt>
      <trkpt lat="44.83152" lon="-0.52336">
        <ele>30</ele>
        <time>2026-05-14T13:07:08+00:00</time>
      </trkpt>
      <trkpt lat="44.83144" lon="-0.52352">
        <ele>29</ele>
        <time>2026-05-14T13:07:09+00:00</time>
      </trkpt>
      <trkpt lat="44.83121" lon="-0.52381">
        <ele>28</ele>
        <time>2026-05-14T13:07:10+00:00</time>
      </trkpt>
      <trkpt lat="44.83085" lon="-0.52409">
        <ele>29</ele>
        <time>2026-05-14T13:07:11+00:00</time>
      </trkpt>
      <trkpt lat="44.83071" lon="-0.52445">
        <ele>24</ele>
        <time>2026-05-14T13:07:12+00:00</time>
      </trkpt>
      <trkpt lat="44.83082" lon="-0.52447">
        <ele>23</ele>
        <time>2026-05-14T13:07:13+00:00</time>
      </trkpt>
      <trkpt lat="44.83109" lon="-0.5241">
        <ele>25</ele>
        <time>2026-05-14T13:07:14+00:00</time>
      </trkpt>
      <trkpt lat="44.8311" lon="-0.52409">
        <ele>25</ele>
        <time>2026-05-14T13:07:15+00:00</time>
      </trkpt>
      <trkpt lat="44.83113" lon="-0.5241">
        <ele>25</ele>
        <time>2026-05-14T13:07:16+00:00</time>
      </trkpt>
      <trkpt lat="44.83112" lon="-0.52415">
        <ele>24</ele>
        <time>2026-05-14T13:07:17+00:00</time>
      </trkpt>
      <trkpt lat="44.83089" lon="-0.52461">
        <ele>21</ele>
        <time>2026-05-14T13:07:18+00:00</time>
      </trkpt>
      <trkpt lat="44.83087" lon="-0.5247">
        <ele>20</ele>
        <time>2026-05-14T13:07:19+00:00</time>
      </trkpt>
      <trkpt lat="44.83089" lon="-0.52486">
        <ele>17</ele>
        <time>2026-05-14T13:07:20+00:00</time>
      </trkpt>
      <trkpt lat="44.83101" lon="-0.52503">
        <ele>17</ele>
        <time>2026-05-14T13:07:21+00:00</time>
      </trkpt>
      <trkpt lat="44.83108" lon="-0.52527">
        <ele>17</ele>
        <time>2026-05-14T13:07:22+00:00</time>
      </trkpt>
      <trkpt lat="44.83104" lon="-0.5253">
        <ele>16</ele>
        <time>2026-05-14T13:07:23+00:00</time>
      </trkpt>
      <trkpt lat="44.83089" lon="-0.52559">
        <ele>12</ele>
        <time>2026-05-14T13:07:24+00:00</time>
      </trkpt>
      <trkpt lat="44.83073" lon="-0.52583">
        <ele>10</ele>
        <time>2026-05-14T13:07:25+00:00</time>
      </trkpt>
      <trkpt lat="44.83064" lon="-0.52591">
        <ele>9</ele>
        <time>2026-05-14T13:07:26+00:00</time>
      </trkpt>
      <trkpt lat="44.83054" lon="-0.52599">
        <ele>9</ele>
        <time>2026-05-14T13:07:27+00:00</time>
      </trkpt>
      <trkpt lat="44.8304" lon="-0.52606">
        <ele>8</ele>
        <time>2026-05-14T13:07:28+00:00</time>
      </trkpt>
      <trkpt lat="44.83035" lon="-0.52607">
        <ele>8</ele>
        <time>2026-05-14T13:07:29+00:00</time>
      </trkpt>
      <trkpt lat="44.83037" lon="-0.52616">
        <ele>8</ele>
        <time>2026-05-14T13:07:30+00:00</time>
      </trkpt>
      <trkpt lat="44.83047" lon="-0.52643">
        <ele>8</ele>
        <time>2026-05-14T13:07:31+00:00</time>
      </trkpt>
      <trkpt lat="44.83057" lon="-0.52661">
        <ele>7</ele>
        <time>2026-05-14T13:07:32+00:00</time>
      </trkpt>
      <trkpt lat="44.83057" lon="-0.52661">
        <ele>7</ele>
        <time>2026-05-14T13:07:33+00:00</time>
      </trkpt>
      <trkpt lat="44.83064" lon="-0.52673">
        <ele>7</ele>
        <time>2026-05-14T13:07:34+00:00</time>
      </trkpt>
      <trkpt lat="44.83049" lon="-0.5269">
        <ele>7</ele>
        <time>2026-05-14T13:07:35+00:00</time>
      </trkpt>
      <trkpt lat="44.83018" lon="-0.52723">
        <ele>8</ele>
        <time>2026-05-14T13:07:36+00:00</time>
      </trkpt>
      <trkpt lat="44.83009" lon="-0.52732">
        <ele>8</ele>
        <time>2026-05-14T13:07:37+00:00</time>
      </trkpt>
      <trkpt lat="44.82999" lon="-0.52746">
        <ele>8</ele>
        <time>2026-05-14T13:07:38+00:00</time>
      </trkpt>
      <trkpt lat="44.82991" lon="-0.5276">
        <ele>7</ele>
        <time>2026-05-14T13:07:39+00:00</time>
      </trkpt>
      <trkpt lat="44.82972" lon="-0.52796">
        <ele>6</ele>
        <time>2026-05-14T13:07:40+00:00</time>
      </trkpt>
      <trkpt lat="44.83004" lon="-0.52835">
        <ele>6</ele>
        <time>2026-05-14T13:07:41+00:00</time>
      </trkpt>
      <trkpt lat="44.83061" lon="-0.52908">
        <ele>4</ele>
        <time>2026-05-14T13:07:42+00:00</time>
      </trkpt>
      <trkpt lat="44.83074" lon="-0.52919">
        <ele>4</ele>
        <time>2026-05-14T13:07:43+00:00</time>
      </trkpt>
      <trkpt lat="44.83113" lon="-0.52985">
        <ele>3</ele>
        <time>2026-05-14T13:07:44+00:00</time>
      </trkpt>
      <trkpt lat="44.83177" lon="-0.53101">
        <ele>5</ele>
        <time>2026-05-14T13:07:45+00:00</time>
      </trkpt>
      <trkpt lat="44.83181" lon="-0.53106">
        <ele>5</ele>
        <time>2026-05-14T13:07:46+00:00</time>
      </trkpt>
      <trkpt lat="44.83185" lon="-0.53117">
        <ele>4</ele>
        <time>2026-05-14T13:07:47+00:00</time>
      </trkpt>
      <trkpt lat="44.83187" lon="-0.5312">
        <ele>4</ele>
        <time>2026-05-14T13:07:48+00:00</time>
      </trkpt>
      <trkpt lat="44.83192" lon="-0.53125">
        <ele>4</ele>
        <time>2026-05-14T13:07:49+00:00</time>
      </trkpt>
      <trkpt lat="44.83245" lon="-0.53213">
        <ele>4</ele>
        <time>2026-05-14T13:07:50+00:00</time>
      </trkpt>
      <trkpt lat="44.8339" lon="-0.53467">
        <ele>0</ele>
        <time>2026-05-14T13:07:51+00:00</time>
      </trkpt>
      <trkpt lat="44.83375" lon="-0.53484">
        <ele>-1</ele>
        <time>2026-05-14T13:07:52+00:00</time>
      </trkpt>
      <trkpt lat="44.83362" lon="-0.53498">
        <ele>-1</ele>
        <time>2026-05-14T13:07:53+00:00</time>
      </trkpt>
      <trkpt lat="44.83348" lon="-0.53472">
        <ele>0</ele>
        <time>2026-05-14T13:07:54+00:00</time>
      </trkpt>
      <trkpt lat="44.83337" lon="-0.53456">
        <ele>0</ele>
        <time>2026-05-14T13:07:55+00:00</time>
      </trkpt>
      <trkpt lat="44.83325" lon="-0.53442">
        <ele>0</ele>
        <time>2026-05-14T13:07:56+00:00</time>
      </trkpt>
      <trkpt lat="44.83314" lon="-0.53432">
        <ele>0</ele>
        <time>2026-05-14T13:07:57+00:00</time>
      </trkpt>
      <trkpt lat="44.83303" lon="-0.53424">
        <ele>1</ele>
        <time>2026-05-14T13:07:58+00:00</time>
      </trkpt>
      <trkpt lat="44.83295" lon="-0.53421">
        <ele>1</ele>
        <time>2026-05-14T13:07:59+00:00</time>
      </trkpt>
      <trkpt lat="44.83286" lon="-0.53419">
        <ele>2</ele>
        <time>2026-05-14T13:08:00+00:00</time>
      </trkpt>
      <trkpt lat="44.83275" lon="-0.53419">
        <ele>3</ele>
        <time>2026-05-14T13:08:01+00:00</time>
      </trkpt>
      <trkpt lat="44.83262" lon="-0.53421">
        <ele>3</ele>
        <time>2026-05-14T13:08:02+00:00</time>
      </trkpt>
      <trkpt lat="44.83258" lon="-0.53425">
        <ele>4</ele>
        <time>2026-05-14T13:08:03+00:00</time>
      </trkpt>
      <trkpt lat="44.83249" lon="-0.53436">
        <ele>5</ele>
        <time>2026-05-14T13:08:04+00:00</time>
      </trkpt>
      <trkpt lat="44.83245" lon="-0.53445">
        <ele>5</ele>
        <time>2026-05-14T13:08:05+00:00</time>
      </trkpt>
      <trkpt lat="44.83254" lon="-0.53562">
        <ele>6</ele>
        <time>2026-05-14T13:08:06+00:00</time>
      </trkpt>
      <trkpt lat="44.83259" lon="-0.53575">
        <ele>6</ele>
        <time>2026-05-14T13:08:07+00:00</time>
      </trkpt>
      <trkpt lat="44.83266" lon="-0.53587">
        <ele>5</ele>
        <time>2026-05-14T13:08:08+00:00</time>
      </trkpt>
      <trkpt lat="44.83269" lon="-0.53591">
        <ele>5</ele>
        <time>2026-05-14T13:08:09+00:00</time>
      </trkpt>
      <trkpt lat="44.83212" lon="-0.53606">
        <ele>5</ele>
        <time>2026-05-14T13:08:10+00:00</time>
      </trkpt>
      <trkpt lat="44.83207" lon="-0.53603">
        <ele>5</ele>
        <time>2026-05-14T13:08:11+00:00</time>
      </trkpt>
      <trkpt lat="44.83202" lon="-0.53608">
        <ele>5</ele>
        <time>2026-05-14T13:08:12+00:00</time>
      </trkpt>
      <trkpt lat="44.83193" lon="-0.53615">
        <ele>4</ele>
        <time>2026-05-14T13:08:13+00:00</time>
      </trkpt>
      <trkpt lat="44.83148" lon="-0.53627">
        <ele>4</ele>
        <time>2026-05-14T13:08:14+00:00</time>
      </trkpt>
      <trkpt lat="44.8311" lon="-0.53636">
        <ele>5</ele>
        <time>2026-05-14T13:08:15+00:00</time>
      </trkpt>
      <trkpt lat="44.83055" lon="-0.5365">
        <ele>5</ele>
        <time>2026-05-14T13:08:16+00:00</time>
      </trkpt>
      <trkpt lat="44.83035" lon="-0.53674">
        <ele>5</ele>
        <time>2026-05-14T13:08:17+00:00</time>
      </trkpt>
      <trkpt lat="44.83024" lon="-0.53687">
        <ele>5</ele>
        <time>2026-05-14T13:08:18+00:00</time>
      </trkpt>
      <trkpt lat="44.83013" lon="-0.537">
        <ele>4</ele>
        <time>2026-05-14T13:08:19+00:00</time>
      </trkpt>
      <trkpt lat="44.82996" lon="-0.53721">
        <ele>4</ele>
        <time>2026-05-14T13:08:20+00:00</time>
      </trkpt>
      <trkpt lat="44.82978" lon="-0.53741">
        <ele>3</ele>
        <time>2026-05-14T13:08:21+00:00</time>
      </trkpt>
      <trkpt lat="44.82961" lon="-0.53762">
        <ele>3</ele>
        <time>2026-05-14T13:08:22+00:00</time>
      </trkpt>
      <trkpt lat="44.82875" lon="-0.53864">
        <ele>3</ele>
        <time>2026-05-14T13:08:23+00:00</time>
      </trkpt>
      <trkpt lat="44.82799" lon="-0.53955">
        <ele>2</ele>
        <time>2026-05-14T13:08:24+00:00</time>
      </trkpt>
      <trkpt lat="44.82826" lon="-0.54">
        <ele>3</ele>
        <time>2026-05-14T13:08:25+00:00</time>
      </trkpt>
      <trkpt lat="44.82829" lon="-0.53997">
        <ele>3</ele>
        <time>2026-05-14T13:08:26+00:00</time>
      </trkpt>
      <trkpt lat="44.82836" lon="-0.54003">
        <ele>3</ele>
        <time>2026-05-14T13:08:27+00:00</time>
      </trkpt>
      <trkpt lat="44.82838" lon="-0.54006">
        <ele>3</ele>
        <time>2026-05-14T13:08:28+00:00</time>
      </trkpt>
      <trkpt lat="44.8284" lon="-0.54009">
        <ele>3</ele>
        <time>2026-05-14T13:08:29+00:00</time>
      </trkpt>
      <trkpt lat="44.82835" lon="-0.54014">
        <ele>3</ele>
        <time>2026-05-14T13:08:30+00:00</time>
      </trkpt>
      <trkpt lat="44.82863" lon="-0.54064">
        <ele>3</ele>
        <time>2026-05-14T13:08:31+00:00</time>
      </trkpt>
      <trkpt lat="44.82883" lon="-0.54097">
        <ele>3</ele>
        <time>2026-05-14T13:08:32+00:00</time>
      </trkpt>
      <trkpt lat="44.82915" lon="-0.54151">
        <ele>3</ele>
        <time>2026-05-14T13:08:33+00:00</time>
      </trkpt>
      <trkpt lat="44.82964" lon="-0.54239">
        <ele>3</ele>
        <time>2026-05-14T13:08:34+00:00</time>
      </trkpt>
      <trkpt lat="44.82981" lon="-0.54272">
        <ele>3</ele>
        <time>2026-05-14T13:08:35+00:00</time>
      </trkpt>
      <trkpt lat="44.8299" lon="-0.54289">
        <ele>3</ele>
        <time>2026-05-14T13:08:36+00:00</time>
      </trkpt>
      <trkpt lat="44.8302" lon="-0.54347">
        <ele>3</ele>
        <time>2026-05-14T13:08:37+00:00</time>
      </trkpt>
      <trkpt lat="44.83041" lon="-0.54386">
        <ele>2</ele>
        <time>2026-05-14T13:08:38+00:00</time>
      </trkpt>
      <trkpt lat="44.83071" lon="-0.54444">
        <ele>4</ele>
        <time>2026-05-14T13:08:39+00:00</time>
      </trkpt>
      <trkpt lat="44.83081" lon="-0.54463">
        <ele>4</ele>
        <time>2026-05-14T13:08:40+00:00</time>
      </trkpt>
      <trkpt lat="44.8309" lon="-0.5448">
        <ele>4</ele>
        <time>2026-05-14T13:08:41+00:00</time>
      </trkpt>
      <trkpt lat="44.83135" lon="-0.54567">
        <ele>4</ele>
        <time>2026-05-14T13:08:42+00:00</time>
      </trkpt>
      <trkpt lat="44.83145" lon="-0.54587">
        <ele>4</ele>
        <time>2026-05-14T13:08:43+00:00</time>
      </trkpt>
      <trkpt lat="44.83154" lon="-0.54603">
        <ele>4</ele>
        <time>2026-05-14T13:08:44+00:00</time>
      </trkpt>
      <trkpt lat="44.83213" lon="-0.54718">
        <ele>4</ele>
        <time>2026-05-14T13:08:45+00:00</time>
      </trkpt>
      <trkpt lat="44.83237" lon="-0.54764">
        <ele>4</ele>
        <time>2026-05-14T13:08:46+00:00</time>
      </trkpt>
      <trkpt lat="44.83232" lon="-0.54769">
        <ele>4</ele>
        <time>2026-05-14T13:08:47+00:00</time>
      </trkpt>
      <trkpt lat="44.83229" lon="-0.54772">
        <ele>4</ele>
        <time>2026-05-14T13:08:48+00:00</time>
      </trkpt>
      <trkpt lat="44.8329" lon="-0.54889">
        <ele>5</ele>
        <time>2026-05-14T13:08:49+00:00</time>
      </trkpt>
      <trkpt lat="44.83293" lon="-0.54885">
        <ele>5</ele>
        <time>2026-05-14T13:08:50+00:00</time>
      </trkpt>
      <trkpt lat="44.83298" lon="-0.5488">
        <ele>5</ele>
        <time>2026-05-14T13:08:51+00:00</time>
      </trkpt>
      <trkpt lat="44.833" lon="-0.54883">
        <ele>5</ele>
        <time>2026-05-14T13:08:52+00:00</time>
      </trkpt>
      <trkpt lat="44.83298" lon="-0.5488">
        <ele>5</ele>
        <time>2026-05-14T13:08:53+00:00</time>
      </trkpt>
      <trkpt lat="44.83293" lon="-0.54885">
        <ele>5</ele>
        <time>2026-05-14T13:08:54+00:00</time>
      </trkpt>
      <trkpt lat="44.8329" lon="-0.54889">
        <ele>5</ele>
        <time>2026-05-14T13:08:55+00:00</time>
      </trkpt>
      <trkpt lat="44.83325" lon="-0.54955">
        <ele>5</ele>
        <time>2026-05-14T13:08:56+00:00</time>
      </trkpt>
      <trkpt lat="44.8333" lon="-0.54968">
        <ele>6</ele>
        <time>2026-05-14T13:08:57+00:00</time>
      </trkpt>
      <trkpt lat="44.83334" lon="-0.54983">
        <ele>6</ele>
        <time>2026-05-14T13:08:58+00:00</time>
      </trkpt>
      <trkpt lat="44.83344" lon="-0.55003">
        <ele>6</ele>
        <time>2026-05-14T13:08:59+00:00</time>
      </trkpt>
      <trkpt lat="44.83346" lon="-0.55001">
        <ele>6</ele>
        <time>2026-05-14T13:09:00+00:00</time>
      </trkpt>
      <trkpt lat="44.8335" lon="-0.54998">
        <ele>6</ele>
        <time>2026-05-14T13:09:01+00:00</time>
      </trkpt>
      <trkpt lat="44.83356" lon="-0.54992">
        <ele>6</ele>
        <time>2026-05-14T13:09:02+00:00</time>
      </trkpt>
      <trkpt lat="44.83357" lon="-0.54993">
        <ele>6</ele>
        <time>2026-05-14T13:09:03+00:00</time>
      </trkpt>
      <trkpt lat="44.83356" lon="-0.54992">
        <ele>6</ele>
        <time>2026-05-14T13:09:04+00:00</time>
      </trkpt>
      <trkpt lat="44.8335" lon="-0.54998">
        <ele>6</ele>
        <time>2026-05-14T13:09:05+00:00</time>
      </trkpt>
      <trkpt lat="44.83346" lon="-0.55001">
        <ele>6</ele>
        <time>2026-05-14T13:09:06+00:00</time>
      </trkpt>
      <trkpt lat="44.83344" lon="-0.55003">
        <ele>6</ele>
        <time>2026-05-14T13:09:07+00:00</time>
      </trkpt>
      <trkpt lat="44.83347" lon="-0.55009">
        <ele>6</ele>
        <time>2026-05-14T13:09:08+00:00</time>
      </trkpt>
      <trkpt lat="44.83357" lon="-0.55031">
        <ele>5</ele>
        <time>2026-05-14T13:09:09+00:00</time>
      </trkpt>
      <trkpt lat="44.83362" lon="-0.55039">
        <ele>5</ele>
        <time>2026-05-14T13:09:10+00:00</time>
      </trkpt>
      <trkpt lat="44.83365" lon="-0.55044">
        <ele>5</ele>
        <time>2026-05-14T13:09:11+00:00</time>
      </trkpt>
      <trkpt lat="44.83392" lon="-0.55094">
        <ele>5</ele>
        <time>2026-05-14T13:09:12+00:00</time>
      </trkpt>
      <trkpt lat="44.83435" lon="-0.55178">
        <ele>3</ele>
        <time>2026-05-14T13:09:13+00:00</time>
      </trkpt>
      <trkpt lat="44.83455" lon="-0.55217">
        <ele>4</ele>
        <time>2026-05-14T13:09:14+00:00</time>
      </trkpt>
      <trkpt lat="44.83447" lon="-0.55225">
        <ele>3</ele>
        <time>2026-05-14T13:09:15+00:00</time>
      </trkpt>
      <trkpt lat="44.83449" lon="-0.5523">
        <ele>3</ele>
        <time>2026-05-14T13:09:16+00:00</time>
      </trkpt>
      <trkpt lat="44.83459" lon="-0.55255">
        <ele>4</ele>
        <time>2026-05-14T13:09:17+00:00</time>
      </trkpt>
      <trkpt lat="44.8347" lon="-0.55277">
        <ele>4</ele>
        <time>2026-05-14T13:09:18+00:00</time>
      </trkpt>
      <trkpt lat="44.83473" lon="-0.55286">
        <ele>4</ele>
        <time>2026-05-14T13:09:19+00:00</time>
      </trkpt>
      <trkpt lat="44.83476" lon="-0.55293">
        <ele>4</ele>
        <time>2026-05-14T13:09:20+00:00</time>
      </trkpt>
      <trkpt lat="44.83473" lon="-0.55301">
        <ele>4</ele>
        <time>2026-05-14T13:09:21+00:00</time>
      </trkpt>
      <trkpt lat="44.83472" lon="-0.55319">
        <ele>4</ele>
        <time>2026-05-14T13:09:22+00:00</time>
      </trkpt>
      <trkpt lat="44.83473" lon="-0.55322">
        <ele>4</ele>
        <time>2026-05-14T13:09:23+00:00</time>
      </trkpt>
      <trkpt lat="44.83475" lon="-0.55326">
        <ele>4</ele>
        <time>2026-05-14T13:09:24+00:00</time>
      </trkpt>
      <trkpt lat="44.83493" lon="-0.55352">
        <ele>4</ele>
        <time>2026-05-14T13:09:25+00:00</time>
      </trkpt>
      <trkpt lat="44.83503" lon="-0.55378">
        <ele>4</ele>
        <time>2026-05-14T13:09:26+00:00</time>
      </trkpt>
      <trkpt lat="44.83504" lon="-0.5538">
        <ele>4</ele>
        <time>2026-05-14T13:09:27+00:00</time>
      </trkpt>
      <trkpt lat="44.83524" lon="-0.55404">
        <ele>4</ele>
        <time>2026-05-14T13:09:28+00:00</time>
      </trkpt>
      <trkpt lat="44.83542" lon="-0.55429">
        <ele>4</ele>
        <time>2026-05-14T13:09:29+00:00</time>
      </trkpt>
      <trkpt lat="44.83561" lon="-0.55455">
        <ele>4</ele>
        <time>2026-05-14T13:09:30+00:00</time>
      </trkpt>
      <trkpt lat="44.83595" lon="-0.55508">
        <ele>3</ele>
        <time>2026-05-14T13:09:31+00:00</time>
      </trkpt>
      <trkpt lat="44.83602" lon="-0.55518">
        <ele>3</ele>
        <time>2026-05-14T13:09:32+00:00</time>
      </trkpt>
      <trkpt lat="44.83609" lon="-0.55533">
        <ele>3</ele>
        <time>2026-05-14T13:09:33+00:00</time>
      </trkpt>
      <trkpt lat="44.83612" lon="-0.55539">
        <ele>3</ele>
        <time>2026-05-14T13:09:34+00:00</time>
      </trkpt>
      <trkpt lat="44.8363" lon="-0.55562">
        <ele>3</ele>
        <time>2026-05-14T13:09:35+00:00</time>
      </trkpt>
      <trkpt lat="44.83639" lon="-0.55578">
        <ele>3</ele>
        <time>2026-05-14T13:09:36+00:00</time>
      </trkpt>
      <trkpt lat="44.8365" lon="-0.55595">
        <ele>3</ele>
        <time>2026-05-14T13:09:37+00:00</time>
      </trkpt>
      <trkpt lat="44.83665" lon="-0.55615">
        <ele>3</ele>
        <time>2026-05-14T13:09:38+00:00</time>
      </trkpt>
      <trkpt lat="44.83668" lon="-0.55622">
        <ele>3</ele>
        <time>2026-05-14T13:09:39+00:00</time>
      </trkpt>
      <trkpt lat="44.83685" lon="-0.55648">
        <ele>3</ele>
        <time>2026-05-14T13:09:40+00:00</time>
      </trkpt>
      <trkpt lat="44.83691" lon="-0.55658">
        <ele>3</ele>
        <time>2026-05-14T13:09:41+00:00</time>
      </trkpt>
      <trkpt lat="44.83696" lon="-0.55651">
        <ele>3</ele>
        <time>2026-05-14T13:09:42+00:00</time>
      </trkpt>
      <trkpt lat="44.83698" lon="-0.55654">
        <ele>3</ele>
        <time>2026-05-14T13:09:43+00:00</time>
      </trkpt>
      <trkpt lat="44.83718" lon="-0.55685">
        <ele>3</ele>
        <time>2026-05-14T13:09:44+00:00</time>
      </trkpt>
      <trkpt lat="44.83759" lon="-0.55753">
        <ele>5</ele>
        <time>2026-05-14T13:09:45+00:00</time>
      </trkpt>
      <trkpt lat="44.83803" lon="-0.55822">
        <ele>4</ele>
        <time>2026-05-14T13:09:46+00:00</time>
      </trkpt>
      <trkpt lat="44.83808" lon="-0.55817">
        <ele>4</ele>
        <time>2026-05-14T13:09:47+00:00</time>
      </trkpt>
      <trkpt lat="44.83814" lon="-0.55827">
        <ele>4</ele>
        <time>2026-05-14T13:09:48+00:00</time>
      </trkpt>
      <trkpt lat="44.83815" lon="-0.55828">
        <ele>4</ele>
        <time>2026-05-14T13:09:49+00:00</time>
      </trkpt>
      <trkpt lat="44.8383" lon="-0.55851">
        <ele>3</ele>
        <time>2026-05-14T13:09:50+00:00</time>
      </trkpt>
      <trkpt lat="44.83849" lon="-0.55879">
        <ele>4</ele>
        <time>2026-05-14T13:09:51+00:00</time>
      </trkpt>
      <trkpt lat="44.83849" lon="-0.55884">
        <ele>4</ele>
        <time>2026-05-14T13:09:52+00:00</time>
      </trkpt>
      <trkpt lat="44.83854" lon="-0.55889">
        <ele>5</ele>
        <time>2026-05-14T13:09:53+00:00</time>
      </trkpt>
      <trkpt lat="44.8386" lon="-0.55896">
        <ele>5</ele>
        <time>2026-05-14T13:09:54+00:00</time>
      </trkpt>
      <trkpt lat="44.83861" lon="-0.55904">
        <ele>5</ele>
        <time>2026-05-14T13:09:55+00:00</time>
      </trkpt>
      <trkpt lat="44.8388" lon="-0.55925">
        <ele>6</ele>
        <time>2026-05-14T13:09:56+00:00</time>
      </trkpt>
      <trkpt lat="44.83907" lon="-0.55957">
        <ele>7</ele>
        <time>2026-05-14T13:09:57+00:00</time>
      </trkpt>
      <trkpt lat="44.8391" lon="-0.55952">
        <ele>7</ele>
        <time>2026-05-14T13:09:58+00:00</time>
      </trkpt>
      <trkpt lat="44.83913" lon="-0.55955">
        <ele>7</ele>
        <time>2026-05-14T13:09:59+00:00</time>
      </trkpt>
      <trkpt lat="44.83917" lon="-0.5596">
        <ele>7</ele>
        <time>2026-05-14T13:10:00+00:00</time>
      </trkpt>
      <trkpt lat="44.83918" lon="-0.55962">
        <ele>7</ele>
        <time>2026-05-14T13:10:01+00:00</time>
      </trkpt>
      <trkpt lat="44.8392" lon="-0.55959">
        <ele>7</ele>
        <time>2026-05-14T13:10:02+00:00</time>
      </trkpt>
      <trkpt lat="44.8393" lon="-0.5597">
        <ele>7</ele>
        <time>2026-05-14T13:10:03+00:00</time>
      </trkpt>
      <trkpt lat="44.83956" lon="-0.56002">
        <ele>6</ele>
        <time>2026-05-14T13:10:04+00:00</time>
      </trkpt>
      <trkpt lat="44.83979" lon="-0.56028">
        <ele>6</ele>
        <time>2026-05-14T13:10:05+00:00</time>
      </trkpt>
      <trkpt lat="44.83984" lon="-0.56019">
        <ele>7</ele>
        <time>2026-05-14T13:10:06+00:00</time>
      </trkpt>
      <trkpt lat="44.83986" lon="-0.56016">
        <ele>7</ele>
        <time>2026-05-14T13:10:07+00:00</time>
      </trkpt>
      <trkpt lat="44.83995" lon="-0.56004">
        <ele>8</ele>
        <time>2026-05-14T13:10:08+00:00</time>
      </trkpt>
      <trkpt lat="44.84003" lon="-0.56014">
        <ele>8</ele>
        <time>2026-05-14T13:10:09+00:00</time>
      </trkpt>
      <trkpt lat="44.84009" lon="-0.56021">
        <ele>8</ele>
        <time>2026-05-14T13:10:10+00:00</time>
      </trkpt>
      <trkpt lat="44.84016" lon="-0.56029">
        <ele>8</ele>
        <time>2026-05-14T13:10:11+00:00</time>
      </trkpt>
    </trkseg>
  </trk>
</gpx>
