<?xml version="1.0" encoding="UTF-8" ?>
<gpx version="1.1" xmlns:xsi="http://www.w3.org/2001/XMLSchema-instance"
    xmlns="http://www.topografix.com/GPX/1/1"
    xsi:schemaLocation="http://www.topografix.com/GPX/1/1 http://www.topografix.com/GPX/1/1/gpx.xsd"
    creator="Openrunner - https://www.openrunner.com" >	<trk>
	                   <name>St Chély_D&#039;Apcher-23653748</name>
						<trkseg>
					<trkpt lat="44.720900" lon="3.280430">
						<ele>1031</ele>
						<time>2026-05-01T09:39:13Z</time>
					</trkpt>
					<trkpt lat="44.720810" lon="3.280020">
						<ele>1026</ele>
						<time>2026-05-01T09:39:54Z</time>
					</trkpt>
					<trkpt lat="44.720780" lon="3.279970">
						<ele>1026</ele>
						<time>2026-05-01T09:40:00Z</time>
					</trkpt>
					<trkpt lat="44.720660" lon="3.279930">
						<ele>1025</ele>
						<time>2026-05-01T09:40:16Z</time>
					</trkpt>
					<trkpt lat="44.720680" lon="3.279830">
						<ele>1025</ele>
						<time>2026-05-01T09:40:26Z</time>
					</trkpt>
					<trkpt lat="44.720720" lon="3.279830">
						<ele>1025</ele>
						<time>2026-05-01T09:40:32Z</time>
					</trkpt>
					<trkpt lat="44.720790" lon="3.279760">
						<ele>1024</ele>
						<time>2026-05-01T09:40:43Z</time>
					</trkpt>
					<trkpt lat="44.720950" lon="3.279580">
						<ele>1024</ele>
						<time>2026-05-01T09:41:10Z</time>
					</trkpt>
					<trkpt lat="44.721310" lon="3.279140">
						<ele>1021</ele>
						<time>2026-05-01T09:42:14Z</time>
					</trkpt>
					<trkpt lat="44.721390" lon="3.279110">
						<ele>1021</ele>
						<time>2026-05-01T09:42:25Z</time>
					</trkpt>
					<trkpt lat="44.721410" lon="3.278980">
						<ele>1021</ele>
						<time>2026-05-01T09:42:38Z</time>
					</trkpt>
					<trkpt lat="44.721450" lon="3.278880">
						<ele>1022</ele>
						<time>2026-05-01T09:42:49Z</time>
					</trkpt>
					<trkpt lat="44.721470" lon="3.278700">
						<ele>1022</ele>
						<time>2026-05-01T09:43:06Z</time>
					</trkpt>
					<trkpt lat="44.721470" lon="3.278490">
						<ele>1023</ele>
						<time>2026-05-01T09:43:26Z</time>
					</trkpt>
					<trkpt lat="44.721420" lon="3.278280">
						<ele>1024</ele>
						<time>2026-05-01T09:43:47Z</time>
					</trkpt>
					<trkpt lat="44.721300" lon="3.277950">
						<ele>1026</ele>
						<time>2026-05-01T09:44:22Z</time>
					</trkpt>
					<trkpt lat="44.721230" lon="3.277610">
						<ele>1028</ele>
						<time>2026-05-01T09:44:55Z</time>
					</trkpt>
					<trkpt lat="44.721230" lon="3.277420">
						<ele>1029</ele>
						<time>2026-05-01T09:45:13Z</time>
					</trkpt>
					<trkpt lat="44.721350" lon="3.276870">
						<ele>1033</ele>
						<time>2026-05-01T09:46:08Z</time>
					</trkpt>
					<trkpt lat="44.721350" lon="3.276700">
						<ele>1033</ele>
						<time>2026-05-01T09:46:24Z</time>
					</trkpt>
					<trkpt lat="44.721330" lon="3.276530">
						<ele>1034</ele>
						<time>2026-05-01T09:46:40Z</time>
					</trkpt>
					<trkpt lat="44.721240" lon="3.276310">
						<ele>1034</ele>
						<time>2026-05-01T09:47:04Z</time>
					</trkpt>
					<trkpt lat="44.720800" lon="3.275440">
						<ele>1037</ele>
						<time>2026-05-01T09:48:46Z</time>
					</trkpt>
					<trkpt lat="44.720700" lon="3.275120">
						<ele>1039</ele>
						<time>2026-05-01T09:49:19Z</time>
					</trkpt>
					<trkpt lat="44.720640" lon="3.274800">
						<ele>1040</ele>
						<time>2026-05-01T09:49:50Z</time>
					</trkpt>
					<trkpt lat="44.720580" lon="3.274650">
						<ele>1040</ele>
						<time>2026-05-01T09:50:07Z</time>
					</trkpt>
					<trkpt lat="44.720500" lon="3.274510">
						<ele>1040</ele>
						<time>2026-05-01T09:50:24Z</time>
					</trkpt>
					<trkpt lat="44.720070" lon="3.273920">
						<ele>1039</ele>
						<time>2026-05-01T09:51:44Z</time>
					</trkpt>
					<trkpt lat="44.720150" lon="3.273790">
						<ele>1040</ele>
						<time>2026-05-01T09:52:00Z</time>
					</trkpt>
					<trkpt lat="44.720360" lon="3.273500">
						<ele>1042</ele>
						<time>2026-05-01T09:52:39Z</time>
					</trkpt>
					<trkpt lat="44.720390" lon="3.273470">
						<ele>1042</ele>
						<time>2026-05-01T09:52:44Z</time>
					</trkpt>
					<trkpt lat="44.720400" lon="3.273420">
						<ele>1042</ele>
						<time>2026-05-01T09:52:49Z</time>
					</trkpt>
					<trkpt lat="44.720400" lon="3.273370">
						<ele>1042</ele>
						<time>2026-05-01T09:52:54Z</time>
					</trkpt>
					<trkpt lat="44.720380" lon="3.273300">
						<ele>1042</ele>
						<time>2026-05-01T09:53:01Z</time>
					</trkpt>
					<trkpt lat="44.720230" lon="3.272820">
						<ele>1043</ele>
						<time>2026-05-01T09:53:51Z</time>
					</trkpt>
					<trkpt lat="44.720210" lon="3.272720">
						<ele>1043</ele>
						<time>2026-05-01T09:54:01Z</time>
					</trkpt>
					<trkpt lat="44.720200" lon="3.272600">
						<ele>1044</ele>
						<time>2026-05-01T09:54:12Z</time>
					</trkpt>
					<trkpt lat="44.720190" lon="3.272450">
						<ele>1044</ele>
						<time>2026-05-01T09:54:26Z</time>
					</trkpt>
					<trkpt lat="44.720200" lon="3.272310">
						<ele>1044</ele>
						<time>2026-05-01T09:54:40Z</time>
					</trkpt>
					<trkpt lat="44.720230" lon="3.272110">
						<ele>1044</ele>
						<time>2026-05-01T09:54:59Z</time>
					</trkpt>
					<trkpt lat="44.720310" lon="3.271620">
						<ele>1044</ele>
						<time>2026-05-01T09:55:47Z</time>
					</trkpt>
					<trkpt lat="44.720360" lon="3.271370">
						<ele>1044</ele>
						<time>2026-05-01T09:56:11Z</time>
					</trkpt>
					<trkpt lat="44.720410" lon="3.271200">
						<ele>1044</ele>
						<time>2026-05-01T09:56:29Z</time>
					</trkpt>
					<trkpt lat="44.720430" lon="3.271090">
						<ele>1044</ele>
						<time>2026-05-01T09:56:40Z</time>
					</trkpt>
					<trkpt lat="44.720440" lon="3.270970">
						<ele>1043</ele>
						<time>2026-05-01T09:56:51Z</time>
					</trkpt>
					<trkpt lat="44.720450" lon="3.270540">
						<ele>1041</ele>
						<time>2026-05-01T09:57:32Z</time>
					</trkpt>
					<trkpt lat="44.720490" lon="3.269960">
						<ele>1038</ele>
						<time>2026-05-01T09:58:27Z</time>
					</trkpt>
					<trkpt lat="44.720520" lon="3.269730">
						<ele>1038</ele>
						<time>2026-05-01T09:58:49Z</time>
					</trkpt>
					<trkpt lat="44.720530" lon="3.269570">
						<ele>1038</ele>
						<time>2026-05-01T09:59:05Z</time>
					</trkpt>
					<trkpt lat="44.720530" lon="3.269460">
						<ele>1038</ele>
						<time>2026-05-01T09:59:15Z</time>
					</trkpt>
					<trkpt lat="44.720490" lon="3.269220">
						<ele>1037</ele>
						<time>2026-05-01T09:59:38Z</time>
					</trkpt>
					<trkpt lat="44.720370" lon="3.268430">
						<ele>1044</ele>
						<time>2026-05-01T10:00:55Z</time>
					</trkpt>
					<trkpt lat="44.720340" lon="3.268270">
						<ele>1045</ele>
						<time>2026-05-01T10:01:11Z</time>
					</trkpt>
					<trkpt lat="44.720290" lon="3.268100">
						<ele>1046</ele>
						<time>2026-05-01T10:01:28Z</time>
					</trkpt>
					<trkpt lat="44.720200" lon="3.267860">
						<ele>1048</ele>
						<time>2026-05-01T10:01:54Z</time>
					</trkpt>
					<trkpt lat="44.720110" lon="3.267590">
						<ele>1049</ele>
						<time>2026-05-01T10:02:22Z</time>
					</trkpt>
					<trkpt lat="44.719950" lon="3.266900">
						<ele>1052</ele>
						<time>2026-05-01T10:03:31Z</time>
					</trkpt>
					<trkpt lat="44.719920" lon="3.266760">
						<ele>1052</ele>
						<time>2026-05-01T10:03:45Z</time>
					</trkpt>
					<trkpt lat="44.719910" lon="3.266640">
						<ele>1053</ele>
						<time>2026-05-01T10:03:56Z</time>
					</trkpt>
					<trkpt lat="44.719920" lon="3.266510">
						<ele>1053</ele>
						<time>2026-05-01T10:04:09Z</time>
					</trkpt>
					<trkpt lat="44.719960" lon="3.266280">
						<ele>1055</ele>
						<time>2026-05-01T10:04:31Z</time>
					</trkpt>
					<trkpt lat="44.720060" lon="3.266030">
						<ele>1056</ele>
						<time>2026-05-01T10:04:58Z</time>
					</trkpt>
					<trkpt lat="44.720120" lon="3.265760">
						<ele>1057</ele>
						<time>2026-05-01T10:05:25Z</time>
					</trkpt>
					<trkpt lat="44.720150" lon="3.265540">
						<ele>1058</ele>
						<time>2026-05-01T10:05:46Z</time>
					</trkpt>
					<trkpt lat="44.720160" lon="3.265210">
						<ele>1060</ele>
						<time>2026-05-01T10:06:18Z</time>
					</trkpt>
					<trkpt lat="44.720240" lon="3.264830">
						<ele>1060</ele>
						<time>2026-05-01T10:06:55Z</time>
					</trkpt>
					<trkpt lat="44.720260" lon="3.264700">
						<ele>1060</ele>
						<time>2026-05-01T10:07:08Z</time>
					</trkpt>
					<trkpt lat="44.720250" lon="3.264330">
						<ele>1062</ele>
						<time>2026-05-01T10:07:43Z</time>
					</trkpt>
					<trkpt lat="44.720230" lon="3.264110">
						<ele>1063</ele>
						<time>2026-05-01T10:08:04Z</time>
					</trkpt>
					<trkpt lat="44.720150" lon="3.263510">
						<ele>1066</ele>
						<time>2026-05-01T10:09:02Z</time>
					</trkpt>
					<trkpt lat="44.720000" lon="3.262830">
						<ele>1068</ele>
						<time>2026-05-01T10:10:09Z</time>
					</trkpt>
					<trkpt lat="44.719920" lon="3.262560">
						<ele>1068</ele>
						<time>2026-05-01T10:10:37Z</time>
					</trkpt>
					<trkpt lat="44.719890" lon="3.262410">
						<ele>1068</ele>
						<time>2026-05-01T10:10:52Z</time>
					</trkpt>
					<trkpt lat="44.719840" lon="3.262160">
						<ele>1068</ele>
						<time>2026-05-01T10:11:17Z</time>
					</trkpt>
					<trkpt lat="44.719840" lon="3.261950">
						<ele>1069</ele>
						<time>2026-05-01T10:11:36Z</time>
					</trkpt>
					<trkpt lat="44.719850" lon="3.261760">
						<ele>1069</ele>
						<time>2026-05-01T10:11:55Z</time>
					</trkpt>
					<trkpt lat="44.719880" lon="3.261280">
						<ele>1069</ele>
						<time>2026-05-01T10:12:40Z</time>
					</trkpt>
					<trkpt lat="44.719900" lon="3.261130">
						<ele>1069</ele>
						<time>2026-05-01T10:12:55Z</time>
					</trkpt>
					<trkpt lat="44.720000" lon="3.260730">
						<ele>1069</ele>
						<time>2026-05-01T10:13:35Z</time>
					</trkpt>
					<trkpt lat="44.720150" lon="3.260050">
						<ele>1069</ele>
						<time>2026-05-01T10:14:42Z</time>
					</trkpt>
					<trkpt lat="44.720190" lon="3.259840">
						<ele>1070</ele>
						<time>2026-05-01T10:15:03Z</time>
					</trkpt>
					<trkpt lat="44.720440" lon="3.258850">
						<ele>1074</ele>
						<time>2026-05-01T10:16:43Z</time>
					</trkpt>
					<trkpt lat="44.720500" lon="3.258050">
						<ele>1075</ele>
						<time>2026-05-01T10:17:59Z</time>
					</trkpt>
					<trkpt lat="44.720550" lon="3.257610">
						<ele>1075</ele>
						<time>2026-05-01T10:18:41Z</time>
					</trkpt>
					<trkpt lat="44.720690" lon="3.257040">
						<ele>1078</ele>
						<time>2026-05-01T10:19:38Z</time>
					</trkpt>
					<trkpt lat="44.720940" lon="3.256420">
						<ele>1080</ele>
						<time>2026-05-01T10:20:46Z</time>
					</trkpt>
					<trkpt lat="44.721180" lon="3.255880">
						<ele>1081</ele>
						<time>2026-05-01T10:21:46Z</time>
					</trkpt>
					<trkpt lat="44.721370" lon="3.255560">
						<ele>1081</ele>
						<time>2026-05-01T10:22:26Z</time>
					</trkpt>
					<trkpt lat="44.721600" lon="3.254870">
						<ele>1080</ele>
						<time>2026-05-01T10:23:38Z</time>
					</trkpt>
					<trkpt lat="44.721730" lon="3.254460">
						<ele>1081</ele>
						<time>2026-05-01T10:24:21Z</time>
					</trkpt>
					<trkpt lat="44.721910" lon="3.253720">
						<ele>1085</ele>
						<time>2026-05-01T10:25:35Z</time>
					</trkpt>
					<trkpt lat="44.722070" lon="3.252830">
						<ele>1087</ele>
						<time>2026-05-01T10:27:02Z</time>
					</trkpt>
					<trkpt lat="44.722210" lon="3.251880">
						<ele>1084</ele>
						<time>2026-05-01T10:28:34Z</time>
					</trkpt>
					<trkpt lat="44.722220" lon="3.251700">
						<ele>1084</ele>
						<time>2026-05-01T10:28:51Z</time>
					</trkpt>
					<trkpt lat="44.722030" lon="3.250750">
						<ele>1084</ele>
						<time>2026-05-01T10:30:25Z</time>
					</trkpt>
					<trkpt lat="44.722210" lon="3.250310">
						<ele>1087</ele>
						<time>2026-05-01T10:31:13Z</time>
					</trkpt>
					<trkpt lat="44.722590" lon="3.249430">
						<ele>1095</ele>
						<time>2026-05-01T10:32:50Z</time>
					</trkpt>
					<trkpt lat="44.722670" lon="3.249220">
						<ele>1097</ele>
						<time>2026-05-01T10:33:13Z</time>
					</trkpt>
					<trkpt lat="44.722830" lon="3.248830">
						<ele>1100</ele>
						<time>2026-05-01T10:33:56Z</time>
					</trkpt>
					<trkpt lat="44.722890" lon="3.248590">
						<ele>1101</ele>
						<time>2026-05-01T10:34:20Z</time>
					</trkpt>
					<trkpt lat="44.723010" lon="3.247920">
						<ele>1103</ele>
						<time>2026-05-01T10:35:25Z</time>
					</trkpt>
					<trkpt lat="44.723050" lon="3.247740">
						<ele>1103</ele>
						<time>2026-05-01T10:35:43Z</time>
					</trkpt>
					<trkpt lat="44.723220" lon="3.247210">
						<ele>1103</ele>
						<time>2026-05-01T10:36:38Z</time>
					</trkpt>
					<trkpt lat="44.723290" lon="3.247000">
						<ele>1103</ele>
						<time>2026-05-01T10:37:00Z</time>
					</trkpt>
					<trkpt lat="44.723680" lon="3.246060">
						<ele>1102</ele>
						<time>2026-05-01T10:38:44Z</time>
					</trkpt>
					<trkpt lat="44.723830" lon="3.245750">
						<ele>1101</ele>
						<time>2026-05-01T10:39:19Z</time>
					</trkpt>
					<trkpt lat="44.723870" lon="3.245630">
						<ele>1101</ele>
						<time>2026-05-01T10:39:32Z</time>
					</trkpt>
					<trkpt lat="44.723880" lon="3.245530">
						<ele>1101</ele>
						<time>2026-05-01T10:39:41Z</time>
					</trkpt>
					<trkpt lat="44.724070" lon="3.244150">
						<ele>1101</ele>
						<time>2026-05-01T10:41:55Z</time>
					</trkpt>
					<trkpt lat="44.724100" lon="3.244030">
						<ele>1102</ele>
						<time>2026-05-01T10:42:07Z</time>
					</trkpt>
					<trkpt lat="44.724360" lon="3.243540">
						<ele>1106</ele>
						<time>2026-05-01T10:43:05Z</time>
					</trkpt>
					<trkpt lat="44.724500" lon="3.243190">
						<ele>1108</ele>
						<time>2026-05-01T10:43:43Z</time>
					</trkpt>
					<trkpt lat="44.724580" lon="3.242940">
						<ele>1108</ele>
						<time>2026-05-01T10:44:09Z</time>
					</trkpt>
					<trkpt lat="44.724760" lon="3.242320">
						<ele>1109</ele>
						<time>2026-05-01T10:45:12Z</time>
					</trkpt>
					<trkpt lat="44.724830" lon="3.242110">
						<ele>1110</ele>
						<time>2026-05-01T10:45:34Z</time>
					</trkpt>
					<trkpt lat="44.724980" lon="3.241770">
						<ele>1111</ele>
						<time>2026-05-01T10:46:12Z</time>
					</trkpt>
					<trkpt lat="44.725310" lon="3.241020">
						<ele>1112</ele>
						<time>2026-05-01T10:47:36Z</time>
					</trkpt>
					<trkpt lat="44.725420" lon="3.240710">
						<ele>1114</ele>
						<time>2026-05-01T10:48:09Z</time>
					</trkpt>
					<trkpt lat="44.725490" lon="3.240130">
						<ele>1117</ele>
						<time>2026-05-01T10:49:04Z</time>
					</trkpt>
					<trkpt lat="44.725540" lon="3.239790">
						<ele>1119</ele>
						<time>2026-05-01T10:49:37Z</time>
					</trkpt>
					<trkpt lat="44.725600" lon="3.239490">
						<ele>1121</ele>
						<time>2026-05-01T10:50:07Z</time>
					</trkpt>
					<trkpt lat="44.725680" lon="3.239210">
						<ele>1122</ele>
						<time>2026-05-01T10:50:35Z</time>
					</trkpt>
					<trkpt lat="44.725970" lon="3.238400">
						<ele>1124</ele>
						<time>2026-05-01T10:52:01Z</time>
					</trkpt>
					<trkpt lat="44.726430" lon="3.237290">
						<ele>1127</ele>
						<time>2026-05-01T10:54:03Z</time>
					</trkpt>
					<trkpt lat="44.726710" lon="3.236570">
						<ele>1129</ele>
						<time>2026-05-01T10:55:21Z</time>
					</trkpt>
					<trkpt lat="44.726750" lon="3.236470">
						<ele>1130</ele>
						<time>2026-05-01T10:55:32Z</time>
					</trkpt>
					<trkpt lat="44.726310" lon="3.236200">
						<ele>1130</ele>
						<time>2026-05-01T10:56:36Z</time>
					</trkpt>
					<trkpt lat="44.726160" lon="3.236090">
						<ele>1130</ele>
						<time>2026-05-01T10:56:59Z</time>
					</trkpt>
					<trkpt lat="44.726070" lon="3.236020">
						<ele>1130</ele>
						<time>2026-05-01T10:57:12Z</time>
					</trkpt>
					<trkpt lat="44.725410" lon="3.235210">
						<ele>1130</ele>
						<time>2026-05-01T10:59:09Z</time>
					</trkpt>
					<trkpt lat="44.725200" lon="3.235030">
						<ele>1130</ele>
						<time>2026-05-01T10:59:42Z</time>
					</trkpt>
					<trkpt lat="44.724920" lon="3.234810">
						<ele>1131</ele>
						<time>2026-05-01T11:00:25Z</time>
					</trkpt>
					<trkpt lat="44.724830" lon="3.234730">
						<ele>1131</ele>
						<time>2026-05-01T11:00:39Z</time>
					</trkpt>
					<trkpt lat="44.724650" lon="3.234470">
						<ele>1131</ele>
						<time>2026-05-01T11:01:13Z</time>
					</trkpt>
					<trkpt lat="44.724300" lon="3.234050">
						<ele>1132</ele>
						<time>2026-05-01T11:02:15Z</time>
					</trkpt>
					<trkpt lat="44.724130" lon="3.233870">
						<ele>1132</ele>
						<time>2026-05-01T11:02:43Z</time>
					</trkpt>
					<trkpt lat="44.724010" lon="3.233680">
						<ele>1132</ele>
						<time>2026-05-01T11:03:07Z</time>
					</trkpt>
					<trkpt lat="44.723880" lon="3.233470">
						<ele>1131</ele>
						<time>2026-05-01T11:03:34Z</time>
					</trkpt>
					<trkpt lat="44.723710" lon="3.233130">
						<ele>1129</ele>
						<time>2026-05-01T11:04:13Z</time>
					</trkpt>
					<trkpt lat="44.723380" lon="3.232530">
						<ele>1125</ele>
						<time>2026-05-01T11:05:25Z</time>
					</trkpt>
					<trkpt lat="44.723130" lon="3.232180">
						<ele>1126</ele>
						<time>2026-05-01T11:06:12Z</time>
					</trkpt>
					<trkpt lat="44.722890" lon="3.231970">
						<ele>1127</ele>
						<time>2026-05-01T11:06:50Z</time>
					</trkpt>
					<trkpt lat="44.722690" lon="3.231810">
						<ele>1128</ele>
						<time>2026-05-01T11:07:21Z</time>
					</trkpt>
					<trkpt lat="44.722560" lon="3.231690">
						<ele>1130</ele>
						<time>2026-05-01T11:07:41Z</time>
					</trkpt>
					<trkpt lat="44.722510" lon="3.231660">
						<ele>1130</ele>
						<time>2026-05-01T11:07:49Z</time>
					</trkpt>
					<trkpt lat="44.722430" lon="3.231520">
						<ele>1130</ele>
						<time>2026-05-01T11:08:06Z</time>
					</trkpt>
					<trkpt lat="44.722020" lon="3.230900">
						<ele>1131</ele>
						<time>2026-05-01T11:09:26Z</time>
					</trkpt>
					<trkpt lat="44.721960" lon="3.230780">
						<ele>1131</ele>
						<time>2026-05-01T11:09:40Z</time>
					</trkpt>
					<trkpt lat="44.721880" lon="3.230680">
						<ele>1132</ele>
						<time>2026-05-01T11:09:54Z</time>
					</trkpt>
					<trkpt lat="44.721780" lon="3.230510">
						<ele>1133</ele>
						<time>2026-05-01T11:10:15Z</time>
					</trkpt>
					<trkpt lat="44.721520" lon="3.230080">
						<ele>1136</ele>
						<time>2026-05-01T11:11:09Z</time>
					</trkpt>
					<trkpt lat="44.721370" lon="3.230140">
						<ele>1135</ele>
						<time>2026-05-01T11:11:29Z</time>
					</trkpt>
					<trkpt lat="44.720860" lon="3.229560">
						<ele>1141</ele>
						<time>2026-05-01T11:12:57Z</time>
					</trkpt>
					<trkpt lat="44.720650" lon="3.229370">
						<ele>1143</ele>
						<time>2026-05-01T11:13:30Z</time>
					</trkpt>
					<trkpt lat="44.720210" lon="3.229110">
						<ele>1147</ele>
						<time>2026-05-01T11:14:34Z</time>
					</trkpt>
					<trkpt lat="44.719360" lon="3.228140">
						<ele>1155</ele>
						<time>2026-05-01T11:17:00Z</time>
					</trkpt>
					<trkpt lat="44.718920" lon="3.227620">
						<ele>1155</ele>
						<time>2026-05-01T11:18:17Z</time>
					</trkpt>
					<trkpt lat="44.718710" lon="3.227390">
						<ele>1155</ele>
						<time>2026-05-01T11:18:52Z</time>
					</trkpt>
					<trkpt lat="44.718330" lon="3.227080">
						<ele>1155</ele>
						<time>2026-05-01T11:19:51Z</time>
					</trkpt>
					<trkpt lat="44.718140" lon="3.226980">
						<ele>1154</ele>
						<time>2026-05-01T11:20:18Z</time>
					</trkpt>
					<trkpt lat="44.717830" lon="3.226880">
						<ele>1152</ele>
						<time>2026-05-01T11:21:00Z</time>
					</trkpt>
					<trkpt lat="44.717600" lon="3.226800">
						<ele>1151</ele>
						<time>2026-05-01T11:21:32Z</time>
					</trkpt>
					<trkpt lat="44.717060" lon="3.226370">
						<ele>1146</ele>
						<time>2026-05-01T11:22:55Z</time>
					</trkpt>
					<trkpt lat="44.717030" lon="3.226310">
						<ele>1146</ele>
						<time>2026-05-01T11:23:02Z</time>
					</trkpt>
					<trkpt lat="44.716740" lon="3.225790">
						<ele>1141</ele>
						<time>2026-05-01T11:24:04Z</time>
					</trkpt>
					<trkpt lat="44.716550" lon="3.225570">
						<ele>1136</ele>
						<time>2026-05-01T11:24:37Z</time>
					</trkpt>
					<trkpt lat="44.716390" lon="3.225280">
						<ele>1131</ele>
						<time>2026-05-01T11:25:12Z</time>
					</trkpt>
					<trkpt lat="44.716220" lon="3.225010">
						<ele>1127</ele>
						<time>2026-05-01T11:25:46Z</time>
					</trkpt>
					<trkpt lat="44.716010" lon="3.224790">
						<ele>1124</ele>
						<time>2026-05-01T11:26:21Z</time>
					</trkpt>
					<trkpt lat="44.715850" lon="3.224720">
						<ele>1122</ele>
						<time>2026-05-01T11:26:43Z</time>
					</trkpt>
					<trkpt lat="44.715550" lon="3.224710">
						<ele>1118</ele>
						<time>2026-05-01T11:27:23Z</time>
					</trkpt>
					<trkpt lat="44.715430" lon="3.224670">
						<ele>1117</ele>
						<time>2026-05-01T11:27:40Z</time>
					</trkpt>
					<trkpt lat="44.715370" lon="3.224590">
						<ele>1116</ele>
						<time>2026-05-01T11:27:51Z</time>
					</trkpt>
					<trkpt lat="44.715330" lon="3.224430">
						<ele>1115</ele>
						<time>2026-05-01T11:28:07Z</time>
					</trkpt>
					<trkpt lat="44.715310" lon="3.223800">
						<ele>1113</ele>
						<time>2026-05-01T11:29:07Z</time>
					</trkpt>
					<trkpt lat="44.715230" lon="3.223150">
						<ele>1113</ele>
						<time>2026-05-01T11:30:09Z</time>
					</trkpt>
					<trkpt lat="44.715090" lon="3.222540">
						<ele>1114</ele>
						<time>2026-05-01T11:31:10Z</time>
					</trkpt>
					<trkpt lat="44.715000" lon="3.222480">
						<ele>1114</ele>
						<time>2026-05-01T11:31:23Z</time>
					</trkpt>
					<trkpt lat="44.714810" lon="3.222480">
						<ele>1114</ele>
						<time>2026-05-01T11:31:49Z</time>
					</trkpt>
					<trkpt lat="44.714820" lon="3.222160">
						<ele>1114</ele>
						<time>2026-05-01T11:32:19Z</time>
					</trkpt>
					<trkpt lat="44.714740" lon="3.222080">
						<ele>1114</ele>
						<time>2026-05-01T11:32:32Z</time>
					</trkpt>
					<trkpt lat="44.714370" lon="3.221470">
						<ele>1118</ele>
						<time>2026-05-01T11:33:48Z</time>
					</trkpt>
					<trkpt lat="44.713970" lon="3.220710">
						<ele>1124</ele>
						<time>2026-05-01T11:35:18Z</time>
					</trkpt>
					<trkpt lat="44.713570" lon="3.220170">
						<ele>1127</ele>
						<time>2026-05-01T11:36:32Z</time>
					</trkpt>
					<trkpt lat="44.713150" lon="3.219820">
						<ele>1129</ele>
						<time>2026-05-01T11:37:37Z</time>
					</trkpt>
					<trkpt lat="44.712640" lon="3.219500">
						<ele>1132</ele>
						<time>2026-05-01T11:38:52Z</time>
					</trkpt>
					<trkpt lat="44.712490" lon="3.219440">
						<ele>1133</ele>
						<time>2026-05-01T11:39:12Z</time>
					</trkpt>
					<trkpt lat="44.712370" lon="3.219330">
						<ele>1133</ele>
						<time>2026-05-01T11:39:32Z</time>
					</trkpt>
					<trkpt lat="44.712280" lon="3.219150">
						<ele>1135</ele>
						<time>2026-05-01T11:39:52Z</time>
					</trkpt>
					<trkpt lat="44.711980" lon="3.218480">
						<ele>1136</ele>
						<time>2026-05-01T11:41:08Z</time>
					</trkpt>
					<trkpt lat="44.711850" lon="3.218280">
						<ele>1138</ele>
						<time>2026-05-01T11:41:33Z</time>
					</trkpt>
					<trkpt lat="44.711750" lon="3.218300">
						<ele>1138</ele>
						<time>2026-05-01T11:41:47Z</time>
					</trkpt>
					<trkpt lat="44.711400" lon="3.218260">
						<ele>1141</ele>
						<time>2026-05-01T11:42:34Z</time>
					</trkpt>
					<trkpt lat="44.711110" lon="3.218120">
						<ele>1143</ele>
						<time>2026-05-01T11:43:14Z</time>
					</trkpt>
					<trkpt lat="44.710500" lon="3.217920">
						<ele>1146</ele>
						<time>2026-05-01T11:44:38Z</time>
					</trkpt>
					<trkpt lat="44.710150" lon="3.217940">
						<ele>1147</ele>
						<time>2026-05-01T11:45:25Z</time>
					</trkpt>
					<trkpt lat="44.709750" lon="3.218040">
						<ele>1150</ele>
						<time>2026-05-01T11:46:19Z</time>
					</trkpt>
					<trkpt lat="44.709340" lon="3.218210">
						<ele>1154</ele>
						<time>2026-05-01T11:47:16Z</time>
					</trkpt>
					<trkpt lat="44.708990" lon="3.218340">
						<ele>1158</ele>
						<time>2026-05-01T11:48:04Z</time>
					</trkpt>
					<trkpt lat="44.708670" lon="3.218600">
						<ele>1160</ele>
						<time>2026-05-01T11:48:54Z</time>
					</trkpt>
					<trkpt lat="44.708530" lon="3.218640">
						<ele>1162</ele>
						<time>2026-05-01T11:49:13Z</time>
					</trkpt>
					<trkpt lat="44.708230" lon="3.218640">
						<ele>1165</ele>
						<time>2026-05-01T11:49:53Z</time>
					</trkpt>
					<trkpt lat="44.707710" lon="3.218690">
						<ele>1172</ele>
						<time>2026-05-01T11:51:02Z</time>
					</trkpt>
					<trkpt lat="44.707350" lon="3.218530">
						<ele>1176</ele>
						<time>2026-05-01T11:51:53Z</time>
					</trkpt>
					<trkpt lat="44.707090" lon="3.218510">
						<ele>1176</ele>
						<time>2026-05-01T11:52:27Z</time>
					</trkpt>
					<trkpt lat="44.706510" lon="3.218530">
						<ele>1177</ele>
						<time>2026-05-01T11:53:45Z</time>
					</trkpt>
					<trkpt lat="44.705890" lon="3.218570">
						<ele>1178</ele>
						<time>2026-05-01T11:55:08Z</time>
					</trkpt>
					<trkpt lat="44.705460" lon="3.218520">
						<ele>1180</ele>
						<time>2026-05-01T11:56:05Z</time>
					</trkpt>
					<trkpt lat="44.704960" lon="3.218380">
						<ele>1183</ele>
						<time>2026-05-01T11:57:13Z</time>
					</trkpt>
					<trkpt lat="44.704800" lon="3.218280">
						<ele>1184</ele>
						<time>2026-05-01T11:57:37Z</time>
					</trkpt>
					<trkpt lat="44.704640" lon="3.218150">
						<ele>1185</ele>
						<time>2026-05-01T11:58:01Z</time>
					</trkpt>
					<trkpt lat="44.704310" lon="3.218040">
						<ele>1187</ele>
						<time>2026-05-01T11:58:47Z</time>
					</trkpt>
					<trkpt lat="44.704050" lon="3.217910">
						<ele>1188</ele>
						<time>2026-05-01T11:59:23Z</time>
					</trkpt>
					<trkpt lat="44.703700" lon="3.217780">
						<ele>1189</ele>
						<time>2026-05-01T12:00:12Z</time>
					</trkpt>
					<trkpt lat="44.703210" lon="3.217730">
						<ele>1190</ele>
						<time>2026-05-01T12:01:17Z</time>
					</trkpt>
					<trkpt lat="44.702810" lon="3.217620">
						<ele>1189</ele>
						<time>2026-05-01T12:02:12Z</time>
					</trkpt>
					<trkpt lat="44.702410" lon="3.217520">
						<ele>1188</ele>
						<time>2026-05-01T12:03:06Z</time>
					</trkpt>
					<trkpt lat="44.702070" lon="3.217500">
						<ele>1188</ele>
						<time>2026-05-01T12:03:51Z</time>
					</trkpt>
					<trkpt lat="44.701820" lon="3.217640">
						<ele>1189</ele>
						<time>2026-05-01T12:04:27Z</time>
					</trkpt>
					<trkpt lat="44.701590" lon="3.217710">
						<ele>1190</ele>
						<time>2026-05-01T12:04:59Z</time>
					</trkpt>
					<trkpt lat="44.701330" lon="3.217730">
						<ele>1191</ele>
						<time>2026-05-01T12:05:33Z</time>
					</trkpt>
					<trkpt lat="44.701120" lon="3.217720">
						<ele>1192</ele>
						<time>2026-05-01T12:06:01Z</time>
					</trkpt>
					<trkpt lat="44.700950" lon="3.217680">
						<ele>1192</ele>
						<time>2026-05-01T12:06:24Z</time>
					</trkpt>
					<trkpt lat="44.700220" lon="3.217240">
						<ele>1192</ele>
						<time>2026-05-01T12:08:10Z</time>
					</trkpt>
					<trkpt lat="44.699740" lon="3.216890">
						<ele>1192</ele>
						<time>2026-05-01T12:09:23Z</time>
					</trkpt>
					<trkpt lat="44.699340" lon="3.216560">
						<ele>1190</ele>
						<time>2026-05-01T12:10:24Z</time>
					</trkpt>
					<trkpt lat="44.698960" lon="3.216360">
						<ele>1190</ele>
						<time>2026-05-01T12:11:19Z</time>
					</trkpt>
					<trkpt lat="44.698710" lon="3.216200">
						<ele>1190</ele>
						<time>2026-05-01T12:11:55Z</time>
					</trkpt>
					<trkpt lat="44.698090" lon="3.215790">
						<ele>1190</ele>
						<time>2026-05-01T12:13:27Z</time>
					</trkpt>
					<trkpt lat="44.697370" lon="3.215350">
						<ele>1193</ele>
						<time>2026-05-01T12:15:11Z</time>
					</trkpt>
					<trkpt lat="44.697130" lon="3.215210">
						<ele>1194</ele>
						<time>2026-05-01T12:15:46Z</time>
					</trkpt>
					<trkpt lat="44.696410" lon="3.214790">
						<ele>1198</ele>
						<time>2026-05-01T12:17:30Z</time>
					</trkpt>
					<trkpt lat="44.696110" lon="3.214650">
						<ele>1199</ele>
						<time>2026-05-01T12:18:12Z</time>
					</trkpt>
					<trkpt lat="44.695980" lon="3.214560">
						<ele>1200</ele>
						<time>2026-05-01T12:18:32Z</time>
					</trkpt>
					<trkpt lat="44.695910" lon="3.214510">
						<ele>1200</ele>
						<time>2026-05-01T12:18:42Z</time>
					</trkpt>
					<trkpt lat="44.695780" lon="3.214460">
						<ele>1200</ele>
						<time>2026-05-01T12:19:00Z</time>
					</trkpt>
					<trkpt lat="44.695310" lon="3.214390">
						<ele>1204</ele>
						<time>2026-05-01T12:20:03Z</time>
					</trkpt>
					<trkpt lat="44.695040" lon="3.214290">
						<ele>1205</ele>
						<time>2026-05-01T12:20:40Z</time>
					</trkpt>
					<trkpt lat="44.694800" lon="3.214120">
						<ele>1206</ele>
						<time>2026-05-01T12:21:16Z</time>
					</trkpt>
					<trkpt lat="44.694630" lon="3.213940">
						<ele>1205</ele>
						<time>2026-05-01T12:21:45Z</time>
					</trkpt>
					<trkpt lat="44.694460" lon="3.213800">
						<ele>1205</ele>
						<time>2026-05-01T12:22:11Z</time>
					</trkpt>
					<trkpt lat="44.694360" lon="3.213750">
						<ele>1206</ele>
						<time>2026-05-01T12:22:25Z</time>
					</trkpt>
					<trkpt lat="44.694190" lon="3.213700">
						<ele>1207</ele>
						<time>2026-05-01T12:22:48Z</time>
					</trkpt>
					<trkpt lat="44.693830" lon="3.213570">
						<ele>1208</ele>
						<time>2026-05-01T12:23:38Z</time>
					</trkpt>
					<trkpt lat="44.693460" lon="3.213370">
						<ele>1210</ele>
						<time>2026-05-01T12:24:31Z</time>
					</trkpt>
					<trkpt lat="44.693000" lon="3.213030">
						<ele>1211</ele>
						<time>2026-05-01T12:25:40Z</time>
					</trkpt>
					<trkpt lat="44.692570" lon="3.212680">
						<ele>1213</ele>
						<time>2026-05-01T12:26:46Z</time>
					</trkpt>
					<trkpt lat="44.692190" lon="3.212460">
						<ele>1213</ele>
						<time>2026-05-01T12:27:41Z</time>
					</trkpt>
					<trkpt lat="44.691230" lon="3.212150">
						<ele>1210</ele>
						<time>2026-05-01T12:29:53Z</time>
					</trkpt>
					<trkpt lat="44.691020" lon="3.212120">
						<ele>1209</ele>
						<time>2026-05-01T12:30:21Z</time>
					</trkpt>
					<trkpt lat="44.690870" lon="3.212140">
						<ele>1209</ele>
						<time>2026-05-01T12:30:41Z</time>
					</trkpt>
					<trkpt lat="44.690610" lon="3.212220">
						<ele>1208</ele>
						<time>2026-05-01T12:31:16Z</time>
					</trkpt>
					<trkpt lat="44.690190" lon="3.212320">
						<ele>1207</ele>
						<time>2026-05-01T12:32:13Z</time>
					</trkpt>
					<trkpt lat="44.689780" lon="3.212420">
						<ele>1206</ele>
						<time>2026-05-01T12:33:09Z</time>
					</trkpt>
					<trkpt lat="44.689530" lon="3.212490">
						<ele>1206</ele>
						<time>2026-05-01T12:33:43Z</time>
					</trkpt>
					<trkpt lat="44.689180" lon="3.212610">
						<ele>1205</ele>
						<time>2026-05-01T12:34:31Z</time>
					</trkpt>
					<trkpt lat="44.689060" lon="3.212630">
						<ele>1205</ele>
						<time>2026-05-01T12:34:47Z</time>
					</trkpt>
					<trkpt lat="44.688980" lon="3.212620">
						<ele>1205</ele>
						<time>2026-05-01T12:34:58Z</time>
					</trkpt>
					<trkpt lat="44.688920" lon="3.212580">
						<ele>1205</ele>
						<time>2026-05-01T12:35:07Z</time>
					</trkpt>
					<trkpt lat="44.688580" lon="3.212190">
						<ele>1205</ele>
						<time>2026-05-01T12:36:05Z</time>
					</trkpt>
					<trkpt lat="44.689040" lon="3.211510">
						<ele>1205</ele>
						<time>2026-05-01T12:37:34Z</time>
					</trkpt>
					<trkpt lat="44.689250" lon="3.211240">
						<ele>1205</ele>
						<time>2026-05-01T12:38:12Z</time>
					</trkpt>
					<trkpt lat="44.689130" lon="3.210310">
						<ele>1209</ele>
						<time>2026-05-01T12:39:42Z</time>
					</trkpt>
					<trkpt lat="44.689160" lon="3.208610">
						<ele>1210</ele>
						<time>2026-05-01T12:42:23Z</time>
					</trkpt>
					<trkpt lat="44.689090" lon="3.207640">
						<ele>1211</ele>
						<time>2026-05-01T12:43:56Z</time>
					</trkpt>
					<trkpt lat="44.688810" lon="3.207120">
						<ele>1213</ele>
						<time>2026-05-01T12:44:58Z</time>
					</trkpt>
					<trkpt lat="44.688300" lon="3.206320">
						<ele>1216</ele>
						<time>2026-05-01T12:46:39Z</time>
					</trkpt>
					<trkpt lat="44.687960" lon="3.206100">
						<ele>1217</ele>
						<time>2026-05-01T12:47:29Z</time>
					</trkpt>
					<trkpt lat="44.687010" lon="3.205410">
						<ele>1218</ele>
						<time>2026-05-01T12:49:52Z</time>
					</trkpt>
					<trkpt lat="44.686110" lon="3.204550">
						<ele>1214</ele>
						<time>2026-05-01T12:52:17Z</time>
					</trkpt>
					<trkpt lat="44.685770" lon="3.204320">
						<ele>1214</ele>
						<time>2026-05-01T12:53:08Z</time>
					</trkpt>
					<trkpt lat="44.685370" lon="3.203120">
						<ele>1213</ele>
						<time>2026-05-01T12:55:13Z</time>
					</trkpt>
					<trkpt lat="44.684950" lon="3.202330">
						<ele>1216</ele>
						<time>2026-05-01T12:56:47Z</time>
					</trkpt>
					<trkpt lat="44.684210" lon="3.201090">
						<ele>1219</ele>
						<time>2026-05-01T12:59:21Z</time>
					</trkpt>
					<trkpt lat="44.683930" lon="3.200560">
						<ele>1221</ele>
						<time>2026-05-01T13:00:23Z</time>
					</trkpt>
					<trkpt lat="44.683650" lon="3.199890">
						<ele>1221</ele>
						<time>2026-05-01T13:01:37Z</time>
					</trkpt>
					<trkpt lat="44.682970" lon="3.199340">
						<ele>1221</ele>
						<time>2026-05-01T13:03:22Z</time>
					</trkpt>
					<trkpt lat="44.682400" lon="3.198980">
						<ele>1220</ele>
						<time>2026-05-01T13:04:45Z</time>
					</trkpt>
					<trkpt lat="44.681360" lon="3.198670">
						<ele>1220</ele>
						<time>2026-05-01T13:07:07Z</time>
					</trkpt>
					<trkpt lat="44.680530" lon="3.198380">
						<ele>1221</ele>
						<time>2026-05-01T13:09:01Z</time>
					</trkpt>
					<trkpt lat="44.680360" lon="3.198290">
						<ele>1220</ele>
						<time>2026-05-01T13:09:25Z</time>
					</trkpt>
					<trkpt lat="44.680120" lon="3.198270">
						<ele>1220</ele>
						<time>2026-05-01T13:09:57Z</time>
					</trkpt>
					<trkpt lat="44.679700" lon="3.198270">
						<ele>1218</ele>
						<time>2026-05-01T13:10:53Z</time>
					</trkpt>
					<trkpt lat="44.679520" lon="3.198210">
						<ele>1217</ele>
						<time>2026-05-01T13:11:18Z</time>
					</trkpt>
					<trkpt lat="44.678900" lon="3.197500">
						<ele>1214</ele>
						<time>2026-05-01T13:13:05Z</time>
					</trkpt>
					<trkpt lat="44.678780" lon="3.197460">
						<ele>1214</ele>
						<time>2026-05-01T13:13:21Z</time>
					</trkpt>
					<trkpt lat="44.677920" lon="3.197350">
						<ele>1213</ele>
						<time>2026-05-01T13:15:16Z</time>
					</trkpt>
					<trkpt lat="44.677570" lon="3.197350">
						<ele>1212</ele>
						<time>2026-05-01T13:16:03Z</time>
					</trkpt>
					<trkpt lat="44.677420" lon="3.197410">
						<ele>1211</ele>
						<time>2026-05-01T13:16:24Z</time>
					</trkpt>
					<trkpt lat="44.677080" lon="3.197630">
						<ele>1209</ele>
						<time>2026-05-01T13:17:14Z</time>
					</trkpt>
					<trkpt lat="44.676910" lon="3.197660">
						<ele>1209</ele>
						<time>2026-05-01T13:17:37Z</time>
					</trkpt>
					<trkpt lat="44.676460" lon="3.197660">
						<ele>1209</ele>
						<time>2026-05-01T13:18:37Z</time>
					</trkpt>
					<trkpt lat="44.675740" lon="3.197750">
						<ele>1207</ele>
						<time>2026-05-01T13:20:13Z</time>
					</trkpt>
					<trkpt lat="44.675190" lon="3.198000">
						<ele>1201</ele>
						<time>2026-05-01T13:21:30Z</time>
					</trkpt>
					<trkpt lat="44.675000" lon="3.198020">
						<ele>1200</ele>
						<time>2026-05-01T13:21:56Z</time>
					</trkpt>
					<trkpt lat="44.674810" lon="3.197930">
						<ele>1198</ele>
						<time>2026-05-01T13:22:23Z</time>
					</trkpt>
					<trkpt lat="44.674590" lon="3.197880">
						<ele>1196</ele>
						<time>2026-05-01T13:22:52Z</time>
					</trkpt>
					<trkpt lat="44.674500" lon="3.197750">
						<ele>1197</ele>
						<time>2026-05-01T13:23:10Z</time>
					</trkpt>
					<trkpt lat="44.674410" lon="3.197720">
						<ele>1196</ele>
						<time>2026-05-01T13:23:22Z</time>
					</trkpt>
					<trkpt lat="44.674110" lon="3.197550">
						<ele>1195</ele>
						<time>2026-05-01T13:24:05Z</time>
					</trkpt>
					<trkpt lat="44.673990" lon="3.197340">
						<ele>1196</ele>
						<time>2026-05-01T13:24:31Z</time>
					</trkpt>
					<trkpt lat="44.673810" lon="3.197210">
						<ele>1195</ele>
						<time>2026-05-01T13:24:58Z</time>
					</trkpt>
					<trkpt lat="44.673600" lon="3.197070">
						<ele>1193</ele>
						<time>2026-05-01T13:25:29Z</time>
					</trkpt>
					<trkpt lat="44.673510" lon="3.196950">
						<ele>1193</ele>
						<time>2026-05-01T13:25:45Z</time>
					</trkpt>
					<trkpt lat="44.673380" lon="3.196550">
						<ele>1192</ele>
						<time>2026-05-01T13:26:27Z</time>
					</trkpt>
					<trkpt lat="44.673340" lon="3.196370">
						<ele>1191</ele>
						<time>2026-05-01T13:26:45Z</time>
					</trkpt>
					<trkpt lat="44.673260" lon="3.195980">
						<ele>1190</ele>
						<time>2026-05-01T13:27:23Z</time>
					</trkpt>
					<trkpt lat="44.673260" lon="3.195740">
						<ele>1190</ele>
						<time>2026-05-01T13:27:46Z</time>
					</trkpt>
					<trkpt lat="44.673320" lon="3.195390">
						<ele>1189</ele>
						<time>2026-05-01T13:28:20Z</time>
					</trkpt>
					<trkpt lat="44.673500" lon="3.194800">
						<ele>1190</ele>
						<time>2026-05-01T13:29:21Z</time>
					</trkpt>
					<trkpt lat="44.673560" lon="3.194490">
						<ele>1190</ele>
						<time>2026-05-01T13:29:52Z</time>
					</trkpt>
					<trkpt lat="44.673460" lon="3.194160">
						<ele>1187</ele>
						<time>2026-05-01T13:30:26Z</time>
					</trkpt>
					<trkpt lat="44.673350" lon="3.194000">
						<ele>1185</ele>
						<time>2026-05-01T13:30:47Z</time>
					</trkpt>
					<trkpt lat="44.673190" lon="3.193950">
						<ele>1184</ele>
						<time>2026-05-01T13:31:09Z</time>
					</trkpt>
					<trkpt lat="44.672890" lon="3.193970">
						<ele>1182</ele>
						<time>2026-05-01T13:31:49Z</time>
					</trkpt>
					<trkpt lat="44.672790" lon="3.193930">
						<ele>1181</ele>
						<time>2026-05-01T13:32:03Z</time>
					</trkpt>
					<trkpt lat="44.672730" lon="3.193850">
						<ele>1181</ele>
						<time>2026-05-01T13:32:14Z</time>
					</trkpt>
					<trkpt lat="44.672690" lon="3.193720">
						<ele>1181</ele>
						<time>2026-05-01T13:32:27Z</time>
					</trkpt>
					<trkpt lat="44.672590" lon="3.193260">
						<ele>1183</ele>
						<time>2026-05-01T13:33:13Z</time>
					</trkpt>
					<trkpt lat="44.672390" lon="3.192530">
						<ele>1186</ele>
						<time>2026-05-01T13:34:27Z</time>
					</trkpt>
					<trkpt lat="44.672320" lon="3.192300">
						<ele>1185</ele>
						<time>2026-05-01T13:34:51Z</time>
					</trkpt>
					<trkpt lat="44.672160" lon="3.191930">
						<ele>1184</ele>
						<time>2026-05-01T13:35:32Z</time>
					</trkpt>
					<trkpt lat="44.672090" lon="3.191650">
						<ele>1184</ele>
						<time>2026-05-01T13:36:00Z</time>
					</trkpt>
					<trkpt lat="44.672050" lon="3.191260">
						<ele>1184</ele>
						<time>2026-05-01T13:36:37Z</time>
					</trkpt>
					<trkpt lat="44.672010" lon="3.190730">
						<ele>1185</ele>
						<time>2026-05-01T13:37:28Z</time>
					</trkpt>
					<trkpt lat="44.671980" lon="3.190140">
						<ele>1185</ele>
						<time>2026-05-01T13:38:24Z</time>
					</trkpt>
					<trkpt lat="44.671980" lon="3.189180">
						<ele>1185</ele>
						<time>2026-05-01T13:39:55Z</time>
					</trkpt>
					<trkpt lat="44.671960" lon="3.188540">
						<ele>1185</ele>
						<time>2026-05-01T13:40:56Z</time>
					</trkpt>
					<trkpt lat="44.671880" lon="3.187660">
						<ele>1184</ele>
						<time>2026-05-01T13:42:20Z</time>
					</trkpt>
					<trkpt lat="44.671880" lon="3.187460">
						<ele>1184</ele>
						<time>2026-05-01T13:42:39Z</time>
					</trkpt>
					<trkpt lat="44.671960" lon="3.186820">
						<ele>1185</ele>
						<time>2026-05-01T13:43:41Z</time>
					</trkpt>
					<trkpt lat="44.672000" lon="3.186580">
						<ele>1186</ele>
						<time>2026-05-01T13:44:04Z</time>
					</trkpt>
					<trkpt lat="44.672070" lon="3.186380">
						<ele>1186</ele>
						<time>2026-05-01T13:44:25Z</time>
					</trkpt>
					<trkpt lat="44.672230" lon="3.186190">
						<ele>1187</ele>
						<time>2026-05-01T13:44:53Z</time>
					</trkpt>
					<trkpt lat="44.672440" lon="3.185990">
						<ele>1188</ele>
						<time>2026-05-01T13:45:27Z</time>
					</trkpt>
					<trkpt lat="44.672800" lon="3.185690">
						<ele>1190</ele>
						<time>2026-05-01T13:46:23Z</time>
					</trkpt>
					<trkpt lat="44.672870" lon="3.185610">
						<ele>1191</ele>
						<time>2026-05-01T13:46:35Z</time>
					</trkpt>
					<trkpt lat="44.672910" lon="3.185500">
						<ele>1191</ele>
						<time>2026-05-01T13:46:47Z</time>
					</trkpt>
					<trkpt lat="44.672960" lon="3.185230">
						<ele>1191</ele>
						<time>2026-05-01T13:47:13Z</time>
					</trkpt>
					<trkpt lat="44.672950" lon="3.185090">
						<ele>1191</ele>
						<time>2026-05-01T13:47:27Z</time>
					</trkpt>
					<trkpt lat="44.672930" lon="3.184940">
						<ele>1191</ele>
						<time>2026-05-01T13:47:41Z</time>
					</trkpt>
					<trkpt lat="44.672640" lon="3.183950">
						<ele>1191</ele>
						<time>2026-05-01T13:49:23Z</time>
					</trkpt>
					<trkpt lat="44.672590" lon="3.183700">
						<ele>1191</ele>
						<time>2026-05-01T13:49:47Z</time>
					</trkpt>
					<trkpt lat="44.672570" lon="3.183480">
						<ele>1191</ele>
						<time>2026-05-01T13:50:08Z</time>
					</trkpt>
					<trkpt lat="44.672560" lon="3.183260">
						<ele>1191</ele>
						<time>2026-05-01T13:50:29Z</time>
					</trkpt>
					<trkpt lat="44.672580" lon="3.182950">
						<ele>1190</ele>
						<time>2026-05-01T13:50:59Z</time>
					</trkpt>
					<trkpt lat="44.672640" lon="3.182580">
						<ele>1190</ele>
						<time>2026-05-01T13:51:35Z</time>
					</trkpt>
					<trkpt lat="44.672910" lon="3.181550">
						<ele>1185</ele>
						<time>2026-05-01T13:53:19Z</time>
					</trkpt>
					<trkpt lat="44.673680" lon="3.179860">
						<ele>1181</ele>
						<time>2026-05-01T13:56:30Z</time>
					</trkpt>
					<trkpt lat="44.674010" lon="3.178700">
						<ele>1181</ele>
						<time>2026-05-01T13:58:28Z</time>
					</trkpt>
					<trkpt lat="44.674070" lon="3.177920">
						<ele>1184</ele>
						<time>2026-05-01T13:59:43Z</time>
					</trkpt>
					<trkpt lat="44.673580" lon="3.176920">
						<ele>1180</ele>
						<time>2026-05-01T14:01:38Z</time>
					</trkpt>
					<trkpt lat="44.673730" lon="3.175350">
						<ele>1179</ele>
						<time>2026-05-01T14:04:08Z</time>
					</trkpt>
					<trkpt lat="44.674080" lon="3.174320">
						<ele>1177</ele>
						<time>2026-05-01T14:05:57Z</time>
					</trkpt>
					<trkpt lat="44.674190" lon="3.173570">
						<ele>1177</ele>
						<time>2026-05-01T14:07:09Z</time>
					</trkpt>
					<trkpt lat="44.674240" lon="3.171990">
						<ele>1180</ele>
						<time>2026-05-01T14:09:39Z</time>
					</trkpt>
					<trkpt lat="44.674200" lon="3.171190">
						<ele>1184</ele>
						<time>2026-05-01T14:10:55Z</time>
					</trkpt>
					<trkpt lat="44.674200" lon="3.170990">
						<ele>1185</ele>
						<time>2026-05-01T14:11:14Z</time>
					</trkpt>
					<trkpt lat="44.674310" lon="3.169590">
						<ele>1196</ele>
						<time>2026-05-01T14:13:28Z</time>
					</trkpt>
					<trkpt lat="44.674340" lon="3.169260">
						<ele>1197</ele>
						<time>2026-05-01T14:14:00Z</time>
					</trkpt>
					<trkpt lat="44.674420" lon="3.168690">
						<ele>1201</ele>
						<time>2026-05-01T14:14:55Z</time>
					</trkpt>
					<trkpt lat="44.674440" lon="3.168580">
						<ele>1201</ele>
						<time>2026-05-01T14:15:05Z</time>
					</trkpt>
					<trkpt lat="44.674300" lon="3.168280">
						<ele>1205</ele>
						<time>2026-05-01T14:15:40Z</time>
					</trkpt>
					<trkpt lat="44.674180" lon="3.168050">
						<ele>1209</ele>
						<time>2026-05-01T14:16:07Z</time>
					</trkpt>
					<trkpt lat="44.673700" lon="3.168660">
						<ele>1208</ele>
						<time>2026-05-01T14:17:33Z</time>
					</trkpt>
					<trkpt lat="44.673350" lon="3.169170">
						<ele>1204</ele>
						<time>2026-05-01T14:18:40Z</time>
					</trkpt>
					<trkpt lat="44.673240" lon="3.169410">
						<ele>1204</ele>
						<time>2026-05-01T14:19:07Z</time>
					</trkpt>
					<trkpt lat="44.673130" lon="3.169640">
						<ele>1205</ele>
						<time>2026-05-01T14:19:34Z</time>
					</trkpt>
					<trkpt lat="44.672730" lon="3.170410">
						<ele>1204</ele>
						<time>2026-05-01T14:21:04Z</time>
					</trkpt>
					<trkpt lat="44.672620" lon="3.170660">
						<ele>1203</ele>
						<time>2026-05-01T14:21:32Z</time>
					</trkpt>
					<trkpt lat="44.672410" lon="3.171450">
						<ele>1201</ele>
						<time>2026-05-01T14:22:52Z</time>
					</trkpt>
					<trkpt lat="44.672320" lon="3.171680">
						<ele>1202</ele>
						<time>2026-05-01T14:23:17Z</time>
					</trkpt>
					<trkpt lat="44.672190" lon="3.171930">
						<ele>1202</ele>
						<time>2026-05-01T14:23:46Z</time>
					</trkpt>
					<trkpt lat="44.671910" lon="3.172330">
						<ele>1201</ele>
						<time>2026-05-01T14:24:40Z</time>
					</trkpt>
					<trkpt lat="44.671620" lon="3.172820">
						<ele>1200</ele>
						<time>2026-05-01T14:25:40Z</time>
					</trkpt>
					<trkpt lat="44.671250" lon="3.173390">
						<ele>1201</ele>
						<time>2026-05-01T14:26:53Z</time>
					</trkpt>
					<trkpt lat="44.670610" lon="3.173990">
						<ele>1199</ele>
						<time>2026-05-01T14:28:36Z</time>
					</trkpt>
					<trkpt lat="44.670260" lon="3.174280">
						<ele>1196</ele>
						<time>2026-05-01T14:29:30Z</time>
					</trkpt>
					<trkpt lat="44.669880" lon="3.174380">
						<ele>1195</ele>
						<time>2026-05-01T14:30:22Z</time>
					</trkpt>
					<trkpt lat="44.669360" lon="3.174670">
						<ele>1190</ele>
						<time>2026-05-01T14:31:36Z</time>
					</trkpt>
					<trkpt lat="44.669010" lon="3.174990">
						<ele>1186</ele>
						<time>2026-05-01T14:32:32Z</time>
					</trkpt>
					<trkpt lat="44.668800" lon="3.175280">
						<ele>1184</ele>
						<time>2026-05-01T14:33:11Z</time>
					</trkpt>
					<trkpt lat="44.668700" lon="3.175890">
						<ele>1177</ele>
						<time>2026-05-01T14:34:11Z</time>
					</trkpt>
					<trkpt lat="44.668480" lon="3.176480">
						<ele>1174</ele>
						<time>2026-05-01T14:35:14Z</time>
					</trkpt>
					<trkpt lat="44.668210" lon="3.176830">
						<ele>1173</ele>
						<time>2026-05-01T14:36:03Z</time>
					</trkpt>
					<trkpt lat="44.667710" lon="3.177050">
						<ele>1172</ele>
						<time>2026-05-01T14:37:13Z</time>
					</trkpt>
					<trkpt lat="44.667530" lon="3.177140">
						<ele>1172</ele>
						<time>2026-05-01T14:37:38Z</time>
					</trkpt>
					<trkpt lat="44.667410" lon="3.177650">
						<ele>1170</ele>
						<time>2026-05-01T14:38:29Z</time>
					</trkpt>
					<trkpt lat="44.667170" lon="3.178350">
						<ele>1167</ele>
						<time>2026-05-01T14:39:43Z</time>
					</trkpt>
					<trkpt lat="44.666270" lon="3.179360">
						<ele>1163</ele>
						<time>2026-05-01T14:42:17Z</time>
					</trkpt>
					<trkpt lat="44.665970" lon="3.179900">
						<ele>1157</ele>
						<time>2026-05-01T14:43:22Z</time>
					</trkpt>
					<trkpt lat="44.665940" lon="3.180250">
						<ele>1155</ele>
						<time>2026-05-01T14:43:55Z</time>
					</trkpt>
					<trkpt lat="44.666100" lon="3.181210">
						<ele>1153</ele>
						<time>2026-05-01T14:45:29Z</time>
					</trkpt>
					<trkpt lat="44.666150" lon="3.181770">
						<ele>1151</ele>
						<time>2026-05-01T14:46:23Z</time>
					</trkpt>
					<trkpt lat="44.666120" lon="3.182400">
						<ele>1151</ele>
						<time>2026-05-01T14:47:22Z</time>
					</trkpt>
					<trkpt lat="44.666030" lon="3.182850">
						<ele>1150</ele>
						<time>2026-05-01T14:48:07Z</time>
					</trkpt>
					<trkpt lat="44.665550" lon="3.183490">
						<ele>1149</ele>
						<time>2026-05-01T14:49:35Z</time>
					</trkpt>
					<trkpt lat="44.664890" lon="3.184400">
						<ele>1147</ele>
						<time>2026-05-01T14:51:38Z</time>
					</trkpt>
					<trkpt lat="44.664770" lon="3.184560">
						<ele>1147</ele>
						<time>2026-05-01T14:52:01Z</time>
					</trkpt>
					<trkpt lat="44.664500" lon="3.185100">
						<ele>1145</ele>
						<time>2026-05-01T14:53:03Z</time>
					</trkpt>
					<trkpt lat="44.664080" lon="3.186140">
						<ele>1142</ele>
						<time>2026-05-01T14:54:57Z</time>
					</trkpt>
					<trkpt lat="44.663560" lon="3.187580">
						<ele>1139</ele>
						<time>2026-05-01T14:57:30Z</time>
					</trkpt>
					<trkpt lat="44.663460" lon="3.188030">
						<ele>1138</ele>
						<time>2026-05-01T14:58:15Z</time>
					</trkpt>
					<trkpt lat="44.663330" lon="3.188530">
						<ele>1137</ele>
						<time>2026-05-01T14:59:05Z</time>
					</trkpt>
					<trkpt lat="44.663050" lon="3.189020">
						<ele>1135</ele>
						<time>2026-05-01T15:00:05Z</time>
					</trkpt>
					<trkpt lat="44.662570" lon="3.189650">
						<ele>1135</ele>
						<time>2026-05-01T15:01:33Z</time>
					</trkpt>
					<trkpt lat="44.661640" lon="3.190240">
						<ele>1132</ele>
						<time>2026-05-01T15:03:49Z</time>
					</trkpt>
					<trkpt lat="44.660960" lon="3.190540">
						<ele>1130</ele>
						<time>2026-05-01T15:05:24Z</time>
					</trkpt>
					<trkpt lat="44.660550" lon="3.190910">
						<ele>1130</ele>
						<time>2026-05-01T15:06:29Z</time>
					</trkpt>
					<trkpt lat="44.659890" lon="3.191480">
						<ele>1131</ele>
						<time>2026-05-01T15:08:12Z</time>
					</trkpt>
					<trkpt lat="44.659620" lon="3.191690">
						<ele>1132</ele>
						<time>2026-05-01T15:08:53Z</time>
					</trkpt>
					<trkpt lat="44.658750" lon="3.191760">
						<ele>1139</ele>
						<time>2026-05-01T15:10:50Z</time>
					</trkpt>
					<trkpt lat="44.657940" lon="3.191900">
						<ele>1147</ele>
						<time>2026-05-01T15:12:39Z</time>
					</trkpt>
					<trkpt lat="44.657650" lon="3.192080">
						<ele>1148</ele>
						<time>2026-05-01T15:13:21Z</time>
					</trkpt>
					<trkpt lat="44.657410" lon="3.192440">
						<ele>1145</ele>
						<time>2026-05-01T15:14:08Z</time>
					</trkpt>
					<trkpt lat="44.657110" lon="3.192860">
						<ele>1145</ele>
						<time>2026-05-01T15:15:04Z</time>
					</trkpt>
					<trkpt lat="44.656690" lon="3.193300">
						<ele>1144</ele>
						<time>2026-05-01T15:16:14Z</time>
					</trkpt>
					<trkpt lat="44.655890" lon="3.193820">
						<ele>1147</ele>
						<time>2026-05-01T15:18:12Z</time>
					</trkpt>
					<trkpt lat="44.654600" lon="3.194960">
						<ele>1146</ele>
						<time>2026-05-01T15:21:35Z</time>
					</trkpt>
					<trkpt lat="44.653970" lon="3.195120">
						<ele>1148</ele>
						<time>2026-05-01T15:23:00Z</time>
					</trkpt>
					<trkpt lat="44.653440" lon="3.195370">
						<ele>1144</ele>
						<time>2026-05-01T15:24:15Z</time>
					</trkpt>
					<trkpt lat="44.652850" lon="3.195830">
						<ele>1143</ele>
						<time>2026-05-01T15:25:45Z</time>
					</trkpt>
					<trkpt lat="44.652770" lon="3.195940">
						<ele>1143</ele>
						<time>2026-05-01T15:26:00Z</time>
					</trkpt>
					<trkpt lat="44.652700" lon="3.196060">
						<ele>1141</ele>
						<time>2026-05-01T15:26:15Z</time>
					</trkpt>
					<trkpt lat="44.652670" lon="3.196180">
						<ele>1139</ele>
						<time>2026-05-01T15:26:27Z</time>
					</trkpt>
					<trkpt lat="44.652580" lon="3.196300">
						<ele>1137</ele>
						<time>2026-05-01T15:26:43Z</time>
					</trkpt>
					<trkpt lat="44.652200" lon="3.196370">
						<ele>1138</ele>
						<time>2026-05-01T15:27:35Z</time>
					</trkpt>
					<trkpt lat="44.651650" lon="3.196320">
						<ele>1142</ele>
						<time>2026-05-01T15:28:48Z</time>
					</trkpt>
					<trkpt lat="44.651520" lon="3.196360">
						<ele>1139</ele>
						<time>2026-05-01T15:29:06Z</time>
					</trkpt>
					<trkpt lat="44.651350" lon="3.196550">
						<ele>1133</ele>
						<time>2026-05-01T15:29:35Z</time>
					</trkpt>
					<trkpt lat="44.651170" lon="3.196980">
						<ele>1125</ele>
						<time>2026-05-01T15:30:22Z</time>
					</trkpt>
					<trkpt lat="44.650750" lon="3.197660">
						<ele>1120</ele>
						<time>2026-05-01T15:31:48Z</time>
					</trkpt>
					<trkpt lat="44.650620" lon="3.197880">
						<ele>1120</ele>
						<time>2026-05-01T15:32:15Z</time>
					</trkpt>
					<trkpt lat="44.650370" lon="3.198280">
						<ele>1120</ele>
						<time>2026-05-01T15:33:05Z</time>
					</trkpt>
					<trkpt lat="44.650130" lon="3.198810">
						<ele>1124</ele>
						<time>2026-05-01T15:34:05Z</time>
					</trkpt>
					<trkpt lat="44.649720" lon="3.199430">
						<ele>1128</ele>
						<time>2026-05-01T15:35:25Z</time>
					</trkpt>
					<trkpt lat="44.649030" lon="3.200220">
						<ele>1133</ele>
						<time>2026-05-01T15:37:24Z</time>
					</trkpt>
					<trkpt lat="44.648960" lon="3.200570">
						<ele>1135</ele>
						<time>2026-05-01T15:37:59Z</time>
					</trkpt>
					<trkpt lat="44.648940" lon="3.201590">
						<ele>1139</ele>
						<time>2026-05-01T15:39:36Z</time>
					</trkpt>
					<trkpt lat="44.648690" lon="3.202480">
						<ele>1138</ele>
						<time>2026-05-01T15:41:06Z</time>
					</trkpt>
					<trkpt lat="44.648140" lon="3.204590">
						<ele>1142</ele>
						<time>2026-05-01T15:44:40Z</time>
					</trkpt>
					<trkpt lat="44.648120" lon="3.205730">
						<ele>1141</ele>
						<time>2026-05-01T15:46:28Z</time>
					</trkpt>
					<trkpt lat="44.647450" lon="3.206940">
						<ele>1135</ele>
						<time>2026-05-01T15:48:54Z</time>
					</trkpt>
					<trkpt lat="44.646890" lon="3.207520">
						<ele>1131</ele>
						<time>2026-05-01T15:50:26Z</time>
					</trkpt>
					<trkpt lat="44.645980" lon="3.207860">
						<ele>1133</ele>
						<time>2026-05-01T15:52:32Z</time>
					</trkpt>
					<trkpt lat="44.645360" lon="3.207780">
						<ele>1136</ele>
						<time>2026-05-01T15:53:55Z</time>
					</trkpt>
					<trkpt lat="44.644990" lon="3.207780">
						<ele>1137</ele>
						<time>2026-05-01T15:54:44Z</time>
					</trkpt>
					<trkpt lat="44.644860" lon="3.207860">
						<ele>1138</ele>
						<time>2026-05-01T15:55:03Z</time>
					</trkpt>
					<trkpt lat="44.644690" lon="3.208090">
						<ele>1140</ele>
						<time>2026-05-01T15:55:35Z</time>
					</trkpt>
					<trkpt lat="44.644690" lon="3.208250">
						<ele>1140</ele>
						<time>2026-05-01T15:55:50Z</time>
					</trkpt>
					<trkpt lat="44.644720" lon="3.208380">
						<ele>1141</ele>
						<time>2026-05-01T15:56:03Z</time>
					</trkpt>
					<trkpt lat="44.644840" lon="3.208560">
						<ele>1142</ele>
						<time>2026-05-01T15:56:26Z</time>
					</trkpt>
					<trkpt lat="44.645000" lon="3.208740">
						<ele>1143</ele>
						<time>2026-05-01T15:56:54Z</time>
					</trkpt>
					<trkpt lat="44.645060" lon="3.208880">
						<ele>1144</ele>
						<time>2026-05-01T15:57:09Z</time>
					</trkpt>
					<trkpt lat="44.645090" lon="3.209020">
						<ele>1146</ele>
						<time>2026-05-01T15:57:23Z</time>
					</trkpt>
					<trkpt lat="44.645020" lon="3.209350">
						<ele>1148</ele>
						<time>2026-05-01T15:57:56Z</time>
					</trkpt>
					<trkpt lat="44.644780" lon="3.210020">
						<ele>1148</ele>
						<time>2026-05-01T15:59:07Z</time>
					</trkpt>
					<trkpt lat="44.644700" lon="3.210070">
						<ele>1149</ele>
						<time>2026-05-01T15:59:19Z</time>
					</trkpt>
					<trkpt lat="44.644460" lon="3.210320">
						<ele>1149</ele>
						<time>2026-05-01T15:59:59Z</time>
					</trkpt>
					<trkpt lat="44.644320" lon="3.210430">
						<ele>1150</ele>
						<time>2026-05-01T16:00:20Z</time>
					</trkpt>
					<trkpt lat="44.644150" lon="3.210510">
						<ele>1152</ele>
						<time>2026-05-01T16:00:44Z</time>
					</trkpt>
					<trkpt lat="44.643980" lon="3.210540">
						<ele>1152</ele>
						<time>2026-05-01T16:01:07Z</time>
					</trkpt>
					<trkpt lat="44.643810" lon="3.210530">
						<ele>1152</ele>
						<time>2026-05-01T16:01:30Z</time>
					</trkpt>
					<trkpt lat="44.643420" lon="3.210560">
						<ele>1153</ele>
						<time>2026-05-01T16:02:22Z</time>
					</trkpt>
					<trkpt lat="44.643210" lon="3.210610">
						<ele>1153</ele>
						<time>2026-05-01T16:02:50Z</time>
					</trkpt>
					<trkpt lat="44.643040" lon="3.210700">
						<ele>1153</ele>
						<time>2026-05-01T16:03:14Z</time>
					</trkpt>
					<trkpt lat="44.642370" lon="3.211900">
						<ele>1153</ele>
						<time>2026-05-01T16:05:39Z</time>
					</trkpt>
					<trkpt lat="44.642140" lon="3.211610">
						<ele>1153</ele>
						<time>2026-05-01T16:06:20Z</time>
					</trkpt>
					<trkpt lat="44.641790" lon="3.211340">
						<ele>1153</ele>
						<time>2026-05-01T16:07:14Z</time>
					</trkpt>
					<trkpt lat="44.641510" lon="3.211090">
						<ele>1154</ele>
						<time>2026-05-01T16:07:58Z</time>
					</trkpt>
					<trkpt lat="44.641280" lon="3.210960">
						<ele>1155</ele>
						<time>2026-05-01T16:08:31Z</time>
					</trkpt>
					<trkpt lat="44.640020" lon="3.210750">
						<ele>1162</ele>
						<time>2026-05-01T16:11:20Z</time>
					</trkpt>
					<trkpt lat="44.639600" lon="3.210660">
						<ele>1166</ele>
						<time>2026-05-01T16:12:17Z</time>
					</trkpt>
					<trkpt lat="44.639400" lon="3.210670">
						<ele>1168</ele>
						<time>2026-05-01T16:12:44Z</time>
					</trkpt>
					<trkpt lat="44.639210" lon="3.210740">
						<ele>1168</ele>
						<time>2026-05-01T16:13:10Z</time>
					</trkpt>
					<trkpt lat="44.638810" lon="3.210840">
						<ele>1171</ele>
						<time>2026-05-01T16:14:04Z</time>
					</trkpt>
					<trkpt lat="44.638400" lon="3.211020">
						<ele>1175</ele>
						<time>2026-05-01T16:15:02Z</time>
					</trkpt>
					<trkpt lat="44.638100" lon="3.211090">
						<ele>1178</ele>
						<time>2026-05-01T16:15:42Z</time>
					</trkpt>
					<trkpt lat="44.637800" lon="3.211190">
						<ele>1181</ele>
						<time>2026-05-01T16:16:23Z</time>
					</trkpt>
					<trkpt lat="44.637610" lon="3.211190">
						<ele>1183</ele>
						<time>2026-05-01T16:16:49Z</time>
					</trkpt>
					<trkpt lat="44.637360" lon="3.211170">
						<ele>1186</ele>
						<time>2026-05-01T16:17:22Z</time>
					</trkpt>
					<trkpt lat="44.636790" lon="3.211300">
						<ele>1189</ele>
						<time>2026-05-01T16:18:39Z</time>
					</trkpt>
					<trkpt lat="44.636660" lon="3.211400">
						<ele>1189</ele>
						<time>2026-05-01T16:18:59Z</time>
					</trkpt>
					<trkpt lat="44.636200" lon="3.211980">
						<ele>1186</ele>
						<time>2026-05-01T16:20:21Z</time>
					</trkpt>
					<trkpt lat="44.636000" lon="3.212270">
						<ele>1182</ele>
						<time>2026-05-01T16:21:00Z</time>
					</trkpt>
					<trkpt lat="44.635740" lon="3.212460">
						<ele>1180</ele>
						<time>2026-05-01T16:21:39Z</time>
					</trkpt>
					<trkpt lat="44.635630" lon="3.212510">
						<ele>1179</ele>
						<time>2026-05-01T16:21:54Z</time>
					</trkpt>
					<trkpt lat="44.635260" lon="3.212540">
						<ele>1181</ele>
						<time>2026-05-01T16:22:44Z</time>
					</trkpt>
					<trkpt lat="44.634950" lon="3.212550">
						<ele>1182</ele>
						<time>2026-05-01T16:23:25Z</time>
					</trkpt>
					<trkpt lat="44.634730" lon="3.212510">
						<ele>1181</ele>
						<time>2026-05-01T16:23:55Z</time>
					</trkpt>
					<trkpt lat="44.634530" lon="3.212440">
						<ele>1181</ele>
						<time>2026-05-01T16:24:22Z</time>
					</trkpt>
					<trkpt lat="44.634180" lon="3.212260">
						<ele>1180</ele>
						<time>2026-05-01T16:25:12Z</time>
					</trkpt>
					<trkpt lat="44.633930" lon="3.212170">
						<ele>1178</ele>
						<time>2026-05-01T16:25:46Z</time>
					</trkpt>
					<trkpt lat="44.633730" lon="3.212090">
						<ele>1177</ele>
						<time>2026-05-01T16:26:14Z</time>
					</trkpt>
					<trkpt lat="44.633560" lon="3.211910">
						<ele>1177</ele>
						<time>2026-05-01T16:26:42Z</time>
					</trkpt>
					<trkpt lat="44.633370" lon="3.211740">
						<ele>1177</ele>
						<time>2026-05-01T16:27:13Z</time>
					</trkpt>
					<trkpt lat="44.633290" lon="3.211680">
						<ele>1177</ele>
						<time>2026-05-01T16:27:25Z</time>
					</trkpt>
					<trkpt lat="44.633020" lon="3.211580">
						<ele>1176</ele>
						<time>2026-05-01T16:28:02Z</time>
					</trkpt>
					<trkpt lat="44.632960" lon="3.211540">
						<ele>1175</ele>
						<time>2026-05-01T16:28:11Z</time>
					</trkpt>
					<trkpt lat="44.632760" lon="3.211330">
						<ele>1176</ele>
						<time>2026-05-01T16:28:44Z</time>
					</trkpt>
					<trkpt lat="44.632560" lon="3.211190">
						<ele>1174</ele>
						<time>2026-05-01T16:29:14Z</time>
					</trkpt>
					<trkpt lat="44.632470" lon="3.211040">
						<ele>1175</ele>
						<time>2026-05-01T16:29:33Z</time>
					</trkpt>
					<trkpt lat="44.632360" lon="3.210780">
						<ele>1175</ele>
						<time>2026-05-01T16:30:01Z</time>
					</trkpt>
					<trkpt lat="44.632310" lon="3.210720">
						<ele>1175</ele>
						<time>2026-05-01T16:30:10Z</time>
					</trkpt>
					<trkpt lat="44.632240" lon="3.210710">
						<ele>1175</ele>
						<time>2026-05-01T16:30:19Z</time>
					</trkpt>
					<trkpt lat="44.632200" lon="3.210740">
						<ele>1174</ele>
						<time>2026-05-01T16:30:25Z</time>
					</trkpt>
					<trkpt lat="44.632120" lon="3.210860">
						<ele>1173</ele>
						<time>2026-05-01T16:30:41Z</time>
					</trkpt>
					<trkpt lat="44.632060" lon="3.210920">
						<ele>1172</ele>
						<time>2026-05-01T16:30:51Z</time>
					</trkpt>
					<trkpt lat="44.631960" lon="3.210910">
						<ele>1172</ele>
						<time>2026-05-01T16:31:04Z</time>
					</trkpt>
					<trkpt lat="44.631890" lon="3.210860">
						<ele>1172</ele>
						<time>2026-05-01T16:31:15Z</time>
					</trkpt>
					<trkpt lat="44.631790" lon="3.210700">
						<ele>1171</ele>
						<time>2026-05-01T16:31:35Z</time>
					</trkpt>
					<trkpt lat="44.631700" lon="3.210500">
						<ele>1171</ele>
						<time>2026-05-01T16:31:57Z</time>
					</trkpt>
					<trkpt lat="44.631650" lon="3.210420">
						<ele>1170</ele>
						<time>2026-05-01T16:32:08Z</time>
					</trkpt>
					<trkpt lat="44.631590" lon="3.210340">
						<ele>1170</ele>
						<time>2026-05-01T16:32:19Z</time>
					</trkpt>
					<trkpt lat="44.631420" lon="3.210220">
						<ele>1168</ele>
						<time>2026-05-01T16:32:44Z</time>
					</trkpt>
					<trkpt lat="44.631280" lon="3.210100">
						<ele>1166</ele>
						<time>2026-05-01T16:33:06Z</time>
					</trkpt>
					<trkpt lat="44.631190" lon="3.209960">
						<ele>1165</ele>
						<time>2026-05-01T16:33:24Z</time>
					</trkpt>
					<trkpt lat="44.631080" lon="3.209670">
						<ele>1164</ele>
						<time>2026-05-01T16:33:55Z</time>
					</trkpt>
					<trkpt lat="44.631010" lon="3.209560">
						<ele>1163</ele>
						<time>2026-05-01T16:34:09Z</time>
					</trkpt>
					<trkpt lat="44.630920" lon="3.209500">
						<ele>1162</ele>
						<time>2026-05-01T16:34:22Z</time>
					</trkpt>
					<trkpt lat="44.630740" lon="3.209430">
						<ele>1162</ele>
						<time>2026-05-01T16:34:47Z</time>
					</trkpt>
					<trkpt lat="44.630620" lon="3.209360">
						<ele>1162</ele>
						<time>2026-05-01T16:35:05Z</time>
					</trkpt>
					<trkpt lat="44.630440" lon="3.209170">
						<ele>1162</ele>
						<time>2026-05-01T16:35:35Z</time>
					</trkpt>
					<trkpt lat="44.630370" lon="3.209230">
						<ele>1162</ele>
						<time>2026-05-01T16:35:46Z</time>
					</trkpt>
					<trkpt lat="44.630280" lon="3.209260">
						<ele>1162</ele>
						<time>2026-05-01T16:35:58Z</time>
					</trkpt>
					<trkpt lat="44.630090" lon="3.209260">
						<ele>1162</ele>
						<time>2026-05-01T16:36:23Z</time>
					</trkpt>
					<trkpt lat="44.630040" lon="3.209300">
						<ele>1161</ele>
						<time>2026-05-01T16:36:31Z</time>
					</trkpt>
					<trkpt lat="44.630010" lon="3.209360">
						<ele>1161</ele>
						<time>2026-05-01T16:36:38Z</time>
					</trkpt>
					<trkpt lat="44.630000" lon="3.209470">
						<ele>1161</ele>
						<time>2026-05-01T16:36:48Z</time>
					</trkpt>
					<trkpt lat="44.630000" lon="3.209570">
						<ele>1160</ele>
						<time>2026-05-01T16:36:58Z</time>
					</trkpt>
					<trkpt lat="44.629990" lon="3.209620">
						<ele>1160</ele>
						<time>2026-05-01T16:37:03Z</time>
					</trkpt>
					<trkpt lat="44.629970" lon="3.209680">
						<ele>1159</ele>
						<time>2026-05-01T16:37:09Z</time>
					</trkpt>
					<trkpt lat="44.629950" lon="3.209730">
						<ele>1159</ele>
						<time>2026-05-01T16:37:15Z</time>
					</trkpt>
					<trkpt lat="44.629760" lon="3.209900">
						<ele>1158</ele>
						<time>2026-05-01T16:37:45Z</time>
					</trkpt>
					<trkpt lat="44.629690" lon="3.210000">
						<ele>1157</ele>
						<time>2026-05-01T16:37:58Z</time>
					</trkpt>
					<trkpt lat="44.629590" lon="3.210190">
						<ele>1156</ele>
						<time>2026-05-01T16:38:20Z</time>
					</trkpt>
					<trkpt lat="44.629540" lon="3.210330">
						<ele>1156</ele>
						<time>2026-05-01T16:38:35Z</time>
					</trkpt>
					<trkpt lat="44.629500" lon="3.210480">
						<ele>1155</ele>
						<time>2026-05-01T16:38:51Z</time>
					</trkpt>
					<trkpt lat="44.629510" lon="3.210730">
						<ele>1154</ele>
						<time>2026-05-01T16:39:14Z</time>
					</trkpt>
					<trkpt lat="44.629530" lon="3.210990">
						<ele>1154</ele>
						<time>2026-05-01T16:39:39Z</time>
					</trkpt>
					<trkpt lat="44.629510" lon="3.211140">
						<ele>1154</ele>
						<time>2026-05-01T16:39:54Z</time>
					</trkpt>
					<trkpt lat="44.629420" lon="3.211390">
						<ele>1154</ele>
						<time>2026-05-01T16:40:20Z</time>
					</trkpt>
					<trkpt lat="44.629340" lon="3.211500">
						<ele>1154</ele>
						<time>2026-05-01T16:40:35Z</time>
					</trkpt>
					<trkpt lat="44.629250" lon="3.211580">
						<ele>1154</ele>
						<time>2026-05-01T16:40:49Z</time>
					</trkpt>
					<trkpt lat="44.629060" lon="3.211600">
						<ele>1154</ele>
						<time>2026-05-01T16:41:15Z</time>
					</trkpt>
					<trkpt lat="44.628830" lon="3.211560">
						<ele>1155</ele>
						<time>2026-05-01T16:41:46Z</time>
					</trkpt>
					<trkpt lat="44.628710" lon="3.211560">
						<ele>1155</ele>
						<time>2026-05-01T16:42:02Z</time>
					</trkpt>
					<trkpt lat="44.628580" lon="3.211610">
						<ele>1156</ele>
						<time>2026-05-01T16:42:20Z</time>
					</trkpt>
					<trkpt lat="44.628410" lon="3.211610">
						<ele>1156</ele>
						<time>2026-05-01T16:42:42Z</time>
					</trkpt>
					<trkpt lat="44.628220" lon="3.211640">
						<ele>1158</ele>
						<time>2026-05-01T16:43:08Z</time>
					</trkpt>
					<trkpt lat="44.628000" lon="3.211610">
						<ele>1160</ele>
						<time>2026-05-01T16:43:37Z</time>
					</trkpt>
					<trkpt lat="44.627830" lon="3.211550">
						<ele>1161</ele>
						<time>2026-05-01T16:44:01Z</time>
					</trkpt>
					<trkpt lat="44.627500" lon="3.211340">
						<ele>1161</ele>
						<time>2026-05-01T16:44:49Z</time>
					</trkpt>
					<trkpt lat="44.627340" lon="3.211290">
						<ele>1161</ele>
						<time>2026-05-01T16:45:11Z</time>
					</trkpt>
					<trkpt lat="44.627150" lon="3.211280">
						<ele>1161</ele>
						<time>2026-05-01T16:45:36Z</time>
					</trkpt>
					<trkpt lat="44.627020" lon="3.211310">
						<ele>1162</ele>
						<time>2026-05-01T16:45:54Z</time>
					</trkpt>
					<trkpt lat="44.626950" lon="3.211340">
						<ele>1163</ele>
						<time>2026-05-01T16:46:04Z</time>
					</trkpt>
					<trkpt lat="44.626910" lon="3.211400">
						<ele>1163</ele>
						<time>2026-05-01T16:46:12Z</time>
					</trkpt>
					<trkpt lat="44.626820" lon="3.211490">
						<ele>1165</ele>
						<time>2026-05-01T16:46:26Z</time>
					</trkpt>
					<trkpt lat="44.626700" lon="3.211560">
						<ele>1166</ele>
						<time>2026-05-01T16:46:44Z</time>
					</trkpt>
					<trkpt lat="44.626580" lon="3.211600">
						<ele>1167</ele>
						<time>2026-05-01T16:47:00Z</time>
					</trkpt>
					<trkpt lat="44.626360" lon="3.211560">
						<ele>1169</ele>
						<time>2026-05-01T16:47:30Z</time>
					</trkpt>
					<trkpt lat="44.626280" lon="3.211510">
						<ele>1169</ele>
						<time>2026-05-01T16:47:41Z</time>
					</trkpt>
					<trkpt lat="44.626120" lon="3.211340">
						<ele>1169</ele>
						<time>2026-05-01T16:48:08Z</time>
					</trkpt>
					<trkpt lat="44.626080" lon="3.211360">
						<ele>1170</ele>
						<time>2026-05-01T16:48:14Z</time>
					</trkpt>
					<trkpt lat="44.626030" lon="3.211420">
						<ele>1171</ele>
						<time>2026-05-01T16:48:23Z</time>
					</trkpt>
					<trkpt lat="44.625940" lon="3.211560">
						<ele>1174</ele>
						<time>2026-05-01T16:48:41Z</time>
					</trkpt>
					<trkpt lat="44.625870" lon="3.211610">
						<ele>1175</ele>
						<time>2026-05-01T16:48:51Z</time>
					</trkpt>
					<trkpt lat="44.625570" lon="3.211780">
						<ele>1179</ele>
						<time>2026-05-01T16:49:34Z</time>
					</trkpt>
					<trkpt lat="44.625290" lon="3.212230">
						<ele>1187</ele>
						<time>2026-05-01T16:50:31Z</time>
					</trkpt>
					<trkpt lat="44.625170" lon="3.212360">
						<ele>1190</ele>
						<time>2026-05-01T16:50:51Z</time>
					</trkpt>
					<trkpt lat="44.625040" lon="3.212420">
						<ele>1192</ele>
						<time>2026-05-01T16:51:09Z</time>
					</trkpt>
					<trkpt lat="44.624900" lon="3.212470">
						<ele>1194</ele>
						<time>2026-05-01T16:51:29Z</time>
					</trkpt>
					<trkpt lat="44.624700" lon="3.212510">
						<ele>1197</ele>
						<time>2026-05-01T16:51:56Z</time>
					</trkpt>
					<trkpt lat="44.624490" lon="3.212510">
						<ele>1200</ele>
						<time>2026-05-01T16:52:24Z</time>
					</trkpt>
					<trkpt lat="44.624350" lon="3.212450">
						<ele>1202</ele>
						<time>2026-05-01T16:52:43Z</time>
					</trkpt>
					<trkpt lat="44.624220" lon="3.212450">
						<ele>1204</ele>
						<time>2026-05-01T16:53:01Z</time>
					</trkpt>
					<trkpt lat="44.624050" lon="3.212410">
						<ele>1205</ele>
						<time>2026-05-01T16:53:24Z</time>
					</trkpt>
					<trkpt lat="44.623930" lon="3.212470">
						<ele>1207</ele>
						<time>2026-05-01T16:53:41Z</time>
					</trkpt>
					<trkpt lat="44.623820" lon="3.212470">
						<ele>1208</ele>
						<time>2026-05-01T16:53:55Z</time>
					</trkpt>
					<trkpt lat="44.623730" lon="3.212520">
						<ele>1210</ele>
						<time>2026-05-01T16:54:08Z</time>
					</trkpt>
					<trkpt lat="44.623480" lon="3.212230">
						<ele>1210</ele>
						<time>2026-05-01T16:54:51Z</time>
					</trkpt>
					<trkpt lat="44.623380" lon="3.212100">
						<ele>1210</ele>
						<time>2026-05-01T16:55:10Z</time>
					</trkpt>
					<trkpt lat="44.622900" lon="3.212050">
						<ele>1209</ele>
						<time>2026-05-01T16:56:14Z</time>
					</trkpt>
					<trkpt lat="44.622570" lon="3.212150">
						<ele>1210</ele>
						<time>2026-05-01T16:56:59Z</time>
					</trkpt>
					<trkpt lat="44.622050" lon="3.212530">
						<ele>1212</ele>
						<time>2026-05-01T16:58:17Z</time>
					</trkpt>
					<trkpt lat="44.621830" lon="3.213050">
						<ele>1215</ele>
						<time>2026-05-01T16:59:15Z</time>
					</trkpt>
					<trkpt lat="44.621520" lon="3.213520">
						<ele>1217</ele>
						<time>2026-05-01T17:00:15Z</time>
					</trkpt>
					<trkpt lat="44.621380" lon="3.214140">
						<ele>1220</ele>
						<time>2026-05-01T17:01:17Z</time>
					</trkpt>
					<trkpt lat="44.621050" lon="3.214810">
						<ele>1223</ele>
						<time>2026-05-01T17:02:35Z</time>
					</trkpt>
					<trkpt lat="44.620670" lon="3.215340">
						<ele>1226</ele>
						<time>2026-05-01T17:03:46Z</time>
					</trkpt>
					<trkpt lat="44.620270" lon="3.216320">
						<ele>1229</ele>
						<time>2026-05-01T17:05:33Z</time>
					</trkpt>
					<trkpt lat="44.619870" lon="3.217280">
						<ele>1231</ele>
						<time>2026-05-01T17:07:19Z</time>
					</trkpt>
					<trkpt lat="44.619670" lon="3.217500">
						<ele>1232</ele>
						<time>2026-05-01T17:07:53Z</time>
					</trkpt>
					<trkpt lat="44.619370" lon="3.217540">
						<ele>1233</ele>
						<time>2026-05-01T17:08:33Z</time>
					</trkpt>
					<trkpt lat="44.619060" lon="3.217520">
						<ele>1235</ele>
						<time>2026-05-01T17:09:15Z</time>
					</trkpt>
					<trkpt lat="44.618890" lon="3.217570">
						<ele>1237</ele>
						<time>2026-05-01T17:09:38Z</time>
					</trkpt>
					<trkpt lat="44.618610" lon="3.217740">
						<ele>1238</ele>
						<time>2026-05-01T17:10:18Z</time>
					</trkpt>
					<trkpt lat="44.618350" lon="3.217950">
						<ele>1237</ele>
						<time>2026-05-01T17:10:58Z</time>
					</trkpt>
					<trkpt lat="44.618070" lon="3.217980">
						<ele>1240</ele>
						<time>2026-05-01T17:11:36Z</time>
					</trkpt>
					<trkpt lat="44.617750" lon="3.218130">
						<ele>1242</ele>
						<time>2026-05-01T17:12:21Z</time>
					</trkpt>
					<trkpt lat="44.617550" lon="3.218310">
						<ele>1243</ele>
						<time>2026-05-01T17:12:53Z</time>
					</trkpt>
					<trkpt lat="44.617440" lon="3.218700">
						<ele>1243</ele>
						<time>2026-05-01T17:13:32Z</time>
					</trkpt>
					<trkpt lat="44.617160" lon="3.219580">
						<ele>1243</ele>
						<time>2026-05-01T17:15:04Z</time>
					</trkpt>
					<trkpt lat="44.616930" lon="3.220030">
						<ele>1245</ele>
						<time>2026-05-01T17:15:57Z</time>
					</trkpt>
					<trkpt lat="44.616710" lon="3.220220">
						<ele>1247</ele>
						<time>2026-05-01T17:16:31Z</time>
					</trkpt>
					<trkpt lat="44.616480" lon="3.220520">
						<ele>1246</ele>
						<time>2026-05-01T17:17:13Z</time>
					</trkpt>
					<trkpt lat="44.616190" lon="3.220690">
						<ele>1245</ele>
						<time>2026-05-01T17:17:55Z</time>
					</trkpt>
					<trkpt lat="44.615970" lon="3.220760">
						<ele>1244</ele>
						<time>2026-05-01T17:18:25Z</time>
					</trkpt>
					<trkpt lat="44.615530" lon="3.220860">
						<ele>1241</ele>
						<time>2026-05-01T17:19:25Z</time>
					</trkpt>
					<trkpt lat="44.615340" lon="3.220740">
						<ele>1240</ele>
						<time>2026-05-01T17:19:52Z</time>
					</trkpt>
					<trkpt lat="44.615130" lon="3.220470">
						<ele>1239</ele>
						<time>2026-05-01T17:20:30Z</time>
					</trkpt>
					<trkpt lat="44.614980" lon="3.220260">
						<ele>1239</ele>
						<time>2026-05-01T17:20:59Z</time>
					</trkpt>
					<trkpt lat="44.614770" lon="3.220100">
						<ele>1237</ele>
						<time>2026-05-01T17:21:30Z</time>
					</trkpt>
					<trkpt lat="44.614630" lon="3.219930">
						<ele>1234</ele>
						<time>2026-05-01T17:21:55Z</time>
					</trkpt>
					<trkpt lat="44.614430" lon="3.219530">
						<ele>1231</ele>
						<time>2026-05-01T17:22:42Z</time>
					</trkpt>
					<trkpt lat="44.614310" lon="3.219310">
						<ele>1228</ele>
						<time>2026-05-01T17:23:08Z</time>
					</trkpt>
					<trkpt lat="44.614160" lon="3.219220">
						<ele>1225</ele>
						<time>2026-05-01T17:23:30Z</time>
					</trkpt>
					<trkpt lat="44.613980" lon="3.219160">
						<ele>1223</ele>
						<time>2026-05-01T17:23:54Z</time>
					</trkpt>
					<trkpt lat="44.613830" lon="3.219240">
						<ele>1221</ele>
						<time>2026-05-01T17:24:16Z</time>
					</trkpt>
					<trkpt lat="44.613710" lon="3.219460">
						<ele>1220</ele>
						<time>2026-05-01T17:24:42Z</time>
					</trkpt>
					<trkpt lat="44.613650" lon="3.219660">
						<ele>1220</ele>
						<time>2026-05-01T17:25:03Z</time>
					</trkpt>
					<trkpt lat="44.613530" lon="3.219890">
						<ele>1219</ele>
						<time>2026-05-01T17:25:30Z</time>
					</trkpt>
					<trkpt lat="44.613440" lon="3.219940">
						<ele>1219</ele>
						<time>2026-05-01T17:25:43Z</time>
					</trkpt>
					<trkpt lat="44.613330" lon="3.219900">
						<ele>1217</ele>
						<time>2026-05-01T17:25:58Z</time>
					</trkpt>
					<trkpt lat="44.613140" lon="3.219780">
						<ele>1215</ele>
						<time>2026-05-01T17:26:26Z</time>
					</trkpt>
					<trkpt lat="44.612750" lon="3.219370">
						<ele>1207</ele>
						<time>2026-05-01T17:27:31Z</time>
					</trkpt>
					<trkpt lat="44.612610" lon="3.219290">
						<ele>1204</ele>
						<time>2026-05-01T17:27:51Z</time>
					</trkpt>
					<trkpt lat="44.612450" lon="3.219340">
						<ele>1203</ele>
						<time>2026-05-01T17:28:13Z</time>
					</trkpt>
					<trkpt lat="44.612280" lon="3.219640">
						<ele>1203</ele>
						<time>2026-05-01T17:28:49Z</time>
					</trkpt>
					<trkpt lat="44.612190" lon="3.219730">
						<ele>1203</ele>
						<time>2026-05-01T17:29:04Z</time>
					</trkpt>
					<trkpt lat="44.612040" lon="3.219810">
						<ele>1202</ele>
						<time>2026-05-01T17:29:25Z</time>
					</trkpt>
					<trkpt lat="44.611920" lon="3.219830">
						<ele>1201</ele>
						<time>2026-05-01T17:29:41Z</time>
					</trkpt>
					<trkpt lat="44.611730" lon="3.219810">
						<ele>1199</ele>
						<time>2026-05-01T17:30:07Z</time>
					</trkpt>
					<trkpt lat="44.611260" lon="3.219550">
						<ele>1193</ele>
						<time>2026-05-01T17:31:14Z</time>
					</trkpt>
					<trkpt lat="44.610650" lon="3.219290">
						<ele>1188</ele>
						<time>2026-05-01T17:32:39Z</time>
					</trkpt>
					<trkpt lat="44.610500" lon="3.219190">
						<ele>1188</ele>
						<time>2026-05-01T17:33:01Z</time>
					</trkpt>
					<trkpt lat="44.610200" lon="3.218890">
						<ele>1185</ele>
						<time>2026-05-01T17:33:51Z</time>
					</trkpt>
					<trkpt lat="44.609860" lon="3.218440">
						<ele>1177</ele>
						<time>2026-05-01T17:34:53Z</time>
					</trkpt>
					<trkpt lat="44.609700" lon="3.218250">
						<ele>1174</ele>
						<time>2026-05-01T17:35:21Z</time>
					</trkpt>
					<trkpt lat="44.609550" lon="3.218160">
						<ele>1173</ele>
						<time>2026-05-01T17:35:43Z</time>
					</trkpt>
					<trkpt lat="44.609220" lon="3.217970">
						<ele>1170</ele>
						<time>2026-05-01T17:36:30Z</time>
					</trkpt>
					<trkpt lat="44.609000" lon="3.217780">
						<ele>1168</ele>
						<time>2026-05-01T17:37:05Z</time>
					</trkpt>
					<trkpt lat="44.608850" lon="3.217650">
						<ele>1168</ele>
						<time>2026-05-01T17:37:28Z</time>
					</trkpt>
					<trkpt lat="44.608770" lon="3.217470">
						<ele>1169</ele>
						<time>2026-05-01T17:37:48Z</time>
					</trkpt>
					<trkpt lat="44.608610" lon="3.217220">
						<ele>1169</ele>
						<time>2026-05-01T17:38:20Z</time>
					</trkpt>
					<trkpt lat="44.608310" lon="3.216820">
						<ele>1170</ele>
						<time>2026-05-01T17:39:16Z</time>
					</trkpt>
					<trkpt lat="44.608240" lon="3.216430">
						<ele>1169</ele>
						<time>2026-05-01T17:39:54Z</time>
					</trkpt>
					<trkpt lat="44.608100" lon="3.216120">
						<ele>1169</ele>
						<time>2026-05-01T17:40:29Z</time>
					</trkpt>
					<trkpt lat="44.608070" lon="3.215910">
						<ele>1169</ele>
						<time>2026-05-01T17:40:49Z</time>
					</trkpt>
					<trkpt lat="44.608050" lon="3.215670">
						<ele>1169</ele>
						<time>2026-05-01T17:41:12Z</time>
					</trkpt>
					<trkpt lat="44.607980" lon="3.215550">
						<ele>1169</ele>
						<time>2026-05-01T17:41:27Z</time>
					</trkpt>
					<trkpt lat="44.607900" lon="3.215440">
						<ele>1169</ele>
						<time>2026-05-01T17:41:42Z</time>
					</trkpt>
					<trkpt lat="44.607830" lon="3.215040">
						<ele>1170</ele>
						<time>2026-05-01T17:42:21Z</time>
					</trkpt>
					<trkpt lat="44.607750" lon="3.214910">
						<ele>1169</ele>
						<time>2026-05-01T17:42:37Z</time>
					</trkpt>
					<trkpt lat="44.607610" lon="3.214700">
						<ele>1169</ele>
						<time>2026-05-01T17:43:04Z</time>
					</trkpt>
					<trkpt lat="44.607550" lon="3.214510">
						<ele>1169</ele>
						<time>2026-05-01T17:43:24Z</time>
					</trkpt>
					<trkpt lat="44.607310" lon="3.213580">
						<ele>1172</ele>
						<time>2026-05-01T17:44:58Z</time>
					</trkpt>
					<trkpt lat="44.607140" lon="3.213170">
						<ele>1174</ele>
						<time>2026-05-01T17:45:43Z</time>
					</trkpt>
					<trkpt lat="44.606990" lon="3.212890">
						<ele>1176</ele>
						<time>2026-05-01T17:46:17Z</time>
					</trkpt>
					<trkpt lat="44.606830" lon="3.212690">
						<ele>1178</ele>
						<time>2026-05-01T17:46:45Z</time>
					</trkpt>
					<trkpt lat="44.606680" lon="3.212570">
						<ele>1179</ele>
						<time>2026-05-01T17:47:08Z</time>
					</trkpt>
					<trkpt lat="44.606550" lon="3.212430">
						<ele>1180</ele>
						<time>2026-05-01T17:47:30Z</time>
					</trkpt>
					<trkpt lat="44.606410" lon="3.212190">
						<ele>1180</ele>
						<time>2026-05-01T17:47:59Z</time>
					</trkpt>
					<trkpt lat="44.606210" lon="3.211750">
						<ele>1180</ele>
						<time>2026-05-01T17:48:49Z</time>
					</trkpt>
					<trkpt lat="44.605840" lon="3.210830">
						<ele>1178</ele>
						<time>2026-05-01T17:50:29Z</time>
					</trkpt>
					<trkpt lat="44.605670" lon="3.210370">
						<ele>1177</ele>
						<time>2026-05-01T17:51:19Z</time>
					</trkpt>
					<trkpt lat="44.605690" lon="3.210340">
						<ele>1177</ele>
						<time>2026-05-01T17:51:23Z</time>
					</trkpt>
					<trkpt lat="44.605700" lon="3.209970">
						<ele>1177</ele>
						<time>2026-05-01T17:51:58Z</time>
					</trkpt>
					<trkpt lat="44.605560" lon="3.209890">
						<ele>1176</ele>
						<time>2026-05-01T17:52:18Z</time>
					</trkpt>
					<trkpt lat="44.605460" lon="3.209770">
						<ele>1175</ele>
						<time>2026-05-01T17:52:36Z</time>
					</trkpt>
					<trkpt lat="44.605230" lon="3.209150">
						<ele>1175</ele>
						<time>2026-05-01T17:53:42Z</time>
					</trkpt>
					<trkpt lat="44.605200" lon="3.209120">
						<ele>1174</ele>
						<time>2026-05-01T17:53:47Z</time>
					</trkpt>
					<trkpt lat="44.605050" lon="3.208970">
						<ele>1174</ele>
						<time>2026-05-01T17:54:11Z</time>
					</trkpt>
					<trkpt lat="44.604840" lon="3.208840">
						<ele>1173</ele>
						<time>2026-05-01T17:54:42Z</time>
					</trkpt>
					<trkpt lat="44.604460" lon="3.208640">
						<ele>1171</ele>
						<time>2026-05-01T17:55:36Z</time>
					</trkpt>
					<trkpt lat="44.604100" lon="3.208490">
						<ele>1171</ele>
						<time>2026-05-01T17:56:26Z</time>
					</trkpt>
					<trkpt lat="44.603800" lon="3.208410">
						<ele>1171</ele>
						<time>2026-05-01T17:57:07Z</time>
					</trkpt>
					<trkpt lat="44.603610" lon="3.208390">
						<ele>1172</ele>
						<time>2026-05-01T17:57:32Z</time>
					</trkpt>
					<trkpt lat="44.603340" lon="3.208420">
						<ele>1171</ele>
						<time>2026-05-01T17:58:09Z</time>
					</trkpt>
					<trkpt lat="44.603160" lon="3.208550">
						<ele>1171</ele>
						<time>2026-05-01T17:58:36Z</time>
					</trkpt>
					<trkpt lat="44.602940" lon="3.208670">
						<ele>1171</ele>
						<time>2026-05-01T17:59:07Z</time>
					</trkpt>
					<trkpt lat="44.602720" lon="3.208730">
						<ele>1171</ele>
						<time>2026-05-01T17:59:37Z</time>
					</trkpt>
					<trkpt lat="44.602580" lon="3.208700">
						<ele>1171</ele>
						<time>2026-05-01T17:59:56Z</time>
					</trkpt>
					<trkpt lat="44.602510" lon="3.208660">
						<ele>1172</ele>
						<time>2026-05-01T18:00:06Z</time>
					</trkpt>
					<trkpt lat="44.602400" lon="3.208520">
						<ele>1173</ele>
						<time>2026-05-01T18:00:26Z</time>
					</trkpt>
					<trkpt lat="44.602330" lon="3.208400">
						<ele>1174</ele>
						<time>2026-05-01T18:00:41Z</time>
					</trkpt>
					<trkpt lat="44.602230" lon="3.208290">
						<ele>1174</ele>
						<time>2026-05-01T18:00:58Z</time>
					</trkpt>
					<trkpt lat="44.602100" lon="3.208070">
						<ele>1175</ele>
						<time>2026-05-01T18:01:25Z</time>
					</trkpt>
					<trkpt lat="44.602010" lon="3.207780">
						<ele>1177</ele>
						<time>2026-05-01T18:01:55Z</time>
					</trkpt>
					<trkpt lat="44.601940" lon="3.207630">
						<ele>1178</ele>
						<time>2026-05-01T18:02:12Z</time>
					</trkpt>
					<trkpt lat="44.601900" lon="3.207500">
						<ele>1179</ele>
						<time>2026-05-01T18:02:25Z</time>
					</trkpt>
					<trkpt lat="44.601910" lon="3.207340">
						<ele>1179</ele>
						<time>2026-05-01T18:02:40Z</time>
					</trkpt>
					<trkpt lat="44.601960" lon="3.207190">
						<ele>1179</ele>
						<time>2026-05-01T18:02:56Z</time>
					</trkpt>
					<trkpt lat="44.602050" lon="3.206970">
						<ele>1179</ele>
						<time>2026-05-01T18:03:20Z</time>
					</trkpt>
					<trkpt lat="44.602080" lon="3.206870">
						<ele>1179</ele>
						<time>2026-05-01T18:03:31Z</time>
					</trkpt>
					<trkpt lat="44.602090" lon="3.206730">
						<ele>1180</ele>
						<time>2026-05-01T18:03:44Z</time>
					</trkpt>
					<trkpt lat="44.602190" lon="3.206700">
						<ele>1180</ele>
						<time>2026-05-01T18:03:58Z</time>
					</trkpt>
					<trkpt lat="44.602270" lon="3.206660">
						<ele>1181</ele>
						<time>2026-05-01T18:04:09Z</time>
					</trkpt>
					<trkpt lat="44.602420" lon="3.206560">
						<ele>1181</ele>
						<time>2026-05-01T18:04:31Z</time>
					</trkpt>
					<trkpt lat="44.602510" lon="3.206450">
						<ele>1182</ele>
						<time>2026-05-01T18:04:47Z</time>
					</trkpt>
					<trkpt lat="44.602460" lon="3.206150">
						<ele>1181</ele>
						<time>2026-05-01T18:05:16Z</time>
					</trkpt>
					<trkpt lat="44.602390" lon="3.205820">
						<ele>1180</ele>
						<time>2026-05-01T18:05:49Z</time>
					</trkpt>
					<trkpt lat="44.602170" lon="3.205080">
						<ele>1177</ele>
						<time>2026-05-01T18:07:05Z</time>
					</trkpt>
					<trkpt lat="44.602160" lon="3.204840">
						<ele>1177</ele>
						<time>2026-05-01T18:07:28Z</time>
					</trkpt>
					<trkpt lat="44.601910" lon="3.204810">
						<ele>1174</ele>
						<time>2026-05-01T18:08:02Z</time>
					</trkpt>
					<trkpt lat="44.601580" lon="3.204710">
						<ele>1171</ele>
						<time>2026-05-01T18:08:47Z</time>
					</trkpt>
					<trkpt lat="44.601130" lon="3.204350">
						<ele>1168</ele>
						<time>2026-05-01T18:09:56Z</time>
					</trkpt>
					<trkpt lat="44.600920" lon="3.204230">
						<ele>1167</ele>
						<time>2026-05-01T18:10:26Z</time>
					</trkpt>
					<trkpt lat="44.600770" lon="3.204220">
						<ele>1166</ele>
						<time>2026-05-01T18:10:46Z</time>
					</trkpt>
					<trkpt lat="44.600470" lon="3.204160">
						<ele>1167</ele>
						<time>2026-05-01T18:11:26Z</time>
					</trkpt>
					<trkpt lat="44.599940" lon="3.203810">
						<ele>1168</ele>
						<time>2026-05-01T18:12:45Z</time>
					</trkpt>
					<trkpt lat="44.599740" lon="3.203630">
						<ele>1170</ele>
						<time>2026-05-01T18:13:16Z</time>
					</trkpt>
					<trkpt lat="44.598430" lon="3.201940">
						<ele>1196</ele>
						<time>2026-05-01T18:17:14Z</time>
					</trkpt>
					<trkpt lat="44.598130" lon="3.201690">
						<ele>1201</ele>
						<time>2026-05-01T18:18:00Z</time>
					</trkpt>
					<trkpt lat="44.597840" lon="3.201330">
						<ele>1205</ele>
						<time>2026-05-01T18:18:52Z</time>
					</trkpt>
					<trkpt lat="44.597600" lon="3.200910">
						<ele>1209</ele>
						<time>2026-05-01T18:19:43Z</time>
					</trkpt>
					<trkpt lat="44.597370" lon="3.200240">
						<ele>1218</ele>
						<time>2026-05-01T18:20:54Z</time>
					</trkpt>
					<trkpt lat="44.597140" lon="3.199240">
						<ele>1228</ele>
						<time>2026-05-01T18:22:34Z</time>
					</trkpt>
					<trkpt lat="44.597160" lon="3.198830">
						<ele>1231</ele>
						<time>2026-05-01T18:23:13Z</time>
					</trkpt>
					<trkpt lat="44.597380" lon="3.198330">
						<ele>1231</ele>
						<time>2026-05-01T18:24:09Z</time>
					</trkpt>
					<trkpt lat="44.597420" lon="3.198010">
						<ele>1232</ele>
						<time>2026-05-01T18:24:39Z</time>
					</trkpt>
					<trkpt lat="44.597420" lon="3.197790">
						<ele>1234</ele>
						<time>2026-05-01T18:25:00Z</time>
					</trkpt>
					<trkpt lat="44.597320" lon="3.197420">
						<ele>1237</ele>
						<time>2026-05-01T18:25:38Z</time>
					</trkpt>
					<trkpt lat="44.597140" lon="3.197050">
						<ele>1240</ele>
						<time>2026-05-01T18:26:20Z</time>
					</trkpt>
					<trkpt lat="44.596840" lon="3.196640">
						<ele>1244</ele>
						<time>2026-05-01T18:27:16Z</time>
					</trkpt>
					<trkpt lat="44.596460" lon="3.196540">
						<ele>1247</ele>
						<time>2026-05-01T18:28:08Z</time>
					</trkpt>
					<trkpt lat="44.596210" lon="3.196530">
						<ele>1248</ele>
						<time>2026-05-01T18:28:41Z</time>
					</trkpt>
					<trkpt lat="44.595880" lon="3.196110">
						<ele>1250</ele>
						<time>2026-05-01T18:29:41Z</time>
					</trkpt>
					<trkpt lat="44.595290" lon="3.195530">
						<ele>1253</ele>
						<time>2026-05-01T18:31:17Z</time>
					</trkpt>
					<trkpt lat="44.593850" lon="3.193940">
						<ele>1263</ele>
						<time>2026-05-01T18:35:21Z</time>
					</trkpt>
					<trkpt lat="44.593650" lon="3.193400">
						<ele>1263</ele>
						<time>2026-05-01T18:36:19Z</time>
					</trkpt>
					<trkpt lat="44.593770" lon="3.191400">
						<ele>1253</ele>
						<time>2026-05-01T18:39:30Z</time>
					</trkpt>
					<trkpt lat="44.593630" lon="3.190570">
						<ele>1250</ele>
						<time>2026-05-01T18:40:51Z</time>
					</trkpt>
					<trkpt lat="44.593620" lon="3.189640">
						<ele>1247</ele>
						<time>2026-05-01T18:42:19Z</time>
					</trkpt>
					<trkpt lat="44.593330" lon="3.188900">
						<ele>1244</ele>
						<time>2026-05-01T18:43:40Z</time>
					</trkpt>
					<trkpt lat="44.592740" lon="3.188270">
						<ele>1245</ele>
						<time>2026-05-01T18:45:18Z</time>
					</trkpt>
					<trkpt lat="44.592210" lon="3.187510">
						<ele>1251</ele>
						<time>2026-05-01T18:47:00Z</time>
					</trkpt>
					<trkpt lat="44.591520" lon="3.186730">
						<ele>1254</ele>
						<time>2026-05-01T18:48:58Z</time>
					</trkpt>
					<trkpt lat="44.590850" lon="3.185620">
						<ele>1251</ele>
						<time>2026-05-01T18:51:16Z</time>
					</trkpt>
					<trkpt lat="44.590600" lon="3.184980">
						<ele>1246</ele>
						<time>2026-05-01T18:52:25Z</time>
					</trkpt>
					<trkpt lat="44.590480" lon="3.183150">
						<ele>1230</ele>
						<time>2026-05-01T18:55:20Z</time>
					</trkpt>
					<trkpt lat="44.590220" lon="3.182560">
						<ele>1227</ele>
						<time>2026-05-01T18:56:26Z</time>
					</trkpt>
					<trkpt lat="44.590220" lon="3.182560">
						<ele>1227</ele>
						<time>2026-05-01T18:56:26Z</time>
					</trkpt>
					<trkpt lat="44.590090" lon="3.182260">
						<ele>1227</ele>
						<time>2026-05-01T18:56:59Z</time>
					</trkpt>
					<trkpt lat="44.589990" lon="3.181040">
						<ele>1233</ele>
						<time>2026-05-01T18:58:56Z</time>
					</trkpt>
					<trkpt lat="44.589770" lon="3.180770">
						<ele>1240</ele>
						<time>2026-05-01T18:59:35Z</time>
					</trkpt>
					<trkpt lat="44.589550" lon="3.180530">
						<ele>1246</ele>
						<time>2026-05-01T19:00:12Z</time>
					</trkpt>
					<trkpt lat="44.589360" lon="3.180220">
						<ele>1250</ele>
						<time>2026-05-01T19:00:51Z</time>
					</trkpt>
					<trkpt lat="44.589180" lon="3.179760">
						<ele>1254</ele>
						<time>2026-05-01T19:01:41Z</time>
					</trkpt>
					<trkpt lat="44.588930" lon="3.179320">
						<ele>1255</ele>
						<time>2026-05-01T19:02:34Z</time>
					</trkpt>
					<trkpt lat="44.588580" lon="3.178820">
						<ele>1253</ele>
						<time>2026-05-01T19:03:41Z</time>
					</trkpt>
					<trkpt lat="44.588230" lon="3.178620">
						<ele>1251</ele>
						<time>2026-05-01T19:04:32Z</time>
					</trkpt>
					<trkpt lat="44.587830" lon="3.178490">
						<ele>1250</ele>
						<time>2026-05-01T19:05:26Z</time>
					</trkpt>
					<trkpt lat="44.587430" lon="3.178190">
						<ele>1246</ele>
						<time>2026-05-01T19:06:27Z</time>
					</trkpt>
					<trkpt lat="44.586760" lon="3.177550">
						<ele>1244</ele>
						<time>2026-05-01T19:08:15Z</time>
					</trkpt>
					<trkpt lat="44.586440" lon="3.177150">
						<ele>1243</ele>
						<time>2026-05-01T19:09:12Z</time>
					</trkpt>
					<trkpt lat="44.585720" lon="3.176530">
						<ele>1243</ele>
						<time>2026-05-01T19:11:05Z</time>
					</trkpt>
					<trkpt lat="44.584840" lon="3.176040">
						<ele>1243</ele>
						<time>2026-05-01T19:13:11Z</time>
					</trkpt>
					<trkpt lat="44.584440" lon="3.175620">
						<ele>1243</ele>
						<time>2026-05-01T19:14:18Z</time>
					</trkpt>
					<trkpt lat="44.584170" lon="3.175240">
						<ele>1242</ele>
						<time>2026-05-01T19:15:09Z</time>
					</trkpt>
					<trkpt lat="44.583850" lon="3.174560">
						<ele>1239</ele>
						<time>2026-05-01T19:16:26Z</time>
					</trkpt>
					<trkpt lat="44.583510" lon="3.173850">
						<ele>1237</ele>
						<time>2026-05-01T19:17:48Z</time>
					</trkpt>
					<trkpt lat="44.583360" lon="3.173520">
						<ele>1234</ele>
						<time>2026-05-01T19:18:25Z</time>
					</trkpt>
					<trkpt lat="44.583350" lon="3.172960">
						<ele>1234</ele>
						<time>2026-05-01T19:19:18Z</time>
					</trkpt>
					<trkpt lat="44.583250" lon="3.172270">
						<ele>1238</ele>
						<time>2026-05-01T19:20:25Z</time>
					</trkpt>
					<trkpt lat="44.583140" lon="3.171770">
						<ele>1243</ele>
						<time>2026-05-01T19:21:15Z</time>
					</trkpt>
					<trkpt lat="44.582980" lon="3.171610">
						<ele>1243</ele>
						<time>2026-05-01T19:21:41Z</time>
					</trkpt>
					<trkpt lat="44.582860" lon="3.171430">
						<ele>1243</ele>
						<time>2026-05-01T19:22:04Z</time>
					</trkpt>
					<trkpt lat="44.582650" lon="3.170570">
						<ele>1246</ele>
						<time>2026-05-01T19:23:31Z</time>
					</trkpt>
					<trkpt lat="44.582520" lon="3.170000">
						<ele>1247</ele>
						<time>2026-05-01T19:24:28Z</time>
					</trkpt>
					<trkpt lat="44.582300" lon="3.169660">
						<ele>1245</ele>
						<time>2026-05-01T19:25:11Z</time>
					</trkpt>
					<trkpt lat="44.582150" lon="3.169280">
						<ele>1244</ele>
						<time>2026-05-01T19:25:53Z</time>
					</trkpt>
					<trkpt lat="44.581890" lon="3.168200">
						<ele>1240</ele>
						<time>2026-05-01T19:27:41Z</time>
					</trkpt>
					<trkpt lat="44.581420" lon="3.166590">
						<ele>1234</ele>
						<time>2026-05-01T19:30:26Z</time>
					</trkpt>
					<trkpt lat="44.581200" lon="3.166010">
						<ele>1230</ele>
						<time>2026-05-01T19:31:29Z</time>
					</trkpt>
					<trkpt lat="44.581020" lon="3.165750">
						<ele>1227</ele>
						<time>2026-05-01T19:32:03Z</time>
					</trkpt>
					<trkpt lat="44.580660" lon="3.164880">
						<ele>1218</ele>
						<time>2026-05-01T19:33:39Z</time>
					</trkpt>
					<trkpt lat="44.580630" lon="3.164730">
						<ele>1217</ele>
						<time>2026-05-01T19:33:54Z</time>
					</trkpt>
					<trkpt lat="44.580750" lon="3.164090">
						<ele>1216</ele>
						<time>2026-05-01T19:34:57Z</time>
					</trkpt>
					<trkpt lat="44.580830" lon="3.162770">
						<ele>1207</ele>
						<time>2026-05-01T19:37:03Z</time>
					</trkpt>
					<trkpt lat="44.580770" lon="3.162250">
						<ele>1204</ele>
						<time>2026-05-01T19:37:53Z</time>
					</trkpt>
					<trkpt lat="44.580740" lon="3.161820">
						<ele>1203</ele>
						<time>2026-05-01T19:38:34Z</time>
					</trkpt>
					<trkpt lat="44.580640" lon="3.161630">
						<ele>1202</ele>
						<time>2026-05-01T19:38:56Z</time>
					</trkpt>
					<trkpt lat="44.580600" lon="3.161480">
						<ele>1201</ele>
						<time>2026-05-01T19:39:11Z</time>
					</trkpt>
					<trkpt lat="44.580600" lon="3.161290">
						<ele>1201</ele>
						<time>2026-05-01T19:39:29Z</time>
					</trkpt>
					<trkpt lat="44.580530" lon="3.161160">
						<ele>1200</ele>
						<time>2026-05-01T19:39:45Z</time>
					</trkpt>
					<trkpt lat="44.580430" lon="3.161110">
						<ele>1199</ele>
						<time>2026-05-01T19:39:59Z</time>
					</trkpt>
					<trkpt lat="44.580300" lon="3.161140">
						<ele>1198</ele>
						<time>2026-05-01T19:40:17Z</time>
					</trkpt>
					<trkpt lat="44.580200" lon="3.161240">
						<ele>1196</ele>
						<time>2026-05-01T19:40:33Z</time>
					</trkpt>
					<trkpt lat="44.580120" lon="3.161270">
						<ele>1195</ele>
						<time>2026-05-01T19:40:44Z</time>
					</trkpt>
					<trkpt lat="44.579950" lon="3.161130">
						<ele>1193</ele>
						<time>2026-05-01T19:41:10Z</time>
					</trkpt>
					<trkpt lat="44.579670" lon="3.160710">
						<ele>1189</ele>
						<time>2026-05-01T19:42:05Z</time>
					</trkpt>
					<trkpt lat="44.579560" lon="3.160640">
						<ele>1187</ele>
						<time>2026-05-01T19:42:21Z</time>
					</trkpt>
					<trkpt lat="44.579560" lon="3.160380">
						<ele>1187</ele>
						<time>2026-05-01T19:42:46Z</time>
					</trkpt>
					<trkpt lat="44.579550" lon="3.160280">
						<ele>1187</ele>
						<time>2026-05-01T19:42:56Z</time>
					</trkpt>
					<trkpt lat="44.579390" lon="3.159820">
						<ele>1187</ele>
						<time>2026-05-01T19:43:44Z</time>
					</trkpt>
					<trkpt lat="44.579310" lon="3.159700">
						<ele>1188</ele>
						<time>2026-05-01T19:44:00Z</time>
					</trkpt>
					<trkpt lat="44.579230" lon="3.159640">
						<ele>1187</ele>
						<time>2026-05-01T19:44:12Z</time>
					</trkpt>
					<trkpt lat="44.579050" lon="3.159580">
						<ele>1187</ele>
						<time>2026-05-01T19:44:37Z</time>
					</trkpt>
					<trkpt lat="44.578810" lon="3.159440">
						<ele>1187</ele>
						<time>2026-05-01T19:45:11Z</time>
					</trkpt>
					<trkpt lat="44.578730" lon="3.159350">
						<ele>1188</ele>
						<time>2026-05-01T19:45:25Z</time>
					</trkpt>
					<trkpt lat="44.578610" lon="3.159080">
						<ele>1189</ele>
						<time>2026-05-01T19:45:55Z</time>
					</trkpt>
					<trkpt lat="44.578500" lon="3.158780">
						<ele>1189</ele>
						<time>2026-05-01T19:46:27Z</time>
					</trkpt>
					<trkpt lat="44.578450" lon="3.158590">
						<ele>1188</ele>
						<time>2026-05-01T19:46:47Z</time>
					</trkpt>
					<trkpt lat="44.578330" lon="3.158380">
						<ele>1187</ele>
						<time>2026-05-01T19:47:12Z</time>
					</trkpt>
					<trkpt lat="44.578070" lon="3.158010">
						<ele>1182</ele>
						<time>2026-05-01T19:48:02Z</time>
					</trkpt>
					<trkpt lat="44.578040" lon="3.157850">
						<ele>1181</ele>
						<time>2026-05-01T19:48:17Z</time>
					</trkpt>
					<trkpt lat="44.578010" lon="3.157410">
						<ele>1180</ele>
						<time>2026-05-01T19:48:59Z</time>
					</trkpt>
					<trkpt lat="44.577980" lon="3.157290">
						<ele>1180</ele>
						<time>2026-05-01T19:49:11Z</time>
					</trkpt>
					<trkpt lat="44.577910" lon="3.157180">
						<ele>1179</ele>
						<time>2026-05-01T19:49:25Z</time>
					</trkpt>
					<trkpt lat="44.577840" lon="3.157140">
						<ele>1178</ele>
						<time>2026-05-01T19:49:35Z</time>
					</trkpt>
					<trkpt lat="44.577600" lon="3.157110">
						<ele>1174</ele>
						<time>2026-05-01T19:50:08Z</time>
					</trkpt>
					<trkpt lat="44.577460" lon="3.157100">
						<ele>1173</ele>
						<time>2026-05-01T19:50:26Z</time>
					</trkpt>
					<trkpt lat="44.577290" lon="3.156900">
						<ele>1173</ele>
						<time>2026-05-01T19:50:56Z</time>
					</trkpt>
					<trkpt lat="44.577140" lon="3.156570">
						<ele>1174</ele>
						<time>2026-05-01T19:51:33Z</time>
					</trkpt>
					<trkpt lat="44.577110" lon="3.156500">
						<ele>1175</ele>
						<time>2026-05-01T19:51:41Z</time>
					</trkpt>
					<trkpt lat="44.577080" lon="3.156480">
						<ele>1175</ele>
						<time>2026-05-01T19:51:45Z</time>
					</trkpt>
					<trkpt lat="44.577020" lon="3.156480">
						<ele>1175</ele>
						<time>2026-05-01T19:51:53Z</time>
					</trkpt>
					<trkpt lat="44.576980" lon="3.156510">
						<ele>1175</ele>
						<time>2026-05-01T19:51:59Z</time>
					</trkpt>
					<trkpt lat="44.576850" lon="3.156580">
						<ele>1174</ele>
						<time>2026-05-01T19:52:18Z</time>
					</trkpt>
					<trkpt lat="44.576800" lon="3.156620">
						<ele>1174</ele>
						<time>2026-05-01T19:52:26Z</time>
					</trkpt>
					<trkpt lat="44.576690" lon="3.156690">
						<ele>1174</ele>
						<time>2026-05-01T19:52:42Z</time>
					</trkpt>
					<trkpt lat="44.576200" lon="3.156890">
						<ele>1178</ele>
						<time>2026-05-01T19:53:50Z</time>
					</trkpt>
					<trkpt lat="44.576050" lon="3.157000">
						<ele>1179</ele>
						<time>2026-05-01T19:54:12Z</time>
					</trkpt>
					<trkpt lat="44.575920" lon="3.157130">
						<ele>1180</ele>
						<time>2026-05-01T19:54:34Z</time>
					</trkpt>
					<trkpt lat="44.575480" lon="3.157930">
						<ele>1184</ele>
						<time>2026-05-01T19:56:10Z</time>
					</trkpt>
					<trkpt lat="44.575430" lon="3.158020">
						<ele>1185</ele>
						<time>2026-05-01T19:56:21Z</time>
					</trkpt>
					<trkpt lat="44.574920" lon="3.158740">
						<ele>1190</ele>
						<time>2026-05-01T19:57:57Z</time>
					</trkpt>
					<trkpt lat="44.574620" lon="3.159240">
						<ele>1192</ele>
						<time>2026-05-01T19:58:59Z</time>
					</trkpt>
					<trkpt lat="44.574290" lon="3.159820">
						<ele>1190</ele>
						<time>2026-05-01T20:00:10Z</time>
					</trkpt>
					<trkpt lat="44.574010" lon="3.160020">
						<ele>1193</ele>
						<time>2026-05-01T20:00:52Z</time>
					</trkpt>
					<trkpt lat="44.573690" lon="3.160120">
						<ele>1199</ele>
						<time>2026-05-01T20:01:36Z</time>
					</trkpt>
					<trkpt lat="44.573460" lon="3.160380">
						<ele>1199</ele>
						<time>2026-05-01T20:02:15Z</time>
					</trkpt>
					<trkpt lat="44.573270" lon="3.160680">
						<ele>1198</ele>
						<time>2026-05-01T20:02:53Z</time>
					</trkpt>
					<trkpt lat="44.572820" lon="3.161200">
						<ele>1203</ele>
						<time>2026-05-01T20:04:11Z</time>
					</trkpt>
					<trkpt lat="44.572630" lon="3.161440">
						<ele>1205</ele>
						<time>2026-05-01T20:04:45Z</time>
					</trkpt>
					<trkpt lat="44.572460" lon="3.161730">
						<ele>1206</ele>
						<time>2026-05-01T20:05:21Z</time>
					</trkpt>
					<trkpt lat="44.572370" lon="3.161990">
						<ele>1207</ele>
						<time>2026-05-01T20:05:48Z</time>
					</trkpt>
					<trkpt lat="44.571940" lon="3.163560">
						<ele>1214</ele>
						<time>2026-05-01T20:08:28Z</time>
					</trkpt>
					<trkpt lat="44.571910" lon="3.163750">
						<ele>1215</ele>
						<time>2026-05-01T20:08:47Z</time>
					</trkpt>
					<trkpt lat="44.571950" lon="3.163980">
						<ele>1215</ele>
						<time>2026-05-01T20:09:09Z</time>
					</trkpt>
					<trkpt lat="44.571990" lon="3.164170">
						<ele>1214</ele>
						<time>2026-05-01T20:09:28Z</time>
					</trkpt>
					<trkpt lat="44.571910" lon="3.164460">
						<ele>1218</ele>
						<time>2026-05-01T20:09:58Z</time>
					</trkpt>
					<trkpt lat="44.571830" lon="3.164120">
						<ele>1219</ele>
						<time>2026-05-01T20:10:32Z</time>
					</trkpt>
					<trkpt lat="44.571710" lon="3.163950">
						<ele>1222</ele>
						<time>2026-05-01T20:10:54Z</time>
					</trkpt>
					<trkpt lat="44.571600" lon="3.163730">
						<ele>1224</ele>
						<time>2026-05-01T20:11:20Z</time>
					</trkpt>
					<trkpt lat="44.571490" lon="3.163550">
						<ele>1226</ele>
						<time>2026-05-01T20:11:42Z</time>
					</trkpt>
					<trkpt lat="44.571490" lon="3.163390">
						<ele>1225</ele>
						<time>2026-05-01T20:11:58Z</time>
					</trkpt>
					<trkpt lat="44.571520" lon="3.163200">
						<ele>1224</ele>
						<time>2026-05-01T20:12:16Z</time>
					</trkpt>
					<trkpt lat="44.571460" lon="3.163010">
						<ele>1226</ele>
						<time>2026-05-01T20:12:36Z</time>
					</trkpt>
					<trkpt lat="44.571360" lon="3.162800">
						<ele>1227</ele>
						<time>2026-05-01T20:13:00Z</time>
					</trkpt>
					<trkpt lat="44.571220" lon="3.162590">
						<ele>1230</ele>
						<time>2026-05-01T20:13:27Z</time>
					</trkpt>
					<trkpt lat="44.571080" lon="3.162230">
						<ele>1231</ele>
						<time>2026-05-01T20:14:06Z</time>
					</trkpt>
					<trkpt lat="44.571040" lon="3.162020">
						<ele>1231</ele>
						<time>2026-05-01T20:14:27Z</time>
					</trkpt>
					<trkpt lat="44.570880" lon="3.161930">
						<ele>1232</ele>
						<time>2026-05-01T20:14:50Z</time>
					</trkpt>
					<trkpt lat="44.570580" lon="3.161840">
						<ele>1234</ele>
						<time>2026-05-01T20:15:31Z</time>
					</trkpt>
					<trkpt lat="44.570350" lon="3.161780">
						<ele>1234</ele>
						<time>2026-05-01T20:16:02Z</time>
					</trkpt>
					<trkpt lat="44.570170" lon="3.161770">
						<ele>1235</ele>
						<time>2026-05-01T20:16:26Z</time>
					</trkpt>
					<trkpt lat="44.569920" lon="3.161780">
						<ele>1236</ele>
						<time>2026-05-01T20:16:59Z</time>
					</trkpt>
					<trkpt lat="44.569680" lon="3.161840">
						<ele>1236</ele>
						<time>2026-05-01T20:17:32Z</time>
					</trkpt>
					<trkpt lat="44.569370" lon="3.161970">
						<ele>1237</ele>
						<time>2026-05-01T20:18:15Z</time>
					</trkpt>
					<trkpt lat="44.568850" lon="3.162120">
						<ele>1239</ele>
						<time>2026-05-01T20:19:26Z</time>
					</trkpt>
					<trkpt lat="44.568560" lon="3.162300">
						<ele>1241</ele>
						<time>2026-05-01T20:20:08Z</time>
					</trkpt>
					<trkpt lat="44.568290" lon="3.162500">
						<ele>1243</ele>
						<time>2026-05-01T20:20:49Z</time>
					</trkpt>
					<trkpt lat="44.567770" lon="3.162800">
						<ele>1247</ele>
						<time>2026-05-01T20:22:04Z</time>
					</trkpt>
					<trkpt lat="44.567490" lon="3.163020">
						<ele>1249</ele>
						<time>2026-05-01T20:22:47Z</time>
					</trkpt>
					<trkpt lat="44.567050" lon="3.163470">
						<ele>1255</ele>
						<time>2026-05-01T20:24:00Z</time>
					</trkpt>
					<trkpt lat="44.566580" lon="3.163940">
						<ele>1263</ele>
						<time>2026-05-01T20:25:17Z</time>
					</trkpt>
					<trkpt lat="44.566300" lon="3.164250">
						<ele>1269</ele>
						<time>2026-05-01T20:26:04Z</time>
					</trkpt>
					<trkpt lat="44.566140" lon="3.164500">
						<ele>1272</ele>
						<time>2026-05-01T20:26:36Z</time>
					</trkpt>
					<trkpt lat="44.565760" lon="3.164300">
						<ele>1273</ele>
						<time>2026-05-01T20:27:30Z</time>
					</trkpt>
					<trkpt lat="44.565740" lon="3.164080">
						<ele>1272</ele>
						<time>2026-05-01T20:27:51Z</time>
					</trkpt>
					<trkpt lat="44.565580" lon="3.164070">
						<ele>1276</ele>
						<time>2026-05-01T20:28:13Z</time>
					</trkpt>
					<trkpt lat="44.565490" lon="3.164030">
						<ele>1279</ele>
						<time>2026-05-01T20:28:25Z</time>
					</trkpt>
					<trkpt lat="44.565430" lon="3.163880">
						<ele>1279</ele>
						<time>2026-05-01T20:28:42Z</time>
					</trkpt>
					<trkpt lat="44.565380" lon="3.163840">
						<ele>1280</ele>
						<time>2026-05-01T20:28:49Z</time>
					</trkpt>
					<trkpt lat="44.565250" lon="3.163860">
						<ele>1284</ele>
						<time>2026-05-01T20:29:07Z</time>
					</trkpt>
					<trkpt lat="44.565180" lon="3.163920">
						<ele>1286</ele>
						<time>2026-05-01T20:29:18Z</time>
					</trkpt>
					<trkpt lat="44.565140" lon="3.163850">
						<ele>1287</ele>
						<time>2026-05-01T20:29:26Z</time>
					</trkpt>
					<trkpt lat="44.565070" lon="3.163840">
						<ele>1288</ele>
						<time>2026-05-01T20:29:36Z</time>
					</trkpt>
					<trkpt lat="44.564990" lon="3.163870">
						<ele>1291</ele>
						<time>2026-05-01T20:29:47Z</time>
					</trkpt>
					<trkpt lat="44.564850" lon="3.163770">
						<ele>1294</ele>
						<time>2026-05-01T20:30:08Z</time>
					</trkpt>
					<trkpt lat="44.564770" lon="3.163750">
						<ele>1297</ele>
						<time>2026-05-01T20:30:19Z</time>
					</trkpt>
					<trkpt lat="44.564680" lon="3.163700">
						<ele>1299</ele>
						<time>2026-05-01T20:30:31Z</time>
					</trkpt>
					<trkpt lat="44.564590" lon="3.163730">
						<ele>1302</ele>
						<time>2026-05-01T20:30:44Z</time>
					</trkpt>
					<trkpt lat="44.564520" lon="3.163690">
						<ele>1304</ele>
						<time>2026-05-01T20:30:54Z</time>
					</trkpt>
					<trkpt lat="44.564420" lon="3.163610">
						<ele>1306</ele>
						<time>2026-05-01T20:31:09Z</time>
					</trkpt>
					<trkpt lat="44.564310" lon="3.163570">
						<ele>1309</ele>
						<time>2026-05-01T20:31:24Z</time>
					</trkpt>
					<trkpt lat="44.564250" lon="3.163530">
						<ele>1310</ele>
						<time>2026-05-01T20:31:33Z</time>
					</trkpt>
					<trkpt lat="44.563770" lon="3.163250">
						<ele>1318</ele>
						<time>2026-05-01T20:32:43Z</time>
					</trkpt>
					<trkpt lat="44.563690" lon="3.163240">
						<ele>1319</ele>
						<time>2026-05-01T20:32:53Z</time>
					</trkpt>
					<trkpt lat="44.563210" lon="3.163070">
						<ele>1327</ele>
						<time>2026-05-01T20:33:59Z</time>
					</trkpt>
					<trkpt lat="44.563000" lon="3.162940">
						<ele>1329</ele>
						<time>2026-05-01T20:34:30Z</time>
					</trkpt>
					<trkpt lat="44.562850" lon="3.162810">
						<ele>1331</ele>
						<time>2026-05-01T20:34:54Z</time>
					</trkpt>
					<trkpt lat="44.562740" lon="3.162780">
						<ele>1333</ele>
						<time>2026-05-01T20:35:09Z</time>
					</trkpt>
					<trkpt lat="44.562580" lon="3.162660">
						<ele>1335</ele>
						<time>2026-05-01T20:35:33Z</time>
					</trkpt>
					<trkpt lat="44.562350" lon="3.162590">
						<ele>1339</ele>
						<time>2026-05-01T20:36:04Z</time>
					</trkpt>
					<trkpt lat="44.562170" lon="3.162500">
						<ele>1341</ele>
						<time>2026-05-01T20:36:30Z</time>
					</trkpt>
					<trkpt lat="44.562010" lon="3.162450">
						<ele>1343</ele>
						<time>2026-05-01T20:36:51Z</time>
					</trkpt>
					<trkpt lat="44.561880" lon="3.162360">
						<ele>1345</ele>
						<time>2026-05-01T20:37:11Z</time>
					</trkpt>
					<trkpt lat="44.561820" lon="3.162310">
						<ele>1345</ele>
						<time>2026-05-01T20:37:20Z</time>
					</trkpt>
					<trkpt lat="44.561690" lon="3.162290">
						<ele>1347</ele>
						<time>2026-05-01T20:37:38Z</time>
					</trkpt>
					<trkpt lat="44.561360" lon="3.162120">
						<ele>1348</ele>
						<time>2026-05-01T20:38:25Z</time>
					</trkpt>
					<trkpt lat="44.561160" lon="3.162120">
						<ele>1350</ele>
						<time>2026-05-01T20:38:51Z</time>
					</trkpt>
					<trkpt lat="44.560490" lon="3.161980">
						<ele>1352</ele>
						<time>2026-05-01T20:40:22Z</time>
					</trkpt>
					<trkpt lat="44.558900" lon="3.161480">
						<ele>1357</ele>
						<time>2026-05-01T20:43:59Z</time>
					</trkpt>
					<trkpt lat="44.558790" lon="3.161410">
						<ele>1357</ele>
						<time>2026-05-01T20:44:15Z</time>
					</trkpt>
					<trkpt lat="44.558740" lon="3.161460">
						<ele>1357</ele>
						<time>2026-05-01T20:44:23Z</time>
					</trkpt>
					<trkpt lat="44.558740" lon="3.161460">
						<ele>1357</ele>
						<time>2026-05-01T20:44:23Z</time>
					</trkpt>
					<trkpt lat="44.558680" lon="3.161540">
						<ele>1358</ele>
						<time>2026-05-01T20:44:35Z</time>
					</trkpt>
					<trkpt lat="44.558610" lon="3.161800">
						<ele>1358</ele>
						<time>2026-05-01T20:45:01Z</time>
					</trkpt>
					<trkpt lat="44.558340" lon="3.162280">
						<ele>1359</ele>
						<time>2026-05-01T20:45:59Z</time>
					</trkpt>
					<trkpt lat="44.558300" lon="3.162410">
						<ele>1359</ele>
						<time>2026-05-01T20:46:13Z</time>
					</trkpt>
					<trkpt lat="44.558340" lon="3.162280">
						<ele>1359</ele>
						<time>2026-05-01T20:46:26Z</time>
					</trkpt>
					<trkpt lat="44.558610" lon="3.161800">
						<ele>1358</ele>
						<time>2026-05-01T20:47:24Z</time>
					</trkpt>
					<trkpt lat="44.558680" lon="3.161540">
						<ele>1358</ele>
						<time>2026-05-01T20:47:51Z</time>
					</trkpt>
					<trkpt lat="44.558250" lon="3.160660">
						<ele>1357</ele>
						<time>2026-05-01T20:49:32Z</time>
					</trkpt>
					<trkpt lat="44.558090" lon="3.160250">
						<ele>1357</ele>
						<time>2026-05-01T20:50:17Z</time>
					</trkpt>
					<trkpt lat="44.557900" lon="3.159630">
						<ele>1358</ele>
						<time>2026-05-01T20:51:21Z</time>
					</trkpt>
					<trkpt lat="44.557810" lon="3.159180">
						<ele>1360</ele>
						<time>2026-05-01T20:52:05Z</time>
					</trkpt>
					<trkpt lat="44.557720" lon="3.158510">
						<ele>1362</ele>
						<time>2026-05-01T20:53:10Z</time>
					</trkpt>
					<trkpt lat="44.557380" lon="3.158610">
						<ele>1361</ele>
						<time>2026-05-01T20:53:56Z</time>
					</trkpt>
					<trkpt lat="44.557190" lon="3.158650">
						<ele>1361</ele>
						<time>2026-05-01T20:54:22Z</time>
					</trkpt>
					<trkpt lat="44.557000" lon="3.158610">
						<ele>1360</ele>
						<time>2026-05-01T20:54:48Z</time>
					</trkpt>
					<trkpt lat="44.556460" lon="3.158260">
						<ele>1358</ele>
						<time>2026-05-01T20:56:07Z</time>
					</trkpt>
					<trkpt lat="44.556370" lon="3.158420">
						<ele>1358</ele>
						<time>2026-05-01T20:56:26Z</time>
					</trkpt>
					<trkpt lat="44.555870" lon="3.158980">
						<ele>1355</ele>
						<time>2026-05-01T20:57:52Z</time>
					</trkpt>
					<trkpt lat="44.555590" lon="3.159280">
						<ele>1353</ele>
						<time>2026-05-01T20:58:39Z</time>
					</trkpt>
					<trkpt lat="44.555150" lon="3.159640">
						<ele>1351</ele>
						<time>2026-05-01T20:59:47Z</time>
					</trkpt>
					<trkpt lat="44.553470" lon="3.161070">
						<ele>1345</ele>
						<time>2026-05-01T21:04:09Z</time>
					</trkpt>
					<trkpt lat="44.552300" lon="3.161620">
						<ele>1342</ele>
						<time>2026-05-01T21:06:54Z</time>
					</trkpt>
					<trkpt lat="44.551140" lon="3.162380">
						<ele>1338</ele>
						<time>2026-05-01T21:09:44Z</time>
					</trkpt>
					<trkpt lat="44.549350" lon="3.163500">
						<ele>1332</ele>
						<time>2026-05-01T21:14:06Z</time>
					</trkpt>
					<trkpt lat="44.548110" lon="3.164310">
						<ele>1323</ele>
						<time>2026-05-01T21:17:08Z</time>
					</trkpt>
					<trkpt lat="44.547370" lon="3.164630">
						<ele>1317</ele>
						<time>2026-05-01T21:18:52Z</time>
					</trkpt>
					<trkpt lat="44.546530" lon="3.165430">
						<ele>1308</ele>
						<time>2026-05-01T21:21:07Z</time>
					</trkpt>
					<trkpt lat="44.545530" lon="3.166610">
						<ele>1291</ele>
						<time>2026-05-01T21:24:02Z</time>
					</trkpt>
					<trkpt lat="44.544860" lon="3.167300">
						<ele>1278</ele>
						<time>2026-05-01T21:25:53Z</time>
					</trkpt>
					<trkpt lat="44.544370" lon="3.168060">
						<ele>1266</ele>
						<time>2026-05-01T21:27:30Z</time>
					</trkpt>
					<trkpt lat="44.543850" lon="3.168490">
						<ele>1257</ele>
						<time>2026-05-01T21:28:51Z</time>
					</trkpt>
					<trkpt lat="44.543300" lon="3.168660">
						<ele>1250</ele>
						<time>2026-05-01T21:30:06Z</time>
					</trkpt>
					<trkpt lat="44.541710" lon="3.168830">
						<ele>1232</ele>
						<time>2026-05-01T21:33:39Z</time>
					</trkpt>
					<trkpt lat="44.541620" lon="3.168870">
						<ele>1231</ele>
						<time>2026-05-01T21:33:51Z</time>
					</trkpt>
					<trkpt lat="44.540960" lon="3.169160">
						<ele>1228</ele>
						<time>2026-05-01T21:35:23Z</time>
					</trkpt>
					<trkpt lat="44.540430" lon="3.169270">
						<ele>1224</ele>
						<time>2026-05-01T21:36:35Z</time>
					</trkpt>
					<trkpt lat="44.540020" lon="3.169420">
						<ele>1221</ele>
						<time>2026-05-01T21:37:31Z</time>
					</trkpt>
					<trkpt lat="44.539590" lon="3.169380">
						<ele>1216</ele>
						<time>2026-05-01T21:38:29Z</time>
					</trkpt>
					<trkpt lat="44.538820" lon="3.169110">
						<ele>1208</ele>
						<time>2026-05-01T21:40:15Z</time>
					</trkpt>
					<trkpt lat="44.538130" lon="3.169100">
						<ele>1198</ele>
						<time>2026-05-01T21:41:47Z</time>
					</trkpt>
					<trkpt lat="44.537570" lon="3.169250">
						<ele>1189</ele>
						<time>2026-05-01T21:43:03Z</time>
					</trkpt>
					<trkpt lat="44.537430" lon="3.169220">
						<ele>1187</ele>
						<time>2026-05-01T21:43:22Z</time>
					</trkpt>
					<trkpt lat="44.537110" lon="3.169130">
						<ele>1182</ele>
						<time>2026-05-01T21:44:05Z</time>
					</trkpt>
					<trkpt lat="44.536420" lon="3.168980">
						<ele>1172</ele>
						<time>2026-05-01T21:45:39Z</time>
					</trkpt>
					<trkpt lat="44.536210" lon="3.168840">
						<ele>1169</ele>
						<time>2026-05-01T21:46:10Z</time>
					</trkpt>
					<trkpt lat="44.536090" lon="3.168750">
						<ele>1168</ele>
						<time>2026-05-01T21:46:28Z</time>
					</trkpt>
					<trkpt lat="44.535810" lon="3.168600">
						<ele>1166</ele>
						<time>2026-05-01T21:47:08Z</time>
					</trkpt>
					<trkpt lat="44.535040" lon="3.168600">
						<ele>1159</ele>
						<time>2026-05-01T21:48:51Z</time>
					</trkpt>
					<trkpt lat="44.534290" lon="3.168850">
						<ele>1151</ele>
						<time>2026-05-01T21:50:33Z</time>
					</trkpt>
					<trkpt lat="44.533850" lon="3.169010">
						<ele>1147</ele>
						<time>2026-05-01T21:51:34Z</time>
					</trkpt>
					<trkpt lat="44.533360" lon="3.169250">
						<ele>1142</ele>
						<time>2026-05-01T21:52:43Z</time>
					</trkpt>
					<trkpt lat="44.532900" lon="3.169720">
						<ele>1140</ele>
						<time>2026-05-01T21:53:59Z</time>
					</trkpt>
					<trkpt lat="44.532600" lon="3.170060">
						<ele>1137</ele>
						<time>2026-05-01T21:54:51Z</time>
					</trkpt>
					<trkpt lat="44.532400" lon="3.170230">
						<ele>1134</ele>
						<time>2026-05-01T21:55:22Z</time>
					</trkpt>
					<trkpt lat="44.532110" lon="3.170300">
						<ele>1131</ele>
						<time>2026-05-01T21:56:01Z</time>
					</trkpt>
					<trkpt lat="44.531710" lon="3.170290">
						<ele>1128</ele>
						<time>2026-05-01T21:56:55Z</time>
					</trkpt>
					<trkpt lat="44.531390" lon="3.170290">
						<ele>1126</ele>
						<time>2026-05-01T21:57:37Z</time>
					</trkpt>
					<trkpt lat="44.530980" lon="3.170360">
						<ele>1122</ele>
						<time>2026-05-01T21:58:32Z</time>
					</trkpt>
					<trkpt lat="44.530560" lon="3.170380">
						<ele>1120</ele>
						<time>2026-05-01T21:59:29Z</time>
					</trkpt>
					<trkpt lat="44.530030" lon="3.170660">
						<ele>1117</ele>
						<time>2026-05-01T22:00:44Z</time>
					</trkpt>
					<trkpt lat="44.529690" lon="3.170690">
						<ele>1116</ele>
						<time>2026-05-01T22:01:30Z</time>
					</trkpt>
					<trkpt lat="44.529570" lon="3.170650">
						<ele>1115</ele>
						<time>2026-05-01T22:01:46Z</time>
					</trkpt>
					<trkpt lat="44.529450" lon="3.170620">
						<ele>1115</ele>
						<time>2026-05-01T22:02:02Z</time>
					</trkpt>
					<trkpt lat="44.529090" lon="3.170380">
						<ele>1112</ele>
						<time>2026-05-01T22:02:55Z</time>
					</trkpt>
					<trkpt lat="44.528500" lon="3.170250">
						<ele>1106</ele>
						<time>2026-05-01T22:04:15Z</time>
					</trkpt>
					<trkpt lat="44.527930" lon="3.170160">
						<ele>1101</ele>
						<time>2026-05-01T22:05:32Z</time>
					</trkpt>
					<trkpt lat="44.527870" lon="3.170120">
						<ele>1100</ele>
						<time>2026-05-01T22:05:41Z</time>
					</trkpt>
					<trkpt lat="44.527850" lon="3.170010">
						<ele>1100</ele>
						<time>2026-05-01T22:05:51Z</time>
					</trkpt>
					<trkpt lat="44.527830" lon="3.169830">
						<ele>1099</ele>
						<time>2026-05-01T22:06:09Z</time>
					</trkpt>
					<trkpt lat="44.527790" lon="3.169680">
						<ele>1098</ele>
						<time>2026-05-01T22:06:24Z</time>
					</trkpt>
					<trkpt lat="44.527740" lon="3.169650">
						<ele>1097</ele>
						<time>2026-05-01T22:06:31Z</time>
					</trkpt>
					<trkpt lat="44.527670" lon="3.169670">
						<ele>1097</ele>
						<time>2026-05-01T22:06:41Z</time>
					</trkpt>
					<trkpt lat="44.527540" lon="3.169860">
						<ele>1097</ele>
						<time>2026-05-01T22:07:06Z</time>
					</trkpt>
					<trkpt lat="44.527360" lon="3.170010">
						<ele>1095</ele>
						<time>2026-05-01T22:07:34Z</time>
					</trkpt>
					<trkpt lat="44.527210" lon="3.170110">
						<ele>1093</ele>
						<time>2026-05-01T22:07:56Z</time>
					</trkpt>
					<trkpt lat="44.526870" lon="3.170410">
						<ele>1089</ele>
						<time>2026-05-01T22:08:50Z</time>
					</trkpt>
					<trkpt lat="44.526550" lon="3.170720">
						<ele>1087</ele>
						<time>2026-05-01T22:09:41Z</time>
					</trkpt>
					<trkpt lat="44.526210" lon="3.170900">
						<ele>1084</ele>
						<time>2026-05-01T22:10:30Z</time>
					</trkpt>
					<trkpt lat="44.525850" lon="3.171020">
						<ele>1079</ele>
						<time>2026-05-01T22:11:19Z</time>
					</trkpt>
					<trkpt lat="44.525800" lon="3.171000">
						<ele>1079</ele>
						<time>2026-05-01T22:11:26Z</time>
					</trkpt>
					<trkpt lat="44.525730" lon="3.171090">
						<ele>1079</ele>
						<time>2026-05-01T22:11:39Z</time>
					</trkpt>
					<trkpt lat="44.525610" lon="3.171160">
						<ele>1078</ele>
						<time>2026-05-01T22:11:56Z</time>
					</trkpt>
					<trkpt lat="44.525490" lon="3.171190">
						<ele>1077</ele>
						<time>2026-05-01T22:12:13Z</time>
					</trkpt>
					<trkpt lat="44.525310" lon="3.171160">
						<ele>1076</ele>
						<time>2026-05-01T22:12:37Z</time>
					</trkpt>
					<trkpt lat="44.525230" lon="3.171190">
						<ele>1076</ele>
						<time>2026-05-01T22:12:48Z</time>
					</trkpt>
					<trkpt lat="44.525050" lon="3.171230">
						<ele>1075</ele>
						<time>2026-05-01T22:13:12Z</time>
					</trkpt>
					<trkpt lat="44.524780" lon="3.171330">
						<ele>1074</ele>
						<time>2026-05-01T22:13:49Z</time>
					</trkpt>
					<trkpt lat="44.524510" lon="3.171520">
						<ele>1073</ele>
						<time>2026-05-01T22:14:30Z</time>
					</trkpt>
					<trkpt lat="44.524400" lon="3.171670">
						<ele>1073</ele>
						<time>2026-05-01T22:14:50Z</time>
					</trkpt>
					<trkpt lat="44.523820" lon="3.171750">
						<ele>1073</ele>
						<time>2026-05-01T22:16:08Z</time>
					</trkpt>
					<trkpt lat="44.523660" lon="3.171740">
						<ele>1073</ele>
						<time>2026-05-01T22:16:29Z</time>
					</trkpt>
					<trkpt lat="44.523550" lon="3.171690">
						<ele>1074</ele>
						<time>2026-05-01T22:16:45Z</time>
					</trkpt>
					<trkpt lat="44.523510" lon="3.171670">
						<ele>1074</ele>
						<time>2026-05-01T22:16:50Z</time>
					</trkpt>
					<trkpt lat="44.523330" lon="3.171550">
						<ele>1074</ele>
						<time>2026-05-01T22:17:17Z</time>
					</trkpt>
					<trkpt lat="44.523020" lon="3.171320">
						<ele>1076</ele>
						<time>2026-05-01T22:18:04Z</time>
					</trkpt>
					<trkpt lat="44.522810" lon="3.171180">
						<ele>1076</ele>
						<time>2026-05-01T22:18:35Z</time>
					</trkpt>
					<trkpt lat="44.522620" lon="3.171140">
						<ele>1078</ele>
						<time>2026-05-01T22:19:00Z</time>
					</trkpt>
					<trkpt lat="44.522430" lon="3.171090">
						<ele>1079</ele>
						<time>2026-05-01T22:19:26Z</time>
					</trkpt>
					<trkpt lat="44.522170" lon="3.170940">
						<ele>1081</ele>
						<time>2026-05-01T22:20:04Z</time>
					</trkpt>
					<trkpt lat="44.521870" lon="3.170720">
						<ele>1081</ele>
						<time>2026-05-01T22:20:49Z</time>
					</trkpt>
					<trkpt lat="44.521620" lon="3.170660">
						<ele>1082</ele>
						<time>2026-05-01T22:21:23Z</time>
					</trkpt>
					<trkpt lat="44.521220" lon="3.170680">
						<ele>1083</ele>
						<time>2026-05-01T22:22:16Z</time>
					</trkpt>
					<trkpt lat="44.520640" lon="3.170780">
						<ele>1086</ele>
						<time>2026-05-01T22:23:34Z</time>
					</trkpt>
					<trkpt lat="44.520270" lon="3.170760">
						<ele>1087</ele>
						<time>2026-05-01T22:24:24Z</time>
					</trkpt>
					<trkpt lat="44.519930" lon="3.170860">
						<ele>1089</ele>
						<time>2026-05-01T22:25:10Z</time>
					</trkpt>
					<trkpt lat="44.519600" lon="3.171010">
						<ele>1091</ele>
						<time>2026-05-01T22:25:56Z</time>
					</trkpt>
					<trkpt lat="44.519230" lon="3.171080">
						<ele>1092</ele>
						<time>2026-05-01T22:26:46Z</time>
					</trkpt>
					<trkpt lat="44.518850" lon="3.171110">
						<ele>1094</ele>
						<time>2026-05-01T22:27:37Z</time>
					</trkpt>
					<trkpt lat="44.518060" lon="3.171120">
						<ele>1097</ele>
						<time>2026-05-01T22:29:22Z</time>
					</trkpt>
					<trkpt lat="44.517830" lon="3.171000">
						<ele>1097</ele>
						<time>2026-05-01T22:29:55Z</time>
					</trkpt>
					<trkpt lat="44.517430" lon="3.170830">
						<ele>1098</ele>
						<time>2026-05-01T22:30:51Z</time>
					</trkpt>
					<trkpt lat="44.517230" lon="3.170850">
						<ele>1098</ele>
						<time>2026-05-01T22:31:18Z</time>
					</trkpt>
					<trkpt lat="44.517070" lon="3.170910">
						<ele>1098</ele>
						<time>2026-05-01T22:31:40Z</time>
					</trkpt>
					<trkpt lat="44.516510" lon="3.171060">
						<ele>1098</ele>
						<time>2026-05-01T22:32:56Z</time>
					</trkpt>
					<trkpt lat="44.516210" lon="3.171050">
						<ele>1098</ele>
						<time>2026-05-01T22:33:36Z</time>
					</trkpt>
					<trkpt lat="44.515850" lon="3.171160">
						<ele>1097</ele>
						<time>2026-05-01T22:34:25Z</time>
					</trkpt>
					<trkpt lat="44.515410" lon="3.171340">
						<ele>1092</ele>
						<time>2026-05-01T22:35:26Z</time>
					</trkpt>
					<trkpt lat="44.515200" lon="3.171370">
						<ele>1090</ele>
						<time>2026-05-01T22:35:54Z</time>
					</trkpt>
					<trkpt lat="44.514940" lon="3.171280">
						<ele>1088</ele>
						<time>2026-05-01T22:36:30Z</time>
					</trkpt>
					<trkpt lat="44.514630" lon="3.171290">
						<ele>1085</ele>
						<time>2026-05-01T22:37:11Z</time>
					</trkpt>
					<trkpt lat="44.514390" lon="3.171210">
						<ele>1082</ele>
						<time>2026-05-01T22:37:44Z</time>
					</trkpt>
					<trkpt lat="44.514210" lon="3.171110">
						<ele>1080</ele>
						<time>2026-05-01T22:38:10Z</time>
					</trkpt>
					<trkpt lat="44.514080" lon="3.170890">
						<ele>1079</ele>
						<time>2026-05-01T22:38:37Z</time>
					</trkpt>
					<trkpt lat="44.514040" lon="3.170640">
						<ele>1078</ele>
						<time>2026-05-01T22:39:02Z</time>
					</trkpt>
					<trkpt lat="44.513950" lon="3.170490">
						<ele>1076</ele>
						<time>2026-05-01T22:39:20Z</time>
					</trkpt>
					<trkpt lat="44.513810" lon="3.170360">
						<ele>1075</ele>
						<time>2026-05-01T22:39:43Z</time>
					</trkpt>
					<trkpt lat="44.513450" lon="3.170180">
						<ele>1071</ele>
						<time>2026-05-01T22:40:34Z</time>
					</trkpt>
					<trkpt lat="44.513210" lon="3.169930">
						<ele>1067</ele>
						<time>2026-05-01T22:41:14Z</time>
					</trkpt>
					<trkpt lat="44.512880" lon="3.169520">
						<ele>1057</ele>
						<time>2026-05-01T22:42:12Z</time>
					</trkpt>
					<trkpt lat="44.512670" lon="3.169340">
						<ele>1054</ele>
						<time>2026-05-01T22:42:45Z</time>
					</trkpt>
					<trkpt lat="44.512390" lon="3.169160">
						<ele>1049</ele>
						<time>2026-05-01T22:43:26Z</time>
					</trkpt>
					<trkpt lat="44.512220" lon="3.169000">
						<ele>1044</ele>
						<time>2026-05-01T22:43:54Z</time>
					</trkpt>
					<trkpt lat="44.511860" lon="3.168750">
						<ele>1035</ele>
						<time>2026-05-01T22:44:47Z</time>
					</trkpt>
					<trkpt lat="44.511670" lon="3.168740">
						<ele>1033</ele>
						<time>2026-05-01T22:45:13Z</time>
					</trkpt>
					<trkpt lat="44.511420" lon="3.168620">
						<ele>1029</ele>
						<time>2026-05-01T22:45:48Z</time>
					</trkpt>
					<trkpt lat="44.511120" lon="3.168390">
						<ele>1024</ele>
						<time>2026-05-01T22:46:34Z</time>
					</trkpt>
					<trkpt lat="44.510900" lon="3.168370">
						<ele>1022</ele>
						<time>2026-05-01T22:47:03Z</time>
					</trkpt>
					<trkpt lat="44.510610" lon="3.168170">
						<ele>1015</ele>
						<time>2026-05-01T22:47:46Z</time>
					</trkpt>
					<trkpt lat="44.510420" lon="3.168160">
						<ele>1012</ele>
						<time>2026-05-01T22:48:12Z</time>
					</trkpt>
					<trkpt lat="44.510160" lon="3.168070">
						<ele>1008</ele>
						<time>2026-05-01T22:48:47Z</time>
					</trkpt>
					<trkpt lat="44.509990" lon="3.167940">
						<ele>1005</ele>
						<time>2026-05-01T22:49:13Z</time>
					</trkpt>
					<trkpt lat="44.509760" lon="3.167660">
						<ele>1001</ele>
						<time>2026-05-01T22:49:54Z</time>
					</trkpt>
					<trkpt lat="44.509490" lon="3.167390">
						<ele>997</ele>
						<time>2026-05-01T22:50:38Z</time>
					</trkpt>
					<trkpt lat="44.509390" lon="3.167230">
						<ele>995</ele>
						<time>2026-05-01T22:50:58Z</time>
					</trkpt>
					<trkpt lat="44.509300" lon="3.166960">
						<ele>992</ele>
						<time>2026-05-01T22:51:27Z</time>
					</trkpt>
					<trkpt lat="44.509260" lon="3.166760">
						<ele>991</ele>
						<time>2026-05-01T22:51:46Z</time>
					</trkpt>
					<trkpt lat="44.509150" lon="3.166640">
						<ele>990</ele>
						<time>2026-05-01T22:52:05Z</time>
					</trkpt>
					<trkpt lat="44.508840" lon="3.166410">
						<ele>985</ele>
						<time>2026-05-01T22:52:52Z</time>
					</trkpt>
					<trkpt lat="44.508680" lon="3.166230">
						<ele>983</ele>
						<time>2026-05-01T22:53:19Z</time>
					</trkpt>
					<trkpt lat="44.508550" lon="3.166050">
						<ele>982</ele>
						<time>2026-05-01T22:53:44Z</time>
					</trkpt>
					<trkpt lat="44.508420" lon="3.165900">
						<ele>980</ele>
						<time>2026-05-01T22:54:06Z</time>
					</trkpt>
					<trkpt lat="44.508240" lon="3.166000">
						<ele>980</ele>
						<time>2026-05-01T22:54:32Z</time>
					</trkpt>
					<trkpt lat="44.508150" lon="3.166140">
						<ele>979</ele>
						<time>2026-05-01T22:54:50Z</time>
					</trkpt>
					<trkpt lat="44.508060" lon="3.166370">
						<ele>980</ele>
						<time>2026-05-01T22:55:15Z</time>
					</trkpt>
					<trkpt lat="44.508020" lon="3.166610">
						<ele>981</ele>
						<time>2026-05-01T22:55:38Z</time>
					</trkpt>
					<trkpt lat="44.508020" lon="3.166860">
						<ele>982</ele>
						<time>2026-05-01T22:56:02Z</time>
					</trkpt>
					<trkpt lat="44.508030" lon="3.167130">
						<ele>983</ele>
						<time>2026-05-01T22:56:28Z</time>
					</trkpt>
					<trkpt lat="44.508090" lon="3.167600">
						<ele>984</ele>
						<time>2026-05-01T22:57:13Z</time>
					</trkpt>
					<trkpt lat="44.507880" lon="3.167730">
						<ele>983</ele>
						<time>2026-05-01T22:57:44Z</time>
					</trkpt>
					<trkpt lat="44.507650" lon="3.167850">
						<ele>982</ele>
						<time>2026-05-01T22:58:17Z</time>
					</trkpt>
					<trkpt lat="44.507200" lon="3.168040">
						<ele>981</ele>
						<time>2026-05-01T22:59:19Z</time>
					</trkpt>
					<trkpt lat="44.507030" lon="3.168060">
						<ele>981</ele>
						<time>2026-05-01T22:59:42Z</time>
					</trkpt>
					<trkpt lat="44.506800" lon="3.168000">
						<ele>980</ele>
						<time>2026-05-01T23:00:13Z</time>
					</trkpt>
					<trkpt lat="44.506590" lon="3.167990">
						<ele>979</ele>
						<time>2026-05-01T23:00:41Z</time>
					</trkpt>
					<trkpt lat="44.506150" lon="3.167910">
						<ele>976</ele>
						<time>2026-05-01T23:01:41Z</time>
					</trkpt>
					<trkpt lat="44.505940" lon="3.167930">
						<ele>975</ele>
						<time>2026-05-01T23:02:09Z</time>
					</trkpt>
					<trkpt lat="44.505580" lon="3.168020">
						<ele>973</ele>
						<time>2026-05-01T23:02:57Z</time>
					</trkpt>
					<trkpt lat="44.505310" lon="3.168080">
						<ele>971</ele>
						<time>2026-05-01T23:03:34Z</time>
					</trkpt>
					<trkpt lat="44.504970" lon="3.168230">
						<ele>968</ele>
						<time>2026-05-01T23:04:21Z</time>
					</trkpt>
					<trkpt lat="44.504720" lon="3.168300">
						<ele>967</ele>
						<time>2026-05-01T23:04:55Z</time>
					</trkpt>
					<trkpt lat="44.504410" lon="3.168450">
						<ele>965</ele>
						<time>2026-05-01T23:05:39Z</time>
					</trkpt>
					<trkpt lat="44.504380" lon="3.168520">
						<ele>964</ele>
						<time>2026-05-01T23:05:47Z</time>
					</trkpt>
					<trkpt lat="44.504240" lon="3.168610">
						<ele>963</ele>
						<time>2026-05-01T23:06:08Z</time>
					</trkpt>
					<trkpt lat="44.504060" lon="3.168700">
						<ele>963</ele>
						<time>2026-05-01T23:06:33Z</time>
					</trkpt>
					<trkpt lat="44.503890" lon="3.168660">
						<ele>964</ele>
						<time>2026-05-01T23:06:56Z</time>
					</trkpt>
					<trkpt lat="44.503640" lon="3.168790">
						<ele>965</ele>
						<time>2026-05-01T23:07:32Z</time>
					</trkpt>
					<trkpt lat="44.503500" lon="3.168980">
						<ele>966</ele>
						<time>2026-05-01T23:07:58Z</time>
					</trkpt>
					<trkpt lat="44.503410" lon="3.169150">
						<ele>966</ele>
						<time>2026-05-01T23:08:18Z</time>
					</trkpt>
					<trkpt lat="44.503170" lon="3.169370">
						<ele>965</ele>
						<time>2026-05-01T23:08:56Z</time>
					</trkpt>
					<trkpt lat="44.502980" lon="3.169560">
						<ele>965</ele>
						<time>2026-05-01T23:09:27Z</time>
					</trkpt>
					<trkpt lat="44.502600" lon="3.169750">
						<ele>966</ele>
						<time>2026-05-01T23:10:21Z</time>
					</trkpt>
					<trkpt lat="44.502390" lon="3.169730">
						<ele>968</ele>
						<time>2026-05-01T23:10:49Z</time>
					</trkpt>
					<trkpt lat="44.502160" lon="3.169650">
						<ele>968</ele>
						<time>2026-05-01T23:11:21Z</time>
					</trkpt>
					<trkpt lat="44.501820" lon="3.169500">
						<ele>970</ele>
						<time>2026-05-01T23:12:08Z</time>
					</trkpt>
					<trkpt lat="44.501490" lon="3.169420">
						<ele>970</ele>
						<time>2026-05-01T23:12:53Z</time>
					</trkpt>
					<trkpt lat="44.500970" lon="3.169340">
						<ele>967</ele>
						<time>2026-05-01T23:14:03Z</time>
					</trkpt>
					<trkpt lat="44.500600" lon="3.169300">
						<ele>963</ele>
						<time>2026-05-01T23:14:52Z</time>
					</trkpt>
					<trkpt lat="44.500090" lon="3.169230">
						<ele>958</ele>
						<time>2026-05-01T23:16:01Z</time>
					</trkpt>
					<trkpt lat="44.499530" lon="3.169140">
						<ele>953</ele>
						<time>2026-05-01T23:17:16Z</time>
					</trkpt>
					<trkpt lat="44.498630" lon="3.168890">
						<ele>945</ele>
						<time>2026-05-01T23:19:18Z</time>
					</trkpt>
					<trkpt lat="44.497690" lon="3.168500">
						<ele>930</ele>
						<time>2026-05-01T23:21:29Z</time>
					</trkpt>
					<trkpt lat="44.497220" lon="3.168320">
						<ele>923</ele>
						<time>2026-05-01T23:22:34Z</time>
					</trkpt>
					<trkpt lat="44.497130" lon="3.168220">
						<ele>921</ele>
						<time>2026-05-01T23:22:50Z</time>
					</trkpt>
					<trkpt lat="44.496910" lon="3.167890">
						<ele>917</ele>
						<time>2026-05-01T23:23:33Z</time>
					</trkpt>
					<trkpt lat="44.496780" lon="3.167820">
						<ele>915</ele>
						<time>2026-05-01T23:23:51Z</time>
					</trkpt>
					<trkpt lat="44.496620" lon="3.167790">
						<ele>913</ele>
						<time>2026-05-01T23:24:13Z</time>
					</trkpt>
					<trkpt lat="44.496430" lon="3.167800">
						<ele>911</ele>
						<time>2026-05-01T23:24:38Z</time>
					</trkpt>
					<trkpt lat="44.496210" lon="3.167830">
						<ele>909</ele>
						<time>2026-05-01T23:25:08Z</time>
					</trkpt>
					<trkpt lat="44.495930" lon="3.167810">
						<ele>906</ele>
						<time>2026-05-01T23:25:45Z</time>
					</trkpt>
					<trkpt lat="44.495650" lon="3.167840">
						<ele>904</ele>
						<time>2026-05-01T23:26:22Z</time>
					</trkpt>
					<trkpt lat="44.495280" lon="3.167800">
						<ele>902</ele>
						<time>2026-05-01T23:27:12Z</time>
					</trkpt>
					<trkpt lat="44.494980" lon="3.167800">
						<ele>901</ele>
						<time>2026-05-01T23:27:52Z</time>
					</trkpt>
					<trkpt lat="44.494360" lon="3.167620">
						<ele>898</ele>
						<time>2026-05-01T23:29:16Z</time>
					</trkpt>
					<trkpt lat="44.494000" lon="3.167540">
						<ele>897</ele>
						<time>2026-05-01T23:30:05Z</time>
					</trkpt>
					<trkpt lat="44.493670" lon="3.167510">
						<ele>896</ele>
						<time>2026-05-01T23:30:49Z</time>
					</trkpt>
					<trkpt lat="44.493340" lon="3.167460">
						<ele>894</ele>
						<time>2026-05-01T23:31:34Z</time>
					</trkpt>
					<trkpt lat="44.493090" lon="3.167350">
						<ele>893</ele>
						<time>2026-05-01T23:32:08Z</time>
					</trkpt>
					<trkpt lat="44.492910" lon="3.167200">
						<ele>891</ele>
						<time>2026-05-01T23:32:36Z</time>
					</trkpt>
					<trkpt lat="44.492750" lon="3.166870">
						<ele>890</ele>
						<time>2026-05-01T23:33:14Z</time>
					</trkpt>
					<trkpt lat="44.492550" lon="3.166560">
						<ele>886</ele>
						<time>2026-05-01T23:33:54Z</time>
					</trkpt>
					<trkpt lat="44.492290" lon="3.166290">
						<ele>881</ele>
						<time>2026-05-01T23:34:37Z</time>
					</trkpt>
					<trkpt lat="44.492010" lon="3.166080">
						<ele>875</ele>
						<time>2026-05-01T23:35:20Z</time>
					</trkpt>
					<trkpt lat="44.491850" lon="3.166000">
						<ele>873</ele>
						<time>2026-05-01T23:35:42Z</time>
					</trkpt>
					<trkpt lat="44.491250" lon="3.166930">
						<ele>867</ele>
						<time>2026-05-01T23:37:42Z</time>
					</trkpt>
					<trkpt lat="44.491040" lon="3.167560">
						<ele>864</ele>
						<time>2026-05-01T23:38:48Z</time>
					</trkpt>
					<trkpt lat="44.490920" lon="3.168210">
						<ele>860</ele>
						<time>2026-05-01T23:39:52Z</time>
					</trkpt>
					<trkpt lat="44.490940" lon="3.168630">
						<ele>859</ele>
						<time>2026-05-01T23:40:32Z</time>
					</trkpt>
					<trkpt lat="44.491020" lon="3.169000">
						<ele>857</ele>
						<time>2026-05-01T23:41:09Z</time>
					</trkpt>
					<trkpt lat="44.491020" lon="3.169100">
						<ele>857</ele>
						<time>2026-05-01T23:41:18Z</time>
					</trkpt>
					<trkpt lat="44.490950" lon="3.169150">
						<ele>855</ele>
						<time>2026-05-01T23:41:29Z</time>
					</trkpt>
					<trkpt lat="44.490700" lon="3.169140">
						<ele>853</ele>
						<time>2026-05-01T23:42:02Z</time>
					</trkpt>
					<trkpt lat="44.490500" lon="3.169220">
						<ele>850</ele>
						<time>2026-05-01T23:42:30Z</time>
					</trkpt>
					<trkpt lat="44.490150" lon="3.169460">
						<ele>843</ele>
						<time>2026-05-01T23:43:22Z</time>
					</trkpt>
					<trkpt lat="44.490130" lon="3.169560">
						<ele>842</ele>
						<time>2026-05-01T23:43:32Z</time>
					</trkpt>
					<trkpt lat="44.490150" lon="3.169810">
						<ele>840</ele>
						<time>2026-05-01T23:43:56Z</time>
					</trkpt>
					<trkpt lat="44.490100" lon="3.170100">
						<ele>837</ele>
						<time>2026-05-01T23:44:24Z</time>
					</trkpt>
					<trkpt lat="44.490030" lon="3.170400">
						<ele>835</ele>
						<time>2026-05-01T23:44:54Z</time>
					</trkpt>
					<trkpt lat="44.489800" lon="3.170950">
						<ele>829</ele>
						<time>2026-05-01T23:45:55Z</time>
					</trkpt>
					<trkpt lat="44.489490" lon="3.171880">
						<ele>821</ele>
						<time>2026-05-01T23:47:33Z</time>
					</trkpt>
					<trkpt lat="44.489380" lon="3.172270">
						<ele>817</ele>
						<time>2026-05-01T23:48:13Z</time>
					</trkpt>
					<trkpt lat="44.489240" lon="3.172160">
						<ele>817</ele>
						<time>2026-05-01T23:48:34Z</time>
					</trkpt>
					<trkpt lat="44.489110" lon="3.172020">
						<ele>817</ele>
						<time>2026-05-01T23:48:56Z</time>
					</trkpt>
					<trkpt lat="44.489120" lon="3.172130">
						<ele>816</ele>
						<time>2026-05-01T23:49:06Z</time>
					</trkpt>
					<trkpt lat="44.489220" lon="3.172310">
						<ele>816</ele>
						<time>2026-05-01T23:49:28Z</time>
					</trkpt>
					<trkpt lat="44.489330" lon="3.172390">
						<ele>816</ele>
						<time>2026-05-01T23:49:45Z</time>
					</trkpt>
					<trkpt lat="44.489400" lon="3.172470">
						<ele>816</ele>
						<time>2026-05-01T23:49:57Z</time>
					</trkpt>
					<trkpt lat="44.489440" lon="3.172640">
						<ele>814</ele>
						<time>2026-05-01T23:50:14Z</time>
					</trkpt>
					<trkpt lat="44.489440" lon="3.172890">
						<ele>811</ele>
						<time>2026-05-01T23:50:38Z</time>
					</trkpt>
					<trkpt lat="44.489470" lon="3.173080">
						<ele>808</ele>
						<time>2026-05-01T23:50:56Z</time>
					</trkpt>
					<trkpt lat="44.489530" lon="3.173150">
						<ele>807</ele>
						<time>2026-05-01T23:51:06Z</time>
					</trkpt>
					<trkpt lat="44.489670" lon="3.173240">
						<ele>806</ele>
						<time>2026-05-01T23:51:27Z</time>
					</trkpt>
					<trkpt lat="44.489750" lon="3.173320">
						<ele>805</ele>
						<time>2026-05-01T23:51:40Z</time>
					</trkpt>
					<trkpt lat="44.489830" lon="3.173500">
						<ele>803</ele>
						<time>2026-05-01T23:52:00Z</time>
					</trkpt>
					<trkpt lat="44.489770" lon="3.173540">
						<ele>803</ele>
						<time>2026-05-01T23:52:09Z</time>
					</trkpt>
					<trkpt lat="44.489680" lon="3.173590">
						<ele>802</ele>
						<time>2026-05-01T23:52:22Z</time>
					</trkpt>
					<trkpt lat="44.489430" lon="3.173600">
						<ele>801</ele>
						<time>2026-05-01T23:52:55Z</time>
					</trkpt>
					<trkpt lat="44.489290" lon="3.173620">
						<ele>801</ele>
						<time>2026-05-01T23:53:14Z</time>
					</trkpt>
					<trkpt lat="44.488960" lon="3.173720">
						<ele>798</ele>
						<time>2026-05-01T23:53:59Z</time>
					</trkpt>
					<trkpt lat="44.488770" lon="3.173700">
						<ele>797</ele>
						<time>2026-05-01T23:54:25Z</time>
					</trkpt>
					<trkpt lat="44.488610" lon="3.173650">
						<ele>797</ele>
						<time>2026-05-01T23:54:47Z</time>
					</trkpt>
					<trkpt lat="44.488440" lon="3.174080">
						<ele>791</ele>
						<time>2026-05-01T23:55:33Z</time>
					</trkpt>
					<trkpt lat="44.488420" lon="3.174200">
						<ele>790</ele>
						<time>2026-05-01T23:55:45Z</time>
					</trkpt>
					<trkpt lat="44.488400" lon="3.174400">
						<ele>788</ele>
						<time>2026-05-01T23:56:04Z</time>
					</trkpt>
					<trkpt lat="44.488340" lon="3.174400">
						<ele>788</ele>
						<time>2026-05-01T23:56:12Z</time>
					</trkpt>
					<trkpt lat="44.488160" lon="3.174330">
						<ele>787</ele>
						<time>2026-05-01T23:56:37Z</time>
					</trkpt>
					<trkpt lat="44.488160" lon="3.174150">
						<ele>789</ele>
						<time>2026-05-01T23:56:54Z</time>
					</trkpt>
					<trkpt lat="44.488160" lon="3.174100">
						<ele>789</ele>
						<time>2026-05-01T23:56:59Z</time>
					</trkpt>
					<trkpt lat="44.488150" lon="3.174040">
						<ele>790</ele>
						<time>2026-05-01T23:57:05Z</time>
					</trkpt>
					<trkpt lat="44.487530" lon="3.173520">
						<ele>792</ele>
						<time>2026-05-01T23:58:42Z</time>
					</trkpt>
					<trkpt lat="44.487450" lon="3.173500">
						<ele>791</ele>
						<time>2026-05-01T23:58:52Z</time>
					</trkpt>
					<trkpt lat="44.487380" lon="3.173430">
						<ele>792</ele>
						<time>2026-05-01T23:59:04Z</time>
					</trkpt>
					<trkpt lat="44.487300" lon="3.173390">
						<ele>791</ele>
						<time>2026-05-01T23:59:15Z</time>
					</trkpt>
					<trkpt lat="44.487220" lon="3.173370">
						<ele>791</ele>
						<time>2026-05-01T23:59:26Z</time>
					</trkpt>
					<trkpt lat="44.487100" lon="3.173280">
						<ele>791</ele>
						<time>2026-05-01T23:59:44Z</time>
					</trkpt>
					<trkpt lat="44.486910" lon="3.173100">
						<ele>791</ele>
						<time>2026-05-02T00:00:15Z</time>
					</trkpt>
					<trkpt lat="44.486800" lon="3.173020">
						<ele>790</ele>
						<time>2026-05-02T00:00:31Z</time>
					</trkpt>
					<trkpt lat="44.486690" lon="3.172970">
						<ele>790</ele>
						<time>2026-05-02T00:00:47Z</time>
					</trkpt>
					<trkpt lat="44.486580" lon="3.172890">
						<ele>789</ele>
						<time>2026-05-02T00:01:03Z</time>
					</trkpt>
					<trkpt lat="44.486450" lon="3.172870">
						<ele>787</ele>
						<time>2026-05-02T00:01:21Z</time>
					</trkpt>
					<trkpt lat="44.486300" lon="3.172890">
						<ele>784</ele>
						<time>2026-05-02T00:01:41Z</time>
					</trkpt>
					<trkpt lat="44.486070" lon="3.172890">
						<ele>781</ele>
						<time>2026-05-02T00:02:12Z</time>
					</trkpt>
					<trkpt lat="44.485810" lon="3.172830">
						<ele>777</ele>
						<time>2026-05-02T00:02:47Z</time>
					</trkpt>
					<trkpt lat="44.485670" lon="3.172770">
						<ele>778</ele>
						<time>2026-05-02T00:03:06Z</time>
					</trkpt>
					<trkpt lat="44.485550" lon="3.172640">
						<ele>780</ele>
						<time>2026-05-02T00:03:26Z</time>
					</trkpt>
					<trkpt lat="44.485360" lon="3.172480">
						<ele>781</ele>
						<time>2026-05-02T00:03:56Z</time>
					</trkpt>
					<trkpt lat="44.485280" lon="3.172380">
						<ele>782</ele>
						<time>2026-05-02T00:04:10Z</time>
					</trkpt>
					<trkpt lat="44.485190" lon="3.172310">
						<ele>783</ele>
						<time>2026-05-02T00:04:24Z</time>
					</trkpt>
					<trkpt lat="44.485140" lon="3.172240">
						<ele>784</ele>
						<time>2026-05-02T00:04:34Z</time>
					</trkpt>
					<trkpt lat="44.485090" lon="3.172190">
						<ele>784</ele>
						<time>2026-05-02T00:04:42Z</time>
					</trkpt>
					<trkpt lat="44.485010" lon="3.172170">
						<ele>785</ele>
						<time>2026-05-02T00:04:53Z</time>
					</trkpt>
					<trkpt lat="44.484960" lon="3.172100">
						<ele>786</ele>
						<time>2026-05-02T00:05:02Z</time>
					</trkpt>
					<trkpt lat="44.484880" lon="3.172050">
						<ele>786</ele>
						<time>2026-05-02T00:05:14Z</time>
					</trkpt>
					<trkpt lat="44.484750" lon="3.172040">
						<ele>787</ele>
						<time>2026-05-02T00:05:31Z</time>
					</trkpt>
					<trkpt lat="44.484640" lon="3.171990">
						<ele>787</ele>
						<time>2026-05-02T00:05:46Z</time>
					</trkpt>
					<trkpt lat="44.484530" lon="3.171960">
						<ele>788</ele>
						<time>2026-05-02T00:06:01Z</time>
					</trkpt>
					<trkpt lat="44.484350" lon="3.171840">
						<ele>789</ele>
						<time>2026-05-02T00:06:28Z</time>
					</trkpt>
					<trkpt lat="44.484050" lon="3.171610">
						<ele>788</ele>
						<time>2026-05-02T00:07:14Z</time>
					</trkpt>
					<trkpt lat="44.483690" lon="3.171290">
						<ele>784</ele>
						<time>2026-05-02T00:08:11Z</time>
					</trkpt>
					<trkpt lat="44.483320" lon="3.170950">
						<ele>781</ele>
						<time>2026-05-02T00:09:10Z</time>
					</trkpt>
					<trkpt lat="44.483070" lon="3.170690">
						<ele>779</ele>
						<time>2026-05-02T00:09:51Z</time>
					</trkpt>
					<trkpt lat="44.482890" lon="3.170390">
						<ele>780</ele>
						<time>2026-05-02T00:10:28Z</time>
					</trkpt>
					<trkpt lat="44.482740" lon="3.170300">
						<ele>779</ele>
						<time>2026-05-02T00:10:50Z</time>
					</trkpt>
					<trkpt lat="44.482610" lon="3.170230">
						<ele>780</ele>
						<time>2026-05-02T00:11:09Z</time>
					</trkpt>
					<trkpt lat="44.482470" lon="3.170110">
						<ele>780</ele>
						<time>2026-05-02T00:11:31Z</time>
					</trkpt>
					<trkpt lat="44.482340" lon="3.170050">
						<ele>781</ele>
						<time>2026-05-02T00:11:49Z</time>
					</trkpt>
					<trkpt lat="44.482070" lon="3.169970">
						<ele>783</ele>
						<time>2026-05-02T00:12:26Z</time>
					</trkpt>
					<trkpt lat="44.481940" lon="3.170010">
						<ele>784</ele>
						<time>2026-05-02T00:12:44Z</time>
					</trkpt>
					<trkpt lat="44.481790" lon="3.170120">
						<ele>784</ele>
						<time>2026-05-02T00:13:06Z</time>
					</trkpt>
					<trkpt lat="44.481400" lon="3.170240">
						<ele>786</ele>
						<time>2026-05-02T00:13:59Z</time>
					</trkpt>
					<trkpt lat="44.481340" lon="3.170230">
						<ele>786</ele>
						<time>2026-05-02T00:14:07Z</time>
					</trkpt>
					<trkpt lat="44.481290" lon="3.170200">
						<ele>787</ele>
						<time>2026-05-02T00:14:15Z</time>
					</trkpt>
					<trkpt lat="44.481030" lon="3.169900">
						<ele>791</ele>
						<time>2026-05-02T00:15:00Z</time>
					</trkpt>
					<trkpt lat="44.480730" lon="3.170100">
						<ele>792</ele>
						<time>2026-05-02T00:15:44Z</time>
					</trkpt>
					<trkpt lat="44.480340" lon="3.170410">
						<ele>793</ele>
						<time>2026-05-02T00:16:44Z</time>
					</trkpt>
					<trkpt lat="44.480070" lon="3.170640">
						<ele>795</ele>
						<time>2026-05-02T00:17:26Z</time>
					</trkpt>
					<trkpt lat="44.479970" lon="3.170700">
						<ele>796</ele>
						<time>2026-05-02T00:17:41Z</time>
					</trkpt>
					<trkpt lat="44.479900" lon="3.170720">
						<ele>796</ele>
						<time>2026-05-02T00:17:50Z</time>
					</trkpt>
					<trkpt lat="44.479800" lon="3.170680">
						<ele>796</ele>
						<time>2026-05-02T00:18:04Z</time>
					</trkpt>
					<trkpt lat="44.479720" lon="3.170650">
						<ele>796</ele>
						<time>2026-05-02T00:18:15Z</time>
					</trkpt>
					<trkpt lat="44.479520" lon="3.170580">
						<ele>797</ele>
						<time>2026-05-02T00:18:43Z</time>
					</trkpt>
					<trkpt lat="44.479440" lon="3.170560">
						<ele>797</ele>
						<time>2026-05-02T00:18:53Z</time>
					</trkpt>
					<trkpt lat="44.479190" lon="3.170610">
						<ele>797</ele>
						<time>2026-05-02T00:19:27Z</time>
					</trkpt>
					<trkpt lat="44.479000" lon="3.170630">
						<ele>798</ele>
						<time>2026-05-02T00:19:52Z</time>
					</trkpt>
					<trkpt lat="44.478830" lon="3.170670">
						<ele>799</ele>
						<time>2026-05-02T00:20:15Z</time>
					</trkpt>
					<trkpt lat="44.478660" lon="3.170670">
						<ele>800</ele>
						<time>2026-05-02T00:20:38Z</time>
					</trkpt>
					<trkpt lat="44.478650" lon="3.170770">
						<ele>800</ele>
						<time>2026-05-02T00:20:48Z</time>
					</trkpt>
					<trkpt lat="44.478630" lon="3.170840">
						<ele>800</ele>
						<time>2026-05-02T00:20:55Z</time>
					</trkpt>
					<trkpt lat="44.478580" lon="3.170850">
						<ele>800</ele>
						<time>2026-05-02T00:21:02Z</time>
					</trkpt>
					<trkpt lat="44.478550" lon="3.170870">
						<ele>801</ele>
						<time>2026-05-02T00:21:06Z</time>
					</trkpt>
					<trkpt lat="44.478470" lon="3.170950">
						<ele>801</ele>
						<time>2026-05-02T00:21:19Z</time>
					</trkpt>
					<trkpt lat="44.478180" lon="3.171300">
						<ele>803</ele>
						<time>2026-05-02T00:22:10Z</time>
					</trkpt>
					<trkpt lat="44.478030" lon="3.171560">
						<ele>804</ele>
						<time>2026-05-02T00:22:42Z</time>
					</trkpt>
					<trkpt lat="44.477990" lon="3.171580">
						<ele>804</ele>
						<time>2026-05-02T00:22:48Z</time>
					</trkpt>
					<trkpt lat="44.477790" lon="3.171680">
						<ele>806</ele>
						<time>2026-05-02T00:23:16Z</time>
					</trkpt>
					<trkpt lat="44.477560" lon="3.171710">
						<ele>808</ele>
						<time>2026-05-02T00:23:47Z</time>
					</trkpt>
					<trkpt lat="44.477350" lon="3.171770">
						<ele>807</ele>
						<time>2026-05-02T00:24:16Z</time>
					</trkpt>
					<trkpt lat="44.477260" lon="3.171800">
						<ele>806</ele>
						<time>2026-05-02T00:24:28Z</time>
					</trkpt>
					<trkpt lat="44.477080" lon="3.171830">
						<ele>805</ele>
						<time>2026-05-02T00:24:52Z</time>
					</trkpt>
					<trkpt lat="44.476760" lon="3.171830">
						<ele>804</ele>
						<time>2026-05-02T00:25:35Z</time>
					</trkpt>
					<trkpt lat="44.476370" lon="3.171730">
						<ele>801</ele>
						<time>2026-05-02T00:26:28Z</time>
					</trkpt>
					<trkpt lat="44.476130" lon="3.171650">
						<ele>800</ele>
						<time>2026-05-02T00:27:01Z</time>
					</trkpt>
					<trkpt lat="44.476010" lon="3.171570">
						<ele>799</ele>
						<time>2026-05-02T00:27:18Z</time>
					</trkpt>
					<trkpt lat="44.475890" lon="3.171480">
						<ele>798</ele>
						<time>2026-05-02T00:27:37Z</time>
					</trkpt>
					<trkpt lat="44.475750" lon="3.171310">
						<ele>798</ele>
						<time>2026-05-02T00:28:01Z</time>
					</trkpt>
					<trkpt lat="44.475620" lon="3.171180">
						<ele>797</ele>
						<time>2026-05-02T00:28:23Z</time>
					</trkpt>
					<trkpt lat="44.475540" lon="3.171090">
						<ele>797</ele>
						<time>2026-05-02T00:28:36Z</time>
					</trkpt>
					<trkpt lat="44.475080" lon="3.170690">
						<ele>795</ele>
						<time>2026-05-02T00:29:49Z</time>
					</trkpt>
					<trkpt lat="44.474800" lon="3.170450">
						<ele>793</ele>
						<time>2026-05-02T00:30:32Z</time>
					</trkpt>
					<trkpt lat="44.474520" lon="3.170130">
						<ele>791</ele>
						<time>2026-05-02T00:31:21Z</time>
					</trkpt>
					<trkpt lat="44.473980" lon="3.169750">
						<ele>787</ele>
						<time>2026-05-02T00:32:41Z</time>
					</trkpt>
					<trkpt lat="44.473400" lon="3.169400">
						<ele>783</ele>
						<time>2026-05-02T00:34:05Z</time>
					</trkpt>
					<trkpt lat="44.472460" lon="3.168830">
						<ele>776</ele>
						<time>2026-05-02T00:36:22Z</time>
					</trkpt>
					<trkpt lat="44.471940" lon="3.168660">
						<ele>773</ele>
						<time>2026-05-02T00:37:33Z</time>
					</trkpt>
					<trkpt lat="44.471650" lon="3.168580">
						<ele>772</ele>
						<time>2026-05-02T00:38:13Z</time>
					</trkpt>
					<trkpt lat="44.470990" lon="3.168490">
						<ele>770</ele>
						<time>2026-05-02T00:39:41Z</time>
					</trkpt>
					<trkpt lat="44.470610" lon="3.168350">
						<ele>770</ele>
						<time>2026-05-02T00:40:34Z</time>
					</trkpt>
					<trkpt lat="44.470050" lon="3.168110">
						<ele>769</ele>
						<time>2026-05-02T00:41:52Z</time>
					</trkpt>
					<trkpt lat="44.469310" lon="3.167680">
						<ele>768</ele>
						<time>2026-05-02T00:43:39Z</time>
					</trkpt>
					<trkpt lat="44.469130" lon="3.167600">
						<ele>769</ele>
						<time>2026-05-02T00:44:04Z</time>
					</trkpt>
					<trkpt lat="44.468930" lon="3.167560">
						<ele>769</ele>
						<time>2026-05-02T00:44:31Z</time>
					</trkpt>
					<trkpt lat="44.468750" lon="3.167470">
						<ele>770</ele>
						<time>2026-05-02T00:44:56Z</time>
					</trkpt>
					<trkpt lat="44.468680" lon="3.167320">
						<ele>770</ele>
						<time>2026-05-02T00:45:14Z</time>
					</trkpt>
					<trkpt lat="44.468580" lon="3.167340">
						<ele>770</ele>
						<time>2026-05-02T00:45:27Z</time>
					</trkpt>
					<trkpt lat="44.468370" lon="3.167290">
						<ele>771</ele>
						<time>2026-05-02T00:45:55Z</time>
					</trkpt>
					<trkpt lat="44.468140" lon="3.167300">
						<ele>772</ele>
						<time>2026-05-02T00:46:26Z</time>
					</trkpt>
					<trkpt lat="44.467840" lon="3.167380">
						<ele>774</ele>
						<time>2026-05-02T00:47:07Z</time>
					</trkpt>
					<trkpt lat="44.467710" lon="3.167490">
						<ele>774</ele>
						<time>2026-05-02T00:47:27Z</time>
					</trkpt>
					<trkpt lat="44.467590" lon="3.167640">
						<ele>774</ele>
						<time>2026-05-02T00:47:49Z</time>
					</trkpt>
					<trkpt lat="44.467460" lon="3.167860">
						<ele>774</ele>
						<time>2026-05-02T00:48:16Z</time>
					</trkpt>
					<trkpt lat="44.467200" lon="3.168580">
						<ele>777</ele>
						<time>2026-05-02T00:49:33Z</time>
					</trkpt>
					<trkpt lat="44.467050" lon="3.168830">
						<ele>778</ele>
						<time>2026-05-02T00:50:04Z</time>
					</trkpt>
					<trkpt lat="44.466890" lon="3.168990">
						<ele>779</ele>
						<time>2026-05-02T00:50:30Z</time>
					</trkpt>
					<trkpt lat="44.466720" lon="3.169090">
						<ele>780</ele>
						<time>2026-05-02T00:50:55Z</time>
					</trkpt>
					<trkpt lat="44.466530" lon="3.169150">
						<ele>784</ele>
						<time>2026-05-02T00:51:21Z</time>
					</trkpt>
					<trkpt lat="44.466350" lon="3.169170">
						<ele>788</ele>
						<time>2026-05-02T00:51:45Z</time>
					</trkpt>
					<trkpt lat="44.466140" lon="3.169150">
						<ele>793</ele>
						<time>2026-05-02T00:52:13Z</time>
					</trkpt>
					<trkpt lat="44.465990" lon="3.169230">
						<ele>797</ele>
						<time>2026-05-02T00:52:34Z</time>
					</trkpt>
					<trkpt lat="44.465920" lon="3.169290">
						<ele>798</ele>
						<time>2026-05-02T00:52:45Z</time>
					</trkpt>
					<trkpt lat="44.465890" lon="3.169390">
						<ele>799</ele>
						<time>2026-05-02T00:52:55Z</time>
					</trkpt>
					<trkpt lat="44.465900" lon="3.169450">
						<ele>798</ele>
						<time>2026-05-02T00:53:01Z</time>
					</trkpt>
					<trkpt lat="44.465950" lon="3.169760">
						<ele>795</ele>
						<time>2026-05-02T00:53:32Z</time>
					</trkpt>
					<trkpt lat="44.465960" lon="3.170120">
						<ele>793</ele>
						<time>2026-05-02T00:54:06Z</time>
					</trkpt>
					<trkpt lat="44.465920" lon="3.170340">
						<ele>793</ele>
						<time>2026-05-02T00:54:28Z</time>
					</trkpt>
					<trkpt lat="44.465850" lon="3.170420">
						<ele>794</ele>
						<time>2026-05-02T00:54:40Z</time>
					</trkpt>
					<trkpt lat="44.465730" lon="3.170480">
						<ele>796</ele>
						<time>2026-05-02T00:54:57Z</time>
					</trkpt>
					<trkpt lat="44.465690" lon="3.170480">
						<ele>797</ele>
						<time>2026-05-02T00:55:02Z</time>
					</trkpt>
					<trkpt lat="44.465640" lon="3.170480">
						<ele>798</ele>
						<time>2026-05-02T00:55:09Z</time>
					</trkpt>
					<trkpt lat="44.465510" lon="3.170320">
						<ele>802</ele>
						<time>2026-05-02T00:55:32Z</time>
					</trkpt>
					<trkpt lat="44.465230" lon="3.170050">
						<ele>812</ele>
						<time>2026-05-02T00:56:17Z</time>
					</trkpt>
					<trkpt lat="44.465100" lon="3.169980">
						<ele>817</ele>
						<time>2026-05-02T00:56:36Z</time>
					</trkpt>
					<trkpt lat="44.465040" lon="3.169980">
						<ele>818</ele>
						<time>2026-05-02T00:56:44Z</time>
					</trkpt>
					<trkpt lat="44.464990" lon="3.170020">
						<ele>819</ele>
						<time>2026-05-02T00:56:51Z</time>
					</trkpt>
					<trkpt lat="44.464740" lon="3.170260">
						<ele>823</ele>
						<time>2026-05-02T00:57:32Z</time>
					</trkpt>
					<trkpt lat="44.464540" lon="3.170500">
						<ele>824</ele>
						<time>2026-05-02T00:58:07Z</time>
					</trkpt>
					<trkpt lat="44.464280" lon="3.170750">
						<ele>826</ele>
						<time>2026-05-02T00:58:49Z</time>
					</trkpt>
					<trkpt lat="44.463910" lon="3.170990">
						<ele>830</ele>
						<time>2026-05-02T00:59:43Z</time>
					</trkpt>
					<trkpt lat="44.463630" lon="3.171100">
						<ele>834</ele>
						<time>2026-05-02T01:00:22Z</time>
					</trkpt>
					<trkpt lat="44.463140" lon="3.171150">
						<ele>840</ele>
						<time>2026-05-02T01:01:28Z</time>
					</trkpt>
					<trkpt lat="44.463050" lon="3.171130">
						<ele>841</ele>
						<time>2026-05-02T01:01:40Z</time>
					</trkpt>
					<trkpt lat="44.462980" lon="3.171070">
						<ele>842</ele>
						<time>2026-05-02T01:01:51Z</time>
					</trkpt>
					<trkpt lat="44.462910" lon="3.170810">
						<ele>849</ele>
						<time>2026-05-02T01:02:17Z</time>
					</trkpt>
					<trkpt lat="44.462660" lon="3.169730">
						<ele>856</ele>
						<time>2026-05-02T01:04:05Z</time>
					</trkpt>
					<trkpt lat="44.462660" lon="3.169650">
						<ele>856</ele>
						<time>2026-05-02T01:04:13Z</time>
					</trkpt>
					<trkpt lat="44.462680" lon="3.169590">
						<ele>856</ele>
						<time>2026-05-02T01:04:19Z</time>
					</trkpt>
					<trkpt lat="44.463260" lon="3.169090">
						<ele>862</ele>
						<time>2026-05-02T01:05:50Z</time>
					</trkpt>
					<trkpt lat="44.463440" lon="3.168880">
						<ele>860</ele>
						<time>2026-05-02T01:06:22Z</time>
					</trkpt>
					<trkpt lat="44.463480" lon="3.168800">
						<ele>859</ele>
						<time>2026-05-02T01:06:31Z</time>
					</trkpt>
					<trkpt lat="44.463480" lon="3.168620">
						<ele>858</ele>
						<time>2026-05-02T01:06:48Z</time>
					</trkpt>
					<trkpt lat="44.463060" lon="3.168570">
						<ele>855</ele>
						<time>2026-05-02T01:07:44Z</time>
					</trkpt>
					<trkpt lat="44.462620" lon="3.168430">
						<ele>849</ele>
						<time>2026-05-02T01:08:44Z</time>
					</trkpt>
					<trkpt lat="44.462190" lon="3.168240">
						<ele>843</ele>
						<time>2026-05-02T01:09:45Z</time>
					</trkpt>
					<trkpt lat="44.461900" lon="3.168040">
						<ele>839</ele>
						<time>2026-05-02T01:10:28Z</time>
					</trkpt>
					<trkpt lat="44.461610" lon="3.167910">
						<ele>834</ele>
						<time>2026-05-02T01:11:08Z</time>
					</trkpt>
					<trkpt lat="44.461460" lon="3.167800">
						<ele>832</ele>
						<time>2026-05-02T01:11:31Z</time>
					</trkpt>
					<trkpt lat="44.460960" lon="3.167510">
						<ele>824</ele>
						<time>2026-05-02T01:12:43Z</time>
					</trkpt>
					<trkpt lat="44.460710" lon="3.167410">
						<ele>821</ele>
						<time>2026-05-02T01:13:18Z</time>
					</trkpt>
					<trkpt lat="44.460540" lon="3.167290">
						<ele>818</ele>
						<time>2026-05-02T01:13:43Z</time>
					</trkpt>
					<trkpt lat="44.460360" lon="3.167110">
						<ele>816</ele>
						<time>2026-05-02T01:14:13Z</time>
					</trkpt>
					<trkpt lat="44.460230" lon="3.167010">
						<ele>814</ele>
						<time>2026-05-02T01:14:33Z</time>
					</trkpt>
					<trkpt lat="44.460010" lon="3.166970">
						<ele>813</ele>
						<time>2026-05-02T01:15:02Z</time>
					</trkpt>
					<trkpt lat="44.459690" lon="3.166960">
						<ele>808</ele>
						<time>2026-05-02T01:15:45Z</time>
					</trkpt>
					<trkpt lat="44.459220" lon="3.166870">
						<ele>800</ele>
						<time>2026-05-02T01:16:48Z</time>
					</trkpt>
					<trkpt lat="44.459090" lon="3.166950">
						<ele>799</ele>
						<time>2026-05-02T01:17:07Z</time>
					</trkpt>
					<trkpt lat="44.458920" lon="3.167240">
						<ele>797</ele>
						<time>2026-05-02T01:17:43Z</time>
					</trkpt>
					<trkpt lat="44.458760" lon="3.167460">
						<ele>796</ele>
						<time>2026-05-02T01:18:13Z</time>
					</trkpt>
					<trkpt lat="44.458680" lon="3.167520">
						<ele>795</ele>
						<time>2026-05-02T01:18:25Z</time>
					</trkpt>
					<trkpt lat="44.458450" lon="3.167600">
						<ele>790</ele>
						<time>2026-05-02T01:18:57Z</time>
					</trkpt>
					<trkpt lat="44.458290" lon="3.167600">
						<ele>788</ele>
						<time>2026-05-02T01:19:18Z</time>
					</trkpt>
					<trkpt lat="44.458120" lon="3.167500">
						<ele>786</ele>
						<time>2026-05-02T01:19:43Z</time>
					</trkpt>
					<trkpt lat="44.457960" lon="3.167290">
						<ele>783</ele>
						<time>2026-05-02T01:20:12Z</time>
					</trkpt>
					<trkpt lat="44.457850" lon="3.167070">
						<ele>782</ele>
						<time>2026-05-02T01:20:37Z</time>
					</trkpt>
					<trkpt lat="44.457830" lon="3.166870">
						<ele>782</ele>
						<time>2026-05-02T01:20:57Z</time>
					</trkpt>
					<trkpt lat="44.457880" lon="3.166620">
						<ele>781</ele>
						<time>2026-05-02T01:21:21Z</time>
					</trkpt>
					<trkpt lat="44.457970" lon="3.166280">
						<ele>778</ele>
						<time>2026-05-02T01:21:56Z</time>
					</trkpt>
					<trkpt lat="44.457970" lon="3.165980">
						<ele>776</ele>
						<time>2026-05-02T01:22:24Z</time>
					</trkpt>
					<trkpt lat="44.457920" lon="3.165500">
						<ele>771</ele>
						<time>2026-05-02T01:23:11Z</time>
					</trkpt>
					<trkpt lat="44.457890" lon="3.165350">
						<ele>770</ele>
						<time>2026-05-02T01:23:25Z</time>
					</trkpt>
					<trkpt lat="44.457740" lon="3.164900">
						<ele>766</ele>
						<time>2026-05-02T01:24:13Z</time>
					</trkpt>
					<trkpt lat="44.457710" lon="3.164690">
						<ele>765</ele>
						<time>2026-05-02T01:24:33Z</time>
					</trkpt>
					<trkpt lat="44.457600" lon="3.162990">
						<ele>756</ele>
						<time>2026-05-02T01:27:16Z</time>
					</trkpt>
					<trkpt lat="44.457600" lon="3.162820">
						<ele>754</ele>
						<time>2026-05-02T01:27:32Z</time>
					</trkpt>
					<trkpt lat="44.457590" lon="3.162740">
						<ele>753</ele>
						<time>2026-05-02T01:27:40Z</time>
					</trkpt>
					<trkpt lat="44.457530" lon="3.162670">
						<ele>753</ele>
						<time>2026-05-02T01:27:50Z</time>
					</trkpt>
					<trkpt lat="44.457380" lon="3.162640">
						<ele>753</ele>
						<time>2026-05-02T01:28:10Z</time>
					</trkpt>
					<trkpt lat="44.457220" lon="3.162570">
						<ele>751</ele>
						<time>2026-05-02T01:28:33Z</time>
					</trkpt>
					<trkpt lat="44.457100" lon="3.162460">
						<ele>749</ele>
						<time>2026-05-02T01:28:52Z</time>
					</trkpt>
					<trkpt lat="44.456960" lon="3.162260">
						<ele>746</ele>
						<time>2026-05-02T01:29:19Z</time>
					</trkpt>
					<trkpt lat="44.456910" lon="3.162110">
						<ele>744</ele>
						<time>2026-05-02T01:29:34Z</time>
					</trkpt>
					<trkpt lat="44.456900" lon="3.162070">
						<ele>744</ele>
						<time>2026-05-02T01:29:38Z</time>
					</trkpt>
					<trkpt lat="44.456810" lon="3.161590">
						<ele>739</ele>
						<time>2026-05-02T01:30:26Z</time>
					</trkpt>
					<trkpt lat="44.456500" lon="3.161880">
						<ele>739</ele>
						<time>2026-05-02T01:31:15Z</time>
					</trkpt>
					<trkpt lat="44.456500" lon="3.161730">
						<ele>738</ele>
						<time>2026-05-02T01:31:30Z</time>
					</trkpt>
					<trkpt lat="44.456460" lon="3.161500">
						<ele>736</ele>
						<time>2026-05-02T01:31:52Z</time>
					</trkpt>
					<trkpt lat="44.456440" lon="3.161340">
						<ele>735</ele>
						<time>2026-05-02T01:32:08Z</time>
					</trkpt>
					<trkpt lat="44.456450" lon="3.160820">
						<ele>733</ele>
						<time>2026-05-02T01:32:57Z</time>
					</trkpt>
					<trkpt lat="44.456460" lon="3.160700">
						<ele>731</ele>
						<time>2026-05-02T01:33:09Z</time>
					</trkpt>
					<trkpt lat="44.456470" lon="3.160330">
						<ele>727</ele>
						<time>2026-05-02T01:33:44Z</time>
					</trkpt>
					<trkpt lat="44.456450" lon="3.160110">
						<ele>724</ele>
						<time>2026-05-02T01:34:05Z</time>
					</trkpt>
					<trkpt lat="44.456400" lon="3.159940">
						<ele>722</ele>
						<time>2026-05-02T01:34:23Z</time>
					</trkpt>
					<trkpt lat="44.456270" lon="3.159730">
						<ele>721</ele>
						<time>2026-05-02T01:34:49Z</time>
					</trkpt>
					<trkpt lat="44.456110" lon="3.159490">
						<ele>721</ele>
						<time>2026-05-02T01:35:20Z</time>
					</trkpt>
					<trkpt lat="44.455870" lon="3.159260">
						<ele>723</ele>
						<time>2026-05-02T01:35:59Z</time>
					</trkpt>
					<trkpt lat="44.455650" lon="3.159060">
						<ele>722</ele>
						<time>2026-05-02T01:36:34Z</time>
					</trkpt>
					<trkpt lat="44.455510" lon="3.159020">
						<ele>721</ele>
						<time>2026-05-02T01:36:53Z</time>
					</trkpt>
					<trkpt lat="44.455290" lon="3.159000">
						<ele>719</ele>
						<time>2026-05-02T01:37:23Z</time>
					</trkpt>
					<trkpt lat="44.455030" lon="3.158990">
						<ele>717</ele>
						<time>2026-05-02T01:37:57Z</time>
					</trkpt>
					<trkpt lat="44.454860" lon="3.158960">
						<ele>715</ele>
						<time>2026-05-02T01:38:20Z</time>
					</trkpt>
					<trkpt lat="44.454700" lon="3.158860">
						<ele>713</ele>
						<time>2026-05-02T01:38:44Z</time>
					</trkpt>
					<trkpt lat="44.454550" lon="3.158730">
						<ele>712</ele>
						<time>2026-05-02T01:39:07Z</time>
					</trkpt>
					<trkpt lat="44.454420" lon="3.158560">
						<ele>710</ele>
						<time>2026-05-02T01:39:31Z</time>
					</trkpt>
					<trkpt lat="44.454380" lon="3.158410">
						<ele>710</ele>
						<time>2026-05-02T01:39:46Z</time>
					</trkpt>
					<trkpt lat="44.454330" lon="3.158140">
						<ele>708</ele>
						<time>2026-05-02T01:40:13Z</time>
					</trkpt>
					<trkpt lat="44.454320" lon="3.158010">
						<ele>707</ele>
						<time>2026-05-02T01:40:25Z</time>
					</trkpt>
					<trkpt lat="44.454360" lon="3.157860">
						<ele>707</ele>
						<time>2026-05-02T01:40:40Z</time>
					</trkpt>
					<trkpt lat="44.454430" lon="3.157690">
						<ele>707</ele>
						<time>2026-05-02T01:40:59Z</time>
					</trkpt>
					<trkpt lat="44.454420" lon="3.157600">
						<ele>706</ele>
						<time>2026-05-02T01:41:08Z</time>
					</trkpt>
					<trkpt lat="44.454370" lon="3.157560">
						<ele>705</ele>
						<time>2026-05-02T01:41:15Z</time>
					</trkpt>
					<trkpt lat="44.454250" lon="3.157580">
						<ele>704</ele>
						<time>2026-05-02T01:41:32Z</time>
					</trkpt>
					<trkpt lat="44.454020" lon="3.157580">
						<ele>700</ele>
						<time>2026-05-02T01:42:02Z</time>
					</trkpt>
					<trkpt lat="44.453960" lon="3.157550">
						<ele>699</ele>
						<time>2026-05-02T01:42:11Z</time>
					</trkpt>
					<trkpt lat="44.453880" lon="3.157450">
						<ele>697</ele>
						<time>2026-05-02T01:42:25Z</time>
					</trkpt>
					<trkpt lat="44.453820" lon="3.157230">
						<ele>693</ele>
						<time>2026-05-02T01:42:48Z</time>
					</trkpt>
					<trkpt lat="44.453720" lon="3.156980">
						<ele>688</ele>
						<time>2026-05-02T01:43:15Z</time>
					</trkpt>
					<trkpt lat="44.453660" lon="3.156790">
						<ele>685</ele>
						<time>2026-05-02T01:43:35Z</time>
					</trkpt>
					<trkpt lat="44.453630" lon="3.156660">
						<ele>683</ele>
						<time>2026-05-02T01:43:48Z</time>
					</trkpt>
					<trkpt lat="44.453580" lon="3.156590">
						<ele>681</ele>
						<time>2026-05-02T01:43:57Z</time>
					</trkpt>
					<trkpt lat="44.453500" lon="3.156580">
						<ele>680</ele>
						<time>2026-05-02T01:44:08Z</time>
					</trkpt>
					<trkpt lat="44.453380" lon="3.156620">
						<ele>680</ele>
						<time>2026-05-02T01:44:24Z</time>
					</trkpt>
					<trkpt lat="44.453280" lon="3.156640">
						<ele>679</ele>
						<time>2026-05-02T01:44:38Z</time>
					</trkpt>
					<trkpt lat="44.453140" lon="3.156570">
						<ele>677</ele>
						<time>2026-05-02T01:44:58Z</time>
					</trkpt>
					<trkpt lat="44.452770" lon="3.156260">
						<ele>669</ele>
						<time>2026-05-02T01:45:55Z</time>
					</trkpt>
					<trkpt lat="44.452600" lon="3.156070">
						<ele>665</ele>
						<time>2026-05-02T01:46:24Z</time>
					</trkpt>
					<trkpt lat="44.452540" lon="3.156020">
						<ele>664</ele>
						<time>2026-05-02T01:46:33Z</time>
					</trkpt>
					<trkpt lat="44.452460" lon="3.156000">
						<ele>664</ele>
						<time>2026-05-02T01:46:44Z</time>
					</trkpt>
					<trkpt lat="44.452400" lon="3.155950">
						<ele>664</ele>
						<time>2026-05-02T01:46:54Z</time>
					</trkpt>
					<trkpt lat="44.452340" lon="3.155890">
						<ele>663</ele>
						<time>2026-05-02T01:47:03Z</time>
					</trkpt>
					<trkpt lat="44.452230" lon="3.155850">
						<ele>664</ele>
						<time>2026-05-02T01:47:19Z</time>
					</trkpt>
					<trkpt lat="44.452140" lon="3.155830">
						<ele>664</ele>
						<time>2026-05-02T01:47:31Z</time>
					</trkpt>
					<trkpt lat="44.452090" lon="3.155790">
						<ele>664</ele>
						<time>2026-05-02T01:47:38Z</time>
					</trkpt>
					<trkpt lat="44.452030" lon="3.155710">
						<ele>663</ele>
						<time>2026-05-02T01:47:49Z</time>
					</trkpt>
					<trkpt lat="44.452000" lon="3.155600">
						<ele>661</ele>
						<time>2026-05-02T01:48:01Z</time>
					</trkpt>
					<trkpt lat="44.451980" lon="3.155470">
						<ele>658</ele>
						<time>2026-05-02T01:48:13Z</time>
					</trkpt>
					<trkpt lat="44.451960" lon="3.155390">
						<ele>657</ele>
						<time>2026-05-02T01:48:21Z</time>
					</trkpt>
					<trkpt lat="44.451790" lon="3.155090">
						<ele>653</ele>
						<time>2026-05-02T01:48:58Z</time>
					</trkpt>
					<trkpt lat="44.451690" lon="3.154880">
						<ele>649</ele>
						<time>2026-05-02T01:49:22Z</time>
					</trkpt>
					<trkpt lat="44.451590" lon="3.154750">
						<ele>647</ele>
						<time>2026-05-02T01:49:40Z</time>
					</trkpt>
					<trkpt lat="44.451490" lon="3.154560">
						<ele>643</ele>
						<time>2026-05-02T01:50:03Z</time>
					</trkpt>
					<trkpt lat="44.451310" lon="3.154120">
						<ele>633</ele>
						<time>2026-05-02T01:50:51Z</time>
					</trkpt>
					<trkpt lat="44.451230" lon="3.153980">
						<ele>630</ele>
						<time>2026-05-02T01:51:08Z</time>
					</trkpt>
					<trkpt lat="44.451130" lon="3.153850">
						<ele>627</ele>
						<time>2026-05-02T01:51:26Z</time>
					</trkpt>
					<trkpt lat="44.451000" lon="3.153740">
						<ele>624</ele>
						<time>2026-05-02T01:51:47Z</time>
					</trkpt>
					<trkpt lat="44.450860" lon="3.153710">
						<ele>624</ele>
						<time>2026-05-02T01:52:05Z</time>
					</trkpt>
					<trkpt lat="44.450770" lon="3.153720">
						<ele>625</ele>
						<time>2026-05-02T01:52:17Z</time>
					</trkpt>
					<trkpt lat="44.450650" lon="3.153690">
						<ele>624</ele>
						<time>2026-05-02T01:52:34Z</time>
					</trkpt>
					<trkpt lat="44.450520" lon="3.153630">
						<ele>622</ele>
						<time>2026-05-02T01:52:52Z</time>
					</trkpt>
					<trkpt lat="44.450110" lon="3.153420">
						<ele>615</ele>
						<time>2026-05-02T01:53:50Z</time>
					</trkpt>
					<trkpt lat="44.449970" lon="3.153320">
						<ele>612</ele>
						<time>2026-05-02T01:54:11Z</time>
					</trkpt>
					<trkpt lat="44.449860" lon="3.153280">
						<ele>610</ele>
						<time>2026-05-02T01:54:26Z</time>
					</trkpt>
					<trkpt lat="44.449770" lon="3.153300">
						<ele>611</ele>
						<time>2026-05-02T01:54:39Z</time>
					</trkpt>
					<trkpt lat="44.449690" lon="3.153280">
						<ele>611</ele>
						<time>2026-05-02T01:54:49Z</time>
					</trkpt>
					<trkpt lat="44.449390" lon="3.153070">
						<ele>603</ele>
						<time>2026-05-02T01:55:34Z</time>
					</trkpt>
					<trkpt lat="44.449180" lon="3.153010">
						<ele>602</ele>
						<time>2026-05-02T01:56:03Z</time>
					</trkpt>
					<trkpt lat="44.449080" lon="3.152970">
						<ele>601</ele>
						<time>2026-05-02T01:56:17Z</time>
					</trkpt>
					<trkpt lat="44.449040" lon="3.152900">
						<ele>598</ele>
						<time>2026-05-02T01:56:25Z</time>
					</trkpt>
					<trkpt lat="44.448840" lon="3.152740">
						<ele>593</ele>
						<time>2026-05-02T01:56:56Z</time>
					</trkpt>
					<trkpt lat="44.448650" lon="3.152660">
						<ele>592</ele>
						<time>2026-05-02T01:57:22Z</time>
					</trkpt>
					<trkpt lat="44.448530" lon="3.152580">
						<ele>590</ele>
						<time>2026-05-02T01:57:40Z</time>
					</trkpt>
					<trkpt lat="44.448450" lon="3.152490">
						<ele>588</ele>
						<time>2026-05-02T01:57:54Z</time>
					</trkpt>
					<trkpt lat="44.448110" lon="3.152280">
						<ele>580</ele>
						<time>2026-05-02T01:58:43Z</time>
					</trkpt>
					<trkpt lat="44.447790" lon="3.152200">
						<ele>577</ele>
						<time>2026-05-02T01:59:27Z</time>
					</trkpt>
					<trkpt lat="44.447690" lon="3.152200">
						<ele>577</ele>
						<time>2026-05-02T01:59:40Z</time>
					</trkpt>
					<trkpt lat="44.447610" lon="3.152210">
						<ele>577</ele>
						<time>2026-05-02T01:59:51Z</time>
					</trkpt>
					<trkpt lat="44.447510" lon="3.152200">
						<ele>576</ele>
						<time>2026-05-02T02:00:04Z</time>
					</trkpt>
					<trkpt lat="44.447330" lon="3.152140">
						<ele>573</ele>
						<time>2026-05-02T02:00:29Z</time>
					</trkpt>
					<trkpt lat="44.447080" lon="3.152070">
						<ele>569</ele>
						<time>2026-05-02T02:01:03Z</time>
					</trkpt>
					<trkpt lat="44.447020" lon="3.152100">
						<ele>569</ele>
						<time>2026-05-02T02:01:11Z</time>
					</trkpt>
					<trkpt lat="44.446970" lon="3.152030">
						<ele>568</ele>
						<time>2026-05-02T02:01:21Z</time>
					</trkpt>
					<trkpt lat="44.446870" lon="3.151940">
						<ele>567</ele>
						<time>2026-05-02T02:01:37Z</time>
					</trkpt>
					<trkpt lat="44.446950" lon="3.151860">
						<ele>566</ele>
						<time>2026-05-02T02:01:50Z</time>
					</trkpt>
					<trkpt lat="44.447010" lon="3.151750">
						<ele>565</ele>
						<time>2026-05-02T02:02:03Z</time>
					</trkpt>
					<trkpt lat="44.447110" lon="3.151670">
						<ele>563</ele>
						<time>2026-05-02T02:02:18Z</time>
					</trkpt>
					<trkpt lat="44.447280" lon="3.151640">
						<ele>562</ele>
						<time>2026-05-02T02:02:41Z</time>
					</trkpt>
					<trkpt lat="44.447510" lon="3.151650">
						<ele>561</ele>
						<time>2026-05-02T02:03:12Z</time>
					</trkpt>
					<trkpt lat="44.447850" lon="3.151630">
						<ele>559</ele>
						<time>2026-05-02T02:03:57Z</time>
					</trkpt>
					<trkpt lat="44.448030" lon="3.151590">
						<ele>558</ele>
						<time>2026-05-02T02:04:22Z</time>
					</trkpt>
					<trkpt lat="44.448430" lon="3.151620">
						<ele>557</ele>
						<time>2026-05-02T02:05:15Z</time>
					</trkpt>
					<trkpt lat="44.448690" lon="3.151690">
						<ele>556</ele>
						<time>2026-05-02T02:05:51Z</time>
					</trkpt>
					<trkpt lat="44.448820" lon="3.151690">
						<ele>555</ele>
						<time>2026-05-02T02:06:08Z</time>
					</trkpt>
					<trkpt lat="44.448980" lon="3.151650">
						<ele>552</ele>
						<time>2026-05-02T02:06:30Z</time>
					</trkpt>
					<trkpt lat="44.449090" lon="3.151560">
						<ele>550</ele>
						<time>2026-05-02T02:06:47Z</time>
					</trkpt>
					<trkpt lat="44.449160" lon="3.151490">
						<ele>548</ele>
						<time>2026-05-02T02:06:58Z</time>
					</trkpt>
					<trkpt lat="44.449230" lon="3.151400">
						<ele>546</ele>
						<time>2026-05-02T02:07:11Z</time>
					</trkpt>
					<trkpt lat="44.449330" lon="3.151020">
						<ele>540</ele>
						<time>2026-05-02T02:07:49Z</time>
					</trkpt>
					<trkpt lat="44.449360" lon="3.150860">
						<ele>538</ele>
						<time>2026-05-02T02:08:05Z</time>
					</trkpt>
					<trkpt lat="44.449390" lon="3.150600">
						<ele>540</ele>
						<time>2026-05-02T02:08:30Z</time>
					</trkpt>
					<trkpt lat="44.449480" lon="3.150380">
						<ele>543</ele>
						<time>2026-05-02T02:08:54Z</time>
					</trkpt>
					<trkpt lat="44.449510" lon="3.150250">
						<ele>544</ele>
						<time>2026-05-02T02:09:07Z</time>
					</trkpt>
					<trkpt lat="44.449530" lon="3.150190">
						<ele>545</ele>
						<time>2026-05-02T02:09:14Z</time>
					</trkpt>
					<trkpt lat="44.449210" lon="3.149800">
						<ele>542</ele>
						<time>2026-05-02T02:10:10Z</time>
					</trkpt>
					<trkpt lat="44.449000" lon="3.149620">
						<ele>541</ele>
						<time>2026-05-02T02:10:43Z</time>
					</trkpt>
					<trkpt lat="44.448830" lon="3.149520">
						<ele>540</ele>
						<time>2026-05-02T02:11:08Z</time>
					</trkpt>
					<trkpt lat="44.448690" lon="3.149410">
						<ele>539</ele>
						<time>2026-05-02T02:11:29Z</time>
					</trkpt>
					<trkpt lat="44.448150" lon="3.148830">
						<ele>537</ele>
						<time>2026-05-02T02:13:00Z</time>
					</trkpt>
					<trkpt lat="44.447970" lon="3.148600">
						<ele>537</ele>
						<time>2026-05-02T02:13:32Z</time>
					</trkpt>
					<trkpt lat="44.447800" lon="3.148260">
						<ele>538</ele>
						<time>2026-05-02T02:14:12Z</time>
					</trkpt>
					<trkpt lat="44.447700" lon="3.148020">
						<ele>539</ele>
						<time>2026-05-02T02:14:38Z</time>
					</trkpt>
					<trkpt lat="44.447380" lon="3.147360">
						<ele>540</ele>
						<time>2026-05-02T02:15:54Z</time>
					</trkpt>
					<trkpt lat="44.447290" lon="3.147220">
						<ele>540</ele>
						<time>2026-05-02T02:16:12Z</time>
					</trkpt>
					<trkpt lat="44.447130" lon="3.147090">
						<ele>539</ele>
						<time>2026-05-02T02:16:37Z</time>
					</trkpt>
					<trkpt lat="44.447000" lon="3.146970">
						<ele>539</ele>
						<time>2026-05-02T02:16:58Z</time>
					</trkpt>
					<trkpt lat="44.446570" lon="3.146340">
						<ele>537</ele>
						<time>2026-05-02T02:18:21Z</time>
					</trkpt>
					<trkpt lat="44.446900" lon="3.146130">
						<ele>540</ele>
						<time>2026-05-02T02:19:09Z</time>
					</trkpt>
					<trkpt lat="44.447280" lon="3.145900">
						<ele>545</ele>
						<time>2026-05-02T02:20:04Z</time>
					</trkpt>
					<trkpt lat="44.447730" lon="3.145600">
						<ele>552</ele>
						<time>2026-05-02T02:21:11Z</time>
					</trkpt>
					<trkpt lat="44.447810" lon="3.145600">
						<ele>553</ele>
						<time>2026-05-02T02:21:22Z</time>
					</trkpt>
					<trkpt lat="44.447920" lon="3.145630">
						<ele>555</ele>
						<time>2026-05-02T02:21:37Z</time>
					</trkpt>
					<trkpt lat="44.448040" lon="3.145640">
						<ele>557</ele>
						<time>2026-05-02T02:21:53Z</time>
					</trkpt>
					<trkpt lat="44.448370" lon="3.145600">
						<ele>562</ele>
						<time>2026-05-02T02:22:37Z</time>
					</trkpt>
					<trkpt lat="44.448650" lon="3.145620">
						<ele>567</ele>
						<time>2026-05-02T02:23:14Z</time>
					</trkpt>
					<trkpt lat="44.448800" lon="3.145650">
						<ele>569</ele>
						<time>2026-05-02T02:23:35Z</time>
					</trkpt>
					<trkpt lat="44.448970" lon="3.145650">
						<ele>572</ele>
						<time>2026-05-02T02:23:57Z</time>
					</trkpt>
					<trkpt lat="44.449090" lon="3.145630">
						<ele>574</ele>
						<time>2026-05-02T02:24:13Z</time>
					</trkpt>
					<trkpt lat="44.449550" lon="3.145480">
						<ele>584</ele>
						<time>2026-05-02T02:25:16Z</time>
					</trkpt>
					<trkpt lat="44.449640" lon="3.145540">
						<ele>586</ele>
						<time>2026-05-02T02:25:30Z</time>
					</trkpt>
					<trkpt lat="44.449710" lon="3.145650">
						<ele>587</ele>
						<time>2026-05-02T02:25:44Z</time>
					</trkpt>
					<trkpt lat="44.449810" lon="3.145780">
						<ele>590</ele>
						<time>2026-05-02T02:26:02Z</time>
					</trkpt>
					<trkpt lat="44.449910" lon="3.145950">
						<ele>591</ele>
						<time>2026-05-02T02:26:23Z</time>
					</trkpt>
					<trkpt lat="44.449970" lon="3.146030">
						<ele>592</ele>
						<time>2026-05-02T02:26:34Z</time>
					</trkpt>
					<trkpt lat="44.450090" lon="3.146010">
						<ele>594</ele>
						<time>2026-05-02T02:26:50Z</time>
					</trkpt>
					<trkpt lat="44.450170" lon="3.145980">
						<ele>596</ele>
						<time>2026-05-02T02:27:01Z</time>
					</trkpt>
					<trkpt lat="44.450330" lon="3.146040">
						<ele>599</ele>
						<time>2026-05-02T02:27:23Z</time>
					</trkpt>
					<trkpt lat="44.450420" lon="3.146100">
						<ele>600</ele>
						<time>2026-05-02T02:27:37Z</time>
					</trkpt>
					<trkpt lat="44.450480" lon="3.146200">
						<ele>600</ele>
						<time>2026-05-02T02:27:49Z</time>
					</trkpt>
					<trkpt lat="44.450540" lon="3.146190">
						<ele>602</ele>
						<time>2026-05-02T02:27:57Z</time>
					</trkpt>
					<trkpt lat="44.450600" lon="3.146050">
						<ele>604</ele>
						<time>2026-05-02T02:28:13Z</time>
					</trkpt>
					<trkpt lat="44.450610" lon="3.145790">
						<ele>607</ele>
						<time>2026-05-02T02:28:37Z</time>
					</trkpt>
					<trkpt lat="44.450650" lon="3.145590">
						<ele>608</ele>
						<time>2026-05-02T02:28:57Z</time>
					</trkpt>
					<trkpt lat="44.450800" lon="3.145520">
						<ele>612</ele>
						<time>2026-05-02T02:29:18Z</time>
					</trkpt>
					<trkpt lat="44.451030" lon="3.145350">
						<ele>616</ele>
						<time>2026-05-02T02:29:53Z</time>
					</trkpt>
					<trkpt lat="44.451130" lon="3.145250">
						<ele>618</ele>
						<time>2026-05-02T02:30:09Z</time>
					</trkpt>
					<trkpt lat="44.451230" lon="3.144910">
						<ele>621</ele>
						<time>2026-05-02T02:30:44Z</time>
					</trkpt>
					<trkpt lat="44.451280" lon="3.144860">
						<ele>621</ele>
						<time>2026-05-02T02:30:53Z</time>
					</trkpt>
					<trkpt lat="44.451340" lon="3.144820">
						<ele>622</ele>
						<time>2026-05-02T02:31:01Z</time>
					</trkpt>
					<trkpt lat="44.451510" lon="3.144830">
						<ele>624</ele>
						<time>2026-05-02T02:31:24Z</time>
					</trkpt>
					<trkpt lat="44.451590" lon="3.144860">
						<ele>626</ele>
						<time>2026-05-02T02:31:35Z</time>
					</trkpt>
					<trkpt lat="44.451660" lon="3.144900">
						<ele>627</ele>
						<time>2026-05-02T02:31:45Z</time>
					</trkpt>
					<trkpt lat="44.451710" lon="3.144990">
						<ele>629</ele>
						<time>2026-05-02T02:31:56Z</time>
					</trkpt>
					<trkpt lat="44.451790" lon="3.145180">
						<ele>628</ele>
						<time>2026-05-02T02:32:17Z</time>
					</trkpt>
					<trkpt lat="44.451920" lon="3.145240">
						<ele>630</ele>
						<time>2026-05-02T02:32:35Z</time>
					</trkpt>
					<trkpt lat="44.452000" lon="3.145250">
						<ele>631</ele>
						<time>2026-05-02T02:32:46Z</time>
					</trkpt>
					<trkpt lat="44.452150" lon="3.145210">
						<ele>633</ele>
						<time>2026-05-02T02:33:07Z</time>
					</trkpt>
					<trkpt lat="44.452310" lon="3.145150">
						<ele>636</ele>
						<time>2026-05-02T02:33:29Z</time>
					</trkpt>
					<trkpt lat="44.452480" lon="3.145050">
						<ele>640</ele>
						<time>2026-05-02T02:33:53Z</time>
					</trkpt>
					<trkpt lat="44.452540" lon="3.145030">
						<ele>641</ele>
						<time>2026-05-02T02:34:01Z</time>
					</trkpt>
					<trkpt lat="44.452870" lon="3.144980">
						<ele>644</ele>
						<time>2026-05-02T02:34:46Z</time>
					</trkpt>
					<trkpt lat="44.453040" lon="3.144980">
						<ele>646</ele>
						<time>2026-05-02T02:35:08Z</time>
					</trkpt>
					<trkpt lat="44.453340" lon="3.144960">
						<ele>649</ele>
						<time>2026-05-02T02:35:49Z</time>
					</trkpt>
					<trkpt lat="44.453460" lon="3.144910">
						<ele>649</ele>
						<time>2026-05-02T02:36:05Z</time>
					</trkpt>
					<trkpt lat="44.453840" lon="3.144720">
						<ele>650</ele>
						<time>2026-05-02T02:36:59Z</time>
					</trkpt>
					<trkpt lat="44.454050" lon="3.144640">
						<ele>651</ele>
						<time>2026-05-02T02:37:28Z</time>
					</trkpt>
					<trkpt lat="44.454230" lon="3.144590">
						<ele>653</ele>
						<time>2026-05-02T02:37:53Z</time>
					</trkpt>
					<trkpt lat="44.454370" lon="3.144490">
						<ele>655</ele>
						<time>2026-05-02T02:38:14Z</time>
					</trkpt>
					<trkpt lat="44.454620" lon="3.144270">
						<ele>660</ele>
						<time>2026-05-02T02:38:53Z</time>
					</trkpt>
					<trkpt lat="44.454700" lon="3.144240">
						<ele>661</ele>
						<time>2026-05-02T02:39:04Z</time>
					</trkpt>
					<trkpt lat="44.454780" lon="3.144250">
						<ele>662</ele>
						<time>2026-05-02T02:39:15Z</time>
					</trkpt>
					<trkpt lat="44.454950" lon="3.144470">
						<ele>663</ele>
						<time>2026-05-02T02:39:46Z</time>
					</trkpt>
					<trkpt lat="44.455000" lon="3.144520">
						<ele>663</ele>
						<time>2026-05-02T02:39:54Z</time>
					</trkpt>
					<trkpt lat="44.455060" lon="3.144520">
						<ele>664</ele>
						<time>2026-05-02T02:40:02Z</time>
					</trkpt>
					<trkpt lat="44.455240" lon="3.144360">
						<ele>669</ele>
						<time>2026-05-02T02:40:30Z</time>
					</trkpt>
					<trkpt lat="44.455460" lon="3.144170">
						<ele>675</ele>
						<time>2026-05-02T02:41:05Z</time>
					</trkpt>
					<trkpt lat="44.455690" lon="3.144090">
						<ele>678</ele>
						<time>2026-05-02T02:41:36Z</time>
					</trkpt>
					<trkpt lat="44.456030" lon="3.144030">
						<ele>683</ele>
						<time>2026-05-02T02:42:22Z</time>
					</trkpt>
					<trkpt lat="44.456110" lon="3.144010">
						<ele>685</ele>
						<time>2026-05-02T02:42:33Z</time>
					</trkpt>
					<trkpt lat="44.456160" lon="3.143960">
						<ele>685</ele>
						<time>2026-05-02T02:42:41Z</time>
					</trkpt>
					<trkpt lat="44.456220" lon="3.143880">
						<ele>685</ele>
						<time>2026-05-02T02:42:52Z</time>
					</trkpt>
					<trkpt lat="44.456280" lon="3.143830">
						<ele>686</ele>
						<time>2026-05-02T02:43:02Z</time>
					</trkpt>
					<trkpt lat="44.456280" lon="3.143920">
						<ele>687</ele>
						<time>2026-05-02T02:43:10Z</time>
					</trkpt>
					<trkpt lat="44.456360" lon="3.143830">
						<ele>687</ele>
						<time>2026-05-02T02:43:24Z</time>
					</trkpt>
					<trkpt lat="44.456480" lon="3.143730">
						<ele>688</ele>
						<time>2026-05-02T02:43:42Z</time>
					</trkpt>
					<trkpt lat="44.456760" lon="3.143550">
						<ele>691</ele>
						<time>2026-05-02T02:44:24Z</time>
					</trkpt>
					<trkpt lat="44.456920" lon="3.143460">
						<ele>693</ele>
						<time>2026-05-02T02:44:47Z</time>
					</trkpt>
					<trkpt lat="44.457120" lon="3.143370">
						<ele>696</ele>
						<time>2026-05-02T02:45:15Z</time>
					</trkpt>
					<trkpt lat="44.457160" lon="3.143290">
						<ele>696</ele>
						<time>2026-05-02T02:45:24Z</time>
					</trkpt>
					<trkpt lat="44.457190" lon="3.143160">
						<ele>697</ele>
						<time>2026-05-02T02:45:37Z</time>
					</trkpt>
					<trkpt lat="44.457230" lon="3.143080">
						<ele>697</ele>
						<time>2026-05-02T02:45:46Z</time>
					</trkpt>
					<trkpt lat="44.457260" lon="3.142970">
						<ele>698</ele>
						<time>2026-05-02T02:45:57Z</time>
					</trkpt>
					<trkpt lat="44.457320" lon="3.142920">
						<ele>699</ele>
						<time>2026-05-02T02:46:07Z</time>
					</trkpt>
					<trkpt lat="44.457350" lon="3.142870">
						<ele>699</ele>
						<time>2026-05-02T02:46:13Z</time>
					</trkpt>
					<trkpt lat="44.457360" lon="3.142800">
						<ele>700</ele>
						<time>2026-05-02T02:46:20Z</time>
					</trkpt>
					<trkpt lat="44.457500" lon="3.142850">
						<ele>703</ele>
						<time>2026-05-02T02:46:39Z</time>
					</trkpt>
					<trkpt lat="44.457570" lon="3.142890">
						<ele>704</ele>
						<time>2026-05-02T02:46:49Z</time>
					</trkpt>
					<trkpt lat="44.457690" lon="3.143030">
						<ele>706</ele>
						<time>2026-05-02T02:47:10Z</time>
					</trkpt>
					<trkpt lat="44.457750" lon="3.143170">
						<ele>707</ele>
						<time>2026-05-02T02:47:26Z</time>
					</trkpt>
					<trkpt lat="44.458190" lon="3.143460">
						<ele>713</ele>
						<time>2026-05-02T02:48:30Z</time>
					</trkpt>
					<trkpt lat="44.458390" lon="3.143220">
						<ele>716</ele>
						<time>2026-05-02T02:49:06Z</time>
					</trkpt>
					<trkpt lat="44.458630" lon="3.142990">
						<ele>717</ele>
						<time>2026-05-02T02:49:44Z</time>
					</trkpt>
					<trkpt lat="44.458760" lon="3.142970">
						<ele>716</ele>
						<time>2026-05-02T02:50:02Z</time>
					</trkpt>
					<trkpt lat="44.458840" lon="3.142840">
						<ele>717</ele>
						<time>2026-05-02T02:50:18Z</time>
					</trkpt>
					<trkpt lat="44.459020" lon="3.142680">
						<ele>718</ele>
						<time>2026-05-02T02:50:47Z</time>
					</trkpt>
					<trkpt lat="44.459100" lon="3.142580">
						<ele>719</ele>
						<time>2026-05-02T02:51:01Z</time>
					</trkpt>
					<trkpt lat="44.459210" lon="3.142300">
						<ele>721</ele>
						<time>2026-05-02T02:51:31Z</time>
					</trkpt>
					<trkpt lat="44.459240" lon="3.142160">
						<ele>722</ele>
						<time>2026-05-02T02:51:45Z</time>
					</trkpt>
					<trkpt lat="44.459320" lon="3.141640">
						<ele>727</ele>
						<time>2026-05-02T02:52:36Z</time>
					</trkpt>
					<trkpt lat="44.459350" lon="3.141520">
						<ele>727</ele>
						<time>2026-05-02T02:52:48Z</time>
					</trkpt>
					<trkpt lat="44.459390" lon="3.141420">
						<ele>727</ele>
						<time>2026-05-02T02:52:59Z</time>
					</trkpt>
					<trkpt lat="44.459470" lon="3.141360">
						<ele>728</ele>
						<time>2026-05-02T02:53:11Z</time>
					</trkpt>
					<trkpt lat="44.459760" lon="3.141220">
						<ele>730</ele>
						<time>2026-05-02T02:53:52Z</time>
					</trkpt>
					<trkpt lat="44.459870" lon="3.141200">
						<ele>730</ele>
						<time>2026-05-02T02:54:07Z</time>
					</trkpt>
					<trkpt lat="44.459920" lon="3.141030">
						<ele>733</ele>
						<time>2026-05-02T02:54:24Z</time>
					</trkpt>
					<trkpt lat="44.459940" lon="3.140920">
						<ele>734</ele>
						<time>2026-05-02T02:54:35Z</time>
					</trkpt>
					<trkpt lat="44.459940" lon="3.140070">
						<ele>741</ele>
						<time>2026-05-02T02:55:56Z</time>
					</trkpt>
					<trkpt lat="44.459970" lon="3.139380">
						<ele>746</ele>
						<time>2026-05-02T02:57:02Z</time>
					</trkpt>
					<trkpt lat="44.460010" lon="3.139280">
						<ele>748</ele>
						<time>2026-05-02T02:57:13Z</time>
					</trkpt>
					<trkpt lat="44.460100" lon="3.139260">
						<ele>750</ele>
						<time>2026-05-02T02:57:25Z</time>
					</trkpt>
					<trkpt lat="44.460400" lon="3.139600">
						<ele>755</ele>
						<time>2026-05-02T02:58:17Z</time>
					</trkpt>
					<trkpt lat="44.460610" lon="3.139750">
						<ele>760</ele>
						<time>2026-05-02T02:58:48Z</time>
					</trkpt>
					<trkpt lat="44.460840" lon="3.139870">
						<ele>765</ele>
						<time>2026-05-02T02:59:21Z</time>
					</trkpt>
					<trkpt lat="44.460950" lon="3.139900">
						<ele>767</ele>
						<time>2026-05-02T02:59:36Z</time>
					</trkpt>
					<trkpt lat="44.461140" lon="3.139910">
						<ele>770</ele>
						<time>2026-05-02T03:00:01Z</time>
					</trkpt>
					<trkpt lat="44.461340" lon="3.139910">
						<ele>774</ele>
						<time>2026-05-02T03:00:28Z</time>
					</trkpt>
					<trkpt lat="44.461410" lon="3.139920">
						<ele>776</ele>
						<time>2026-05-02T03:00:37Z</time>
					</trkpt>
					<trkpt lat="44.461470" lon="3.139950">
						<ele>777</ele>
						<time>2026-05-02T03:00:46Z</time>
					</trkpt>
					<trkpt lat="44.461540" lon="3.140000">
						<ele>778</ele>
						<time>2026-05-02T03:00:56Z</time>
					</trkpt>
					<trkpt lat="44.461630" lon="3.140060">
						<ele>778</ele>
						<time>2026-05-02T03:01:09Z</time>
					</trkpt>
					<trkpt lat="44.461720" lon="3.140090">
						<ele>779</ele>
						<time>2026-05-02T03:01:22Z</time>
					</trkpt>
					<trkpt lat="44.461800" lon="3.140110">
						<ele>779</ele>
						<time>2026-05-02T03:01:33Z</time>
					</trkpt>
					<trkpt lat="44.461900" lon="3.140090">
						<ele>780</ele>
						<time>2026-05-02T03:01:46Z</time>
					</trkpt>
					<trkpt lat="44.461840" lon="3.140020">
						<ele>781</ele>
						<time>2026-05-02T03:01:57Z</time>
					</trkpt>
					<trkpt lat="44.461690" lon="3.139750">
						<ele>782</ele>
						<time>2026-05-02T03:02:29Z</time>
					</trkpt>
					<trkpt lat="44.461640" lon="3.139610">
						<ele>782</ele>
						<time>2026-05-02T03:02:44Z</time>
					</trkpt>
					<trkpt lat="44.461610" lon="3.139450">
						<ele>783</ele>
						<time>2026-05-02T03:03:00Z</time>
					</trkpt>
					<trkpt lat="44.461600" lon="3.139280">
						<ele>784</ele>
						<time>2026-05-02T03:03:16Z</time>
					</trkpt>
					<trkpt lat="44.461620" lon="3.139030">
						<ele>785</ele>
						<time>2026-05-02T03:03:40Z</time>
					</trkpt>
					<trkpt lat="44.461630" lon="3.138700">
						<ele>786</ele>
						<time>2026-05-02T03:04:11Z</time>
					</trkpt>
					<trkpt lat="44.461650" lon="3.138510">
						<ele>786</ele>
						<time>2026-05-02T03:04:30Z</time>
					</trkpt>
					<trkpt lat="44.461700" lon="3.138310">
						<ele>788</ele>
						<time>2026-05-02T03:04:50Z</time>
					</trkpt>
					<trkpt lat="44.461760" lon="3.138060">
						<ele>789</ele>
						<time>2026-05-02T03:05:15Z</time>
					</trkpt>
					<trkpt lat="44.461960" lon="3.137560">
						<ele>795</ele>
						<time>2026-05-02T03:06:10Z</time>
					</trkpt>
					<trkpt lat="44.462000" lon="3.137430">
						<ele>796</ele>
						<time>2026-05-02T03:06:23Z</time>
					</trkpt>
					<trkpt lat="44.462030" lon="3.137320">
						<ele>796</ele>
						<time>2026-05-02T03:06:34Z</time>
					</trkpt>
					<trkpt lat="44.462120" lon="3.136950">
						<ele>797</ele>
						<time>2026-05-02T03:07:12Z</time>
					</trkpt>
					<trkpt lat="44.462170" lon="3.136750">
						<ele>797</ele>
						<time>2026-05-02T03:07:32Z</time>
					</trkpt>
					<trkpt lat="44.462350" lon="3.136270">
						<ele>801</ele>
						<time>2026-05-02T03:08:23Z</time>
					</trkpt>
					<trkpt lat="44.462430" lon="3.136010">
						<ele>803</ele>
						<time>2026-05-02T03:08:50Z</time>
					</trkpt>
					<trkpt lat="44.462460" lon="3.135860">
						<ele>803</ele>
						<time>2026-05-02T03:09:05Z</time>
					</trkpt>
					<trkpt lat="44.462510" lon="3.135540">
						<ele>804</ele>
						<time>2026-05-02T03:09:36Z</time>
					</trkpt>
					<trkpt lat="44.462610" lon="3.135260">
						<ele>807</ele>
						<time>2026-05-02T03:10:06Z</time>
					</trkpt>
					<trkpt lat="44.462700" lon="3.135030">
						<ele>809</ele>
						<time>2026-05-02T03:10:31Z</time>
					</trkpt>
					<trkpt lat="44.462740" lon="3.134850">
						<ele>810</ele>
						<time>2026-05-02T03:10:49Z</time>
					</trkpt>
					<trkpt lat="44.462760" lon="3.134670">
						<ele>811</ele>
						<time>2026-05-02T03:11:06Z</time>
					</trkpt>
					<trkpt lat="44.462740" lon="3.134510">
						<ele>811</ele>
						<time>2026-05-02T03:11:22Z</time>
					</trkpt>
					<trkpt lat="44.462720" lon="3.134360">
						<ele>811</ele>
						<time>2026-05-02T03:11:36Z</time>
					</trkpt>
					<trkpt lat="44.462680" lon="3.134180">
						<ele>811</ele>
						<time>2026-05-02T03:11:54Z</time>
					</trkpt>
					<trkpt lat="44.462660" lon="3.134070">
						<ele>811</ele>
						<time>2026-05-02T03:12:05Z</time>
					</trkpt>
					<trkpt lat="44.462660" lon="3.133960">
						<ele>811</ele>
						<time>2026-05-02T03:12:16Z</time>
					</trkpt>
					<trkpt lat="44.462690" lon="3.133890">
						<ele>811</ele>
						<time>2026-05-02T03:12:24Z</time>
					</trkpt>
					<trkpt lat="44.462760" lon="3.133820">
						<ele>812</ele>
						<time>2026-05-02T03:12:35Z</time>
					</trkpt>
					<trkpt lat="44.462890" lon="3.133760">
						<ele>814</ele>
						<time>2026-05-02T03:12:53Z</time>
					</trkpt>
					<trkpt lat="44.463330" lon="3.133720">
						<ele>819</ele>
						<time>2026-05-02T03:13:52Z</time>
					</trkpt>
					<trkpt lat="44.463590" lon="3.133670">
						<ele>822</ele>
						<time>2026-05-02T03:14:27Z</time>
					</trkpt>
					<trkpt lat="44.463950" lon="3.133620">
						<ele>827</ele>
						<time>2026-05-02T03:15:15Z</time>
					</trkpt>
					<trkpt lat="44.464030" lon="3.133580">
						<ele>828</ele>
						<time>2026-05-02T03:15:27Z</time>
					</trkpt>
					<trkpt lat="44.464070" lon="3.133520">
						<ele>828</ele>
						<time>2026-05-02T03:15:35Z</time>
					</trkpt>
					<trkpt lat="44.464280" lon="3.133330">
						<ele>829</ele>
						<time>2026-05-02T03:16:08Z</time>
					</trkpt>
					<trkpt lat="44.464720" lon="3.133040">
						<ele>836</ele>
						<time>2026-05-02T03:17:13Z</time>
					</trkpt>
					<trkpt lat="44.464800" lon="3.132940">
						<ele>838</ele>
						<time>2026-05-02T03:17:27Z</time>
					</trkpt>
					<trkpt lat="44.464850" lon="3.132820">
						<ele>839</ele>
						<time>2026-05-02T03:17:40Z</time>
					</trkpt>
					<trkpt lat="44.464880" lon="3.132670">
						<ele>840</ele>
						<time>2026-05-02T03:17:55Z</time>
					</trkpt>
					<trkpt lat="44.464850" lon="3.132460">
						<ele>839</ele>
						<time>2026-05-02T03:18:16Z</time>
					</trkpt>
					<trkpt lat="44.464780" lon="3.132080">
						<ele>837</ele>
						<time>2026-05-02T03:18:53Z</time>
					</trkpt>
					<trkpt lat="44.464780" lon="3.131900">
						<ele>836</ele>
						<time>2026-05-02T03:19:10Z</time>
					</trkpt>
					<trkpt lat="44.464800" lon="3.131630">
						<ele>837</ele>
						<time>2026-05-02T03:19:36Z</time>
					</trkpt>
					<trkpt lat="44.464870" lon="3.131270">
						<ele>838</ele>
						<time>2026-05-02T03:20:11Z</time>
					</trkpt>
					<trkpt lat="44.464890" lon="3.131190">
						<ele>838</ele>
						<time>2026-05-02T03:20:20Z</time>
					</trkpt>
					<trkpt lat="44.464970" lon="3.131110">
						<ele>841</ele>
						<time>2026-05-02T03:20:33Z</time>
					</trkpt>
					<trkpt lat="44.465050" lon="3.131080">
						<ele>842</ele>
						<time>2026-05-02T03:20:44Z</time>
					</trkpt>
					<trkpt lat="44.465140" lon="3.131080">
						<ele>843</ele>
						<time>2026-05-02T03:20:56Z</time>
					</trkpt>
					<trkpt lat="44.465280" lon="3.131170">
						<ele>845</ele>
						<time>2026-05-02T03:21:16Z</time>
					</trkpt>
					<trkpt lat="44.465450" lon="3.131400">
						<ele>849</ele>
						<time>2026-05-02T03:21:48Z</time>
					</trkpt>
					<trkpt lat="44.465550" lon="3.131480">
						<ele>851</ele>
						<time>2026-05-02T03:22:03Z</time>
					</trkpt>
					<trkpt lat="44.465730" lon="3.131710">
						<ele>856</ele>
						<time>2026-05-02T03:22:36Z</time>
					</trkpt>
					<trkpt lat="44.465850" lon="3.131830">
						<ele>859</ele>
						<time>2026-05-02T03:22:55Z</time>
					</trkpt>
					<trkpt lat="44.466030" lon="3.132020">
						<ele>861</ele>
						<time>2026-05-02T03:23:25Z</time>
					</trkpt>
					<trkpt lat="44.466640" lon="3.132670">
						<ele>871</ele>
						<time>2026-05-02T03:25:08Z</time>
					</trkpt>
					<trkpt lat="44.466710" lon="3.132740">
						<ele>871</ele>
						<time>2026-05-02T03:25:19Z</time>
					</trkpt>
					<trkpt lat="44.466860" lon="3.132800">
						<ele>873</ele>
						<time>2026-05-02T03:25:40Z</time>
					</trkpt>
					<trkpt lat="44.466990" lon="3.132860">
						<ele>874</ele>
						<time>2026-05-02T03:25:58Z</time>
					</trkpt>
					<trkpt lat="44.467310" lon="3.133040">
						<ele>878</ele>
						<time>2026-05-02T03:26:44Z</time>
					</trkpt>
					<trkpt lat="44.467610" lon="3.133180">
						<ele>881</ele>
						<time>2026-05-02T03:27:26Z</time>
					</trkpt>
					<trkpt lat="44.467710" lon="3.133200">
						<ele>882</ele>
						<time>2026-05-02T03:27:40Z</time>
					</trkpt>
					<trkpt lat="44.468090" lon="3.133250">
						<ele>883</ele>
						<time>2026-05-02T03:28:31Z</time>
					</trkpt>
					<trkpt lat="44.468420" lon="3.133230">
						<ele>884</ele>
						<time>2026-05-02T03:29:15Z</time>
					</trkpt>
					<trkpt lat="44.468820" lon="3.133140">
						<ele>887</ele>
						<time>2026-05-02T03:30:09Z</time>
					</trkpt>
					<trkpt lat="44.469260" lon="3.132970">
						<ele>890</ele>
						<time>2026-05-02T03:31:10Z</time>
					</trkpt>
					<trkpt lat="44.469590" lon="3.132930">
						<ele>893</ele>
						<time>2026-05-02T03:31:54Z</time>
					</trkpt>
					<trkpt lat="44.469710" lon="3.132930">
						<ele>894</ele>
						<time>2026-05-02T03:32:10Z</time>
					</trkpt>
					<trkpt lat="44.469910" lon="3.132780">
						<ele>895</ele>
						<time>2026-05-02T03:32:40Z</time>
					</trkpt>
					<trkpt lat="44.470150" lon="3.132570">
						<ele>897</ele>
						<time>2026-05-02T03:33:18Z</time>
					</trkpt>
					<trkpt lat="44.470350" lon="3.132310">
						<ele>899</ele>
						<time>2026-05-02T03:33:55Z</time>
					</trkpt>
					<trkpt lat="44.470530" lon="3.132040">
						<ele>901</ele>
						<time>2026-05-02T03:34:30Z</time>
					</trkpt>
					<trkpt lat="44.470730" lon="3.131660">
						<ele>904</ele>
						<time>2026-05-02T03:35:15Z</time>
					</trkpt>
					<trkpt lat="44.470900" lon="3.131250">
						<ele>906</ele>
						<time>2026-05-02T03:36:00Z</time>
					</trkpt>
					<trkpt lat="44.471060" lon="3.130850">
						<ele>907</ele>
						<time>2026-05-02T03:36:44Z</time>
					</trkpt>
					<trkpt lat="44.471190" lon="3.130640">
						<ele>909</ele>
						<time>2026-05-02T03:37:10Z</time>
					</trkpt>
					<trkpt lat="44.471380" lon="3.130260">
						<ele>912</ele>
						<time>2026-05-02T03:37:54Z</time>
					</trkpt>
					<trkpt lat="44.471520" lon="3.130060">
						<ele>915</ele>
						<time>2026-05-02T03:38:21Z</time>
					</trkpt>
					<trkpt lat="44.471600" lon="3.130000">
						<ele>916</ele>
						<time>2026-05-02T03:38:33Z</time>
					</trkpt>
					<trkpt lat="44.471830" lon="3.129880">
						<ele>917</ele>
						<time>2026-05-02T03:39:06Z</time>
					</trkpt>
					<trkpt lat="44.471930" lon="3.129800">
						<ele>917</ele>
						<time>2026-05-02T03:39:21Z</time>
					</trkpt>
					<trkpt lat="44.472000" lon="3.129690">
						<ele>917</ele>
						<time>2026-05-02T03:39:35Z</time>
					</trkpt>
					<trkpt lat="44.472130" lon="3.128960">
						<ele>920</ele>
						<time>2026-05-02T03:40:47Z</time>
					</trkpt>
					<trkpt lat="44.472280" lon="3.128220">
						<ele>925</ele>
						<time>2026-05-02T03:42:00Z</time>
					</trkpt>
					<trkpt lat="44.472360" lon="3.127900">
						<ele>929</ele>
						<time>2026-05-02T03:42:32Z</time>
					</trkpt>
					<trkpt lat="44.472630" lon="3.127170">
						<ele>936</ele>
						<time>2026-05-02T03:43:51Z</time>
					</trkpt>
					<trkpt lat="44.472690" lon="3.126970">
						<ele>937</ele>
						<time>2026-05-02T03:44:11Z</time>
					</trkpt>
					<trkpt lat="44.472700" lon="3.126790">
						<ele>939</ele>
						<time>2026-05-02T03:44:28Z</time>
					</trkpt>
					<trkpt lat="44.472670" lon="3.126620">
						<ele>941</ele>
						<time>2026-05-02T03:44:45Z</time>
					</trkpt>
					<trkpt lat="44.472490" lon="3.126200">
						<ele>945</ele>
						<time>2026-05-02T03:45:32Z</time>
					</trkpt>
					<trkpt lat="44.472270" lon="3.125880">
						<ele>946</ele>
						<time>2026-05-02T03:46:14Z</time>
					</trkpt>
					<trkpt lat="44.472100" lon="3.125640">
						<ele>946</ele>
						<time>2026-05-02T03:46:46Z</time>
					</trkpt>
					<trkpt lat="44.471970" lon="3.125410">
						<ele>947</ele>
						<time>2026-05-02T03:47:14Z</time>
					</trkpt>
					<trkpt lat="44.471910" lon="3.125230">
						<ele>948</ele>
						<time>2026-05-02T03:47:33Z</time>
					</trkpt>
					<trkpt lat="44.471870" lon="3.125060">
						<ele>949</ele>
						<time>2026-05-02T03:47:50Z</time>
					</trkpt>
					<trkpt lat="44.471870" lon="3.124770">
						<ele>951</ele>
						<time>2026-05-02T03:48:18Z</time>
					</trkpt>
					<trkpt lat="44.471880" lon="3.124540">
						<ele>953</ele>
						<time>2026-05-02T03:48:40Z</time>
					</trkpt>
					<trkpt lat="44.471960" lon="3.124130">
						<ele>957</ele>
						<time>2026-05-02T03:49:20Z</time>
					</trkpt>
					<trkpt lat="44.471990" lon="3.124050">
						<ele>958</ele>
						<time>2026-05-02T03:49:29Z</time>
					</trkpt>
					<trkpt lat="44.472120" lon="3.123840">
						<ele>959</ele>
						<time>2026-05-02T03:49:55Z</time>
					</trkpt>
					<trkpt lat="44.472220" lon="3.123670">
						<ele>960</ele>
						<time>2026-05-02T03:50:16Z</time>
					</trkpt>
					<trkpt lat="44.472310" lon="3.123520">
						<ele>961</ele>
						<time>2026-05-02T03:50:35Z</time>
					</trkpt>
					<trkpt lat="44.472390" lon="3.123320">
						<ele>962</ele>
						<time>2026-05-02T03:50:57Z</time>
					</trkpt>
					<trkpt lat="44.472450" lon="3.123080">
						<ele>963</ele>
						<time>2026-05-02T03:51:21Z</time>
					</trkpt>
					<trkpt lat="44.472530" lon="3.122850">
						<ele>964</ele>
						<time>2026-05-02T03:51:45Z</time>
					</trkpt>
					<trkpt lat="44.472740" lon="3.121920">
						<ele>969</ele>
						<time>2026-05-02T03:53:18Z</time>
					</trkpt>
					<trkpt lat="44.472910" lon="3.121350">
						<ele>974</ele>
						<time>2026-05-02T03:54:17Z</time>
					</trkpt>
					<trkpt lat="44.473020" lon="3.120820">
						<ele>979</ele>
						<time>2026-05-02T03:55:10Z</time>
					</trkpt>
					<trkpt lat="44.473120" lon="3.120540">
						<ele>981</ele>
						<time>2026-05-02T03:55:39Z</time>
					</trkpt>
					<trkpt lat="44.473210" lon="3.120230">
						<ele>983</ele>
						<time>2026-05-02T03:56:11Z</time>
					</trkpt>
					<trkpt lat="44.473220" lon="3.120070">
						<ele>985</ele>
						<time>2026-05-02T03:56:27Z</time>
					</trkpt>
					<trkpt lat="44.473200" lon="3.119890">
						<ele>986</ele>
						<time>2026-05-02T03:56:44Z</time>
					</trkpt>
					<trkpt lat="44.473110" lon="3.119430">
						<ele>990</ele>
						<time>2026-05-02T03:57:29Z</time>
					</trkpt>
					<trkpt lat="44.473180" lon="3.117690">
						<ele>995</ele>
						<time>2026-05-02T04:00:15Z</time>
					</trkpt>
					<trkpt lat="44.473190" lon="3.117410">
						<ele>996</ele>
						<time>2026-05-02T04:00:42Z</time>
					</trkpt>
					<trkpt lat="44.473220" lon="3.117290">
						<ele>996</ele>
						<time>2026-05-02T04:00:54Z</time>
					</trkpt>
					<trkpt lat="44.473410" lon="3.117000">
						<ele>997</ele>
						<time>2026-05-02T04:01:32Z</time>
					</trkpt>
					<trkpt lat="44.473740" lon="3.116480">
						<ele>997</ele>
						<time>2026-05-02T04:02:38Z</time>
					</trkpt>
					<trkpt lat="44.474360" lon="3.115480">
						<ele>998</ele>
						<time>2026-05-02T04:04:44Z</time>
					</trkpt>
					<trkpt lat="44.474450" lon="3.115370">
						<ele>998</ele>
						<time>2026-05-02T04:05:00Z</time>
					</trkpt>
					<trkpt lat="44.474940" lon="3.115210">
						<ele>996</ele>
						<time>2026-05-02T04:06:07Z</time>
					</trkpt>
					<trkpt lat="44.475350" lon="3.115040">
						<ele>994</ele>
						<time>2026-05-02T04:07:04Z</time>
					</trkpt>
					<trkpt lat="44.476090" lon="3.114670">
						<ele>989</ele>
						<time>2026-05-02T04:08:49Z</time>
					</trkpt>
					<trkpt lat="44.476460" lon="3.114490">
						<ele>985</ele>
						<time>2026-05-02T04:09:41Z</time>
					</trkpt>
					<trkpt lat="44.476510" lon="3.114450">
						<ele>985</ele>
						<time>2026-05-02T04:09:49Z</time>
					</trkpt>
					<trkpt lat="44.476540" lon="3.114380">
						<ele>985</ele>
						<time>2026-05-02T04:09:57Z</time>
					</trkpt>
					<trkpt lat="44.476680" lon="3.113730">
						<ele>984</ele>
						<time>2026-05-02T04:11:01Z</time>
					</trkpt>
					<trkpt lat="44.476750" lon="3.113570">
						<ele>984</ele>
						<time>2026-05-02T04:11:19Z</time>
					</trkpt>
					<trkpt lat="44.476860" lon="3.113340">
						<ele>983</ele>
						<time>2026-05-02T04:11:46Z</time>
					</trkpt>
					<trkpt lat="44.476980" lon="3.113120">
						<ele>982</ele>
						<time>2026-05-02T04:12:12Z</time>
					</trkpt>
					<trkpt lat="44.477100" lon="3.112870">
						<ele>981</ele>
						<time>2026-05-02T04:12:41Z</time>
					</trkpt>
					<trkpt lat="44.477190" lon="3.112720">
						<ele>981</ele>
						<time>2026-05-02T04:12:59Z</time>
					</trkpt>
					<trkpt lat="44.477280" lon="3.112470">
						<ele>980</ele>
						<time>2026-05-02T04:13:26Z</time>
					</trkpt>
					<trkpt lat="44.477360" lon="3.112210">
						<ele>981</ele>
						<time>2026-05-02T04:13:53Z</time>
					</trkpt>
					<trkpt lat="44.477420" lon="3.112040">
						<ele>981</ele>
						<time>2026-05-02T04:14:11Z</time>
					</trkpt>
					<trkpt lat="44.477550" lon="3.111600">
						<ele>983</ele>
						<time>2026-05-02T04:14:56Z</time>
					</trkpt>
					<trkpt lat="44.477600" lon="3.111350">
						<ele>984</ele>
						<time>2026-05-02T04:15:21Z</time>
					</trkpt>
					<trkpt lat="44.477680" lon="3.111050">
						<ele>985</ele>
						<time>2026-05-02T04:15:52Z</time>
					</trkpt>
					<trkpt lat="44.477780" lon="3.110700">
						<ele>987</ele>
						<time>2026-05-02T04:16:28Z</time>
					</trkpt>
					<trkpt lat="44.477850" lon="3.110450">
						<ele>988</ele>
						<time>2026-05-02T04:16:53Z</time>
					</trkpt>
					<trkpt lat="44.477900" lon="3.110260">
						<ele>989</ele>
						<time>2026-05-02T04:17:12Z</time>
					</trkpt>
					<trkpt lat="44.477930" lon="3.110000">
						<ele>990</ele>
						<time>2026-05-02T04:17:37Z</time>
					</trkpt>
					<trkpt lat="44.477930" lon="3.109820">
						<ele>990</ele>
						<time>2026-05-02T04:17:55Z</time>
					</trkpt>
					<trkpt lat="44.477970" lon="3.109440">
						<ele>990</ele>
						<time>2026-05-02T04:18:31Z</time>
					</trkpt>
					<trkpt lat="44.478010" lon="3.109300">
						<ele>990</ele>
						<time>2026-05-02T04:18:46Z</time>
					</trkpt>
					<trkpt lat="44.478190" lon="3.108830">
						<ele>992</ele>
						<time>2026-05-02T04:19:36Z</time>
					</trkpt>
					<trkpt lat="44.478250" lon="3.108650">
						<ele>992</ele>
						<time>2026-05-02T04:19:55Z</time>
					</trkpt>
					<trkpt lat="44.478260" lon="3.108490">
						<ele>993</ele>
						<time>2026-05-02T04:20:11Z</time>
					</trkpt>
					<trkpt lat="44.478310" lon="3.108260">
						<ele>994</ele>
						<time>2026-05-02T04:20:33Z</time>
					</trkpt>
					<trkpt lat="44.478390" lon="3.107930">
						<ele>997</ele>
						<time>2026-05-02T04:21:07Z</time>
					</trkpt>
					<trkpt lat="44.478460" lon="3.107750">
						<ele>998</ele>
						<time>2026-05-02T04:21:26Z</time>
					</trkpt>
					<trkpt lat="44.478590" lon="3.107460">
						<ele>1000</ele>
						<time>2026-05-02T04:21:59Z</time>
					</trkpt>
					<trkpt lat="44.478750" lon="3.107160">
						<ele>1002</ele>
						<time>2026-05-02T04:22:34Z</time>
					</trkpt>
					<trkpt lat="44.478880" lon="3.106810">
						<ele>1003</ele>
						<time>2026-05-02T04:23:12Z</time>
					</trkpt>
					<trkpt lat="44.478930" lon="3.106640">
						<ele>1005</ele>
						<time>2026-05-02T04:23:29Z</time>
					</trkpt>
					<trkpt lat="44.479070" lon="3.106020">
						<ele>1009</ele>
						<time>2026-05-02T04:24:31Z</time>
					</trkpt>
					<trkpt lat="44.479120" lon="3.105710">
						<ele>1011</ele>
						<time>2026-05-02T04:25:02Z</time>
					</trkpt>
					<trkpt lat="44.479150" lon="3.104920">
						<ele>1014</ele>
						<time>2026-05-02T04:26:17Z</time>
					</trkpt>
					<trkpt lat="44.479160" lon="3.104770">
						<ele>1015</ele>
						<time>2026-05-02T04:26:31Z</time>
					</trkpt>
					<trkpt lat="44.479270" lon="3.104290">
						<ele>1014</ele>
						<time>2026-05-02T04:27:19Z</time>
					</trkpt>
					<trkpt lat="44.479330" lon="3.104180">
						<ele>1014</ele>
						<time>2026-05-02T04:27:33Z</time>
					</trkpt>
					<trkpt lat="44.479380" lon="3.104050">
						<ele>1014</ele>
						<time>2026-05-02T04:27:47Z</time>
					</trkpt>
					<trkpt lat="44.479430" lon="3.103880">
						<ele>1014</ele>
						<time>2026-05-02T04:28:04Z</time>
					</trkpt>
					<trkpt lat="44.479470" lon="3.103790">
						<ele>1013</ele>
						<time>2026-05-02T04:28:14Z</time>
					</trkpt>
					<trkpt lat="44.479500" lon="3.103660">
						<ele>1013</ele>
						<time>2026-05-02T04:28:27Z</time>
					</trkpt>
					<trkpt lat="44.479530" lon="3.103420">
						<ele>1014</ele>
						<time>2026-05-02T04:28:50Z</time>
					</trkpt>
					<trkpt lat="44.479560" lon="3.103310">
						<ele>1014</ele>
						<time>2026-05-02T04:29:02Z</time>
					</trkpt>
					<trkpt lat="44.479550" lon="3.103010">
						<ele>1015</ele>
						<time>2026-05-02T04:29:30Z</time>
					</trkpt>
					<trkpt lat="44.479530" lon="3.102890">
						<ele>1016</ele>
						<time>2026-05-02T04:29:42Z</time>
					</trkpt>
					<trkpt lat="44.479560" lon="3.102680">
						<ele>1017</ele>
						<time>2026-05-02T04:30:02Z</time>
					</trkpt>
					<trkpt lat="44.479550" lon="3.102610">
						<ele>1017</ele>
						<time>2026-05-02T04:30:09Z</time>
					</trkpt>
					<trkpt lat="44.479560" lon="3.102250">
						<ele>1018</ele>
						<time>2026-05-02T04:30:43Z</time>
					</trkpt>
					<trkpt lat="44.479530" lon="3.102120">
						<ele>1018</ele>
						<time>2026-05-02T04:30:56Z</time>
					</trkpt>
					<trkpt lat="44.479470" lon="3.101990">
						<ele>1019</ele>
						<time>2026-05-02T04:31:11Z</time>
					</trkpt>
					<trkpt lat="44.479430" lon="3.101680">
						<ele>1019</ele>
						<time>2026-05-02T04:31:41Z</time>
					</trkpt>
					<trkpt lat="44.479450" lon="3.101510">
						<ele>1020</ele>
						<time>2026-05-02T04:31:58Z</time>
					</trkpt>
					<trkpt lat="44.479510" lon="3.101210">
						<ele>1020</ele>
						<time>2026-05-02T04:32:27Z</time>
					</trkpt>
					<trkpt lat="44.479620" lon="3.101020">
						<ele>1019</ele>
						<time>2026-05-02T04:32:51Z</time>
					</trkpt>
					<trkpt lat="44.479760" lon="3.100710">
						<ele>1019</ele>
						<time>2026-05-02T04:33:25Z</time>
					</trkpt>
					<trkpt lat="44.479990" lon="3.100310">
						<ele>1019</ele>
						<time>2026-05-02T04:34:14Z</time>
					</trkpt>
					<trkpt lat="44.480090" lon="3.100170">
						<ele>1018</ele>
						<time>2026-05-02T04:34:33Z</time>
					</trkpt>
					<trkpt lat="44.480220" lon="3.100030">
						<ele>1018</ele>
						<time>2026-05-02T04:34:55Z</time>
					</trkpt>
					<trkpt lat="44.480290" lon="3.099930">
						<ele>1019</ele>
						<time>2026-05-02T04:35:08Z</time>
					</trkpt>
					<trkpt lat="44.480410" lon="3.099740">
						<ele>1020</ele>
						<time>2026-05-02T04:35:33Z</time>
					</trkpt>
					<trkpt lat="44.480560" lon="3.099550">
						<ele>1022</ele>
						<time>2026-05-02T04:36:00Z</time>
					</trkpt>
					<trkpt lat="44.480660" lon="3.099490">
						<ele>1022</ele>
						<time>2026-05-02T04:36:14Z</time>
					</trkpt>
					<trkpt lat="44.480770" lon="3.099460">
						<ele>1022</ele>
						<time>2026-05-02T04:36:29Z</time>
					</trkpt>
					<trkpt lat="44.480860" lon="3.099460">
						<ele>1022</ele>
						<time>2026-05-02T04:36:41Z</time>
					</trkpt>
					<trkpt lat="44.481170" lon="3.099570">
						<ele>1019</ele>
						<time>2026-05-02T04:37:24Z</time>
					</trkpt>
					<trkpt lat="44.481460" lon="3.099530">
						<ele>1019</ele>
						<time>2026-05-02T04:38:03Z</time>
					</trkpt>
					<trkpt lat="44.481580" lon="3.099520">
						<ele>1018</ele>
						<time>2026-05-02T04:38:19Z</time>
					</trkpt>
					<trkpt lat="44.481920" lon="3.099250">
						<ele>1017</ele>
						<time>2026-05-02T04:39:11Z</time>
					</trkpt>
					<trkpt lat="44.482250" lon="3.098740">
						<ele>1013</ele>
						<time>2026-05-02T04:40:16Z</time>
					</trkpt>
					<trkpt lat="44.482480" lon="3.097920">
						<ele>1009</ele>
						<time>2026-05-02T04:41:40Z</time>
					</trkpt>
					<trkpt lat="44.482830" lon="3.097160">
						<ele>1008</ele>
						<time>2026-05-02T04:43:06Z</time>
					</trkpt>
					<trkpt lat="44.483480" lon="3.095490">
						<ele>1011</ele>
						<time>2026-05-02T04:46:08Z</time>
					</trkpt>
					<trkpt lat="44.483690" lon="3.095120">
						<ele>1013</ele>
						<time>2026-05-02T04:46:53Z</time>
					</trkpt>
					<trkpt lat="44.483840" lon="3.094910">
						<ele>1015</ele>
						<time>2026-05-02T04:47:21Z</time>
					</trkpt>
					<trkpt lat="44.484320" lon="3.094280">
						<ele>1021</ele>
						<time>2026-05-02T04:48:49Z</time>
					</trkpt>
					<trkpt lat="44.484440" lon="3.094080">
						<ele>1021</ele>
						<time>2026-05-02T04:49:13Z</time>
					</trkpt>
					<trkpt lat="44.484540" lon="3.093880">
						<ele>1021</ele>
						<time>2026-05-02T04:49:37Z</time>
					</trkpt>
					<trkpt lat="44.484680" lon="3.093520">
						<ele>1022</ele>
						<time>2026-05-02T04:50:16Z</time>
					</trkpt>
					<trkpt lat="44.484880" lon="3.092960">
						<ele>1024</ele>
						<time>2026-05-02T04:51:15Z</time>
					</trkpt>
					<trkpt lat="44.484960" lon="3.092760">
						<ele>1025</ele>
						<time>2026-05-02T04:51:37Z</time>
					</trkpt>
					<trkpt lat="44.485440" lon="3.091960">
						<ele>1031</ele>
						<time>2026-05-02T04:53:17Z</time>
					</trkpt>
					<trkpt lat="44.485600" lon="3.091670">
						<ele>1034</ele>
						<time>2026-05-02T04:53:52Z</time>
					</trkpt>
					<trkpt lat="44.485670" lon="3.091580">
						<ele>1035</ele>
						<time>2026-05-02T04:54:04Z</time>
					</trkpt>
					<trkpt lat="44.485780" lon="3.091460">
						<ele>1036</ele>
						<time>2026-05-02T04:54:23Z</time>
					</trkpt>
					<trkpt lat="44.486100" lon="3.091020">
						<ele>1037</ele>
						<time>2026-05-02T04:55:23Z</time>
					</trkpt>
					<trkpt lat="44.486180" lon="3.090840">
						<ele>1039</ele>
						<time>2026-05-02T04:55:43Z</time>
					</trkpt>
					<trkpt lat="44.486310" lon="3.090610">
						<ele>1040</ele>
						<time>2026-05-02T04:56:11Z</time>
					</trkpt>
					<trkpt lat="44.486380" lon="3.090530">
						<ele>1040</ele>
						<time>2026-05-02T04:56:23Z</time>
					</trkpt>
					<trkpt lat="44.486480" lon="3.090390">
						<ele>1040</ele>
						<time>2026-05-02T04:56:42Z</time>
					</trkpt>
					<trkpt lat="44.486640" lon="3.090090">
						<ele>1042</ele>
						<time>2026-05-02T04:57:17Z</time>
					</trkpt>
					<trkpt lat="44.486790" lon="3.089760">
						<ele>1041</ele>
						<time>2026-05-02T04:57:55Z</time>
					</trkpt>
					<trkpt lat="44.486940" lon="3.089450">
						<ele>1041</ele>
						<time>2026-05-02T04:58:30Z</time>
					</trkpt>
					<trkpt lat="44.487480" lon="3.088880">
						<ele>1040</ele>
						<time>2026-05-02T05:00:01Z</time>
					</trkpt>
					<trkpt lat="44.487980" lon="3.088250">
						<ele>1038</ele>
						<time>2026-05-02T05:01:30Z</time>
					</trkpt>
					<trkpt lat="44.488140" lon="3.087990">
						<ele>1037</ele>
						<time>2026-05-02T05:02:03Z</time>
					</trkpt>
					<trkpt lat="44.488250" lon="3.087670">
						<ele>1035</ele>
						<time>2026-05-02T05:02:37Z</time>
					</trkpt>
					<trkpt lat="44.488360" lon="3.087490">
						<ele>1035</ele>
						<time>2026-05-02T05:02:59Z</time>
					</trkpt>
					<trkpt lat="44.488580" lon="3.087200">
						<ele>1032</ele>
						<time>2026-05-02T05:03:40Z</time>
					</trkpt>
					<trkpt lat="44.488800" lon="3.086980">
						<ele>1031</ele>
						<time>2026-05-02T05:04:16Z</time>
					</trkpt>
					<trkpt lat="44.489740" lon="3.085970">
						<ele>1034</ele>
						<time>2026-05-02T05:06:54Z</time>
					</trkpt>
					<trkpt lat="44.490330" lon="3.085170">
						<ele>1036</ele>
						<time>2026-05-02T05:08:43Z</time>
					</trkpt>
					<trkpt lat="44.490480" lon="3.084930">
						<ele>1036</ele>
						<time>2026-05-02T05:09:14Z</time>
					</trkpt>
					<trkpt lat="44.490650" lon="3.084610">
						<ele>1036</ele>
						<time>2026-05-02T05:09:52Z</time>
					</trkpt>
					<trkpt lat="44.490860" lon="3.084360">
						<ele>1037</ele>
						<time>2026-05-02T05:10:28Z</time>
					</trkpt>
					<trkpt lat="44.491100" lon="3.084130">
						<ele>1037</ele>
						<time>2026-05-02T05:11:07Z</time>
					</trkpt>
					<trkpt lat="44.491260" lon="3.083950">
						<ele>1037</ele>
						<time>2026-05-02T05:11:35Z</time>
					</trkpt>
					<trkpt lat="44.491580" lon="3.083570">
						<ele>1036</ele>
						<time>2026-05-02T05:12:31Z</time>
					</trkpt>
					<trkpt lat="44.491930" lon="3.083320">
						<ele>1038</ele>
						<time>2026-05-02T05:13:23Z</time>
					</trkpt>
					<trkpt lat="44.492050" lon="3.083190">
						<ele>1039</ele>
						<time>2026-05-02T05:13:43Z</time>
					</trkpt>
					<trkpt lat="44.492250" lon="3.082870">
						<ele>1040</ele>
						<time>2026-05-02T05:14:24Z</time>
					</trkpt>
					<trkpt lat="44.492380" lon="3.082740">
						<ele>1041</ele>
						<time>2026-05-02T05:14:45Z</time>
					</trkpt>
					<trkpt lat="44.492520" lon="3.082620">
						<ele>1043</ele>
						<time>2026-05-02T05:15:07Z</time>
					</trkpt>
					<trkpt lat="44.492650" lon="3.082470">
						<ele>1044</ele>
						<time>2026-05-02T05:15:29Z</time>
					</trkpt>
					<trkpt lat="44.492710" lon="3.082350">
						<ele>1044</ele>
						<time>2026-05-02T05:15:43Z</time>
					</trkpt>
					<trkpt lat="44.492890" lon="3.082770">
						<ele>1043</ele>
						<time>2026-05-02T05:16:30Z</time>
					</trkpt>
					<trkpt lat="44.492980" lon="3.083020">
						<ele>1043</ele>
						<time>2026-05-02T05:16:57Z</time>
					</trkpt>
					<trkpt lat="44.493270" lon="3.083440">
						<ele>1039</ele>
						<time>2026-05-02T05:17:52Z</time>
					</trkpt>
					<trkpt lat="44.493430" lon="3.083470">
						<ele>1038</ele>
						<time>2026-05-02T05:18:14Z</time>
					</trkpt>
					<trkpt lat="44.493660" lon="3.083590">
						<ele>1033</ele>
						<time>2026-05-02T05:18:47Z</time>
					</trkpt>
					<trkpt lat="44.493860" lon="3.083640">
						<ele>1029</ele>
						<time>2026-05-02T05:19:14Z</time>
					</trkpt>
					<trkpt lat="44.494080" lon="3.083790">
						<ele>1023</ele>
						<time>2026-05-02T05:19:46Z</time>
					</trkpt>
					<trkpt lat="44.494360" lon="3.083940">
						<ele>1016</ele>
						<time>2026-05-02T05:20:26Z</time>
					</trkpt>
					<trkpt lat="44.494520" lon="3.084050">
						<ele>1012</ele>
						<time>2026-05-02T05:20:50Z</time>
					</trkpt>
					<trkpt lat="44.494720" lon="3.084120">
						<ele>1008</ele>
						<time>2026-05-02T05:21:18Z</time>
					</trkpt>
					<trkpt lat="44.495550" lon="3.084350">
						<ele>992</ele>
						<time>2026-05-02T05:23:11Z</time>
					</trkpt>
					<trkpt lat="44.495740" lon="3.084430">
						<ele>989</ele>
						<time>2026-05-02T05:23:37Z</time>
					</trkpt>
					<trkpt lat="44.495890" lon="3.084530">
						<ele>986</ele>
						<time>2026-05-02T05:23:59Z</time>
					</trkpt>
					<trkpt lat="44.496210" lon="3.084780">
						<ele>980</ele>
						<time>2026-05-02T05:24:48Z</time>
					</trkpt>
					<trkpt lat="44.496640" lon="3.084980">
						<ele>976</ele>
						<time>2026-05-02T05:25:48Z</time>
					</trkpt>
					<trkpt lat="44.496780" lon="3.085110">
						<ele>973</ele>
						<time>2026-05-02T05:26:11Z</time>
					</trkpt>
					<trkpt lat="44.496910" lon="3.085260">
						<ele>969</ele>
						<time>2026-05-02T05:26:33Z</time>
					</trkpt>
					<trkpt lat="44.497000" lon="3.085420">
						<ele>965</ele>
						<time>2026-05-02T05:26:53Z</time>
					</trkpt>
					<trkpt lat="44.497100" lon="3.085790">
						<ele>960</ele>
						<time>2026-05-02T05:27:30Z</time>
					</trkpt>
					<trkpt lat="44.497100" lon="3.085950">
						<ele>957</ele>
						<time>2026-05-02T05:27:46Z</time>
					</trkpt>
					<trkpt lat="44.497070" lon="3.086120">
						<ele>955</ele>
						<time>2026-05-02T05:28:02Z</time>
					</trkpt>
					<trkpt lat="44.496950" lon="3.086520">
						<ele>951</ele>
						<time>2026-05-02T05:28:44Z</time>
					</trkpt>
					<trkpt lat="44.496890" lon="3.086680">
						<ele>950</ele>
						<time>2026-05-02T05:29:01Z</time>
					</trkpt>
					<trkpt lat="44.496870" lon="3.086790">
						<ele>948</ele>
						<time>2026-05-02T05:29:12Z</time>
					</trkpt>
					<trkpt lat="44.496900" lon="3.086860">
						<ele>947</ele>
						<time>2026-05-02T05:29:19Z</time>
					</trkpt>
					<trkpt lat="44.497180" lon="3.086740">
						<ele>945</ele>
						<time>2026-05-02T05:29:58Z</time>
					</trkpt>
					<trkpt lat="44.497310" lon="3.086620">
						<ele>944</ele>
						<time>2026-05-02T05:30:19Z</time>
					</trkpt>
					<trkpt lat="44.497690" lon="3.086030">
						<ele>947</ele>
						<time>2026-05-02T05:31:35Z</time>
					</trkpt>
					<trkpt lat="44.497760" lon="3.085900">
						<ele>947</ele>
						<time>2026-05-02T05:31:50Z</time>
					</trkpt>
					<trkpt lat="44.497860" lon="3.085600">
						<ele>949</ele>
						<time>2026-05-02T05:32:22Z</time>
					</trkpt>
					<trkpt lat="44.497940" lon="3.085540">
						<ele>949</ele>
						<time>2026-05-02T05:32:34Z</time>
					</trkpt>
					<trkpt lat="44.498110" lon="3.085590">
						<ele>946</ele>
						<time>2026-05-02T05:32:57Z</time>
					</trkpt>
					<trkpt lat="44.498140" lon="3.085580">
						<ele>945</ele>
						<time>2026-05-02T05:33:01Z</time>
					</trkpt>
					<trkpt lat="44.498190" lon="3.085660">
						<ele>944</ele>
						<time>2026-05-02T05:33:11Z</time>
					</trkpt>
					<trkpt lat="44.498300" lon="3.085710">
						<ele>941</ele>
						<time>2026-05-02T05:33:27Z</time>
					</trkpt>
					<trkpt lat="44.498480" lon="3.085720">
						<ele>941</ele>
						<time>2026-05-02T05:33:51Z</time>
					</trkpt>
					<trkpt lat="44.498580" lon="3.085770">
						<ele>941</ele>
						<time>2026-05-02T05:34:05Z</time>
					</trkpt>
					<trkpt lat="44.498630" lon="3.085910">
						<ele>941</ele>
						<time>2026-05-02T05:34:20Z</time>
					</trkpt>
					<trkpt lat="44.498630" lon="3.086140">
						<ele>943</ele>
						<time>2026-05-02T05:34:42Z</time>
					</trkpt>
					<trkpt lat="44.498580" lon="3.086320">
						<ele>944</ele>
						<time>2026-05-02T05:35:00Z</time>
					</trkpt>
					<trkpt lat="44.498500" lon="3.086530">
						<ele>944</ele>
						<time>2026-05-02T05:35:23Z</time>
					</trkpt>
					<trkpt lat="44.498480" lon="3.086800">
						<ele>945</ele>
						<time>2026-05-02T05:35:49Z</time>
					</trkpt>
					<trkpt lat="44.498490" lon="3.087100">
						<ele>947</ele>
						<time>2026-05-02T05:36:17Z</time>
					</trkpt>
					<trkpt lat="44.498540" lon="3.087440">
						<ele>951</ele>
						<time>2026-05-02T05:36:50Z</time>
					</trkpt>
					<trkpt lat="44.498640" lon="3.087790">
						<ele>957</ele>
						<time>2026-05-02T05:37:26Z</time>
					</trkpt>
					<trkpt lat="44.498730" lon="3.088030">
						<ele>962</ele>
						<time>2026-05-02T05:37:52Z</time>
					</trkpt>
					<trkpt lat="44.498840" lon="3.088170">
						<ele>966</ele>
						<time>2026-05-02T05:38:12Z</time>
					</trkpt>
					<trkpt lat="44.498920" lon="3.088220">
						<ele>968</ele>
						<time>2026-05-02T05:38:24Z</time>
					</trkpt>
					<trkpt lat="44.499050" lon="3.088250">
						<ele>971</ele>
						<time>2026-05-02T05:38:41Z</time>
					</trkpt>
					<trkpt lat="44.499140" lon="3.088300">
						<ele>973</ele>
						<time>2026-05-02T05:38:54Z</time>
					</trkpt>
					<trkpt lat="44.499200" lon="3.088390">
						<ele>975</ele>
						<time>2026-05-02T05:39:06Z</time>
					</trkpt>
					<trkpt lat="44.499230" lon="3.088640">
						<ele>976</ele>
						<time>2026-05-02T05:39:30Z</time>
					</trkpt>
					<trkpt lat="44.499320" lon="3.088970">
						<ele>977</ele>
						<time>2026-05-02T05:40:04Z</time>
					</trkpt>
					<trkpt lat="44.499410" lon="3.089320">
						<ele>978</ele>
						<time>2026-05-02T05:40:39Z</time>
					</trkpt>
					<trkpt lat="44.499440" lon="3.089400">
						<ele>979</ele>
						<time>2026-05-02T05:40:48Z</time>
					</trkpt>
					<trkpt lat="44.499560" lon="3.089770">
						<ele>979</ele>
						<time>2026-05-02T05:41:26Z</time>
					</trkpt>
					<trkpt lat="44.499620" lon="3.090010">
						<ele>979</ele>
						<time>2026-05-02T05:41:51Z</time>
					</trkpt>
					<trkpt lat="44.499680" lon="3.090120">
						<ele>980</ele>
						<time>2026-05-02T05:42:04Z</time>
					</trkpt>
					<trkpt lat="44.499790" lon="3.090140">
						<ele>982</ele>
						<time>2026-05-02T05:42:18Z</time>
					</trkpt>
					<trkpt lat="44.499860" lon="3.090290">
						<ele>983</ele>
						<time>2026-05-02T05:42:36Z</time>
					</trkpt>
					<trkpt lat="44.499970" lon="3.090600">
						<ele>985</ele>
						<time>2026-05-02T05:43:09Z</time>
					</trkpt>
					<trkpt lat="44.500140" lon="3.091020">
						<ele>988</ele>
						<time>2026-05-02T05:43:54Z</time>
					</trkpt>
					<trkpt lat="44.500220" lon="3.091450">
						<ele>990</ele>
						<time>2026-05-02T05:44:37Z</time>
					</trkpt>
					<trkpt lat="44.500230" lon="3.091630">
						<ele>990</ele>
						<time>2026-05-02T05:44:54Z</time>
					</trkpt>
					<trkpt lat="44.500210" lon="3.092130">
						<ele>989</ele>
						<time>2026-05-02T05:45:42Z</time>
					</trkpt>
					<trkpt lat="44.500240" lon="3.092390">
						<ele>990</ele>
						<time>2026-05-02T05:46:07Z</time>
					</trkpt>
					<trkpt lat="44.500440" lon="3.092520">
						<ele>994</ele>
						<time>2026-05-02T05:46:36Z</time>
					</trkpt>
					<trkpt lat="44.500590" lon="3.092590">
						<ele>997</ele>
						<time>2026-05-02T05:46:57Z</time>
					</trkpt>
					<trkpt lat="44.500690" lon="3.092560">
						<ele>999</ele>
						<time>2026-05-02T05:47:11Z</time>
					</trkpt>
					<trkpt lat="44.500700" lon="3.092550">
						<ele>999</ele>
						<time>2026-05-02T05:47:12Z</time>
					</trkpt>
					<trkpt lat="44.501160" lon="3.092700">
						<ele>1004</ele>
						<time>2026-05-02T05:48:16Z</time>
					</trkpt>
					<trkpt lat="44.501350" lon="3.092720">
						<ele>1006</ele>
						<time>2026-05-02T05:48:41Z</time>
					</trkpt>
					<trkpt lat="44.501510" lon="3.092660">
						<ele>1009</ele>
						<time>2026-05-02T05:49:03Z</time>
					</trkpt>
					<trkpt lat="44.501690" lon="3.092530">
						<ele>1013</ele>
						<time>2026-05-02T05:49:30Z</time>
					</trkpt>
					<trkpt lat="44.502010" lon="3.092310">
						<ele>1016</ele>
						<time>2026-05-02T05:50:18Z</time>
					</trkpt>
					<trkpt lat="44.502300" lon="3.092150">
						<ele>1020</ele>
						<time>2026-05-02T05:50:59Z</time>
					</trkpt>
					<trkpt lat="44.502840" lon="3.091640">
						<ele>1028</ele>
						<time>2026-05-02T05:52:26Z</time>
					</trkpt>
					<trkpt lat="44.503230" lon="3.091190">
						<ele>1033</ele>
						<time>2026-05-02T05:53:34Z</time>
					</trkpt>
					<trkpt lat="44.503510" lon="3.090830">
						<ele>1036</ele>
						<time>2026-05-02T05:54:24Z</time>
					</trkpt>
					<trkpt lat="44.503900" lon="3.090280">
						<ele>1041</ele>
						<time>2026-05-02T05:55:38Z</time>
					</trkpt>
					<trkpt lat="44.504200" lon="3.090000">
						<ele>1045</ele>
						<time>2026-05-02T05:56:26Z</time>
					</trkpt>
					<trkpt lat="44.504600" lon="3.089670">
						<ele>1046</ele>
						<time>2026-05-02T05:57:28Z</time>
					</trkpt>
					<trkpt lat="44.504900" lon="3.089390">
						<ele>1048</ele>
						<time>2026-05-02T05:58:16Z</time>
					</trkpt>
					<trkpt lat="44.505100" lon="3.089300">
						<ele>1049</ele>
						<time>2026-05-02T05:58:44Z</time>
					</trkpt>
					<trkpt lat="44.505340" lon="3.089210">
						<ele>1051</ele>
						<time>2026-05-02T05:59:17Z</time>
					</trkpt>
					<trkpt lat="44.505670" lon="3.089150">
						<ele>1053</ele>
						<time>2026-05-02T06:00:02Z</time>
					</trkpt>
					<trkpt lat="44.505890" lon="3.089060">
						<ele>1054</ele>
						<time>2026-05-02T06:00:32Z</time>
					</trkpt>
					<trkpt lat="44.506400" lon="3.088830">
						<ele>1057</ele>
						<time>2026-05-02T06:01:44Z</time>
					</trkpt>
					<trkpt lat="44.507620" lon="3.088250">
						<ele>1069</ele>
						<time>2026-05-02T06:04:36Z</time>
					</trkpt>
					<trkpt lat="44.507970" lon="3.088110">
						<ele>1072</ele>
						<time>2026-05-02T06:05:24Z</time>
					</trkpt>
					<trkpt lat="44.508020" lon="3.088100">
						<ele>1073</ele>
						<time>2026-05-02T06:05:31Z</time>
					</trkpt>
					<trkpt lat="44.508320" lon="3.088040">
						<ele>1076</ele>
						<time>2026-05-02T06:06:11Z</time>
					</trkpt>
					<trkpt lat="44.508710" lon="3.088070">
						<ele>1078</ele>
						<time>2026-05-02T06:07:04Z</time>
					</trkpt>
					<trkpt lat="44.508790" lon="3.088070">
						<ele>1078</ele>
						<time>2026-05-02T06:07:14Z</time>
					</trkpt>
					<trkpt lat="44.509190" lon="3.088080">
						<ele>1080</ele>
						<time>2026-05-02T06:08:08Z</time>
					</trkpt>
					<trkpt lat="44.509490" lon="3.088020">
						<ele>1081</ele>
						<time>2026-05-02T06:08:48Z</time>
					</trkpt>
					<trkpt lat="44.509520" lon="3.088000">
						<ele>1082</ele>
						<time>2026-05-02T06:08:53Z</time>
					</trkpt>
					<trkpt lat="44.509730" lon="3.088010">
						<ele>1083</ele>
						<time>2026-05-02T06:09:21Z</time>
					</trkpt>
					<trkpt lat="44.509880" lon="3.088050">
						<ele>1083</ele>
						<time>2026-05-02T06:09:41Z</time>
					</trkpt>
					<trkpt lat="44.510060" lon="3.088120">
						<ele>1084</ele>
						<time>2026-05-02T06:10:06Z</time>
					</trkpt>
					<trkpt lat="44.510450" lon="3.088350">
						<ele>1087</ele>
						<time>2026-05-02T06:11:02Z</time>
					</trkpt>
					<trkpt lat="44.510990" lon="3.088620">
						<ele>1088</ele>
						<time>2026-05-02T06:12:19Z</time>
					</trkpt>
					<trkpt lat="44.511160" lon="3.088670">
						<ele>1088</ele>
						<time>2026-05-02T06:12:42Z</time>
					</trkpt>
					<trkpt lat="44.511370" lon="3.088700">
						<ele>1089</ele>
						<time>2026-05-02T06:13:10Z</time>
					</trkpt>
					<trkpt lat="44.511750" lon="3.088690">
						<ele>1092</ele>
						<time>2026-05-02T06:14:01Z</time>
					</trkpt>
					<trkpt lat="44.511910" lon="3.088740">
						<ele>1093</ele>
						<time>2026-05-02T06:14:23Z</time>
					</trkpt>
					<trkpt lat="44.512120" lon="3.088890">
						<ele>1094</ele>
						<time>2026-05-02T06:14:54Z</time>
					</trkpt>
					<trkpt lat="44.512640" lon="3.089380">
						<ele>1094</ele>
						<time>2026-05-02T06:16:18Z</time>
					</trkpt>
					<trkpt lat="44.512820" lon="3.089530">
						<ele>1093</ele>
						<time>2026-05-02T06:16:46Z</time>
					</trkpt>
					<trkpt lat="44.513010" lon="3.089630">
						<ele>1093</ele>
						<time>2026-05-02T06:17:13Z</time>
					</trkpt>
					<trkpt lat="44.513160" lon="3.089650">
						<ele>1093</ele>
						<time>2026-05-02T06:17:33Z</time>
					</trkpt>
					<trkpt lat="44.513310" lon="3.089610">
						<ele>1093</ele>
						<time>2026-05-02T06:17:53Z</time>
					</trkpt>
					<trkpt lat="44.513450" lon="3.089520">
						<ele>1092</ele>
						<time>2026-05-02T06:18:14Z</time>
					</trkpt>
					<trkpt lat="44.513600" lon="3.089370">
						<ele>1092</ele>
						<time>2026-05-02T06:18:38Z</time>
					</trkpt>
					<trkpt lat="44.513750" lon="3.089170">
						<ele>1093</ele>
						<time>2026-05-02T06:19:06Z</time>
					</trkpt>
					<trkpt lat="44.513990" lon="3.088820">
						<ele>1096</ele>
						<time>2026-05-02T06:19:52Z</time>
					</trkpt>
					<trkpt lat="44.514350" lon="3.088520">
						<ele>1096</ele>
						<time>2026-05-02T06:20:48Z</time>
					</trkpt>
					<trkpt lat="44.514570" lon="3.088310">
						<ele>1096</ele>
						<time>2026-05-02T06:21:24Z</time>
					</trkpt>
					<trkpt lat="44.514820" lon="3.088020">
						<ele>1097</ele>
						<time>2026-05-02T06:22:07Z</time>
					</trkpt>
					<trkpt lat="44.515120" lon="3.087700">
						<ele>1098</ele>
						<time>2026-05-02T06:22:57Z</time>
					</trkpt>
					<trkpt lat="44.515750" lon="3.086940">
						<ele>1100</ele>
						<time>2026-05-02T06:24:48Z</time>
					</trkpt>
					<trkpt lat="44.516120" lon="3.086520">
						<ele>1102</ele>
						<time>2026-05-02T06:25:52Z</time>
					</trkpt>
					<trkpt lat="44.516260" lon="3.086410">
						<ele>1103</ele>
						<time>2026-05-02T06:26:13Z</time>
					</trkpt>
					<trkpt lat="44.516430" lon="3.086290">
						<ele>1103</ele>
						<time>2026-05-02T06:26:38Z</time>
					</trkpt>
					<trkpt lat="44.516990" lon="3.086050">
						<ele>1102</ele>
						<time>2026-05-02T06:27:57Z</time>
					</trkpt>
					<trkpt lat="44.517410" lon="3.085810">
						<ele>1102</ele>
						<time>2026-05-02T06:28:57Z</time>
					</trkpt>
					<trkpt lat="44.517600" lon="3.085620">
						<ele>1105</ele>
						<time>2026-05-02T06:29:28Z</time>
					</trkpt>
					<trkpt lat="44.518090" lon="3.085070">
						<ele>1110</ele>
						<time>2026-05-02T06:30:52Z</time>
					</trkpt>
					<trkpt lat="44.518540" lon="3.084600">
						<ele>1115</ele>
						<time>2026-05-02T06:32:07Z</time>
					</trkpt>
					<trkpt lat="44.518670" lon="3.084440">
						<ele>1117</ele>
						<time>2026-05-02T06:32:30Z</time>
					</trkpt>
					<trkpt lat="44.518810" lon="3.084290">
						<ele>1118</ele>
						<time>2026-05-02T06:32:54Z</time>
					</trkpt>
					<trkpt lat="44.518990" lon="3.084210">
						<ele>1118</ele>
						<time>2026-05-02T06:33:19Z</time>
					</trkpt>
					<trkpt lat="44.519070" lon="3.084190">
						<ele>1118</ele>
						<time>2026-05-02T06:33:30Z</time>
					</trkpt>
					<trkpt lat="44.519140" lon="3.084240">
						<ele>1118</ele>
						<time>2026-05-02T06:33:40Z</time>
					</trkpt>
					<trkpt lat="44.519160" lon="3.084310">
						<ele>1118</ele>
						<time>2026-05-02T06:33:47Z</time>
					</trkpt>
					<trkpt lat="44.519170" lon="3.084450">
						<ele>1118</ele>
						<time>2026-05-02T06:34:01Z</time>
					</trkpt>
					<trkpt lat="44.518990" lon="3.085380">
						<ele>1112</ele>
						<time>2026-05-02T06:35:32Z</time>
					</trkpt>
					<trkpt lat="44.518990" lon="3.085490">
						<ele>1111</ele>
						<time>2026-05-02T06:35:43Z</time>
					</trkpt>
					<trkpt lat="44.519090" lon="3.085650">
						<ele>1111</ele>
						<time>2026-05-02T06:36:03Z</time>
					</trkpt>
					<trkpt lat="44.519180" lon="3.085700">
						<ele>1111</ele>
						<time>2026-05-02T06:36:16Z</time>
					</trkpt>
					<trkpt lat="44.519340" lon="3.085730">
						<ele>1113</ele>
						<time>2026-05-02T06:36:37Z</time>
					</trkpt>
					<trkpt lat="44.520010" lon="3.085770">
						<ele>1122</ele>
						<time>2026-05-02T06:38:07Z</time>
					</trkpt>
					<trkpt lat="44.520690" lon="3.085830">
						<ele>1127</ele>
						<time>2026-05-02T06:39:38Z</time>
					</trkpt>
					<trkpt lat="44.521010" lon="3.085890">
						<ele>1129</ele>
						<time>2026-05-02T06:40:21Z</time>
					</trkpt>
					<trkpt lat="44.521230" lon="3.085970">
						<ele>1129</ele>
						<time>2026-05-02T06:40:51Z</time>
					</trkpt>
					<trkpt lat="44.521470" lon="3.086020">
						<ele>1131</ele>
						<time>2026-05-02T06:41:24Z</time>
					</trkpt>
					<trkpt lat="44.522180" lon="3.086150">
						<ele>1135</ele>
						<time>2026-05-02T06:42:59Z</time>
					</trkpt>
					<trkpt lat="44.522460" lon="3.086160">
						<ele>1137</ele>
						<time>2026-05-02T06:43:37Z</time>
					</trkpt>
					<trkpt lat="44.522970" lon="3.086140">
						<ele>1141</ele>
						<time>2026-05-02T06:44:45Z</time>
					</trkpt>
					<trkpt lat="44.523090" lon="3.086110">
						<ele>1142</ele>
						<time>2026-05-02T06:45:01Z</time>
					</trkpt>
					<trkpt lat="44.523200" lon="3.086070">
						<ele>1143</ele>
						<time>2026-05-02T06:45:16Z</time>
					</trkpt>
					<trkpt lat="44.523570" lon="3.085990">
						<ele>1144</ele>
						<time>2026-05-02T06:46:06Z</time>
					</trkpt>
					<trkpt lat="44.523670" lon="3.085980">
						<ele>1144</ele>
						<time>2026-05-02T06:46:19Z</time>
					</trkpt>
					<trkpt lat="44.524410" lon="3.085770">
						<ele>1146</ele>
						<time>2026-05-02T06:48:00Z</time>
					</trkpt>
					<trkpt lat="44.524480" lon="3.085770">
						<ele>1146</ele>
						<time>2026-05-02T06:48:10Z</time>
					</trkpt>
					<trkpt lat="44.524650" lon="3.085740">
						<ele>1146</ele>
						<time>2026-05-02T06:48:32Z</time>
					</trkpt>
					<trkpt lat="44.524730" lon="3.085740">
						<ele>1146</ele>
						<time>2026-05-02T06:48:43Z</time>
					</trkpt>
					<trkpt lat="44.524810" lon="3.085760">
						<ele>1146</ele>
						<time>2026-05-02T06:48:54Z</time>
					</trkpt>
					<trkpt lat="44.524890" lon="3.085810">
						<ele>1146</ele>
						<time>2026-05-02T06:49:06Z</time>
					</trkpt>
					<trkpt lat="44.524960" lon="3.085890">
						<ele>1146</ele>
						<time>2026-05-02T06:49:18Z</time>
					</trkpt>
					<trkpt lat="44.525020" lon="3.086000">
						<ele>1146</ele>
						<time>2026-05-02T06:49:31Z</time>
					</trkpt>
					<trkpt lat="44.525070" lon="3.086140">
						<ele>1146</ele>
						<time>2026-05-02T06:49:46Z</time>
					</trkpt>
					<trkpt lat="44.525380" lon="3.087080">
						<ele>1147</ele>
						<time>2026-05-02T06:51:24Z</time>
					</trkpt>
					<trkpt lat="44.525930" lon="3.088650">
						<ele>1152</ele>
						<time>2026-05-02T06:54:11Z</time>
					</trkpt>
					<trkpt lat="44.525990" lon="3.088760">
						<ele>1152</ele>
						<time>2026-05-02T06:54:24Z</time>
					</trkpt>
					<trkpt lat="44.526050" lon="3.088810">
						<ele>1152</ele>
						<time>2026-05-02T06:54:33Z</time>
					</trkpt>
					<trkpt lat="44.526120" lon="3.088850">
						<ele>1152</ele>
						<time>2026-05-02T06:54:43Z</time>
					</trkpt>
					<trkpt lat="44.526210" lon="3.088850">
						<ele>1152</ele>
						<time>2026-05-02T06:54:55Z</time>
					</trkpt>
					<trkpt lat="44.526370" lon="3.088580">
						<ele>1154</ele>
						<time>2026-05-02T06:55:29Z</time>
					</trkpt>
					<trkpt lat="44.526680" lon="3.088210">
						<ele>1159</ele>
						<time>2026-05-02T06:56:23Z</time>
					</trkpt>
					<trkpt lat="44.527060" lon="3.087830">
						<ele>1162</ele>
						<time>2026-05-02T06:57:25Z</time>
					</trkpt>
					<trkpt lat="44.527670" lon="3.087360">
						<ele>1168</ele>
						<time>2026-05-02T06:58:58Z</time>
					</trkpt>
					<trkpt lat="44.527950" lon="3.087190">
						<ele>1169</ele>
						<time>2026-05-02T06:59:39Z</time>
					</trkpt>
					<trkpt lat="44.528380" lon="3.086910">
						<ele>1173</ele>
						<time>2026-05-02T07:00:42Z</time>
					</trkpt>
					<trkpt lat="44.528770" lon="3.086700">
						<ele>1179</ele>
						<time>2026-05-02T07:01:38Z</time>
					</trkpt>
					<trkpt lat="44.528980" lon="3.086600">
						<ele>1182</ele>
						<time>2026-05-02T07:02:07Z</time>
					</trkpt>
					<trkpt lat="44.529130" lon="3.086550">
						<ele>1183</ele>
						<time>2026-05-02T07:02:28Z</time>
					</trkpt>
					<trkpt lat="44.529250" lon="3.086530">
						<ele>1185</ele>
						<time>2026-05-02T07:02:44Z</time>
					</trkpt>
					<trkpt lat="44.529390" lon="3.086480">
						<ele>1186</ele>
						<time>2026-05-02T07:03:03Z</time>
					</trkpt>
					<trkpt lat="44.529730" lon="3.086300">
						<ele>1190</ele>
						<time>2026-05-02T07:03:52Z</time>
					</trkpt>
					<trkpt lat="44.529950" lon="3.086110">
						<ele>1193</ele>
						<time>2026-05-02T07:04:26Z</time>
					</trkpt>
					<trkpt lat="44.530770" lon="3.085550">
						<ele>1199</ele>
						<time>2026-05-02T07:06:28Z</time>
					</trkpt>
					<trkpt lat="44.531280" lon="3.085310">
						<ele>1202</ele>
						<time>2026-05-02T07:07:40Z</time>
					</trkpt>
					<trkpt lat="44.531540" lon="3.085170">
						<ele>1204</ele>
						<time>2026-05-02T07:08:17Z</time>
					</trkpt>
					<trkpt lat="44.531630" lon="3.085110">
						<ele>1205</ele>
						<time>2026-05-02T07:08:30Z</time>
					</trkpt>
					<trkpt lat="44.531910" lon="3.084870">
						<ele>1206</ele>
						<time>2026-05-02T07:09:14Z</time>
					</trkpt>
					<trkpt lat="44.532230" lon="3.084530">
						<ele>1207</ele>
						<time>2026-05-02T07:10:08Z</time>
					</trkpt>
					<trkpt lat="44.532350" lon="3.084350">
						<ele>1208</ele>
						<time>2026-05-02T07:10:31Z</time>
					</trkpt>
					<trkpt lat="44.532630" lon="3.083940">
						<ele>1208</ele>
						<time>2026-05-02T07:11:25Z</time>
					</trkpt>
					<trkpt lat="44.532780" lon="3.083640">
						<ele>1208</ele>
						<time>2026-05-02T07:12:00Z</time>
					</trkpt>
					<trkpt lat="44.532900" lon="3.083470">
						<ele>1208</ele>
						<time>2026-05-02T07:12:23Z</time>
					</trkpt>
					<trkpt lat="44.533100" lon="3.083220">
						<ele>1209</ele>
						<time>2026-05-02T07:12:59Z</time>
					</trkpt>
					<trkpt lat="44.533530" lon="3.082620">
						<ele>1212</ele>
						<time>2026-05-02T07:14:19Z</time>
					</trkpt>
					<trkpt lat="44.533630" lon="3.082510">
						<ele>1213</ele>
						<time>2026-05-02T07:14:36Z</time>
					</trkpt>
					<trkpt lat="44.533780" lon="3.082370">
						<ele>1214</ele>
						<time>2026-05-02T07:15:00Z</time>
					</trkpt>
					<trkpt lat="44.533950" lon="3.082220">
						<ele>1216</ele>
						<time>2026-05-02T07:15:27Z</time>
					</trkpt>
					<trkpt lat="44.534730" lon="3.081630">
						<ele>1222</ele>
						<time>2026-05-02T07:17:26Z</time>
					</trkpt>
					<trkpt lat="44.534790" lon="3.081570">
						<ele>1222</ele>
						<time>2026-05-02T07:17:35Z</time>
					</trkpt>
					<trkpt lat="44.534860" lon="3.081330">
						<ele>1223</ele>
						<time>2026-05-02T07:18:00Z</time>
					</trkpt>
					<trkpt lat="44.534910" lon="3.081190">
						<ele>1224</ele>
						<time>2026-05-02T07:18:15Z</time>
					</trkpt>
					<trkpt lat="44.535020" lon="3.080990">
						<ele>1225</ele>
						<time>2026-05-02T07:18:39Z</time>
					</trkpt>
					<trkpt lat="44.535210" lon="3.080690">
						<ele>1226</ele>
						<time>2026-05-02T07:19:17Z</time>
					</trkpt>
					<trkpt lat="44.535470" lon="3.080310">
						<ele>1228</ele>
						<time>2026-05-02T07:20:07Z</time>
					</trkpt>
					<trkpt lat="44.535720" lon="3.079960">
						<ele>1231</ele>
						<time>2026-05-02T07:20:54Z</time>
					</trkpt>
					<trkpt lat="44.535820" lon="3.079810">
						<ele>1232</ele>
						<time>2026-05-02T07:21:14Z</time>
					</trkpt>
					<trkpt lat="44.536070" lon="3.079340">
						<ele>1234</ele>
						<time>2026-05-02T07:22:10Z</time>
					</trkpt>
					<trkpt lat="44.536310" lon="3.078980">
						<ele>1237</ele>
						<time>2026-05-02T07:22:57Z</time>
					</trkpt>
					<trkpt lat="44.536520" lon="3.078690">
						<ele>1240</ele>
						<time>2026-05-02T07:23:36Z</time>
					</trkpt>
					<trkpt lat="44.536660" lon="3.078470">
						<ele>1241</ele>
						<time>2026-05-02T07:24:04Z</time>
					</trkpt>
					<trkpt lat="44.536800" lon="3.078240">
						<ele>1242</ele>
						<time>2026-05-02T07:24:33Z</time>
					</trkpt>
					<trkpt lat="44.536970" lon="3.077920">
						<ele>1242</ele>
						<time>2026-05-02T07:25:11Z</time>
					</trkpt>
					<trkpt lat="44.537120" lon="3.077670">
						<ele>1244</ele>
						<time>2026-05-02T07:25:42Z</time>
					</trkpt>
					<trkpt lat="44.537300" lon="3.077470">
						<ele>1246</ele>
						<time>2026-05-02T07:26:12Z</time>
					</trkpt>
					<trkpt lat="44.537380" lon="3.077350">
						<ele>1247</ele>
						<time>2026-05-02T07:26:28Z</time>
					</trkpt>
					<trkpt lat="44.537500" lon="3.077250">
						<ele>1248</ele>
						<time>2026-05-02T07:26:47Z</time>
					</trkpt>
					<trkpt lat="44.537730" lon="3.077130">
						<ele>1248</ele>
						<time>2026-05-02T07:27:19Z</time>
					</trkpt>
					<trkpt lat="44.537850" lon="3.077090">
						<ele>1248</ele>
						<time>2026-05-02T07:27:36Z</time>
					</trkpt>
					<trkpt lat="44.538160" lon="3.077070">
						<ele>1249</ele>
						<time>2026-05-02T07:28:17Z</time>
					</trkpt>
					<trkpt lat="44.538430" lon="3.077020">
						<ele>1249</ele>
						<time>2026-05-02T07:28:54Z</time>
					</trkpt>
					<trkpt lat="44.538870" lon="3.076960">
						<ele>1249</ele>
						<time>2026-05-02T07:29:53Z</time>
					</trkpt>
					<trkpt lat="44.539010" lon="3.076920">
						<ele>1250</ele>
						<time>2026-05-02T07:30:12Z</time>
					</trkpt>
					<trkpt lat="44.539180" lon="3.076860">
						<ele>1250</ele>
						<time>2026-05-02T07:30:35Z</time>
					</trkpt>
					<trkpt lat="44.539510" lon="3.076760">
						<ele>1249</ele>
						<time>2026-05-02T07:31:20Z</time>
					</trkpt>
					<trkpt lat="44.540390" lon="3.076520">
						<ele>1250</ele>
						<time>2026-05-02T07:33:20Z</time>
					</trkpt>
					<trkpt lat="44.540540" lon="3.076500">
						<ele>1250</ele>
						<time>2026-05-02T07:33:40Z</time>
					</trkpt>
					<trkpt lat="44.540720" lon="3.076500">
						<ele>1251</ele>
						<time>2026-05-02T07:34:04Z</time>
					</trkpt>
					<trkpt lat="44.540850" lon="3.076500">
						<ele>1251</ele>
						<time>2026-05-02T07:34:21Z</time>
					</trkpt>
					<trkpt lat="44.540980" lon="3.076520">
						<ele>1253</ele>
						<time>2026-05-02T07:34:39Z</time>
					</trkpt>
					<trkpt lat="44.541060" lon="3.076550">
						<ele>1253</ele>
						<time>2026-05-02T07:34:50Z</time>
					</trkpt>
					<trkpt lat="44.541120" lon="3.076620">
						<ele>1254</ele>
						<time>2026-05-02T07:35:00Z</time>
					</trkpt>
					<trkpt lat="44.541160" lon="3.076700">
						<ele>1254</ele>
						<time>2026-05-02T07:35:09Z</time>
					</trkpt>
					<trkpt lat="44.541230" lon="3.076870">
						<ele>1253</ele>
						<time>2026-05-02T07:35:28Z</time>
					</trkpt>
					<trkpt lat="44.541310" lon="3.076920">
						<ele>1254</ele>
						<time>2026-05-02T07:35:40Z</time>
					</trkpt>
					<trkpt lat="44.541400" lon="3.076950">
						<ele>1254</ele>
						<time>2026-05-02T07:35:52Z</time>
					</trkpt>
					<trkpt lat="44.541660" lon="3.077010">
						<ele>1256</ele>
						<time>2026-05-02T07:36:27Z</time>
					</trkpt>
					<trkpt lat="44.541750" lon="3.077050">
						<ele>1258</ele>
						<time>2026-05-02T07:36:40Z</time>
					</trkpt>
					<trkpt lat="44.541920" lon="3.077150">
						<ele>1260</ele>
						<time>2026-05-02T07:37:05Z</time>
					</trkpt>
					<trkpt lat="44.542170" lon="3.077220">
						<ele>1264</ele>
						<time>2026-05-02T07:37:39Z</time>
					</trkpt>
					<trkpt lat="44.542440" lon="3.077360">
						<ele>1269</ele>
						<time>2026-05-02T07:38:17Z</time>
					</trkpt>
					<trkpt lat="44.542570" lon="3.077440">
						<ele>1271</ele>
						<time>2026-05-02T07:38:36Z</time>
					</trkpt>
					<trkpt lat="44.542800" lon="3.077630">
						<ele>1273</ele>
						<time>2026-05-02T07:39:12Z</time>
					</trkpt>
					<trkpt lat="44.542930" lon="3.077710">
						<ele>1275</ele>
						<time>2026-05-02T07:39:30Z</time>
					</trkpt>
					<trkpt lat="44.543110" lon="3.077860">
						<ele>1276</ele>
						<time>2026-05-02T07:39:58Z</time>
					</trkpt>
					<trkpt lat="44.543790" lon="3.078380">
						<ele>1283</ele>
						<time>2026-05-02T07:41:42Z</time>
					</trkpt>
					<trkpt lat="44.543880" lon="3.078410">
						<ele>1285</ele>
						<time>2026-05-02T07:41:54Z</time>
					</trkpt>
					<trkpt lat="44.544070" lon="3.078520">
						<ele>1287</ele>
						<time>2026-05-02T07:42:22Z</time>
					</trkpt>
					<trkpt lat="44.544270" lon="3.078610">
						<ele>1289</ele>
						<time>2026-05-02T07:42:50Z</time>
					</trkpt>
					<trkpt lat="44.544580" lon="3.078680">
						<ele>1292</ele>
						<time>2026-05-02T07:43:31Z</time>
					</trkpt>
					<trkpt lat="44.544730" lon="3.078700">
						<ele>1294</ele>
						<time>2026-05-02T07:43:52Z</time>
					</trkpt>
					<trkpt lat="44.544980" lon="3.078690">
						<ele>1297</ele>
						<time>2026-05-02T07:44:25Z</time>
					</trkpt>
					<trkpt lat="44.545480" lon="3.078610">
						<ele>1300</ele>
						<time>2026-05-02T07:45:32Z</time>
					</trkpt>
					<trkpt lat="44.545700" lon="3.078600">
						<ele>1301</ele>
						<time>2026-05-02T07:46:01Z</time>
					</trkpt>
					<trkpt lat="44.545890" lon="3.078630">
						<ele>1302</ele>
						<time>2026-05-02T07:46:27Z</time>
					</trkpt>
					<trkpt lat="44.546060" lon="3.078630">
						<ele>1303</ele>
						<time>2026-05-02T07:46:50Z</time>
					</trkpt>
					<trkpt lat="44.546210" lon="3.078680">
						<ele>1304</ele>
						<time>2026-05-02T07:47:10Z</time>
					</trkpt>
					<trkpt lat="44.546470" lon="3.078820">
						<ele>1306</ele>
						<time>2026-05-02T07:47:47Z</time>
					</trkpt>
					<trkpt lat="44.546840" lon="3.079040">
						<ele>1307</ele>
						<time>2026-05-02T07:48:41Z</time>
					</trkpt>
					<trkpt lat="44.547170" lon="3.079110">
						<ele>1308</ele>
						<time>2026-05-02T07:49:26Z</time>
					</trkpt>
					<trkpt lat="44.548160" lon="3.079380">
						<ele>1308</ele>
						<time>2026-05-02T07:51:40Z</time>
					</trkpt>
					<trkpt lat="44.550220" lon="3.080270">
						<ele>1326</ele>
						<time>2026-05-02T07:56:28Z</time>
					</trkpt>
					<trkpt lat="44.550640" lon="3.080430">
						<ele>1331</ele>
						<time>2026-05-02T07:57:26Z</time>
					</trkpt>
					<trkpt lat="44.550810" lon="3.080440">
						<ele>1333</ele>
						<time>2026-05-02T07:57:49Z</time>
					</trkpt>
					<trkpt lat="44.551120" lon="3.080440">
						<ele>1338</ele>
						<time>2026-05-02T07:58:30Z</time>
					</trkpt>
					<trkpt lat="44.551270" lon="3.080320">
						<ele>1341</ele>
						<time>2026-05-02T07:58:53Z</time>
					</trkpt>
					<trkpt lat="44.551390" lon="3.080100">
						<ele>1343</ele>
						<time>2026-05-02T07:59:19Z</time>
					</trkpt>
					<trkpt lat="44.551590" lon="3.079100">
						<ele>1342</ele>
						<time>2026-05-02T08:00:58Z</time>
					</trkpt>
					<trkpt lat="44.551670" lon="3.077740">
						<ele>1334</ele>
						<time>2026-05-02T08:03:08Z</time>
					</trkpt>
					<trkpt lat="44.551830" lon="3.077260">
						<ele>1335</ele>
						<time>2026-05-02T08:03:58Z</time>
					</trkpt>
					<trkpt lat="44.552060" lon="3.076820">
						<ele>1336</ele>
						<time>2026-05-02T08:04:50Z</time>
					</trkpt>
					<trkpt lat="44.552530" lon="3.076310">
						<ele>1340</ele>
						<time>2026-05-02T08:06:09Z</time>
					</trkpt>
					<trkpt lat="44.552750" lon="3.076050">
						<ele>1341</ele>
						<time>2026-05-02T08:06:48Z</time>
					</trkpt>
					<trkpt lat="44.553010" lon="3.075770">
						<ele>1342</ele>
						<time>2026-05-02T08:07:32Z</time>
					</trkpt>
					<trkpt lat="44.553670" lon="3.074750">
						<ele>1340</ele>
						<time>2026-05-02T08:09:43Z</time>
					</trkpt>
					<trkpt lat="44.553990" lon="3.074340">
						<ele>1340</ele>
						<time>2026-05-02T08:10:40Z</time>
					</trkpt>
					<trkpt lat="44.554270" lon="3.074100">
						<ele>1341</ele>
						<time>2026-05-02T08:11:24Z</time>
					</trkpt>
					<trkpt lat="44.554440" lon="3.073830">
						<ele>1341</ele>
						<time>2026-05-02T08:11:58Z</time>
					</trkpt>
					<trkpt lat="44.554660" lon="3.073580">
						<ele>1342</ele>
						<time>2026-05-02T08:12:36Z</time>
					</trkpt>
					<trkpt lat="44.554920" lon="3.073180">
						<ele>1343</ele>
						<time>2026-05-02T08:13:28Z</time>
					</trkpt>
					<trkpt lat="44.555560" lon="3.071830">
						<ele>1344</ele>
						<time>2026-05-02T08:16:02Z</time>
					</trkpt>
					<trkpt lat="44.555870" lon="3.071370">
						<ele>1346</ele>
						<time>2026-05-02T08:17:02Z</time>
					</trkpt>
					<trkpt lat="44.556490" lon="3.071230">
						<ele>1352</ele>
						<time>2026-05-02T08:18:26Z</time>
					</trkpt>
					<trkpt lat="44.557030" lon="3.071290">
						<ele>1355</ele>
						<time>2026-05-02T08:19:38Z</time>
					</trkpt>
					<trkpt lat="44.557620" lon="3.071650">
						<ele>1358</ele>
						<time>2026-05-02T08:21:04Z</time>
					</trkpt>
					<trkpt lat="44.558220" lon="3.072180">
						<ele>1359</ele>
						<time>2026-05-02T08:22:39Z</time>
					</trkpt>
					<trkpt lat="44.558740" lon="3.072680">
						<ele>1359</ele>
						<time>2026-05-02T08:24:03Z</time>
					</trkpt>
					<trkpt lat="44.559120" lon="3.073290">
						<ele>1361</ele>
						<time>2026-05-02T08:25:20Z</time>
					</trkpt>
					<trkpt lat="44.559390" lon="3.073610">
						<ele>1362</ele>
						<time>2026-05-02T08:26:07Z</time>
					</trkpt>
					<trkpt lat="44.559650" lon="3.073760">
						<ele>1360</ele>
						<time>2026-05-02T08:26:44Z</time>
					</trkpt>
					<trkpt lat="44.559980" lon="3.074130">
						<ele>1360</ele>
						<time>2026-05-02T08:27:41Z</time>
					</trkpt>
					<trkpt lat="44.560120" lon="3.074390">
						<ele>1365</ele>
						<time>2026-05-02T08:28:12Z</time>
					</trkpt>
					<trkpt lat="44.560370" lon="3.074540">
						<ele>1367</ele>
						<time>2026-05-02T08:28:48Z</time>
					</trkpt>
					<trkpt lat="44.560530" lon="3.074660">
						<ele>1368</ele>
						<time>2026-05-02T08:29:12Z</time>
					</trkpt>
					<trkpt lat="44.560960" lon="3.074790">
						<ele>1370</ele>
						<time>2026-05-02T08:30:11Z</time>
					</trkpt>
					<trkpt lat="44.561100" lon="3.074730">
						<ele>1371</ele>
						<time>2026-05-02T08:30:31Z</time>
					</trkpt>
					<trkpt lat="44.561510" lon="3.074350">
						<ele>1373</ele>
						<time>2026-05-02T08:31:36Z</time>
					</trkpt>
					<trkpt lat="44.561720" lon="3.074220">
						<ele>1375</ele>
						<time>2026-05-02T08:32:07Z</time>
					</trkpt>
					<trkpt lat="44.561910" lon="3.074170">
						<ele>1378</ele>
						<time>2026-05-02T08:32:33Z</time>
					</trkpt>
					<trkpt lat="44.562340" lon="3.073760">
						<ele>1380</ele>
						<time>2026-05-02T08:33:42Z</time>
					</trkpt>
					<trkpt lat="44.562540" lon="3.073480">
						<ele>1381</ele>
						<time>2026-05-02T08:34:20Z</time>
					</trkpt>
					<trkpt lat="44.562650" lon="3.073380">
						<ele>1383</ele>
						<time>2026-05-02T08:34:37Z</time>
					</trkpt>
					<trkpt lat="44.562990" lon="3.072590">
						<ele>1385</ele>
						<time>2026-05-02T08:36:05Z</time>
					</trkpt>
					<trkpt lat="44.563170" lon="3.072230">
						<ele>1386</ele>
						<time>2026-05-02T08:36:47Z</time>
					</trkpt>
					<trkpt lat="44.563340" lon="3.072060">
						<ele>1389</ele>
						<time>2026-05-02T08:37:15Z</time>
					</trkpt>
					<trkpt lat="44.563530" lon="3.071470">
						<ele>1389</ele>
						<time>2026-05-02T08:38:16Z</time>
					</trkpt>
					<trkpt lat="44.563540" lon="3.071290">
						<ele>1389</ele>
						<time>2026-05-02T08:38:33Z</time>
					</trkpt>
					<trkpt lat="44.563610" lon="3.070970">
						<ele>1389</ele>
						<time>2026-05-02T08:39:05Z</time>
					</trkpt>
					<trkpt lat="44.563870" lon="3.070140">
						<ele>1394</ele>
						<time>2026-05-02T08:40:31Z</time>
					</trkpt>
					<trkpt lat="44.563920" lon="3.069550">
						<ele>1393</ele>
						<time>2026-05-02T08:41:28Z</time>
					</trkpt>
					<trkpt lat="44.563990" lon="3.069200">
						<ele>1393</ele>
						<time>2026-05-02T08:42:02Z</time>
					</trkpt>
					<trkpt lat="44.564160" lon="3.068780">
						<ele>1394</ele>
						<time>2026-05-02T08:42:48Z</time>
					</trkpt>
					<trkpt lat="44.564480" lon="3.068320">
						<ele>1396</ele>
						<time>2026-05-02T08:43:49Z</time>
					</trkpt>
					<trkpt lat="44.564610" lon="3.068200">
						<ele>1397</ele>
						<time>2026-05-02T08:44:10Z</time>
					</trkpt>
					<trkpt lat="44.564730" lon="3.068020">
						<ele>1397</ele>
						<time>2026-05-02T08:44:34Z</time>
					</trkpt>
					<trkpt lat="44.564870" lon="3.067870">
						<ele>1398</ele>
						<time>2026-05-02T08:44:57Z</time>
					</trkpt>
					<trkpt lat="44.565070" lon="3.067580">
						<ele>1398</ele>
						<time>2026-05-02T08:45:35Z</time>
					</trkpt>
					<trkpt lat="44.565140" lon="3.067510">
						<ele>1398</ele>
						<time>2026-05-02T08:45:47Z</time>
					</trkpt>
					<trkpt lat="44.565370" lon="3.067330">
						<ele>1399</ele>
						<time>2026-05-02T08:46:22Z</time>
					</trkpt>
					<trkpt lat="44.565420" lon="3.067310">
						<ele>1399</ele>
						<time>2026-05-02T08:46:29Z</time>
					</trkpt>
					<trkpt lat="44.565650" lon="3.067280">
						<ele>1401</ele>
						<time>2026-05-02T08:47:00Z</time>
					</trkpt>
					<trkpt lat="44.565760" lon="3.067200">
						<ele>1401</ele>
						<time>2026-05-02T08:47:16Z</time>
					</trkpt>
					<trkpt lat="44.565790" lon="3.067160">
						<ele>1401</ele>
						<time>2026-05-02T08:47:22Z</time>
					</trkpt>
					<trkpt lat="44.565840" lon="3.066990">
						<ele>1400</ele>
						<time>2026-05-02T08:47:39Z</time>
					</trkpt>
					<trkpt lat="44.565900" lon="3.066710">
						<ele>1398</ele>
						<time>2026-05-02T08:48:07Z</time>
					</trkpt>
					<trkpt lat="44.566300" lon="3.066490">
						<ele>1396</ele>
						<time>2026-05-02T08:49:04Z</time>
					</trkpt>
					<trkpt lat="44.566420" lon="3.066450">
						<ele>1395</ele>
						<time>2026-05-02T08:49:21Z</time>
					</trkpt>
					<trkpt lat="44.566620" lon="3.066450">
						<ele>1396</ele>
						<time>2026-05-02T08:49:48Z</time>
					</trkpt>
					<trkpt lat="44.566800" lon="3.066520">
						<ele>1397</ele>
						<time>2026-05-02T08:50:13Z</time>
					</trkpt>
					<trkpt lat="44.567150" lon="3.066700">
						<ele>1399</ele>
						<time>2026-05-02T08:51:02Z</time>
					</trkpt>
					<trkpt lat="44.567400" lon="3.066850">
						<ele>1401</ele>
						<time>2026-05-02T08:51:39Z</time>
					</trkpt>
					<trkpt lat="44.567440" lon="3.066870">
						<ele>1401</ele>
						<time>2026-05-02T08:51:44Z</time>
					</trkpt>
					<trkpt lat="44.567440" lon="3.066870">
						<ele>1401</ele>
						<time>2026-05-02T08:51:44Z</time>
					</trkpt>
					<trkpt lat="44.567470" lon="3.066880">
						<ele>1401</ele>
						<time>2026-05-02T08:51:48Z</time>
					</trkpt>
					<trkpt lat="44.567830" lon="3.067070">
						<ele>1402</ele>
						<time>2026-05-02T08:52:40Z</time>
					</trkpt>
					<trkpt lat="44.568270" lon="3.067270">
						<ele>1402</ele>
						<time>2026-05-02T08:53:41Z</time>
					</trkpt>
					<trkpt lat="44.568420" lon="3.067400">
						<ele>1402</ele>
						<time>2026-05-02T08:54:05Z</time>
					</trkpt>
					<trkpt lat="44.568560" lon="3.067560">
						<ele>1403</ele>
						<time>2026-05-02T08:54:29Z</time>
					</trkpt>
					<trkpt lat="44.568690" lon="3.067760">
						<ele>1406</ele>
						<time>2026-05-02T08:54:55Z</time>
					</trkpt>
					<trkpt lat="44.568800" lon="3.067860">
						<ele>1407</ele>
						<time>2026-05-02T08:55:12Z</time>
					</trkpt>
					<trkpt lat="44.568950" lon="3.067910">
						<ele>1406</ele>
						<time>2026-05-02T08:55:33Z</time>
					</trkpt>
					<trkpt lat="44.569260" lon="3.067940">
						<ele>1404</ele>
						<time>2026-05-02T08:56:14Z</time>
					</trkpt>
					<trkpt lat="44.569630" lon="3.067820">
						<ele>1402</ele>
						<time>2026-05-02T08:57:05Z</time>
					</trkpt>
					<trkpt lat="44.570060" lon="3.067700">
						<ele>1401</ele>
						<time>2026-05-02T08:58:03Z</time>
					</trkpt>
					<trkpt lat="44.570500" lon="3.067630">
						<ele>1401</ele>
						<time>2026-05-02T08:59:03Z</time>
					</trkpt>
					<trkpt lat="44.570920" lon="3.067530">
						<ele>1401</ele>
						<time>2026-05-02T08:59:59Z</time>
					</trkpt>
					<trkpt lat="44.571740" lon="3.067300">
						<ele>1399</ele>
						<time>2026-05-02T09:01:51Z</time>
					</trkpt>
					<trkpt lat="44.572090" lon="3.067160">
						<ele>1399</ele>
						<time>2026-05-02T09:02:40Z</time>
					</trkpt>
					<trkpt lat="44.572340" lon="3.066920">
						<ele>1398</ele>
						<time>2026-05-02T09:03:20Z</time>
					</trkpt>
					<trkpt lat="44.572980" lon="3.066380">
						<ele>1398</ele>
						<time>2026-05-02T09:05:00Z</time>
					</trkpt>
					<trkpt lat="44.573160" lon="3.066160">
						<ele>1397</ele>
						<time>2026-05-02T09:05:31Z</time>
					</trkpt>
					<trkpt lat="44.573250" lon="3.066130">
						<ele>1397</ele>
						<time>2026-05-02T09:05:44Z</time>
					</trkpt>
					<trkpt lat="44.573380" lon="3.066140">
						<ele>1398</ele>
						<time>2026-05-02T09:06:01Z</time>
					</trkpt>
					<trkpt lat="44.574010" lon="3.066360">
						<ele>1401</ele>
						<time>2026-05-02T09:07:28Z</time>
					</trkpt>
					<trkpt lat="44.574330" lon="3.066360">
						<ele>1401</ele>
						<time>2026-05-02T09:08:11Z</time>
					</trkpt>
					<trkpt lat="44.574800" lon="3.066390">
						<ele>1400</ele>
						<time>2026-05-02T09:09:13Z</time>
					</trkpt>
					<trkpt lat="44.575230" lon="3.066370">
						<ele>1397</ele>
						<time>2026-05-02T09:10:11Z</time>
					</trkpt>
					<trkpt lat="44.575640" lon="3.066300">
						<ele>1394</ele>
						<time>2026-05-02T09:11:06Z</time>
					</trkpt>
					<trkpt lat="44.575850" lon="3.066200">
						<ele>1392</ele>
						<time>2026-05-02T09:11:35Z</time>
					</trkpt>
					<trkpt lat="44.576510" lon="3.065810">
						<ele>1385</ele>
						<time>2026-05-02T09:13:11Z</time>
					</trkpt>
					<trkpt lat="44.576510" lon="3.065810">
						<ele>1385</ele>
						<time>2026-05-02T09:13:11Z</time>
					</trkpt>
					<trkpt lat="44.576540" lon="3.065790">
						<ele>1385</ele>
						<time>2026-05-02T09:13:15Z</time>
					</trkpt>
					<trkpt lat="44.576560" lon="3.065830">
						<ele>1385</ele>
						<time>2026-05-02T09:13:20Z</time>
					</trkpt>
					<trkpt lat="44.576560" lon="3.065830">
						<ele>1385</ele>
						<time>2026-05-02T09:13:20Z</time>
					</trkpt>
					<trkpt lat="44.576600" lon="3.065880">
						<ele>1385</ele>
						<time>2026-05-02T09:13:27Z</time>
					</trkpt>
					<trkpt lat="44.576620" lon="3.065970">
						<ele>1385</ele>
						<time>2026-05-02T09:13:36Z</time>
					</trkpt>
					<trkpt lat="44.576670" lon="3.066150">
						<ele>1385</ele>
						<time>2026-05-02T09:13:55Z</time>
					</trkpt>
					<trkpt lat="44.576660" lon="3.066290">
						<ele>1385</ele>
						<time>2026-05-02T09:14:08Z</time>
					</trkpt>
					<trkpt lat="44.576680" lon="3.066470">
						<ele>1385</ele>
						<time>2026-05-02T09:14:25Z</time>
					</trkpt>
					<trkpt lat="44.576660" lon="3.066290">
						<ele>1385</ele>
						<time>2026-05-02T09:14:43Z</time>
					</trkpt>
					<trkpt lat="44.576670" lon="3.066150">
						<ele>1385</ele>
						<time>2026-05-02T09:14:56Z</time>
					</trkpt>
					<trkpt lat="44.576620" lon="3.065970">
						<ele>1385</ele>
						<time>2026-05-02T09:15:14Z</time>
					</trkpt>
					<trkpt lat="44.576600" lon="3.065880">
						<ele>1385</ele>
						<time>2026-05-02T09:15:23Z</time>
					</trkpt>
					<trkpt lat="44.576560" lon="3.065830">
						<ele>1385</ele>
						<time>2026-05-02T09:15:31Z</time>
					</trkpt>
					<trkpt lat="44.576560" lon="3.065830">
						<ele>1385</ele>
						<time>2026-05-02T09:15:31Z</time>
					</trkpt>
					<trkpt lat="44.576540" lon="3.065790">
						<ele>1385</ele>
						<time>2026-05-02T09:15:35Z</time>
					</trkpt>
					<trkpt lat="44.577300" lon="3.064960">
						<ele>1378</ele>
						<time>2026-05-02T09:17:44Z</time>
					</trkpt>
					<trkpt lat="44.577970" lon="3.064190">
						<ele>1374</ele>
						<time>2026-05-02T09:19:39Z</time>
					</trkpt>
					<trkpt lat="44.577990" lon="3.064150">
						<ele>1374</ele>
						<time>2026-05-02T09:19:44Z</time>
					</trkpt>
					<trkpt lat="44.578020" lon="3.064070">
						<ele>1374</ele>
						<time>2026-05-02T09:19:53Z</time>
					</trkpt>
					<trkpt lat="44.578100" lon="3.064020">
						<ele>1373</ele>
						<time>2026-05-02T09:20:04Z</time>
					</trkpt>
					<trkpt lat="44.578190" lon="3.063940">
						<ele>1373</ele>
						<time>2026-05-02T09:20:19Z</time>
					</trkpt>
					<trkpt lat="44.578300" lon="3.063810">
						<ele>1373</ele>
						<time>2026-05-02T09:20:38Z</time>
					</trkpt>
					<trkpt lat="44.578380" lon="3.063640">
						<ele>1373</ele>
						<time>2026-05-02T09:20:57Z</time>
					</trkpt>
					<trkpt lat="44.578900" lon="3.062510">
						<ele>1370</ele>
						<time>2026-05-02T09:23:05Z</time>
					</trkpt>
					<trkpt lat="44.578980" lon="3.062330">
						<ele>1370</ele>
						<time>2026-05-02T09:23:25Z</time>
					</trkpt>
					<trkpt lat="44.579360" lon="3.061570">
						<ele>1368</ele>
						<time>2026-05-02T09:24:53Z</time>
					</trkpt>
					<trkpt lat="44.579570" lon="3.061230">
						<ele>1367</ele>
						<time>2026-05-02T09:25:36Z</time>
					</trkpt>
					<trkpt lat="44.579700" lon="3.061070">
						<ele>1366</ele>
						<time>2026-05-02T09:25:59Z</time>
					</trkpt>
					<trkpt lat="44.579910" lon="3.060870">
						<ele>1365</ele>
						<time>2026-05-02T09:26:33Z</time>
					</trkpt>
					<trkpt lat="44.580100" lon="3.060740">
						<ele>1365</ele>
						<time>2026-05-02T09:27:01Z</time>
					</trkpt>
					<trkpt lat="44.580580" lon="3.060390">
						<ele>1363</ele>
						<time>2026-05-02T09:28:14Z</time>
					</trkpt>
					<trkpt lat="44.581810" lon="3.059510">
						<ele>1363</ele>
						<time>2026-05-02T09:31:18Z</time>
					</trkpt>
					<trkpt lat="44.584020" lon="3.057890">
						<ele>1370</ele>
						<time>2026-05-02T09:36:50Z</time>
					</trkpt>
					<trkpt lat="44.584190" lon="3.057790">
						<ele>1370</ele>
						<time>2026-05-02T09:37:15Z</time>
					</trkpt>
					<trkpt lat="44.584640" lon="3.057530">
						<ele>1370</ele>
						<time>2026-05-02T09:38:20Z</time>
					</trkpt>
					<trkpt lat="44.584820" lon="3.057430">
						<ele>1370</ele>
						<time>2026-05-02T09:38:46Z</time>
					</trkpt>
					<trkpt lat="44.585050" lon="3.057280">
						<ele>1370</ele>
						<time>2026-05-02T09:39:20Z</time>
					</trkpt>
					<trkpt lat="44.586600" lon="3.056020">
						<ele>1365</ele>
						<time>2026-05-02T09:43:19Z</time>
					</trkpt>
					<trkpt lat="44.586760" lon="3.055870">
						<ele>1364</ele>
						<time>2026-05-02T09:43:44Z</time>
					</trkpt>
					<trkpt lat="44.587100" lon="3.055470">
						<ele>1362</ele>
						<time>2026-05-02T09:44:44Z</time>
					</trkpt>
					<trkpt lat="44.588160" lon="3.053950">
						<ele>1357</ele>
						<time>2026-05-02T09:48:06Z</time>
					</trkpt>
					<trkpt lat="44.589340" lon="3.052170">
						<ele>1352</ele>
						<time>2026-05-02T09:51:57Z</time>
					</trkpt>
					<trkpt lat="44.590140" lon="3.050970">
						<ele>1347</ele>
						<time>2026-05-02T09:54:33Z</time>
					</trkpt>
					<trkpt lat="44.590480" lon="3.050530">
						<ele>1345</ele>
						<time>2026-05-02T09:55:35Z</time>
					</trkpt>
					<trkpt lat="44.590630" lon="3.050310">
						<ele>1344</ele>
						<time>2026-05-02T09:56:04Z</time>
					</trkpt>
					<trkpt lat="44.590760" lon="3.050070">
						<ele>1342</ele>
						<time>2026-05-02T09:56:32Z</time>
					</trkpt>
					<trkpt lat="44.590930" lon="3.049670">
						<ele>1341</ele>
						<time>2026-05-02T09:57:17Z</time>
					</trkpt>
					<trkpt lat="44.592880" lon="3.044610">
						<ele>1319</ele>
						<time>2026-05-02T10:06:23Z</time>
					</trkpt>
					<trkpt lat="44.593520" lon="3.043120">
						<ele>1324</ele>
						<time>2026-05-02T10:09:09Z</time>
					</trkpt>
					<trkpt lat="44.594120" lon="3.041490">
						<ele>1326</ele>
						<time>2026-05-02T10:12:03Z</time>
					</trkpt>
					<trkpt lat="44.594780" lon="3.039660">
						<ele>1330</ele>
						<time>2026-05-02T10:15:18Z</time>
					</trkpt>
					<trkpt lat="44.595080" lon="3.038770">
						<ele>1333</ele>
						<time>2026-05-02T10:16:52Z</time>
					</trkpt>
					<trkpt lat="44.595550" lon="3.037300">
						<ele>1334</ele>
						<time>2026-05-02T10:19:25Z</time>
					</trkpt>
					<trkpt lat="44.596480" lon="3.034420">
						<ele>1346</ele>
						<time>2026-05-02T10:24:25Z</time>
					</trkpt>
					<trkpt lat="44.596670" lon="3.033820">
						<ele>1347</ele>
						<time>2026-05-02T10:25:28Z</time>
					</trkpt>
					<trkpt lat="44.596770" lon="3.033570">
						<ele>1347</ele>
						<time>2026-05-02T10:25:55Z</time>
					</trkpt>
					<trkpt lat="44.596870" lon="3.033370">
						<ele>1347</ele>
						<time>2026-05-02T10:26:18Z</time>
					</trkpt>
					<trkpt lat="44.597550" lon="3.032150">
						<ele>1344</ele>
						<time>2026-05-02T10:28:45Z</time>
					</trkpt>
					<trkpt lat="44.597660" lon="3.031960">
						<ele>1343</ele>
						<time>2026-05-02T10:29:09Z</time>
					</trkpt>
					<trkpt lat="44.597810" lon="3.031850">
						<ele>1342</ele>
						<time>2026-05-02T10:29:31Z</time>
					</trkpt>
					<trkpt lat="44.597930" lon="3.031800">
						<ele>1341</ele>
						<time>2026-05-02T10:29:48Z</time>
					</trkpt>
					<trkpt lat="44.598130" lon="3.031760">
						<ele>1340</ele>
						<time>2026-05-02T10:30:15Z</time>
					</trkpt>
					<trkpt lat="44.597930" lon="3.031800">
						<ele>1341</ele>
						<time>2026-05-02T10:30:42Z</time>
					</trkpt>
					<trkpt lat="44.597810" lon="3.031850">
						<ele>1342</ele>
						<time>2026-05-02T10:30:58Z</time>
					</trkpt>
					<trkpt lat="44.597660" lon="3.031960">
						<ele>1343</ele>
						<time>2026-05-02T10:31:21Z</time>
					</trkpt>
					<trkpt lat="44.597700" lon="3.031870">
						<ele>1342</ele>
						<time>2026-05-02T10:31:31Z</time>
					</trkpt>
					<trkpt lat="44.597700" lon="3.031870">
						<ele>1342</ele>
						<time>2026-05-02T10:31:31Z</time>
					</trkpt>
					<trkpt lat="44.597940" lon="3.031250">
						<ele>1340</ele>
						<time>2026-05-02T10:32:38Z</time>
					</trkpt>
					<trkpt lat="44.598130" lon="3.030640">
						<ele>1337</ele>
						<time>2026-05-02T10:33:41Z</time>
					</trkpt>
					<trkpt lat="44.598140" lon="3.030170">
						<ele>1336</ele>
						<time>2026-05-02T10:34:26Z</time>
					</trkpt>
					<trkpt lat="44.598250" lon="3.029570">
						<ele>1334</ele>
						<time>2026-05-02T10:35:25Z</time>
					</trkpt>
					<trkpt lat="44.598310" lon="3.028930">
						<ele>1333</ele>
						<time>2026-05-02T10:36:26Z</time>
					</trkpt>
					<trkpt lat="44.598340" lon="3.028450">
						<ele>1334</ele>
						<time>2026-05-02T10:37:12Z</time>
					</trkpt>
					<trkpt lat="44.598310" lon="3.027900">
						<ele>1334</ele>
						<time>2026-05-02T10:38:04Z</time>
					</trkpt>
					<trkpt lat="44.598030" lon="3.027050">
						<ele>1336</ele>
						<time>2026-05-02T10:39:33Z</time>
					</trkpt>
					<trkpt lat="44.597920" lon="3.026790">
						<ele>1337</ele>
						<time>2026-05-02T10:40:02Z</time>
					</trkpt>
					<trkpt lat="44.597610" lon="3.026050">
						<ele>1337</ele>
						<time>2026-05-02T10:41:24Z</time>
					</trkpt>
					<trkpt lat="44.597200" lon="3.024940">
						<ele>1338</ele>
						<time>2026-05-02T10:43:23Z</time>
					</trkpt>
					<trkpt lat="44.596990" lon="3.024600">
						<ele>1338</ele>
						<time>2026-05-02T10:44:05Z</time>
					</trkpt>
					<trkpt lat="44.596790" lon="3.024400">
						<ele>1339</ele>
						<time>2026-05-02T10:44:38Z</time>
					</trkpt>
					<trkpt lat="44.595910" lon="3.023920">
						<ele>1341</ele>
						<time>2026-05-02T10:46:44Z</time>
					</trkpt>
					<trkpt lat="44.595620" lon="3.023730">
						<ele>1341</ele>
						<time>2026-05-02T10:47:27Z</time>
					</trkpt>
					<trkpt lat="44.595620" lon="3.023730">
						<ele>1341</ele>
						<time>2026-05-02T10:47:27Z</time>
					</trkpt>
					<trkpt lat="44.595360" lon="3.023590">
						<ele>1342</ele>
						<time>2026-05-02T10:48:04Z</time>
					</trkpt>
					<trkpt lat="44.594860" lon="3.023390">
						<ele>1341</ele>
						<time>2026-05-02T10:49:13Z</time>
					</trkpt>
					<trkpt lat="44.594670" lon="3.023290">
						<ele>1340</ele>
						<time>2026-05-02T10:49:40Z</time>
					</trkpt>
					<trkpt lat="44.594000" lon="3.022810">
						<ele>1339</ele>
						<time>2026-05-02T10:51:21Z</time>
					</trkpt>
					<trkpt lat="44.593210" lon="3.022200">
						<ele>1339</ele>
						<time>2026-05-02T10:53:21Z</time>
					</trkpt>
					<trkpt lat="44.592830" lon="3.021900">
						<ele>1339</ele>
						<time>2026-05-02T10:54:19Z</time>
					</trkpt>
					<trkpt lat="44.592110" lon="3.021390">
						<ele>1339</ele>
						<time>2026-05-02T10:56:07Z</time>
					</trkpt>
					<trkpt lat="44.592250" lon="3.020820">
						<ele>1336</ele>
						<time>2026-05-02T10:57:04Z</time>
					</trkpt>
					<trkpt lat="44.592280" lon="3.020610">
						<ele>1335</ele>
						<time>2026-05-02T10:57:25Z</time>
					</trkpt>
					<trkpt lat="44.592130" lon="3.020490">
						<ele>1335</ele>
						<time>2026-05-02T10:57:48Z</time>
					</trkpt>
					<trkpt lat="44.591740" lon="3.020140">
						<ele>1335</ele>
						<time>2026-05-02T10:58:49Z</time>
					</trkpt>
					<trkpt lat="44.591720" lon="3.019910">
						<ele>1333</ele>
						<time>2026-05-02T10:59:11Z</time>
					</trkpt>
					<trkpt lat="44.591520" lon="3.019540">
						<ele>1332</ele>
						<time>2026-05-02T10:59:56Z</time>
					</trkpt>
					<trkpt lat="44.591370" lon="3.018770">
						<ele>1330</ele>
						<time>2026-05-02T11:01:11Z</time>
					</trkpt>
					<trkpt lat="44.591370" lon="3.018650">
						<ele>1329</ele>
						<time>2026-05-02T11:01:23Z</time>
					</trkpt>
					<trkpt lat="44.591540" lon="3.018260">
						<ele>1327</ele>
						<time>2026-05-02T11:02:06Z</time>
					</trkpt>
					<trkpt lat="44.591740" lon="3.017970">
						<ele>1325</ele>
						<time>2026-05-02T11:02:45Z</time>
					</trkpt>
					<trkpt lat="44.591900" lon="3.017790">
						<ele>1325</ele>
						<time>2026-05-02T11:03:12Z</time>
					</trkpt>
					<trkpt lat="44.592020" lon="3.017430">
						<ele>1325</ele>
						<time>2026-05-02T11:03:50Z</time>
					</trkpt>
					<trkpt lat="44.592390" lon="3.017160">
						<ele>1323</ele>
						<time>2026-05-02T11:04:45Z</time>
					</trkpt>
					<trkpt lat="44.592580" lon="3.016740">
						<ele>1322</ele>
						<time>2026-05-02T11:05:33Z</time>
					</trkpt>
					<trkpt lat="44.592630" lon="3.016220">
						<ele>1323</ele>
						<time>2026-05-02T11:06:23Z</time>
					</trkpt>
					<trkpt lat="44.592890" lon="3.015390">
						<ele>1320</ele>
						<time>2026-05-02T11:07:49Z</time>
					</trkpt>
					<trkpt lat="44.592760" lon="3.014940">
						<ele>1321</ele>
						<time>2026-05-02T11:08:35Z</time>
					</trkpt>
					<trkpt lat="44.592780" lon="3.014700">
						<ele>1319</ele>
						<time>2026-05-02T11:08:58Z</time>
					</trkpt>
					<trkpt lat="44.592690" lon="3.014470">
						<ele>1319</ele>
						<time>2026-05-02T11:09:23Z</time>
					</trkpt>
					<trkpt lat="44.592760" lon="3.014150">
						<ele>1316</ele>
						<time>2026-05-02T11:09:55Z</time>
					</trkpt>
					<trkpt lat="44.592720" lon="3.013940">
						<ele>1315</ele>
						<time>2026-05-02T11:10:15Z</time>
					</trkpt>
					<trkpt lat="44.592570" lon="3.013690">
						<ele>1314</ele>
						<time>2026-05-02T11:10:46Z</time>
					</trkpt>
					<trkpt lat="44.592400" lon="3.013300">
						<ele>1313</ele>
						<time>2026-05-02T11:11:30Z</time>
					</trkpt>
					<trkpt lat="44.592140" lon="3.012990">
						<ele>1312</ele>
						<time>2026-05-02T11:12:15Z</time>
					</trkpt>
					<trkpt lat="44.591890" lon="3.012730">
						<ele>1311</ele>
						<time>2026-05-02T11:12:57Z</time>
					</trkpt>
					<trkpt lat="44.591660" lon="3.012340">
						<ele>1309</ele>
						<time>2026-05-02T11:13:45Z</time>
					</trkpt>
					<trkpt lat="44.591600" lon="3.012040">
						<ele>1307</ele>
						<time>2026-05-02T11:14:15Z</time>
					</trkpt>
					<trkpt lat="44.591520" lon="3.011850">
						<ele>1306</ele>
						<time>2026-05-02T11:14:35Z</time>
					</trkpt>
					<trkpt lat="44.591440" lon="3.011450">
						<ele>1304</ele>
						<time>2026-05-02T11:15:15Z</time>
					</trkpt>
					<trkpt lat="44.591430" lon="3.011170">
						<ele>1303</ele>
						<time>2026-05-02T11:15:42Z</time>
					</trkpt>
					<trkpt lat="44.591490" lon="3.010770">
						<ele>1302</ele>
						<time>2026-05-02T11:16:20Z</time>
					</trkpt>
					<trkpt lat="44.591500" lon="3.010680">
						<ele>1302</ele>
						<time>2026-05-02T11:16:29Z</time>
					</trkpt>
					<trkpt lat="44.591510" lon="3.010600">
						<ele>1302</ele>
						<time>2026-05-02T11:16:37Z</time>
					</trkpt>
					<trkpt lat="44.591560" lon="3.010410">
						<ele>1301</ele>
						<time>2026-05-02T11:16:56Z</time>
					</trkpt>
					<trkpt lat="44.591670" lon="3.010240">
						<ele>1300</ele>
						<time>2026-05-02T11:17:18Z</time>
					</trkpt>
					<trkpt lat="44.591850" lon="3.009930">
						<ele>1301</ele>
						<time>2026-05-02T11:17:56Z</time>
					</trkpt>
					<trkpt lat="44.592000" lon="3.009690">
						<ele>1303</ele>
						<time>2026-05-02T11:18:26Z</time>
					</trkpt>
					<trkpt lat="44.592370" lon="3.009230">
						<ele>1307</ele>
						<time>2026-05-02T11:19:32Z</time>
					</trkpt>
					<trkpt lat="44.592880" lon="3.008560">
						<ele>1310</ele>
						<time>2026-05-02T11:21:05Z</time>
					</trkpt>
					<trkpt lat="44.593510" lon="3.007640">
						<ele>1315</ele>
						<time>2026-05-02T11:23:07Z</time>
					</trkpt>
					<trkpt lat="44.593700" lon="3.007260">
						<ele>1315</ele>
						<time>2026-05-02T11:23:51Z</time>
					</trkpt>
					<trkpt lat="44.593770" lon="3.007000">
						<ele>1315</ele>
						<time>2026-05-02T11:24:17Z</time>
					</trkpt>
					<trkpt lat="44.594100" lon="3.006220">
						<ele>1315</ele>
						<time>2026-05-02T11:25:43Z</time>
					</trkpt>
					<trkpt lat="44.594230" lon="3.005780">
						<ele>1315</ele>
						<time>2026-05-02T11:26:29Z</time>
					</trkpt>
					<trkpt lat="44.594430" lon="3.005400">
						<ele>1316</ele>
						<time>2026-05-02T11:27:14Z</time>
					</trkpt>
					<trkpt lat="44.594610" lon="3.004980">
						<ele>1317</ele>
						<time>2026-05-02T11:28:00Z</time>
					</trkpt>
					<trkpt lat="44.594690" lon="3.004330">
						<ele>1320</ele>
						<time>2026-05-02T11:29:03Z</time>
					</trkpt>
					<trkpt lat="44.594740" lon="3.003380">
						<ele>1321</ele>
						<time>2026-05-02T11:30:33Z</time>
					</trkpt>
					<trkpt lat="44.594830" lon="3.002510">
						<ele>1321</ele>
						<time>2026-05-02T11:31:57Z</time>
					</trkpt>
					<trkpt lat="44.594870" lon="3.001580">
						<ele>1319</ele>
						<time>2026-05-02T11:33:25Z</time>
					</trkpt>
					<trkpt lat="44.594880" lon="3.001190">
						<ele>1319</ele>
						<time>2026-05-02T11:34:03Z</time>
					</trkpt>
					<trkpt lat="44.595130" lon="3.000200">
						<ele>1319</ele>
						<time>2026-05-02T11:35:42Z</time>
					</trkpt>
					<trkpt lat="44.595500" lon="2.999290">
						<ele>1318</ele>
						<time>2026-05-02T11:37:22Z</time>
					</trkpt>
					<trkpt lat="44.595900" lon="2.998430">
						<ele>1321</ele>
						<time>2026-05-02T11:39:00Z</time>
					</trkpt>
					<trkpt lat="44.596320" lon="2.997720">
						<ele>1317</ele>
						<time>2026-05-02T11:40:27Z</time>
					</trkpt>
					<trkpt lat="44.596650" lon="2.996580">
						<ele>1315</ele>
						<time>2026-05-02T11:42:24Z</time>
					</trkpt>
					<trkpt lat="44.596970" lon="2.995230">
						<ele>1315</ele>
						<time>2026-05-02T11:44:39Z</time>
					</trkpt>
					<trkpt lat="44.597330" lon="2.994530">
						<ele>1315</ele>
						<time>2026-05-02T11:46:01Z</time>
					</trkpt>
					<trkpt lat="44.597650" lon="2.994000">
						<ele>1315</ele>
						<time>2026-05-02T11:47:08Z</time>
					</trkpt>
					<trkpt lat="44.598440" lon="2.992970">
						<ele>1315</ele>
						<time>2026-05-02T11:49:31Z</time>
					</trkpt>
					<trkpt lat="44.599040" lon="2.992060">
						<ele>1316</ele>
						<time>2026-05-02T11:51:29Z</time>
					</trkpt>
					<trkpt lat="44.599460" lon="2.991290">
						<ele>1314</ele>
						<time>2026-05-02T11:53:01Z</time>
					</trkpt>
					<trkpt lat="44.599700" lon="2.991190">
						<ele>1313</ele>
						<time>2026-05-02T11:53:35Z</time>
					</trkpt>
					<trkpt lat="44.599740" lon="2.991360">
						<ele>1313</ele>
						<time>2026-05-02T11:53:52Z</time>
					</trkpt>
					<trkpt lat="44.599810" lon="2.991600">
						<ele>1313</ele>
						<time>2026-05-02T11:54:16Z</time>
					</trkpt>
					<trkpt lat="44.599870" lon="2.991950">
						<ele>1311</ele>
						<time>2026-05-02T11:54:51Z</time>
					</trkpt>
					<trkpt lat="44.599940" lon="2.992150">
						<ele>1310</ele>
						<time>2026-05-02T11:55:12Z</time>
					</trkpt>
					<trkpt lat="44.600110" lon="2.992550">
						<ele>1307</ele>
						<time>2026-05-02T11:55:56Z</time>
					</trkpt>
					<trkpt lat="44.600410" lon="2.993190">
						<ele>1303</ele>
						<time>2026-05-02T11:57:09Z</time>
					</trkpt>
					<trkpt lat="44.600110" lon="2.992550">
						<ele>1307</ele>
						<time>2026-05-02T11:58:22Z</time>
					</trkpt>
					<trkpt lat="44.599940" lon="2.992150">
						<ele>1310</ele>
						<time>2026-05-02T11:59:06Z</time>
					</trkpt>
					<trkpt lat="44.599870" lon="2.991950">
						<ele>1311</ele>
						<time>2026-05-02T11:59:27Z</time>
					</trkpt>
					<trkpt lat="44.599810" lon="2.991600">
						<ele>1313</ele>
						<time>2026-05-02T12:00:01Z</time>
					</trkpt>
					<trkpt lat="44.599740" lon="2.991360">
						<ele>1313</ele>
						<time>2026-05-02T12:00:26Z</time>
					</trkpt>
					<trkpt lat="44.599700" lon="2.991190">
						<ele>1313</ele>
						<time>2026-05-02T12:00:43Z</time>
					</trkpt>
					<trkpt lat="44.599650" lon="2.990650">
						<ele>1313</ele>
						<time>2026-05-02T12:01:35Z</time>
					</trkpt>
					<trkpt lat="44.599600" lon="2.989560">
						<ele>1312</ele>
						<time>2026-05-02T12:03:19Z</time>
					</trkpt>
					<trkpt lat="44.599450" lon="2.987510">
						<ele>1311</ele>
						<time>2026-05-02T12:06:34Z</time>
					</trkpt>
					<trkpt lat="44.599190" lon="2.986530">
						<ele>1310</ele>
						<time>2026-05-02T12:08:14Z</time>
					</trkpt>
					<trkpt lat="44.598980" lon="2.985160">
						<ele>1307</ele>
						<time>2026-05-02T12:10:27Z</time>
					</trkpt>
					<trkpt lat="44.598750" lon="2.984370">
						<ele>1308</ele>
						<time>2026-05-02T12:11:48Z</time>
					</trkpt>
					<trkpt lat="44.597160" lon="2.982180">
						<ele>1304</ele>
						<time>2026-05-02T12:16:45Z</time>
					</trkpt>
					<trkpt lat="44.597070" lon="2.982100">
						<ele>1304</ele>
						<time>2026-05-02T12:16:59Z</time>
					</trkpt>
					<trkpt lat="44.596890" lon="2.981940">
						<ele>1303</ele>
						<time>2026-05-02T12:17:28Z</time>
					</trkpt>
					<trkpt lat="44.596580" lon="2.981650">
						<ele>1301</ele>
						<time>2026-05-02T12:18:17Z</time>
					</trkpt>
					<trkpt lat="44.595450" lon="2.980390">
						<ele>1304</ele>
						<time>2026-05-02T12:21:30Z</time>
					</trkpt>
					<trkpt lat="44.595150" lon="2.980230">
						<ele>1304</ele>
						<time>2026-05-02T12:22:13Z</time>
					</trkpt>
					<trkpt lat="44.594260" lon="2.979580">
						<ele>1306</ele>
						<time>2026-05-02T12:24:27Z</time>
					</trkpt>
					<trkpt lat="44.593460" lon="2.979120">
						<ele>1306</ele>
						<time>2026-05-02T12:26:22Z</time>
					</trkpt>
					<trkpt lat="44.592480" lon="2.978770">
						<ele>1303</ele>
						<time>2026-05-02T12:28:37Z</time>
					</trkpt>
					<trkpt lat="44.591930" lon="2.978670">
						<ele>1301</ele>
						<time>2026-05-02T12:29:51Z</time>
					</trkpt>
					<trkpt lat="44.591080" lon="2.978900">
						<ele>1299</ele>
						<time>2026-05-02T12:31:47Z</time>
					</trkpt>
					<trkpt lat="44.590150" lon="2.978970">
						<ele>1297</ele>
						<time>2026-05-02T12:33:51Z</time>
					</trkpt>
					<trkpt lat="44.588900" lon="2.979410">
						<ele>1293</ele>
						<time>2026-05-02T12:36:43Z</time>
					</trkpt>
					<trkpt lat="44.588420" lon="2.979470">
						<ele>1292</ele>
						<time>2026-05-02T12:37:47Z</time>
					</trkpt>
					<trkpt lat="44.587810" lon="2.979330">
						<ele>1290</ele>
						<time>2026-05-02T12:39:10Z</time>
					</trkpt>
					<trkpt lat="44.587340" lon="2.979050">
						<ele>1288</ele>
						<time>2026-05-02T12:40:18Z</time>
					</trkpt>
					<trkpt lat="44.586980" lon="2.978960">
						<ele>1287</ele>
						<time>2026-05-02T12:41:07Z</time>
					</trkpt>
					<trkpt lat="44.586850" lon="2.978860">
						<ele>1286</ele>
						<time>2026-05-02T12:41:26Z</time>
					</trkpt>
					<trkpt lat="44.586830" lon="2.978780">
						<ele>1286</ele>
						<time>2026-05-02T12:41:34Z</time>
					</trkpt>
					<trkpt lat="44.586560" lon="2.978380">
						<ele>1282</ele>
						<time>2026-05-02T12:42:27Z</time>
					</trkpt>
					<trkpt lat="44.586560" lon="2.978380">
						<ele>1282</ele>
						<time>2026-05-02T12:42:27Z</time>
					</trkpt>
					<trkpt lat="44.586220" lon="2.978020">
						<ele>1278</ele>
						<time>2026-05-02T12:43:24Z</time>
					</trkpt>
					<trkpt lat="44.583500" lon="2.974310">
						<ele>1271</ele>
						<time>2026-05-02T12:51:50Z</time>
					</trkpt>
					<trkpt lat="44.583080" lon="2.969990">
						<ele>1260</ele>
						<time>2026-05-02T12:58:44Z</time>
					</trkpt>
					<trkpt lat="44.582920" lon="2.968120">
						<ele>1253</ele>
						<time>2026-05-02T13:01:43Z</time>
					</trkpt>
					<trkpt lat="44.582960" lon="2.967690">
						<ele>1250</ele>
						<time>2026-05-02T13:02:24Z</time>
					</trkpt>
					<trkpt lat="44.583510" lon="2.964770">
						<ele>1234</ele>
						<time>2026-05-02T13:07:11Z</time>
					</trkpt>
					<trkpt lat="44.584190" lon="2.960940">
						<ele>1208</ele>
						<time>2026-05-02T13:13:26Z</time>
					</trkpt>
					<trkpt lat="44.584500" lon="2.959310">
						<ele>1199</ele>
						<time>2026-05-02T13:16:07Z</time>
					</trkpt>
					<trkpt lat="44.584690" lon="2.958860">
						<ele>1198</ele>
						<time>2026-05-02T13:16:57Z</time>
					</trkpt>
					<trkpt lat="44.584980" lon="2.957970">
						<ele>1194</ele>
						<time>2026-05-02T13:18:30Z</time>
					</trkpt>
					<trkpt lat="44.585160" lon="2.957320">
						<ele>1190</ele>
						<time>2026-05-02T13:19:36Z</time>
					</trkpt>
					<trkpt lat="44.585370" lon="2.956690">
						<ele>1184</ele>
						<time>2026-05-02T13:20:42Z</time>
					</trkpt>
					<trkpt lat="44.585690" lon="2.956210">
						<ele>1180</ele>
						<time>2026-05-02T13:21:44Z</time>
					</trkpt>
					<trkpt lat="44.585870" lon="2.955980">
						<ele>1179</ele>
						<time>2026-05-02T13:22:17Z</time>
					</trkpt>
					<trkpt lat="44.586090" lon="2.955820">
						<ele>1177</ele>
						<time>2026-05-02T13:22:50Z</time>
					</trkpt>
					<trkpt lat="44.586540" lon="2.955770">
						<ele>1178</ele>
						<time>2026-05-02T13:23:50Z</time>
					</trkpt>
					<trkpt lat="44.586680" lon="2.955660">
						<ele>1176</ele>
						<time>2026-05-02T13:24:12Z</time>
					</trkpt>
					<trkpt lat="44.586740" lon="2.955470">
						<ele>1173</ele>
						<time>2026-05-02T13:24:31Z</time>
					</trkpt>
					<trkpt lat="44.586650" lon="2.955340">
						<ele>1172</ele>
						<time>2026-05-02T13:24:49Z</time>
					</trkpt>
					<trkpt lat="44.586280" lon="2.955130">
						<ele>1168</ele>
						<time>2026-05-02T13:25:42Z</time>
					</trkpt>
					<trkpt lat="44.585370" lon="2.954820">
						<ele>1160</ele>
						<time>2026-05-02T13:27:47Z</time>
					</trkpt>
					<trkpt lat="44.585140" lon="2.954770">
						<ele>1159</ele>
						<time>2026-05-02T13:28:18Z</time>
					</trkpt>
					<trkpt lat="44.584950" lon="2.954730">
						<ele>1157</ele>
						<time>2026-05-02T13:28:44Z</time>
					</trkpt>
					<trkpt lat="44.584730" lon="2.954750">
						<ele>1155</ele>
						<time>2026-05-02T13:29:13Z</time>
					</trkpt>
					<trkpt lat="44.584740" lon="2.954670">
						<ele>1153</ele>
						<time>2026-05-02T13:29:21Z</time>
					</trkpt>
					<trkpt lat="44.584860" lon="2.954330">
						<ele>1149</ele>
						<time>2026-05-02T13:29:57Z</time>
					</trkpt>
					<trkpt lat="44.585010" lon="2.954160">
						<ele>1148</ele>
						<time>2026-05-02T13:30:22Z</time>
					</trkpt>
					<trkpt lat="44.585100" lon="2.953990">
						<ele>1146</ele>
						<time>2026-05-02T13:30:43Z</time>
					</trkpt>
					<trkpt lat="44.585100" lon="2.953750">
						<ele>1142</ele>
						<time>2026-05-02T13:31:05Z</time>
					</trkpt>
					<trkpt lat="44.584980" lon="2.953570">
						<ele>1138</ele>
						<time>2026-05-02T13:31:29Z</time>
					</trkpt>
					<trkpt lat="44.584720" lon="2.953100">
						<ele>1128</ele>
						<time>2026-05-02T13:32:25Z</time>
					</trkpt>
					<trkpt lat="44.584670" lon="2.952930">
						<ele>1126</ele>
						<time>2026-05-02T13:32:43Z</time>
					</trkpt>
					<trkpt lat="44.584610" lon="2.952690">
						<ele>1122</ele>
						<time>2026-05-02T13:33:07Z</time>
					</trkpt>
					<trkpt lat="44.584740" lon="2.952630">
						<ele>1122</ele>
						<time>2026-05-02T13:33:25Z</time>
					</trkpt>
					<trkpt lat="44.584820" lon="2.952600">
						<ele>1122</ele>
						<time>2026-05-02T13:33:36Z</time>
					</trkpt>
					<trkpt lat="44.585260" lon="2.952310">
						<ele>1120</ele>
						<time>2026-05-02T13:34:41Z</time>
					</trkpt>
					<trkpt lat="44.585530" lon="2.952220">
						<ele>1120</ele>
						<time>2026-05-02T13:35:18Z</time>
					</trkpt>
					<trkpt lat="44.585700" lon="2.952140">
						<ele>1119</ele>
						<time>2026-05-02T13:35:42Z</time>
					</trkpt>
					<trkpt lat="44.585750" lon="2.952090">
						<ele>1119</ele>
						<time>2026-05-02T13:35:50Z</time>
					</trkpt>
					<trkpt lat="44.585840" lon="2.952000">
						<ele>1118</ele>
						<time>2026-05-02T13:36:05Z</time>
					</trkpt>
					<trkpt lat="44.585600" lon="2.951730">
						<ele>1115</ele>
						<time>2026-05-02T13:36:46Z</time>
					</trkpt>
					<trkpt lat="44.585500" lon="2.951550">
						<ele>1113</ele>
						<time>2026-05-02T13:37:08Z</time>
					</trkpt>
					<trkpt lat="44.585430" lon="2.951510">
						<ele>1113</ele>
						<time>2026-05-02T13:37:18Z</time>
					</trkpt>
					<trkpt lat="44.585360" lon="2.951510">
						<ele>1113</ele>
						<time>2026-05-02T13:37:27Z</time>
					</trkpt>
					<trkpt lat="44.585290" lon="2.951420">
						<ele>1112</ele>
						<time>2026-05-02T13:37:40Z</time>
					</trkpt>
					<trkpt lat="44.585210" lon="2.951350">
						<ele>1111</ele>
						<time>2026-05-02T13:37:53Z</time>
					</trkpt>
					<trkpt lat="44.585160" lon="2.951230">
						<ele>1110</ele>
						<time>2026-05-02T13:38:06Z</time>
					</trkpt>
					<trkpt lat="44.585160" lon="2.951170">
						<ele>1110</ele>
						<time>2026-05-02T13:38:11Z</time>
					</trkpt>
					<trkpt lat="44.585170" lon="2.951120">
						<ele>1110</ele>
						<time>2026-05-02T13:38:16Z</time>
					</trkpt>
					<trkpt lat="44.585130" lon="2.951040">
						<ele>1109</ele>
						<time>2026-05-02T13:38:26Z</time>
					</trkpt>
					<trkpt lat="44.584970" lon="2.950820">
						<ele>1107</ele>
						<time>2026-05-02T13:38:56Z</time>
					</trkpt>
					<trkpt lat="44.585410" lon="2.950410">
						<ele>1103</ele>
						<time>2026-05-02T13:40:06Z</time>
					</trkpt>
					<trkpt lat="44.585490" lon="2.950290">
						<ele>1102</ele>
						<time>2026-05-02T13:40:22Z</time>
					</trkpt>
					<trkpt lat="44.585580" lon="2.950100">
						<ele>1100</ele>
						<time>2026-05-02T13:40:43Z</time>
					</trkpt>
					<trkpt lat="44.585710" lon="2.949910">
						<ele>1098</ele>
						<time>2026-05-02T13:41:08Z</time>
					</trkpt>
					<trkpt lat="44.585880" lon="2.949770">
						<ele>1097</ele>
						<time>2026-05-02T13:41:35Z</time>
					</trkpt>
					<trkpt lat="44.586020" lon="2.949720">
						<ele>1096</ele>
						<time>2026-05-02T13:41:54Z</time>
					</trkpt>
					<trkpt lat="44.586210" lon="2.949580">
						<ele>1094</ele>
						<time>2026-05-02T13:42:23Z</time>
					</trkpt>
					<trkpt lat="44.586400" lon="2.949490">
						<ele>1094</ele>
						<time>2026-05-02T13:42:49Z</time>
					</trkpt>
					<trkpt lat="44.586550" lon="2.949470">
						<ele>1093</ele>
						<time>2026-05-02T13:43:09Z</time>
					</trkpt>
					<trkpt lat="44.586660" lon="2.949360">
						<ele>1093</ele>
						<time>2026-05-02T13:43:27Z</time>
					</trkpt>
					<trkpt lat="44.586690" lon="2.949230">
						<ele>1091</ele>
						<time>2026-05-02T13:43:40Z</time>
					</trkpt>
					<trkpt lat="44.586740" lon="2.949090">
						<ele>1090</ele>
						<time>2026-05-02T13:43:55Z</time>
					</trkpt>
					<trkpt lat="44.586790" lon="2.948990">
						<ele>1089</ele>
						<time>2026-05-02T13:44:07Z</time>
					</trkpt>
					<trkpt lat="44.586790" lon="2.948990">
						<ele>1089</ele>
						<time>2026-05-02T13:44:07Z</time>
					</trkpt>
					<trkpt lat="44.586960" lon="2.948790">
						<ele>1086</ele>
						<time>2026-05-02T13:44:37Z</time>
					</trkpt>
					<trkpt lat="44.587150" lon="2.948680">
						<ele>1084</ele>
						<time>2026-05-02T13:45:04Z</time>
					</trkpt>
					<trkpt lat="44.587390" lon="2.948630">
						<ele>1083</ele>
						<time>2026-05-02T13:45:36Z</time>
					</trkpt>
					<trkpt lat="44.587670" lon="2.948660">
						<ele>1082</ele>
						<time>2026-05-02T13:46:14Z</time>
					</trkpt>
					<trkpt lat="44.587810" lon="2.948740">
						<ele>1083</ele>
						<time>2026-05-02T13:46:34Z</time>
					</trkpt>
					<trkpt lat="44.587980" lon="2.948630">
						<ele>1081</ele>
						<time>2026-05-02T13:46:59Z</time>
					</trkpt>
					<trkpt lat="44.588230" lon="2.948290">
						<ele>1079</ele>
						<time>2026-05-02T13:47:45Z</time>
					</trkpt>
					<trkpt lat="44.588230" lon="2.948170">
						<ele>1078</ele>
						<time>2026-05-02T13:47:57Z</time>
					</trkpt>
					<trkpt lat="44.588140" lon="2.947790">
						<ele>1076</ele>
						<time>2026-05-02T13:48:35Z</time>
					</trkpt>
					<trkpt lat="44.588050" lon="2.947610">
						<ele>1075</ele>
						<time>2026-05-02T13:48:56Z</time>
					</trkpt>
					<trkpt lat="44.588060" lon="2.947520">
						<ele>1074</ele>
						<time>2026-05-02T13:49:04Z</time>
					</trkpt>
					<trkpt lat="44.588090" lon="2.947410">
						<ele>1073</ele>
						<time>2026-05-02T13:49:16Z</time>
					</trkpt>
					<trkpt lat="44.588160" lon="2.947280">
						<ele>1073</ele>
						<time>2026-05-02T13:49:31Z</time>
					</trkpt>
					<trkpt lat="44.588160" lon="2.947280">
						<ele>1073</ele>
						<time>2026-05-02T13:49:31Z</time>
					</trkpt>
					<trkpt lat="44.588450" lon="2.947000">
						<ele>1068</ele>
						<time>2026-05-02T13:50:18Z</time>
					</trkpt>
					<trkpt lat="44.588560" lon="2.947020">
						<ele>1066</ele>
						<time>2026-05-02T13:50:33Z</time>
					</trkpt>
					<trkpt lat="44.588710" lon="2.947210">
						<ele>1064</ele>
						<time>2026-05-02T13:51:00Z</time>
					</trkpt>
					<trkpt lat="44.588750" lon="2.947350">
						<ele>1065</ele>
						<time>2026-05-02T13:51:14Z</time>
					</trkpt>
					<trkpt lat="44.588890" lon="2.947470">
						<ele>1064</ele>
						<time>2026-05-02T13:51:36Z</time>
					</trkpt>
					<trkpt lat="44.589120" lon="2.947570">
						<ele>1061</ele>
						<time>2026-05-02T13:52:08Z</time>
					</trkpt>
					<trkpt lat="44.589480" lon="2.947550">
						<ele>1052</ele>
						<time>2026-05-02T13:52:56Z</time>
					</trkpt>
					<trkpt lat="44.589720" lon="2.947510">
						<ele>1046</ele>
						<time>2026-05-02T13:53:29Z</time>
					</trkpt>
					<trkpt lat="44.589970" lon="2.947300">
						<ele>1035</ele>
						<time>2026-05-02T13:54:07Z</time>
					</trkpt>
					<trkpt lat="44.590230" lon="2.946800">
						<ele>1020</ele>
						<time>2026-05-02T13:55:06Z</time>
					</trkpt>
					<trkpt lat="44.590160" lon="2.946760">
						<ele>1020</ele>
						<time>2026-05-02T13:55:16Z</time>
					</trkpt>
					<trkpt lat="44.590050" lon="2.946650">
						<ele>1019</ele>
						<time>2026-05-02T13:55:34Z</time>
					</trkpt>
					<trkpt lat="44.589960" lon="2.946470">
						<ele>1018</ele>
						<time>2026-05-02T13:55:55Z</time>
					</trkpt>
					<trkpt lat="44.589900" lon="2.946320">
						<ele>1018</ele>
						<time>2026-05-02T13:56:12Z</time>
					</trkpt>
					<trkpt lat="44.589820" lon="2.946250">
						<ele>1019</ele>
						<time>2026-05-02T13:56:24Z</time>
					</trkpt>
					<trkpt lat="44.589820" lon="2.946250">
						<ele>1019</ele>
						<time>2026-05-02T13:56:24Z</time>
					</trkpt>
					<trkpt lat="44.589730" lon="2.946190">
						<ele>1021</ele>
						<time>2026-05-02T13:56:37Z</time>
					</trkpt>
					<trkpt lat="44.589610" lon="2.945940">
						<ele>1022</ele>
						<time>2026-05-02T13:57:06Z</time>
					</trkpt>
					<trkpt lat="44.589460" lon="2.945450">
						<ele>1020</ele>
						<time>2026-05-02T13:57:57Z</time>
					</trkpt>
					<trkpt lat="44.589350" lon="2.945040">
						<ele>1018</ele>
						<time>2026-05-02T13:58:38Z</time>
					</trkpt>
					<trkpt lat="44.589320" lon="2.944670">
						<ele>1014</ele>
						<time>2026-05-02T13:59:14Z</time>
					</trkpt>
					<trkpt lat="44.589280" lon="2.944450">
						<ele>1013</ele>
						<time>2026-05-02T13:59:35Z</time>
					</trkpt>
					<trkpt lat="44.589210" lon="2.944280">
						<ele>1012</ele>
						<time>2026-05-02T13:59:54Z</time>
					</trkpt>
					<trkpt lat="44.589110" lon="2.944120">
						<ele>1014</ele>
						<time>2026-05-02T14:00:14Z</time>
					</trkpt>
					<trkpt lat="44.589060" lon="2.943990">
						<ele>1016</ele>
						<time>2026-05-02T14:00:28Z</time>
					</trkpt>
					<trkpt lat="44.589080" lon="2.943800">
						<ele>1014</ele>
						<time>2026-05-02T14:00:47Z</time>
					</trkpt>
					<trkpt lat="44.589150" lon="2.943550">
						<ele>1010</ele>
						<time>2026-05-02T14:01:12Z</time>
					</trkpt>
					<trkpt lat="44.589150" lon="2.943310">
						<ele>1009</ele>
						<time>2026-05-02T14:01:35Z</time>
					</trkpt>
					<trkpt lat="44.589250" lon="2.942800">
						<ele>1003</ele>
						<time>2026-05-02T14:02:25Z</time>
					</trkpt>
					<trkpt lat="44.589330" lon="2.942320">
						<ele>999</ele>
						<time>2026-05-02T14:03:12Z</time>
					</trkpt>
					<trkpt lat="44.589460" lon="2.941920">
						<ele>995</ele>
						<time>2026-05-02T14:03:54Z</time>
					</trkpt>
					<trkpt lat="44.589770" lon="2.941140">
						<ele>983</ele>
						<time>2026-05-02T14:05:19Z</time>
					</trkpt>
					<trkpt lat="44.589910" lon="2.940760">
						<ele>976</ele>
						<time>2026-05-02T14:05:59Z</time>
					</trkpt>
					<trkpt lat="44.590080" lon="2.940500">
						<ele>969</ele>
						<time>2026-05-02T14:06:33Z</time>
					</trkpt>
					<trkpt lat="44.590210" lon="2.940320">
						<ele>963</ele>
						<time>2026-05-02T14:06:57Z</time>
					</trkpt>
					<trkpt lat="44.590230" lon="2.939990">
						<ele>961</ele>
						<time>2026-05-02T14:07:29Z</time>
					</trkpt>
					<trkpt lat="44.590350" lon="2.938670">
						<ele>942</ele>
						<time>2026-05-02T14:09:35Z</time>
					</trkpt>
					<trkpt lat="44.590400" lon="2.938010">
						<ele>931</ele>
						<time>2026-05-02T14:10:38Z</time>
					</trkpt>
					<trkpt lat="44.590420" lon="2.937390">
						<ele>922</ele>
						<time>2026-05-02T14:11:37Z</time>
					</trkpt>
					<trkpt lat="44.590390" lon="2.936770">
						<ele>915</ele>
						<time>2026-05-02T14:12:36Z</time>
					</trkpt>
					<trkpt lat="44.590330" lon="2.936180">
						<ele>908</ele>
						<time>2026-05-02T14:13:33Z</time>
					</trkpt>
					<trkpt lat="44.590340" lon="2.935890">
						<ele>905</ele>
						<time>2026-05-02T14:14:01Z</time>
					</trkpt>
					<trkpt lat="44.590340" lon="2.935890">
						<ele>905</ele>
						<time>2026-05-02T14:14:01Z</time>
					</trkpt>
					<trkpt lat="44.590270" lon="2.935210">
						<ele>898</ele>
						<time>2026-05-02T14:15:06Z</time>
					</trkpt>
					<trkpt lat="44.590230" lon="2.935100">
						<ele>898</ele>
						<time>2026-05-02T14:15:18Z</time>
					</trkpt>
					<trkpt lat="44.590120" lon="2.935070">
						<ele>899</ele>
						<time>2026-05-02T14:15:33Z</time>
					</trkpt>
					<trkpt lat="44.590070" lon="2.934990">
						<ele>900</ele>
						<time>2026-05-02T14:15:43Z</time>
					</trkpt>
					<trkpt lat="44.590070" lon="2.934760">
						<ele>898</ele>
						<time>2026-05-02T14:16:05Z</time>
					</trkpt>
					<trkpt lat="44.590190" lon="2.934450">
						<ele>893</ele>
						<time>2026-05-02T14:16:38Z</time>
					</trkpt>
					<trkpt lat="44.590190" lon="2.933660">
						<ele>888</ele>
						<time>2026-05-02T14:17:53Z</time>
					</trkpt>
					<trkpt lat="44.590190" lon="2.933300">
						<ele>885</ele>
						<time>2026-05-02T14:18:27Z</time>
					</trkpt>
					<trkpt lat="44.590030" lon="2.932320">
						<ele>876</ele>
						<time>2026-05-02T14:20:03Z</time>
					</trkpt>
					<trkpt lat="44.589950" lon="2.932060">
						<ele>874</ele>
						<time>2026-05-02T14:20:30Z</time>
					</trkpt>
					<trkpt lat="44.589800" lon="2.931830">
						<ele>876</ele>
						<time>2026-05-02T14:20:59Z</time>
					</trkpt>
					<trkpt lat="44.589790" lon="2.931770">
						<ele>875</ele>
						<time>2026-05-02T14:21:05Z</time>
					</trkpt>
					<trkpt lat="44.589820" lon="2.931280">
						<ele>870</ele>
						<time>2026-05-02T14:21:52Z</time>
					</trkpt>
					<trkpt lat="44.589810" lon="2.930940">
						<ele>870</ele>
						<time>2026-05-02T14:22:24Z</time>
					</trkpt>
					<trkpt lat="44.589720" lon="2.930370">
						<ele>874</ele>
						<time>2026-05-02T14:23:20Z</time>
					</trkpt>
					<trkpt lat="44.589730" lon="2.930180">
						<ele>874</ele>
						<time>2026-05-02T14:23:38Z</time>
					</trkpt>
					<trkpt lat="44.589910" lon="2.929510">
						<ele>865</ele>
						<time>2026-05-02T14:24:46Z</time>
					</trkpt>
					<trkpt lat="44.589880" lon="2.929140">
						<ele>865</ele>
						<time>2026-05-02T14:25:21Z</time>
					</trkpt>
					<trkpt lat="44.589820" lon="2.928700">
						<ele>861</ele>
						<time>2026-05-02T14:26:04Z</time>
					</trkpt>
					<trkpt lat="44.589590" lon="2.928330">
						<ele>868</ele>
						<time>2026-05-02T14:26:51Z</time>
					</trkpt>
					<trkpt lat="44.589560" lon="2.927810">
						<ele>866</ele>
						<time>2026-05-02T14:27:40Z</time>
					</trkpt>
					<trkpt lat="44.589520" lon="2.927290">
						<ele>864</ele>
						<time>2026-05-02T14:28:30Z</time>
					</trkpt>
					<trkpt lat="44.589510" lon="2.926490">
						<ele>857</ele>
						<time>2026-05-02T14:29:46Z</time>
					</trkpt>
					<trkpt lat="44.589430" lon="2.926100">
						<ele>856</ele>
						<time>2026-05-02T14:30:25Z</time>
					</trkpt>
					<trkpt lat="44.589290" lon="2.925230">
						<ele>849</ele>
						<time>2026-05-02T14:31:49Z</time>
					</trkpt>
					<trkpt lat="44.589160" lon="2.924540">
						<ele>842</ele>
						<time>2026-05-02T14:32:57Z</time>
					</trkpt>
					<trkpt lat="44.589100" lon="2.924180">
						<ele>838</ele>
						<time>2026-05-02T14:33:32Z</time>
					</trkpt>
					<trkpt lat="44.589120" lon="2.924060">
						<ele>834</ele>
						<time>2026-05-02T14:33:44Z</time>
					</trkpt>
					<trkpt lat="44.589100" lon="2.923920">
						<ele>832</ele>
						<time>2026-05-02T14:33:58Z</time>
					</trkpt>
					<trkpt lat="44.588940" lon="2.923360">
						<ele>827</ele>
						<time>2026-05-02T14:34:55Z</time>
					</trkpt>
					<trkpt lat="44.588810" lon="2.922980">
						<ele>824</ele>
						<time>2026-05-02T14:35:35Z</time>
					</trkpt>
					<trkpt lat="44.588760" lon="2.922790">
						<ele>821</ele>
						<time>2026-05-02T14:35:54Z</time>
					</trkpt>
					<trkpt lat="44.588750" lon="2.922640">
						<ele>818</ele>
						<time>2026-05-02T14:36:09Z</time>
					</trkpt>
					<trkpt lat="44.588750" lon="2.922470">
						<ele>814</ele>
						<time>2026-05-02T14:36:25Z</time>
					</trkpt>
					<trkpt lat="44.588730" lon="2.922300">
						<ele>812</ele>
						<time>2026-05-02T14:36:41Z</time>
					</trkpt>
					<trkpt lat="44.588680" lon="2.922160">
						<ele>811</ele>
						<time>2026-05-02T14:36:56Z</time>
					</trkpt>
					<trkpt lat="44.588580" lon="2.921980">
						<ele>810</ele>
						<time>2026-05-02T14:37:18Z</time>
					</trkpt>
					<trkpt lat="44.588580" lon="2.921930">
						<ele>809</ele>
						<time>2026-05-02T14:37:22Z</time>
					</trkpt>
					<trkpt lat="44.588590" lon="2.921920">
						<ele>809</ele>
						<time>2026-05-02T14:37:24Z</time>
					</trkpt>
					<trkpt lat="44.588610" lon="2.921910">
						<ele>808</ele>
						<time>2026-05-02T14:37:27Z</time>
					</trkpt>
					<trkpt lat="44.588640" lon="2.921930">
						<ele>808</ele>
						<time>2026-05-02T14:37:31Z</time>
					</trkpt>
					<trkpt lat="44.588850" lon="2.922220">
						<ele>807</ele>
						<time>2026-05-02T14:38:11Z</time>
					</trkpt>
					<trkpt lat="44.588890" lon="2.922240">
						<ele>807</ele>
						<time>2026-05-02T14:38:16Z</time>
					</trkpt>
					<trkpt lat="44.588940" lon="2.922210">
						<ele>805</ele>
						<time>2026-05-02T14:38:24Z</time>
					</trkpt>
					<trkpt lat="44.588960" lon="2.922170">
						<ele>804</ele>
						<time>2026-05-02T14:38:28Z</time>
					</trkpt>
					<trkpt lat="44.588960" lon="2.922100">
						<ele>803</ele>
						<time>2026-05-02T14:38:35Z</time>
					</trkpt>
					<trkpt lat="44.588940" lon="2.922060">
						<ele>803</ele>
						<time>2026-05-02T14:38:40Z</time>
					</trkpt>
					<trkpt lat="44.588890" lon="2.921900">
						<ele>802</ele>
						<time>2026-05-02T14:38:56Z</time>
					</trkpt>
					<trkpt lat="44.588830" lon="2.921720">
						<ele>801</ele>
						<time>2026-05-02T14:39:15Z</time>
					</trkpt>
					<trkpt lat="44.588840" lon="2.921630">
						<ele>800</ele>
						<time>2026-05-02T14:39:24Z</time>
					</trkpt>
					<trkpt lat="44.588870" lon="2.921580">
						<ele>800</ele>
						<time>2026-05-02T14:39:30Z</time>
					</trkpt>
					<trkpt lat="44.588970" lon="2.921460">
						<ele>798</ele>
						<time>2026-05-02T14:39:47Z</time>
					</trkpt>
					<trkpt lat="44.588990" lon="2.921430">
						<ele>797</ele>
						<time>2026-05-02T14:39:51Z</time>
					</trkpt>
					<trkpt lat="44.589040" lon="2.921420">
						<ele>797</ele>
						<time>2026-05-02T14:39:58Z</time>
					</trkpt>
					<trkpt lat="44.589130" lon="2.921450">
						<ele>795</ele>
						<time>2026-05-02T14:40:10Z</time>
					</trkpt>
					<trkpt lat="44.589490" lon="2.921520">
						<ele>799</ele>
						<time>2026-05-02T14:40:59Z</time>
					</trkpt>
					<trkpt lat="44.589590" lon="2.921470">
						<ele>801</ele>
						<time>2026-05-02T14:41:13Z</time>
					</trkpt>
					<trkpt lat="44.589670" lon="2.921290">
						<ele>802</ele>
						<time>2026-05-02T14:41:33Z</time>
					</trkpt>
					<trkpt lat="44.589700" lon="2.921280">
						<ele>803</ele>
						<time>2026-05-02T14:41:37Z</time>
					</trkpt>
					<trkpt lat="44.589720" lon="2.921280">
						<ele>803</ele>
						<time>2026-05-02T14:41:40Z</time>
					</trkpt>
					<trkpt lat="44.589800" lon="2.921380">
						<ele>804</ele>
						<time>2026-05-02T14:41:54Z</time>
					</trkpt>
					<trkpt lat="44.589850" lon="2.921390">
						<ele>804</ele>
						<time>2026-05-02T14:42:01Z</time>
					</trkpt>
					<trkpt lat="44.589870" lon="2.921390">
						<ele>805</ele>
						<time>2026-05-02T14:42:04Z</time>
					</trkpt>
					<trkpt lat="44.589920" lon="2.921370">
						<ele>805</ele>
						<time>2026-05-02T14:42:11Z</time>
					</trkpt>
					<trkpt lat="44.590100" lon="2.921190">
						<ele>809</ele>
						<time>2026-05-02T14:42:40Z</time>
					</trkpt>
					<trkpt lat="44.590150" lon="2.921100">
						<ele>811</ele>
						<time>2026-05-02T14:42:51Z</time>
					</trkpt>
					<trkpt lat="44.590300" lon="2.921080">
						<ele>815</ele>
						<time>2026-05-02T14:43:11Z</time>
					</trkpt>
					<trkpt lat="44.590320" lon="2.921090">
						<ele>815</ele>
						<time>2026-05-02T14:43:14Z</time>
					</trkpt>
					<trkpt lat="44.590370" lon="2.921110">
						<ele>816</ele>
						<time>2026-05-02T14:43:21Z</time>
					</trkpt>
					<trkpt lat="44.590410" lon="2.921430">
						<ele>815</ele>
						<time>2026-05-02T14:43:52Z</time>
					</trkpt>
					<trkpt lat="44.590470" lon="2.921570">
						<ele>815</ele>
						<time>2026-05-02T14:44:07Z</time>
					</trkpt>
					<trkpt lat="44.590520" lon="2.921700">
						<ele>815</ele>
						<time>2026-05-02T14:44:21Z</time>
					</trkpt>
					<trkpt lat="44.590630" lon="2.921690">
						<ele>817</ele>
						<time>2026-05-02T14:44:36Z</time>
					</trkpt>
					<trkpt lat="44.590920" lon="2.921660">
						<ele>824</ele>
						<time>2026-05-02T14:45:15Z</time>
					</trkpt>
					<trkpt lat="44.591050" lon="2.922400">
						<ele>823</ele>
						<time>2026-05-02T14:46:27Z</time>
					</trkpt>
					<trkpt lat="44.591060" lon="2.922470">
						<ele>823</ele>
						<time>2026-05-02T14:46:34Z</time>
					</trkpt>
					<trkpt lat="44.591060" lon="2.922490">
						<ele>823</ele>
						<time>2026-05-02T14:46:36Z</time>
					</trkpt>
					<trkpt lat="44.591080" lon="2.922650">
						<ele>822</ele>
						<time>2026-05-02T14:46:51Z</time>
					</trkpt>
					<trkpt lat="44.591100" lon="2.922790">
						<ele>822</ele>
						<time>2026-05-02T14:47:05Z</time>
					</trkpt>
					<trkpt lat="44.591100" lon="2.922900">
						<ele>821</ele>
						<time>2026-05-02T14:47:15Z</time>
					</trkpt>
					<trkpt lat="44.591130" lon="2.923420">
						<ele>817</ele>
						<time>2026-05-02T14:48:05Z</time>
					</trkpt>
					<trkpt lat="44.591240" lon="2.923700">
						<ele>817</ele>
						<time>2026-05-02T14:48:35Z</time>
					</trkpt>
					<trkpt lat="44.591370" lon="2.923940">
						<ele>818</ele>
						<time>2026-05-02T14:49:04Z</time>
					</trkpt>
					<trkpt lat="44.591480" lon="2.923960">
						<ele>820</ele>
						<time>2026-05-02T14:49:19Z</time>
					</trkpt>
					<trkpt lat="44.591610" lon="2.924040">
						<ele>822</ele>
						<time>2026-05-02T14:49:38Z</time>
					</trkpt>
					<trkpt lat="44.591890" lon="2.924390">
						<ele>826</ele>
						<time>2026-05-02T14:50:28Z</time>
					</trkpt>
					<trkpt lat="44.592210" lon="2.924760">
						<ele>833</ele>
						<time>2026-05-02T14:51:23Z</time>
					</trkpt>
					<trkpt lat="44.592400" lon="2.925060">
						<ele>837</ele>
						<time>2026-05-02T14:52:01Z</time>
					</trkpt>
					<trkpt lat="44.592450" lon="2.925200">
						<ele>838</ele>
						<time>2026-05-02T14:52:16Z</time>
					</trkpt>
					<trkpt lat="44.592480" lon="2.925350">
						<ele>839</ele>
						<time>2026-05-02T14:52:31Z</time>
					</trkpt>
					<trkpt lat="44.592510" lon="2.925490">
						<ele>839</ele>
						<time>2026-05-02T14:52:45Z</time>
					</trkpt>
					<trkpt lat="44.592740" lon="2.926570">
						<ele>847</ele>
						<time>2026-05-02T14:54:32Z</time>
					</trkpt>
					<trkpt lat="44.592890" lon="2.927270">
						<ele>851</ele>
						<time>2026-05-02T14:55:41Z</time>
					</trkpt>
					<trkpt lat="44.592970" lon="2.927640">
						<ele>853</ele>
						<time>2026-05-02T14:56:18Z</time>
					</trkpt>
					<trkpt lat="44.593220" lon="2.928130">
						<ele>860</ele>
						<time>2026-05-02T14:57:15Z</time>
					</trkpt>
					<trkpt lat="44.593240" lon="2.928370">
						<ele>859</ele>
						<time>2026-05-02T14:57:38Z</time>
					</trkpt>
					<trkpt lat="44.593250" lon="2.929040">
						<ele>861</ele>
						<time>2026-05-02T14:58:42Z</time>
					</trkpt>
					<trkpt lat="44.593370" lon="2.930180">
						<ele>865</ele>
						<time>2026-05-02T15:00:32Z</time>
					</trkpt>
					<trkpt lat="44.593440" lon="2.930730">
						<ele>867</ele>
						<time>2026-05-02T15:01:25Z</time>
					</trkpt>
					<trkpt lat="44.593540" lon="2.930930">
						<ele>871</ele>
						<time>2026-05-02T15:01:48Z</time>
					</trkpt>
					<trkpt lat="44.593650" lon="2.931130">
						<ele>875</ele>
						<time>2026-05-02T15:02:12Z</time>
					</trkpt>
					<trkpt lat="44.593740" lon="2.931380">
						<ele>878</ele>
						<time>2026-05-02T15:02:39Z</time>
					</trkpt>
					<trkpt lat="44.593960" lon="2.932130">
						<ele>884</ele>
						<time>2026-05-02T15:03:56Z</time>
					</trkpt>
					<trkpt lat="44.594080" lon="2.932710">
						<ele>886</ele>
						<time>2026-05-02T15:04:53Z</time>
					</trkpt>
					<trkpt lat="44.594080" lon="2.933130">
						<ele>882</ele>
						<time>2026-05-02T15:05:33Z</time>
					</trkpt>
					<trkpt lat="44.594070" lon="2.933280">
						<ele>880</ele>
						<time>2026-05-02T15:05:47Z</time>
					</trkpt>
					<trkpt lat="44.594100" lon="2.933730">
						<ele>876</ele>
						<time>2026-05-02T15:06:30Z</time>
					</trkpt>
					<trkpt lat="44.594140" lon="2.933920">
						<ele>875</ele>
						<time>2026-05-02T15:06:49Z</time>
					</trkpt>
					<trkpt lat="44.594320" lon="2.934150">
						<ele>880</ele>
						<time>2026-05-02T15:07:22Z</time>
					</trkpt>
					<trkpt lat="44.594440" lon="2.934460">
						<ele>883</ele>
						<time>2026-05-02T15:07:55Z</time>
					</trkpt>
					<trkpt lat="44.594430" lon="2.934600">
						<ele>882</ele>
						<time>2026-05-02T15:08:08Z</time>
					</trkpt>
					<trkpt lat="44.594440" lon="2.934880">
						<ele>881</ele>
						<time>2026-05-02T15:08:35Z</time>
					</trkpt>
					<trkpt lat="44.594490" lon="2.935080">
						<ele>881</ele>
						<time>2026-05-02T15:08:55Z</time>
					</trkpt>
					<trkpt lat="44.594610" lon="2.935260">
						<ele>885</ele>
						<time>2026-05-02T15:09:19Z</time>
					</trkpt>
					<trkpt lat="44.594780" lon="2.935440">
						<ele>889</ele>
						<time>2026-05-02T15:09:47Z</time>
					</trkpt>
					<trkpt lat="44.595080" lon="2.936250">
						<ele>895</ele>
						<time>2026-05-02T15:11:14Z</time>
					</trkpt>
					<trkpt lat="44.595190" lon="2.936470">
						<ele>898</ele>
						<time>2026-05-02T15:11:39Z</time>
					</trkpt>
					<trkpt lat="44.595400" lon="2.936860">
						<ele>903</ele>
						<time>2026-05-02T15:12:26Z</time>
					</trkpt>
					<trkpt lat="44.595430" lon="2.937040">
						<ele>904</ele>
						<time>2026-05-02T15:12:43Z</time>
					</trkpt>
					<trkpt lat="44.595680" lon="2.937250">
						<ele>911</ele>
						<time>2026-05-02T15:13:22Z</time>
					</trkpt>
					<trkpt lat="44.595750" lon="2.937470">
						<ele>914</ele>
						<time>2026-05-02T15:13:45Z</time>
					</trkpt>
					<trkpt lat="44.595810" lon="2.937750">
						<ele>915</ele>
						<time>2026-05-02T15:14:13Z</time>
					</trkpt>
					<trkpt lat="44.595880" lon="2.937880">
						<ele>917</ele>
						<time>2026-05-02T15:14:28Z</time>
					</trkpt>
					<trkpt lat="44.595830" lon="2.938300">
						<ele>915</ele>
						<time>2026-05-02T15:15:09Z</time>
					</trkpt>
					<trkpt lat="44.595960" lon="2.938980">
						<ele>922</ele>
						<time>2026-05-02T15:16:16Z</time>
					</trkpt>
					<trkpt lat="44.596040" lon="2.939040">
						<ele>924</ele>
						<time>2026-05-02T15:16:28Z</time>
					</trkpt>
					<trkpt lat="44.596200" lon="2.939200">
						<ele>930</ele>
						<time>2026-05-02T15:16:54Z</time>
					</trkpt>
					<trkpt lat="44.596280" lon="2.939320">
						<ele>932</ele>
						<time>2026-05-02T15:17:10Z</time>
					</trkpt>
					<trkpt lat="44.596570" lon="2.939650">
						<ele>942</ele>
						<time>2026-05-02T15:18:00Z</time>
					</trkpt>
					<trkpt lat="44.596820" lon="2.939960">
						<ele>950</ele>
						<time>2026-05-02T15:18:44Z</time>
					</trkpt>
					<trkpt lat="44.596960" lon="2.939990">
						<ele>953</ele>
						<time>2026-05-02T15:19:03Z</time>
					</trkpt>
					<trkpt lat="44.597100" lon="2.940130">
						<ele>957</ele>
						<time>2026-05-02T15:19:26Z</time>
					</trkpt>
					<trkpt lat="44.597280" lon="2.940450">
						<ele>963</ele>
						<time>2026-05-02T15:20:05Z</time>
					</trkpt>
					<trkpt lat="44.597390" lon="2.940750">
						<ele>967</ele>
						<time>2026-05-02T15:20:37Z</time>
					</trkpt>
					<trkpt lat="44.597540" lon="2.940910">
						<ele>971</ele>
						<time>2026-05-02T15:21:02Z</time>
					</trkpt>
					<trkpt lat="44.597630" lon="2.941030">
						<ele>973</ele>
						<time>2026-05-02T15:21:18Z</time>
					</trkpt>
					<trkpt lat="44.597670" lon="2.941170">
						<ele>974</ele>
						<time>2026-05-02T15:21:33Z</time>
					</trkpt>
					<trkpt lat="44.597720" lon="2.941260">
						<ele>975</ele>
						<time>2026-05-02T15:21:44Z</time>
					</trkpt>
					<trkpt lat="44.597800" lon="2.941460">
						<ele>977</ele>
						<time>2026-05-02T15:22:05Z</time>
					</trkpt>
					<trkpt lat="44.597870" lon="2.941740">
						<ele>978</ele>
						<time>2026-05-02T15:22:34Z</time>
					</trkpt>
					<trkpt lat="44.597870" lon="2.941740">
						<ele>978</ele>
						<time>2026-05-02T15:22:34Z</time>
					</trkpt>
					<trkpt lat="44.598000" lon="2.942290">
						<ele>977</ele>
						<time>2026-05-02T15:23:29Z</time>
					</trkpt>
					<trkpt lat="44.598000" lon="2.942290">
						<ele>977</ele>
						<time>2026-05-02T15:23:29Z</time>
					</trkpt>
					<trkpt lat="44.598010" lon="2.942600">
						<ele>975</ele>
						<time>2026-05-02T15:23:58Z</time>
					</trkpt>
					<trkpt lat="44.598050" lon="2.942830">
						<ele>975</ele>
						<time>2026-05-02T15:24:21Z</time>
					</trkpt>
					<trkpt lat="44.598140" lon="2.943140">
						<ele>976</ele>
						<time>2026-05-02T15:24:52Z</time>
					</trkpt>
					<trkpt lat="44.598240" lon="2.943350">
						<ele>978</ele>
						<time>2026-05-02T15:25:16Z</time>
					</trkpt>
					<trkpt lat="44.598560" lon="2.943880">
						<ele>983</ele>
						<time>2026-05-02T15:26:22Z</time>
					</trkpt>
					<trkpt lat="44.598960" lon="2.944450">
						<ele>989</ele>
						<time>2026-05-02T15:27:39Z</time>
					</trkpt>
					<trkpt lat="44.599320" lon="2.944780">
						<ele>994</ele>
						<time>2026-05-02T15:28:36Z</time>
					</trkpt>
					<trkpt lat="44.599650" lon="2.945160">
						<ele>999</ele>
						<time>2026-05-02T15:29:33Z</time>
					</trkpt>
					<trkpt lat="44.599930" lon="2.945540">
						<ele>1002</ele>
						<time>2026-05-02T15:30:25Z</time>
					</trkpt>
					<trkpt lat="44.600080" lon="2.945800">
						<ele>1003</ele>
						<time>2026-05-02T15:30:57Z</time>
					</trkpt>
					<trkpt lat="44.600310" lon="2.946150">
						<ele>1008</ele>
						<time>2026-05-02T15:31:42Z</time>
					</trkpt>
					<trkpt lat="44.600540" lon="2.946410">
						<ele>1011</ele>
						<time>2026-05-02T15:32:21Z</time>
					</trkpt>
					<trkpt lat="44.600800" lon="2.946670">
						<ele>1014</ele>
						<time>2026-05-02T15:33:04Z</time>
					</trkpt>
					<trkpt lat="44.601160" lon="2.947300">
						<ele>1020</ele>
						<time>2026-05-02T15:34:21Z</time>
					</trkpt>
					<trkpt lat="44.601350" lon="2.947450">
						<ele>1023</ele>
						<time>2026-05-02T15:34:50Z</time>
					</trkpt>
					<trkpt lat="44.601450" lon="2.947510">
						<ele>1024</ele>
						<time>2026-05-02T15:35:04Z</time>
					</trkpt>
					<trkpt lat="44.601590" lon="2.947570">
						<ele>1027</ele>
						<time>2026-05-02T15:35:24Z</time>
					</trkpt>
					<trkpt lat="44.601600" lon="2.947630">
						<ele>1029</ele>
						<time>2026-05-02T15:35:30Z</time>
					</trkpt>
					<trkpt lat="44.601550" lon="2.947800">
						<ele>1031</ele>
						<time>2026-05-02T15:35:47Z</time>
					</trkpt>
					<trkpt lat="44.601550" lon="2.947910">
						<ele>1034</ele>
						<time>2026-05-02T15:35:57Z</time>
					</trkpt>
					<trkpt lat="44.601570" lon="2.947980">
						<ele>1035</ele>
						<time>2026-05-02T15:36:05Z</time>
					</trkpt>
					<trkpt lat="44.601570" lon="2.948020">
						<ele>1036</ele>
						<time>2026-05-02T15:36:08Z</time>
					</trkpt>
					<trkpt lat="44.601150" lon="2.948170">
						<ele>1038</ele>
						<time>2026-05-02T15:37:06Z</time>
					</trkpt>
					<trkpt lat="44.600850" lon="2.948210">
						<ele>1039</ele>
						<time>2026-05-02T15:37:47Z</time>
					</trkpt>
					<trkpt lat="44.600620" lon="2.948280">
						<ele>1042</ele>
						<time>2026-05-02T15:38:18Z</time>
					</trkpt>
					<trkpt lat="44.600350" lon="2.948410">
						<ele>1045</ele>
						<time>2026-05-02T15:38:56Z</time>
					</trkpt>
					<trkpt lat="44.600230" lon="2.948410">
						<ele>1045</ele>
						<time>2026-05-02T15:39:12Z</time>
					</trkpt>
					<trkpt lat="44.600190" lon="2.948520">
						<ele>1046</ele>
						<time>2026-05-02T15:39:24Z</time>
					</trkpt>
					<trkpt lat="44.600150" lon="2.948590">
						<ele>1047</ele>
						<time>2026-05-02T15:39:32Z</time>
					</trkpt>
					<trkpt lat="44.600050" lon="2.948630">
						<ele>1047</ele>
						<time>2026-05-02T15:39:46Z</time>
					</trkpt>
					<trkpt lat="44.599940" lon="2.948780">
						<ele>1047</ele>
						<time>2026-05-02T15:40:07Z</time>
					</trkpt>
					<trkpt lat="44.599900" lon="2.948870">
						<ele>1047</ele>
						<time>2026-05-02T15:40:17Z</time>
					</trkpt>
					<trkpt lat="44.599870" lon="2.949100">
						<ele>1048</ele>
						<time>2026-05-02T15:40:39Z</time>
					</trkpt>
					<trkpt lat="44.599820" lon="2.949140">
						<ele>1048</ele>
						<time>2026-05-02T15:40:47Z</time>
					</trkpt>
					<trkpt lat="44.599800" lon="2.949170">
						<ele>1048</ele>
						<time>2026-05-02T15:40:50Z</time>
					</trkpt>
					<trkpt lat="44.599810" lon="2.949230">
						<ele>1047</ele>
						<time>2026-05-02T15:40:56Z</time>
					</trkpt>
					<trkpt lat="44.599850" lon="2.949310">
						<ele>1047</ele>
						<time>2026-05-02T15:41:06Z</time>
					</trkpt>
					<trkpt lat="44.600410" lon="2.949820">
						<ele>1054</ele>
						<time>2026-05-02T15:42:35Z</time>
					</trkpt>
					<trkpt lat="44.600620" lon="2.949930">
						<ele>1057</ele>
						<time>2026-05-02T15:43:05Z</time>
					</trkpt>
					<trkpt lat="44.600830" lon="2.950110">
						<ele>1062</ele>
						<time>2026-05-02T15:43:37Z</time>
					</trkpt>
					<trkpt lat="44.601030" lon="2.950350">
						<ele>1065</ele>
						<time>2026-05-02T15:44:13Z</time>
					</trkpt>
					<trkpt lat="44.601130" lon="2.950730">
						<ele>1067</ele>
						<time>2026-05-02T15:44:51Z</time>
					</trkpt>
					<trkpt lat="44.601200" lon="2.950920">
						<ele>1069</ele>
						<time>2026-05-02T15:45:11Z</time>
					</trkpt>
					<trkpt lat="44.601310" lon="2.951170">
						<ele>1073</ele>
						<time>2026-05-02T15:45:39Z</time>
					</trkpt>
					<trkpt lat="44.601350" lon="2.951300">
						<ele>1075</ele>
						<time>2026-05-02T15:45:53Z</time>
					</trkpt>
					<trkpt lat="44.601310" lon="2.951510">
						<ele>1075</ele>
						<time>2026-05-02T15:46:13Z</time>
					</trkpt>
					<trkpt lat="44.601320" lon="2.951750">
						<ele>1077</ele>
						<time>2026-05-02T15:46:36Z</time>
					</trkpt>
					<trkpt lat="44.601350" lon="2.951820">
						<ele>1078</ele>
						<time>2026-05-02T15:46:44Z</time>
					</trkpt>
					<trkpt lat="44.601480" lon="2.951800">
						<ele>1081</ele>
						<time>2026-05-02T15:47:01Z</time>
					</trkpt>
					<trkpt lat="44.601590" lon="2.951840">
						<ele>1084</ele>
						<time>2026-05-02T15:47:17Z</time>
					</trkpt>
					<trkpt lat="44.601670" lon="2.951900">
						<ele>1086</ele>
						<time>2026-05-02T15:47:29Z</time>
					</trkpt>
					<trkpt lat="44.601710" lon="2.951960">
						<ele>1087</ele>
						<time>2026-05-02T15:47:37Z</time>
					</trkpt>
					<trkpt lat="44.601710" lon="2.952050">
						<ele>1087</ele>
						<time>2026-05-02T15:47:45Z</time>
					</trkpt>
					<trkpt lat="44.601660" lon="2.952220">
						<ele>1088</ele>
						<time>2026-05-02T15:48:03Z</time>
					</trkpt>
					<trkpt lat="44.601650" lon="2.952280">
						<ele>1088</ele>
						<time>2026-05-02T15:48:08Z</time>
					</trkpt>
					<trkpt lat="44.601640" lon="2.952360">
						<ele>1088</ele>
						<time>2026-05-02T15:48:16Z</time>
					</trkpt>
					<trkpt lat="44.601660" lon="2.952510">
						<ele>1090</ele>
						<time>2026-05-02T15:48:31Z</time>
					</trkpt>
					<trkpt lat="44.601850" lon="2.952380">
						<ele>1092</ele>
						<time>2026-05-02T15:48:59Z</time>
					</trkpt>
					<trkpt lat="44.602080" lon="2.952150">
						<ele>1094</ele>
						<time>2026-05-02T15:49:37Z</time>
					</trkpt>
					<trkpt lat="44.602220" lon="2.951910">
						<ele>1094</ele>
						<time>2026-05-02T15:50:06Z</time>
					</trkpt>
					<trkpt lat="44.602290" lon="2.951820">
						<ele>1095</ele>
						<time>2026-05-02T15:50:19Z</time>
					</trkpt>
					<trkpt lat="44.602370" lon="2.951780">
						<ele>1096</ele>
						<time>2026-05-02T15:50:30Z</time>
					</trkpt>
					<trkpt lat="44.602470" lon="2.951750">
						<ele>1097</ele>
						<time>2026-05-02T15:50:44Z</time>
					</trkpt>
					<trkpt lat="44.602570" lon="2.951740">
						<ele>1098</ele>
						<time>2026-05-02T15:50:57Z</time>
					</trkpt>
					<trkpt lat="44.602570" lon="2.951850">
						<ele>1099</ele>
						<time>2026-05-02T15:51:07Z</time>
					</trkpt>
					<trkpt lat="44.602540" lon="2.951910">
						<ele>1099</ele>
						<time>2026-05-02T15:51:14Z</time>
					</trkpt>
					<trkpt lat="44.602330" lon="2.952160">
						<ele>1098</ele>
						<time>2026-05-02T15:51:51Z</time>
					</trkpt>
					<trkpt lat="44.602310" lon="2.952230">
						<ele>1098</ele>
						<time>2026-05-02T15:51:58Z</time>
					</trkpt>
					<trkpt lat="44.602310" lon="2.952310">
						<ele>1099</ele>
						<time>2026-05-02T15:52:06Z</time>
					</trkpt>
					<trkpt lat="44.602340" lon="2.952380">
						<ele>1100</ele>
						<time>2026-05-02T15:52:14Z</time>
					</trkpt>
					<trkpt lat="44.602430" lon="2.952460">
						<ele>1102</ele>
						<time>2026-05-02T15:52:28Z</time>
					</trkpt>
					<trkpt lat="44.602510" lon="2.952480">
						<ele>1103</ele>
						<time>2026-05-02T15:52:39Z</time>
					</trkpt>
					<trkpt lat="44.602560" lon="2.952510">
						<ele>1103</ele>
						<time>2026-05-02T15:52:46Z</time>
					</trkpt>
					<trkpt lat="44.602620" lon="2.952710">
						<ele>1106</ele>
						<time>2026-05-02T15:53:07Z</time>
					</trkpt>
					<trkpt lat="44.602730" lon="2.952860">
						<ele>1109</ele>
						<time>2026-05-02T15:53:27Z</time>
					</trkpt>
					<trkpt lat="44.602730" lon="2.953020">
						<ele>1111</ele>
						<time>2026-05-02T15:53:42Z</time>
					</trkpt>
					<trkpt lat="44.602860" lon="2.953530">
						<ele>1115</ele>
						<time>2026-05-02T15:54:34Z</time>
					</trkpt>
					<trkpt lat="44.602890" lon="2.953830">
						<ele>1116</ele>
						<time>2026-05-02T15:55:03Z</time>
					</trkpt>
					<trkpt lat="44.602840" lon="2.954020">
						<ele>1116</ele>
						<time>2026-05-02T15:55:22Z</time>
					</trkpt>
					<trkpt lat="44.603100" lon="2.954480">
						<ele>1118</ele>
						<time>2026-05-02T15:56:18Z</time>
					</trkpt>
					<trkpt lat="44.603170" lon="2.954740">
						<ele>1119</ele>
						<time>2026-05-02T15:56:44Z</time>
					</trkpt>
					<trkpt lat="44.603190" lon="2.954910">
						<ele>1119</ele>
						<time>2026-05-02T15:57:00Z</time>
					</trkpt>
					<trkpt lat="44.603350" lon="2.955210">
						<ele>1121</ele>
						<time>2026-05-02T15:57:36Z</time>
					</trkpt>
					<trkpt lat="44.603590" lon="2.955480">
						<ele>1123</ele>
						<time>2026-05-02T15:58:17Z</time>
					</trkpt>
					<trkpt lat="44.603990" lon="2.955670">
						<ele>1129</ele>
						<time>2026-05-02T15:59:13Z</time>
					</trkpt>
					<trkpt lat="44.604070" lon="2.955730">
						<ele>1130</ele>
						<time>2026-05-02T15:59:25Z</time>
					</trkpt>
					<trkpt lat="44.604140" lon="2.955710">
						<ele>1131</ele>
						<time>2026-05-02T15:59:35Z</time>
					</trkpt>
					<trkpt lat="44.604210" lon="2.955600">
						<ele>1133</ele>
						<time>2026-05-02T15:59:49Z</time>
					</trkpt>
					<trkpt lat="44.603990" lon="2.955120">
						<ele>1132</ele>
						<time>2026-05-02T16:00:43Z</time>
					</trkpt>
					<trkpt lat="44.603980" lon="2.954970">
						<ele>1132</ele>
						<time>2026-05-02T16:00:58Z</time>
					</trkpt>
					<trkpt lat="44.603990" lon="2.954910">
						<ele>1132</ele>
						<time>2026-05-02T16:01:03Z</time>
					</trkpt>
					<trkpt lat="44.604030" lon="2.954860">
						<ele>1132</ele>
						<time>2026-05-02T16:01:11Z</time>
					</trkpt>
					<trkpt lat="44.604150" lon="2.954800">
						<ele>1133</ele>
						<time>2026-05-02T16:01:28Z</time>
					</trkpt>
					<trkpt lat="44.604230" lon="2.954720">
						<ele>1134</ele>
						<time>2026-05-02T16:01:41Z</time>
					</trkpt>
					<trkpt lat="44.604330" lon="2.954680">
						<ele>1135</ele>
						<time>2026-05-02T16:01:55Z</time>
					</trkpt>
					<trkpt lat="44.604500" lon="2.954750">
						<ele>1139</ele>
						<time>2026-05-02T16:02:18Z</time>
					</trkpt>
					<trkpt lat="44.604580" lon="2.954910">
						<ele>1142</ele>
						<time>2026-05-02T16:02:37Z</time>
					</trkpt>
					<trkpt lat="44.604740" lon="2.955000">
						<ele>1145</ele>
						<time>2026-05-02T16:03:00Z</time>
					</trkpt>
					<trkpt lat="44.604950" lon="2.955150">
						<ele>1149</ele>
						<time>2026-05-02T16:03:31Z</time>
					</trkpt>
					<trkpt lat="44.605140" lon="2.955220">
						<ele>1151</ele>
						<time>2026-05-02T16:03:57Z</time>
					</trkpt>
					<trkpt lat="44.605350" lon="2.955250">
						<ele>1154</ele>
						<time>2026-05-02T16:04:26Z</time>
					</trkpt>
					<trkpt lat="44.605520" lon="2.955360">
						<ele>1157</ele>
						<time>2026-05-02T16:04:51Z</time>
					</trkpt>
					<trkpt lat="44.605550" lon="2.955490">
						<ele>1158</ele>
						<time>2026-05-02T16:05:04Z</time>
					</trkpt>
					<trkpt lat="44.605560" lon="2.955740">
						<ele>1159</ele>
						<time>2026-05-02T16:05:27Z</time>
					</trkpt>
					<trkpt lat="44.605460" lon="2.956000">
						<ele>1157</ele>
						<time>2026-05-02T16:05:55Z</time>
					</trkpt>
					<trkpt lat="44.605570" lon="2.956310">
						<ele>1160</ele>
						<time>2026-05-02T16:06:28Z</time>
					</trkpt>
					<trkpt lat="44.606070" lon="2.956740">
						<ele>1172</ele>
						<time>2026-05-02T16:07:47Z</time>
					</trkpt>
					<trkpt lat="44.606720" lon="2.957170">
						<ele>1183</ele>
						<time>2026-05-02T16:09:22Z</time>
					</trkpt>
					<trkpt lat="44.607460" lon="2.957400">
						<ele>1184</ele>
						<time>2026-05-02T16:11:04Z</time>
					</trkpt>
					<trkpt lat="44.607580" lon="2.957500">
						<ele>1185</ele>
						<time>2026-05-02T16:11:22Z</time>
					</trkpt>
					<trkpt lat="44.607760" lon="2.957840">
						<ele>1189</ele>
						<time>2026-05-02T16:12:02Z</time>
					</trkpt>
					<trkpt lat="44.607830" lon="2.958180">
						<ele>1192</ele>
						<time>2026-05-02T16:12:36Z</time>
					</trkpt>
					<trkpt lat="44.607920" lon="2.958340">
						<ele>1193</ele>
						<time>2026-05-02T16:12:55Z</time>
					</trkpt>
					<trkpt lat="44.608100" lon="2.958540">
						<ele>1194</ele>
						<time>2026-05-02T16:13:26Z</time>
					</trkpt>
					<trkpt lat="44.608370" lon="2.958710">
						<ele>1195</ele>
						<time>2026-05-02T16:14:06Z</time>
					</trkpt>
					<trkpt lat="44.608540" lon="2.958860">
						<ele>1197</ele>
						<time>2026-05-02T16:14:32Z</time>
					</trkpt>
					<trkpt lat="44.608690" lon="2.958920">
						<ele>1198</ele>
						<time>2026-05-02T16:14:53Z</time>
					</trkpt>
					<trkpt lat="44.608820" lon="2.959010">
						<ele>1200</ele>
						<time>2026-05-02T16:15:13Z</time>
					</trkpt>
					<trkpt lat="44.608930" lon="2.959140">
						<ele>1200</ele>
						<time>2026-05-02T16:15:32Z</time>
					</trkpt>
					<trkpt lat="44.609000" lon="2.959280">
						<ele>1200</ele>
						<time>2026-05-02T16:15:48Z</time>
					</trkpt>
					<trkpt lat="44.609110" lon="2.959370">
						<ele>1200</ele>
						<time>2026-05-02T16:16:05Z</time>
					</trkpt>
					<trkpt lat="44.609230" lon="2.959430">
						<ele>1199</ele>
						<time>2026-05-02T16:16:22Z</time>
					</trkpt>
					<trkpt lat="44.609350" lon="2.959370">
						<ele>1200</ele>
						<time>2026-05-02T16:16:39Z</time>
					</trkpt>
					<trkpt lat="44.609530" lon="2.959150">
						<ele>1202</ele>
						<time>2026-05-02T16:17:11Z</time>
					</trkpt>
					<trkpt lat="44.609720" lon="2.958990">
						<ele>1203</ele>
						<time>2026-05-02T16:17:40Z</time>
					</trkpt>
					<trkpt lat="44.610100" lon="2.958460">
						<ele>1207</ele>
						<time>2026-05-02T16:18:52Z</time>
					</trkpt>
					<trkpt lat="44.610250" lon="2.958290">
						<ele>1208</ele>
						<time>2026-05-02T16:19:18Z</time>
					</trkpt>
					<trkpt lat="44.610460" lon="2.958120">
						<ele>1210</ele>
						<time>2026-05-02T16:19:50Z</time>
					</trkpt>
					<trkpt lat="44.610910" lon="2.957880">
						<ele>1212</ele>
						<time>2026-05-02T16:20:54Z</time>
					</trkpt>
					<trkpt lat="44.610970" lon="2.957800">
						<ele>1212</ele>
						<time>2026-05-02T16:21:05Z</time>
					</trkpt>
					<trkpt lat="44.611000" lon="2.957650">
						<ele>1213</ele>
						<time>2026-05-02T16:21:20Z</time>
					</trkpt>
					<trkpt lat="44.610990" lon="2.957470">
						<ele>1215</ele>
						<time>2026-05-02T16:21:37Z</time>
					</trkpt>
					<trkpt lat="44.611010" lon="2.957290">
						<ele>1215</ele>
						<time>2026-05-02T16:21:54Z</time>
					</trkpt>
					<trkpt lat="44.611040" lon="2.957140">
						<ele>1215</ele>
						<time>2026-05-02T16:22:09Z</time>
					</trkpt>
					<trkpt lat="44.611100" lon="2.957020">
						<ele>1216</ele>
						<time>2026-05-02T16:22:23Z</time>
					</trkpt>
					<trkpt lat="44.611200" lon="2.956920">
						<ele>1216</ele>
						<time>2026-05-02T16:22:40Z</time>
					</trkpt>
					<trkpt lat="44.611450" lon="2.956790">
						<ele>1218</ele>
						<time>2026-05-02T16:23:15Z</time>
					</trkpt>
					<trkpt lat="44.611620" lon="2.956730">
						<ele>1218</ele>
						<time>2026-05-02T16:23:38Z</time>
					</trkpt>
					<trkpt lat="44.611820" lon="2.956680">
						<ele>1219</ele>
						<time>2026-05-02T16:24:06Z</time>
					</trkpt>
					<trkpt lat="44.611940" lon="2.956640">
						<ele>1220</ele>
						<time>2026-05-02T16:24:22Z</time>
					</trkpt>
					<trkpt lat="44.612260" lon="2.956570">
						<ele>1221</ele>
						<time>2026-05-02T16:25:05Z</time>
					</trkpt>
					<trkpt lat="44.612720" lon="2.956490">
						<ele>1223</ele>
						<time>2026-05-02T16:26:07Z</time>
					</trkpt>
					<trkpt lat="44.612860" lon="2.956450">
						<ele>1224</ele>
						<time>2026-05-02T16:26:26Z</time>
					</trkpt>
					<trkpt lat="44.613150" lon="2.956210">
						<ele>1225</ele>
						<time>2026-05-02T16:27:11Z</time>
					</trkpt>
					<trkpt lat="44.613690" lon="2.955880">
						<ele>1226</ele>
						<time>2026-05-02T16:28:30Z</time>
					</trkpt>
					<trkpt lat="44.614030" lon="2.955720">
						<ele>1226</ele>
						<time>2026-05-02T16:29:18Z</time>
					</trkpt>
					<trkpt lat="44.614670" lon="2.955430">
						<ele>1227</ele>
						<time>2026-05-02T16:30:47Z</time>
					</trkpt>
					<trkpt lat="44.615350" lon="2.955110">
						<ele>1228</ele>
						<time>2026-05-02T16:32:23Z</time>
					</trkpt>
					<trkpt lat="44.615810" lon="2.954870">
						<ele>1229</ele>
						<time>2026-05-02T16:33:28Z</time>
					</trkpt>
					<trkpt lat="44.616650" lon="2.954490">
						<ele>1231</ele>
						<time>2026-05-02T16:35:26Z</time>
					</trkpt>
					<trkpt lat="44.616770" lon="2.954440">
						<ele>1232</ele>
						<time>2026-05-02T16:35:43Z</time>
					</trkpt>
					<trkpt lat="44.617000" lon="2.954320">
						<ele>1235</ele>
						<time>2026-05-02T16:36:16Z</time>
					</trkpt>
					<trkpt lat="44.617190" lon="2.954120">
						<ele>1236</ele>
						<time>2026-05-02T16:36:47Z</time>
					</trkpt>
					<trkpt lat="44.617580" lon="2.953540">
						<ele>1233</ele>
						<time>2026-05-02T16:38:03Z</time>
					</trkpt>
					<trkpt lat="44.617760" lon="2.953300">
						<ele>1232</ele>
						<time>2026-05-02T16:38:36Z</time>
					</trkpt>
					<trkpt lat="44.617910" lon="2.953150">
						<ele>1231</ele>
						<time>2026-05-02T16:39:01Z</time>
					</trkpt>
					<trkpt lat="44.618070" lon="2.953060">
						<ele>1232</ele>
						<time>2026-05-02T16:39:24Z</time>
					</trkpt>
					<trkpt lat="44.618200" lon="2.953020">
						<ele>1234</ele>
						<time>2026-05-02T16:39:42Z</time>
					</trkpt>
					<trkpt lat="44.618280" lon="2.953010">
						<ele>1235</ele>
						<time>2026-05-02T16:39:52Z</time>
					</trkpt>
					<trkpt lat="44.618350" lon="2.953090">
						<ele>1237</ele>
						<time>2026-05-02T16:40:04Z</time>
					</trkpt>
					<trkpt lat="44.618660" lon="2.952860">
						<ele>1233</ele>
						<time>2026-05-02T16:40:51Z</time>
					</trkpt>
					<trkpt lat="44.618980" lon="2.952550">
						<ele>1231</ele>
						<time>2026-05-02T16:41:43Z</time>
					</trkpt>
					<trkpt lat="44.619210" lon="2.952230">
						<ele>1230</ele>
						<time>2026-05-02T16:42:26Z</time>
					</trkpt>
					<trkpt lat="44.619360" lon="2.952180">
						<ele>1230</ele>
						<time>2026-05-02T16:42:47Z</time>
					</trkpt>
					<trkpt lat="44.619390" lon="2.952160">
						<ele>1230</ele>
						<time>2026-05-02T16:42:51Z</time>
					</trkpt>
					<trkpt lat="44.619610" lon="2.951900">
						<ele>1231</ele>
						<time>2026-05-02T16:43:30Z</time>
					</trkpt>
					<trkpt lat="44.619760" lon="2.951540">
						<ele>1232</ele>
						<time>2026-05-02T16:44:09Z</time>
					</trkpt>
					<trkpt lat="44.619800" lon="2.951620">
						<ele>1232</ele>
						<time>2026-05-02T16:44:18Z</time>
					</trkpt>
					<trkpt lat="44.619830" lon="2.951690">
						<ele>1232</ele>
						<time>2026-05-02T16:44:26Z</time>
					</trkpt>
					<trkpt lat="44.619830" lon="2.951690">
						<ele>1232</ele>
						<time>2026-05-02T16:44:26Z</time>
					</trkpt>
					<trkpt lat="44.619850" lon="2.951780">
						<ele>1232</ele>
						<time>2026-05-02T16:44:35Z</time>
					</trkpt>
					<trkpt lat="44.619880" lon="2.952090">
						<ele>1231</ele>
						<time>2026-05-02T16:45:05Z</time>
					</trkpt>
					<trkpt lat="44.619960" lon="2.952450">
						<ele>1230</ele>
						<time>2026-05-02T16:45:41Z</time>
					</trkpt>
					<trkpt lat="44.620010" lon="2.952620">
						<ele>1230</ele>
						<time>2026-05-02T16:45:58Z</time>
					</trkpt>
					<trkpt lat="44.620060" lon="2.952780">
						<ele>1231</ele>
						<time>2026-05-02T16:46:15Z</time>
					</trkpt>
					<trkpt lat="44.620190" lon="2.953110">
						<ele>1232</ele>
						<time>2026-05-02T16:46:51Z</time>
					</trkpt>
					<trkpt lat="44.620480" lon="2.953670">
						<ele>1233</ele>
						<time>2026-05-02T16:47:56Z</time>
					</trkpt>
					<trkpt lat="44.620610" lon="2.953580">
						<ele>1232</ele>
						<time>2026-05-02T16:48:16Z</time>
					</trkpt>
					<trkpt lat="44.620920" lon="2.953400">
						<ele>1228</ele>
						<time>2026-05-02T16:49:00Z</time>
					</trkpt>
					<trkpt lat="44.621050" lon="2.953590">
						<ele>1228</ele>
						<time>2026-05-02T16:49:26Z</time>
					</trkpt>
					<trkpt lat="44.621470" lon="2.953930">
						<ele>1223</ele>
						<time>2026-05-02T16:50:30Z</time>
					</trkpt>
					<trkpt lat="44.621660" lon="2.954080">
						<ele>1220</ele>
						<time>2026-05-02T16:50:59Z</time>
					</trkpt>
					<trkpt lat="44.621860" lon="2.954320">
						<ele>1217</ele>
						<time>2026-05-02T16:51:34Z</time>
					</trkpt>
					<trkpt lat="44.622050" lon="2.954610">
						<ele>1215</ele>
						<time>2026-05-02T16:52:12Z</time>
					</trkpt>
					<trkpt lat="44.622310" lon="2.954950">
						<ele>1212</ele>
						<time>2026-05-02T16:52:59Z</time>
					</trkpt>
					<trkpt lat="44.622430" lon="2.955160">
						<ele>1211</ele>
						<time>2026-05-02T16:53:25Z</time>
					</trkpt>
					<trkpt lat="44.622510" lon="2.955410">
						<ele>1211</ele>
						<time>2026-05-02T16:53:51Z</time>
					</trkpt>
					<trkpt lat="44.622780" lon="2.955850">
						<ele>1206</ele>
						<time>2026-05-02T16:54:46Z</time>
					</trkpt>
					<trkpt lat="44.623020" lon="2.956330">
						<ele>1204</ele>
						<time>2026-05-02T16:55:42Z</time>
					</trkpt>
					<trkpt lat="44.623150" lon="2.956520">
						<ele>1202</ele>
						<time>2026-05-02T16:56:07Z</time>
					</trkpt>
					<trkpt lat="44.623420" lon="2.956800">
						<ele>1200</ele>
						<time>2026-05-02T16:56:52Z</time>
					</trkpt>
					<trkpt lat="44.623650" lon="2.956920">
						<ele>1199</ele>
						<time>2026-05-02T16:57:24Z</time>
					</trkpt>
					<trkpt lat="44.623810" lon="2.956920">
						<ele>1196</ele>
						<time>2026-05-02T16:57:46Z</time>
					</trkpt>
					<trkpt lat="44.624000" lon="2.956980">
						<ele>1194</ele>
						<time>2026-05-02T16:58:12Z</time>
					</trkpt>
					<trkpt lat="44.624200" lon="2.957160">
						<ele>1192</ele>
						<time>2026-05-02T16:58:43Z</time>
					</trkpt>
					<trkpt lat="44.624400" lon="2.957290">
						<ele>1190</ele>
						<time>2026-05-02T16:59:13Z</time>
					</trkpt>
					<trkpt lat="44.624780" lon="2.957610">
						<ele>1188</ele>
						<time>2026-05-02T17:00:12Z</time>
					</trkpt>
					<trkpt lat="44.624920" lon="2.957670">
						<ele>1187</ele>
						<time>2026-05-02T17:00:31Z</time>
					</trkpt>
					<trkpt lat="44.625010" lon="2.957690">
						<ele>1186</ele>
						<time>2026-05-02T17:00:44Z</time>
					</trkpt>
					<trkpt lat="44.625030" lon="2.957600">
						<ele>1185</ele>
						<time>2026-05-02T17:00:53Z</time>
					</trkpt>
					<trkpt lat="44.625040" lon="2.957430">
						<ele>1183</ele>
						<time>2026-05-02T17:01:09Z</time>
					</trkpt>
					<trkpt lat="44.624990" lon="2.956780">
						<ele>1179</ele>
						<time>2026-05-02T17:02:11Z</time>
					</trkpt>
					<trkpt lat="44.624940" lon="2.956480">
						<ele>1177</ele>
						<time>2026-05-02T17:02:40Z</time>
					</trkpt>
					<trkpt lat="44.624910" lon="2.956120">
						<ele>1174</ele>
						<time>2026-05-02T17:03:14Z</time>
					</trkpt>
					<trkpt lat="44.624940" lon="2.955940">
						<ele>1172</ele>
						<time>2026-05-02T17:03:32Z</time>
					</trkpt>
					<trkpt lat="44.625080" lon="2.955920">
						<ele>1172</ele>
						<time>2026-05-02T17:03:51Z</time>
					</trkpt>
					<trkpt lat="44.625150" lon="2.955790">
						<ele>1171</ele>
						<time>2026-05-02T17:04:06Z</time>
					</trkpt>
					<trkpt lat="44.625140" lon="2.955610">
						<ele>1171</ele>
						<time>2026-05-02T17:04:23Z</time>
					</trkpt>
					<trkpt lat="44.625120" lon="2.955510">
						<ele>1170</ele>
						<time>2026-05-02T17:04:33Z</time>
					</trkpt>
					<trkpt lat="44.625250" lon="2.955390">
						<ele>1172</ele>
						<time>2026-05-02T17:04:54Z</time>
					</trkpt>
					<trkpt lat="44.625140" lon="2.955130">
						<ele>1169</ele>
						<time>2026-05-02T17:05:23Z</time>
					</trkpt>
					<trkpt lat="44.625040" lon="2.954850">
						<ele>1167</ele>
						<time>2026-05-02T17:05:53Z</time>
					</trkpt>
					<trkpt lat="44.625100" lon="2.954410">
						<ele>1168</ele>
						<time>2026-05-02T17:06:35Z</time>
					</trkpt>
					<trkpt lat="44.625210" lon="2.954020">
						<ele>1169</ele>
						<time>2026-05-02T17:07:15Z</time>
					</trkpt>
					<trkpt lat="44.625240" lon="2.953360">
						<ele>1165</ele>
						<time>2026-05-02T17:08:18Z</time>
					</trkpt>
					<trkpt lat="44.625220" lon="2.953050">
						<ele>1163</ele>
						<time>2026-05-02T17:08:47Z</time>
					</trkpt>
					<trkpt lat="44.625240" lon="2.952920">
						<ele>1162</ele>
						<time>2026-05-02T17:09:00Z</time>
					</trkpt>
					<trkpt lat="44.625310" lon="2.952760">
						<ele>1163</ele>
						<time>2026-05-02T17:09:18Z</time>
					</trkpt>
					<trkpt lat="44.625350" lon="2.952580">
						<ele>1163</ele>
						<time>2026-05-02T17:09:36Z</time>
					</trkpt>
					<trkpt lat="44.625380" lon="2.952380">
						<ele>1162</ele>
						<time>2026-05-02T17:09:55Z</time>
					</trkpt>
					<trkpt lat="44.625430" lon="2.952010">
						<ele>1161</ele>
						<time>2026-05-02T17:10:31Z</time>
					</trkpt>
					<trkpt lat="44.625500" lon="2.951770">
						<ele>1160</ele>
						<time>2026-05-02T17:10:56Z</time>
					</trkpt>
					<trkpt lat="44.625590" lon="2.951650">
						<ele>1161</ele>
						<time>2026-05-02T17:11:12Z</time>
					</trkpt>
					<trkpt lat="44.625690" lon="2.951550">
						<ele>1160</ele>
						<time>2026-05-02T17:11:28Z</time>
					</trkpt>
					<trkpt lat="44.625810" lon="2.951480">
						<ele>1161</ele>
						<time>2026-05-02T17:11:46Z</time>
					</trkpt>
					<trkpt lat="44.626230" lon="2.951350">
						<ele>1164</ele>
						<time>2026-05-02T17:12:43Z</time>
					</trkpt>
					<trkpt lat="44.626560" lon="2.951140">
						<ele>1163</ele>
						<time>2026-05-02T17:13:32Z</time>
					</trkpt>
					<trkpt lat="44.626800" lon="2.950980">
						<ele>1161</ele>
						<time>2026-05-02T17:14:07Z</time>
					</trkpt>
					<trkpt lat="44.627050" lon="2.950720">
						<ele>1157</ele>
						<time>2026-05-02T17:14:48Z</time>
					</trkpt>
					<trkpt lat="44.627210" lon="2.950600">
						<ele>1156</ele>
						<time>2026-05-02T17:15:13Z</time>
					</trkpt>
					<trkpt lat="44.627460" lon="2.950570">
						<ele>1157</ele>
						<time>2026-05-02T17:15:46Z</time>
					</trkpt>
					<trkpt lat="44.627610" lon="2.950500">
						<ele>1156</ele>
						<time>2026-05-02T17:16:07Z</time>
					</trkpt>
					<trkpt lat="44.627670" lon="2.950320">
						<ele>1155</ele>
						<time>2026-05-02T17:16:26Z</time>
					</trkpt>
					<trkpt lat="44.627610" lon="2.950030">
						<ele>1153</ele>
						<time>2026-05-02T17:16:55Z</time>
					</trkpt>
					<trkpt lat="44.627460" lon="2.949160">
						<ele>1150</ele>
						<time>2026-05-02T17:18:20Z</time>
					</trkpt>
					<trkpt lat="44.627400" lon="2.948280">
						<ele>1145</ele>
						<time>2026-05-02T17:19:44Z</time>
					</trkpt>
					<trkpt lat="44.627450" lon="2.947870">
						<ele>1143</ele>
						<time>2026-05-02T17:20:23Z</time>
					</trkpt>
					<trkpt lat="44.627580" lon="2.947360">
						<ele>1142</ele>
						<time>2026-05-02T17:21:15Z</time>
					</trkpt>
					<trkpt lat="44.627650" lon="2.946990">
						<ele>1142</ele>
						<time>2026-05-02T17:21:51Z</time>
					</trkpt>
					<trkpt lat="44.627670" lon="2.946540">
						<ele>1141</ele>
						<time>2026-05-02T17:22:34Z</time>
					</trkpt>
					<trkpt lat="44.627810" lon="2.946020">
						<ele>1145</ele>
						<time>2026-05-02T17:23:27Z</time>
					</trkpt>
					<trkpt lat="44.628270" lon="2.945080">
						<ele>1153</ele>
						<time>2026-05-02T17:25:15Z</time>
					</trkpt>
					<trkpt lat="44.628220" lon="2.944720">
						<ele>1155</ele>
						<time>2026-05-02T17:25:50Z</time>
					</trkpt>
					<trkpt lat="44.628410" lon="2.944020">
						<ele>1162</ele>
						<time>2026-05-02T17:27:01Z</time>
					</trkpt>
					<trkpt lat="44.628580" lon="2.943510">
						<ele>1171</ele>
						<time>2026-05-02T17:27:55Z</time>
					</trkpt>
					<trkpt lat="44.628860" lon="2.942460">
						<ele>1188</ele>
						<time>2026-05-02T17:29:41Z</time>
					</trkpt>
					<trkpt lat="44.629090" lon="2.942040">
						<ele>1194</ele>
						<time>2026-05-02T17:30:31Z</time>
					</trkpt>
					<trkpt lat="44.629330" lon="2.941840">
						<ele>1198</ele>
						<time>2026-05-02T17:31:09Z</time>
					</trkpt>
					<trkpt lat="44.629450" lon="2.941710">
						<ele>1201</ele>
						<time>2026-05-02T17:31:29Z</time>
					</trkpt>
					<trkpt lat="44.629770" lon="2.941550">
						<ele>1206</ele>
						<time>2026-05-02T17:32:14Z</time>
					</trkpt>
					<trkpt lat="44.629820" lon="2.941560">
						<ele>1206</ele>
						<time>2026-05-02T17:32:21Z</time>
					</trkpt>
					<trkpt lat="44.630110" lon="2.941770">
						<ele>1208</ele>
						<time>2026-05-02T17:33:04Z</time>
					</trkpt>
					<trkpt lat="44.630640" lon="2.942090">
						<ele>1216</ele>
						<time>2026-05-02T17:34:21Z</time>
					</trkpt>
					<trkpt lat="44.631010" lon="2.942420">
						<ele>1221</ele>
						<time>2026-05-02T17:35:20Z</time>
					</trkpt>
					<trkpt lat="44.631330" lon="2.942640">
						<ele>1225</ele>
						<time>2026-05-02T17:36:07Z</time>
					</trkpt>
					<trkpt lat="44.631570" lon="2.942960">
						<ele>1226</ele>
						<time>2026-05-02T17:36:52Z</time>
					</trkpt>
					<trkpt lat="44.631670" lon="2.943130">
						<ele>1226</ele>
						<time>2026-05-02T17:37:13Z</time>
					</trkpt>
					<trkpt lat="44.632070" lon="2.943420">
						<ele>1225</ele>
						<time>2026-05-02T17:38:13Z</time>
					</trkpt>
					<trkpt lat="44.632180" lon="2.943470">
						<ele>1225</ele>
						<time>2026-05-02T17:38:28Z</time>
					</trkpt>
					<trkpt lat="44.632380" lon="2.943480">
						<ele>1227</ele>
						<time>2026-05-02T17:38:55Z</time>
					</trkpt>
					<trkpt lat="44.632540" lon="2.943520">
						<ele>1228</ele>
						<time>2026-05-02T17:39:16Z</time>
					</trkpt>
					<trkpt lat="44.632730" lon="2.943650">
						<ele>1229</ele>
						<time>2026-05-02T17:39:45Z</time>
					</trkpt>
					<trkpt lat="44.632850" lon="2.943760">
						<ele>1230</ele>
						<time>2026-05-02T17:40:04Z</time>
					</trkpt>
					<trkpt lat="44.633010" lon="2.943860">
						<ele>1231</ele>
						<time>2026-05-02T17:40:27Z</time>
					</trkpt>
					<trkpt lat="44.633610" lon="2.943920">
						<ele>1236</ele>
						<time>2026-05-02T17:41:47Z</time>
					</trkpt>
					<trkpt lat="44.633820" lon="2.943840">
						<ele>1239</ele>
						<time>2026-05-02T17:42:16Z</time>
					</trkpt>
					<trkpt lat="44.634060" lon="2.943660">
						<ele>1241</ele>
						<time>2026-05-02T17:42:53Z</time>
					</trkpt>
					<trkpt lat="44.634230" lon="2.943490">
						<ele>1243</ele>
						<time>2026-05-02T17:43:21Z</time>
					</trkpt>
					<trkpt lat="44.634370" lon="2.943370">
						<ele>1244</ele>
						<time>2026-05-02T17:43:42Z</time>
					</trkpt>
					<trkpt lat="44.634500" lon="2.943230">
						<ele>1247</ele>
						<time>2026-05-02T17:44:04Z</time>
					</trkpt>
					<trkpt lat="44.634630" lon="2.943020">
						<ele>1250</ele>
						<time>2026-05-02T17:44:31Z</time>
					</trkpt>
					<trkpt lat="44.634780" lon="2.942920">
						<ele>1252</ele>
						<time>2026-05-02T17:44:53Z</time>
					</trkpt>
					<trkpt lat="44.634920" lon="2.942920">
						<ele>1253</ele>
						<time>2026-05-02T17:45:12Z</time>
					</trkpt>
					<trkpt lat="44.635130" lon="2.942980">
						<ele>1254</ele>
						<time>2026-05-02T17:45:40Z</time>
					</trkpt>
					<trkpt lat="44.635470" lon="2.943040">
						<ele>1257</ele>
						<time>2026-05-02T17:46:26Z</time>
					</trkpt>
					<trkpt lat="44.635740" lon="2.943050">
						<ele>1260</ele>
						<time>2026-05-02T17:47:02Z</time>
					</trkpt>
					<trkpt lat="44.636430" lon="2.943310">
						<ele>1269</ele>
						<time>2026-05-02T17:48:37Z</time>
					</trkpt>
					<trkpt lat="44.636630" lon="2.943320">
						<ele>1271</ele>
						<time>2026-05-02T17:49:04Z</time>
					</trkpt>
					<trkpt lat="44.636870" lon="2.943140">
						<ele>1275</ele>
						<time>2026-05-02T17:49:40Z</time>
					</trkpt>
					<trkpt lat="44.637170" lon="2.942870">
						<ele>1279</ele>
						<time>2026-05-02T17:50:28Z</time>
					</trkpt>
					<trkpt lat="44.637480" lon="2.942750">
						<ele>1284</ele>
						<time>2026-05-02T17:51:11Z</time>
					</trkpt>
					<trkpt lat="44.637670" lon="2.942700">
						<ele>1286</ele>
						<time>2026-05-02T17:51:37Z</time>
					</trkpt>
					<trkpt lat="44.637980" lon="2.942640">
						<ele>1290</ele>
						<time>2026-05-02T17:52:18Z</time>
					</trkpt>
					<trkpt lat="44.638150" lon="2.942570">
						<ele>1293</ele>
						<time>2026-05-02T17:52:42Z</time>
					</trkpt>
					<trkpt lat="44.638290" lon="2.942550">
						<ele>1294</ele>
						<time>2026-05-02T17:53:01Z</time>
					</trkpt>
					<trkpt lat="44.638470" lon="2.942370">
						<ele>1296</ele>
						<time>2026-05-02T17:53:30Z</time>
					</trkpt>
					<trkpt lat="44.638490" lon="2.942150">
						<ele>1296</ele>
						<time>2026-05-02T17:53:51Z</time>
					</trkpt>
					<trkpt lat="44.638450" lon="2.941810">
						<ele>1296</ele>
						<time>2026-05-02T17:54:24Z</time>
					</trkpt>
					<trkpt lat="44.638420" lon="2.941340">
						<ele>1297</ele>
						<time>2026-05-02T17:55:09Z</time>
					</trkpt>
					<trkpt lat="44.638330" lon="2.940610">
						<ele>1298</ele>
						<time>2026-05-02T17:56:19Z</time>
					</trkpt>
					<trkpt lat="44.638270" lon="2.940070">
						<ele>1298</ele>
						<time>2026-05-02T17:57:11Z</time>
					</trkpt>
					<trkpt lat="44.638230" lon="2.939820">
						<ele>1298</ele>
						<time>2026-05-02T17:57:35Z</time>
					</trkpt>
					<trkpt lat="44.638080" lon="2.939610">
						<ele>1294</ele>
						<time>2026-05-02T17:58:04Z</time>
					</trkpt>
					<trkpt lat="44.637980" lon="2.939370">
						<ele>1292</ele>
						<time>2026-05-02T17:58:30Z</time>
					</trkpt>
					<trkpt lat="44.637930" lon="2.939070">
						<ele>1290</ele>
						<time>2026-05-02T17:58:59Z</time>
					</trkpt>
					<trkpt lat="44.637910" lon="2.938610">
						<ele>1286</ele>
						<time>2026-05-02T17:59:43Z</time>
					</trkpt>
					<trkpt lat="44.638040" lon="2.937930">
						<ele>1284</ele>
						<time>2026-05-02T18:00:50Z</time>
					</trkpt>
					<trkpt lat="44.638150" lon="2.937620">
						<ele>1283</ele>
						<time>2026-05-02T18:01:23Z</time>
					</trkpt>
					<trkpt lat="44.638270" lon="2.937510">
						<ele>1284</ele>
						<time>2026-05-02T18:01:42Z</time>
					</trkpt>
					<trkpt lat="44.638500" lon="2.937320">
						<ele>1283</ele>
						<time>2026-05-02T18:02:17Z</time>
					</trkpt>
					<trkpt lat="44.638750" lon="2.937080">
						<ele>1279</ele>
						<time>2026-05-02T18:02:58Z</time>
					</trkpt>
					<trkpt lat="44.638750" lon="2.936990">
						<ele>1278</ele>
						<time>2026-05-02T18:03:06Z</time>
					</trkpt>
					<trkpt lat="44.638720" lon="2.936910">
						<ele>1277</ele>
						<time>2026-05-02T18:03:15Z</time>
					</trkpt>
					<trkpt lat="44.638610" lon="2.936900">
						<ele>1276</ele>
						<time>2026-05-02T18:03:30Z</time>
					</trkpt>
					<trkpt lat="44.638420" lon="2.936860">
						<ele>1275</ele>
						<time>2026-05-02T18:03:55Z</time>
					</trkpt>
					<trkpt lat="44.637990" lon="2.936700">
						<ele>1269</ele>
						<time>2026-05-02T18:04:55Z</time>
					</trkpt>
					<trkpt lat="44.637850" lon="2.936550">
						<ele>1266</ele>
						<time>2026-05-02T18:05:18Z</time>
					</trkpt>
					<trkpt lat="44.637740" lon="2.936300">
						<ele>1262</ele>
						<time>2026-05-02T18:05:46Z</time>
					</trkpt>
					<trkpt lat="44.637600" lon="2.935960">
						<ele>1256</ele>
						<time>2026-05-02T18:06:23Z</time>
					</trkpt>
					<trkpt lat="44.637510" lon="2.935640">
						<ele>1252</ele>
						<time>2026-05-02T18:06:56Z</time>
					</trkpt>
					<trkpt lat="44.637310" lon="2.935080">
						<ele>1244</ele>
						<time>2026-05-02T18:07:56Z</time>
					</trkpt>
					<trkpt lat="44.637180" lon="2.934620">
						<ele>1238</ele>
						<time>2026-05-02T18:08:43Z</time>
					</trkpt>
					<trkpt lat="44.636900" lon="2.933760">
						<ele>1227</ele>
						<time>2026-05-02T18:10:12Z</time>
					</trkpt>
					<trkpt lat="44.637200" lon="2.933600">
						<ele>1228</ele>
						<time>2026-05-02T18:10:55Z</time>
					</trkpt>
					<trkpt lat="44.637890" lon="2.933390">
						<ele>1225</ele>
						<time>2026-05-02T18:12:29Z</time>
					</trkpt>
					<trkpt lat="44.638510" lon="2.933020">
						<ele>1217</ele>
						<time>2026-05-02T18:13:59Z</time>
					</trkpt>
					<trkpt lat="44.639100" lon="2.932860">
						<ele>1213</ele>
						<time>2026-05-02T18:15:20Z</time>
					</trkpt>
					<trkpt lat="44.639660" lon="2.932850">
						<ele>1208</ele>
						<time>2026-05-02T18:16:34Z</time>
					</trkpt>
					<trkpt lat="44.639990" lon="2.932880">
						<ele>1206</ele>
						<time>2026-05-02T18:17:18Z</time>
					</trkpt>
					<trkpt lat="44.640490" lon="2.933010">
						<ele>1200</ele>
						<time>2026-05-02T18:18:26Z</time>
					</trkpt>
					<trkpt lat="44.641120" lon="2.933290">
						<ele>1194</ele>
						<time>2026-05-02T18:19:54Z</time>
					</trkpt>
					<trkpt lat="44.641920" lon="2.933750">
						<ele>1179</ele>
						<time>2026-05-02T18:21:50Z</time>
					</trkpt>
					<trkpt lat="44.642180" lon="2.933730">
						<ele>1169</ele>
						<time>2026-05-02T18:22:25Z</time>
					</trkpt>
					<trkpt lat="44.642460" lon="2.933750">
						<ele>1160</ele>
						<time>2026-05-02T18:23:02Z</time>
					</trkpt>
					<trkpt lat="44.642730" lon="2.933880">
						<ele>1156</ele>
						<time>2026-05-02T18:23:40Z</time>
					</trkpt>
					<trkpt lat="44.642890" lon="2.933990">
						<ele>1154</ele>
						<time>2026-05-02T18:24:04Z</time>
					</trkpt>
					<trkpt lat="44.643070" lon="2.934060">
						<ele>1150</ele>
						<time>2026-05-02T18:24:29Z</time>
					</trkpt>
					<trkpt lat="44.643330" lon="2.934270">
						<ele>1145</ele>
						<time>2026-05-02T18:25:09Z</time>
					</trkpt>
					<trkpt lat="44.643330" lon="2.934270">
						<ele>1145</ele>
						<time>2026-05-02T18:25:09Z</time>
					</trkpt>
					<trkpt lat="44.643520" lon="2.934090">
						<ele>1146</ele>
						<time>2026-05-02T18:25:39Z</time>
					</trkpt>
					<trkpt lat="44.643790" lon="2.933780">
						<ele>1149</ele>
						<time>2026-05-02T18:26:26Z</time>
					</trkpt>
					<trkpt lat="44.644120" lon="2.933740">
						<ele>1153</ele>
						<time>2026-05-02T18:27:10Z</time>
					</trkpt>
					<trkpt lat="44.644300" lon="2.933650">
						<ele>1158</ele>
						<time>2026-05-02T18:27:36Z</time>
					</trkpt>
					<trkpt lat="44.644530" lon="2.933500">
						<ele>1164</ele>
						<time>2026-05-02T18:28:09Z</time>
					</trkpt>
					<trkpt lat="44.644640" lon="2.933300">
						<ele>1168</ele>
						<time>2026-05-02T18:28:33Z</time>
					</trkpt>
					<trkpt lat="44.644770" lon="2.933090">
						<ele>1174</ele>
						<time>2026-05-02T18:29:00Z</time>
					</trkpt>
					<trkpt lat="44.644840" lon="2.932770">
						<ele>1179</ele>
						<time>2026-05-02T18:29:32Z</time>
					</trkpt>
					<trkpt lat="44.644770" lon="2.932540">
						<ele>1179</ele>
						<time>2026-05-02T18:29:55Z</time>
					</trkpt>
					<trkpt lat="44.644690" lon="2.932320">
						<ele>1179</ele>
						<time>2026-05-02T18:30:19Z</time>
					</trkpt>
					<trkpt lat="44.644780" lon="2.931780">
						<ele>1189</ele>
						<time>2026-05-02T18:31:11Z</time>
					</trkpt>
					<trkpt lat="44.644680" lon="2.931540">
						<ele>1188</ele>
						<time>2026-05-02T18:31:38Z</time>
					</trkpt>
					<trkpt lat="44.644640" lon="2.931320">
						<ele>1189</ele>
						<time>2026-05-02T18:31:59Z</time>
					</trkpt>
					<trkpt lat="44.644590" lon="2.930920">
						<ele>1190</ele>
						<time>2026-05-02T18:32:38Z</time>
					</trkpt>
					<trkpt lat="44.644580" lon="2.930580">
						<ele>1191</ele>
						<time>2026-05-02T18:33:10Z</time>
					</trkpt>
					<trkpt lat="44.644630" lon="2.930210">
						<ele>1192</ele>
						<time>2026-05-02T18:33:46Z</time>
					</trkpt>
					<trkpt lat="44.644700" lon="2.930230">
						<ele>1193</ele>
						<time>2026-05-02T18:33:56Z</time>
					</trkpt>
					<trkpt lat="44.644800" lon="2.930210">
						<ele>1195</ele>
						<time>2026-05-02T18:34:09Z</time>
					</trkpt>
					<trkpt lat="44.644870" lon="2.930280">
						<ele>1196</ele>
						<time>2026-05-02T18:34:20Z</time>
					</trkpt>
					<trkpt lat="44.644960" lon="2.930350">
						<ele>1198</ele>
						<time>2026-05-02T18:34:34Z</time>
					</trkpt>
					<trkpt lat="44.645160" lon="2.930590">
						<ele>1200</ele>
						<time>2026-05-02T18:35:09Z</time>
					</trkpt>
					<trkpt lat="44.645240" lon="2.930910">
						<ele>1201</ele>
						<time>2026-05-02T18:35:42Z</time>
					</trkpt>
					<trkpt lat="44.645280" lon="2.931150">
						<ele>1201</ele>
						<time>2026-05-02T18:36:05Z</time>
					</trkpt>
					<trkpt lat="44.645420" lon="2.931310">
						<ele>1203</ele>
						<time>2026-05-02T18:36:29Z</time>
					</trkpt>
					<trkpt lat="44.645550" lon="2.931680">
						<ele>1205</ele>
						<time>2026-05-02T18:37:08Z</time>
					</trkpt>
					<trkpt lat="44.645660" lon="2.931840">
						<ele>1207</ele>
						<time>2026-05-02T18:37:29Z</time>
					</trkpt>
					<trkpt lat="44.645740" lon="2.931890">
						<ele>1208</ele>
						<time>2026-05-02T18:37:41Z</time>
					</trkpt>
					<trkpt lat="44.645810" lon="2.931970">
						<ele>1210</ele>
						<time>2026-05-02T18:37:53Z</time>
					</trkpt>
					<trkpt lat="44.645950" lon="2.932200">
						<ele>1212</ele>
						<time>2026-05-02T18:38:22Z</time>
					</trkpt>
					<trkpt lat="44.645970" lon="2.932330">
						<ele>1213</ele>
						<time>2026-05-02T18:38:34Z</time>
					</trkpt>
					<trkpt lat="44.646030" lon="2.932630">
						<ele>1216</ele>
						<time>2026-05-02T18:39:04Z</time>
					</trkpt>
					<trkpt lat="44.646250" lon="2.933140">
						<ele>1224</ele>
						<time>2026-05-02T18:40:01Z</time>
					</trkpt>
					<trkpt lat="44.646230" lon="2.933670">
						<ele>1224</ele>
						<time>2026-05-02T18:40:51Z</time>
					</trkpt>
					<trkpt lat="44.646260" lon="2.934090">
						<ele>1225</ele>
						<time>2026-05-02T18:41:31Z</time>
					</trkpt>
					<trkpt lat="44.646380" lon="2.934420">
						<ele>1229</ele>
						<time>2026-05-02T18:42:06Z</time>
					</trkpt>
					<trkpt lat="44.646580" lon="2.934670">
						<ele>1236</ele>
						<time>2026-05-02T18:42:42Z</time>
					</trkpt>
					<trkpt lat="44.646900" lon="2.934990">
						<ele>1242</ele>
						<time>2026-05-02T18:43:34Z</time>
					</trkpt>
					<trkpt lat="44.647190" lon="2.935180">
						<ele>1246</ele>
						<time>2026-05-02T18:44:17Z</time>
					</trkpt>
					<trkpt lat="44.647390" lon="2.935470">
						<ele>1249</ele>
						<time>2026-05-02T18:44:55Z</time>
					</trkpt>
					<trkpt lat="44.647580" lon="2.935830">
						<ele>1252</ele>
						<time>2026-05-02T18:45:38Z</time>
					</trkpt>
					<trkpt lat="44.647680" lon="2.935800">
						<ele>1253</ele>
						<time>2026-05-02T18:45:52Z</time>
					</trkpt>
					<trkpt lat="44.647800" lon="2.935860">
						<ele>1254</ele>
						<time>2026-05-02T18:46:09Z</time>
					</trkpt>
					<trkpt lat="44.647930" lon="2.935990">
						<ele>1255</ele>
						<time>2026-05-02T18:46:30Z</time>
					</trkpt>
					<trkpt lat="44.648150" lon="2.936470">
						<ele>1258</ele>
						<time>2026-05-02T18:47:24Z</time>
					</trkpt>
					<trkpt lat="44.648280" lon="2.936710">
						<ele>1261</ele>
						<time>2026-05-02T18:47:53Z</time>
					</trkpt>
					<trkpt lat="44.648400" lon="2.936880">
						<ele>1264</ele>
						<time>2026-05-02T18:48:15Z</time>
					</trkpt>
					<trkpt lat="44.648620" lon="2.937030">
						<ele>1267</ele>
						<time>2026-05-02T18:48:48Z</time>
					</trkpt>
					<trkpt lat="44.648780" lon="2.937050">
						<ele>1268</ele>
						<time>2026-05-02T18:49:10Z</time>
					</trkpt>
					<trkpt lat="44.648960" lon="2.936950">
						<ele>1268</ele>
						<time>2026-05-02T18:49:35Z</time>
					</trkpt>
					<trkpt lat="44.649040" lon="2.936810">
						<ele>1266</ele>
						<time>2026-05-02T18:49:52Z</time>
					</trkpt>
					<trkpt lat="44.649150" lon="2.936750">
						<ele>1266</ele>
						<time>2026-05-02T18:50:08Z</time>
					</trkpt>
					<trkpt lat="44.649230" lon="2.936950">
						<ele>1269</ele>
						<time>2026-05-02T18:50:30Z</time>
					</trkpt>
					<trkpt lat="44.649380" lon="2.936970">
						<ele>1271</ele>
						<time>2026-05-02T18:50:50Z</time>
					</trkpt>
					<trkpt lat="44.649510" lon="2.936930">
						<ele>1271</ele>
						<time>2026-05-02T18:51:08Z</time>
					</trkpt>
					<trkpt lat="44.649690" lon="2.936910">
						<ele>1272</ele>
						<time>2026-05-02T18:51:32Z</time>
					</trkpt>
					<trkpt lat="44.650010" lon="2.936840">
						<ele>1273</ele>
						<time>2026-05-02T18:52:15Z</time>
					</trkpt>
					<trkpt lat="44.650140" lon="2.936840">
						<ele>1273</ele>
						<time>2026-05-02T18:52:32Z</time>
					</trkpt>
					<trkpt lat="44.650390" lon="2.936870">
						<ele>1274</ele>
						<time>2026-05-02T18:53:06Z</time>
					</trkpt>
					<trkpt lat="44.650510" lon="2.936930">
						<ele>1275</ele>
						<time>2026-05-02T18:53:23Z</time>
					</trkpt>
					<trkpt lat="44.651140" lon="2.937130">
						<ele>1280</ele>
						<time>2026-05-02T18:54:49Z</time>
					</trkpt>
					<trkpt lat="44.651380" lon="2.937180">
						<ele>1282</ele>
						<time>2026-05-02T18:55:22Z</time>
					</trkpt>
					<trkpt lat="44.651880" lon="2.937270">
						<ele>1286</ele>
						<time>2026-05-02T18:56:29Z</time>
					</trkpt>
					<trkpt lat="44.652100" lon="2.937250">
						<ele>1285</ele>
						<time>2026-05-02T18:56:58Z</time>
					</trkpt>
					<trkpt lat="44.652560" lon="2.937340">
						<ele>1287</ele>
						<time>2026-05-02T18:58:00Z</time>
					</trkpt>
					<trkpt lat="44.652760" lon="2.937410">
						<ele>1289</ele>
						<time>2026-05-02T18:58:28Z</time>
					</trkpt>
					<trkpt lat="44.652960" lon="2.937490">
						<ele>1292</ele>
						<time>2026-05-02T18:58:55Z</time>
					</trkpt>
					<trkpt lat="44.653150" lon="2.937600">
						<ele>1295</ele>
						<time>2026-05-02T18:59:23Z</time>
					</trkpt>
					<trkpt lat="44.653360" lon="2.937650">
						<ele>1296</ele>
						<time>2026-05-02T18:59:51Z</time>
					</trkpt>
					<trkpt lat="44.653670" lon="2.937710">
						<ele>1300</ele>
						<time>2026-05-02T19:00:33Z</time>
					</trkpt>
					<trkpt lat="44.653850" lon="2.937680">
						<ele>1301</ele>
						<time>2026-05-02T19:00:57Z</time>
					</trkpt>
					<trkpt lat="44.654260" lon="2.937660">
						<ele>1303</ele>
						<time>2026-05-02T19:01:52Z</time>
					</trkpt>
					<trkpt lat="44.654640" lon="2.937440">
						<ele>1303</ele>
						<time>2026-05-02T19:02:47Z</time>
					</trkpt>
					<trkpt lat="44.655930" lon="2.937720">
						<ele>1313</ele>
						<time>2026-05-02T19:05:41Z</time>
					</trkpt>
					<trkpt lat="44.657670" lon="2.939220">
						<ele>1320</ele>
						<time>2026-05-02T19:10:13Z</time>
					</trkpt>
					<trkpt lat="44.658800" lon="2.939160">
						<ele>1318</ele>
						<time>2026-05-02T19:12:44Z</time>
					</trkpt>
					<trkpt lat="44.659030" lon="2.938690">
						<ele>1318</ele>
						<time>2026-05-02T19:13:38Z</time>
					</trkpt>
					<trkpt lat="44.660000" lon="2.938300">
						<ele>1329</ele>
						<time>2026-05-02T19:15:53Z</time>
					</trkpt>
					<trkpt lat="44.660330" lon="2.938100">
						<ele>1330</ele>
						<time>2026-05-02T19:16:41Z</time>
					</trkpt>
					<trkpt lat="44.660540" lon="2.937870">
						<ele>1330</ele>
						<time>2026-05-02T19:17:17Z</time>
					</trkpt>
					<trkpt lat="44.660820" lon="2.937450">
						<ele>1329</ele>
						<time>2026-05-02T19:18:11Z</time>
					</trkpt>
					<trkpt lat="44.660850" lon="2.937040">
						<ele>1331</ele>
						<time>2026-05-02T19:18:50Z</time>
					</trkpt>
					<trkpt lat="44.660790" lon="2.936460">
						<ele>1331</ele>
						<time>2026-05-02T19:19:46Z</time>
					</trkpt>
					<trkpt lat="44.660390" lon="2.935540">
						<ele>1327</ele>
						<time>2026-05-02T19:21:28Z</time>
					</trkpt>
					<trkpt lat="44.659960" lon="2.934000">
						<ele>1323</ele>
						<time>2026-05-02T19:24:05Z</time>
					</trkpt>
					<trkpt lat="44.659950" lon="2.933520">
						<ele>1324</ele>
						<time>2026-05-02T19:24:51Z</time>
					</trkpt>
					<trkpt lat="44.659960" lon="2.933340">
						<ele>1325</ele>
						<time>2026-05-02T19:25:08Z</time>
					</trkpt>
					<trkpt lat="44.659840" lon="2.933220">
						<ele>1325</ele>
						<time>2026-05-02T19:25:28Z</time>
					</trkpt>
					<trkpt lat="44.659820" lon="2.933100">
						<ele>1326</ele>
						<time>2026-05-02T19:25:39Z</time>
					</trkpt>
					<trkpt lat="44.659820" lon="2.932710">
						<ele>1329</ele>
						<time>2026-05-02T19:26:16Z</time>
					</trkpt>
					<trkpt lat="44.659920" lon="2.932390">
						<ele>1331</ele>
						<time>2026-05-02T19:26:50Z</time>
					</trkpt>
					<trkpt lat="44.659880" lon="2.931600">
						<ele>1334</ele>
						<time>2026-05-02T19:28:05Z</time>
					</trkpt>
					<trkpt lat="44.659760" lon="2.931090">
						<ele>1339</ele>
						<time>2026-05-02T19:28:56Z</time>
					</trkpt>
					<trkpt lat="44.659670" lon="2.931010">
						<ele>1339</ele>
						<time>2026-05-02T19:29:10Z</time>
					</trkpt>
					<trkpt lat="44.659520" lon="2.931020">
						<ele>1338</ele>
						<time>2026-05-02T19:29:30Z</time>
					</trkpt>
					<trkpt lat="44.659010" lon="2.930860">
						<ele>1338</ele>
						<time>2026-05-02T19:30:40Z</time>
					</trkpt>
					<trkpt lat="44.658770" lon="2.930740">
						<ele>1339</ele>
						<time>2026-05-02T19:31:14Z</time>
					</trkpt>
					<trkpt lat="44.658530" lon="2.930590">
						<ele>1341</ele>
						<time>2026-05-02T19:31:49Z</time>
					</trkpt>
					<trkpt lat="44.658270" lon="2.930400">
						<ele>1343</ele>
						<time>2026-05-02T19:32:28Z</time>
					</trkpt>
					<trkpt lat="44.657950" lon="2.930110">
						<ele>1344</ele>
						<time>2026-05-02T19:33:19Z</time>
					</trkpt>
					<trkpt lat="44.657030" lon="2.929380">
						<ele>1346</ele>
						<time>2026-05-02T19:35:40Z</time>
					</trkpt>
					<trkpt lat="44.656600" lon="2.929120">
						<ele>1344</ele>
						<time>2026-05-02T19:36:42Z</time>
					</trkpt>
					<trkpt lat="44.656440" lon="2.928950">
						<ele>1345</ele>
						<time>2026-05-02T19:37:09Z</time>
					</trkpt>
					<trkpt lat="44.656320" lon="2.928910">
						<ele>1345</ele>
						<time>2026-05-02T19:37:25Z</time>
					</trkpt>
					<trkpt lat="44.656130" lon="2.928960">
						<ele>1345</ele>
						<time>2026-05-02T19:37:51Z</time>
					</trkpt>
					<trkpt lat="44.655500" lon="2.929250">
						<ele>1344</ele>
						<time>2026-05-02T19:39:20Z</time>
					</trkpt>
					<trkpt lat="44.655200" lon="2.929350">
						<ele>1344</ele>
						<time>2026-05-02T19:40:01Z</time>
					</trkpt>
					<trkpt lat="44.655020" lon="2.929410">
						<ele>1344</ele>
						<time>2026-05-02T19:40:25Z</time>
					</trkpt>
					<trkpt lat="44.654820" lon="2.929410">
						<ele>1344</ele>
						<time>2026-05-02T19:40:52Z</time>
					</trkpt>
					<trkpt lat="44.654650" lon="2.929380">
						<ele>1344</ele>
						<time>2026-05-02T19:41:15Z</time>
					</trkpt>
					<trkpt lat="44.654520" lon="2.929230">
						<ele>1344</ele>
						<time>2026-05-02T19:41:37Z</time>
					</trkpt>
					<trkpt lat="44.654410" lon="2.929040">
						<ele>1344</ele>
						<time>2026-05-02T19:42:01Z</time>
					</trkpt>
					<trkpt lat="44.654360" lon="2.928850">
						<ele>1344</ele>
						<time>2026-05-02T19:42:20Z</time>
					</trkpt>
					<trkpt lat="44.654360" lon="2.928680">
						<ele>1344</ele>
						<time>2026-05-02T19:42:36Z</time>
					</trkpt>
					<trkpt lat="44.654390" lon="2.928500">
						<ele>1343</ele>
						<time>2026-05-02T19:42:54Z</time>
					</trkpt>
					<trkpt lat="44.654410" lon="2.928170">
						<ele>1343</ele>
						<time>2026-05-02T19:43:25Z</time>
					</trkpt>
					<trkpt lat="44.654380" lon="2.927880">
						<ele>1342</ele>
						<time>2026-05-02T19:43:53Z</time>
					</trkpt>
					<trkpt lat="44.654430" lon="2.927590">
						<ele>1341</ele>
						<time>2026-05-02T19:44:21Z</time>
					</trkpt>
					<trkpt lat="44.654540" lon="2.927290">
						<ele>1340</ele>
						<time>2026-05-02T19:44:53Z</time>
					</trkpt>
					<trkpt lat="44.655920" lon="2.924120">
						<ele>1330</ele>
						<time>2026-05-02T19:50:46Z</time>
					</trkpt>
					<trkpt lat="44.656110" lon="2.923750">
						<ele>1330</ele>
						<time>2026-05-02T19:51:29Z</time>
					</trkpt>
					<trkpt lat="44.656380" lon="2.923230">
						<ele>1329</ele>
						<time>2026-05-02T19:52:30Z</time>
					</trkpt>
					<trkpt lat="44.656500" lon="2.923080">
						<ele>1329</ele>
						<time>2026-05-02T19:52:52Z</time>
					</trkpt>
					<trkpt lat="44.656600" lon="2.923030">
						<ele>1330</ele>
						<time>2026-05-02T19:53:06Z</time>
					</trkpt>
					<trkpt lat="44.656630" lon="2.923030">
						<ele>1330</ele>
						<time>2026-05-02T19:53:10Z</time>
					</trkpt>
					<trkpt lat="44.656630" lon="2.923030">
						<ele>1330</ele>
						<time>2026-05-02T19:53:10Z</time>
					</trkpt>
					<trkpt lat="44.656870" lon="2.922940">
						<ele>1332</ele>
						<time>2026-05-02T19:53:43Z</time>
					</trkpt>
					<trkpt lat="44.657150" lon="2.922800">
						<ele>1335</ele>
						<time>2026-05-02T19:54:23Z</time>
					</trkpt>
					<trkpt lat="44.657280" lon="2.922710">
						<ele>1335</ele>
						<time>2026-05-02T19:54:42Z</time>
					</trkpt>
					<trkpt lat="44.657540" lon="2.922410">
						<ele>1334</ele>
						<time>2026-05-02T19:55:27Z</time>
					</trkpt>
					<trkpt lat="44.657620" lon="2.922270">
						<ele>1333</ele>
						<time>2026-05-02T19:55:44Z</time>
					</trkpt>
					<trkpt lat="44.657730" lon="2.922030">
						<ele>1331</ele>
						<time>2026-05-02T19:56:11Z</time>
					</trkpt>
					<trkpt lat="44.657880" lon="2.921740">
						<ele>1329</ele>
						<time>2026-05-02T19:56:45Z</time>
					</trkpt>
					<trkpt lat="44.658010" lon="2.921520">
						<ele>1328</ele>
						<time>2026-05-02T19:57:12Z</time>
					</trkpt>
					<trkpt lat="44.658120" lon="2.921380">
						<ele>1328</ele>
						<time>2026-05-02T19:57:32Z</time>
					</trkpt>
					<trkpt lat="44.658230" lon="2.921150">
						<ele>1327</ele>
						<time>2026-05-02T19:57:59Z</time>
					</trkpt>
					<trkpt lat="44.658320" lon="2.920930">
						<ele>1325</ele>
						<time>2026-05-02T19:58:23Z</time>
					</trkpt>
					<trkpt lat="44.658440" lon="2.920610">
						<ele>1322</ele>
						<time>2026-05-02T19:58:57Z</time>
					</trkpt>
					<trkpt lat="44.658500" lon="2.920480">
						<ele>1321</ele>
						<time>2026-05-02T19:59:12Z</time>
					</trkpt>
					<trkpt lat="44.658950" lon="2.919910">
						<ele>1320</ele>
						<time>2026-05-02T20:00:32Z</time>
					</trkpt>
					<trkpt lat="44.659120" lon="2.919780">
						<ele>1320</ele>
						<time>2026-05-02T20:00:58Z</time>
					</trkpt>
					<trkpt lat="44.659290" lon="2.919660">
						<ele>1319</ele>
						<time>2026-05-02T20:01:24Z</time>
					</trkpt>
					<trkpt lat="44.659370" lon="2.919570">
						<ele>1318</ele>
						<time>2026-05-02T20:01:37Z</time>
					</trkpt>
					<trkpt lat="44.659570" lon="2.919240">
						<ele>1316</ele>
						<time>2026-05-02T20:02:19Z</time>
					</trkpt>
					<trkpt lat="44.659670" lon="2.919170">
						<ele>1315</ele>
						<time>2026-05-02T20:02:33Z</time>
					</trkpt>
					<trkpt lat="44.659800" lon="2.918950">
						<ele>1315</ele>
						<time>2026-05-02T20:03:01Z</time>
					</trkpt>
					<trkpt lat="44.659830" lon="2.918920">
						<ele>1315</ele>
						<time>2026-05-02T20:03:06Z</time>
					</trkpt>
					<trkpt lat="44.659930" lon="2.918820">
						<ele>1315</ele>
						<time>2026-05-02T20:03:22Z</time>
					</trkpt>
					<trkpt lat="44.660050" lon="2.918760">
						<ele>1315</ele>
						<time>2026-05-02T20:03:39Z</time>
					</trkpt>
					<trkpt lat="44.660270" lon="2.918700">
						<ele>1312</ele>
						<time>2026-05-02T20:04:09Z</time>
					</trkpt>
					<trkpt lat="44.660530" lon="2.918600">
						<ele>1310</ele>
						<time>2026-05-02T20:04:45Z</time>
					</trkpt>
					<trkpt lat="44.660610" lon="2.918590">
						<ele>1309</ele>
						<time>2026-05-02T20:04:55Z</time>
					</trkpt>
					<trkpt lat="44.660830" lon="2.918650">
						<ele>1307</ele>
						<time>2026-05-02T20:05:25Z</time>
					</trkpt>
					<trkpt lat="44.660970" lon="2.918640">
						<ele>1307</ele>
						<time>2026-05-02T20:05:44Z</time>
					</trkpt>
					<trkpt lat="44.661090" lon="2.918530">
						<ele>1307</ele>
						<time>2026-05-02T20:06:03Z</time>
					</trkpt>
					<trkpt lat="44.661400" lon="2.918370">
						<ele>1307</ele>
						<time>2026-05-02T20:06:47Z</time>
					</trkpt>
					<trkpt lat="44.661770" lon="2.918360">
						<ele>1308</ele>
						<time>2026-05-02T20:07:37Z</time>
					</trkpt>
					<trkpt lat="44.661900" lon="2.918330">
						<ele>1309</ele>
						<time>2026-05-02T20:07:54Z</time>
					</trkpt>
					<trkpt lat="44.661980" lon="2.918280">
						<ele>1310</ele>
						<time>2026-05-02T20:08:06Z</time>
					</trkpt>
					<trkpt lat="44.662100" lon="2.918160">
						<ele>1310</ele>
						<time>2026-05-02T20:08:26Z</time>
					</trkpt>
					<trkpt lat="44.662270" lon="2.917840">
						<ele>1310</ele>
						<time>2026-05-02T20:09:03Z</time>
					</trkpt>
					<trkpt lat="44.662570" lon="2.917410">
						<ele>1310</ele>
						<time>2026-05-02T20:10:01Z</time>
					</trkpt>
					<trkpt lat="44.662690" lon="2.917360">
						<ele>1311</ele>
						<time>2026-05-02T20:10:17Z</time>
					</trkpt>
					<trkpt lat="44.663090" lon="2.917300">
						<ele>1315</ele>
						<time>2026-05-02T20:11:11Z</time>
					</trkpt>
					<trkpt lat="44.663300" lon="2.917120">
						<ele>1315</ele>
						<time>2026-05-02T20:11:44Z</time>
					</trkpt>
					<trkpt lat="44.663420" lon="2.917090">
						<ele>1317</ele>
						<time>2026-05-02T20:12:00Z</time>
					</trkpt>
					<trkpt lat="44.663710" lon="2.916940">
						<ele>1319</ele>
						<time>2026-05-02T20:12:41Z</time>
					</trkpt>
					<trkpt lat="44.663850" lon="2.916790">
						<ele>1319</ele>
						<time>2026-05-02T20:13:05Z</time>
					</trkpt>
					<trkpt lat="44.663960" lon="2.916690">
						<ele>1319</ele>
						<time>2026-05-02T20:13:22Z</time>
					</trkpt>
					<trkpt lat="44.664030" lon="2.916520">
						<ele>1318</ele>
						<time>2026-05-02T20:13:41Z</time>
					</trkpt>
					<trkpt lat="44.664160" lon="2.916110">
						<ele>1317</ele>
						<time>2026-05-02T20:14:24Z</time>
					</trkpt>
					<trkpt lat="44.664250" lon="2.916040">
						<ele>1317</ele>
						<time>2026-05-02T20:14:37Z</time>
					</trkpt>
					<trkpt lat="44.664330" lon="2.916010">
						<ele>1317</ele>
						<time>2026-05-02T20:14:48Z</time>
					</trkpt>
					<trkpt lat="44.664470" lon="2.915940">
						<ele>1316</ele>
						<time>2026-05-02T20:15:08Z</time>
					</trkpt>
					<trkpt lat="44.664600" lon="2.915850">
						<ele>1316</ele>
						<time>2026-05-02T20:15:28Z</time>
					</trkpt>
					<trkpt lat="44.664800" lon="2.915630">
						<ele>1315</ele>
						<time>2026-05-02T20:16:01Z</time>
					</trkpt>
					<trkpt lat="44.665440" lon="2.914570">
						<ele>1312</ele>
						<time>2026-05-02T20:18:13Z</time>
					</trkpt>
					<trkpt lat="44.665670" lon="2.914200">
						<ele>1313</ele>
						<time>2026-05-02T20:19:00Z</time>
					</trkpt>
					<trkpt lat="44.665800" lon="2.913840">
						<ele>1314</ele>
						<time>2026-05-02T20:19:38Z</time>
					</trkpt>
					<trkpt lat="44.665840" lon="2.913610">
						<ele>1315</ele>
						<time>2026-05-02T20:20:01Z</time>
					</trkpt>
					<trkpt lat="44.665880" lon="2.913450">
						<ele>1316</ele>
						<time>2026-05-02T20:20:17Z</time>
					</trkpt>
					<trkpt lat="44.665890" lon="2.913360">
						<ele>1316</ele>
						<time>2026-05-02T20:20:26Z</time>
					</trkpt>
					<trkpt lat="44.665890" lon="2.913360">
						<ele>1316</ele>
						<time>2026-05-02T20:20:26Z</time>
					</trkpt>
					<trkpt lat="44.666760" lon="2.910370">
						<ele>1317</ele>
						<time>2026-05-02T20:25:32Z</time>
					</trkpt>
					<trkpt lat="44.666780" lon="2.910050">
						<ele>1316</ele>
						<time>2026-05-02T20:26:03Z</time>
					</trkpt>
					<trkpt lat="44.666830" lon="2.908460">
						<ele>1303</ele>
						<time>2026-05-02T20:28:34Z</time>
					</trkpt>
					<trkpt lat="44.666870" lon="2.907910">
						<ele>1297</ele>
						<time>2026-05-02T20:29:26Z</time>
					</trkpt>
					<trkpt lat="44.666900" lon="2.907700">
						<ele>1295</ele>
						<time>2026-05-02T20:29:46Z</time>
					</trkpt>
					<trkpt lat="44.666950" lon="2.907540">
						<ele>1293</ele>
						<time>2026-05-02T20:30:03Z</time>
					</trkpt>
					<trkpt lat="44.666950" lon="2.907540">
						<ele>1293</ele>
						<time>2026-05-02T20:30:03Z</time>
					</trkpt>
					<trkpt lat="44.666960" lon="2.907510">
						<ele>1293</ele>
						<time>2026-05-02T20:30:06Z</time>
					</trkpt>
					<trkpt lat="44.667050" lon="2.907140">
						<ele>1288</ele>
						<time>2026-05-02T20:30:43Z</time>
					</trkpt>
					<trkpt lat="44.667280" lon="2.906350">
						<ele>1281</ele>
						<time>2026-05-02T20:32:04Z</time>
					</trkpt>
					<trkpt lat="44.667450" lon="2.905790">
						<ele>1281</ele>
						<time>2026-05-02T20:33:02Z</time>
					</trkpt>
					<trkpt lat="44.667540" lon="2.905580">
						<ele>1279</ele>
						<time>2026-05-02T20:33:25Z</time>
					</trkpt>
					<trkpt lat="44.667640" lon="2.905400">
						<ele>1277</ele>
						<time>2026-05-02T20:33:47Z</time>
					</trkpt>
					<trkpt lat="44.667870" lon="2.905070">
						<ele>1275</ele>
						<time>2026-05-02T20:34:31Z</time>
					</trkpt>
					<trkpt lat="44.667980" lon="2.904880">
						<ele>1274</ele>
						<time>2026-05-02T20:34:54Z</time>
					</trkpt>
					<trkpt lat="44.668310" lon="2.904220">
						<ele>1273</ele>
						<time>2026-05-02T20:36:11Z</time>
					</trkpt>
					<trkpt lat="44.668740" lon="2.903500">
						<ele>1263</ele>
						<time>2026-05-02T20:37:40Z</time>
					</trkpt>
					<trkpt lat="44.669130" lon="2.902960">
						<ele>1261</ele>
						<time>2026-05-02T20:38:53Z</time>
					</trkpt>
					<trkpt lat="44.669260" lon="2.902830">
						<ele>1258</ele>
						<time>2026-05-02T20:39:14Z</time>
					</trkpt>
					<trkpt lat="44.669350" lon="2.902630">
						<ele>1255</ele>
						<time>2026-05-02T20:39:37Z</time>
					</trkpt>
					<trkpt lat="44.669440" lon="2.902380">
						<ele>1251</ele>
						<time>2026-05-02T20:40:03Z</time>
					</trkpt>
					<trkpt lat="44.669470" lon="2.902190">
						<ele>1249</ele>
						<time>2026-05-02T20:40:22Z</time>
					</trkpt>
					<trkpt lat="44.669470" lon="2.902190">
						<ele>1249</ele>
						<time>2026-05-02T20:40:22Z</time>
					</trkpt>
					<trkpt lat="44.669520" lon="2.901970">
						<ele>1246</ele>
						<time>2026-05-02T20:40:44Z</time>
					</trkpt>
					<trkpt lat="44.669560" lon="2.901830">
						<ele>1245</ele>
						<time>2026-05-02T20:40:58Z</time>
					</trkpt>
					<trkpt lat="44.669670" lon="2.901670">
						<ele>1243</ele>
						<time>2026-05-02T20:41:19Z</time>
					</trkpt>
					<trkpt lat="44.669790" lon="2.901590">
						<ele>1242</ele>
						<time>2026-05-02T20:41:37Z</time>
					</trkpt>
					<trkpt lat="44.669850" lon="2.901490">
						<ele>1240</ele>
						<time>2026-05-02T20:41:49Z</time>
					</trkpt>
					<trkpt lat="44.669900" lon="2.901340">
						<ele>1239</ele>
						<time>2026-05-02T20:42:05Z</time>
					</trkpt>
					<trkpt lat="44.670050" lon="2.901020">
						<ele>1235</ele>
						<time>2026-05-02T20:42:41Z</time>
					</trkpt>
					<trkpt lat="44.670160" lon="2.900750">
						<ele>1230</ele>
						<time>2026-05-02T20:43:11Z</time>
					</trkpt>
					<trkpt lat="44.670280" lon="2.900390">
						<ele>1225</ele>
						<time>2026-05-02T20:43:49Z</time>
					</trkpt>
					<trkpt lat="44.670500" lon="2.899870">
						<ele>1220</ele>
						<time>2026-05-02T20:44:46Z</time>
					</trkpt>
					<trkpt lat="44.670540" lon="2.899740">
						<ele>1219</ele>
						<time>2026-05-02T20:45:00Z</time>
					</trkpt>
					<trkpt lat="44.670570" lon="2.899580">
						<ele>1217</ele>
						<time>2026-05-02T20:45:15Z</time>
					</trkpt>
					<trkpt lat="44.670650" lon="2.899300">
						<ele>1216</ele>
						<time>2026-05-02T20:45:44Z</time>
					</trkpt>
					<trkpt lat="44.670770" lon="2.898990">
						<ele>1214</ele>
						<time>2026-05-02T20:46:17Z</time>
					</trkpt>
					<trkpt lat="44.670940" lon="2.898600">
						<ele>1212</ele>
						<time>2026-05-02T20:47:01Z</time>
					</trkpt>
					<trkpt lat="44.671170" lon="2.898280">
						<ele>1212</ele>
						<time>2026-05-02T20:47:44Z</time>
					</trkpt>
					<trkpt lat="44.671510" lon="2.897750">
						<ele>1216</ele>
						<time>2026-05-02T20:48:52Z</time>
					</trkpt>
					<trkpt lat="44.671770" lon="2.897320">
						<ele>1221</ele>
						<time>2026-05-02T20:49:45Z</time>
					</trkpt>
					<trkpt lat="44.671900" lon="2.897020">
						<ele>1220</ele>
						<time>2026-05-02T20:50:19Z</time>
					</trkpt>
					<trkpt lat="44.672120" lon="2.896330">
						<ele>1217</ele>
						<time>2026-05-02T20:51:30Z</time>
					</trkpt>
					<trkpt lat="44.672310" lon="2.895820">
						<ele>1211</ele>
						<time>2026-05-02T20:52:25Z</time>
					</trkpt>
					<trkpt lat="44.672350" lon="2.895630">
						<ele>1208</ele>
						<time>2026-05-02T20:52:44Z</time>
					</trkpt>
					<trkpt lat="44.672360" lon="2.895440">
						<ele>1205</ele>
						<time>2026-05-02T20:53:02Z</time>
					</trkpt>
					<trkpt lat="44.672350" lon="2.895360">
						<ele>1204</ele>
						<time>2026-05-02T20:53:10Z</time>
					</trkpt>
					<trkpt lat="44.672320" lon="2.895240">
						<ele>1202</ele>
						<time>2026-05-02T20:53:22Z</time>
					</trkpt>
					<trkpt lat="44.672250" lon="2.895030">
						<ele>1198</ele>
						<time>2026-05-02T20:53:44Z</time>
					</trkpt>
					<trkpt lat="44.672060" lon="2.894790">
						<ele>1194</ele>
						<time>2026-05-02T20:54:18Z</time>
					</trkpt>
					<trkpt lat="44.671900" lon="2.894570">
						<ele>1190</ele>
						<time>2026-05-02T20:54:48Z</time>
					</trkpt>
					<trkpt lat="44.671850" lon="2.894540">
						<ele>1190</ele>
						<time>2026-05-02T20:54:55Z</time>
					</trkpt>
					<trkpt lat="44.671530" lon="2.894480">
						<ele>1187</ele>
						<time>2026-05-02T20:55:38Z</time>
					</trkpt>
					<trkpt lat="44.671360" lon="2.894360">
						<ele>1182</ele>
						<time>2026-05-02T20:56:03Z</time>
					</trkpt>
					<trkpt lat="44.671270" lon="2.894210">
						<ele>1179</ele>
						<time>2026-05-02T20:56:22Z</time>
					</trkpt>
					<trkpt lat="44.671110" lon="2.894010">
						<ele>1175</ele>
						<time>2026-05-02T20:56:51Z</time>
					</trkpt>
					<trkpt lat="44.671000" lon="2.893830">
						<ele>1172</ele>
						<time>2026-05-02T20:57:13Z</time>
					</trkpt>
					<trkpt lat="44.670750" lon="2.893180">
						<ele>1166</ele>
						<time>2026-05-02T20:58:23Z</time>
					</trkpt>
					<trkpt lat="44.670520" lon="2.892440">
						<ele>1164</ele>
						<time>2026-05-02T20:59:40Z</time>
					</trkpt>
					<trkpt lat="44.670430" lon="2.891840">
						<ele>1165</ele>
						<time>2026-05-02T21:00:38Z</time>
					</trkpt>
					<trkpt lat="44.670450" lon="2.891300">
						<ele>1166</ele>
						<time>2026-05-02T21:01:29Z</time>
					</trkpt>
					<trkpt lat="44.670450" lon="2.891300">
						<ele>1166</ele>
						<time>2026-05-02T21:01:29Z</time>
					</trkpt>
					<trkpt lat="44.670380" lon="2.890840">
						<ele>1167</ele>
						<time>2026-05-02T21:02:14Z</time>
					</trkpt>
					<trkpt lat="44.670350" lon="2.890350">
						<ele>1164</ele>
						<time>2026-05-02T21:03:01Z</time>
					</trkpt>
					<trkpt lat="44.670300" lon="2.889280">
						<ele>1159</ele>
						<time>2026-05-02T21:04:43Z</time>
					</trkpt>
					<trkpt lat="44.670260" lon="2.888770">
						<ele>1154</ele>
						<time>2026-05-02T21:05:31Z</time>
					</trkpt>
					<trkpt lat="44.670220" lon="2.887700">
						<ele>1143</ele>
						<time>2026-05-02T21:07:13Z</time>
					</trkpt>
					<trkpt lat="44.670200" lon="2.886760">
						<ele>1134</ele>
						<time>2026-05-02T21:08:42Z</time>
					</trkpt>
					<trkpt lat="44.670200" lon="2.885860">
						<ele>1128</ele>
						<time>2026-05-02T21:10:08Z</time>
					</trkpt>
					<trkpt lat="44.670220" lon="2.885290">
						<ele>1123</ele>
						<time>2026-05-02T21:11:02Z</time>
					</trkpt>
					<trkpt lat="44.670240" lon="2.884930">
						<ele>1120</ele>
						<time>2026-05-02T21:11:36Z</time>
					</trkpt>
					<trkpt lat="44.670290" lon="2.884610">
						<ele>1117</ele>
						<time>2026-05-02T21:12:07Z</time>
					</trkpt>
					<trkpt lat="44.670300" lon="2.884380">
						<ele>1116</ele>
						<time>2026-05-02T21:12:29Z</time>
					</trkpt>
					<trkpt lat="44.670290" lon="2.884220">
						<ele>1114</ele>
						<time>2026-05-02T21:12:44Z</time>
					</trkpt>
					<trkpt lat="44.670300" lon="2.884050">
						<ele>1113</ele>
						<time>2026-05-02T21:13:00Z</time>
					</trkpt>
					<trkpt lat="44.670380" lon="2.883550">
						<ele>1108</ele>
						<time>2026-05-02T21:13:49Z</time>
					</trkpt>
					<trkpt lat="44.670390" lon="2.882930">
						<ele>1104</ele>
						<time>2026-05-02T21:14:48Z</time>
					</trkpt>
					<trkpt lat="44.670370" lon="2.882340">
						<ele>1101</ele>
						<time>2026-05-02T21:15:44Z</time>
					</trkpt>
					<trkpt lat="44.670320" lon="2.881440">
						<ele>1095</ele>
						<time>2026-05-02T21:17:10Z</time>
					</trkpt>
					<trkpt lat="44.670330" lon="2.880680">
						<ele>1092</ele>
						<time>2026-05-02T21:18:22Z</time>
					</trkpt>
					<trkpt lat="44.670310" lon="2.880550">
						<ele>1092</ele>
						<time>2026-05-02T21:18:34Z</time>
					</trkpt>
					<trkpt lat="44.670260" lon="2.880370">
						<ele>1092</ele>
						<time>2026-05-02T21:18:53Z</time>
					</trkpt>
					<trkpt lat="44.670160" lon="2.879960">
						<ele>1092</ele>
						<time>2026-05-02T21:19:34Z</time>
					</trkpt>
					<trkpt lat="44.670070" lon="2.879390">
						<ele>1093</ele>
						<time>2026-05-02T21:20:29Z</time>
					</trkpt>
					<trkpt lat="44.669980" lon="2.878870">
						<ele>1092</ele>
						<time>2026-05-02T21:21:20Z</time>
					</trkpt>
					<trkpt lat="44.669790" lon="2.877630">
						<ele>1088</ele>
						<time>2026-05-02T21:23:20Z</time>
					</trkpt>
					<trkpt lat="44.669710" lon="2.877240">
						<ele>1086</ele>
						<time>2026-05-02T21:23:59Z</time>
					</trkpt>
					<trkpt lat="44.669710" lon="2.877240">
						<ele>1086</ele>
						<time>2026-05-02T21:23:59Z</time>
					</trkpt>
					<trkpt lat="44.669680" lon="2.877100">
						<ele>1085</ele>
						<time>2026-05-02T21:24:13Z</time>
					</trkpt>
					<trkpt lat="44.669510" lon="2.876110">
						<ele>1081</ele>
						<time>2026-05-02T21:25:49Z</time>
					</trkpt>
					<trkpt lat="44.669460" lon="2.875600">
						<ele>1079</ele>
						<time>2026-05-02T21:26:38Z</time>
					</trkpt>
					<trkpt lat="44.669470" lon="2.875470">
						<ele>1078</ele>
						<time>2026-05-02T21:26:51Z</time>
					</trkpt>
					<trkpt lat="44.669500" lon="2.875320">
						<ele>1077</ele>
						<time>2026-05-02T21:27:06Z</time>
					</trkpt>
					<trkpt lat="44.669480" lon="2.875220">
						<ele>1077</ele>
						<time>2026-05-02T21:27:15Z</time>
					</trkpt>
					<trkpt lat="44.669310" lon="2.874060">
						<ele>1071</ele>
						<time>2026-05-02T21:29:08Z</time>
					</trkpt>
					<trkpt lat="44.668860" lon="2.872010">
						<ele>1069</ele>
						<time>2026-05-02T21:32:31Z</time>
					</trkpt>
					<trkpt lat="44.668850" lon="2.871710">
						<ele>1070</ele>
						<time>2026-05-02T21:33:00Z</time>
					</trkpt>
					<trkpt lat="44.668850" lon="2.871510">
						<ele>1071</ele>
						<time>2026-05-02T21:33:19Z</time>
					</trkpt>
					<trkpt lat="44.668870" lon="2.871400">
						<ele>1071</ele>
						<time>2026-05-02T21:33:30Z</time>
					</trkpt>
					<trkpt lat="44.668950" lon="2.871170">
						<ele>1071</ele>
						<time>2026-05-02T21:33:54Z</time>
					</trkpt>
					<trkpt lat="44.669230" lon="2.870500">
						<ele>1073</ele>
						<time>2026-05-02T21:35:08Z</time>
					</trkpt>
					<trkpt lat="44.669340" lon="2.870280">
						<ele>1073</ele>
						<time>2026-05-02T21:35:33Z</time>
					</trkpt>
					<trkpt lat="44.669560" lon="2.870050">
						<ele>1073</ele>
						<time>2026-05-02T21:36:10Z</time>
					</trkpt>
					<trkpt lat="44.670120" lon="2.869680">
						<ele>1073</ele>
						<time>2026-05-02T21:37:32Z</time>
					</trkpt>
					<trkpt lat="44.670800" lon="2.869210">
						<ele>1068</ele>
						<time>2026-05-02T21:39:14Z</time>
					</trkpt>
					<trkpt lat="44.670870" lon="2.869170">
						<ele>1068</ele>
						<time>2026-05-02T21:39:24Z</time>
					</trkpt>
					<trkpt lat="44.671580" lon="2.869000">
						<ele>1062</ele>
						<time>2026-05-02T21:41:00Z</time>
					</trkpt>
					<trkpt lat="44.672430" lon="2.868720">
						<ele>1056</ele>
						<time>2026-05-02T21:42:56Z</time>
					</trkpt>
					<trkpt lat="44.672570" lon="2.868680">
						<ele>1056</ele>
						<time>2026-05-02T21:43:15Z</time>
					</trkpt>
					<trkpt lat="44.672710" lon="2.868610">
						<ele>1058</ele>
						<time>2026-05-02T21:43:35Z</time>
					</trkpt>
					<trkpt lat="44.672850" lon="2.868450">
						<ele>1059</ele>
						<time>2026-05-02T21:43:59Z</time>
					</trkpt>
					<trkpt lat="44.673010" lon="2.868150">
						<ele>1060</ele>
						<time>2026-05-02T21:44:35Z</time>
					</trkpt>
					<trkpt lat="44.673320" lon="2.867790">
						<ele>1063</ele>
						<time>2026-05-02T21:45:28Z</time>
					</trkpt>
					<trkpt lat="44.673490" lon="2.867520">
						<ele>1064</ele>
						<time>2026-05-02T21:46:03Z</time>
					</trkpt>
					<trkpt lat="44.673580" lon="2.867260">
						<ele>1066</ele>
						<time>2026-05-02T21:46:30Z</time>
					</trkpt>
					<trkpt lat="44.673620" lon="2.866970">
						<ele>1067</ele>
						<time>2026-05-02T21:46:58Z</time>
					</trkpt>
					<trkpt lat="44.673590" lon="2.866560">
						<ele>1067</ele>
						<time>2026-05-02T21:47:37Z</time>
					</trkpt>
					<trkpt lat="44.673620" lon="2.866200">
						<ele>1068</ele>
						<time>2026-05-02T21:48:12Z</time>
					</trkpt>
					<trkpt lat="44.674040" lon="2.865130">
						<ele>1071</ele>
						<time>2026-05-02T21:50:08Z</time>
					</trkpt>
					<trkpt lat="44.674180" lon="2.865010">
						<ele>1072</ele>
						<time>2026-05-02T21:50:29Z</time>
					</trkpt>
					<trkpt lat="44.674300" lon="2.864970">
						<ele>1072</ele>
						<time>2026-05-02T21:50:46Z</time>
					</trkpt>
					<trkpt lat="44.674470" lon="2.865030">
						<ele>1072</ele>
						<time>2026-05-02T21:51:09Z</time>
					</trkpt>
					<trkpt lat="44.674330" lon="2.864870">
						<ele>1071</ele>
						<time>2026-05-02T21:51:33Z</time>
					</trkpt>
					<trkpt lat="44.674270" lon="2.864750">
						<ele>1070</ele>
						<time>2026-05-02T21:51:47Z</time>
					</trkpt>
					<trkpt lat="44.674260" lon="2.864620">
						<ele>1069</ele>
						<time>2026-05-02T21:52:00Z</time>
					</trkpt>
					<trkpt lat="44.674260" lon="2.864420">
						<ele>1067</ele>
						<time>2026-05-02T21:52:19Z</time>
					</trkpt>
					<trkpt lat="44.674290" lon="2.864210">
						<ele>1065</ele>
						<time>2026-05-02T21:52:39Z</time>
					</trkpt>
					<trkpt lat="44.674410" lon="2.863870">
						<ele>1062</ele>
						<time>2026-05-02T21:53:15Z</time>
					</trkpt>
					<trkpt lat="44.674710" lon="2.863270">
						<ele>1055</ele>
						<time>2026-05-02T21:54:25Z</time>
					</trkpt>
					<trkpt lat="44.674940" lon="2.862650">
						<ele>1052</ele>
						<time>2026-05-02T21:55:31Z</time>
					</trkpt>
					<trkpt lat="44.675370" lon="2.861080">
						<ele>1045</ele>
						<time>2026-05-02T21:58:11Z</time>
					</trkpt>
					<trkpt lat="44.675420" lon="2.860810">
						<ele>1043</ele>
						<time>2026-05-02T21:58:37Z</time>
					</trkpt>
					<trkpt lat="44.675460" lon="2.860550">
						<ele>1041</ele>
						<time>2026-05-02T21:59:02Z</time>
					</trkpt>
					<trkpt lat="44.675520" lon="2.860270">
						<ele>1039</ele>
						<time>2026-05-02T21:59:30Z</time>
					</trkpt>
					<trkpt lat="44.675520" lon="2.860010">
						<ele>1037</ele>
						<time>2026-05-02T21:59:55Z</time>
					</trkpt>
					<trkpt lat="44.675480" lon="2.859550">
						<ele>1035</ele>
						<time>2026-05-02T22:00:39Z</time>
					</trkpt>
					<trkpt lat="44.675540" lon="2.859090">
						<ele>1033</ele>
						<time>2026-05-02T22:01:23Z</time>
					</trkpt>
					<trkpt lat="44.675680" lon="2.858870">
						<ele>1033</ele>
						<time>2026-05-02T22:01:51Z</time>
					</trkpt>
					<trkpt lat="44.675780" lon="2.858830">
						<ele>1033</ele>
						<time>2026-05-02T22:02:05Z</time>
					</trkpt>
					<trkpt lat="44.675940" lon="2.858820">
						<ele>1033</ele>
						<time>2026-05-02T22:02:26Z</time>
					</trkpt>
					<trkpt lat="44.676070" lon="2.858720">
						<ele>1032</ele>
						<time>2026-05-02T22:02:46Z</time>
					</trkpt>
					<trkpt lat="44.676270" lon="2.858350">
						<ele>1032</ele>
						<time>2026-05-02T22:03:30Z</time>
					</trkpt>
					<trkpt lat="44.676440" lon="2.858080">
						<ele>1031</ele>
						<time>2026-05-02T22:04:05Z</time>
					</trkpt>
					<trkpt lat="44.676580" lon="2.857340">
						<ele>1030</ele>
						<time>2026-05-02T22:05:17Z</time>
					</trkpt>
					<trkpt lat="44.676680" lon="2.857010">
						<ele>1030</ele>
						<time>2026-05-02T22:05:51Z</time>
					</trkpt>
					<trkpt lat="44.676780" lon="2.856760">
						<ele>1031</ele>
						<time>2026-05-02T22:06:18Z</time>
					</trkpt>
					<trkpt lat="44.676890" lon="2.856580">
						<ele>1031</ele>
						<time>2026-05-02T22:06:41Z</time>
					</trkpt>
					<trkpt lat="44.677060" lon="2.856130">
						<ele>1034</ele>
						<time>2026-05-02T22:07:29Z</time>
					</trkpt>
					<trkpt lat="44.677400" lon="2.855600">
						<ele>1037</ele>
						<time>2026-05-02T22:08:37Z</time>
					</trkpt>
					<trkpt lat="44.677570" lon="2.855420">
						<ele>1038</ele>
						<time>2026-05-02T22:09:05Z</time>
					</trkpt>
					<trkpt lat="44.677760" lon="2.855020">
						<ele>1040</ele>
						<time>2026-05-02T22:09:51Z</time>
					</trkpt>
					<trkpt lat="44.677810" lon="2.854820">
						<ele>1040</ele>
						<time>2026-05-02T22:10:11Z</time>
					</trkpt>
					<trkpt lat="44.677800" lon="2.854740">
						<ele>1040</ele>
						<time>2026-05-02T22:10:19Z</time>
					</trkpt>
					<trkpt lat="44.677830" lon="2.854690">
						<ele>1040</ele>
						<time>2026-05-02T22:10:25Z</time>
					</trkpt>
					<trkpt lat="44.678450" lon="2.853770">
						<ele>1043</ele>
						<time>2026-05-02T22:12:25Z</time>
					</trkpt>
					<trkpt lat="44.679030" lon="2.852840">
						<ele>1043</ele>
						<time>2026-05-02T22:14:23Z</time>
					</trkpt>
					<trkpt lat="44.679380" lon="2.852320">
						<ele>1042</ele>
						<time>2026-05-02T22:15:31Z</time>
					</trkpt>
					<trkpt lat="44.679620" lon="2.852030">
						<ele>1039</ele>
						<time>2026-05-02T22:16:13Z</time>
					</trkpt>
					<trkpt lat="44.679710" lon="2.851960">
						<ele>1039</ele>
						<time>2026-05-02T22:16:27Z</time>
					</trkpt>
					<trkpt lat="44.679780" lon="2.851920">
						<ele>1038</ele>
						<time>2026-05-02T22:16:37Z</time>
					</trkpt>
					<trkpt lat="44.679930" lon="2.851880">
						<ele>1038</ele>
						<time>2026-05-02T22:16:57Z</time>
					</trkpt>
					<trkpt lat="44.680030" lon="2.851880">
						<ele>1037</ele>
						<time>2026-05-02T22:17:10Z</time>
					</trkpt>
					<trkpt lat="44.680060" lon="2.851900">
						<ele>1037</ele>
						<time>2026-05-02T22:17:15Z</time>
					</trkpt>
					<trkpt lat="44.680220" lon="2.852020">
						<ele>1035</ele>
						<time>2026-05-02T22:17:39Z</time>
					</trkpt>
					<trkpt lat="44.680430" lon="2.852390">
						<ele>1035</ele>
						<time>2026-05-02T22:18:24Z</time>
					</trkpt>
					<trkpt lat="44.680550" lon="2.852480">
						<ele>1034</ele>
						<time>2026-05-02T22:18:42Z</time>
					</trkpt>
					<trkpt lat="44.680720" lon="2.852490">
						<ele>1032</ele>
						<time>2026-05-02T22:19:05Z</time>
					</trkpt>
					<trkpt lat="44.680850" lon="2.852430">
						<ele>1030</ele>
						<time>2026-05-02T22:19:23Z</time>
					</trkpt>
					<trkpt lat="44.681170" lon="2.852150">
						<ele>1027</ele>
						<time>2026-05-02T22:20:13Z</time>
					</trkpt>
					<trkpt lat="44.681360" lon="2.852060">
						<ele>1026</ele>
						<time>2026-05-02T22:20:40Z</time>
					</trkpt>
					<trkpt lat="44.681610" lon="2.851910">
						<ele>1023</ele>
						<time>2026-05-02T22:21:16Z</time>
					</trkpt>
					<trkpt lat="44.681640" lon="2.851840">
						<ele>1022</ele>
						<time>2026-05-02T22:21:24Z</time>
					</trkpt>
					<trkpt lat="44.681690" lon="2.851800">
						<ele>1022</ele>
						<time>2026-05-02T22:21:32Z</time>
					</trkpt>
					<trkpt lat="44.681930" lon="2.851790">
						<ele>1020</ele>
						<time>2026-05-02T22:22:04Z</time>
					</trkpt>
					<trkpt lat="44.682210" lon="2.851770">
						<ele>1019</ele>
						<time>2026-05-02T22:22:41Z</time>
					</trkpt>
					<trkpt lat="44.682270" lon="2.851760">
						<ele>1019</ele>
						<time>2026-05-02T22:22:49Z</time>
					</trkpt>
					<trkpt lat="44.682490" lon="2.851630">
						<ele>1017</ele>
						<time>2026-05-02T22:23:21Z</time>
					</trkpt>
					<trkpt lat="44.682740" lon="2.851410">
						<ele>1016</ele>
						<time>2026-05-02T22:24:01Z</time>
					</trkpt>
					<trkpt lat="44.682890" lon="2.851220">
						<ele>1015</ele>
						<time>2026-05-02T22:24:28Z</time>
					</trkpt>
					<trkpt lat="44.683000" lon="2.851130">
						<ele>1015</ele>
						<time>2026-05-02T22:24:45Z</time>
					</trkpt>
					<trkpt lat="44.682990" lon="2.851080">
						<ele>1015</ele>
						<time>2026-05-02T22:24:49Z</time>
					</trkpt>
					<trkpt lat="44.683000" lon="2.851030">
						<ele>1015</ele>
						<time>2026-05-02T22:24:54Z</time>
					</trkpt>
					<trkpt lat="44.683010" lon="2.850990">
						<ele>1015</ele>
						<time>2026-05-02T22:24:58Z</time>
					</trkpt>
					<trkpt lat="44.683040" lon="2.850950">
						<ele>1015</ele>
						<time>2026-05-02T22:25:04Z</time>
					</trkpt>
					<trkpt lat="44.683060" lon="2.850930">
						<ele>1015</ele>
						<time>2026-05-02T22:25:07Z</time>
					</trkpt>
					<trkpt lat="44.683100" lon="2.850920">
						<ele>1014</ele>
						<time>2026-05-02T22:25:13Z</time>
					</trkpt>
					<trkpt lat="44.683130" lon="2.850930">
						<ele>1014</ele>
						<time>2026-05-02T22:25:17Z</time>
					</trkpt>
					<trkpt lat="44.683160" lon="2.850670">
						<ele>1014</ele>
						<time>2026-05-02T22:25:42Z</time>
					</trkpt>
					<trkpt lat="44.683280" lon="2.850360">
						<ele>1013</ele>
						<time>2026-05-02T22:26:15Z</time>
					</trkpt>
					<trkpt lat="44.683750" lon="2.850710">
						<ele>1011</ele>
						<time>2026-05-02T22:27:26Z</time>
					</trkpt>
					<trkpt lat="44.683930" lon="2.850820">
						<ele>1010</ele>
						<time>2026-05-02T22:27:52Z</time>
					</trkpt>
					<trkpt lat="44.684040" lon="2.850870">
						<ele>1009</ele>
						<time>2026-05-02T22:28:08Z</time>
					</trkpt>
					<trkpt lat="44.684160" lon="2.850950">
						<ele>1008</ele>
						<time>2026-05-02T22:28:26Z</time>
					</trkpt>
					<trkpt lat="44.684580" lon="2.851130">
						<ele>1008</ele>
						<time>2026-05-02T22:29:24Z</time>
					</trkpt>
					<trkpt lat="44.684940" lon="2.851290">
						<ele>1007</ele>
						<time>2026-05-02T22:30:15Z</time>
					</trkpt>
					<trkpt lat="44.685210" lon="2.851390">
						<ele>1005</ele>
						<time>2026-05-02T22:30:52Z</time>
					</trkpt>
					<trkpt lat="44.685370" lon="2.851330">
						<ele>1004</ele>
						<time>2026-05-02T22:31:14Z</time>
					</trkpt>
					<trkpt lat="44.685560" lon="2.851230">
						<ele>1002</ele>
						<time>2026-05-02T22:31:41Z</time>
					</trkpt>
					<trkpt lat="44.685740" lon="2.851100">
						<ele>1001</ele>
						<time>2026-05-02T22:32:08Z</time>
					</trkpt>
					<trkpt lat="44.686140" lon="2.850850">
						<ele>996</ele>
						<time>2026-05-02T22:33:06Z</time>
					</trkpt>
					<trkpt lat="44.686240" lon="2.850790">
						<ele>995</ele>
						<time>2026-05-02T22:33:21Z</time>
					</trkpt>
					<trkpt lat="44.686250" lon="2.850850">
						<ele>995</ele>
						<time>2026-05-02T22:33:27Z</time>
					</trkpt>
					<trkpt lat="44.686180" lon="2.851400">
						<ele>995</ele>
						<time>2026-05-02T22:34:20Z</time>
					</trkpt>
					<trkpt lat="44.686460" lon="2.852130">
						<ele>993</ele>
						<time>2026-05-02T22:35:38Z</time>
					</trkpt>
					<trkpt lat="44.686690" lon="2.853050">
						<ele>993</ele>
						<time>2026-05-02T22:37:11Z</time>
					</trkpt>
					<trkpt lat="44.686740" lon="2.853360">
						<ele>994</ele>
						<time>2026-05-02T22:37:41Z</time>
					</trkpt>
					<trkpt lat="44.686770" lon="2.853900">
						<ele>998</ele>
						<time>2026-05-02T22:38:32Z</time>
					</trkpt>
					<trkpt lat="44.687080" lon="2.854910">
						<ele>996</ele>
						<time>2026-05-02T22:40:17Z</time>
					</trkpt>
					<trkpt lat="44.687150" lon="2.855280">
						<ele>994</ele>
						<time>2026-05-02T22:40:53Z</time>
					</trkpt>
					<trkpt lat="44.687230" lon="2.856400">
						<ele>991</ele>
						<time>2026-05-02T22:42:40Z</time>
					</trkpt>
					<trkpt lat="44.687310" lon="2.856620">
						<ele>990</ele>
						<time>2026-05-02T22:43:03Z</time>
					</trkpt>
					<trkpt lat="44.687640" lon="2.857040">
						<ele>988</ele>
						<time>2026-05-02T22:44:03Z</time>
					</trkpt>
					<trkpt lat="44.687730" lon="2.857190">
						<ele>988</ele>
						<time>2026-05-02T22:44:21Z</time>
					</trkpt>
					<trkpt lat="44.687810" lon="2.857360">
						<ele>989</ele>
						<time>2026-05-02T22:44:41Z</time>
					</trkpt>
					<trkpt lat="44.687860" lon="2.857640">
						<ele>990</ele>
						<time>2026-05-02T22:45:08Z</time>
					</trkpt>
					<trkpt lat="44.687930" lon="2.857770">
						<ele>991</ele>
						<time>2026-05-02T22:45:24Z</time>
					</trkpt>
					<trkpt lat="44.688200" lon="2.858020">
						<ele>992</ele>
						<time>2026-05-02T22:46:07Z</time>
					</trkpt>
					<trkpt lat="44.688290" lon="2.858180">
						<ele>992</ele>
						<time>2026-05-02T22:46:26Z</time>
					</trkpt>
					<trkpt lat="44.688430" lon="2.858620">
						<ele>994</ele>
						<time>2026-05-02T22:47:12Z</time>
					</trkpt>
					<trkpt lat="44.688500" lon="2.858770">
						<ele>995</ele>
						<time>2026-05-02T22:47:29Z</time>
					</trkpt>
					<trkpt lat="44.688890" lon="2.859510">
						<ele>1001</ele>
						<time>2026-05-02T22:48:56Z</time>
					</trkpt>
					<trkpt lat="44.689030" lon="2.859680">
						<ele>1003</ele>
						<time>2026-05-02T22:49:21Z</time>
					</trkpt>
					<trkpt lat="44.689200" lon="2.859830">
						<ele>1004</ele>
						<time>2026-05-02T22:49:48Z</time>
					</trkpt>
					<trkpt lat="44.689260" lon="2.859940">
						<ele>1004</ele>
						<time>2026-05-02T22:50:01Z</time>
					</trkpt>
					<trkpt lat="44.689280" lon="2.860070">
						<ele>1005</ele>
						<time>2026-05-02T22:50:14Z</time>
					</trkpt>
					<trkpt lat="44.689280" lon="2.860280">
						<ele>1006</ele>
						<time>2026-05-02T22:50:33Z</time>
					</trkpt>
					<trkpt lat="44.689180" lon="2.860980">
						<ele>1013</ele>
						<time>2026-05-02T22:51:41Z</time>
					</trkpt>
					<trkpt lat="44.689120" lon="2.862340">
						<ele>1020</ele>
						<time>2026-05-02T22:53:50Z</time>
					</trkpt>
					<trkpt lat="44.689110" lon="2.862980">
						<ele>1024</ele>
						<time>2026-05-02T22:54:51Z</time>
					</trkpt>
					<trkpt lat="44.689290" lon="2.864440">
						<ele>1034</ele>
						<time>2026-05-02T22:57:12Z</time>
					</trkpt>
					<trkpt lat="44.689310" lon="2.864630">
						<ele>1035</ele>
						<time>2026-05-02T22:57:30Z</time>
					</trkpt>
					<trkpt lat="44.689770" lon="2.866050">
						<ele>1043</ele>
						<time>2026-05-02T22:59:58Z</time>
					</trkpt>
					<trkpt lat="44.690030" lon="2.866580">
						<ele>1047</ele>
						<time>2026-05-02T23:00:59Z</time>
					</trkpt>
					<trkpt lat="44.691220" lon="2.867930">
						<ele>1057</ele>
						<time>2026-05-02T23:04:23Z</time>
					</trkpt>
					<trkpt lat="44.691320" lon="2.868090">
						<ele>1059</ele>
						<time>2026-05-02T23:04:43Z</time>
					</trkpt>
					<trkpt lat="44.691370" lon="2.868320">
						<ele>1062</ele>
						<time>2026-05-02T23:05:06Z</time>
					</trkpt>
					<trkpt lat="44.691310" lon="2.868800">
						<ele>1063</ele>
						<time>2026-05-02T23:05:52Z</time>
					</trkpt>
					<trkpt lat="44.691350" lon="2.868820">
						<ele>1064</ele>
						<time>2026-05-02T23:05:58Z</time>
					</trkpt>
					<trkpt lat="44.691600" lon="2.868620">
						<ele>1065</ele>
						<time>2026-05-02T23:06:36Z</time>
					</trkpt>
					<trkpt lat="44.691750" lon="2.868700">
						<ele>1067</ele>
						<time>2026-05-02T23:06:58Z</time>
					</trkpt>
					<trkpt lat="44.692510" lon="2.869830">
						<ele>1081</ele>
						<time>2026-05-02T23:09:25Z</time>
					</trkpt>
					<trkpt lat="44.692730" lon="2.870540">
						<ele>1087</ele>
						<time>2026-05-02T23:10:39Z</time>
					</trkpt>
					<trkpt lat="44.692850" lon="2.871110">
						<ele>1090</ele>
						<time>2026-05-02T23:11:35Z</time>
					</trkpt>
					<trkpt lat="44.693180" lon="2.872180">
						<ele>1097</ele>
						<time>2026-05-02T23:13:26Z</time>
					</trkpt>
					<trkpt lat="44.694320" lon="2.875800">
						<ele>1111</ele>
						<time>2026-05-02T23:19:42Z</time>
					</trkpt>
					<trkpt lat="44.694910" lon="2.877430">
						<ele>1118</ele>
						<time>2026-05-02T23:22:35Z</time>
					</trkpt>
					<trkpt lat="44.694960" lon="2.877630">
						<ele>1119</ele>
						<time>2026-05-02T23:22:55Z</time>
					</trkpt>
					<trkpt lat="44.695040" lon="2.877870">
						<ele>1121</ele>
						<time>2026-05-02T23:23:20Z</time>
					</trkpt>
					<trkpt lat="44.695090" lon="2.878170">
						<ele>1123</ele>
						<time>2026-05-02T23:23:50Z</time>
					</trkpt>
					<trkpt lat="44.695100" lon="2.878900">
						<ele>1130</ele>
						<time>2026-05-02T23:24:59Z</time>
					</trkpt>
					<trkpt lat="44.695190" lon="2.879710">
						<ele>1138</ele>
						<time>2026-05-02T23:26:17Z</time>
					</trkpt>
					<trkpt lat="44.695230" lon="2.879930">
						<ele>1141</ele>
						<time>2026-05-02T23:26:38Z</time>
					</trkpt>
					<trkpt lat="44.695340" lon="2.880410">
						<ele>1146</ele>
						<time>2026-05-02T23:27:26Z</time>
					</trkpt>
					<trkpt lat="44.695380" lon="2.880670">
						<ele>1148</ele>
						<time>2026-05-02T23:27:51Z</time>
					</trkpt>
					<trkpt lat="44.695430" lon="2.881050">
						<ele>1151</ele>
						<time>2026-05-02T23:28:28Z</time>
					</trkpt>
					<trkpt lat="44.695550" lon="2.881360">
						<ele>1155</ele>
						<time>2026-05-02T23:29:01Z</time>
					</trkpt>
					<trkpt lat="44.695670" lon="2.881600">
						<ele>1158</ele>
						<time>2026-05-02T23:29:29Z</time>
					</trkpt>
					<trkpt lat="44.695810" lon="2.881930">
						<ele>1163</ele>
						<time>2026-05-02T23:30:06Z</time>
					</trkpt>
					<trkpt lat="44.695950" lon="2.882330">
						<ele>1167</ele>
						<time>2026-05-02T23:30:48Z</time>
					</trkpt>
					<trkpt lat="44.696070" lon="2.882580">
						<ele>1170</ele>
						<time>2026-05-02T23:31:17Z</time>
					</trkpt>
					<trkpt lat="44.696490" lon="2.883000">
						<ele>1177</ele>
						<time>2026-05-02T23:32:25Z</time>
					</trkpt>
					<trkpt lat="44.696690" lon="2.883210">
						<ele>1180</ele>
						<time>2026-05-02T23:32:59Z</time>
					</trkpt>
					<trkpt lat="44.697020" lon="2.883520">
						<ele>1184</ele>
						<time>2026-05-02T23:33:52Z</time>
					</trkpt>
					<trkpt lat="44.697140" lon="2.883690">
						<ele>1185</ele>
						<time>2026-05-02T23:34:14Z</time>
					</trkpt>
					<trkpt lat="44.697270" lon="2.883830">
						<ele>1187</ele>
						<time>2026-05-02T23:34:36Z</time>
					</trkpt>
					<trkpt lat="44.697450" lon="2.884410">
						<ele>1191</ele>
						<time>2026-05-02T23:35:36Z</time>
					</trkpt>
					<trkpt lat="44.697530" lon="2.884600">
						<ele>1192</ele>
						<time>2026-05-02T23:35:57Z</time>
					</trkpt>
					<trkpt lat="44.697720" lon="2.885140">
						<ele>1195</ele>
						<time>2026-05-02T23:36:54Z</time>
					</trkpt>
					<trkpt lat="44.697810" lon="2.885430">
						<ele>1197</ele>
						<time>2026-05-02T23:37:24Z</time>
					</trkpt>
					<trkpt lat="44.698100" lon="2.886220">
						<ele>1199</ele>
						<time>2026-05-02T23:38:49Z</time>
					</trkpt>
					<trkpt lat="44.698220" lon="2.886490">
						<ele>1199</ele>
						<time>2026-05-02T23:39:19Z</time>
					</trkpt>
					<trkpt lat="44.698370" lon="2.886860">
						<ele>1200</ele>
						<time>2026-05-02T23:39:59Z</time>
					</trkpt>
					<trkpt lat="44.698560" lon="2.887250">
						<ele>1202</ele>
						<time>2026-05-02T23:40:44Z</time>
					</trkpt>
					<trkpt lat="44.698720" lon="2.887640">
						<ele>1204</ele>
						<time>2026-05-02T23:41:27Z</time>
					</trkpt>
					<trkpt lat="44.698790" lon="2.888150">
						<ele>1203</ele>
						<time>2026-05-02T23:42:16Z</time>
					</trkpt>
					<trkpt lat="44.698800" lon="2.888260">
						<ele>1203</ele>
						<time>2026-05-02T23:42:27Z</time>
					</trkpt>
					<trkpt lat="44.698810" lon="2.888380">
						<ele>1202</ele>
						<time>2026-05-02T23:42:38Z</time>
					</trkpt>
					<trkpt lat="44.698850" lon="2.888620">
						<ele>1203</ele>
						<time>2026-05-02T23:43:01Z</time>
					</trkpt>
					<trkpt lat="44.698940" lon="2.889100">
						<ele>1203</ele>
						<time>2026-05-02T23:43:48Z</time>
					</trkpt>
					<trkpt lat="44.699030" lon="2.889360">
						<ele>1203</ele>
						<time>2026-05-02T23:44:16Z</time>
					</trkpt>
					<trkpt lat="44.699090" lon="2.889600">
						<ele>1204</ele>
						<time>2026-05-02T23:44:40Z</time>
					</trkpt>
					<trkpt lat="44.699200" lon="2.890130">
						<ele>1204</ele>
						<time>2026-05-02T23:45:32Z</time>
					</trkpt>
					<trkpt lat="44.699300" lon="2.890590">
						<ele>1204</ele>
						<time>2026-05-02T23:46:18Z</time>
					</trkpt>
					<trkpt lat="44.699480" lon="2.891390">
						<ele>1205</ele>
						<time>2026-05-02T23:47:38Z</time>
					</trkpt>
					<trkpt lat="44.700200" lon="2.894760">
						<ele>1206</ele>
						<time>2026-05-02T23:53:11Z</time>
					</trkpt>
					<trkpt lat="44.700280" lon="2.895440">
						<ele>1207</ele>
						<time>2026-05-02T23:54:17Z</time>
					</trkpt>
					<trkpt lat="44.700270" lon="2.895560">
						<ele>1207</ele>
						<time>2026-05-02T23:54:28Z</time>
					</trkpt>
					<trkpt lat="44.700200" lon="2.895780">
						<ele>1207</ele>
						<time>2026-05-02T23:54:51Z</time>
					</trkpt>
					<trkpt lat="44.699650" lon="2.896930">
						<ele>1210</ele>
						<time>2026-05-02T23:57:03Z</time>
					</trkpt>
					<trkpt lat="44.699400" lon="2.897530">
						<ele>1212</ele>
						<time>2026-05-02T23:58:09Z</time>
					</trkpt>
					<trkpt lat="44.699230" lon="2.898090">
						<ele>1214</ele>
						<time>2026-05-02T23:59:06Z</time>
					</trkpt>
					<trkpt lat="44.698960" lon="2.899240">
						<ele>1217</ele>
						<time>2026-05-03T00:01:01Z</time>
					</trkpt>
					<trkpt lat="44.698770" lon="2.900080">
						<ele>1222</ele>
						<time>2026-05-03T00:02:25Z</time>
					</trkpt>
					<trkpt lat="44.698490" lon="2.901110">
						<ele>1224</ele>
						<time>2026-05-03T00:04:09Z</time>
					</trkpt>
					<trkpt lat="44.698350" lon="2.901550">
						<ele>1224</ele>
						<time>2026-05-03T00:04:55Z</time>
					</trkpt>
					<trkpt lat="44.697980" lon="2.902320">
						<ele>1222</ele>
						<time>2026-05-03T00:06:23Z</time>
					</trkpt>
					<trkpt lat="44.697950" lon="2.902600">
						<ele>1222</ele>
						<time>2026-05-03T00:06:50Z</time>
					</trkpt>
					<trkpt lat="44.697980" lon="2.902870">
						<ele>1222</ele>
						<time>2026-05-03T00:07:16Z</time>
					</trkpt>
					<trkpt lat="44.697960" lon="2.903130">
						<ele>1222</ele>
						<time>2026-05-03T00:07:41Z</time>
					</trkpt>
					<trkpt lat="44.697900" lon="2.903300">
						<ele>1221</ele>
						<time>2026-05-03T00:07:59Z</time>
					</trkpt>
					<trkpt lat="44.697790" lon="2.903430">
						<ele>1220</ele>
						<time>2026-05-03T00:08:18Z</time>
					</trkpt>
					<trkpt lat="44.697550" lon="2.903610">
						<ele>1217</ele>
						<time>2026-05-03T00:08:54Z</time>
					</trkpt>
					<trkpt lat="44.697370" lon="2.903890">
						<ele>1216</ele>
						<time>2026-05-03T00:09:30Z</time>
					</trkpt>
					<trkpt lat="44.697330" lon="2.904010">
						<ele>1216</ele>
						<time>2026-05-03T00:09:43Z</time>
					</trkpt>
					<trkpt lat="44.697300" lon="2.904200">
						<ele>1216</ele>
						<time>2026-05-03T00:10:01Z</time>
					</trkpt>
					<trkpt lat="44.697280" lon="2.904440">
						<ele>1219</ele>
						<time>2026-05-03T00:10:24Z</time>
					</trkpt>
					<trkpt lat="44.697240" lon="2.904590">
						<ele>1220</ele>
						<time>2026-05-03T00:10:39Z</time>
					</trkpt>
					<trkpt lat="44.697120" lon="2.904800">
						<ele>1221</ele>
						<time>2026-05-03T00:11:05Z</time>
					</trkpt>
					<trkpt lat="44.697030" lon="2.904990">
						<ele>1222</ele>
						<time>2026-05-03T00:11:27Z</time>
					</trkpt>
					<trkpt lat="44.696980" lon="2.905140">
						<ele>1224</ele>
						<time>2026-05-03T00:11:42Z</time>
					</trkpt>
					<trkpt lat="44.696870" lon="2.905360">
						<ele>1226</ele>
						<time>2026-05-03T00:12:08Z</time>
					</trkpt>
					<trkpt lat="44.696820" lon="2.905410">
						<ele>1226</ele>
						<time>2026-05-03T00:12:16Z</time>
					</trkpt>
					<trkpt lat="44.696680" lon="2.905460">
						<ele>1225</ele>
						<time>2026-05-03T00:12:35Z</time>
					</trkpt>
					<trkpt lat="44.696530" lon="2.905490">
						<ele>1225</ele>
						<time>2026-05-03T00:12:55Z</time>
					</trkpt>
					<trkpt lat="44.696220" lon="2.905590">
						<ele>1225</ele>
						<time>2026-05-03T00:13:38Z</time>
					</trkpt>
					<trkpt lat="44.695840" lon="2.905850">
						<ele>1226</ele>
						<time>2026-05-03T00:14:34Z</time>
					</trkpt>
					<trkpt lat="44.695620" lon="2.906020">
						<ele>1227</ele>
						<time>2026-05-03T00:15:08Z</time>
					</trkpt>
					<trkpt lat="44.695440" lon="2.906210">
						<ele>1227</ele>
						<time>2026-05-03T00:15:38Z</time>
					</trkpt>
					<trkpt lat="44.695060" lon="2.906540">
						<ele>1228</ele>
						<time>2026-05-03T00:16:37Z</time>
					</trkpt>
					<trkpt lat="44.694880" lon="2.906790">
						<ele>1229</ele>
						<time>2026-05-03T00:17:11Z</time>
					</trkpt>
					<trkpt lat="44.694700" lon="2.907030">
						<ele>1229</ele>
						<time>2026-05-03T00:17:44Z</time>
					</trkpt>
					<trkpt lat="44.694500" lon="2.907290">
						<ele>1230</ele>
						<time>2026-05-03T00:18:21Z</time>
					</trkpt>
					<trkpt lat="44.694170" lon="2.907590">
						<ele>1231</ele>
						<time>2026-05-03T00:19:13Z</time>
					</trkpt>
					<trkpt lat="44.693800" lon="2.907960">
						<ele>1233</ele>
						<time>2026-05-03T00:20:14Z</time>
					</trkpt>
					<trkpt lat="44.693560" lon="2.908070">
						<ele>1233</ele>
						<time>2026-05-03T00:20:47Z</time>
					</trkpt>
					<trkpt lat="44.693300" lon="2.908040">
						<ele>1232</ele>
						<time>2026-05-03T00:21:22Z</time>
					</trkpt>
					<trkpt lat="44.693190" lon="2.908030">
						<ele>1234</ele>
						<time>2026-05-03T00:21:37Z</time>
					</trkpt>
					<trkpt lat="44.693010" lon="2.907910">
						<ele>1235</ele>
						<time>2026-05-03T00:22:03Z</time>
					</trkpt>
					<trkpt lat="44.692920" lon="2.907690">
						<ele>1235</ele>
						<time>2026-05-03T00:22:28Z</time>
					</trkpt>
					<trkpt lat="44.692820" lon="2.907400">
						<ele>1235</ele>
						<time>2026-05-03T00:22:58Z</time>
					</trkpt>
					<trkpt lat="44.692610" lon="2.906820">
						<ele>1236</ele>
						<time>2026-05-03T00:24:00Z</time>
					</trkpt>
					<trkpt lat="44.692460" lon="2.906700">
						<ele>1237</ele>
						<time>2026-05-03T00:24:23Z</time>
					</trkpt>
					<trkpt lat="44.692340" lon="2.906670">
						<ele>1238</ele>
						<time>2026-05-03T00:24:39Z</time>
					</trkpt>
					<trkpt lat="44.692160" lon="2.906680">
						<ele>1238</ele>
						<time>2026-05-03T00:25:03Z</time>
					</trkpt>
					<trkpt lat="44.692080" lon="2.906740">
						<ele>1239</ele>
						<time>2026-05-03T00:25:15Z</time>
					</trkpt>
					<trkpt lat="44.691920" lon="2.906790">
						<ele>1240</ele>
						<time>2026-05-03T00:25:37Z</time>
					</trkpt>
					<trkpt lat="44.691770" lon="2.906930">
						<ele>1242</ele>
						<time>2026-05-03T00:26:01Z</time>
					</trkpt>
					<trkpt lat="44.691320" lon="2.907500">
						<ele>1245</ele>
						<time>2026-05-03T00:27:22Z</time>
					</trkpt>
					<trkpt lat="44.691210" lon="2.907690">
						<ele>1246</ele>
						<time>2026-05-03T00:27:45Z</time>
					</trkpt>
					<trkpt lat="44.691130" lon="2.907920">
						<ele>1248</ele>
						<time>2026-05-03T00:28:09Z</time>
					</trkpt>
					<trkpt lat="44.691070" lon="2.908350">
						<ele>1251</ele>
						<time>2026-05-03T00:28:51Z</time>
					</trkpt>
					<trkpt lat="44.690940" lon="2.908570">
						<ele>1252</ele>
						<time>2026-05-03T00:29:18Z</time>
					</trkpt>
					<trkpt lat="44.690820" lon="2.908750">
						<ele>1253</ele>
						<time>2026-05-03T00:29:42Z</time>
					</trkpt>
					<trkpt lat="44.690550" lon="2.908960">
						<ele>1253</ele>
						<time>2026-05-03T00:30:23Z</time>
					</trkpt>
					<trkpt lat="44.690400" lon="2.909160">
						<ele>1253</ele>
						<time>2026-05-03T00:30:50Z</time>
					</trkpt>
					<trkpt lat="44.690290" lon="2.909310">
						<ele>1254</ele>
						<time>2026-05-03T00:31:11Z</time>
					</trkpt>
					<trkpt lat="44.690100" lon="2.909550">
						<ele>1253</ele>
						<time>2026-05-03T00:31:45Z</time>
					</trkpt>
					<trkpt lat="44.689990" lon="2.909850">
						<ele>1254</ele>
						<time>2026-05-03T00:32:17Z</time>
					</trkpt>
					<trkpt lat="44.689920" lon="2.910230">
						<ele>1256</ele>
						<time>2026-05-03T00:32:54Z</time>
					</trkpt>
					<trkpt lat="44.689780" lon="2.910720">
						<ele>1257</ele>
						<time>2026-05-03T00:33:44Z</time>
					</trkpt>
					<trkpt lat="44.689720" lon="2.911050">
						<ele>1257</ele>
						<time>2026-05-03T00:34:17Z</time>
					</trkpt>
					<trkpt lat="44.689680" lon="2.911400">
						<ele>1257</ele>
						<time>2026-05-03T00:34:50Z</time>
					</trkpt>
					<trkpt lat="44.689710" lon="2.912010">
						<ele>1258</ele>
						<time>2026-05-03T00:35:48Z</time>
					</trkpt>
					<trkpt lat="44.689740" lon="2.912210">
						<ele>1259</ele>
						<time>2026-05-03T00:36:08Z</time>
					</trkpt>
					<trkpt lat="44.689850" lon="2.912660">
						<ele>1261</ele>
						<time>2026-05-03T00:36:53Z</time>
					</trkpt>
					<trkpt lat="44.689960" lon="2.912990">
						<ele>1262</ele>
						<time>2026-05-03T00:37:27Z</time>
					</trkpt>
					<trkpt lat="44.690180" lon="2.913510">
						<ele>1265</ele>
						<time>2026-05-03T00:38:25Z</time>
					</trkpt>
					<trkpt lat="44.690260" lon="2.913890">
						<ele>1265</ele>
						<time>2026-05-03T00:39:02Z</time>
					</trkpt>
					<trkpt lat="44.690290" lon="2.914060">
						<ele>1265</ele>
						<time>2026-05-03T00:39:19Z</time>
					</trkpt>
					<trkpt lat="44.690300" lon="2.914290">
						<ele>1265</ele>
						<time>2026-05-03T00:39:41Z</time>
					</trkpt>
					<trkpt lat="44.690300" lon="2.914640">
						<ele>1265</ele>
						<time>2026-05-03T00:40:14Z</time>
					</trkpt>
					<trkpt lat="44.690330" lon="2.915020">
						<ele>1265</ele>
						<time>2026-05-03T00:40:50Z</time>
					</trkpt>
					<trkpt lat="44.690330" lon="2.915300">
						<ele>1267</ele>
						<time>2026-05-03T00:41:17Z</time>
					</trkpt>
					<trkpt lat="44.690290" lon="2.915800">
						<ele>1268</ele>
						<time>2026-05-03T00:42:05Z</time>
					</trkpt>
					<trkpt lat="44.690290" lon="2.916050">
						<ele>1269</ele>
						<time>2026-05-03T00:42:28Z</time>
					</trkpt>
					<trkpt lat="44.690330" lon="2.916820">
						<ele>1272</ele>
						<time>2026-05-03T00:43:42Z</time>
					</trkpt>
					<trkpt lat="44.690330" lon="2.917220">
						<ele>1273</ele>
						<time>2026-05-03T00:44:19Z</time>
					</trkpt>
					<trkpt lat="44.690320" lon="2.917660">
						<ele>1274</ele>
						<time>2026-05-03T00:45:01Z</time>
					</trkpt>
					<trkpt lat="44.690330" lon="2.918390">
						<ele>1276</ele>
						<time>2026-05-03T00:46:11Z</time>
					</trkpt>
					<trkpt lat="44.690320" lon="2.918570">
						<ele>1276</ele>
						<time>2026-05-03T00:46:28Z</time>
					</trkpt>
					<trkpt lat="44.690330" lon="2.919400">
						<ele>1277</ele>
						<time>2026-05-03T00:47:46Z</time>
					</trkpt>
					<trkpt lat="44.690410" lon="2.920080">
						<ele>1277</ele>
						<time>2026-05-03T00:48:52Z</time>
					</trkpt>
					<trkpt lat="44.690460" lon="2.920430">
						<ele>1279</ele>
						<time>2026-05-03T00:49:26Z</time>
					</trkpt>
					<trkpt lat="44.690520" lon="2.920840">
						<ele>1280</ele>
						<time>2026-05-03T00:50:05Z</time>
					</trkpt>
					<trkpt lat="44.690610" lon="2.921680">
						<ele>1284</ele>
						<time>2026-05-03T00:51:26Z</time>
					</trkpt>
					<trkpt lat="44.690660" lon="2.921990">
						<ele>1285</ele>
						<time>2026-05-03T00:51:56Z</time>
					</trkpt>
					<trkpt lat="44.690900" lon="2.922730">
						<ele>1289</ele>
						<time>2026-05-03T00:53:13Z</time>
					</trkpt>
					<trkpt lat="44.690960" lon="2.923010">
						<ele>1291</ele>
						<time>2026-05-03T00:53:41Z</time>
					</trkpt>
					<trkpt lat="44.690960" lon="2.923330">
						<ele>1293</ele>
						<time>2026-05-03T00:54:11Z</time>
					</trkpt>
					<trkpt lat="44.690790" lon="2.923850">
						<ele>1295</ele>
						<time>2026-05-03T00:55:06Z</time>
					</trkpt>
					<trkpt lat="44.690660" lon="2.924170">
						<ele>1297</ele>
						<time>2026-05-03T00:55:41Z</time>
					</trkpt>
					<trkpt lat="44.690470" lon="2.924550">
						<ele>1299</ele>
						<time>2026-05-03T00:56:25Z</time>
					</trkpt>
					<trkpt lat="44.690310" lon="2.924740">
						<ele>1300</ele>
						<time>2026-05-03T00:56:53Z</time>
					</trkpt>
					<trkpt lat="44.690110" lon="2.925030">
						<ele>1301</ele>
						<time>2026-05-03T00:57:31Z</time>
					</trkpt>
					<trkpt lat="44.690000" lon="2.925220">
						<ele>1302</ele>
						<time>2026-05-03T00:57:54Z</time>
					</trkpt>
					<trkpt lat="44.690220" lon="2.925380">
						<ele>1305</ele>
						<time>2026-05-03T00:58:27Z</time>
					</trkpt>
					<trkpt lat="44.690290" lon="2.925510">
						<ele>1307</ele>
						<time>2026-05-03T00:58:43Z</time>
					</trkpt>
					<trkpt lat="44.690460" lon="2.925680">
						<ele>1309</ele>
						<time>2026-05-03T00:59:11Z</time>
					</trkpt>
					<trkpt lat="44.690610" lon="2.925790">
						<ele>1311</ele>
						<time>2026-05-03T00:59:33Z</time>
					</trkpt>
					<trkpt lat="44.690710" lon="2.925840">
						<ele>1312</ele>
						<time>2026-05-03T00:59:47Z</time>
					</trkpt>
					<trkpt lat="44.690870" lon="2.925810">
						<ele>1313</ele>
						<time>2026-05-03T01:00:09Z</time>
					</trkpt>
					<trkpt lat="44.690960" lon="2.925810">
						<ele>1314</ele>
						<time>2026-05-03T01:00:21Z</time>
					</trkpt>
					<trkpt lat="44.691020" lon="2.925850">
						<ele>1314</ele>
						<time>2026-05-03T01:00:30Z</time>
					</trkpt>
					<trkpt lat="44.691070" lon="2.925960">
						<ele>1315</ele>
						<time>2026-05-03T01:00:42Z</time>
					</trkpt>
					<trkpt lat="44.691100" lon="2.926170">
						<ele>1317</ele>
						<time>2026-05-03T01:01:02Z</time>
					</trkpt>
					<trkpt lat="44.691070" lon="2.926280">
						<ele>1317</ele>
						<time>2026-05-03T01:01:14Z</time>
					</trkpt>
					<trkpt lat="44.691070" lon="2.926370">
						<ele>1317</ele>
						<time>2026-05-03T01:01:22Z</time>
					</trkpt>
					<trkpt lat="44.691070" lon="2.926440">
						<ele>1318</ele>
						<time>2026-05-03T01:01:29Z</time>
					</trkpt>
					<trkpt lat="44.690980" lon="2.926750">
						<ele>1318</ele>
						<time>2026-05-03T01:02:01Z</time>
					</trkpt>
					<trkpt lat="44.691000" lon="2.926830">
						<ele>1318</ele>
						<time>2026-05-03T01:02:09Z</time>
					</trkpt>
					<trkpt lat="44.691030" lon="2.926950">
						<ele>1319</ele>
						<time>2026-05-03T01:02:21Z</time>
					</trkpt>
					<trkpt lat="44.691030" lon="2.927140">
						<ele>1319</ele>
						<time>2026-05-03T01:02:39Z</time>
					</trkpt>
					<trkpt lat="44.691070" lon="2.927330">
						<ele>1320</ele>
						<time>2026-05-03T01:02:58Z</time>
					</trkpt>
					<trkpt lat="44.691070" lon="2.927450">
						<ele>1320</ele>
						<time>2026-05-03T01:03:09Z</time>
					</trkpt>
					<trkpt lat="44.691130" lon="2.927470">
						<ele>1320</ele>
						<time>2026-05-03T01:03:17Z</time>
					</trkpt>
					<trkpt lat="44.691180" lon="2.927500">
						<ele>1321</ele>
						<time>2026-05-03T01:03:24Z</time>
					</trkpt>
					<trkpt lat="44.691190" lon="2.927560">
						<ele>1321</ele>
						<time>2026-05-03T01:03:30Z</time>
					</trkpt>
					<trkpt lat="44.691190" lon="2.927620">
						<ele>1321</ele>
						<time>2026-05-03T01:03:36Z</time>
					</trkpt>
					<trkpt lat="44.691230" lon="2.927630">
						<ele>1321</ele>
						<time>2026-05-03T01:03:41Z</time>
					</trkpt>
					<trkpt lat="44.691270" lon="2.927670">
						<ele>1322</ele>
						<time>2026-05-03T01:03:48Z</time>
					</trkpt>
					<trkpt lat="44.691310" lon="2.927890">
						<ele>1322</ele>
						<time>2026-05-03T01:04:09Z</time>
					</trkpt>
					<trkpt lat="44.691340" lon="2.927980">
						<ele>1322</ele>
						<time>2026-05-03T01:04:19Z</time>
					</trkpt>
					<trkpt lat="44.691410" lon="2.928090">
						<ele>1322</ele>
						<time>2026-05-03T01:04:33Z</time>
					</trkpt>
					<trkpt lat="44.691490" lon="2.928160">
						<ele>1322</ele>
						<time>2026-05-03T01:04:45Z</time>
					</trkpt>
					<trkpt lat="44.691640" lon="2.928250">
						<ele>1323</ele>
						<time>2026-05-03T01:05:07Z</time>
					</trkpt>
					<trkpt lat="44.691750" lon="2.928480">
						<ele>1323</ele>
						<time>2026-05-03T01:05:34Z</time>
					</trkpt>
					<trkpt lat="44.691790" lon="2.928580">
						<ele>1322</ele>
						<time>2026-05-03T01:05:44Z</time>
					</trkpt>
					<trkpt lat="44.691780" lon="2.928650">
						<ele>1322</ele>
						<time>2026-05-03T01:05:51Z</time>
					</trkpt>
					<trkpt lat="44.691770" lon="2.928730">
						<ele>1322</ele>
						<time>2026-05-03T01:05:59Z</time>
					</trkpt>
					<trkpt lat="44.691760" lon="2.928840">
						<ele>1322</ele>
						<time>2026-05-03T01:06:09Z</time>
					</trkpt>
					<trkpt lat="44.691740" lon="2.928920">
						<ele>1322</ele>
						<time>2026-05-03T01:06:17Z</time>
					</trkpt>
					<trkpt lat="44.691680" lon="2.929000">
						<ele>1321</ele>
						<time>2026-05-03T01:06:28Z</time>
					</trkpt>
					<trkpt lat="44.691610" lon="2.929020">
						<ele>1321</ele>
						<time>2026-05-03T01:06:38Z</time>
					</trkpt>
					<trkpt lat="44.691560" lon="2.929050">
						<ele>1321</ele>
						<time>2026-05-03T01:06:45Z</time>
					</trkpt>
					<trkpt lat="44.691710" lon="2.929350">
						<ele>1321</ele>
						<time>2026-05-03T01:07:20Z</time>
					</trkpt>
					<trkpt lat="44.691790" lon="2.929610">
						<ele>1320</ele>
						<time>2026-05-03T01:07:47Z</time>
					</trkpt>
					<trkpt lat="44.691890" lon="2.929820">
						<ele>1319</ele>
						<time>2026-05-03T01:08:11Z</time>
					</trkpt>
					<trkpt lat="44.691930" lon="2.930070">
						<ele>1319</ele>
						<time>2026-05-03T01:08:35Z</time>
					</trkpt>
					<trkpt lat="44.691970" lon="2.930380">
						<ele>1318</ele>
						<time>2026-05-03T01:09:05Z</time>
					</trkpt>
					<trkpt lat="44.692000" lon="2.931070">
						<ele>1316</ele>
						<time>2026-05-03T01:10:11Z</time>
					</trkpt>
					<trkpt lat="44.692040" lon="2.931270">
						<ele>1315</ele>
						<time>2026-05-03T01:10:30Z</time>
					</trkpt>
					<trkpt lat="44.692040" lon="2.931270">
						<ele>1315</ele>
						<time>2026-05-03T01:10:30Z</time>
					</trkpt>
					<trkpt lat="44.692060" lon="2.931370">
						<ele>1314</ele>
						<time>2026-05-03T01:10:40Z</time>
					</trkpt>
					<trkpt lat="44.692120" lon="2.931730">
						<ele>1313</ele>
						<time>2026-05-03T01:11:15Z</time>
					</trkpt>
					<trkpt lat="44.692170" lon="2.931910">
						<ele>1312</ele>
						<time>2026-05-03T01:11:34Z</time>
					</trkpt>
					<trkpt lat="44.692260" lon="2.932140">
						<ele>1312</ele>
						<time>2026-05-03T01:11:59Z</time>
					</trkpt>
					<trkpt lat="44.692360" lon="2.932250">
						<ele>1311</ele>
						<time>2026-05-03T01:12:16Z</time>
					</trkpt>
					<trkpt lat="44.692500" lon="2.932460">
						<ele>1310</ele>
						<time>2026-05-03T01:12:43Z</time>
					</trkpt>
					<trkpt lat="44.692590" lon="2.932510">
						<ele>1310</ele>
						<time>2026-05-03T01:12:56Z</time>
					</trkpt>
					<trkpt lat="44.692740" lon="2.932500">
						<ele>1309</ele>
						<time>2026-05-03T01:13:16Z</time>
					</trkpt>
					<trkpt lat="44.692970" lon="2.932450">
						<ele>1308</ele>
						<time>2026-05-03T01:13:47Z</time>
					</trkpt>
					<trkpt lat="44.693470" lon="2.932450">
						<ele>1307</ele>
						<time>2026-05-03T01:14:54Z</time>
					</trkpt>
					<trkpt lat="44.693750" lon="2.932420">
						<ele>1306</ele>
						<time>2026-05-03T01:15:31Z</time>
					</trkpt>
					<trkpt lat="44.694090" lon="2.932440">
						<ele>1304</ele>
						<time>2026-05-03T01:16:16Z</time>
					</trkpt>
					<trkpt lat="44.694440" lon="2.932430">
						<ele>1303</ele>
						<time>2026-05-03T01:17:03Z</time>
					</trkpt>
					<trkpt lat="44.694680" lon="2.932450">
						<ele>1303</ele>
						<time>2026-05-03T01:17:35Z</time>
					</trkpt>
					<trkpt lat="44.694830" lon="2.932440">
						<ele>1302</ele>
						<time>2026-05-03T01:17:55Z</time>
					</trkpt>
					<trkpt lat="44.695020" lon="2.932440">
						<ele>1302</ele>
						<time>2026-05-03T01:18:21Z</time>
					</trkpt>
					<trkpt lat="44.695420" lon="2.932400">
						<ele>1302</ele>
						<time>2026-05-03T01:19:14Z</time>
					</trkpt>
					<trkpt lat="44.695720" lon="2.932410">
						<ele>1303</ele>
						<time>2026-05-03T01:19:54Z</time>
					</trkpt>
					<trkpt lat="44.695940" lon="2.932430">
						<ele>1303</ele>
						<time>2026-05-03T01:20:24Z</time>
					</trkpt>
					<trkpt lat="44.696190" lon="2.932440">
						<ele>1305</ele>
						<time>2026-05-03T01:20:57Z</time>
					</trkpt>
					<trkpt lat="44.696410" lon="2.932480">
						<ele>1306</ele>
						<time>2026-05-03T01:21:27Z</time>
					</trkpt>
					<trkpt lat="44.696660" lon="2.932490">
						<ele>1307</ele>
						<time>2026-05-03T01:22:00Z</time>
					</trkpt>
					<trkpt lat="44.696840" lon="2.933150">
						<ele>1309</ele>
						<time>2026-05-03T01:23:07Z</time>
					</trkpt>
					<trkpt lat="44.696920" lon="2.933580">
						<ele>1310</ele>
						<time>2026-05-03T01:23:49Z</time>
					</trkpt>
					<trkpt lat="44.697030" lon="2.933980">
						<ele>1311</ele>
						<time>2026-05-03T01:24:30Z</time>
					</trkpt>
					<trkpt lat="44.697080" lon="2.934220">
						<ele>1312</ele>
						<time>2026-05-03T01:24:54Z</time>
					</trkpt>
					<trkpt lat="44.697160" lon="2.934480">
						<ele>1314</ele>
						<time>2026-05-03T01:25:20Z</time>
					</trkpt>
					<trkpt lat="44.697290" lon="2.935040">
						<ele>1317</ele>
						<time>2026-05-03T01:26:16Z</time>
					</trkpt>
					<trkpt lat="44.697470" lon="2.935560">
						<ele>1322</ele>
						<time>2026-05-03T01:27:11Z</time>
					</trkpt>
					<trkpt lat="44.697650" lon="2.935980">
						<ele>1323</ele>
						<time>2026-05-03T01:27:58Z</time>
					</trkpt>
					<trkpt lat="44.697780" lon="2.936300">
						<ele>1323</ele>
						<time>2026-05-03T01:28:33Z</time>
					</trkpt>
					<trkpt lat="44.697870" lon="2.936470">
						<ele>1323</ele>
						<time>2026-05-03T01:28:53Z</time>
					</trkpt>
					<trkpt lat="44.697970" lon="2.936710">
						<ele>1322</ele>
						<time>2026-05-03T01:29:19Z</time>
					</trkpt>
					<trkpt lat="44.698200" lon="2.937170">
						<ele>1321</ele>
						<time>2026-05-03T01:30:13Z</time>
					</trkpt>
					<trkpt lat="44.698560" lon="2.937810">
						<ele>1319</ele>
						<time>2026-05-03T01:31:30Z</time>
					</trkpt>
					<trkpt lat="44.698990" lon="2.938690">
						<ele>1317</ele>
						<time>2026-05-03T01:33:11Z</time>
					</trkpt>
					<trkpt lat="44.699060" lon="2.938800">
						<ele>1317</ele>
						<time>2026-05-03T01:33:25Z</time>
					</trkpt>
					<trkpt lat="44.699200" lon="2.939190">
						<ele>1316</ele>
						<time>2026-05-03T01:34:07Z</time>
					</trkpt>
					<trkpt lat="44.699350" lon="2.939510">
						<ele>1315</ele>
						<time>2026-05-03T01:34:43Z</time>
					</trkpt>
					<trkpt lat="44.699390" lon="2.939720">
						<ele>1314</ele>
						<time>2026-05-03T01:35:04Z</time>
					</trkpt>
					<trkpt lat="44.699520" lon="2.940160">
						<ele>1312</ele>
						<time>2026-05-03T01:35:49Z</time>
					</trkpt>
					<trkpt lat="44.699590" lon="2.940640">
						<ele>1311</ele>
						<time>2026-05-03T01:36:35Z</time>
					</trkpt>
					<trkpt lat="44.699600" lon="2.940910">
						<ele>1309</ele>
						<time>2026-05-03T01:37:01Z</time>
					</trkpt>
					<trkpt lat="44.699600" lon="2.941220">
						<ele>1309</ele>
						<time>2026-05-03T01:37:30Z</time>
					</trkpt>
					<trkpt lat="44.699580" lon="2.941740">
						<ele>1307</ele>
						<time>2026-05-03T01:38:20Z</time>
					</trkpt>
					<trkpt lat="44.699580" lon="2.941870">
						<ele>1307</ele>
						<time>2026-05-03T01:38:32Z</time>
					</trkpt>
					<trkpt lat="44.699540" lon="2.941930">
						<ele>1306</ele>
						<time>2026-05-03T01:38:40Z</time>
					</trkpt>
					<trkpt lat="44.699290" lon="2.943400">
						<ele>1306</ele>
						<time>2026-05-03T01:41:03Z</time>
					</trkpt>
					<trkpt lat="44.699190" lon="2.943790">
						<ele>1305</ele>
						<time>2026-05-03T01:41:43Z</time>
					</trkpt>
					<trkpt lat="44.699100" lon="2.944050">
						<ele>1304</ele>
						<time>2026-05-03T01:42:10Z</time>
					</trkpt>
					<trkpt lat="44.698990" lon="2.944260">
						<ele>1302</ele>
						<time>2026-05-03T01:42:35Z</time>
					</trkpt>
					<trkpt lat="44.698860" lon="2.944410">
						<ele>1301</ele>
						<time>2026-05-03T01:42:57Z</time>
					</trkpt>
					<trkpt lat="44.698390" lon="2.944520">
						<ele>1295</ele>
						<time>2026-05-03T01:44:01Z</time>
					</trkpt>
					<trkpt lat="44.698370" lon="2.944750">
						<ele>1295</ele>
						<time>2026-05-03T01:44:23Z</time>
					</trkpt>
					<trkpt lat="44.698250" lon="2.946020">
						<ele>1295</ele>
						<time>2026-05-03T01:46:24Z</time>
					</trkpt>
					<trkpt lat="44.698150" lon="2.946920">
						<ele>1292</ele>
						<time>2026-05-03T01:47:51Z</time>
					</trkpt>
					<trkpt lat="44.698170" lon="2.947080">
						<ele>1291</ele>
						<time>2026-05-03T01:48:06Z</time>
					</trkpt>
					<trkpt lat="44.697990" lon="2.947420">
						<ele>1291</ele>
						<time>2026-05-03T01:48:46Z</time>
					</trkpt>
					<trkpt lat="44.697750" lon="2.947940">
						<ele>1292</ele>
						<time>2026-05-03T01:49:45Z</time>
					</trkpt>
					<trkpt lat="44.697710" lon="2.948060">
						<ele>1293</ele>
						<time>2026-05-03T01:49:58Z</time>
					</trkpt>
					<trkpt lat="44.697670" lon="2.948270">
						<ele>1293</ele>
						<time>2026-05-03T01:50:18Z</time>
					</trkpt>
					<trkpt lat="44.697670" lon="2.948400">
						<ele>1293</ele>
						<time>2026-05-03T01:50:31Z</time>
					</trkpt>
					<trkpt lat="44.697680" lon="2.948550">
						<ele>1293</ele>
						<time>2026-05-03T01:50:45Z</time>
					</trkpt>
					<trkpt lat="44.697690" lon="2.948980">
						<ele>1293</ele>
						<time>2026-05-03T01:51:26Z</time>
					</trkpt>
					<trkpt lat="44.697630" lon="2.949330">
						<ele>1292</ele>
						<time>2026-05-03T01:52:00Z</time>
					</trkpt>
					<trkpt lat="44.697600" lon="2.949760">
						<ele>1289</ele>
						<time>2026-05-03T01:52:41Z</time>
					</trkpt>
					<trkpt lat="44.697500" lon="2.950310">
						<ele>1288</ele>
						<time>2026-05-03T01:53:35Z</time>
					</trkpt>
					<trkpt lat="44.697360" lon="2.950670">
						<ele>1287</ele>
						<time>2026-05-03T01:54:14Z</time>
					</trkpt>
					<trkpt lat="44.697290" lon="2.950940">
						<ele>1286</ele>
						<time>2026-05-03T01:54:41Z</time>
					</trkpt>
					<trkpt lat="44.697170" lon="2.951280">
						<ele>1285</ele>
						<time>2026-05-03T01:55:17Z</time>
					</trkpt>
					<trkpt lat="44.697150" lon="2.951380">
						<ele>1285</ele>
						<time>2026-05-03T01:55:27Z</time>
					</trkpt>
					<trkpt lat="44.696870" lon="2.952240">
						<ele>1285</ele>
						<time>2026-05-03T01:56:57Z</time>
					</trkpt>
					<trkpt lat="44.696760" lon="2.952770">
						<ele>1285</ele>
						<time>2026-05-03T01:57:49Z</time>
					</trkpt>
					<trkpt lat="44.696730" lon="2.952980">
						<ele>1286</ele>
						<time>2026-05-03T01:58:09Z</time>
					</trkpt>
					<trkpt lat="44.696650" lon="2.953460">
						<ele>1286</ele>
						<time>2026-05-03T01:58:56Z</time>
					</trkpt>
					<trkpt lat="44.696600" lon="2.953840">
						<ele>1285</ele>
						<time>2026-05-03T01:59:33Z</time>
					</trkpt>
					<trkpt lat="44.696540" lon="2.954710">
						<ele>1284</ele>
						<time>2026-05-03T02:00:56Z</time>
					</trkpt>
					<trkpt lat="44.696550" lon="2.955080">
						<ele>1283</ele>
						<time>2026-05-03T02:01:31Z</time>
					</trkpt>
					<trkpt lat="44.696560" lon="2.955480">
						<ele>1282</ele>
						<time>2026-05-03T02:02:09Z</time>
					</trkpt>
					<trkpt lat="44.696610" lon="2.955830">
						<ele>1281</ele>
						<time>2026-05-03T02:02:43Z</time>
					</trkpt>
					<trkpt lat="44.696640" lon="2.955920">
						<ele>1281</ele>
						<time>2026-05-03T02:02:52Z</time>
					</trkpt>
					<trkpt lat="44.696680" lon="2.956210">
						<ele>1280</ele>
						<time>2026-05-03T02:03:20Z</time>
					</trkpt>
					<trkpt lat="44.696730" lon="2.956550">
						<ele>1279</ele>
						<time>2026-05-03T02:03:53Z</time>
					</trkpt>
					<trkpt lat="44.696750" lon="2.956730">
						<ele>1279</ele>
						<time>2026-05-03T02:04:10Z</time>
					</trkpt>
					<trkpt lat="44.696870" lon="2.957290">
						<ele>1277</ele>
						<time>2026-05-03T02:05:06Z</time>
					</trkpt>
					<trkpt lat="44.697080" lon="2.957880">
						<ele>1274</ele>
						<time>2026-05-03T02:06:08Z</time>
					</trkpt>
					<trkpt lat="44.697130" lon="2.958000">
						<ele>1273</ele>
						<time>2026-05-03T02:06:21Z</time>
					</trkpt>
					<trkpt lat="44.697210" lon="2.958190">
						<ele>1272</ele>
						<time>2026-05-03T02:06:42Z</time>
					</trkpt>
					<trkpt lat="44.697380" lon="2.958470">
						<ele>1271</ele>
						<time>2026-05-03T02:07:17Z</time>
					</trkpt>
					<trkpt lat="44.697500" lon="2.958710">
						<ele>1269</ele>
						<time>2026-05-03T02:07:45Z</time>
					</trkpt>
					<trkpt lat="44.697590" lon="2.958850">
						<ele>1269</ele>
						<time>2026-05-03T02:08:03Z</time>
					</trkpt>
					<trkpt lat="44.697720" lon="2.959110">
						<ele>1267</ele>
						<time>2026-05-03T02:08:33Z</time>
					</trkpt>
					<trkpt lat="44.697780" lon="2.959230">
						<ele>1266</ele>
						<time>2026-05-03T02:08:47Z</time>
					</trkpt>
					<trkpt lat="44.697910" lon="2.959480">
						<ele>1264</ele>
						<time>2026-05-03T02:09:17Z</time>
					</trkpt>
					<trkpt lat="44.697990" lon="2.959540">
						<ele>1264</ele>
						<time>2026-05-03T02:09:29Z</time>
					</trkpt>
					<trkpt lat="44.698020" lon="2.959620">
						<ele>1263</ele>
						<time>2026-05-03T02:09:37Z</time>
					</trkpt>
					<trkpt lat="44.698070" lon="2.959690">
						<ele>1263</ele>
						<time>2026-05-03T02:09:47Z</time>
					</trkpt>
					<trkpt lat="44.698130" lon="2.959770">
						<ele>1262</ele>
						<time>2026-05-03T02:09:58Z</time>
					</trkpt>
					<trkpt lat="44.698200" lon="2.959880">
						<ele>1261</ele>
						<time>2026-05-03T02:10:12Z</time>
					</trkpt>
					<trkpt lat="44.698390" lon="2.960150">
						<ele>1260</ele>
						<time>2026-05-03T02:10:48Z</time>
					</trkpt>
					<trkpt lat="44.698480" lon="2.960290">
						<ele>1260</ele>
						<time>2026-05-03T02:11:06Z</time>
					</trkpt>
					<trkpt lat="44.698670" lon="2.960680">
						<ele>1258</ele>
						<time>2026-05-03T02:11:50Z</time>
					</trkpt>
					<trkpt lat="44.698800" lon="2.960850">
						<ele>1257</ele>
						<time>2026-05-03T02:12:14Z</time>
					</trkpt>
					<trkpt lat="44.699150" lon="2.961470">
						<ele>1258</ele>
						<time>2026-05-03T02:13:29Z</time>
					</trkpt>
					<trkpt lat="44.699730" lon="2.962540">
						<ele>1255</ele>
						<time>2026-05-03T02:15:37Z</time>
					</trkpt>
					<trkpt lat="44.699870" lon="2.962760">
						<ele>1255</ele>
						<time>2026-05-03T02:16:05Z</time>
					</trkpt>
					<trkpt lat="44.700320" lon="2.963420">
						<ele>1252</ele>
						<time>2026-05-03T02:17:32Z</time>
					</trkpt>
					<trkpt lat="44.701010" lon="2.964610">
						<ele>1246</ele>
						<time>2026-05-03T02:19:57Z</time>
					</trkpt>
					<trkpt lat="44.701120" lon="2.964850">
						<ele>1245</ele>
						<time>2026-05-03T02:20:24Z</time>
					</trkpt>
					<trkpt lat="44.701260" lon="2.965210">
						<ele>1245</ele>
						<time>2026-05-03T02:21:03Z</time>
					</trkpt>
					<trkpt lat="44.701360" lon="2.965550">
						<ele>1244</ele>
						<time>2026-05-03T02:21:38Z</time>
					</trkpt>
					<trkpt lat="44.701420" lon="2.965720">
						<ele>1244</ele>
						<time>2026-05-03T02:21:56Z</time>
					</trkpt>
					<trkpt lat="44.701620" lon="2.966140">
						<ele>1243</ele>
						<time>2026-05-03T02:22:44Z</time>
					</trkpt>
					<trkpt lat="44.701690" lon="2.966300">
						<ele>1242</ele>
						<time>2026-05-03T02:23:02Z</time>
					</trkpt>
					<trkpt lat="44.701800" lon="2.966710">
						<ele>1241</ele>
						<time>2026-05-03T02:23:44Z</time>
					</trkpt>
					<trkpt lat="44.702420" lon="2.968600">
						<ele>1233</ele>
						<time>2026-05-03T02:27:01Z</time>
					</trkpt>
					<trkpt lat="44.702460" lon="2.968760">
						<ele>1232</ele>
						<time>2026-05-03T02:27:17Z</time>
					</trkpt>
					<trkpt lat="44.702490" lon="2.969030">
						<ele>1231</ele>
						<time>2026-05-03T02:27:43Z</time>
					</trkpt>
					<trkpt lat="44.702490" lon="2.969290">
						<ele>1229</ele>
						<time>2026-05-03T02:28:08Z</time>
					</trkpt>
					<trkpt lat="44.702500" lon="2.969430">
						<ele>1229</ele>
						<time>2026-05-03T02:28:21Z</time>
					</trkpt>
					<trkpt lat="44.702500" lon="2.969650">
						<ele>1228</ele>
						<time>2026-05-03T02:28:42Z</time>
					</trkpt>
					<trkpt lat="44.702490" lon="2.969870">
						<ele>1227</ele>
						<time>2026-05-03T02:29:03Z</time>
					</trkpt>
					<trkpt lat="44.702400" lon="2.970330">
						<ele>1223</ele>
						<time>2026-05-03T02:29:48Z</time>
					</trkpt>
					<trkpt lat="44.702320" lon="2.970520">
						<ele>1222</ele>
						<time>2026-05-03T02:30:09Z</time>
					</trkpt>
					<trkpt lat="44.702170" lon="2.970980">
						<ele>1219</ele>
						<time>2026-05-03T02:30:57Z</time>
					</trkpt>
					<trkpt lat="44.702120" lon="2.971270">
						<ele>1219</ele>
						<time>2026-05-03T02:31:25Z</time>
					</trkpt>
					<trkpt lat="44.702070" lon="2.971640">
						<ele>1219</ele>
						<time>2026-05-03T02:32:01Z</time>
					</trkpt>
					<trkpt lat="44.702000" lon="2.972480">
						<ele>1220</ele>
						<time>2026-05-03T02:33:21Z</time>
					</trkpt>
					<trkpt lat="44.701950" lon="2.972940">
						<ele>1221</ele>
						<time>2026-05-03T02:34:05Z</time>
					</trkpt>
					<trkpt lat="44.701820" lon="2.973780">
						<ele>1221</ele>
						<time>2026-05-03T02:35:27Z</time>
					</trkpt>
					<trkpt lat="44.701760" lon="2.974380">
						<ele>1219</ele>
						<time>2026-05-03T02:36:24Z</time>
					</trkpt>
					<trkpt lat="44.701700" lon="2.974650">
						<ele>1218</ele>
						<time>2026-05-03T02:36:51Z</time>
					</trkpt>
					<trkpt lat="44.701600" lon="2.974820">
						<ele>1216</ele>
						<time>2026-05-03T02:37:12Z</time>
					</trkpt>
					<trkpt lat="44.701170" lon="2.975390">
						<ele>1212</ele>
						<time>2026-05-03T02:38:31Z</time>
					</trkpt>
					<trkpt lat="44.700980" lon="2.975580">
						<ele>1209</ele>
						<time>2026-05-03T02:39:02Z</time>
					</trkpt>
					<trkpt lat="44.700820" lon="2.975590">
						<ele>1208</ele>
						<time>2026-05-03T02:39:23Z</time>
					</trkpt>
					<trkpt lat="44.700630" lon="2.975500">
						<ele>1206</ele>
						<time>2026-05-03T02:39:50Z</time>
					</trkpt>
					<trkpt lat="44.700500" lon="2.975410">
						<ele>1205</ele>
						<time>2026-05-03T02:40:10Z</time>
					</trkpt>
					<trkpt lat="44.700420" lon="2.975450">
						<ele>1204</ele>
						<time>2026-05-03T02:40:21Z</time>
					</trkpt>
					<trkpt lat="44.700340" lon="2.975540">
						<ele>1203</ele>
						<time>2026-05-03T02:40:35Z</time>
					</trkpt>
					<trkpt lat="44.700340" lon="2.975650">
						<ele>1203</ele>
						<time>2026-05-03T02:40:45Z</time>
					</trkpt>
					<trkpt lat="44.700290" lon="2.975870">
						<ele>1203</ele>
						<time>2026-05-03T02:41:07Z</time>
					</trkpt>
					<trkpt lat="44.700290" lon="2.976190">
						<ele>1200</ele>
						<time>2026-05-03T02:41:37Z</time>
					</trkpt>
					<trkpt lat="44.700370" lon="2.976930">
						<ele>1195</ele>
						<time>2026-05-03T02:42:48Z</time>
					</trkpt>
					<trkpt lat="44.700430" lon="2.977330">
						<ele>1193</ele>
						<time>2026-05-03T02:43:27Z</time>
					</trkpt>
					<trkpt lat="44.700460" lon="2.977750">
						<ele>1189</ele>
						<time>2026-05-03T02:44:07Z</time>
					</trkpt>
					<trkpt lat="44.700430" lon="2.978030">
						<ele>1187</ele>
						<time>2026-05-03T02:44:34Z</time>
					</trkpt>
					<trkpt lat="44.700480" lon="2.978250">
						<ele>1186</ele>
						<time>2026-05-03T02:44:56Z</time>
					</trkpt>
					<trkpt lat="44.700530" lon="2.980410">
						<ele>1177</ele>
						<time>2026-05-03T02:48:21Z</time>
					</trkpt>
					<trkpt lat="44.700580" lon="2.981010">
						<ele>1175</ele>
						<time>2026-05-03T02:49:18Z</time>
					</trkpt>
					<trkpt lat="44.700670" lon="2.981740">
						<ele>1173</ele>
						<time>2026-05-03T02:50:28Z</time>
					</trkpt>
					<trkpt lat="44.700770" lon="2.982260">
						<ele>1172</ele>
						<time>2026-05-03T02:51:20Z</time>
					</trkpt>
					<trkpt lat="44.700780" lon="2.982410">
						<ele>1172</ele>
						<time>2026-05-03T02:51:34Z</time>
					</trkpt>
					<trkpt lat="44.700770" lon="2.982560">
						<ele>1172</ele>
						<time>2026-05-03T02:51:48Z</time>
					</trkpt>
					<trkpt lat="44.700740" lon="2.982670">
						<ele>1172</ele>
						<time>2026-05-03T02:51:59Z</time>
					</trkpt>
					<trkpt lat="44.700630" lon="2.982940">
						<ele>1171</ele>
						<time>2026-05-03T02:52:29Z</time>
					</trkpt>
					<trkpt lat="44.700430" lon="2.983420">
						<ele>1172</ele>
						<time>2026-05-03T02:53:22Z</time>
					</trkpt>
					<trkpt lat="44.700260" lon="2.983850">
						<ele>1175</ele>
						<time>2026-05-03T02:54:08Z</time>
					</trkpt>
					<trkpt lat="44.700150" lon="2.984160">
						<ele>1177</ele>
						<time>2026-05-03T02:54:41Z</time>
					</trkpt>
					<trkpt lat="44.700090" lon="2.984470">
						<ele>1179</ele>
						<time>2026-05-03T02:55:12Z</time>
					</trkpt>
					<trkpt lat="44.699990" lon="2.985990">
						<ele>1188</ele>
						<time>2026-05-03T02:57:36Z</time>
					</trkpt>
					<trkpt lat="44.699930" lon="2.986680">
						<ele>1191</ele>
						<time>2026-05-03T02:58:42Z</time>
					</trkpt>
					<trkpt lat="44.699910" lon="2.987300">
						<ele>1192</ele>
						<time>2026-05-03T02:59:41Z</time>
					</trkpt>
					<trkpt lat="44.700050" lon="2.988450">
						<ele>1188</ele>
						<time>2026-05-03T03:01:32Z</time>
					</trkpt>
					<trkpt lat="44.700050" lon="2.988730">
						<ele>1187</ele>
						<time>2026-05-03T03:01:58Z</time>
					</trkpt>
					<trkpt lat="44.700020" lon="2.988950">
						<ele>1187</ele>
						<time>2026-05-03T03:02:20Z</time>
					</trkpt>
					<trkpt lat="44.699950" lon="2.989170">
						<ele>1186</ele>
						<time>2026-05-03T03:02:43Z</time>
					</trkpt>
					<trkpt lat="44.699820" lon="2.989430">
						<ele>1186</ele>
						<time>2026-05-03T03:03:13Z</time>
					</trkpt>
					<trkpt lat="44.699220" lon="2.990190">
						<ele>1183</ele>
						<time>2026-05-03T03:05:00Z</time>
					</trkpt>
					<trkpt lat="44.698800" lon="2.990800">
						<ele>1181</ele>
						<time>2026-05-03T03:06:21Z</time>
					</trkpt>
					<trkpt lat="44.698590" lon="2.991120">
						<ele>1180</ele>
						<time>2026-05-03T03:07:02Z</time>
					</trkpt>
					<trkpt lat="44.698460" lon="2.991250">
						<ele>1180</ele>
						<time>2026-05-03T03:07:24Z</time>
					</trkpt>
					<trkpt lat="44.697970" lon="2.991550">
						<ele>1178</ele>
						<time>2026-05-03T03:08:35Z</time>
					</trkpt>
					<trkpt lat="44.697870" lon="2.991660">
						<ele>1178</ele>
						<time>2026-05-03T03:08:52Z</time>
					</trkpt>
					<trkpt lat="44.697820" lon="2.991810">
						<ele>1177</ele>
						<time>2026-05-03T03:09:08Z</time>
					</trkpt>
					<trkpt lat="44.697790" lon="2.992010">
						<ele>1177</ele>
						<time>2026-05-03T03:09:27Z</time>
					</trkpt>
					<trkpt lat="44.697820" lon="2.992220">
						<ele>1176</ele>
						<time>2026-05-03T03:09:47Z</time>
					</trkpt>
					<trkpt lat="44.697860" lon="2.992410">
						<ele>1175</ele>
						<time>2026-05-03T03:10:06Z</time>
					</trkpt>
					<trkpt lat="44.697780" lon="2.992450">
						<ele>1175</ele>
						<time>2026-05-03T03:10:17Z</time>
					</trkpt>
					<trkpt lat="44.697680" lon="2.992460">
						<ele>1175</ele>
						<time>2026-05-03T03:10:31Z</time>
					</trkpt>
					<trkpt lat="44.697320" lon="2.992440">
						<ele>1177</ele>
						<time>2026-05-03T03:11:19Z</time>
					</trkpt>
					<trkpt lat="44.697250" lon="2.992590">
						<ele>1177</ele>
						<time>2026-05-03T03:11:36Z</time>
					</trkpt>
					<trkpt lat="44.697090" lon="2.993080">
						<ele>1180</ele>
						<time>2026-05-03T03:12:27Z</time>
					</trkpt>
					<trkpt lat="44.696990" lon="2.993370">
						<ele>1182</ele>
						<time>2026-05-03T03:12:58Z</time>
					</trkpt>
					<trkpt lat="44.696800" lon="2.993760">
						<ele>1184</ele>
						<time>2026-05-03T03:13:42Z</time>
					</trkpt>
					<trkpt lat="44.696530" lon="2.994360">
						<ele>1185</ele>
						<time>2026-05-03T03:14:50Z</time>
					</trkpt>
					<trkpt lat="44.696420" lon="2.994770">
						<ele>1185</ele>
						<time>2026-05-03T03:15:31Z</time>
					</trkpt>
					<trkpt lat="44.696430" lon="2.995560">
						<ele>1184</ele>
						<time>2026-05-03T03:16:46Z</time>
					</trkpt>
					<trkpt lat="44.696460" lon="2.996150">
						<ele>1182</ele>
						<time>2026-05-03T03:17:42Z</time>
					</trkpt>
					<trkpt lat="44.696440" lon="2.996800">
						<ele>1178</ele>
						<time>2026-05-03T03:18:44Z</time>
					</trkpt>
					<trkpt lat="44.696340" lon="2.997460">
						<ele>1174</ele>
						<time>2026-05-03T03:19:48Z</time>
					</trkpt>
					<trkpt lat="44.696310" lon="2.998010">
						<ele>1171</ele>
						<time>2026-05-03T03:20:40Z</time>
					</trkpt>
					<trkpt lat="44.696300" lon="2.998440">
						<ele>1168</ele>
						<time>2026-05-03T03:21:21Z</time>
					</trkpt>
					<trkpt lat="44.696280" lon="2.998680">
						<ele>1166</ele>
						<time>2026-05-03T03:21:44Z</time>
					</trkpt>
					<trkpt lat="44.696200" lon="2.999030">
						<ele>1163</ele>
						<time>2026-05-03T03:22:19Z</time>
					</trkpt>
					<trkpt lat="44.696160" lon="2.999340">
						<ele>1160</ele>
						<time>2026-05-03T03:22:49Z</time>
					</trkpt>
					<trkpt lat="44.696130" lon="2.999700">
						<ele>1156</ele>
						<time>2026-05-03T03:23:23Z</time>
					</trkpt>
					<trkpt lat="44.696100" lon="2.999970">
						<ele>1153</ele>
						<time>2026-05-03T03:23:49Z</time>
					</trkpt>
					<trkpt lat="44.696100" lon="3.000100">
						<ele>1151</ele>
						<time>2026-05-03T03:24:02Z</time>
					</trkpt>
					<trkpt lat="44.696140" lon="3.000330">
						<ele>1147</ele>
						<time>2026-05-03T03:24:24Z</time>
					</trkpt>
					<trkpt lat="44.696210" lon="3.000570">
						<ele>1143</ele>
						<time>2026-05-03T03:24:49Z</time>
					</trkpt>
					<trkpt lat="44.696300" lon="3.000700">
						<ele>1142</ele>
						<time>2026-05-03T03:25:06Z</time>
					</trkpt>
					<trkpt lat="44.696550" lon="3.000870">
						<ele>1143</ele>
						<time>2026-05-03T03:25:43Z</time>
					</trkpt>
					<trkpt lat="44.696680" lon="3.000950">
						<ele>1143</ele>
						<time>2026-05-03T03:26:02Z</time>
					</trkpt>
					<trkpt lat="44.696960" lon="3.001140">
						<ele>1141</ele>
						<time>2026-05-03T03:26:43Z</time>
					</trkpt>
					<trkpt lat="44.697390" lon="3.001490">
						<ele>1135</ele>
						<time>2026-05-03T03:27:50Z</time>
					</trkpt>
					<trkpt lat="44.697500" lon="3.001610">
						<ele>1133</ele>
						<time>2026-05-03T03:28:08Z</time>
					</trkpt>
					<trkpt lat="44.697580" lon="3.001760">
						<ele>1130</ele>
						<time>2026-05-03T03:28:26Z</time>
					</trkpt>
					<trkpt lat="44.697650" lon="3.001900">
						<ele>1129</ele>
						<time>2026-05-03T03:28:42Z</time>
					</trkpt>
					<trkpt lat="44.697670" lon="3.002030">
						<ele>1127</ele>
						<time>2026-05-03T03:28:55Z</time>
					</trkpt>
					<trkpt lat="44.697650" lon="3.002110">
						<ele>1126</ele>
						<time>2026-05-03T03:29:03Z</time>
					</trkpt>
					<trkpt lat="44.697770" lon="3.002450">
						<ele>1121</ele>
						<time>2026-05-03T03:29:39Z</time>
					</trkpt>
					<trkpt lat="44.697690" lon="3.002650">
						<ele>1121</ele>
						<time>2026-05-03T03:30:01Z</time>
					</trkpt>
					<trkpt lat="44.697590" lon="3.002940">
						<ele>1121</ele>
						<time>2026-05-03T03:30:31Z</time>
					</trkpt>
					<trkpt lat="44.697540" lon="3.003020">
						<ele>1122</ele>
						<time>2026-05-03T03:30:41Z</time>
					</trkpt>
					<trkpt lat="44.697550" lon="3.003210">
						<ele>1122</ele>
						<time>2026-05-03T03:30:59Z</time>
					</trkpt>
					<trkpt lat="44.697570" lon="3.003350">
						<ele>1121</ele>
						<time>2026-05-03T03:31:13Z</time>
					</trkpt>
					<trkpt lat="44.697590" lon="3.003490">
						<ele>1121</ele>
						<time>2026-05-03T03:31:27Z</time>
					</trkpt>
					<trkpt lat="44.697650" lon="3.003650">
						<ele>1120</ele>
						<time>2026-05-03T03:31:44Z</time>
					</trkpt>
					<trkpt lat="44.697660" lon="3.003950">
						<ele>1119</ele>
						<time>2026-05-03T03:32:12Z</time>
					</trkpt>
					<trkpt lat="44.697670" lon="3.004300">
						<ele>1117</ele>
						<time>2026-05-03T03:32:45Z</time>
					</trkpt>
					<trkpt lat="44.697720" lon="3.004500">
						<ele>1115</ele>
						<time>2026-05-03T03:33:06Z</time>
					</trkpt>
					<trkpt lat="44.697760" lon="3.004740">
						<ele>1112</ele>
						<time>2026-05-03T03:33:29Z</time>
					</trkpt>
					<trkpt lat="44.697790" lon="3.004910">
						<ele>1111</ele>
						<time>2026-05-03T03:33:46Z</time>
					</trkpt>
					<trkpt lat="44.697760" lon="3.004940">
						<ele>1111</ele>
						<time>2026-05-03T03:33:50Z</time>
					</trkpt>
					<trkpt lat="44.697750" lon="3.004980">
						<ele>1110</ele>
						<time>2026-05-03T03:33:54Z</time>
					</trkpt>
					<trkpt lat="44.697710" lon="3.005040">
						<ele>1109</ele>
						<time>2026-05-03T03:34:02Z</time>
					</trkpt>
					<trkpt lat="44.697670" lon="3.005050">
						<ele>1109</ele>
						<time>2026-05-03T03:34:08Z</time>
					</trkpt>
					<trkpt lat="44.697540" lon="3.005150">
						<ele>1108</ele>
						<time>2026-05-03T03:34:27Z</time>
					</trkpt>
					<trkpt lat="44.697490" lon="3.005240">
						<ele>1106</ele>
						<time>2026-05-03T03:34:38Z</time>
					</trkpt>
					<trkpt lat="44.697410" lon="3.005410">
						<ele>1102</ele>
						<time>2026-05-03T03:34:58Z</time>
					</trkpt>
					<trkpt lat="44.697360" lon="3.005490">
						<ele>1100</ele>
						<time>2026-05-03T03:35:08Z</time>
					</trkpt>
					<trkpt lat="44.697310" lon="3.005570">
						<ele>1098</ele>
						<time>2026-05-03T03:35:18Z</time>
					</trkpt>
					<trkpt lat="44.697290" lon="3.005530">
						<ele>1098</ele>
						<time>2026-05-03T03:35:22Z</time>
					</trkpt>
					<trkpt lat="44.697220" lon="3.005470">
						<ele>1098</ele>
						<time>2026-05-03T03:35:33Z</time>
					</trkpt>
					<trkpt lat="44.697130" lon="3.005440">
						<ele>1097</ele>
						<time>2026-05-03T03:35:46Z</time>
					</trkpt>
					<trkpt lat="44.697050" lon="3.005430">
						<ele>1095</ele>
						<time>2026-05-03T03:35:56Z</time>
					</trkpt>
					<trkpt lat="44.696880" lon="3.005390">
						<ele>1093</ele>
						<time>2026-05-03T03:36:19Z</time>
					</trkpt>
					<trkpt lat="44.696830" lon="3.005770">
						<ele>1087</ele>
						<time>2026-05-03T03:36:56Z</time>
					</trkpt>
					<trkpt lat="44.696840" lon="3.005900">
						<ele>1085</ele>
						<time>2026-05-03T03:37:09Z</time>
					</trkpt>
					<trkpt lat="44.696870" lon="3.005990">
						<ele>1085</ele>
						<time>2026-05-03T03:37:18Z</time>
					</trkpt>
					<trkpt lat="44.696930" lon="3.006110">
						<ele>1085</ele>
						<time>2026-05-03T03:37:32Z</time>
					</trkpt>
					<trkpt lat="44.697030" lon="3.006300">
						<ele>1084</ele>
						<time>2026-05-03T03:37:54Z</time>
					</trkpt>
					<trkpt lat="44.696950" lon="3.006390">
						<ele>1082</ele>
						<time>2026-05-03T03:38:08Z</time>
					</trkpt>
					<trkpt lat="44.696850" lon="3.006540">
						<ele>1079</ele>
						<time>2026-05-03T03:38:27Z</time>
					</trkpt>
					<trkpt lat="44.696570" lon="3.006730">
						<ele>1076</ele>
						<time>2026-05-03T03:39:09Z</time>
					</trkpt>
					<trkpt lat="44.696620" lon="3.006970">
						<ele>1076</ele>
						<time>2026-05-03T03:39:33Z</time>
					</trkpt>
					<trkpt lat="44.696680" lon="3.007190">
						<ele>1075</ele>
						<time>2026-05-03T03:39:55Z</time>
					</trkpt>
					<trkpt lat="44.696770" lon="3.007470">
						<ele>1074</ele>
						<time>2026-05-03T03:40:24Z</time>
					</trkpt>
					<trkpt lat="44.696830" lon="3.007640">
						<ele>1074</ele>
						<time>2026-05-03T03:40:42Z</time>
					</trkpt>
					<trkpt lat="44.696910" lon="3.007890">
						<ele>1074</ele>
						<time>2026-05-03T03:41:08Z</time>
					</trkpt>
					<trkpt lat="44.697020" lon="3.008210">
						<ele>1074</ele>
						<time>2026-05-03T03:41:42Z</time>
					</trkpt>
					<trkpt lat="44.697080" lon="3.008440">
						<ele>1074</ele>
						<time>2026-05-03T03:42:05Z</time>
					</trkpt>
					<trkpt lat="44.697140" lon="3.008730">
						<ele>1075</ele>
						<time>2026-05-03T03:42:34Z</time>
					</trkpt>
					<trkpt lat="44.697270" lon="3.009760">
						<ele>1079</ele>
						<time>2026-05-03T03:44:13Z</time>
					</trkpt>
					<trkpt lat="44.697430" lon="3.011110">
						<ele>1085</ele>
						<time>2026-05-03T03:46:23Z</time>
					</trkpt>
					<trkpt lat="44.697490" lon="3.011370">
						<ele>1086</ele>
						<time>2026-05-03T03:46:49Z</time>
					</trkpt>
					<trkpt lat="44.697460" lon="3.011580">
						<ele>1087</ele>
						<time>2026-05-03T03:47:09Z</time>
					</trkpt>
					<trkpt lat="44.697460" lon="3.011740">
						<ele>1087</ele>
						<time>2026-05-03T03:47:24Z</time>
					</trkpt>
					<trkpt lat="44.697500" lon="3.012430">
						<ele>1090</ele>
						<time>2026-05-03T03:48:30Z</time>
					</trkpt>
					<trkpt lat="44.697550" lon="3.013130">
						<ele>1091</ele>
						<time>2026-05-03T03:49:37Z</time>
					</trkpt>
					<trkpt lat="44.697560" lon="3.013390">
						<ele>1091</ele>
						<time>2026-05-03T03:50:01Z</time>
					</trkpt>
					<trkpt lat="44.697490" lon="3.013780">
						<ele>1092</ele>
						<time>2026-05-03T03:50:40Z</time>
					</trkpt>
					<trkpt lat="44.697480" lon="3.013860">
						<ele>1092</ele>
						<time>2026-05-03T03:50:47Z</time>
					</trkpt>
					<trkpt lat="44.697390" lon="3.014160">
						<ele>1093</ele>
						<time>2026-05-03T03:51:18Z</time>
					</trkpt>
					<trkpt lat="44.697020" lon="3.015590">
						<ele>1102</ele>
						<time>2026-05-03T03:53:43Z</time>
					</trkpt>
					<trkpt lat="44.697010" lon="3.015660">
						<ele>1103</ele>
						<time>2026-05-03T03:53:49Z</time>
					</trkpt>
					<trkpt lat="44.696820" lon="3.016740">
						<ele>1115</ele>
						<time>2026-05-03T03:55:35Z</time>
					</trkpt>
					<trkpt lat="44.696720" lon="3.017090">
						<ele>1117</ele>
						<time>2026-05-03T03:56:11Z</time>
					</trkpt>
					<trkpt lat="44.696530" lon="3.017420">
						<ele>1120</ele>
						<time>2026-05-03T03:56:51Z</time>
					</trkpt>
					<trkpt lat="44.696280" lon="3.017740">
						<ele>1124</ele>
						<time>2026-05-03T03:57:36Z</time>
					</trkpt>
					<trkpt lat="44.696050" lon="3.018100">
						<ele>1127</ele>
						<time>2026-05-03T03:58:22Z</time>
					</trkpt>
					<trkpt lat="44.695830" lon="3.018600">
						<ele>1128</ele>
						<time>2026-05-03T03:59:18Z</time>
					</trkpt>
					<trkpt lat="44.695700" lon="3.018910">
						<ele>1129</ele>
						<time>2026-05-03T03:59:52Z</time>
					</trkpt>
					<trkpt lat="44.695510" lon="3.019260">
						<ele>1129</ele>
						<time>2026-05-03T04:00:34Z</time>
					</trkpt>
					<trkpt lat="44.695340" lon="3.019480">
						<ele>1129</ele>
						<time>2026-05-03T04:01:04Z</time>
					</trkpt>
					<trkpt lat="44.695190" lon="3.019530">
						<ele>1129</ele>
						<time>2026-05-03T04:01:25Z</time>
					</trkpt>
					<trkpt lat="44.695060" lon="3.019650">
						<ele>1128</ele>
						<time>2026-05-03T04:01:46Z</time>
					</trkpt>
					<trkpt lat="44.694960" lon="3.019840">
						<ele>1128</ele>
						<time>2026-05-03T04:02:08Z</time>
					</trkpt>
					<trkpt lat="44.694710" lon="3.020780">
						<ele>1126</ele>
						<time>2026-05-03T04:03:43Z</time>
					</trkpt>
					<trkpt lat="44.694630" lon="3.021140">
						<ele>1124</ele>
						<time>2026-05-03T04:04:19Z</time>
					</trkpt>
					<trkpt lat="44.694540" lon="3.021280">
						<ele>1125</ele>
						<time>2026-05-03T04:04:37Z</time>
					</trkpt>
					<trkpt lat="44.694060" lon="3.021720">
						<ele>1126</ele>
						<time>2026-05-03T04:05:54Z</time>
					</trkpt>
					<trkpt lat="44.693690" lon="3.021910">
						<ele>1124</ele>
						<time>2026-05-03T04:06:46Z</time>
					</trkpt>
					<trkpt lat="44.693420" lon="3.022180">
						<ele>1121</ele>
						<time>2026-05-03T04:07:30Z</time>
					</trkpt>
					<trkpt lat="44.693140" lon="3.022390">
						<ele>1118</ele>
						<time>2026-05-03T04:08:13Z</time>
					</trkpt>
					<trkpt lat="44.692980" lon="3.022470">
						<ele>1118</ele>
						<time>2026-05-03T04:08:35Z</time>
					</trkpt>
					<trkpt lat="44.692810" lon="3.022650">
						<ele>1117</ele>
						<time>2026-05-03T04:09:04Z</time>
					</trkpt>
					<trkpt lat="44.692780" lon="3.022890">
						<ele>1116</ele>
						<time>2026-05-03T04:09:27Z</time>
					</trkpt>
					<trkpt lat="44.692740" lon="3.023120">
						<ele>1115</ele>
						<time>2026-05-03T04:09:49Z</time>
					</trkpt>
					<trkpt lat="44.692680" lon="3.023300">
						<ele>1114</ele>
						<time>2026-05-03T04:10:08Z</time>
					</trkpt>
					<trkpt lat="44.692580" lon="3.023470">
						<ele>1114</ele>
						<time>2026-05-03T04:10:29Z</time>
					</trkpt>
					<trkpt lat="44.692550" lon="3.023510">
						<ele>1114</ele>
						<time>2026-05-03T04:10:35Z</time>
					</trkpt>
					<trkpt lat="44.692360" lon="3.023700">
						<ele>1112</ele>
						<time>2026-05-03T04:11:06Z</time>
					</trkpt>
					<trkpt lat="44.692330" lon="3.023790">
						<ele>1111</ele>
						<time>2026-05-03T04:11:15Z</time>
					</trkpt>
					<trkpt lat="44.692290" lon="3.023900">
						<ele>1110</ele>
						<time>2026-05-03T04:11:27Z</time>
					</trkpt>
					<trkpt lat="44.692290" lon="3.024110">
						<ele>1109</ele>
						<time>2026-05-03T04:11:47Z</time>
					</trkpt>
					<trkpt lat="44.692310" lon="3.024250">
						<ele>1108</ele>
						<time>2026-05-03T04:12:00Z</time>
					</trkpt>
					<trkpt lat="44.692280" lon="3.024450">
						<ele>1105</ele>
						<time>2026-05-03T04:12:20Z</time>
					</trkpt>
					<trkpt lat="44.692310" lon="3.024630">
						<ele>1104</ele>
						<time>2026-05-03T04:12:37Z</time>
					</trkpt>
					<trkpt lat="44.692340" lon="3.024720">
						<ele>1103</ele>
						<time>2026-05-03T04:12:47Z</time>
					</trkpt>
					<trkpt lat="44.692390" lon="3.024800">
						<ele>1103</ele>
						<time>2026-05-03T04:12:57Z</time>
					</trkpt>
					<trkpt lat="44.692550" lon="3.024900">
						<ele>1103</ele>
						<time>2026-05-03T04:13:20Z</time>
					</trkpt>
					<trkpt lat="44.692650" lon="3.024940">
						<ele>1101</ele>
						<time>2026-05-03T04:13:34Z</time>
					</trkpt>
					<trkpt lat="44.692780" lon="3.024970">
						<ele>1099</ele>
						<time>2026-05-03T04:13:52Z</time>
					</trkpt>
					<trkpt lat="44.692960" lon="3.025050">
						<ele>1096</ele>
						<time>2026-05-03T04:14:17Z</time>
					</trkpt>
					<trkpt lat="44.693280" lon="3.025140">
						<ele>1091</ele>
						<time>2026-05-03T04:15:00Z</time>
					</trkpt>
					<trkpt lat="44.693580" lon="3.025160">
						<ele>1088</ele>
						<time>2026-05-03T04:15:40Z</time>
					</trkpt>
					<trkpt lat="44.693730" lon="3.025190">
						<ele>1086</ele>
						<time>2026-05-03T04:16:01Z</time>
					</trkpt>
					<trkpt lat="44.693710" lon="3.025240">
						<ele>1086</ele>
						<time>2026-05-03T04:16:06Z</time>
					</trkpt>
					<trkpt lat="44.693560" lon="3.025340">
						<ele>1085</ele>
						<time>2026-05-03T04:16:28Z</time>
					</trkpt>
					<trkpt lat="44.693480" lon="3.025540">
						<ele>1082</ele>
						<time>2026-05-03T04:16:50Z</time>
					</trkpt>
					<trkpt lat="44.693550" lon="3.025670">
						<ele>1080</ele>
						<time>2026-05-03T04:17:05Z</time>
					</trkpt>
					<trkpt lat="44.693640" lon="3.025760">
						<ele>1077</ele>
						<time>2026-05-03T04:17:20Z</time>
					</trkpt>
					<trkpt lat="44.693830" lon="3.025900">
						<ele>1074</ele>
						<time>2026-05-03T04:17:49Z</time>
					</trkpt>
					<trkpt lat="44.694030" lon="3.025880">
						<ele>1073</ele>
						<time>2026-05-03T04:18:16Z</time>
					</trkpt>
					<trkpt lat="44.694150" lon="3.025890">
						<ele>1073</ele>
						<time>2026-05-03T04:18:32Z</time>
					</trkpt>
					<trkpt lat="44.694290" lon="3.025930">
						<ele>1071</ele>
						<time>2026-05-03T04:18:51Z</time>
					</trkpt>
					<trkpt lat="44.694560" lon="3.026120">
						<ele>1067</ele>
						<time>2026-05-03T04:19:31Z</time>
					</trkpt>
					<trkpt lat="44.694010" lon="3.027000">
						<ele>1065</ele>
						<time>2026-05-03T04:21:22Z</time>
					</trkpt>
					<trkpt lat="44.693950" lon="3.027150">
						<ele>1064</ele>
						<time>2026-05-03T04:21:38Z</time>
					</trkpt>
					<trkpt lat="44.693930" lon="3.027290">
						<ele>1063</ele>
						<time>2026-05-03T04:21:52Z</time>
					</trkpt>
					<trkpt lat="44.693960" lon="3.027610">
						<ele>1061</ele>
						<time>2026-05-03T04:22:23Z</time>
					</trkpt>
					<trkpt lat="44.693950" lon="3.027770">
						<ele>1061</ele>
						<time>2026-05-03T04:22:38Z</time>
					</trkpt>
					<trkpt lat="44.693920" lon="3.027960">
						<ele>1061</ele>
						<time>2026-05-03T04:22:56Z</time>
					</trkpt>
					<trkpt lat="44.693730" lon="3.028120">
						<ele>1061</ele>
						<time>2026-05-03T04:23:26Z</time>
					</trkpt>
					<trkpt lat="44.693820" lon="3.028510">
						<ele>1061</ele>
						<time>2026-05-03T04:24:05Z</time>
					</trkpt>
					<trkpt lat="44.693780" lon="3.029010">
						<ele>1061</ele>
						<time>2026-05-03T04:24:53Z</time>
					</trkpt>
					<trkpt lat="44.693760" lon="3.029490">
						<ele>1062</ele>
						<time>2026-05-03T04:25:38Z</time>
					</trkpt>
					<trkpt lat="44.693780" lon="3.030000">
						<ele>1063</ele>
						<time>2026-05-03T04:26:27Z</time>
					</trkpt>
					<trkpt lat="44.693820" lon="3.030610">
						<ele>1064</ele>
						<time>2026-05-03T04:27:25Z</time>
					</trkpt>
					<trkpt lat="44.693850" lon="3.031030">
						<ele>1064</ele>
						<time>2026-05-03T04:28:05Z</time>
					</trkpt>
					<trkpt lat="44.693840" lon="3.031420">
						<ele>1063</ele>
						<time>2026-05-03T04:28:42Z</time>
					</trkpt>
					<trkpt lat="44.693830" lon="3.031830">
						<ele>1063</ele>
						<time>2026-05-03T04:29:21Z</time>
					</trkpt>
					<trkpt lat="44.693800" lon="3.032390">
						<ele>1062</ele>
						<time>2026-05-03T04:30:14Z</time>
					</trkpt>
					<trkpt lat="44.693750" lon="3.033080">
						<ele>1063</ele>
						<time>2026-05-03T04:31:20Z</time>
					</trkpt>
					<trkpt lat="44.693760" lon="3.033910">
						<ele>1068</ele>
						<time>2026-05-03T04:32:38Z</time>
					</trkpt>
					<trkpt lat="44.693770" lon="3.034540">
						<ele>1069</ele>
						<time>2026-05-03T04:33:38Z</time>
					</trkpt>
					<trkpt lat="44.693750" lon="3.034760">
						<ele>1069</ele>
						<time>2026-05-03T04:33:59Z</time>
					</trkpt>
					<trkpt lat="44.693710" lon="3.034900">
						<ele>1069</ele>
						<time>2026-05-03T04:34:14Z</time>
					</trkpt>
					<trkpt lat="44.693760" lon="3.034940">
						<ele>1069</ele>
						<time>2026-05-03T04:34:21Z</time>
					</trkpt>
					<trkpt lat="44.694260" lon="3.035250">
						<ele>1068</ele>
						<time>2026-05-03T04:35:34Z</time>
					</trkpt>
					<trkpt lat="44.694320" lon="3.035250">
						<ele>1069</ele>
						<time>2026-05-03T04:35:42Z</time>
					</trkpt>
					<trkpt lat="44.694420" lon="3.035310">
						<ele>1070</ele>
						<time>2026-05-03T04:35:57Z</time>
					</trkpt>
					<trkpt lat="44.694540" lon="3.035350">
						<ele>1072</ele>
						<time>2026-05-03T04:36:13Z</time>
					</trkpt>
					<trkpt lat="44.694710" lon="3.035340">
						<ele>1074</ele>
						<time>2026-05-03T04:36:36Z</time>
					</trkpt>
					<trkpt lat="44.694600" lon="3.035500">
						<ele>1075</ele>
						<time>2026-05-03T04:36:57Z</time>
					</trkpt>
					<trkpt lat="44.694440" lon="3.035680">
						<ele>1074</ele>
						<time>2026-05-03T04:37:24Z</time>
					</trkpt>
					<trkpt lat="44.694330" lon="3.035890">
						<ele>1074</ele>
						<time>2026-05-03T04:37:49Z</time>
					</trkpt>
					<trkpt lat="44.694030" lon="3.036580">
						<ele>1080</ele>
						<time>2026-05-03T04:39:06Z</time>
					</trkpt>
					<trkpt lat="44.693880" lon="3.036910">
						<ele>1083</ele>
						<time>2026-05-03T04:39:43Z</time>
					</trkpt>
					<trkpt lat="44.693770" lon="3.037070">
						<ele>1084</ele>
						<time>2026-05-03T04:40:04Z</time>
					</trkpt>
					<trkpt lat="44.693400" lon="3.037520">
						<ele>1084</ele>
						<time>2026-05-03T04:41:09Z</time>
					</trkpt>
					<trkpt lat="44.693260" lon="3.037710">
						<ele>1085</ele>
						<time>2026-05-03T04:41:35Z</time>
					</trkpt>
					<trkpt lat="44.693150" lon="3.037890">
						<ele>1087</ele>
						<time>2026-05-03T04:41:58Z</time>
					</trkpt>
					<trkpt lat="44.692990" lon="3.038060">
						<ele>1088</ele>
						<time>2026-05-03T04:42:25Z</time>
					</trkpt>
					<trkpt lat="44.692740" lon="3.038290">
						<ele>1088</ele>
						<time>2026-05-03T04:43:04Z</time>
					</trkpt>
					<trkpt lat="44.692680" lon="3.038380">
						<ele>1088</ele>
						<time>2026-05-03T04:43:16Z</time>
					</trkpt>
					<trkpt lat="44.692630" lon="3.038480">
						<ele>1088</ele>
						<time>2026-05-03T04:43:28Z</time>
					</trkpt>
					<trkpt lat="44.692550" lon="3.038680">
						<ele>1088</ele>
						<time>2026-05-03T04:43:50Z</time>
					</trkpt>
					<trkpt lat="44.692480" lon="3.038930">
						<ele>1089</ele>
						<time>2026-05-03T04:44:15Z</time>
					</trkpt>
					<trkpt lat="44.692420" lon="3.039170">
						<ele>1090</ele>
						<time>2026-05-03T04:44:39Z</time>
					</trkpt>
					<trkpt lat="44.692420" lon="3.039270">
						<ele>1090</ele>
						<time>2026-05-03T04:44:49Z</time>
					</trkpt>
					<trkpt lat="44.692440" lon="3.039360">
						<ele>1091</ele>
						<time>2026-05-03T04:44:58Z</time>
					</trkpt>
					<trkpt lat="44.692400" lon="3.039430">
						<ele>1091</ele>
						<time>2026-05-03T04:45:06Z</time>
					</trkpt>
					<trkpt lat="44.692370" lon="3.039550">
						<ele>1091</ele>
						<time>2026-05-03T04:45:18Z</time>
					</trkpt>
					<trkpt lat="44.692320" lon="3.039840">
						<ele>1091</ele>
						<time>2026-05-03T04:45:46Z</time>
					</trkpt>
					<trkpt lat="44.692200" lon="3.040400">
						<ele>1092</ele>
						<time>2026-05-03T04:46:42Z</time>
					</trkpt>
					<trkpt lat="44.692030" lon="3.040980">
						<ele>1094</ele>
						<time>2026-05-03T04:47:41Z</time>
					</trkpt>
					<trkpt lat="44.691990" lon="3.041190">
						<ele>1095</ele>
						<time>2026-05-03T04:48:02Z</time>
					</trkpt>
					<trkpt lat="44.691950" lon="3.041390">
						<ele>1097</ele>
						<time>2026-05-03T04:48:22Z</time>
					</trkpt>
					<trkpt lat="44.691970" lon="3.041530">
						<ele>1098</ele>
						<time>2026-05-03T04:48:35Z</time>
					</trkpt>
					<trkpt lat="44.692080" lon="3.041950">
						<ele>1103</ele>
						<time>2026-05-03T04:49:18Z</time>
					</trkpt>
					<trkpt lat="44.692140" lon="3.042050">
						<ele>1105</ele>
						<time>2026-05-03T04:49:30Z</time>
					</trkpt>
					<trkpt lat="44.692220" lon="3.042120">
						<ele>1106</ele>
						<time>2026-05-03T04:49:43Z</time>
					</trkpt>
					<trkpt lat="44.692310" lon="3.042160">
						<ele>1106</ele>
						<time>2026-05-03T04:49:55Z</time>
					</trkpt>
					<trkpt lat="44.692400" lon="3.042260">
						<ele>1108</ele>
						<time>2026-05-03T04:50:11Z</time>
					</trkpt>
					<trkpt lat="44.692190" lon="3.042370">
						<ele>1109</ele>
						<time>2026-05-03T04:50:41Z</time>
					</trkpt>
					<trkpt lat="44.692040" lon="3.042430">
						<ele>1109</ele>
						<time>2026-05-03T04:51:01Z</time>
					</trkpt>
					<trkpt lat="44.691290" lon="3.042560">
						<ele>1110</ele>
						<time>2026-05-03T04:52:42Z</time>
					</trkpt>
					<trkpt lat="44.691190" lon="3.042600">
						<ele>1111</ele>
						<time>2026-05-03T04:52:56Z</time>
					</trkpt>
					<trkpt lat="44.691120" lon="3.042680">
						<ele>1111</ele>
						<time>2026-05-03T04:53:08Z</time>
					</trkpt>
					<trkpt lat="44.691000" lon="3.042820">
						<ele>1113</ele>
						<time>2026-05-03T04:53:29Z</time>
					</trkpt>
					<trkpt lat="44.690940" lon="3.042920">
						<ele>1114</ele>
						<time>2026-05-03T04:53:41Z</time>
					</trkpt>
					<trkpt lat="44.690890" lon="3.043030">
						<ele>1115</ele>
						<time>2026-05-03T04:53:54Z</time>
					</trkpt>
					<trkpt lat="44.690870" lon="3.043140">
						<ele>1116</ele>
						<time>2026-05-03T04:54:05Z</time>
					</trkpt>
					<trkpt lat="44.690880" lon="3.043290">
						<ele>1118</ele>
						<time>2026-05-03T04:54:19Z</time>
					</trkpt>
					<trkpt lat="44.691060" lon="3.044830">
						<ele>1124</ele>
						<time>2026-05-03T04:56:47Z</time>
					</trkpt>
					<trkpt lat="44.691120" lon="3.045300">
						<ele>1125</ele>
						<time>2026-05-03T04:57:32Z</time>
					</trkpt>
					<trkpt lat="44.691310" lon="3.046980">
						<ele>1131</ele>
						<time>2026-05-03T05:00:14Z</time>
					</trkpt>
					<trkpt lat="44.691380" lon="3.047540">
						<ele>1134</ele>
						<time>2026-05-03T05:01:08Z</time>
					</trkpt>
					<trkpt lat="44.691480" lon="3.047870">
						<ele>1135</ele>
						<time>2026-05-03T05:01:42Z</time>
					</trkpt>
					<trkpt lat="44.691590" lon="3.048170">
						<ele>1136</ele>
						<time>2026-05-03T05:02:14Z</time>
					</trkpt>
					<trkpt lat="44.691820" lon="3.048590">
						<ele>1140</ele>
						<time>2026-05-03T05:03:04Z</time>
					</trkpt>
					<trkpt lat="44.691950" lon="3.048870">
						<ele>1141</ele>
						<time>2026-05-03T05:03:36Z</time>
					</trkpt>
					<trkpt lat="44.691990" lon="3.048950">
						<ele>1142</ele>
						<time>2026-05-03T05:03:45Z</time>
					</trkpt>
					<trkpt lat="44.692160" lon="3.050000">
						<ele>1144</ele>
						<time>2026-05-03T05:05:27Z</time>
					</trkpt>
					<trkpt lat="44.692310" lon="3.050430">
						<ele>1146</ele>
						<time>2026-05-03T05:06:12Z</time>
					</trkpt>
					<trkpt lat="44.692320" lon="3.050540">
						<ele>1147</ele>
						<time>2026-05-03T05:06:23Z</time>
					</trkpt>
					<trkpt lat="44.692320" lon="3.050670">
						<ele>1147</ele>
						<time>2026-05-03T05:06:35Z</time>
					</trkpt>
					<trkpt lat="44.692240" lon="3.051200">
						<ele>1149</ele>
						<time>2026-05-03T05:07:27Z</time>
					</trkpt>
					<trkpt lat="44.692220" lon="3.051440">
						<ele>1150</ele>
						<time>2026-05-03T05:07:50Z</time>
					</trkpt>
					<trkpt lat="44.692170" lon="3.051620">
						<ele>1150</ele>
						<time>2026-05-03T05:08:08Z</time>
					</trkpt>
					<trkpt lat="44.692130" lon="3.051870">
						<ele>1152</ele>
						<time>2026-05-03T05:08:32Z</time>
					</trkpt>
					<trkpt lat="44.692190" lon="3.052370">
						<ele>1156</ele>
						<time>2026-05-03T05:09:20Z</time>
					</trkpt>
					<trkpt lat="44.692190" lon="3.052540">
						<ele>1158</ele>
						<time>2026-05-03T05:09:37Z</time>
					</trkpt>
					<trkpt lat="44.692160" lon="3.052710">
						<ele>1159</ele>
						<time>2026-05-03T05:09:53Z</time>
					</trkpt>
					<trkpt lat="44.692210" lon="3.052860">
						<ele>1160</ele>
						<time>2026-05-03T05:10:09Z</time>
					</trkpt>
					<trkpt lat="44.692290" lon="3.053100">
						<ele>1162</ele>
						<time>2026-05-03T05:10:34Z</time>
					</trkpt>
					<trkpt lat="44.692260" lon="3.053190">
						<ele>1162</ele>
						<time>2026-05-03T05:10:43Z</time>
					</trkpt>
					<trkpt lat="44.692280" lon="3.053410">
						<ele>1163</ele>
						<time>2026-05-03T05:11:04Z</time>
					</trkpt>
					<trkpt lat="44.692280" lon="3.053530">
						<ele>1163</ele>
						<time>2026-05-03T05:11:16Z</time>
					</trkpt>
					<trkpt lat="44.692270" lon="3.053580">
						<ele>1163</ele>
						<time>2026-05-03T05:11:21Z</time>
					</trkpt>
					<trkpt lat="44.692260" lon="3.053770">
						<ele>1163</ele>
						<time>2026-05-03T05:11:39Z</time>
					</trkpt>
					<trkpt lat="44.692220" lon="3.053890">
						<ele>1163</ele>
						<time>2026-05-03T05:11:51Z</time>
					</trkpt>
					<trkpt lat="44.692210" lon="3.053980">
						<ele>1163</ele>
						<time>2026-05-03T05:12:00Z</time>
					</trkpt>
					<trkpt lat="44.692240" lon="3.054070">
						<ele>1163</ele>
						<time>2026-05-03T05:12:10Z</time>
					</trkpt>
					<trkpt lat="44.692420" lon="3.054300">
						<ele>1163</ele>
						<time>2026-05-03T05:12:42Z</time>
					</trkpt>
					<trkpt lat="44.692450" lon="3.054320">
						<ele>1163</ele>
						<time>2026-05-03T05:12:46Z</time>
					</trkpt>
					<trkpt lat="44.692500" lon="3.054370">
						<ele>1163</ele>
						<time>2026-05-03T05:12:55Z</time>
					</trkpt>
					<trkpt lat="44.692740" lon="3.054520">
						<ele>1163</ele>
						<time>2026-05-03T05:13:30Z</time>
					</trkpt>
					<trkpt lat="44.692980" lon="3.054630">
						<ele>1163</ele>
						<time>2026-05-03T05:14:03Z</time>
					</trkpt>
					<trkpt lat="44.693120" lon="3.054660">
						<ele>1163</ele>
						<time>2026-05-03T05:14:22Z</time>
					</trkpt>
					<trkpt lat="44.693510" lon="3.054490">
						<ele>1162</ele>
						<time>2026-05-03T05:15:17Z</time>
					</trkpt>
					<trkpt lat="44.693730" lon="3.054380">
						<ele>1162</ele>
						<time>2026-05-03T05:15:48Z</time>
					</trkpt>
					<trkpt lat="44.694060" lon="3.054350">
						<ele>1160</ele>
						<time>2026-05-03T05:16:32Z</time>
					</trkpt>
					<trkpt lat="44.694360" lon="3.054160">
						<ele>1159</ele>
						<time>2026-05-03T05:17:16Z</time>
					</trkpt>
					<trkpt lat="44.694610" lon="3.054220">
						<ele>1158</ele>
						<time>2026-05-03T05:17:50Z</time>
					</trkpt>
					<trkpt lat="44.694870" lon="3.054250">
						<ele>1157</ele>
						<time>2026-05-03T05:18:25Z</time>
					</trkpt>
					<trkpt lat="44.695170" lon="3.054330">
						<ele>1155</ele>
						<time>2026-05-03T05:19:05Z</time>
					</trkpt>
					<trkpt lat="44.695430" lon="3.054480">
						<ele>1154</ele>
						<time>2026-05-03T05:19:43Z</time>
					</trkpt>
					<trkpt lat="44.695630" lon="3.054540">
						<ele>1153</ele>
						<time>2026-05-03T05:20:10Z</time>
					</trkpt>
					<trkpt lat="44.696400" lon="3.054610">
						<ele>1150</ele>
						<time>2026-05-03T05:21:53Z</time>
					</trkpt>
					<trkpt lat="44.696810" lon="3.054640">
						<ele>1148</ele>
						<time>2026-05-03T05:22:48Z</time>
					</trkpt>
					<trkpt lat="44.697160" lon="3.054650">
						<ele>1147</ele>
						<time>2026-05-03T05:23:35Z</time>
					</trkpt>
					<trkpt lat="44.697430" lon="3.054630">
						<ele>1146</ele>
						<time>2026-05-03T05:24:11Z</time>
					</trkpt>
					<trkpt lat="44.697610" lon="3.054600">
						<ele>1145</ele>
						<time>2026-05-03T05:24:35Z</time>
					</trkpt>
					<trkpt lat="44.697910" lon="3.054500">
						<ele>1145</ele>
						<time>2026-05-03T05:25:16Z</time>
					</trkpt>
					<trkpt lat="44.698190" lon="3.054500">
						<ele>1145</ele>
						<time>2026-05-03T05:25:53Z</time>
					</trkpt>
					<trkpt lat="44.698430" lon="3.054570">
						<ele>1144</ele>
						<time>2026-05-03T05:26:26Z</time>
					</trkpt>
					<trkpt lat="44.698720" lon="3.054670">
						<ele>1143</ele>
						<time>2026-05-03T05:27:06Z</time>
					</trkpt>
					<trkpt lat="44.699010" lon="3.054810">
						<ele>1143</ele>
						<time>2026-05-03T05:27:47Z</time>
					</trkpt>
					<trkpt lat="44.699600" lon="3.054940">
						<ele>1141</ele>
						<time>2026-05-03T05:29:06Z</time>
					</trkpt>
					<trkpt lat="44.699900" lon="3.054960">
						<ele>1139</ele>
						<time>2026-05-03T05:29:47Z</time>
					</trkpt>
					<trkpt lat="44.700350" lon="3.055070">
						<ele>1138</ele>
						<time>2026-05-03T05:30:48Z</time>
					</trkpt>
					<trkpt lat="44.700640" lon="3.055070">
						<ele>1137</ele>
						<time>2026-05-03T05:31:26Z</time>
					</trkpt>
					<trkpt lat="44.700820" lon="3.055040">
						<ele>1137</ele>
						<time>2026-05-03T05:31:50Z</time>
					</trkpt>
					<trkpt lat="44.701020" lon="3.054890">
						<ele>1137</ele>
						<time>2026-05-03T05:32:21Z</time>
					</trkpt>
					<trkpt lat="44.701190" lon="3.054660">
						<ele>1138</ele>
						<time>2026-05-03T05:32:52Z</time>
					</trkpt>
					<trkpt lat="44.701360" lon="3.054560">
						<ele>1138</ele>
						<time>2026-05-03T05:33:17Z</time>
					</trkpt>
					<trkpt lat="44.701620" lon="3.054660">
						<ele>1138</ele>
						<time>2026-05-03T05:33:53Z</time>
					</trkpt>
					<trkpt lat="44.701880" lon="3.054880">
						<ele>1139</ele>
						<time>2026-05-03T05:34:33Z</time>
					</trkpt>
					<trkpt lat="44.702300" lon="3.055190">
						<ele>1141</ele>
						<time>2026-05-03T05:35:36Z</time>
					</trkpt>
					<trkpt lat="44.702580" lon="3.055240">
						<ele>1143</ele>
						<time>2026-05-03T05:36:14Z</time>
					</trkpt>
					<trkpt lat="44.703100" lon="3.055300">
						<ele>1146</ele>
						<time>2026-05-03T05:37:24Z</time>
					</trkpt>
					<trkpt lat="44.703390" lon="3.055260">
						<ele>1148</ele>
						<time>2026-05-03T05:38:03Z</time>
					</trkpt>
					<trkpt lat="44.703730" lon="3.055150">
						<ele>1150</ele>
						<time>2026-05-03T05:38:49Z</time>
					</trkpt>
					<trkpt lat="44.704510" lon="3.054830">
						<ele>1153</ele>
						<time>2026-05-03T05:40:38Z</time>
					</trkpt>
					<trkpt lat="44.704650" lon="3.054820">
						<ele>1153</ele>
						<time>2026-05-03T05:40:56Z</time>
					</trkpt>
					<trkpt lat="44.704880" lon="3.055040">
						<ele>1153</ele>
						<time>2026-05-03T05:41:33Z</time>
					</trkpt>
					<trkpt lat="44.705130" lon="3.055270">
						<ele>1154</ele>
						<time>2026-05-03T05:42:13Z</time>
					</trkpt>
					<trkpt lat="44.705360" lon="3.055460">
						<ele>1154</ele>
						<time>2026-05-03T05:42:49Z</time>
					</trkpt>
					<trkpt lat="44.705580" lon="3.055620">
						<ele>1155</ele>
						<time>2026-05-03T05:43:22Z</time>
					</trkpt>
					<trkpt lat="44.705780" lon="3.055870">
						<ele>1156</ele>
						<time>2026-05-03T05:43:58Z</time>
					</trkpt>
					<trkpt lat="44.706420" lon="3.056380">
						<ele>1158</ele>
						<time>2026-05-03T05:45:36Z</time>
					</trkpt>
					<trkpt lat="44.706730" lon="3.056600">
						<ele>1158</ele>
						<time>2026-05-03T05:46:22Z</time>
					</trkpt>
					<trkpt lat="44.707320" lon="3.057110">
						<ele>1158</ele>
						<time>2026-05-03T05:47:55Z</time>
					</trkpt>
					<trkpt lat="44.707620" lon="3.057320">
						<ele>1159</ele>
						<time>2026-05-03T05:48:39Z</time>
					</trkpt>
					<trkpt lat="44.708000" lon="3.057670">
						<ele>1161</ele>
						<time>2026-05-03T05:49:40Z</time>
					</trkpt>
					<trkpt lat="44.707850" lon="3.058310">
						<ele>1161</ele>
						<time>2026-05-03T05:50:44Z</time>
					</trkpt>
					<trkpt lat="44.707860" lon="3.058460">
						<ele>1161</ele>
						<time>2026-05-03T05:50:58Z</time>
					</trkpt>
					<trkpt lat="44.708140" lon="3.058700">
						<ele>1162</ele>
						<time>2026-05-03T05:51:42Z</time>
					</trkpt>
					<trkpt lat="44.708370" lon="3.058830">
						<ele>1163</ele>
						<time>2026-05-03T05:52:15Z</time>
					</trkpt>
					<trkpt lat="44.708510" lon="3.058940">
						<ele>1164</ele>
						<time>2026-05-03T05:52:36Z</time>
					</trkpt>
					<trkpt lat="44.708650" lon="3.059170">
						<ele>1164</ele>
						<time>2026-05-03T05:53:05Z</time>
					</trkpt>
					<trkpt lat="44.708930" lon="3.059440">
						<ele>1165</ele>
						<time>2026-05-03T05:53:50Z</time>
					</trkpt>
					<trkpt lat="44.709280" lon="3.059730">
						<ele>1166</ele>
						<time>2026-05-03T05:54:45Z</time>
					</trkpt>
					<trkpt lat="44.709500" lon="3.059830">
						<ele>1167</ele>
						<time>2026-05-03T05:55:15Z</time>
					</trkpt>
					<trkpt lat="44.709840" lon="3.059880">
						<ele>1169</ele>
						<time>2026-05-03T05:56:01Z</time>
					</trkpt>
					<trkpt lat="44.710160" lon="3.060020">
						<ele>1170</ele>
						<time>2026-05-03T05:56:46Z</time>
					</trkpt>
					<trkpt lat="44.710970" lon="3.060090">
						<ele>1169</ele>
						<time>2026-05-03T05:58:34Z</time>
					</trkpt>
					<trkpt lat="44.711330" lon="3.060180">
						<ele>1168</ele>
						<time>2026-05-03T05:59:23Z</time>
					</trkpt>
					<trkpt lat="44.711990" lon="3.060650">
						<ele>1167</ele>
						<time>2026-05-03T06:01:01Z</time>
					</trkpt>
					<trkpt lat="44.712250" lon="3.060870">
						<ele>1167</ele>
						<time>2026-05-03T06:01:42Z</time>
					</trkpt>
					<trkpt lat="44.712490" lon="3.061180">
						<ele>1168</ele>
						<time>2026-05-03T06:02:25Z</time>
					</trkpt>
					<trkpt lat="44.713370" lon="3.062000">
						<ele>1172</ele>
						<time>2026-05-03T06:04:46Z</time>
					</trkpt>
					<trkpt lat="44.713500" lon="3.061950">
						<ele>1172</ele>
						<time>2026-05-03T06:05:04Z</time>
					</trkpt>
					<trkpt lat="44.713640" lon="3.061860">
						<ele>1172</ele>
						<time>2026-05-03T06:05:25Z</time>
					</trkpt>
					<trkpt lat="44.713750" lon="3.061750">
						<ele>1172</ele>
						<time>2026-05-03T06:05:43Z</time>
					</trkpt>
					<trkpt lat="44.713820" lon="3.061680">
						<ele>1173</ele>
						<time>2026-05-03T06:05:54Z</time>
					</trkpt>
					<trkpt lat="44.714030" lon="3.061400">
						<ele>1172</ele>
						<time>2026-05-03T06:06:33Z</time>
					</trkpt>
					<trkpt lat="44.714140" lon="3.061200">
						<ele>1172</ele>
						<time>2026-05-03T06:06:57Z</time>
					</trkpt>
					<trkpt lat="44.714410" lon="3.060780">
						<ele>1171</ele>
						<time>2026-05-03T06:07:51Z</time>
					</trkpt>
					<trkpt lat="44.714530" lon="3.060650">
						<ele>1170</ele>
						<time>2026-05-03T06:08:11Z</time>
					</trkpt>
					<trkpt lat="44.714620" lon="3.060650">
						<ele>1170</ele>
						<time>2026-05-03T06:08:23Z</time>
					</trkpt>
					<trkpt lat="44.714920" lon="3.060840">
						<ele>1170</ele>
						<time>2026-05-03T06:09:07Z</time>
					</trkpt>
					<trkpt lat="44.715400" lon="3.061090">
						<ele>1170</ele>
						<time>2026-05-03T06:10:15Z</time>
					</trkpt>
					<trkpt lat="44.715570" lon="3.061210">
						<ele>1171</ele>
						<time>2026-05-03T06:10:40Z</time>
					</trkpt>
					<trkpt lat="44.716030" lon="3.061440">
						<ele>1170</ele>
						<time>2026-05-03T06:11:46Z</time>
					</trkpt>
					<trkpt lat="44.716230" lon="3.061500">
						<ele>1169</ele>
						<time>2026-05-03T06:12:13Z</time>
					</trkpt>
					<trkpt lat="44.716520" lon="3.061770">
						<ele>1169</ele>
						<time>2026-05-03T06:12:59Z</time>
					</trkpt>
					<trkpt lat="44.716750" lon="3.061920">
						<ele>1168</ele>
						<time>2026-05-03T06:13:33Z</time>
					</trkpt>
					<trkpt lat="44.717330" lon="3.062350">
						<ele>1168</ele>
						<time>2026-05-03T06:15:01Z</time>
					</trkpt>
					<trkpt lat="44.718110" lon="3.062690">
						<ele>1167</ele>
						<time>2026-05-03T06:16:50Z</time>
					</trkpt>
					<trkpt lat="44.719040" lon="3.063010">
						<ele>1165</ele>
						<time>2026-05-03T06:18:57Z</time>
					</trkpt>
					<trkpt lat="44.719340" lon="3.063090">
						<ele>1165</ele>
						<time>2026-05-03T06:19:38Z</time>
					</trkpt>
					<trkpt lat="44.719440" lon="3.063060">
						<ele>1165</ele>
						<time>2026-05-03T06:19:52Z</time>
					</trkpt>
					<trkpt lat="44.719570" lon="3.063120">
						<ele>1165</ele>
						<time>2026-05-03T06:20:10Z</time>
					</trkpt>
					<trkpt lat="44.719670" lon="3.063200">
						<ele>1164</ele>
						<time>2026-05-03T06:20:25Z</time>
					</trkpt>
					<trkpt lat="44.719810" lon="3.063410">
						<ele>1163</ele>
						<time>2026-05-03T06:20:53Z</time>
					</trkpt>
					<trkpt lat="44.719850" lon="3.063550">
						<ele>1162</ele>
						<time>2026-05-03T06:21:07Z</time>
					</trkpt>
					<trkpt lat="44.719840" lon="3.063680">
						<ele>1162</ele>
						<time>2026-05-03T06:21:19Z</time>
					</trkpt>
					<trkpt lat="44.720260" lon="3.063790">
						<ele>1160</ele>
						<time>2026-05-03T06:22:16Z</time>
					</trkpt>
					<trkpt lat="44.720650" lon="3.063840">
						<ele>1159</ele>
						<time>2026-05-03T06:23:09Z</time>
					</trkpt>
					<trkpt lat="44.721510" lon="3.063920">
						<ele>1156</ele>
						<time>2026-05-03T06:25:04Z</time>
					</trkpt>
					<trkpt lat="44.721630" lon="3.063970">
						<ele>1155</ele>
						<time>2026-05-03T06:25:20Z</time>
					</trkpt>
					<trkpt lat="44.721750" lon="3.064000">
						<ele>1155</ele>
						<time>2026-05-03T06:25:37Z</time>
					</trkpt>
					<trkpt lat="44.722000" lon="3.063540">
						<ele>1156</ele>
						<time>2026-05-03T06:26:31Z</time>
					</trkpt>
					<trkpt lat="44.722180" lon="3.063280">
						<ele>1156</ele>
						<time>2026-05-03T06:27:06Z</time>
					</trkpt>
					<trkpt lat="44.722360" lon="3.063050">
						<ele>1157</ele>
						<time>2026-05-03T06:27:38Z</time>
					</trkpt>
					<trkpt lat="44.722510" lon="3.062900">
						<ele>1158</ele>
						<time>2026-05-03T06:28:03Z</time>
					</trkpt>
					<trkpt lat="44.723100" lon="3.062920">
						<ele>1156</ele>
						<time>2026-05-03T06:29:22Z</time>
					</trkpt>
					<trkpt lat="44.723260" lon="3.062890">
						<ele>1156</ele>
						<time>2026-05-03T06:29:43Z</time>
					</trkpt>
					<trkpt lat="44.723470" lon="3.062800">
						<ele>1155</ele>
						<time>2026-05-03T06:30:12Z</time>
					</trkpt>
					<trkpt lat="44.723730" lon="3.062720">
						<ele>1153</ele>
						<time>2026-05-03T06:30:48Z</time>
					</trkpt>
					<trkpt lat="44.723970" lon="3.062660">
						<ele>1151</ele>
						<time>2026-05-03T06:31:20Z</time>
					</trkpt>
					<trkpt lat="44.724190" lon="3.062630">
						<ele>1149</ele>
						<time>2026-05-03T06:31:50Z</time>
					</trkpt>
					<trkpt lat="44.724460" lon="3.062550">
						<ele>1148</ele>
						<time>2026-05-03T06:32:27Z</time>
					</trkpt>
					<trkpt lat="44.724670" lon="3.062410">
						<ele>1147</ele>
						<time>2026-05-03T06:32:58Z</time>
					</trkpt>
					<trkpt lat="44.724830" lon="3.062330">
						<ele>1146</ele>
						<time>2026-05-03T06:33:20Z</time>
					</trkpt>
					<trkpt lat="44.725130" lon="3.062750">
						<ele>1147</ele>
						<time>2026-05-03T06:34:17Z</time>
					</trkpt>
					<trkpt lat="44.725270" lon="3.062790">
						<ele>1149</ele>
						<time>2026-05-03T06:34:36Z</time>
					</trkpt>
					<trkpt lat="44.725350" lon="3.062770">
						<ele>1150</ele>
						<time>2026-05-03T06:34:47Z</time>
					</trkpt>
					<trkpt lat="44.725530" lon="3.062610">
						<ele>1151</ele>
						<time>2026-05-03T06:35:15Z</time>
					</trkpt>
					<trkpt lat="44.725800" lon="3.062320">
						<ele>1152</ele>
						<time>2026-05-03T06:36:01Z</time>
					</trkpt>
					<trkpt lat="44.725950" lon="3.062210">
						<ele>1152</ele>
						<time>2026-05-03T06:36:23Z</time>
					</trkpt>
					<trkpt lat="44.725970" lon="3.062370">
						<ele>1153</ele>
						<time>2026-05-03T06:36:39Z</time>
					</trkpt>
					<trkpt lat="44.726170" lon="3.062520">
						<ele>1154</ele>
						<time>2026-05-03T06:37:09Z</time>
					</trkpt>
					<trkpt lat="44.726390" lon="3.062850">
						<ele>1157</ele>
						<time>2026-05-03T06:37:52Z</time>
					</trkpt>
					<trkpt lat="44.726630" lon="3.062840">
						<ele>1157</ele>
						<time>2026-05-03T06:38:24Z</time>
					</trkpt>
					<trkpt lat="44.726920" lon="3.062930">
						<ele>1156</ele>
						<time>2026-05-03T06:39:03Z</time>
					</trkpt>
					<trkpt lat="44.727330" lon="3.063150">
						<ele>1153</ele>
						<time>2026-05-03T06:40:02Z</time>
					</trkpt>
					<trkpt lat="44.727640" lon="3.063360">
						<ele>1152</ele>
						<time>2026-05-03T06:40:48Z</time>
					</trkpt>
					<trkpt lat="44.727890" lon="3.063600">
						<ele>1152</ele>
						<time>2026-05-03T06:41:28Z</time>
					</trkpt>
					<trkpt lat="44.728200" lon="3.064030">
						<ele>1153</ele>
						<time>2026-05-03T06:42:26Z</time>
					</trkpt>
					<trkpt lat="44.728490" lon="3.064410">
						<ele>1152</ele>
						<time>2026-05-03T06:43:19Z</time>
					</trkpt>
					<trkpt lat="44.728660" lon="3.064790">
						<ele>1153</ele>
						<time>2026-05-03T06:44:02Z</time>
					</trkpt>
					<trkpt lat="44.728770" lon="3.065110">
						<ele>1155</ele>
						<time>2026-05-03T06:44:35Z</time>
					</trkpt>
					<trkpt lat="44.729010" lon="3.065300">
						<ele>1154</ele>
						<time>2026-05-03T06:45:12Z</time>
					</trkpt>
					<trkpt lat="44.729620" lon="3.066390">
						<ele>1157</ele>
						<time>2026-05-03T06:47:24Z</time>
					</trkpt>
					<trkpt lat="44.729870" lon="3.066700">
						<ele>1157</ele>
						<time>2026-05-03T06:48:08Z</time>
					</trkpt>
					<trkpt lat="44.730140" lon="3.066830">
						<ele>1156</ele>
						<time>2026-05-03T06:48:46Z</time>
					</trkpt>
					<trkpt lat="44.730430" lon="3.067030">
						<ele>1156</ele>
						<time>2026-05-03T06:49:29Z</time>
					</trkpt>
					<trkpt lat="44.730800" lon="3.067160">
						<ele>1155</ele>
						<time>2026-05-03T06:50:20Z</time>
					</trkpt>
					<trkpt lat="44.731410" lon="3.067480">
						<ele>1154</ele>
						<time>2026-05-03T06:51:47Z</time>
					</trkpt>
					<trkpt lat="44.731630" lon="3.067700">
						<ele>1154</ele>
						<time>2026-05-03T06:52:23Z</time>
					</trkpt>
					<trkpt lat="44.731730" lon="3.067890">
						<ele>1154</ele>
						<time>2026-05-03T06:52:46Z</time>
					</trkpt>
					<trkpt lat="44.732100" lon="3.068010">
						<ele>1151</ele>
						<time>2026-05-03T06:53:36Z</time>
					</trkpt>
					<trkpt lat="44.732440" lon="3.068270">
						<ele>1150</ele>
						<time>2026-05-03T06:54:28Z</time>
					</trkpt>
					<trkpt lat="44.732650" lon="3.068470">
						<ele>1150</ele>
						<time>2026-05-03T06:55:02Z</time>
					</trkpt>
					<trkpt lat="44.732940" lon="3.068590">
						<ele>1151</ele>
						<time>2026-05-03T06:55:42Z</time>
					</trkpt>
					<trkpt lat="44.733180" lon="3.068710">
						<ele>1151</ele>
						<time>2026-05-03T06:56:16Z</time>
					</trkpt>
					<trkpt lat="44.733560" lon="3.068950">
						<ele>1153</ele>
						<time>2026-05-03T06:57:12Z</time>
					</trkpt>
					<trkpt lat="44.733930" lon="3.069100">
						<ele>1155</ele>
						<time>2026-05-03T06:58:03Z</time>
					</trkpt>
					<trkpt lat="44.734270" lon="3.069140">
						<ele>1156</ele>
						<time>2026-05-03T06:58:49Z</time>
					</trkpt>
					<trkpt lat="44.734640" lon="3.069140">
						<ele>1156</ele>
						<time>2026-05-03T06:59:38Z</time>
					</trkpt>
					<trkpt lat="44.734960" lon="3.069100">
						<ele>1156</ele>
						<time>2026-05-03T07:00:21Z</time>
					</trkpt>
					<trkpt lat="44.735080" lon="3.069280">
						<ele>1156</ele>
						<time>2026-05-03T07:00:44Z</time>
					</trkpt>
					<trkpt lat="44.735080" lon="3.069400">
						<ele>1156</ele>
						<time>2026-05-03T07:00:56Z</time>
					</trkpt>
					<trkpt lat="44.734980" lon="3.069620">
						<ele>1157</ele>
						<time>2026-05-03T07:01:20Z</time>
					</trkpt>
					<trkpt lat="44.734980" lon="3.069900">
						<ele>1157</ele>
						<time>2026-05-03T07:01:47Z</time>
					</trkpt>
					<trkpt lat="44.734970" lon="3.070250">
						<ele>1158</ele>
						<time>2026-05-03T07:02:20Z</time>
					</trkpt>
					<trkpt lat="44.735040" lon="3.070360">
						<ele>1158</ele>
						<time>2026-05-03T07:02:34Z</time>
					</trkpt>
					<trkpt lat="44.735110" lon="3.070410">
						<ele>1159</ele>
						<time>2026-05-03T07:02:45Z</time>
					</trkpt>
					<trkpt lat="44.736650" lon="3.070290">
						<ele>1169</ele>
						<time>2026-05-03T07:06:10Z</time>
					</trkpt>
					<trkpt lat="44.737080" lon="3.070230">
						<ele>1173</ele>
						<time>2026-05-03T07:07:08Z</time>
					</trkpt>
					<trkpt lat="44.738240" lon="3.070190">
						<ele>1177</ele>
						<time>2026-05-03T07:09:43Z</time>
					</trkpt>
					<trkpt lat="44.741960" lon="3.069910">
						<ele>1177</ele>
						<time>2026-05-03T07:18:00Z</time>
					</trkpt>
					<trkpt lat="44.742750" lon="3.069470">
						<ele>1172</ele>
						<time>2026-05-03T07:19:53Z</time>
					</trkpt>
					<trkpt lat="44.743570" lon="3.068830">
						<ele>1168</ele>
						<time>2026-05-03T07:21:58Z</time>
					</trkpt>
					<trkpt lat="44.744080" lon="3.068650">
						<ele>1170</ele>
						<time>2026-05-03T07:23:09Z</time>
					</trkpt>
					<trkpt lat="44.744280" lon="3.068570">
						<ele>1171</ele>
						<time>2026-05-03T07:23:36Z</time>
					</trkpt>
					<trkpt lat="44.744660" lon="3.068090">
						<ele>1169</ele>
						<time>2026-05-03T07:24:45Z</time>
					</trkpt>
					<trkpt lat="44.744900" lon="3.067750">
						<ele>1168</ele>
						<time>2026-05-03T07:25:30Z</time>
					</trkpt>
					<trkpt lat="44.745350" lon="3.067340">
						<ele>1167</ele>
						<time>2026-05-03T07:26:41Z</time>
					</trkpt>
					<trkpt lat="44.745570" lon="3.067110">
						<ele>1165</ele>
						<time>2026-05-03T07:27:18Z</time>
					</trkpt>
					<trkpt lat="44.746380" lon="3.066910">
						<ele>1165</ele>
						<time>2026-05-03T07:29:08Z</time>
					</trkpt>
					<trkpt lat="44.746510" lon="3.066880">
						<ele>1165</ele>
						<time>2026-05-03T07:29:25Z</time>
					</trkpt>
					<trkpt lat="44.746690" lon="3.066800">
						<ele>1164</ele>
						<time>2026-05-03T07:29:51Z</time>
					</trkpt>
					<trkpt lat="44.746900" lon="3.066540">
						<ele>1160</ele>
						<time>2026-05-03T07:30:28Z</time>
					</trkpt>
					<trkpt lat="44.747230" lon="3.065950">
						<ele>1153</ele>
						<time>2026-05-03T07:31:39Z</time>
					</trkpt>
					<trkpt lat="44.747360" lon="3.065820">
						<ele>1152</ele>
						<time>2026-05-03T07:32:00Z</time>
					</trkpt>
					<trkpt lat="44.747580" lon="3.065650">
						<ele>1149</ele>
						<time>2026-05-03T07:32:34Z</time>
					</trkpt>
					<trkpt lat="44.747740" lon="3.065680">
						<ele>1148</ele>
						<time>2026-05-03T07:32:55Z</time>
					</trkpt>
					<trkpt lat="44.747630" lon="3.065170">
						<ele>1145</ele>
						<time>2026-05-03T07:33:46Z</time>
					</trkpt>
					<trkpt lat="44.747430" lon="3.064510">
						<ele>1141</ele>
						<time>2026-05-03T07:34:54Z</time>
					</trkpt>
					<trkpt lat="44.747350" lon="3.063990">
						<ele>1137</ele>
						<time>2026-05-03T07:35:44Z</time>
					</trkpt>
					<trkpt lat="44.747420" lon="3.063760">
						<ele>1136</ele>
						<time>2026-05-03T07:36:08Z</time>
					</trkpt>
					<trkpt lat="44.747580" lon="3.063480">
						<ele>1134</ele>
						<time>2026-05-03T07:36:42Z</time>
					</trkpt>
					<trkpt lat="44.747800" lon="3.063170">
						<ele>1132</ele>
						<time>2026-05-03T07:37:24Z</time>
					</trkpt>
					<trkpt lat="44.747910" lon="3.062880">
						<ele>1130</ele>
						<time>2026-05-03T07:37:55Z</time>
					</trkpt>
					<trkpt lat="44.748160" lon="3.062540">
						<ele>1129</ele>
						<time>2026-05-03T07:38:41Z</time>
					</trkpt>
					<trkpt lat="44.748320" lon="3.062220">
						<ele>1127</ele>
						<time>2026-05-03T07:39:18Z</time>
					</trkpt>
					<trkpt lat="44.748480" lon="3.061520">
						<ele>1123</ele>
						<time>2026-05-03T07:40:28Z</time>
					</trkpt>
					<trkpt lat="44.748530" lon="3.061190">
						<ele>1120</ele>
						<time>2026-05-03T07:41:00Z</time>
					</trkpt>
					<trkpt lat="44.748660" lon="3.060910">
						<ele>1118</ele>
						<time>2026-05-03T07:41:32Z</time>
					</trkpt>
					<trkpt lat="44.748800" lon="3.060640">
						<ele>1116</ele>
						<time>2026-05-03T07:42:03Z</time>
					</trkpt>
					<trkpt lat="44.748900" lon="3.060370">
						<ele>1114</ele>
						<time>2026-05-03T07:42:32Z</time>
					</trkpt>
					<trkpt lat="44.748960" lon="3.060050">
						<ele>1112</ele>
						<time>2026-05-03T07:43:04Z</time>
					</trkpt>
					<trkpt lat="44.749060" lon="3.059870">
						<ele>1111</ele>
						<time>2026-05-03T07:43:25Z</time>
					</trkpt>
					<trkpt lat="44.749290" lon="3.059750">
						<ele>1110</ele>
						<time>2026-05-03T07:43:58Z</time>
					</trkpt>
					<trkpt lat="44.749480" lon="3.059660">
						<ele>1108</ele>
						<time>2026-05-03T07:44:25Z</time>
					</trkpt>
					<trkpt lat="44.749690" lon="3.059350">
						<ele>1105</ele>
						<time>2026-05-03T07:45:05Z</time>
					</trkpt>
					<trkpt lat="44.749960" lon="3.058980">
						<ele>1103</ele>
						<time>2026-05-03T07:45:56Z</time>
					</trkpt>
					<trkpt lat="44.750090" lon="3.058660">
						<ele>1101</ele>
						<time>2026-05-03T07:46:30Z</time>
					</trkpt>
					<trkpt lat="44.750190" lon="3.058280">
						<ele>1099</ele>
						<time>2026-05-03T07:47:09Z</time>
					</trkpt>
					<trkpt lat="44.750300" lon="3.058060">
						<ele>1095</ele>
						<time>2026-05-03T07:47:34Z</time>
					</trkpt>
					<trkpt lat="44.750660" lon="3.058120">
						<ele>1093</ele>
						<time>2026-05-03T07:48:23Z</time>
					</trkpt>
					<trkpt lat="44.751070" lon="3.058240">
						<ele>1091</ele>
						<time>2026-05-03T07:49:19Z</time>
					</trkpt>
					<trkpt lat="44.751350" lon="3.058360">
						<ele>1091</ele>
						<time>2026-05-03T07:49:58Z</time>
					</trkpt>
					<trkpt lat="44.751550" lon="3.058420">
						<ele>1091</ele>
						<time>2026-05-03T07:50:25Z</time>
					</trkpt>
					<trkpt lat="44.751670" lon="3.058380">
						<ele>1091</ele>
						<time>2026-05-03T07:50:41Z</time>
					</trkpt>
					<trkpt lat="44.751880" lon="3.058210">
						<ele>1088</ele>
						<time>2026-05-03T07:51:14Z</time>
					</trkpt>
					<trkpt lat="44.752160" lon="3.058200">
						<ele>1088</ele>
						<time>2026-05-03T07:51:51Z</time>
					</trkpt>
					<trkpt lat="44.752620" lon="3.057920">
						<ele>1082</ele>
						<time>2026-05-03T07:52:58Z</time>
					</trkpt>
					<trkpt lat="44.752760" lon="3.057850">
						<ele>1081</ele>
						<time>2026-05-03T07:53:18Z</time>
					</trkpt>
					<trkpt lat="44.753410" lon="3.057870">
						<ele>1081</ele>
						<time>2026-05-03T07:54:45Z</time>
					</trkpt>
					<trkpt lat="44.753630" lon="3.057910">
						<ele>1080</ele>
						<time>2026-05-03T07:55:14Z</time>
					</trkpt>
					<trkpt lat="44.754080" lon="3.058230">
						<ele>1078</ele>
						<time>2026-05-03T07:56:21Z</time>
					</trkpt>
					<trkpt lat="44.754460" lon="3.058520">
						<ele>1077</ele>
						<time>2026-05-03T07:57:19Z</time>
					</trkpt>
					<trkpt lat="44.754580" lon="3.058480">
						<ele>1076</ele>
						<time>2026-05-03T07:57:36Z</time>
					</trkpt>
					<trkpt lat="44.754730" lon="3.058620">
						<ele>1075</ele>
						<time>2026-05-03T07:58:00Z</time>
					</trkpt>
					<trkpt lat="44.755180" lon="3.058890">
						<ele>1073</ele>
						<time>2026-05-03T07:59:05Z</time>
					</trkpt>
					<trkpt lat="44.755540" lon="3.059390">
						<ele>1070</ele>
						<time>2026-05-03T08:00:12Z</time>
					</trkpt>
					<trkpt lat="44.755800" lon="3.059670">
						<ele>1067</ele>
						<time>2026-05-03T08:00:56Z</time>
					</trkpt>
					<trkpt lat="44.755930" lon="3.059790">
						<ele>1066</ele>
						<time>2026-05-03T08:01:17Z</time>
					</trkpt>
					<trkpt lat="44.755960" lon="3.059970">
						<ele>1065</ele>
						<time>2026-05-03T08:01:34Z</time>
					</trkpt>
					<trkpt lat="44.756030" lon="3.060150">
						<ele>1063</ele>
						<time>2026-05-03T08:01:54Z</time>
					</trkpt>
					<trkpt lat="44.756140" lon="3.060240">
						<ele>1062</ele>
						<time>2026-05-03T08:02:11Z</time>
					</trkpt>
					<trkpt lat="44.756320" lon="3.060280">
						<ele>1060</ele>
						<time>2026-05-03T08:02:35Z</time>
					</trkpt>
					<trkpt lat="44.756970" lon="3.060300">
						<ele>1055</ele>
						<time>2026-05-03T08:04:02Z</time>
					</trkpt>
					<trkpt lat="44.757530" lon="3.060070">
						<ele>1049</ele>
						<time>2026-05-03T08:05:20Z</time>
					</trkpt>
					<trkpt lat="44.757650" lon="3.060040">
						<ele>1048</ele>
						<time>2026-05-03T08:05:36Z</time>
					</trkpt>
					<trkpt lat="44.757790" lon="3.060070">
						<ele>1048</ele>
						<time>2026-05-03T08:05:55Z</time>
					</trkpt>
					<trkpt lat="44.757930" lon="3.060230">
						<ele>1048</ele>
						<time>2026-05-03T08:06:19Z</time>
					</trkpt>
					<trkpt lat="44.758220" lon="3.060680">
						<ele>1052</ele>
						<time>2026-05-03T08:07:16Z</time>
					</trkpt>
					<trkpt lat="44.758310" lon="3.060750">
						<ele>1053</ele>
						<time>2026-05-03T08:07:30Z</time>
					</trkpt>
					<trkpt lat="44.759190" lon="3.060860">
						<ele>1059</ele>
						<time>2026-05-03T08:09:28Z</time>
					</trkpt>
					<trkpt lat="44.759420" lon="3.060890">
						<ele>1061</ele>
						<time>2026-05-03T08:09:59Z</time>
					</trkpt>
					<trkpt lat="44.759860" lon="3.061050">
						<ele>1064</ele>
						<time>2026-05-03T08:11:00Z</time>
					</trkpt>
					<trkpt lat="44.760070" lon="3.061040">
						<ele>1064</ele>
						<time>2026-05-03T08:11:28Z</time>
					</trkpt>
					<trkpt lat="44.760220" lon="3.061010">
						<ele>1064</ele>
						<time>2026-05-03T08:11:48Z</time>
					</trkpt>
					<trkpt lat="44.760260" lon="3.061000">
						<ele>1064</ele>
						<time>2026-05-03T08:11:53Z</time>
					</trkpt>
					<trkpt lat="44.760330" lon="3.060960">
						<ele>1064</ele>
						<time>2026-05-03T08:12:03Z</time>
					</trkpt>
					<trkpt lat="44.760360" lon="3.060920">
						<ele>1063</ele>
						<time>2026-05-03T08:12:09Z</time>
					</trkpt>
					<trkpt lat="44.760390" lon="3.060760">
						<ele>1062</ele>
						<time>2026-05-03T08:12:25Z</time>
					</trkpt>
					<trkpt lat="44.760430" lon="3.060640">
						<ele>1062</ele>
						<time>2026-05-03T08:12:37Z</time>
					</trkpt>
					<trkpt lat="44.760480" lon="3.060560">
						<ele>1062</ele>
						<time>2026-05-03T08:12:47Z</time>
					</trkpt>
					<trkpt lat="44.760480" lon="3.060520">
						<ele>1062</ele>
						<time>2026-05-03T08:12:51Z</time>
					</trkpt>
					<trkpt lat="44.760410" lon="3.060460">
						<ele>1062</ele>
						<time>2026-05-03T08:13:02Z</time>
					</trkpt>
					<trkpt lat="44.760390" lon="3.060340">
						<ele>1062</ele>
						<time>2026-05-03T08:13:14Z</time>
					</trkpt>
					<trkpt lat="44.760350" lon="3.060250">
						<ele>1061</ele>
						<time>2026-05-03T08:13:24Z</time>
					</trkpt>
					<trkpt lat="44.760320" lon="3.060050">
						<ele>1060</ele>
						<time>2026-05-03T08:13:43Z</time>
					</trkpt>
					<trkpt lat="44.760320" lon="3.059860">
						<ele>1059</ele>
						<time>2026-05-03T08:14:01Z</time>
					</trkpt>
					<trkpt lat="44.760540" lon="3.059360">
						<ele>1057</ele>
						<time>2026-05-03T08:14:57Z</time>
					</trkpt>
					<trkpt lat="44.761100" lon="3.058490">
						<ele>1056</ele>
						<time>2026-05-03T08:16:48Z</time>
					</trkpt>
					<trkpt lat="44.761220" lon="3.058360">
						<ele>1055</ele>
						<time>2026-05-03T08:17:08Z</time>
					</trkpt>
					<trkpt lat="44.761350" lon="3.058300">
						<ele>1056</ele>
						<time>2026-05-03T08:17:26Z</time>
					</trkpt>
					<trkpt lat="44.761500" lon="3.058300">
						<ele>1057</ele>
						<time>2026-05-03T08:17:46Z</time>
					</trkpt>
					<trkpt lat="44.761690" lon="3.058340">
						<ele>1058</ele>
						<time>2026-05-03T08:18:12Z</time>
					</trkpt>
					<trkpt lat="44.761880" lon="3.058430">
						<ele>1058</ele>
						<time>2026-05-03T08:18:39Z</time>
					</trkpt>
					<trkpt lat="44.762290" lon="3.058430">
						<ele>1054</ele>
						<time>2026-05-03T08:19:34Z</time>
					</trkpt>
					<trkpt lat="44.762870" lon="3.058540">
						<ele>1049</ele>
						<time>2026-05-03T08:20:52Z</time>
					</trkpt>
					<trkpt lat="44.763030" lon="3.058530">
						<ele>1047</ele>
						<time>2026-05-03T08:21:13Z</time>
					</trkpt>
					<trkpt lat="44.763170" lon="3.058480">
						<ele>1045</ele>
						<time>2026-05-03T08:21:32Z</time>
					</trkpt>
					<trkpt lat="44.763480" lon="3.058200">
						<ele>1040</ele>
						<time>2026-05-03T08:22:21Z</time>
					</trkpt>
					<trkpt lat="44.763840" lon="3.058160">
						<ele>1034</ele>
						<time>2026-05-03T08:23:10Z</time>
					</trkpt>
					<trkpt lat="44.763940" lon="3.058090">
						<ele>1033</ele>
						<time>2026-05-03T08:23:25Z</time>
					</trkpt>
					<trkpt lat="44.764040" lon="3.057900">
						<ele>1031</ele>
						<time>2026-05-03T08:23:47Z</time>
					</trkpt>
					<trkpt lat="44.764060" lon="3.057780">
						<ele>1030</ele>
						<time>2026-05-03T08:23:59Z</time>
					</trkpt>
					<trkpt lat="44.763880" lon="3.057220">
						<ele>1033</ele>
						<time>2026-05-03T08:24:57Z</time>
					</trkpt>
					<trkpt lat="44.763920" lon="3.056860">
						<ele>1034</ele>
						<time>2026-05-03T08:25:31Z</time>
					</trkpt>
					<trkpt lat="44.763970" lon="3.056560">
						<ele>1033</ele>
						<time>2026-05-03T08:26:01Z</time>
					</trkpt>
					<trkpt lat="44.763970" lon="3.056310">
						<ele>1034</ele>
						<time>2026-05-03T08:26:24Z</time>
					</trkpt>
					<trkpt lat="44.764010" lon="3.055990">
						<ele>1035</ele>
						<time>2026-05-03T08:26:55Z</time>
					</trkpt>
					<trkpt lat="44.764220" lon="3.055630">
						<ele>1030</ele>
						<time>2026-05-03T08:27:39Z</time>
					</trkpt>
					<trkpt lat="44.764670" lon="3.055200">
						<ele>1026</ele>
						<time>2026-05-03T08:28:52Z</time>
					</trkpt>
					<trkpt lat="44.764750" lon="3.055210">
						<ele>1026</ele>
						<time>2026-05-03T08:29:03Z</time>
					</trkpt>
					<trkpt lat="44.764880" lon="3.055240">
						<ele>1026</ele>
						<time>2026-05-03T08:29:20Z</time>
					</trkpt>
					<trkpt lat="44.765050" lon="3.055310">
						<ele>1026</ele>
						<time>2026-05-03T08:29:44Z</time>
					</trkpt>
					<trkpt lat="44.765100" lon="3.055290">
						<ele>1027</ele>
						<time>2026-05-03T08:29:51Z</time>
					</trkpt>
					<trkpt lat="44.765130" lon="3.055250">
						<ele>1027</ele>
						<time>2026-05-03T08:29:56Z</time>
					</trkpt>
					<trkpt lat="44.765250" lon="3.055150">
						<ele>1028</ele>
						<time>2026-05-03T08:30:15Z</time>
					</trkpt>
					<trkpt lat="44.765320" lon="3.055140">
						<ele>1029</ele>
						<time>2026-05-03T08:30:24Z</time>
					</trkpt>
					<trkpt lat="44.765540" lon="3.055040">
						<ele>1031</ele>
						<time>2026-05-03T08:30:55Z</time>
					</trkpt>
					<trkpt lat="44.765760" lon="3.054880">
						<ele>1033</ele>
						<time>2026-05-03T08:31:28Z</time>
					</trkpt>
					<trkpt lat="44.765940" lon="3.054850">
						<ele>1035</ele>
						<time>2026-05-03T08:31:52Z</time>
					</trkpt>
					<trkpt lat="44.766110" lon="3.054870">
						<ele>1037</ele>
						<time>2026-05-03T08:32:15Z</time>
					</trkpt>
					<trkpt lat="44.766600" lon="3.054940">
						<ele>1043</ele>
						<time>2026-05-03T08:33:21Z</time>
					</trkpt>
					<trkpt lat="44.766880" lon="3.054960">
						<ele>1044</ele>
						<time>2026-05-03T08:33:58Z</time>
					</trkpt>
					<trkpt lat="44.767140" lon="3.054910">
						<ele>1045</ele>
						<time>2026-05-03T08:34:33Z</time>
					</trkpt>
					<trkpt lat="44.767360" lon="3.054990">
						<ele>1046</ele>
						<time>2026-05-03T08:35:04Z</time>
					</trkpt>
					<trkpt lat="44.767620" lon="3.055240">
						<ele>1048</ele>
						<time>2026-05-03T08:35:46Z</time>
					</trkpt>
					<trkpt lat="44.767870" lon="3.055470">
						<ele>1050</ele>
						<time>2026-05-03T08:36:25Z</time>
					</trkpt>
					<trkpt lat="44.768090" lon="3.055480">
						<ele>1050</ele>
						<time>2026-05-03T08:36:55Z</time>
					</trkpt>
					<trkpt lat="44.768380" lon="3.055540">
						<ele>1051</ele>
						<time>2026-05-03T08:37:34Z</time>
					</trkpt>
					<trkpt lat="44.768640" lon="3.055570">
						<ele>1053</ele>
						<time>2026-05-03T08:38:09Z</time>
					</trkpt>
					<trkpt lat="44.769270" lon="3.055360">
						<ele>1058</ele>
						<time>2026-05-03T08:39:35Z</time>
					</trkpt>
					<trkpt lat="44.769740" lon="3.054980">
						<ele>1061</ele>
						<time>2026-05-03T08:40:47Z</time>
					</trkpt>
					<trkpt lat="44.770070" lon="3.054790">
						<ele>1062</ele>
						<time>2026-05-03T08:41:35Z</time>
					</trkpt>
					<trkpt lat="44.770420" lon="3.054270">
						<ele>1063</ele>
						<time>2026-05-03T08:42:43Z</time>
					</trkpt>
					<trkpt lat="44.770620" lon="3.054110">
						<ele>1063</ele>
						<time>2026-05-03T08:43:14Z</time>
					</trkpt>
					<trkpt lat="44.770860" lon="3.054000">
						<ele>1063</ele>
						<time>2026-05-03T08:43:47Z</time>
					</trkpt>
					<trkpt lat="44.771060" lon="3.053970">
						<ele>1064</ele>
						<time>2026-05-03T08:44:14Z</time>
					</trkpt>
					<trkpt lat="44.771260" lon="3.053990">
						<ele>1065</ele>
						<time>2026-05-03T08:44:41Z</time>
					</trkpt>
					<trkpt lat="44.771480" lon="3.054030">
						<ele>1066</ele>
						<time>2026-05-03T08:45:10Z</time>
					</trkpt>
					<trkpt lat="44.771710" lon="3.054020">
						<ele>1067</ele>
						<time>2026-05-03T08:45:41Z</time>
					</trkpt>
					<trkpt lat="44.772190" lon="3.053880">
						<ele>1068</ele>
						<time>2026-05-03T08:46:47Z</time>
					</trkpt>
					<trkpt lat="44.772380" lon="3.053750">
						<ele>1068</ele>
						<time>2026-05-03T08:47:15Z</time>
					</trkpt>
					<trkpt lat="44.772500" lon="3.053680">
						<ele>1068</ele>
						<time>2026-05-03T08:47:32Z</time>
					</trkpt>
					<trkpt lat="44.772630" lon="3.053630">
						<ele>1068</ele>
						<time>2026-05-03T08:47:50Z</time>
					</trkpt>
					<trkpt lat="44.772800" lon="3.053630">
						<ele>1068</ele>
						<time>2026-05-03T08:48:13Z</time>
					</trkpt>
					<trkpt lat="44.772930" lon="3.053620">
						<ele>1068</ele>
						<time>2026-05-03T08:48:30Z</time>
					</trkpt>
					<trkpt lat="44.773070" lon="3.053600">
						<ele>1068</ele>
						<time>2026-05-03T08:48:49Z</time>
					</trkpt>
					<trkpt lat="44.773370" lon="3.053620">
						<ele>1068</ele>
						<time>2026-05-03T08:49:29Z</time>
					</trkpt>
					<trkpt lat="44.773420" lon="3.053600">
						<ele>1068</ele>
						<time>2026-05-03T08:49:36Z</time>
					</trkpt>
					<trkpt lat="44.773570" lon="3.053320">
						<ele>1065</ele>
						<time>2026-05-03T08:50:09Z</time>
					</trkpt>
					<trkpt lat="44.773270" lon="3.053040">
						<ele>1064</ele>
						<time>2026-05-03T08:50:57Z</time>
					</trkpt>
					<trkpt lat="44.773240" lon="3.052910">
						<ele>1062</ele>
						<time>2026-05-03T08:51:10Z</time>
					</trkpt>
					<trkpt lat="44.773210" lon="3.052660">
						<ele>1060</ele>
						<time>2026-05-03T08:51:34Z</time>
					</trkpt>
					<trkpt lat="44.773260" lon="3.052580">
						<ele>1060</ele>
						<time>2026-05-03T08:51:44Z</time>
					</trkpt>
					<trkpt lat="44.773270" lon="3.052450">
						<ele>1059</ele>
						<time>2026-05-03T08:51:57Z</time>
					</trkpt>
					<trkpt lat="44.773330" lon="3.052140">
						<ele>1061</ele>
						<time>2026-05-03T08:52:27Z</time>
					</trkpt>
					<trkpt lat="44.773310" lon="3.051790">
						<ele>1062</ele>
						<time>2026-05-03T08:53:00Z</time>
					</trkpt>
					<trkpt lat="44.773260" lon="3.051570">
						<ele>1063</ele>
						<time>2026-05-03T08:53:22Z</time>
					</trkpt>
					<trkpt lat="44.773030" lon="3.051390">
						<ele>1063</ele>
						<time>2026-05-03T08:53:57Z</time>
					</trkpt>
					<trkpt lat="44.772850" lon="3.051310">
						<ele>1062</ele>
						<time>2026-05-03T08:54:22Z</time>
					</trkpt>
					<trkpt lat="44.772700" lon="3.051300">
						<ele>1061</ele>
						<time>2026-05-03T08:54:43Z</time>
					</trkpt>
					<trkpt lat="44.772490" lon="3.051230">
						<ele>1060</ele>
						<time>2026-05-03T08:55:11Z</time>
					</trkpt>
					<trkpt lat="44.772340" lon="3.051110">
						<ele>1059</ele>
						<time>2026-05-03T08:55:34Z</time>
					</trkpt>
					<trkpt lat="44.772180" lon="3.050920">
						<ele>1058</ele>
						<time>2026-05-03T08:56:02Z</time>
					</trkpt>
					<trkpt lat="44.771940" lon="3.050450">
						<ele>1057</ele>
						<time>2026-05-03T08:56:57Z</time>
					</trkpt>
					<trkpt lat="44.771880" lon="3.050270">
						<ele>1057</ele>
						<time>2026-05-03T08:57:16Z</time>
					</trkpt>
					<trkpt lat="44.771760" lon="3.049760">
						<ele>1056</ele>
						<time>2026-05-03T08:58:07Z</time>
					</trkpt>
					<trkpt lat="44.771660" lon="3.049070">
						<ele>1053</ele>
						<time>2026-05-03T08:59:14Z</time>
					</trkpt>
					<trkpt lat="44.771760" lon="3.049760">
						<ele>1056</ele>
						<time>2026-05-03T09:00:20Z</time>
					</trkpt>
					<trkpt lat="44.771880" lon="3.050270">
						<ele>1057</ele>
						<time>2026-05-03T09:01:11Z</time>
					</trkpt>
					<trkpt lat="44.771940" lon="3.050450">
						<ele>1057</ele>
						<time>2026-05-03T09:01:30Z</time>
					</trkpt>
					<trkpt lat="44.772180" lon="3.050920">
						<ele>1058</ele>
						<time>2026-05-03T09:02:25Z</time>
					</trkpt>
					<trkpt lat="44.772340" lon="3.051110">
						<ele>1059</ele>
						<time>2026-05-03T09:02:53Z</time>
					</trkpt>
					<trkpt lat="44.772490" lon="3.051230">
						<ele>1060</ele>
						<time>2026-05-03T09:03:16Z</time>
					</trkpt>
					<trkpt lat="44.772700" lon="3.051300">
						<ele>1061</ele>
						<time>2026-05-03T09:03:45Z</time>
					</trkpt>
					<trkpt lat="44.772850" lon="3.051310">
						<ele>1062</ele>
						<time>2026-05-03T09:04:05Z</time>
					</trkpt>
					<trkpt lat="44.773030" lon="3.051390">
						<ele>1063</ele>
						<time>2026-05-03T09:04:30Z</time>
					</trkpt>
					<trkpt lat="44.773260" lon="3.051570">
						<ele>1063</ele>
						<time>2026-05-03T09:05:05Z</time>
					</trkpt>
					<trkpt lat="44.773310" lon="3.051790">
						<ele>1062</ele>
						<time>2026-05-03T09:05:27Z</time>
					</trkpt>
					<trkpt lat="44.773330" lon="3.052140">
						<ele>1061</ele>
						<time>2026-05-03T09:06:00Z</time>
					</trkpt>
					<trkpt lat="44.773270" lon="3.052450">
						<ele>1059</ele>
						<time>2026-05-03T09:06:31Z</time>
					</trkpt>
					<trkpt lat="44.773260" lon="3.052580">
						<ele>1060</ele>
						<time>2026-05-03T09:06:43Z</time>
					</trkpt>
					<trkpt lat="44.773210" lon="3.052660">
						<ele>1060</ele>
						<time>2026-05-03T09:06:53Z</time>
					</trkpt>
					<trkpt lat="44.773240" lon="3.052910">
						<ele>1062</ele>
						<time>2026-05-03T09:07:17Z</time>
					</trkpt>
					<trkpt lat="44.773270" lon="3.053040">
						<ele>1064</ele>
						<time>2026-05-03T09:07:30Z</time>
					</trkpt>
					<trkpt lat="44.773570" lon="3.053320">
						<ele>1065</ele>
						<time>2026-05-03T09:08:18Z</time>
					</trkpt>
					<trkpt lat="44.773420" lon="3.053600">
						<ele>1068</ele>
						<time>2026-05-03T09:08:51Z</time>
					</trkpt>
					<trkpt lat="44.773490" lon="3.053840">
						<ele>1069</ele>
						<time>2026-05-03T09:09:16Z</time>
					</trkpt>
					<trkpt lat="44.773630" lon="3.054190">
						<ele>1071</ele>
						<time>2026-05-03T09:09:54Z</time>
					</trkpt>
					<trkpt lat="44.773650" lon="3.054260">
						<ele>1072</ele>
						<time>2026-05-03T09:10:01Z</time>
					</trkpt>
					<trkpt lat="44.773640" lon="3.054340">
						<ele>1072</ele>
						<time>2026-05-03T09:10:09Z</time>
					</trkpt>
					<trkpt lat="44.773560" lon="3.054770">
						<ele>1075</ele>
						<time>2026-05-03T09:10:51Z</time>
					</trkpt>
					<trkpt lat="44.773550" lon="3.054920">
						<ele>1076</ele>
						<time>2026-05-03T09:11:05Z</time>
					</trkpt>
					<trkpt lat="44.773640" lon="3.055210">
						<ele>1077</ele>
						<time>2026-05-03T09:11:35Z</time>
					</trkpt>
					<trkpt lat="44.773620" lon="3.055500">
						<ele>1078</ele>
						<time>2026-05-03T09:12:03Z</time>
					</trkpt>
					<trkpt lat="44.773550" lon="3.055890">
						<ele>1079</ele>
						<time>2026-05-03T09:12:41Z</time>
					</trkpt>
					<trkpt lat="44.773350" lon="3.056550">
						<ele>1081</ele>
						<time>2026-05-03T09:13:49Z</time>
					</trkpt>
					<trkpt lat="44.773330" lon="3.056700">
						<ele>1081</ele>
						<time>2026-05-03T09:14:03Z</time>
					</trkpt>
					<trkpt lat="44.773500" lon="3.057130">
						<ele>1077</ele>
						<time>2026-05-03T09:14:50Z</time>
					</trkpt>
					<trkpt lat="44.773630" lon="3.057370">
						<ele>1073</ele>
						<time>2026-05-03T09:15:18Z</time>
					</trkpt>
					<trkpt lat="44.773700" lon="3.057540">
						<ele>1071</ele>
						<time>2026-05-03T09:15:37Z</time>
					</trkpt>
					<trkpt lat="44.773740" lon="3.057810">
						<ele>1068</ele>
						<time>2026-05-03T09:16:03Z</time>
					</trkpt>
					<trkpt lat="44.773640" lon="3.058520">
						<ele>1062</ele>
						<time>2026-05-03T09:17:12Z</time>
					</trkpt>
					<trkpt lat="44.773440" lon="3.059070">
						<ele>1059</ele>
						<time>2026-05-03T09:18:10Z</time>
					</trkpt>
					<trkpt lat="44.773440" lon="3.059270">
						<ele>1059</ele>
						<time>2026-05-03T09:18:29Z</time>
					</trkpt>
					<trkpt lat="44.773470" lon="3.059320">
						<ele>1059</ele>
						<time>2026-05-03T09:18:35Z</time>
					</trkpt>
					<trkpt lat="44.773530" lon="3.059370">
						<ele>1060</ele>
						<time>2026-05-03T09:18:45Z</time>
					</trkpt>
					<trkpt lat="44.773770" lon="3.059490">
						<ele>1061</ele>
						<time>2026-05-03T09:19:19Z</time>
					</trkpt>
					<trkpt lat="44.774040" lon="3.059480">
						<ele>1061</ele>
						<time>2026-05-03T09:19:55Z</time>
					</trkpt>
					<trkpt lat="44.774440" lon="3.059590">
						<ele>1060</ele>
						<time>2026-05-03T09:20:49Z</time>
					</trkpt>
					<trkpt lat="44.774700" lon="3.059790">
						<ele>1061</ele>
						<time>2026-05-03T09:21:29Z</time>
					</trkpt>
					<trkpt lat="44.774950" lon="3.060200">
						<ele>1064</ele>
						<time>2026-05-03T09:22:20Z</time>
					</trkpt>
					<trkpt lat="44.775160" lon="3.060440">
						<ele>1065</ele>
						<time>2026-05-03T09:22:56Z</time>
					</trkpt>
					<trkpt lat="44.775410" lon="3.060810">
						<ele>1067</ele>
						<time>2026-05-03T09:23:44Z</time>
					</trkpt>
					<trkpt lat="44.775550" lon="3.061300">
						<ele>1071</ele>
						<time>2026-05-03T09:24:34Z</time>
					</trkpt>
					<trkpt lat="44.775620" lon="3.061450">
						<ele>1071</ele>
						<time>2026-05-03T09:24:51Z</time>
					</trkpt>
					<trkpt lat="44.775840" lon="3.061680">
						<ele>1072</ele>
						<time>2026-05-03T09:25:28Z</time>
					</trkpt>
					<trkpt lat="44.776010" lon="3.061850">
						<ele>1073</ele>
						<time>2026-05-03T09:25:56Z</time>
					</trkpt>
					<trkpt lat="44.776130" lon="3.062080">
						<ele>1074</ele>
						<time>2026-05-03T09:26:23Z</time>
					</trkpt>
					<trkpt lat="44.776210" lon="3.062520">
						<ele>1076</ele>
						<time>2026-05-03T09:27:06Z</time>
					</trkpt>
					<trkpt lat="44.776260" lon="3.062660">
						<ele>1077</ele>
						<time>2026-05-03T09:27:21Z</time>
					</trkpt>
					<trkpt lat="44.776530" lon="3.062990">
						<ele>1078</ele>
						<time>2026-05-03T09:28:08Z</time>
					</trkpt>
					<trkpt lat="44.776620" lon="3.063090">
						<ele>1079</ele>
						<time>2026-05-03T09:28:24Z</time>
					</trkpt>
					<trkpt lat="44.776670" lon="3.063140">
						<ele>1079</ele>
						<time>2026-05-03T09:28:32Z</time>
					</trkpt>
					<trkpt lat="44.776760" lon="3.063360">
						<ele>1081</ele>
						<time>2026-05-03T09:28:56Z</time>
					</trkpt>
					<trkpt lat="44.776120" lon="3.064050">
						<ele>1082</ele>
						<time>2026-05-03T09:30:44Z</time>
					</trkpt>
					<trkpt lat="44.775870" lon="3.064270">
						<ele>1083</ele>
						<time>2026-05-03T09:31:23Z</time>
					</trkpt>
					<trkpt lat="44.775830" lon="3.064350">
						<ele>1083</ele>
						<time>2026-05-03T09:31:32Z</time>
					</trkpt>
					<trkpt lat="44.775800" lon="3.064430">
						<ele>1084</ele>
						<time>2026-05-03T09:31:41Z</time>
					</trkpt>
					<trkpt lat="44.775800" lon="3.064540">
						<ele>1084</ele>
						<time>2026-05-03T09:31:51Z</time>
					</trkpt>
					<trkpt lat="44.775800" lon="3.064790">
						<ele>1086</ele>
						<time>2026-05-03T09:32:15Z</time>
					</trkpt>
					<trkpt lat="44.775830" lon="3.065290">
						<ele>1088</ele>
						<time>2026-05-03T09:33:02Z</time>
					</trkpt>
					<trkpt lat="44.775810" lon="3.065360">
						<ele>1088</ele>
						<time>2026-05-03T09:33:09Z</time>
					</trkpt>
					<trkpt lat="44.775540" lon="3.065950">
						<ele>1090</ele>
						<time>2026-05-03T09:34:16Z</time>
					</trkpt>
					<trkpt lat="44.774980" lon="3.067290">
						<ele>1098</ele>
						<time>2026-05-03T09:36:43Z</time>
					</trkpt>
					<trkpt lat="44.774820" lon="3.067750">
						<ele>1101</ele>
						<time>2026-05-03T09:37:32Z</time>
					</trkpt>
					<trkpt lat="44.774680" lon="3.068170">
						<ele>1104</ele>
						<time>2026-05-03T09:38:16Z</time>
					</trkpt>
					<trkpt lat="44.774560" lon="3.068840">
						<ele>1108</ele>
						<time>2026-05-03T09:39:21Z</time>
					</trkpt>
					<trkpt lat="44.774520" lon="3.069010">
						<ele>1108</ele>
						<time>2026-05-03T09:39:38Z</time>
					</trkpt>
					<trkpt lat="44.774430" lon="3.069210">
						<ele>1110</ele>
						<time>2026-05-03T09:40:01Z</time>
					</trkpt>
					<trkpt lat="44.774230" lon="3.069610">
						<ele>1111</ele>
						<time>2026-05-03T09:40:47Z</time>
					</trkpt>
					<trkpt lat="44.774080" lon="3.070060">
						<ele>1113</ele>
						<time>2026-05-03T09:41:34Z</time>
					</trkpt>
					<trkpt lat="44.773830" lon="3.070650">
						<ele>1117</ele>
						<time>2026-05-03T09:42:39Z</time>
					</trkpt>
					<trkpt lat="44.773740" lon="3.070990">
						<ele>1119</ele>
						<time>2026-05-03T09:43:14Z</time>
					</trkpt>
					<trkpt lat="44.773580" lon="3.071680">
						<ele>1122</ele>
						<time>2026-05-03T09:44:22Z</time>
					</trkpt>
					<trkpt lat="44.773490" lon="3.071950">
						<ele>1122</ele>
						<time>2026-05-03T09:44:51Z</time>
					</trkpt>
					<trkpt lat="44.773300" lon="3.072260">
						<ele>1123</ele>
						<time>2026-05-03T09:45:29Z</time>
					</trkpt>
					<trkpt lat="44.773030" lon="3.072820">
						<ele>1126</ele>
						<time>2026-05-03T09:46:33Z</time>
					</trkpt>
					<trkpt lat="44.772690" lon="3.073250">
						<ele>1129</ele>
						<time>2026-05-03T09:47:34Z</time>
					</trkpt>
					<trkpt lat="44.772480" lon="3.073520">
						<ele>1131</ele>
						<time>2026-05-03T09:48:12Z</time>
					</trkpt>
					<trkpt lat="44.772240" lon="3.074110">
						<ele>1133</ele>
						<time>2026-05-03T09:49:17Z</time>
					</trkpt>
					<trkpt lat="44.772200" lon="3.074310">
						<ele>1134</ele>
						<time>2026-05-03T09:49:36Z</time>
					</trkpt>
					<trkpt lat="44.772210" lon="3.074440">
						<ele>1134</ele>
						<time>2026-05-03T09:49:49Z</time>
					</trkpt>
					<trkpt lat="44.772350" lon="3.075220">
						<ele>1139</ele>
						<time>2026-05-03T09:51:05Z</time>
					</trkpt>
					<trkpt lat="44.772690" lon="3.077410">
						<ele>1145</ele>
						<time>2026-05-03T09:54:37Z</time>
					</trkpt>
					<trkpt lat="44.773240" lon="3.080620">
						<ele>1157</ele>
						<time>2026-05-03T09:59:50Z</time>
					</trkpt>
					<trkpt lat="44.773660" lon="3.082880">
						<ele>1166</ele>
						<time>2026-05-03T10:03:32Z</time>
					</trkpt>
					<trkpt lat="44.773670" lon="3.083040">
						<ele>1167</ele>
						<time>2026-05-03T10:03:47Z</time>
					</trkpt>
					<trkpt lat="44.773650" lon="3.083170">
						<ele>1168</ele>
						<time>2026-05-03T10:03:59Z</time>
					</trkpt>
					<trkpt lat="44.773600" lon="3.083310">
						<ele>1168</ele>
						<time>2026-05-03T10:04:14Z</time>
					</trkpt>
					<trkpt lat="44.773410" lon="3.083930">
						<ele>1170</ele>
						<time>2026-05-03T10:05:18Z</time>
					</trkpt>
					<trkpt lat="44.773390" lon="3.084130">
						<ele>1170</ele>
						<time>2026-05-03T10:05:37Z</time>
					</trkpt>
					<trkpt lat="44.773380" lon="3.084700">
						<ele>1170</ele>
						<time>2026-05-03T10:06:31Z</time>
					</trkpt>
					<trkpt lat="44.773330" lon="3.085010">
						<ele>1170</ele>
						<time>2026-05-03T10:07:02Z</time>
					</trkpt>
					<trkpt lat="44.773370" lon="3.085130">
						<ele>1169</ele>
						<time>2026-05-03T10:07:14Z</time>
					</trkpt>
					<trkpt lat="44.773460" lon="3.085150">
						<ele>1169</ele>
						<time>2026-05-03T10:07:26Z</time>
					</trkpt>
					<trkpt lat="44.774000" lon="3.085060">
						<ele>1170</ele>
						<time>2026-05-03T10:08:39Z</time>
					</trkpt>
					<trkpt lat="44.774460" lon="3.085000">
						<ele>1170</ele>
						<time>2026-05-03T10:09:40Z</time>
					</trkpt>
					<trkpt lat="44.774670" lon="3.085010">
						<ele>1169</ele>
						<time>2026-05-03T10:10:08Z</time>
					</trkpt>
					<trkpt lat="44.774830" lon="3.085060">
						<ele>1168</ele>
						<time>2026-05-03T10:10:30Z</time>
					</trkpt>
					<trkpt lat="44.775750" lon="3.085410">
						<ele>1163</ele>
						<time>2026-05-03T10:12:38Z</time>
					</trkpt>
					<trkpt lat="44.775850" lon="3.085400">
						<ele>1162</ele>
						<time>2026-05-03T10:12:51Z</time>
					</trkpt>
					<trkpt lat="44.776270" lon="3.085420">
						<ele>1159</ele>
						<time>2026-05-03T10:13:47Z</time>
					</trkpt>
					<trkpt lat="44.776690" lon="3.085460">
						<ele>1155</ele>
						<time>2026-05-03T10:14:43Z</time>
					</trkpt>
					<trkpt lat="44.776800" lon="3.085530">
						<ele>1154</ele>
						<time>2026-05-03T10:14:59Z</time>
					</trkpt>
					<trkpt lat="44.776880" lon="3.085620">
						<ele>1153</ele>
						<time>2026-05-03T10:15:13Z</time>
					</trkpt>
					<trkpt lat="44.776970" lon="3.085860">
						<ele>1153</ele>
						<time>2026-05-03T10:15:39Z</time>
					</trkpt>
					<trkpt lat="44.777020" lon="3.086080">
						<ele>1154</ele>
						<time>2026-05-03T10:16:01Z</time>
					</trkpt>
					<trkpt lat="44.777080" lon="3.086130">
						<ele>1154</ele>
						<time>2026-05-03T10:16:10Z</time>
					</trkpt>
					<trkpt lat="44.777280" lon="3.086170">
						<ele>1153</ele>
						<time>2026-05-03T10:16:37Z</time>
					</trkpt>
					<trkpt lat="44.778010" lon="3.086030">
						<ele>1148</ele>
						<time>2026-05-03T10:18:15Z</time>
					</trkpt>
					<trkpt lat="44.778310" lon="3.085930">
						<ele>1146</ele>
						<time>2026-05-03T10:18:56Z</time>
					</trkpt>
					<trkpt lat="44.778620" lon="3.085890">
						<ele>1144</ele>
						<time>2026-05-03T10:19:38Z</time>
					</trkpt>
					<trkpt lat="44.778860" lon="3.085820">
						<ele>1142</ele>
						<time>2026-05-03T10:20:10Z</time>
					</trkpt>
					<trkpt lat="44.779170" lon="3.085550">
						<ele>1140</ele>
						<time>2026-05-03T10:20:59Z</time>
					</trkpt>
					<trkpt lat="44.779370" lon="3.085380">
						<ele>1138</ele>
						<time>2026-05-03T10:21:30Z</time>
					</trkpt>
					<trkpt lat="44.779570" lon="3.085120">
						<ele>1136</ele>
						<time>2026-05-03T10:22:07Z</time>
					</trkpt>
					<trkpt lat="44.779780" lon="3.084810">
						<ele>1133</ele>
						<time>2026-05-03T10:22:47Z</time>
					</trkpt>
					<trkpt lat="44.779950" lon="3.084520">
						<ele>1131</ele>
						<time>2026-05-03T10:23:23Z</time>
					</trkpt>
					<trkpt lat="44.780110" lon="3.084280">
						<ele>1129</ele>
						<time>2026-05-03T10:23:54Z</time>
					</trkpt>
					<trkpt lat="44.780200" lon="3.084220">
						<ele>1129</ele>
						<time>2026-05-03T10:24:07Z</time>
					</trkpt>
					<trkpt lat="44.780410" lon="3.084210">
						<ele>1128</ele>
						<time>2026-05-03T10:24:35Z</time>
					</trkpt>
					<trkpt lat="44.780550" lon="3.084150">
						<ele>1128</ele>
						<time>2026-05-03T10:24:55Z</time>
					</trkpt>
					<trkpt lat="44.780770" lon="3.084010">
						<ele>1126</ele>
						<time>2026-05-03T10:25:27Z</time>
					</trkpt>
					<trkpt lat="44.780910" lon="3.083880">
						<ele>1125</ele>
						<time>2026-05-03T10:25:49Z</time>
					</trkpt>
					<trkpt lat="44.781460" lon="3.083260">
						<ele>1119</ele>
						<time>2026-05-03T10:27:23Z</time>
					</trkpt>
					<trkpt lat="44.781920" lon="3.082670">
						<ele>1118</ele>
						<time>2026-05-03T10:28:46Z</time>
					</trkpt>
					<trkpt lat="44.782260" lon="3.082180">
						<ele>1118</ele>
						<time>2026-05-03T10:29:51Z</time>
					</trkpt>
					<trkpt lat="44.782430" lon="3.081960">
						<ele>1119</ele>
						<time>2026-05-03T10:30:22Z</time>
					</trkpt>
					<trkpt lat="44.782330" lon="3.082370">
						<ele>1118</ele>
						<time>2026-05-03T10:31:03Z</time>
					</trkpt>
					<trkpt lat="44.782150" lon="3.082870">
						<ele>1118</ele>
						<time>2026-05-03T10:31:56Z</time>
					</trkpt>
					<trkpt lat="44.782070" lon="3.083190">
						<ele>1118</ele>
						<time>2026-05-03T10:32:28Z</time>
					</trkpt>
					<trkpt lat="44.781970" lon="3.083430">
						<ele>1118</ele>
						<time>2026-05-03T10:32:55Z</time>
					</trkpt>
					<trkpt lat="44.781930" lon="3.083610">
						<ele>1120</ele>
						<time>2026-05-03T10:33:13Z</time>
					</trkpt>
					<trkpt lat="44.781960" lon="3.084730">
						<ele>1122</ele>
						<time>2026-05-03T10:34:59Z</time>
					</trkpt>
					<trkpt lat="44.781970" lon="3.085270">
						<ele>1118</ele>
						<time>2026-05-03T10:35:50Z</time>
					</trkpt>
					<trkpt lat="44.781990" lon="3.085670">
						<ele>1113</ele>
						<time>2026-05-03T10:36:28Z</time>
					</trkpt>
					<trkpt lat="44.781810" lon="3.086090">
						<ele>1110</ele>
						<time>2026-05-03T10:37:14Z</time>
					</trkpt>
					<trkpt lat="44.781800" lon="3.086320">
						<ele>1109</ele>
						<time>2026-05-03T10:37:36Z</time>
					</trkpt>
					<trkpt lat="44.781900" lon="3.086620">
						<ele>1106</ele>
						<time>2026-05-03T10:38:08Z</time>
					</trkpt>
					<trkpt lat="44.781980" lon="3.086900">
						<ele>1108</ele>
						<time>2026-05-03T10:38:36Z</time>
					</trkpt>
					<trkpt lat="44.782130" lon="3.087090">
						<ele>1110</ele>
						<time>2026-05-03T10:39:03Z</time>
					</trkpt>
					<trkpt lat="44.782470" lon="3.087150">
						<ele>1109</ele>
						<time>2026-05-03T10:39:49Z</time>
					</trkpt>
					<trkpt lat="44.782640" lon="3.087250">
						<ele>1108</ele>
						<time>2026-05-03T10:40:14Z</time>
					</trkpt>
					<trkpt lat="44.782770" lon="3.087390">
						<ele>1108</ele>
						<time>2026-05-03T10:40:35Z</time>
					</trkpt>
					<trkpt lat="44.783070" lon="3.087820">
						<ele>1109</ele>
						<time>2026-05-03T10:41:32Z</time>
					</trkpt>
					<trkpt lat="44.783240" lon="3.088110">
						<ele>1109</ele>
						<time>2026-05-03T10:42:08Z</time>
					</trkpt>
					<trkpt lat="44.783310" lon="3.088340">
						<ele>1110</ele>
						<time>2026-05-03T10:42:32Z</time>
					</trkpt>
					<trkpt lat="44.783320" lon="3.088530">
						<ele>1110</ele>
						<time>2026-05-03T10:42:50Z</time>
					</trkpt>
					<trkpt lat="44.783170" lon="3.088920">
						<ele>1112</ele>
						<time>2026-05-03T10:43:32Z</time>
					</trkpt>
					<trkpt lat="44.782970" lon="3.089290">
						<ele>1116</ele>
						<time>2026-05-03T10:44:16Z</time>
					</trkpt>
					<trkpt lat="44.783030" lon="3.089700">
						<ele>1116</ele>
						<time>2026-05-03T10:44:56Z</time>
					</trkpt>
					<trkpt lat="44.783210" lon="3.090440">
						<ele>1119</ele>
						<time>2026-05-03T10:46:10Z</time>
					</trkpt>
					<trkpt lat="44.783350" lon="3.091030">
						<ele>1121</ele>
						<time>2026-05-03T10:47:09Z</time>
					</trkpt>
					<trkpt lat="44.783560" lon="3.091820">
						<ele>1121</ele>
						<time>2026-05-03T10:48:28Z</time>
					</trkpt>
					<trkpt lat="44.783730" lon="3.092390">
						<ele>1119</ele>
						<time>2026-05-03T10:49:27Z</time>
					</trkpt>
					<trkpt lat="44.783620" lon="3.092590">
						<ele>1120</ele>
						<time>2026-05-03T10:49:51Z</time>
					</trkpt>
					<trkpt lat="44.783250" lon="3.093200">
						<ele>1122</ele>
						<time>2026-05-03T10:51:07Z</time>
					</trkpt>
					<trkpt lat="44.783010" lon="3.093450">
						<ele>1123</ele>
						<time>2026-05-03T10:51:47Z</time>
					</trkpt>
					<trkpt lat="44.782640" lon="3.093660">
						<ele>1126</ele>
						<time>2026-05-03T10:52:40Z</time>
					</trkpt>
					<trkpt lat="44.781700" lon="3.094370">
						<ele>1125</ele>
						<time>2026-05-03T10:55:02Z</time>
					</trkpt>
					<trkpt lat="44.781310" lon="3.095100">
						<ele>1123</ele>
						<time>2026-05-03T10:56:29Z</time>
					</trkpt>
					<trkpt lat="44.781140" lon="3.095440">
						<ele>1125</ele>
						<time>2026-05-03T10:57:08Z</time>
					</trkpt>
					<trkpt lat="44.781020" lon="3.095870">
						<ele>1127</ele>
						<time>2026-05-03T10:57:52Z</time>
					</trkpt>
					<trkpt lat="44.780930" lon="3.095970">
						<ele>1129</ele>
						<time>2026-05-03T10:58:07Z</time>
					</trkpt>
					<trkpt lat="44.780040" lon="3.096020">
						<ele>1135</ele>
						<time>2026-05-03T11:00:06Z</time>
					</trkpt>
					<trkpt lat="44.779930" lon="3.095990">
						<ele>1135</ele>
						<time>2026-05-03T11:00:21Z</time>
					</trkpt>
					<trkpt lat="44.780180" lon="3.096520">
						<ele>1141</ele>
						<time>2026-05-03T11:01:21Z</time>
					</trkpt>
					<trkpt lat="44.780670" lon="3.097920">
						<ele>1150</ele>
						<time>2026-05-03T11:03:49Z</time>
					</trkpt>
					<trkpt lat="44.780840" lon="3.097990">
						<ele>1149</ele>
						<time>2026-05-03T11:04:13Z</time>
					</trkpt>
					<trkpt lat="44.781030" lon="3.097910">
						<ele>1149</ele>
						<time>2026-05-03T11:04:39Z</time>
					</trkpt>
					<trkpt lat="44.781380" lon="3.097650">
						<ele>1146</ele>
						<time>2026-05-03T11:05:32Z</time>
					</trkpt>
					<trkpt lat="44.781790" lon="3.097630">
						<ele>1147</ele>
						<time>2026-05-03T11:06:27Z</time>
					</trkpt>
					<trkpt lat="44.782330" lon="3.097670">
						<ele>1147</ele>
						<time>2026-05-03T11:07:39Z</time>
					</trkpt>
					<trkpt lat="44.782880" lon="3.097430">
						<ele>1149</ele>
						<time>2026-05-03T11:08:56Z</time>
					</trkpt>
					<trkpt lat="44.783290" lon="3.097360">
						<ele>1152</ele>
						<time>2026-05-03T11:09:51Z</time>
					</trkpt>
					<trkpt lat="44.783660" lon="3.097440">
						<ele>1154</ele>
						<time>2026-05-03T11:10:41Z</time>
					</trkpt>
					<trkpt lat="44.784170" lon="3.097830">
						<ele>1154</ele>
						<time>2026-05-03T11:11:58Z</time>
					</trkpt>
					<trkpt lat="44.784910" lon="3.098490">
						<ele>1151</ele>
						<time>2026-05-03T11:13:55Z</time>
					</trkpt>
					<trkpt lat="44.785310" lon="3.098760">
						<ele>1154</ele>
						<time>2026-05-03T11:14:55Z</time>
					</trkpt>
					<trkpt lat="44.785800" lon="3.098950">
						<ele>1157</ele>
						<time>2026-05-03T11:16:02Z</time>
					</trkpt>
					<trkpt lat="44.786360" lon="3.098860">
						<ele>1157</ele>
						<time>2026-05-03T11:17:18Z</time>
					</trkpt>
					<trkpt lat="44.786930" lon="3.098620">
						<ele>1154</ele>
						<time>2026-05-03T11:18:37Z</time>
					</trkpt>
					<trkpt lat="44.787400" lon="3.098340">
						<ele>1149</ele>
						<time>2026-05-03T11:19:45Z</time>
					</trkpt>
					<trkpt lat="44.787980" lon="3.098230">
						<ele>1148</ele>
						<time>2026-05-03T11:21:03Z</time>
					</trkpt>
					<trkpt lat="44.788090" lon="3.098180">
						<ele>1148</ele>
						<time>2026-05-03T11:21:19Z</time>
					</trkpt>
					<trkpt lat="44.788470" lon="3.098080">
						<ele>1148</ele>
						<time>2026-05-03T11:22:10Z</time>
					</trkpt>
					<trkpt lat="44.788960" lon="3.097910">
						<ele>1150</ele>
						<time>2026-05-03T11:23:18Z</time>
					</trkpt>
					<trkpt lat="44.789710" lon="3.097670">
						<ele>1150</ele>
						<time>2026-05-03T11:25:00Z</time>
					</trkpt>
					<trkpt lat="44.790130" lon="3.097620">
						<ele>1149</ele>
						<time>2026-05-03T11:25:56Z</time>
					</trkpt>
					<trkpt lat="44.790380" lon="3.097660">
						<ele>1148</ele>
						<time>2026-05-03T11:26:30Z</time>
					</trkpt>
					<trkpt lat="44.791210" lon="3.097760">
						<ele>1143</ele>
						<time>2026-05-03T11:28:21Z</time>
					</trkpt>
					<trkpt lat="44.791670" lon="3.097790">
						<ele>1140</ele>
						<time>2026-05-03T11:29:23Z</time>
					</trkpt>
					<trkpt lat="44.792160" lon="3.098090">
						<ele>1138</ele>
						<time>2026-05-03T11:30:34Z</time>
					</trkpt>
					<trkpt lat="44.792850" lon="3.098800">
						<ele>1133</ele>
						<time>2026-05-03T11:32:28Z</time>
					</trkpt>
					<trkpt lat="44.793220" lon="3.099080">
						<ele>1131</ele>
						<time>2026-05-03T11:33:24Z</time>
					</trkpt>
					<trkpt lat="44.793410" lon="3.099460">
						<ele>1129</ele>
						<time>2026-05-03T11:34:08Z</time>
					</trkpt>
					<trkpt lat="44.793670" lon="3.099720">
						<ele>1126</ele>
						<time>2026-05-03T11:34:50Z</time>
					</trkpt>
					<trkpt lat="44.793850" lon="3.099980">
						<ele>1124</ele>
						<time>2026-05-03T11:35:25Z</time>
					</trkpt>
					<trkpt lat="44.793920" lon="3.100060">
						<ele>1123</ele>
						<time>2026-05-03T11:35:37Z</time>
					</trkpt>
					<trkpt lat="44.794060" lon="3.100030">
						<ele>1121</ele>
						<time>2026-05-03T11:35:56Z</time>
					</trkpt>
					<trkpt lat="44.794470" lon="3.099620">
						<ele>1116</ele>
						<time>2026-05-03T11:37:03Z</time>
					</trkpt>
					<trkpt lat="44.794710" lon="3.099490">
						<ele>1114</ele>
						<time>2026-05-03T11:37:37Z</time>
					</trkpt>
					<trkpt lat="44.794890" lon="3.099450">
						<ele>1112</ele>
						<time>2026-05-03T11:38:02Z</time>
					</trkpt>
					<trkpt lat="44.795350" lon="3.099530">
						<ele>1110</ele>
						<time>2026-05-03T11:39:03Z</time>
					</trkpt>
					<trkpt lat="44.795550" lon="3.099490">
						<ele>1109</ele>
						<time>2026-05-03T11:39:30Z</time>
					</trkpt>
					<trkpt lat="44.795790" lon="3.099420">
						<ele>1107</ele>
						<time>2026-05-03T11:40:03Z</time>
					</trkpt>
					<trkpt lat="44.796010" lon="3.099300">
						<ele>1107</ele>
						<time>2026-05-03T11:40:35Z</time>
					</trkpt>
					<trkpt lat="44.796490" lon="3.098930">
						<ele>1108</ele>
						<time>2026-05-03T11:41:48Z</time>
					</trkpt>
					<trkpt lat="44.796730" lon="3.098550">
						<ele>1110</ele>
						<time>2026-05-03T11:42:36Z</time>
					</trkpt>
					<trkpt lat="44.797010" lon="3.097790">
						<ele>1113</ele>
						<time>2026-05-03T11:43:57Z</time>
					</trkpt>
					<trkpt lat="44.797250" lon="3.097360">
						<ele>1116</ele>
						<time>2026-05-03T11:44:49Z</time>
					</trkpt>
					<trkpt lat="44.797580" lon="3.096870">
						<ele>1117</ele>
						<time>2026-05-03T11:45:53Z</time>
					</trkpt>
					<trkpt lat="44.798010" lon="3.096700">
						<ele>1116</ele>
						<time>2026-05-03T11:46:52Z</time>
					</trkpt>
					<trkpt lat="44.798440" lon="3.096700">
						<ele>1115</ele>
						<time>2026-05-03T11:47:50Z</time>
					</trkpt>
					<trkpt lat="44.799150" lon="3.096760">
						<ele>1114</ele>
						<time>2026-05-03T11:49:24Z</time>
					</trkpt>
					<trkpt lat="44.800340" lon="3.097040">
						<ele>1109</ele>
						<time>2026-05-03T11:52:05Z</time>
					</trkpt>
					<trkpt lat="44.801110" lon="3.097180">
						<ele>1105</ele>
						<time>2026-05-03T11:53:49Z</time>
					</trkpt>
					<trkpt lat="44.801200" lon="3.097370">
						<ele>1105</ele>
						<time>2026-05-03T11:54:11Z</time>
					</trkpt>
					<trkpt lat="44.801580" lon="3.097140">
						<ele>1103</ele>
						<time>2026-05-03T11:55:06Z</time>
					</trkpt>
					<trkpt lat="44.802440" lon="3.096700">
						<ele>1107</ele>
						<time>2026-05-03T11:57:08Z</time>
					</trkpt>
					<trkpt lat="44.802760" lon="3.096360">
						<ele>1112</ele>
						<time>2026-05-03T11:58:01Z</time>
					</trkpt>
					<trkpt lat="44.803030" lon="3.096140">
						<ele>1115</ele>
						<time>2026-05-03T11:58:43Z</time>
					</trkpt>
					<trkpt lat="44.803580" lon="3.095720">
						<ele>1121</ele>
						<time>2026-05-03T12:00:07Z</time>
					</trkpt>
					<trkpt lat="44.803910" lon="3.095440">
						<ele>1123</ele>
						<time>2026-05-03T12:00:58Z</time>
					</trkpt>
					<trkpt lat="44.804330" lon="3.095170">
						<ele>1121</ele>
						<time>2026-05-03T12:02:00Z</time>
					</trkpt>
					<trkpt lat="44.804530" lon="3.095080">
						<ele>1120</ele>
						<time>2026-05-03T12:02:28Z</time>
					</trkpt>
					<trkpt lat="44.804820" lon="3.095120">
						<ele>1119</ele>
						<time>2026-05-03T12:03:06Z</time>
					</trkpt>
					<trkpt lat="44.805130" lon="3.095100">
						<ele>1117</ele>
						<time>2026-05-03T12:03:48Z</time>
					</trkpt>
					<trkpt lat="44.805280" lon="3.095080">
						<ele>1116</ele>
						<time>2026-05-03T12:04:08Z</time>
					</trkpt>
					<trkpt lat="44.805440" lon="3.095080">
						<ele>1115</ele>
						<time>2026-05-03T12:04:29Z</time>
					</trkpt>
					<trkpt lat="44.806030" lon="3.094990">
						<ele>1112</ele>
						<time>2026-05-03T12:05:49Z</time>
					</trkpt>
					<trkpt lat="44.806170" lon="3.094930">
						<ele>1111</ele>
						<time>2026-05-03T12:06:08Z</time>
					</trkpt>
					<trkpt lat="44.806310" lon="3.094820">
						<ele>1110</ele>
						<time>2026-05-03T12:06:29Z</time>
					</trkpt>
					<trkpt lat="44.806540" lon="3.094670">
						<ele>1108</ele>
						<time>2026-05-03T12:07:03Z</time>
					</trkpt>
					<trkpt lat="44.806740" lon="3.094600">
						<ele>1106</ele>
						<time>2026-05-03T12:07:31Z</time>
					</trkpt>
					<trkpt lat="44.806870" lon="3.094580">
						<ele>1105</ele>
						<time>2026-05-03T12:07:48Z</time>
					</trkpt>
					<trkpt lat="44.807070" lon="3.094500">
						<ele>1102</ele>
						<time>2026-05-03T12:08:16Z</time>
					</trkpt>
					<trkpt lat="44.807220" lon="3.094410">
						<ele>1100</ele>
						<time>2026-05-03T12:08:38Z</time>
					</trkpt>
					<trkpt lat="44.807490" lon="3.094390">
						<ele>1098</ele>
						<time>2026-05-03T12:09:14Z</time>
					</trkpt>
					<trkpt lat="44.807830" lon="3.094420">
						<ele>1094</ele>
						<time>2026-05-03T12:09:59Z</time>
					</trkpt>
					<trkpt lat="44.808350" lon="3.094380">
						<ele>1087</ele>
						<time>2026-05-03T12:11:09Z</time>
					</trkpt>
					<trkpt lat="44.808520" lon="3.094360">
						<ele>1086</ele>
						<time>2026-05-03T12:11:32Z</time>
					</trkpt>
					<trkpt lat="44.808780" lon="3.094370">
						<ele>1084</ele>
						<time>2026-05-03T12:12:06Z</time>
					</trkpt>
					<trkpt lat="44.808990" lon="3.094340">
						<ele>1083</ele>
						<time>2026-05-03T12:12:34Z</time>
					</trkpt>
					<trkpt lat="44.809170" lon="3.094260">
						<ele>1082</ele>
						<time>2026-05-03T12:13:00Z</time>
					</trkpt>
					<trkpt lat="44.809690" lon="3.093950">
						<ele>1073</ele>
						<time>2026-05-03T12:14:15Z</time>
					</trkpt>
					<trkpt lat="44.809830" lon="3.093850">
						<ele>1071</ele>
						<time>2026-05-03T12:14:36Z</time>
					</trkpt>
					<trkpt lat="44.809950" lon="3.093720">
						<ele>1068</ele>
						<time>2026-05-03T12:14:56Z</time>
					</trkpt>
					<trkpt lat="44.810270" lon="3.093820">
						<ele>1065</ele>
						<time>2026-05-03T12:15:40Z</time>
					</trkpt>
					<trkpt lat="44.810490" lon="3.093900">
						<ele>1062</ele>
						<time>2026-05-03T12:16:10Z</time>
					</trkpt>
					<trkpt lat="44.810650" lon="3.093940">
						<ele>1060</ele>
						<time>2026-05-03T12:16:32Z</time>
					</trkpt>
					<trkpt lat="44.810900" lon="3.093950">
						<ele>1057</ele>
						<time>2026-05-03T12:17:05Z</time>
					</trkpt>
					<trkpt lat="44.811020" lon="3.093890">
						<ele>1055</ele>
						<time>2026-05-03T12:17:22Z</time>
					</trkpt>
					<trkpt lat="44.811140" lon="3.093760">
						<ele>1052</ele>
						<time>2026-05-03T12:17:42Z</time>
					</trkpt>
					<trkpt lat="44.811360" lon="3.093570">
						<ele>1048</ele>
						<time>2026-05-03T12:18:17Z</time>
					</trkpt>
					<trkpt lat="44.811490" lon="3.093440">
						<ele>1046</ele>
						<time>2026-05-03T12:18:38Z</time>
					</trkpt>
					<trkpt lat="44.811980" lon="3.093040">
						<ele>1041</ele>
						<time>2026-05-03T12:19:54Z</time>
					</trkpt>
					<trkpt lat="44.812220" lon="3.092900">
						<ele>1040</ele>
						<time>2026-05-03T12:20:28Z</time>
					</trkpt>
					<trkpt lat="44.812650" lon="3.092790">
						<ele>1038</ele>
						<time>2026-05-03T12:21:27Z</time>
					</trkpt>
					<trkpt lat="44.812840" lon="3.092700">
						<ele>1038</ele>
						<time>2026-05-03T12:21:53Z</time>
					</trkpt>
					<trkpt lat="44.813150" lon="3.092580">
						<ele>1037</ele>
						<time>2026-05-03T12:22:36Z</time>
					</trkpt>
					<trkpt lat="44.813580" lon="3.092510">
						<ele>1035</ele>
						<time>2026-05-03T12:23:34Z</time>
					</trkpt>
					<trkpt lat="44.813690" lon="3.092480">
						<ele>1034</ele>
						<time>2026-05-03T12:23:49Z</time>
					</trkpt>
					<trkpt lat="44.813910" lon="3.092410">
						<ele>1032</ele>
						<time>2026-05-03T12:24:19Z</time>
					</trkpt>
					<trkpt lat="44.814130" lon="3.092270">
						<ele>1029</ele>
						<time>2026-05-03T12:24:51Z</time>
					</trkpt>
					<trkpt lat="44.814380" lon="3.092060">
						<ele>1029</ele>
						<time>2026-05-03T12:25:30Z</time>
					</trkpt>
					<trkpt lat="44.814520" lon="3.091900">
						<ele>1029</ele>
						<time>2026-05-03T12:25:54Z</time>
					</trkpt>
					<trkpt lat="44.814670" lon="3.091750">
						<ele>1030</ele>
						<time>2026-05-03T12:26:19Z</time>
					</trkpt>
					<trkpt lat="44.814780" lon="3.091550">
						<ele>1030</ele>
						<time>2026-05-03T12:26:43Z</time>
					</trkpt>
					<trkpt lat="44.814840" lon="3.091430">
						<ele>1030</ele>
						<time>2026-05-03T12:26:57Z</time>
					</trkpt>
					<trkpt lat="44.814870" lon="3.091150">
						<ele>1028</ele>
						<time>2026-05-03T12:27:23Z</time>
					</trkpt>
					<trkpt lat="44.814920" lon="3.090920">
						<ele>1028</ele>
						<time>2026-05-03T12:27:46Z</time>
					</trkpt>
					<trkpt lat="44.814980" lon="3.090680">
						<ele>1025</ele>
						<time>2026-05-03T12:28:10Z</time>
					</trkpt>
					<trkpt lat="44.815020" lon="3.090580">
						<ele>1024</ele>
						<time>2026-05-03T12:28:21Z</time>
					</trkpt>
					<trkpt lat="44.815270" lon="3.090380">
						<ele>1020</ele>
						<time>2026-05-03T12:28:59Z</time>
					</trkpt>
					<trkpt lat="44.815470" lon="3.090330">
						<ele>1020</ele>
						<time>2026-05-03T12:29:27Z</time>
					</trkpt>
					<trkpt lat="44.815650" lon="3.090320">
						<ele>1020</ele>
						<time>2026-05-03T12:29:51Z</time>
					</trkpt>
					<trkpt lat="44.815870" lon="3.090330">
						<ele>1020</ele>
						<time>2026-05-03T12:30:20Z</time>
					</trkpt>
					<trkpt lat="44.816110" lon="3.090310">
						<ele>1019</ele>
						<time>2026-05-03T12:30:52Z</time>
					</trkpt>
					<trkpt lat="44.816350" lon="3.090230">
						<ele>1017</ele>
						<time>2026-05-03T12:31:25Z</time>
					</trkpt>
					<trkpt lat="44.816590" lon="3.090020">
						<ele>1015</ele>
						<time>2026-05-03T12:32:03Z</time>
					</trkpt>
					<trkpt lat="44.816690" lon="3.090020">
						<ele>1015</ele>
						<time>2026-05-03T12:32:16Z</time>
					</trkpt>
					<trkpt lat="44.816760" lon="3.090080">
						<ele>1015</ele>
						<time>2026-05-03T12:32:27Z</time>
					</trkpt>
					<trkpt lat="44.816890" lon="3.090150">
						<ele>1014</ele>
						<time>2026-05-03T12:32:46Z</time>
					</trkpt>
					<trkpt lat="44.816970" lon="3.090190">
						<ele>1013</ele>
						<time>2026-05-03T12:32:57Z</time>
					</trkpt>
					<trkpt lat="44.817090" lon="3.090220">
						<ele>1013</ele>
						<time>2026-05-03T12:33:13Z</time>
					</trkpt>
					<trkpt lat="44.817250" lon="3.090220">
						<ele>1011</ele>
						<time>2026-05-03T12:33:34Z</time>
					</trkpt>
					<trkpt lat="44.817430" lon="3.090190">
						<ele>1010</ele>
						<time>2026-05-03T12:33:59Z</time>
					</trkpt>
					<trkpt lat="44.817600" lon="3.090140">
						<ele>1008</ele>
						<time>2026-05-03T12:34:22Z</time>
					</trkpt>
					<trkpt lat="44.817740" lon="3.090070">
						<ele>1005</ele>
						<time>2026-05-03T12:34:42Z</time>
					</trkpt>
					<trkpt lat="44.817870" lon="3.090000">
						<ele>1003</ele>
						<time>2026-05-03T12:35:00Z</time>
					</trkpt>
					<trkpt lat="44.818110" lon="3.089760">
						<ele>1000</ele>
						<time>2026-05-03T12:35:39Z</time>
					</trkpt>
					<trkpt lat="44.818250" lon="3.089640">
						<ele>998</ele>
						<time>2026-05-03T12:36:01Z</time>
					</trkpt>
					<trkpt lat="44.818700" lon="3.089140">
						<ele>989</ele>
						<time>2026-05-03T12:37:18Z</time>
					</trkpt>
					<trkpt lat="44.818850" lon="3.088960">
						<ele>986</ele>
						<time>2026-05-03T12:37:44Z</time>
					</trkpt>
					<trkpt lat="44.818980" lon="3.088780">
						<ele>985</ele>
						<time>2026-05-03T12:38:08Z</time>
					</trkpt>
					<trkpt lat="44.819080" lon="3.088670">
						<ele>984</ele>
						<time>2026-05-03T12:38:25Z</time>
					</trkpt>
					<trkpt lat="44.819200" lon="3.088570">
						<ele>983</ele>
						<time>2026-05-03T12:38:44Z</time>
					</trkpt>
					<trkpt lat="44.819590" lon="3.088370">
						<ele>982</ele>
						<time>2026-05-03T12:39:39Z</time>
					</trkpt>
					<trkpt lat="44.819860" lon="3.088180">
						<ele>980</ele>
						<time>2026-05-03T12:40:20Z</time>
					</trkpt>
					<trkpt lat="44.819880" lon="3.088160">
						<ele>980</ele>
						<time>2026-05-03T12:40:23Z</time>
					</trkpt>
					<trkpt lat="44.820010" lon="3.087990">
						<ele>979</ele>
						<time>2026-05-03T12:40:47Z</time>
					</trkpt>
					<trkpt lat="44.820060" lon="3.087960">
						<ele>979</ele>
						<time>2026-05-03T12:40:54Z</time>
					</trkpt>
					<trkpt lat="44.820120" lon="3.087950">
						<ele>978</ele>
						<time>2026-05-03T12:41:02Z</time>
					</trkpt>
					<trkpt lat="44.820180" lon="3.087970">
						<ele>977</ele>
						<time>2026-05-03T12:41:10Z</time>
					</trkpt>
					<trkpt lat="44.820290" lon="3.088060">
						<ele>976</ele>
						<time>2026-05-03T12:41:27Z</time>
					</trkpt>
					<trkpt lat="44.820620" lon="3.088380">
						<ele>972</ele>
						<time>2026-05-03T12:42:20Z</time>
					</trkpt>
					<trkpt lat="44.820780" lon="3.088490">
						<ele>971</ele>
						<time>2026-05-03T12:42:44Z</time>
					</trkpt>
					<trkpt lat="44.820880" lon="3.088500">
						<ele>970</ele>
						<time>2026-05-03T12:42:58Z</time>
					</trkpt>
					<trkpt lat="44.821030" lon="3.088480">
						<ele>969</ele>
						<time>2026-05-03T12:43:18Z</time>
					</trkpt>
					<trkpt lat="44.821370" lon="3.088420">
						<ele>966</ele>
						<time>2026-05-03T12:44:03Z</time>
					</trkpt>
					<trkpt lat="44.821530" lon="3.088390">
						<ele>965</ele>
						<time>2026-05-03T12:44:25Z</time>
					</trkpt>
					<trkpt lat="44.821660" lon="3.088390">
						<ele>964</ele>
						<time>2026-05-03T12:44:42Z</time>
					</trkpt>
					<trkpt lat="44.821740" lon="3.088390">
						<ele>964</ele>
						<time>2026-05-03T12:44:53Z</time>
					</trkpt>
					<trkpt lat="44.821970" lon="3.088330">
						<ele>962</ele>
						<time>2026-05-03T12:45:24Z</time>
					</trkpt>
					<trkpt lat="44.822190" lon="3.088300">
						<ele>961</ele>
						<time>2026-05-03T12:45:54Z</time>
					</trkpt>
					<trkpt lat="44.822640" lon="3.088170">
						<ele>959</ele>
						<time>2026-05-03T12:46:55Z</time>
					</trkpt>
					<trkpt lat="44.822870" lon="3.088120">
						<ele>959</ele>
						<time>2026-05-03T12:47:26Z</time>
					</trkpt>
					<trkpt lat="44.823040" lon="3.088100">
						<ele>959</ele>
						<time>2026-05-03T12:47:49Z</time>
					</trkpt>
					<trkpt lat="44.823720" lon="3.088120">
						<ele>955</ele>
						<time>2026-05-03T12:49:20Z</time>
					</trkpt>
					<trkpt lat="44.824110" lon="3.088160">
						<ele>953</ele>
						<time>2026-05-03T12:50:12Z</time>
					</trkpt>
					<trkpt lat="44.824700" lon="3.088340">
						<ele>950</ele>
						<time>2026-05-03T12:51:32Z</time>
					</trkpt>
					<trkpt lat="44.824580" lon="3.088570">
						<ele>948</ele>
						<time>2026-05-03T12:51:59Z</time>
					</trkpt>
					<trkpt lat="44.824320" lon="3.088910">
						<ele>945</ele>
						<time>2026-05-03T12:52:47Z</time>
					</trkpt>
					<trkpt lat="44.824140" lon="3.089370">
						<ele>943</ele>
						<time>2026-05-03T12:53:36Z</time>
					</trkpt>
					<trkpt lat="44.824050" lon="3.089750">
						<ele>944</ele>
						<time>2026-05-03T12:54:14Z</time>
					</trkpt>
					<trkpt lat="44.824030" lon="3.089980">
						<ele>944</ele>
						<time>2026-05-03T12:54:36Z</time>
					</trkpt>
					<trkpt lat="44.824060" lon="3.090720">
						<ele>951</ele>
						<time>2026-05-03T12:55:46Z</time>
					</trkpt>
					<trkpt lat="44.824020" lon="3.091260">
						<ele>956</ele>
						<time>2026-05-03T12:56:38Z</time>
					</trkpt>
					<trkpt lat="44.823880" lon="3.091690">
						<ele>960</ele>
						<time>2026-05-03T12:57:23Z</time>
					</trkpt>
					<trkpt lat="44.823700" lon="3.092210">
						<ele>962</ele>
						<time>2026-05-03T12:58:17Z</time>
					</trkpt>
					<trkpt lat="44.824150" lon="3.092110">
						<ele>960</ele>
						<time>2026-05-03T12:59:18Z</time>
					</trkpt>
					<trkpt lat="44.824220" lon="3.092060">
						<ele>959</ele>
						<time>2026-05-03T12:59:29Z</time>
					</trkpt>
					<trkpt lat="44.824300" lon="3.091960">
						<ele>959</ele>
						<time>2026-05-03T12:59:43Z</time>
					</trkpt>
					<trkpt lat="44.824320" lon="3.091900">
						<ele>959</ele>
						<time>2026-05-03T12:59:49Z</time>
					</trkpt>
					<trkpt lat="44.824440" lon="3.091960">
						<ele>959</ele>
						<time>2026-05-03T13:00:06Z</time>
					</trkpt>
					<trkpt lat="44.824610" lon="3.092070">
						<ele>958</ele>
						<time>2026-05-03T13:00:31Z</time>
					</trkpt>
					<trkpt lat="44.824700" lon="3.092150">
						<ele>958</ele>
						<time>2026-05-03T13:00:45Z</time>
					</trkpt>
					<trkpt lat="44.824800" lon="3.092220">
						<ele>958</ele>
						<time>2026-05-03T13:01:00Z</time>
					</trkpt>
					<trkpt lat="44.824960" lon="3.092460">
						<ele>959</ele>
						<time>2026-05-03T13:01:31Z</time>
					</trkpt>
					<trkpt lat="44.825020" lon="3.092610">
						<ele>960</ele>
						<time>2026-05-03T13:01:48Z</time>
					</trkpt>
					<trkpt lat="44.825100" lon="3.092750">
						<ele>960</ele>
						<time>2026-05-03T13:02:05Z</time>
					</trkpt>
					<trkpt lat="44.825210" lon="3.093130">
						<ele>962</ele>
						<time>2026-05-03T13:02:44Z</time>
					</trkpt>
					<trkpt lat="44.825290" lon="3.093370">
						<ele>963</ele>
						<time>2026-05-03T13:03:09Z</time>
					</trkpt>
					<trkpt lat="44.825360" lon="3.093920">
						<ele>961</ele>
						<time>2026-05-03T13:04:02Z</time>
					</trkpt>
					<trkpt lat="44.825360" lon="3.094160">
						<ele>960</ele>
						<time>2026-05-03T13:04:24Z</time>
					</trkpt>
					<trkpt lat="44.825320" lon="3.094610">
						<ele>961</ele>
						<time>2026-05-03T13:05:07Z</time>
					</trkpt>
					<trkpt lat="44.825230" lon="3.095090">
						<ele>962</ele>
						<time>2026-05-03T13:05:54Z</time>
					</trkpt>
					<trkpt lat="44.825190" lon="3.095370">
						<ele>962</ele>
						<time>2026-05-03T13:06:21Z</time>
					</trkpt>
					<trkpt lat="44.825210" lon="3.095830">
						<ele>961</ele>
						<time>2026-05-03T13:07:05Z</time>
					</trkpt>
					<trkpt lat="44.825170" lon="3.096020">
						<ele>960</ele>
						<time>2026-05-03T13:07:24Z</time>
					</trkpt>
					<trkpt lat="44.825080" lon="3.096210">
						<ele>958</ele>
						<time>2026-05-03T13:07:45Z</time>
					</trkpt>
					<trkpt lat="44.825060" lon="3.096360">
						<ele>957</ele>
						<time>2026-05-03T13:08:00Z</time>
					</trkpt>
					<trkpt lat="44.825100" lon="3.096540">
						<ele>955</ele>
						<time>2026-05-03T13:08:18Z</time>
					</trkpt>
					<trkpt lat="44.825110" lon="3.096640">
						<ele>955</ele>
						<time>2026-05-03T13:08:27Z</time>
					</trkpt>
					<trkpt lat="44.825170" lon="3.096830">
						<ele>955</ele>
						<time>2026-05-03T13:08:47Z</time>
					</trkpt>
					<trkpt lat="44.825290" lon="3.096970">
						<ele>955</ele>
						<time>2026-05-03T13:09:08Z</time>
					</trkpt>
					<trkpt lat="44.825340" lon="3.097070">
						<ele>955</ele>
						<time>2026-05-03T13:09:19Z</time>
					</trkpt>
					<trkpt lat="44.825490" lon="3.097220">
						<ele>955</ele>
						<time>2026-05-03T13:09:44Z</time>
					</trkpt>
					<trkpt lat="44.825660" lon="3.097320">
						<ele>955</ele>
						<time>2026-05-03T13:10:08Z</time>
					</trkpt>
					<trkpt lat="44.825790" lon="3.097390">
						<ele>955</ele>
						<time>2026-05-03T13:10:27Z</time>
					</trkpt>
					<trkpt lat="44.825880" lon="3.097500">
						<ele>956</ele>
						<time>2026-05-03T13:10:43Z</time>
					</trkpt>
					<trkpt lat="44.826160" lon="3.098010">
						<ele>960</ele>
						<time>2026-05-03T13:11:44Z</time>
					</trkpt>
					<trkpt lat="44.826240" lon="3.098200">
						<ele>961</ele>
						<time>2026-05-03T13:12:05Z</time>
					</trkpt>
					<trkpt lat="44.826250" lon="3.098340">
						<ele>962</ele>
						<time>2026-05-03T13:12:18Z</time>
					</trkpt>
					<trkpt lat="44.826250" lon="3.098540">
						<ele>962</ele>
						<time>2026-05-03T13:12:37Z</time>
					</trkpt>
					<trkpt lat="44.826250" lon="3.099080">
						<ele>964</ele>
						<time>2026-05-03T13:13:28Z</time>
					</trkpt>
					<trkpt lat="44.826220" lon="3.099320">
						<ele>966</ele>
						<time>2026-05-03T13:13:51Z</time>
					</trkpt>
					<trkpt lat="44.826160" lon="3.099630">
						<ele>968</ele>
						<time>2026-05-03T13:14:22Z</time>
					</trkpt>
					<trkpt lat="44.826050" lon="3.100050">
						<ele>972</ele>
						<time>2026-05-03T13:15:04Z</time>
					</trkpt>
					<trkpt lat="44.826060" lon="3.100160">
						<ele>972</ele>
						<time>2026-05-03T13:15:14Z</time>
					</trkpt>
					<trkpt lat="44.826080" lon="3.100340">
						<ele>972</ele>
						<time>2026-05-03T13:15:32Z</time>
					</trkpt>
					<trkpt lat="44.826100" lon="3.100590">
						<ele>973</ele>
						<time>2026-05-03T13:15:55Z</time>
					</trkpt>
					<trkpt lat="44.826130" lon="3.100770">
						<ele>973</ele>
						<time>2026-05-03T13:16:13Z</time>
					</trkpt>
					<trkpt lat="44.826190" lon="3.100930">
						<ele>973</ele>
						<time>2026-05-03T13:16:30Z</time>
					</trkpt>
					<trkpt lat="44.826390" lon="3.101280">
						<ele>973</ele>
						<time>2026-05-03T13:17:13Z</time>
					</trkpt>
					<trkpt lat="44.826480" lon="3.101380">
						<ele>972</ele>
						<time>2026-05-03T13:17:28Z</time>
					</trkpt>
					<trkpt lat="44.826570" lon="3.101530">
						<ele>972</ele>
						<time>2026-05-03T13:17:46Z</time>
					</trkpt>
					<trkpt lat="44.826590" lon="3.101720">
						<ele>973</ele>
						<time>2026-05-03T13:18:05Z</time>
					</trkpt>
					<trkpt lat="44.826620" lon="3.101840">
						<ele>974</ele>
						<time>2026-05-03T13:18:17Z</time>
					</trkpt>
					<trkpt lat="44.826650" lon="3.101910">
						<ele>975</ele>
						<time>2026-05-03T13:18:24Z</time>
					</trkpt>
					<trkpt lat="44.826680" lon="3.102030">
						<ele>976</ele>
						<time>2026-05-03T13:18:36Z</time>
					</trkpt>
					<trkpt lat="44.826750" lon="3.102170">
						<ele>976</ele>
						<time>2026-05-03T13:18:53Z</time>
					</trkpt>
					<trkpt lat="44.826850" lon="3.102330">
						<ele>975</ele>
						<time>2026-05-03T13:19:13Z</time>
					</trkpt>
					<trkpt lat="44.827000" lon="3.102510">
						<ele>973</ele>
						<time>2026-05-03T13:19:39Z</time>
					</trkpt>
					<trkpt lat="44.827130" lon="3.102680">
						<ele>970</ele>
						<time>2026-05-03T13:20:03Z</time>
					</trkpt>
					<trkpt lat="44.827230" lon="3.102840">
						<ele>968</ele>
						<time>2026-05-03T13:20:23Z</time>
					</trkpt>
					<trkpt lat="44.827340" lon="3.103140">
						<ele>966</ele>
						<time>2026-05-03T13:20:55Z</time>
					</trkpt>
					<trkpt lat="44.827370" lon="3.103400">
						<ele>967</ele>
						<time>2026-05-03T13:21:20Z</time>
					</trkpt>
					<trkpt lat="44.827410" lon="3.103580">
						<ele>966</ele>
						<time>2026-05-03T13:21:38Z</time>
					</trkpt>
					<trkpt lat="44.827500" lon="3.103850">
						<ele>965</ele>
						<time>2026-05-03T13:22:06Z</time>
					</trkpt>
					<trkpt lat="44.827590" lon="3.104000">
						<ele>963</ele>
						<time>2026-05-03T13:22:25Z</time>
					</trkpt>
					<trkpt lat="44.827800" lon="3.104220">
						<ele>958</ele>
						<time>2026-05-03T13:23:00Z</time>
					</trkpt>
					<trkpt lat="44.827860" lon="3.104350">
						<ele>957</ele>
						<time>2026-05-03T13:23:14Z</time>
					</trkpt>
					<trkpt lat="44.827890" lon="3.104500">
						<ele>957</ele>
						<time>2026-05-03T13:23:29Z</time>
					</trkpt>
					<trkpt lat="44.827890" lon="3.104940">
						<ele>958</ele>
						<time>2026-05-03T13:24:11Z</time>
					</trkpt>
					<trkpt lat="44.827870" lon="3.105120">
						<ele>957</ele>
						<time>2026-05-03T13:24:28Z</time>
					</trkpt>
					<trkpt lat="44.827840" lon="3.105770">
						<ele>953</ele>
						<time>2026-05-03T13:25:29Z</time>
					</trkpt>
					<trkpt lat="44.827840" lon="3.105930">
						<ele>952</ele>
						<time>2026-05-03T13:25:45Z</time>
					</trkpt>
					<trkpt lat="44.827880" lon="3.105960">
						<ele>951</ele>
						<time>2026-05-03T13:25:51Z</time>
					</trkpt>
					<trkpt lat="44.827930" lon="3.106040">
						<ele>950</ele>
						<time>2026-05-03T13:26:01Z</time>
					</trkpt>
					<trkpt lat="44.828110" lon="3.106450">
						<ele>947</ele>
						<time>2026-05-03T13:26:46Z</time>
					</trkpt>
					<trkpt lat="44.828160" lon="3.106440">
						<ele>947</ele>
						<time>2026-05-03T13:26:53Z</time>
					</trkpt>
					<trkpt lat="44.828190" lon="3.106410">
						<ele>946</ele>
						<time>2026-05-03T13:26:58Z</time>
					</trkpt>
					<trkpt lat="44.828220" lon="3.106340">
						<ele>946</ele>
						<time>2026-05-03T13:27:06Z</time>
					</trkpt>
					<trkpt lat="44.828210" lon="3.106170">
						<ele>947</ele>
						<time>2026-05-03T13:27:22Z</time>
					</trkpt>
					<trkpt lat="44.828230" lon="3.106110">
						<ele>947</ele>
						<time>2026-05-03T13:27:28Z</time>
					</trkpt>
					<trkpt lat="44.828270" lon="3.106100">
						<ele>946</ele>
						<time>2026-05-03T13:27:34Z</time>
					</trkpt>
					<trkpt lat="44.828300" lon="3.106140">
						<ele>946</ele>
						<time>2026-05-03T13:27:39Z</time>
					</trkpt>
					<trkpt lat="44.828340" lon="3.106210">
						<ele>945</ele>
						<time>2026-05-03T13:27:48Z</time>
					</trkpt>
					<trkpt lat="44.828380" lon="3.106250">
						<ele>945</ele>
						<time>2026-05-03T13:27:54Z</time>
					</trkpt>
					<trkpt lat="44.828460" lon="3.106310">
						<ele>943</ele>
						<time>2026-05-03T13:28:06Z</time>
					</trkpt>
					<trkpt lat="44.828570" lon="3.106360">
						<ele>941</ele>
						<time>2026-05-03T13:28:22Z</time>
					</trkpt>
					<trkpt lat="44.828720" lon="3.106450">
						<ele>938</ele>
						<time>2026-05-03T13:28:43Z</time>
					</trkpt>
					<trkpt lat="44.828770" lon="3.106530">
						<ele>937</ele>
						<time>2026-05-03T13:28:54Z</time>
					</trkpt>
					<trkpt lat="44.828800" lon="3.106600">
						<ele>936</ele>
						<time>2026-05-03T13:29:01Z</time>
					</trkpt>
					<trkpt lat="44.828820" lon="3.106690">
						<ele>936</ele>
						<time>2026-05-03T13:29:10Z</time>
					</trkpt>
					<trkpt lat="44.828880" lon="3.106810">
						<ele>935</ele>
						<time>2026-05-03T13:29:24Z</time>
					</trkpt>
					<trkpt lat="44.828970" lon="3.107040">
						<ele>933</ele>
						<time>2026-05-03T13:29:49Z</time>
					</trkpt>
					<trkpt lat="44.829000" lon="3.107350">
						<ele>933</ele>
						<time>2026-05-03T13:30:19Z</time>
					</trkpt>
					<trkpt lat="44.828980" lon="3.107470">
						<ele>933</ele>
						<time>2026-05-03T13:30:30Z</time>
					</trkpt>
					<trkpt lat="44.828960" lon="3.107590">
						<ele>934</ele>
						<time>2026-05-03T13:30:42Z</time>
					</trkpt>
					<trkpt lat="44.828980" lon="3.107750">
						<ele>934</ele>
						<time>2026-05-03T13:30:57Z</time>
					</trkpt>
					<trkpt lat="44.829020" lon="3.107880">
						<ele>935</ele>
						<time>2026-05-03T13:31:11Z</time>
					</trkpt>
					<trkpt lat="44.829090" lon="3.108020">
						<ele>936</ele>
						<time>2026-05-03T13:31:27Z</time>
					</trkpt>
					<trkpt lat="44.829160" lon="3.108050">
						<ele>936</ele>
						<time>2026-05-03T13:31:37Z</time>
					</trkpt>
					<trkpt lat="44.829300" lon="3.108020">
						<ele>939</ele>
						<time>2026-05-03T13:31:56Z</time>
					</trkpt>
					<trkpt lat="44.829440" lon="3.107920">
						<ele>942</ele>
						<time>2026-05-03T13:32:17Z</time>
					</trkpt>
					<trkpt lat="44.829500" lon="3.107760">
						<ele>942</ele>
						<time>2026-05-03T13:32:34Z</time>
					</trkpt>
					<trkpt lat="44.829530" lon="3.107620">
						<ele>942</ele>
						<time>2026-05-03T13:32:47Z</time>
					</trkpt>
					<trkpt lat="44.829560" lon="3.107080">
						<ele>940</ele>
						<time>2026-05-03T13:33:39Z</time>
					</trkpt>
					<trkpt lat="44.829570" lon="3.106790">
						<ele>939</ele>
						<time>2026-05-03T13:34:06Z</time>
					</trkpt>
					<trkpt lat="44.829610" lon="3.106430">
						<ele>939</ele>
						<time>2026-05-03T13:34:41Z</time>
					</trkpt>
					<trkpt lat="44.829710" lon="3.105970">
						<ele>940</ele>
						<time>2026-05-03T13:35:26Z</time>
					</trkpt>
					<trkpt lat="44.829840" lon="3.105160">
						<ele>937</ele>
						<time>2026-05-03T13:36:45Z</time>
					</trkpt>
					<trkpt lat="44.829900" lon="3.105010">
						<ele>937</ele>
						<time>2026-05-03T13:37:01Z</time>
					</trkpt>
					<trkpt lat="44.829990" lon="3.104790">
						<ele>936</ele>
						<time>2026-05-03T13:37:25Z</time>
					</trkpt>
					<trkpt lat="44.830050" lon="3.104680">
						<ele>936</ele>
						<time>2026-05-03T13:37:38Z</time>
					</trkpt>
					<trkpt lat="44.830140" lon="3.104580">
						<ele>936</ele>
						<time>2026-05-03T13:37:54Z</time>
					</trkpt>
					<trkpt lat="44.830240" lon="3.104520">
						<ele>937</ele>
						<time>2026-05-03T13:38:08Z</time>
					</trkpt>
					<trkpt lat="44.830340" lon="3.104510">
						<ele>938</ele>
						<time>2026-05-03T13:38:21Z</time>
					</trkpt>
					<trkpt lat="44.830430" lon="3.104530">
						<ele>939</ele>
						<time>2026-05-03T13:38:34Z</time>
					</trkpt>
					<trkpt lat="44.830540" lon="3.104590">
						<ele>942</ele>
						<time>2026-05-03T13:38:49Z</time>
					</trkpt>
					<trkpt lat="44.830670" lon="3.104740">
						<ele>946</ele>
						<time>2026-05-03T13:39:12Z</time>
					</trkpt>
					<trkpt lat="44.831010" lon="3.105180">
						<ele>956</ele>
						<time>2026-05-03T13:40:13Z</time>
					</trkpt>
					<trkpt lat="44.831140" lon="3.105410">
						<ele>959</ele>
						<time>2026-05-03T13:40:41Z</time>
					</trkpt>
					<trkpt lat="44.831200" lon="3.105600">
						<ele>961</ele>
						<time>2026-05-03T13:41:01Z</time>
					</trkpt>
					<trkpt lat="44.831340" lon="3.105940">
						<ele>965</ele>
						<time>2026-05-03T13:41:38Z</time>
					</trkpt>
					<trkpt lat="44.831500" lon="3.106430">
						<ele>968</ele>
						<time>2026-05-03T13:42:29Z</time>
					</trkpt>
					<trkpt lat="44.831530" lon="3.106730">
						<ele>970</ele>
						<time>2026-05-03T13:42:58Z</time>
					</trkpt>
					<trkpt lat="44.831540" lon="3.106940">
						<ele>972</ele>
						<time>2026-05-03T13:43:18Z</time>
					</trkpt>
					<trkpt lat="44.831570" lon="3.107040">
						<ele>973</ele>
						<time>2026-05-03T13:43:28Z</time>
					</trkpt>
					<trkpt lat="44.831650" lon="3.107240">
						<ele>975</ele>
						<time>2026-05-03T13:43:50Z</time>
					</trkpt>
					<trkpt lat="44.831810" lon="3.107540">
						<ele>978</ele>
						<time>2026-05-03T13:44:25Z</time>
					</trkpt>
					<trkpt lat="44.831830" lon="3.107710">
						<ele>979</ele>
						<time>2026-05-03T13:44:42Z</time>
					</trkpt>
					<trkpt lat="44.831830" lon="3.107880">
						<ele>980</ele>
						<time>2026-05-03T13:44:58Z</time>
					</trkpt>
					<trkpt lat="44.831780" lon="3.108050">
						<ele>980</ele>
						<time>2026-05-03T13:45:15Z</time>
					</trkpt>
					<trkpt lat="44.831740" lon="3.108100">
						<ele>980</ele>
						<time>2026-05-03T13:45:22Z</time>
					</trkpt>
					<trkpt lat="44.831810" lon="3.108200">
						<ele>981</ele>
						<time>2026-05-03T13:45:36Z</time>
					</trkpt>
					<trkpt lat="44.831950" lon="3.108320">
						<ele>983</ele>
						<time>2026-05-03T13:45:57Z</time>
					</trkpt>
					<trkpt lat="44.832230" lon="3.108550">
						<ele>986</ele>
						<time>2026-05-03T13:46:41Z</time>
					</trkpt>
					<trkpt lat="44.832500" lon="3.108770">
						<ele>989</ele>
						<time>2026-05-03T13:47:22Z</time>
					</trkpt>
					<trkpt lat="44.832590" lon="3.108940">
						<ele>989</ele>
						<time>2026-05-03T13:47:42Z</time>
					</trkpt>
					<trkpt lat="44.832680" lon="3.109060">
						<ele>990</ele>
						<time>2026-05-03T13:47:59Z</time>
					</trkpt>
					<trkpt lat="44.832870" lon="3.109400">
						<ele>993</ele>
						<time>2026-05-03T13:48:40Z</time>
					</trkpt>
					<trkpt lat="44.832930" lon="3.109440">
						<ele>993</ele>
						<time>2026-05-03T13:48:49Z</time>
					</trkpt>
					<trkpt lat="44.833060" lon="3.109470">
						<ele>994</ele>
						<time>2026-05-03T13:49:06Z</time>
					</trkpt>
					<trkpt lat="44.833110" lon="3.109510">
						<ele>994</ele>
						<time>2026-05-03T13:49:14Z</time>
					</trkpt>
					<trkpt lat="44.833110" lon="3.109570">
						<ele>994</ele>
						<time>2026-05-03T13:49:20Z</time>
					</trkpt>
					<trkpt lat="44.833070" lon="3.109700">
						<ele>995</ele>
						<time>2026-05-03T13:49:33Z</time>
					</trkpt>
					<trkpt lat="44.832790" lon="3.110180">
						<ele>999</ele>
						<time>2026-05-03T13:50:32Z</time>
					</trkpt>
					<trkpt lat="44.832670" lon="3.110230">
						<ele>999</ele>
						<time>2026-05-03T13:50:49Z</time>
					</trkpt>
					<trkpt lat="44.832580" lon="3.110310">
						<ele>1000</ele>
						<time>2026-05-03T13:51:03Z</time>
					</trkpt>
					<trkpt lat="44.832550" lon="3.110380">
						<ele>1000</ele>
						<time>2026-05-03T13:51:10Z</time>
					</trkpt>
					<trkpt lat="44.832560" lon="3.110460">
						<ele>1001</ele>
						<time>2026-05-03T13:51:18Z</time>
					</trkpt>
					<trkpt lat="44.832600" lon="3.110580">
						<ele>1002</ele>
						<time>2026-05-03T13:51:31Z</time>
					</trkpt>
					<trkpt lat="44.832770" lon="3.110840">
						<ele>1004</ele>
						<time>2026-05-03T13:52:04Z</time>
					</trkpt>
					<trkpt lat="44.832860" lon="3.110980">
						<ele>1005</ele>
						<time>2026-05-03T13:52:22Z</time>
					</trkpt>
					<trkpt lat="44.832940" lon="3.111060">
						<ele>1006</ele>
						<time>2026-05-03T13:52:35Z</time>
					</trkpt>
					<trkpt lat="44.833100" lon="3.111170">
						<ele>1007</ele>
						<time>2026-05-03T13:52:59Z</time>
					</trkpt>
					<trkpt lat="44.833180" lon="3.111260">
						<ele>1008</ele>
						<time>2026-05-03T13:53:13Z</time>
					</trkpt>
					<trkpt lat="44.833240" lon="3.111370">
						<ele>1010</ele>
						<time>2026-05-03T13:53:26Z</time>
					</trkpt>
					<trkpt lat="44.833410" lon="3.111970">
						<ele>1017</ele>
						<time>2026-05-03T13:54:27Z</time>
					</trkpt>
					<trkpt lat="44.833440" lon="3.112130">
						<ele>1019</ele>
						<time>2026-05-03T13:54:42Z</time>
					</trkpt>
					<trkpt lat="44.833450" lon="3.112280">
						<ele>1021</ele>
						<time>2026-05-03T13:54:57Z</time>
					</trkpt>
					<trkpt lat="44.833260" lon="3.112660">
						<ele>1024</ele>
						<time>2026-05-03T13:55:41Z</time>
					</trkpt>
					<trkpt lat="44.833200" lon="3.112820">
						<ele>1025</ele>
						<time>2026-05-03T13:55:58Z</time>
					</trkpt>
					<trkpt lat="44.833170" lon="3.113110">
						<ele>1028</ele>
						<time>2026-05-03T13:56:26Z</time>
					</trkpt>
					<trkpt lat="44.833220" lon="3.113640">
						<ele>1033</ele>
						<time>2026-05-03T13:57:16Z</time>
					</trkpt>
					<trkpt lat="44.833270" lon="3.113830">
						<ele>1035</ele>
						<time>2026-05-03T13:57:35Z</time>
					</trkpt>
					<trkpt lat="44.833390" lon="3.114060">
						<ele>1037</ele>
						<time>2026-05-03T13:58:02Z</time>
					</trkpt>
					<trkpt lat="44.833490" lon="3.114330">
						<ele>1039</ele>
						<time>2026-05-03T13:58:31Z</time>
					</trkpt>
					<trkpt lat="44.833690" lon="3.114800">
						<ele>1041</ele>
						<time>2026-05-03T13:59:23Z</time>
					</trkpt>
					<trkpt lat="44.833820" lon="3.115000">
						<ele>1042</ele>
						<time>2026-05-03T13:59:49Z</time>
					</trkpt>
					<trkpt lat="44.833910" lon="3.115080">
						<ele>1043</ele>
						<time>2026-05-03T14:00:03Z</time>
					</trkpt>
					<trkpt lat="44.834020" lon="3.115090">
						<ele>1044</ele>
						<time>2026-05-03T14:00:18Z</time>
					</trkpt>
					<trkpt lat="44.834270" lon="3.114970">
						<ele>1045</ele>
						<time>2026-05-03T14:00:53Z</time>
					</trkpt>
					<trkpt lat="44.834390" lon="3.114980">
						<ele>1046</ele>
						<time>2026-05-03T14:01:09Z</time>
					</trkpt>
					<trkpt lat="44.834480" lon="3.115020">
						<ele>1046</ele>
						<time>2026-05-03T14:01:22Z</time>
					</trkpt>
					<trkpt lat="44.834540" lon="3.115180">
						<ele>1047</ele>
						<time>2026-05-03T14:01:39Z</time>
					</trkpt>
					<trkpt lat="44.834610" lon="3.115690">
						<ele>1048</ele>
						<time>2026-05-03T14:02:28Z</time>
					</trkpt>
					<trkpt lat="44.834860" lon="3.117130">
						<ele>1053</ele>
						<time>2026-05-03T14:04:48Z</time>
					</trkpt>
					<trkpt lat="44.834900" lon="3.117580">
						<ele>1055</ele>
						<time>2026-05-03T14:05:31Z</time>
					</trkpt>
					<trkpt lat="44.834900" lon="3.118070">
						<ele>1057</ele>
						<time>2026-05-03T14:06:17Z</time>
					</trkpt>
					<trkpt lat="44.834900" lon="3.118310">
						<ele>1058</ele>
						<time>2026-05-03T14:06:40Z</time>
					</trkpt>
					<trkpt lat="44.834800" lon="3.118650">
						<ele>1057</ele>
						<time>2026-05-03T14:07:15Z</time>
					</trkpt>
					<trkpt lat="44.834750" lon="3.118880">
						<ele>1057</ele>
						<time>2026-05-03T14:07:38Z</time>
					</trkpt>
					<trkpt lat="44.834740" lon="3.119730">
						<ele>1057</ele>
						<time>2026-05-03T14:08:58Z</time>
					</trkpt>
					<trkpt lat="44.834730" lon="3.119960">
						<ele>1057</ele>
						<time>2026-05-03T14:09:20Z</time>
					</trkpt>
					<trkpt lat="44.834730" lon="3.120330">
						<ele>1057</ele>
						<time>2026-05-03T14:09:55Z</time>
					</trkpt>
					<trkpt lat="44.834740" lon="3.120700">
						<ele>1058</ele>
						<time>2026-05-03T14:10:30Z</time>
					</trkpt>
					<trkpt lat="44.834710" lon="3.122190">
						<ele>1060</ele>
						<time>2026-05-03T14:12:51Z</time>
					</trkpt>
					<trkpt lat="44.834660" lon="3.122370">
						<ele>1061</ele>
						<time>2026-05-03T14:13:09Z</time>
					</trkpt>
					<trkpt lat="44.834580" lon="3.122560">
						<ele>1062</ele>
						<time>2026-05-03T14:13:30Z</time>
					</trkpt>
					<trkpt lat="44.834530" lon="3.122750">
						<ele>1063</ele>
						<time>2026-05-03T14:13:49Z</time>
					</trkpt>
					<trkpt lat="44.834510" lon="3.122970">
						<ele>1065</ele>
						<time>2026-05-03T14:14:10Z</time>
					</trkpt>
					<trkpt lat="44.834520" lon="3.123250">
						<ele>1066</ele>
						<time>2026-05-03T14:14:37Z</time>
					</trkpt>
					<trkpt lat="44.834560" lon="3.123500">
						<ele>1067</ele>
						<time>2026-05-03T14:15:01Z</time>
					</trkpt>
					<trkpt lat="44.834770" lon="3.124430">
						<ele>1067</ele>
						<time>2026-05-03T14:16:34Z</time>
					</trkpt>
					<trkpt lat="44.834820" lon="3.124590">
						<ele>1068</ele>
						<time>2026-05-03T14:16:50Z</time>
					</trkpt>
					<trkpt lat="44.834890" lon="3.124710">
						<ele>1068</ele>
						<time>2026-05-03T14:17:05Z</time>
					</trkpt>
					<trkpt lat="44.834950" lon="3.124890">
						<ele>1068</ele>
						<time>2026-05-03T14:17:24Z</time>
					</trkpt>
					<trkpt lat="44.835160" lon="3.125590">
						<ele>1070</ele>
						<time>2026-05-03T14:18:36Z</time>
					</trkpt>
					<trkpt lat="44.835210" lon="3.125750">
						<ele>1070</ele>
						<time>2026-05-03T14:18:52Z</time>
					</trkpt>
					<trkpt lat="44.835420" lon="3.126310">
						<ele>1069</ele>
						<time>2026-05-03T14:19:52Z</time>
					</trkpt>
					<trkpt lat="44.835570" lon="3.126790">
						<ele>1068</ele>
						<time>2026-05-03T14:20:42Z</time>
					</trkpt>
					<trkpt lat="44.835690" lon="3.127070">
						<ele>1067</ele>
						<time>2026-05-03T14:21:13Z</time>
					</trkpt>
					<trkpt lat="44.835880" lon="3.127600">
						<ele>1065</ele>
						<time>2026-05-03T14:22:09Z</time>
					</trkpt>
					<trkpt lat="44.836160" lon="3.128420">
						<ele>1062</ele>
						<time>2026-05-03T14:23:35Z</time>
					</trkpt>
					<trkpt lat="44.836420" lon="3.129300">
						<ele>1059</ele>
						<time>2026-05-03T14:25:05Z</time>
					</trkpt>
					<trkpt lat="44.836540" lon="3.129610">
						<ele>1058</ele>
						<time>2026-05-03T14:25:39Z</time>
					</trkpt>
					<trkpt lat="44.836600" lon="3.129720">
						<ele>1058</ele>
						<time>2026-05-03T14:25:52Z</time>
					</trkpt>
					<trkpt lat="44.836770" lon="3.129910">
						<ele>1057</ele>
						<time>2026-05-03T14:26:21Z</time>
					</trkpt>
					<trkpt lat="44.836790" lon="3.129970">
						<ele>1057</ele>
						<time>2026-05-03T14:26:27Z</time>
					</trkpt>
					<trkpt lat="44.836460" lon="3.130090">
						<ele>1057</ele>
						<time>2026-05-03T14:27:13Z</time>
					</trkpt>
					<trkpt lat="44.835920" lon="3.130370">
						<ele>1056</ele>
						<time>2026-05-03T14:28:29Z</time>
					</trkpt>
					<trkpt lat="44.835690" lon="3.130460">
						<ele>1057</ele>
						<time>2026-05-03T14:29:01Z</time>
					</trkpt>
					<trkpt lat="44.835470" lon="3.130510">
						<ele>1058</ele>
						<time>2026-05-03T14:29:31Z</time>
					</trkpt>
					<trkpt lat="44.835190" lon="3.130510">
						<ele>1059</ele>
						<time>2026-05-03T14:30:08Z</time>
					</trkpt>
					<trkpt lat="44.834990" lon="3.130480">
						<ele>1060</ele>
						<time>2026-05-03T14:30:35Z</time>
					</trkpt>
					<trkpt lat="44.834630" lon="3.130410">
						<ele>1060</ele>
						<time>2026-05-03T14:31:24Z</time>
					</trkpt>
					<trkpt lat="44.834270" lon="3.130290">
						<ele>1061</ele>
						<time>2026-05-03T14:32:13Z</time>
					</trkpt>
					<trkpt lat="44.833410" lon="3.129920">
						<ele>1066</ele>
						<time>2026-05-03T14:34:13Z</time>
					</trkpt>
					<trkpt lat="44.832810" lon="3.129720">
						<ele>1063</ele>
						<time>2026-05-03T14:35:35Z</time>
					</trkpt>
					<trkpt lat="44.832660" lon="3.129660">
						<ele>1062</ele>
						<time>2026-05-03T14:35:56Z</time>
					</trkpt>
					<trkpt lat="44.832510" lon="3.129540">
						<ele>1061</ele>
						<time>2026-05-03T14:36:19Z</time>
					</trkpt>
					<trkpt lat="44.832360" lon="3.129390">
						<ele>1059</ele>
						<time>2026-05-03T14:36:44Z</time>
					</trkpt>
					<trkpt lat="44.832050" lon="3.129000">
						<ele>1057</ele>
						<time>2026-05-03T14:37:39Z</time>
					</trkpt>
					<trkpt lat="44.831810" lon="3.128810">
						<ele>1055</ele>
						<time>2026-05-03T14:38:16Z</time>
					</trkpt>
					<trkpt lat="44.831400" lon="3.128550">
						<ele>1054</ele>
						<time>2026-05-03T14:39:16Z</time>
					</trkpt>
					<trkpt lat="44.831060" lon="3.128310">
						<ele>1053</ele>
						<time>2026-05-03T14:40:06Z</time>
					</trkpt>
					<trkpt lat="44.830730" lon="3.128100">
						<ele>1052</ele>
						<time>2026-05-03T14:40:55Z</time>
					</trkpt>
					<trkpt lat="44.830470" lon="3.127970">
						<ele>1052</ele>
						<time>2026-05-03T14:41:32Z</time>
					</trkpt>
					<trkpt lat="44.830350" lon="3.127930">
						<ele>1052</ele>
						<time>2026-05-03T14:41:48Z</time>
					</trkpt>
					<trkpt lat="44.829720" lon="3.127800">
						<ele>1050</ele>
						<time>2026-05-03T14:43:13Z</time>
					</trkpt>
					<trkpt lat="44.829500" lon="3.127770">
						<ele>1048</ele>
						<time>2026-05-03T14:43:43Z</time>
					</trkpt>
					<trkpt lat="44.829350" lon="3.127730">
						<ele>1047</ele>
						<time>2026-05-03T14:44:03Z</time>
					</trkpt>
					<trkpt lat="44.829090" lon="3.127680">
						<ele>1045</ele>
						<time>2026-05-03T14:44:38Z</time>
					</trkpt>
					<trkpt lat="44.828960" lon="3.127700">
						<ele>1044</ele>
						<time>2026-05-03T14:44:55Z</time>
					</trkpt>
					<trkpt lat="44.827900" lon="3.127680">
						<ele>1038</ele>
						<time>2026-05-03T14:47:17Z</time>
					</trkpt>
					<trkpt lat="44.827580" lon="3.127590">
						<ele>1036</ele>
						<time>2026-05-03T14:48:00Z</time>
					</trkpt>
					<trkpt lat="44.827200" lon="3.127410">
						<ele>1033</ele>
						<time>2026-05-03T14:48:54Z</time>
					</trkpt>
					<trkpt lat="44.826980" lon="3.127270">
						<ele>1031</ele>
						<time>2026-05-03T14:49:26Z</time>
					</trkpt>
					<trkpt lat="44.826890" lon="3.127230">
						<ele>1030</ele>
						<time>2026-05-03T14:49:39Z</time>
					</trkpt>
					<trkpt lat="44.826680" lon="3.127190">
						<ele>1029</ele>
						<time>2026-05-03T14:50:07Z</time>
					</trkpt>
					<trkpt lat="44.826460" lon="3.127160">
						<ele>1028</ele>
						<time>2026-05-03T14:50:36Z</time>
					</trkpt>
					<trkpt lat="44.826130" lon="3.127030">
						<ele>1026</ele>
						<time>2026-05-03T14:51:22Z</time>
					</trkpt>
					<trkpt lat="44.826010" lon="3.126970">
						<ele>1025</ele>
						<time>2026-05-03T14:51:39Z</time>
					</trkpt>
					<trkpt lat="44.825740" lon="3.126780">
						<ele>1024</ele>
						<time>2026-05-03T14:52:19Z</time>
					</trkpt>
					<trkpt lat="44.824680" lon="3.125880">
						<ele>1021</ele>
						<time>2026-05-03T14:55:05Z</time>
					</trkpt>
					<trkpt lat="44.824530" lon="3.125790">
						<ele>1020</ele>
						<time>2026-05-03T14:55:26Z</time>
					</trkpt>
					<trkpt lat="44.824320" lon="3.125750">
						<ele>1020</ele>
						<time>2026-05-03T14:55:55Z</time>
					</trkpt>
					<trkpt lat="44.824110" lon="3.125760">
						<ele>1019</ele>
						<time>2026-05-03T14:56:23Z</time>
					</trkpt>
					<trkpt lat="44.824010" lon="3.125780">
						<ele>1019</ele>
						<time>2026-05-03T14:56:36Z</time>
					</trkpt>
					<trkpt lat="44.823880" lon="3.125840">
						<ele>1018</ele>
						<time>2026-05-03T14:56:54Z</time>
					</trkpt>
					<trkpt lat="44.823720" lon="3.125960">
						<ele>1017</ele>
						<time>2026-05-03T14:57:19Z</time>
					</trkpt>
					<trkpt lat="44.823120" lon="3.126310">
						<ele>1011</ele>
						<time>2026-05-03T14:58:45Z</time>
					</trkpt>
					<trkpt lat="44.823020" lon="3.126360">
						<ele>1009</ele>
						<time>2026-05-03T14:58:59Z</time>
					</trkpt>
					<trkpt lat="44.822910" lon="3.126400">
						<ele>1008</ele>
						<time>2026-05-03T14:59:14Z</time>
					</trkpt>
					<trkpt lat="44.822600" lon="3.126330">
						<ele>1005</ele>
						<time>2026-05-03T14:59:56Z</time>
					</trkpt>
					<trkpt lat="44.822200" lon="3.126290">
						<ele>1003</ele>
						<time>2026-05-03T15:00:50Z</time>
					</trkpt>
					<trkpt lat="44.821840" lon="3.126290">
						<ele>1001</ele>
						<time>2026-05-03T15:01:38Z</time>
					</trkpt>
					<trkpt lat="44.821570" lon="3.126330">
						<ele>999</ele>
						<time>2026-05-03T15:02:14Z</time>
					</trkpt>
					<trkpt lat="44.821450" lon="3.126330">
						<ele>999</ele>
						<time>2026-05-03T15:02:30Z</time>
					</trkpt>
					<trkpt lat="44.821010" lon="3.126260">
						<ele>997</ele>
						<time>2026-05-03T15:03:29Z</time>
					</trkpt>
					<trkpt lat="44.820900" lon="3.126200">
						<ele>997</ele>
						<time>2026-05-03T15:03:45Z</time>
					</trkpt>
					<trkpt lat="44.820560" lon="3.125980">
						<ele>994</ele>
						<time>2026-05-03T15:04:35Z</time>
					</trkpt>
					<trkpt lat="44.820330" lon="3.125790">
						<ele>991</ele>
						<time>2026-05-03T15:05:11Z</time>
					</trkpt>
					<trkpt lat="44.820150" lon="3.125650">
						<ele>990</ele>
						<time>2026-05-03T15:05:38Z</time>
					</trkpt>
					<trkpt lat="44.819510" lon="3.125200">
						<ele>984</ele>
						<time>2026-05-03T15:07:13Z</time>
					</trkpt>
					<trkpt lat="44.818910" lon="3.124700">
						<ele>980</ele>
						<time>2026-05-03T15:08:46Z</time>
					</trkpt>
					<trkpt lat="44.818730" lon="3.124590">
						<ele>979</ele>
						<time>2026-05-03T15:09:13Z</time>
					</trkpt>
					<trkpt lat="44.818610" lon="3.124510">
						<ele>977</ele>
						<time>2026-05-03T15:09:30Z</time>
					</trkpt>
					<trkpt lat="44.818530" lon="3.124490">
						<ele>976</ele>
						<time>2026-05-03T15:09:41Z</time>
					</trkpt>
					<trkpt lat="44.818450" lon="3.124500">
						<ele>974</ele>
						<time>2026-05-03T15:09:52Z</time>
					</trkpt>
					<trkpt lat="44.818390" lon="3.124550">
						<ele>972</ele>
						<time>2026-05-03T15:10:01Z</time>
					</trkpt>
					<trkpt lat="44.818330" lon="3.124510">
						<ele>972</ele>
						<time>2026-05-03T15:10:10Z</time>
					</trkpt>
					<trkpt lat="44.818260" lon="3.124510">
						<ele>972</ele>
						<time>2026-05-03T15:10:19Z</time>
					</trkpt>
					<trkpt lat="44.817920" lon="3.124540">
						<ele>972</ele>
						<time>2026-05-03T15:11:05Z</time>
					</trkpt>
					<trkpt lat="44.817910" lon="3.124680">
						<ele>971</ele>
						<time>2026-05-03T15:11:18Z</time>
					</trkpt>
					<trkpt lat="44.817930" lon="3.124830">
						<ele>971</ele>
						<time>2026-05-03T15:11:33Z</time>
					</trkpt>
					<trkpt lat="44.817970" lon="3.125000">
						<ele>971</ele>
						<time>2026-05-03T15:11:50Z</time>
					</trkpt>
					<trkpt lat="44.818180" lon="3.125750">
						<ele>973</ele>
						<time>2026-05-03T15:13:06Z</time>
					</trkpt>
					<trkpt lat="44.818270" lon="3.126170">
						<ele>973</ele>
						<time>2026-05-03T15:13:47Z</time>
					</trkpt>
					<trkpt lat="44.818280" lon="3.126270">
						<ele>974</ele>
						<time>2026-05-03T15:13:57Z</time>
					</trkpt>
					<trkpt lat="44.818300" lon="3.126440">
						<ele>974</ele>
						<time>2026-05-03T15:14:13Z</time>
					</trkpt>
					<trkpt lat="44.818320" lon="3.126750">
						<ele>975</ele>
						<time>2026-05-03T15:14:43Z</time>
					</trkpt>
					<trkpt lat="44.818280" lon="3.127110">
						<ele>976</ele>
						<time>2026-05-03T15:15:17Z</time>
					</trkpt>
					<trkpt lat="44.818270" lon="3.127340">
						<ele>977</ele>
						<time>2026-05-03T15:15:39Z</time>
					</trkpt>
					<trkpt lat="44.818280" lon="3.127560">
						<ele>977</ele>
						<time>2026-05-03T15:16:00Z</time>
					</trkpt>
					<trkpt lat="44.818280" lon="3.127730">
						<ele>976</ele>
						<time>2026-05-03T15:16:16Z</time>
					</trkpt>
					<trkpt lat="44.818290" lon="3.127980">
						<ele>976</ele>
						<time>2026-05-03T15:16:40Z</time>
					</trkpt>
					<trkpt lat="44.818300" lon="3.128090">
						<ele>975</ele>
						<time>2026-05-03T15:16:50Z</time>
					</trkpt>
					<trkpt lat="44.818350" lon="3.128320">
						<ele>974</ele>
						<time>2026-05-03T15:17:13Z</time>
					</trkpt>
					<trkpt lat="44.818460" lon="3.128540">
						<ele>976</ele>
						<time>2026-05-03T15:17:38Z</time>
					</trkpt>
					<trkpt lat="44.818580" lon="3.128630">
						<ele>976</ele>
						<time>2026-05-03T15:17:57Z</time>
					</trkpt>
					<trkpt lat="44.818530" lon="3.128710">
						<ele>977</ele>
						<time>2026-05-03T15:18:07Z</time>
					</trkpt>
					<trkpt lat="44.818360" lon="3.128970">
						<ele>979</ele>
						<time>2026-05-03T15:18:40Z</time>
					</trkpt>
					<trkpt lat="44.818120" lon="3.129340">
						<ele>984</ele>
						<time>2026-05-03T15:19:28Z</time>
					</trkpt>
					<trkpt lat="44.817830" lon="3.129810">
						<ele>987</ele>
						<time>2026-05-03T15:20:27Z</time>
					</trkpt>
					<trkpt lat="44.817780" lon="3.130000">
						<ele>988</ele>
						<time>2026-05-03T15:20:46Z</time>
					</trkpt>
					<trkpt lat="44.817760" lon="3.130160">
						<ele>988</ele>
						<time>2026-05-03T15:21:01Z</time>
					</trkpt>
					<trkpt lat="44.817790" lon="3.130190">
						<ele>989</ele>
						<time>2026-05-03T15:21:06Z</time>
					</trkpt>
					<trkpt lat="44.817880" lon="3.130350">
						<ele>990</ele>
						<time>2026-05-03T15:21:25Z</time>
					</trkpt>
					<trkpt lat="44.817920" lon="3.130460">
						<ele>991</ele>
						<time>2026-05-03T15:21:37Z</time>
					</trkpt>
					<trkpt lat="44.817930" lon="3.130770">
						<ele>994</ele>
						<time>2026-05-03T15:22:06Z</time>
					</trkpt>
					<trkpt lat="44.817990" lon="3.131120">
						<ele>996</ele>
						<time>2026-05-03T15:22:41Z</time>
					</trkpt>
					<trkpt lat="44.818080" lon="3.131360">
						<ele>998</ele>
						<time>2026-05-03T15:23:06Z</time>
					</trkpt>
					<trkpt lat="44.818210" lon="3.131570">
						<ele>1001</ele>
						<time>2026-05-03T15:23:33Z</time>
					</trkpt>
					<trkpt lat="44.818310" lon="3.131710">
						<ele>1003</ele>
						<time>2026-05-03T15:23:51Z</time>
					</trkpt>
					<trkpt lat="44.818400" lon="3.132010">
						<ele>1002</ele>
						<time>2026-05-03T15:24:22Z</time>
					</trkpt>
					<trkpt lat="44.818470" lon="3.132160">
						<ele>1003</ele>
						<time>2026-05-03T15:24:39Z</time>
					</trkpt>
					<trkpt lat="44.818770" lon="3.132800">
						<ele>1007</ele>
						<time>2026-05-03T15:25:52Z</time>
					</trkpt>
					<trkpt lat="44.818830" lon="3.133010">
						<ele>1008</ele>
						<time>2026-05-03T15:26:13Z</time>
					</trkpt>
					<trkpt lat="44.818830" lon="3.133130">
						<ele>1008</ele>
						<time>2026-05-03T15:26:25Z</time>
					</trkpt>
					<trkpt lat="44.818800" lon="3.133280">
						<ele>1008</ele>
						<time>2026-05-03T15:26:39Z</time>
					</trkpt>
					<trkpt lat="44.818740" lon="3.133470">
						<ele>1009</ele>
						<time>2026-05-03T15:26:59Z</time>
					</trkpt>
					<trkpt lat="44.818520" lon="3.133910">
						<ele>1011</ele>
						<time>2026-05-03T15:27:50Z</time>
					</trkpt>
					<trkpt lat="44.818400" lon="3.134090">
						<ele>1011</ele>
						<time>2026-05-03T15:28:13Z</time>
					</trkpt>
					<trkpt lat="44.818270" lon="3.134240">
						<ele>1011</ele>
						<time>2026-05-03T15:28:36Z</time>
					</trkpt>
					<trkpt lat="44.818160" lon="3.134470">
						<ele>1013</ele>
						<time>2026-05-03T15:29:02Z</time>
					</trkpt>
					<trkpt lat="44.818110" lon="3.134660">
						<ele>1015</ele>
						<time>2026-05-03T15:29:21Z</time>
					</trkpt>
					<trkpt lat="44.818060" lon="3.134780">
						<ele>1016</ele>
						<time>2026-05-03T15:29:34Z</time>
					</trkpt>
					<trkpt lat="44.817800" lon="3.135230">
						<ele>1020</ele>
						<time>2026-05-03T15:30:29Z</time>
					</trkpt>
					<trkpt lat="44.817640" lon="3.135540">
						<ele>1022</ele>
						<time>2026-05-03T15:31:06Z</time>
					</trkpt>
					<trkpt lat="44.817420" lon="3.135990">
						<ele>1025</ele>
						<time>2026-05-03T15:31:57Z</time>
					</trkpt>
					<trkpt lat="44.817340" lon="3.136230">
						<ele>1027</ele>
						<time>2026-05-03T15:32:23Z</time>
					</trkpt>
					<trkpt lat="44.817290" lon="3.136420">
						<ele>1028</ele>
						<time>2026-05-03T15:32:42Z</time>
					</trkpt>
					<trkpt lat="44.817270" lon="3.136560">
						<ele>1029</ele>
						<time>2026-05-03T15:32:55Z</time>
					</trkpt>
					<trkpt lat="44.817270" lon="3.136810">
						<ele>1032</ele>
						<time>2026-05-03T15:33:19Z</time>
					</trkpt>
					<trkpt lat="44.817260" lon="3.136900">
						<ele>1033</ele>
						<time>2026-05-03T15:33:28Z</time>
					</trkpt>
					<trkpt lat="44.817200" lon="3.137010">
						<ele>1034</ele>
						<time>2026-05-03T15:33:41Z</time>
					</trkpt>
					<trkpt lat="44.817110" lon="3.137140">
						<ele>1035</ele>
						<time>2026-05-03T15:33:58Z</time>
					</trkpt>
					<trkpt lat="44.816910" lon="3.137380">
						<ele>1037</ele>
						<time>2026-05-03T15:34:33Z</time>
					</trkpt>
					<trkpt lat="44.816600" lon="3.137780">
						<ele>1041</ele>
						<time>2026-05-03T15:35:29Z</time>
					</trkpt>
					<trkpt lat="44.816300" lon="3.138120">
						<ele>1046</ele>
						<time>2026-05-03T15:36:20Z</time>
					</trkpt>
					<trkpt lat="44.816140" lon="3.138280">
						<ele>1048</ele>
						<time>2026-05-03T15:36:47Z</time>
					</trkpt>
					<trkpt lat="44.815760" lon="3.138600">
						<ele>1052</ele>
						<time>2026-05-03T15:37:46Z</time>
					</trkpt>
					<trkpt lat="44.815720" lon="3.138710">
						<ele>1053</ele>
						<time>2026-05-03T15:37:57Z</time>
					</trkpt>
					<trkpt lat="44.815730" lon="3.138930">
						<ele>1055</ele>
						<time>2026-05-03T15:38:18Z</time>
					</trkpt>
					<trkpt lat="44.815780" lon="3.139210">
						<ele>1058</ele>
						<time>2026-05-03T15:38:45Z</time>
					</trkpt>
					<trkpt lat="44.815820" lon="3.139550">
						<ele>1060</ele>
						<time>2026-05-03T15:39:18Z</time>
					</trkpt>
					<trkpt lat="44.815820" lon="3.139770">
						<ele>1062</ele>
						<time>2026-05-03T15:39:39Z</time>
					</trkpt>
					<trkpt lat="44.815790" lon="3.139950">
						<ele>1062</ele>
						<time>2026-05-03T15:39:56Z</time>
					</trkpt>
					<trkpt lat="44.815870" lon="3.140560">
						<ele>1068</ele>
						<time>2026-05-03T15:40:55Z</time>
					</trkpt>
					<trkpt lat="44.815880" lon="3.140730">
						<ele>1069</ele>
						<time>2026-05-03T15:41:11Z</time>
					</trkpt>
					<trkpt lat="44.815850" lon="3.140880">
						<ele>1070</ele>
						<time>2026-05-03T15:41:26Z</time>
					</trkpt>
					<trkpt lat="44.815590" lon="3.141320">
						<ele>1070</ele>
						<time>2026-05-03T15:42:20Z</time>
					</trkpt>
					<trkpt lat="44.815310" lon="3.141820">
						<ele>1071</ele>
						<time>2026-05-03T15:43:21Z</time>
					</trkpt>
					<trkpt lat="44.815260" lon="3.141960">
						<ele>1072</ele>
						<time>2026-05-03T15:43:35Z</time>
					</trkpt>
					<trkpt lat="44.815200" lon="3.142430">
						<ele>1076</ele>
						<time>2026-05-03T15:44:21Z</time>
					</trkpt>
					<trkpt lat="44.815010" lon="3.143460">
						<ele>1084</ele>
						<time>2026-05-03T15:46:01Z</time>
					</trkpt>
					<trkpt lat="44.814730" lon="3.144330">
						<ele>1089</ele>
						<time>2026-05-03T15:47:32Z</time>
					</trkpt>
					<trkpt lat="44.814510" lon="3.144870">
						<ele>1092</ele>
						<time>2026-05-03T15:48:31Z</time>
					</trkpt>
					<trkpt lat="44.814330" lon="3.145740">
						<ele>1098</ele>
						<time>2026-05-03T15:49:57Z</time>
					</trkpt>
					<trkpt lat="44.814320" lon="3.146020">
						<ele>1100</ele>
						<time>2026-05-03T15:50:23Z</time>
					</trkpt>
					<trkpt lat="44.814330" lon="3.146480">
						<ele>1105</ele>
						<time>2026-05-03T15:51:07Z</time>
					</trkpt>
					<trkpt lat="44.814320" lon="3.146860">
						<ele>1109</ele>
						<time>2026-05-03T15:51:43Z</time>
					</trkpt>
					<trkpt lat="44.814270" lon="3.147280">
						<ele>1114</ele>
						<time>2026-05-03T15:52:23Z</time>
					</trkpt>
					<trkpt lat="44.814220" lon="3.147610">
						<ele>1118</ele>
						<time>2026-05-03T15:52:55Z</time>
					</trkpt>
					<trkpt lat="44.814190" lon="3.147720">
						<ele>1118</ele>
						<time>2026-05-03T15:53:06Z</time>
					</trkpt>
					<trkpt lat="44.814180" lon="3.148600">
						<ele>1122</ele>
						<time>2026-05-03T15:54:29Z</time>
					</trkpt>
					<trkpt lat="44.814090" lon="3.149560">
						<ele>1126</ele>
						<time>2026-05-03T15:56:01Z</time>
					</trkpt>
					<trkpt lat="44.814000" lon="3.150680">
						<ele>1127</ele>
						<time>2026-05-03T15:57:48Z</time>
					</trkpt>
					<trkpt lat="44.813900" lon="3.151260">
						<ele>1132</ele>
						<time>2026-05-03T15:58:44Z</time>
					</trkpt>
					<trkpt lat="44.813870" lon="3.152140">
						<ele>1138</ele>
						<time>2026-05-03T16:00:08Z</time>
					</trkpt>
					<trkpt lat="44.813770" lon="3.153520">
						<ele>1146</ele>
						<time>2026-05-03T16:02:19Z</time>
					</trkpt>
					<trkpt lat="44.813640" lon="3.153880">
						<ele>1148</ele>
						<time>2026-05-03T16:02:57Z</time>
					</trkpt>
					<trkpt lat="44.813140" lon="3.155320">
						<ele>1153</ele>
						<time>2026-05-03T16:05:29Z</time>
					</trkpt>
					<trkpt lat="44.813070" lon="3.155540">
						<ele>1153</ele>
						<time>2026-05-03T16:05:52Z</time>
					</trkpt>
					<trkpt lat="44.812580" lon="3.156600">
						<ele>1148</ele>
						<time>2026-05-03T16:07:52Z</time>
					</trkpt>
					<trkpt lat="44.812360" lon="3.157000">
						<ele>1143</ele>
						<time>2026-05-03T16:08:40Z</time>
					</trkpt>
					<trkpt lat="44.812250" lon="3.157070">
						<ele>1142</ele>
						<time>2026-05-03T16:08:56Z</time>
					</trkpt>
					<trkpt lat="44.811940" lon="3.157120">
						<ele>1141</ele>
						<time>2026-05-03T16:09:37Z</time>
					</trkpt>
					<trkpt lat="44.811800" lon="3.157170">
						<ele>1139</ele>
						<time>2026-05-03T16:09:57Z</time>
					</trkpt>
					<trkpt lat="44.811770" lon="3.157290">
						<ele>1138</ele>
						<time>2026-05-03T16:10:09Z</time>
					</trkpt>
					<trkpt lat="44.811790" lon="3.157480">
						<ele>1136</ele>
						<time>2026-05-03T16:10:27Z</time>
					</trkpt>
					<trkpt lat="44.812040" lon="3.157990">
						<ele>1134</ele>
						<time>2026-05-03T16:11:25Z</time>
					</trkpt>
					<trkpt lat="44.812130" lon="3.158300">
						<ele>1132</ele>
						<time>2026-05-03T16:11:57Z</time>
					</trkpt>
					<trkpt lat="44.812110" lon="3.158660">
						<ele>1132</ele>
						<time>2026-05-03T16:12:31Z</time>
					</trkpt>
					<trkpt lat="44.812010" lon="3.158960">
						<ele>1132</ele>
						<time>2026-05-03T16:13:03Z</time>
					</trkpt>
					<trkpt lat="44.811940" lon="3.159010">
						<ele>1132</ele>
						<time>2026-05-03T16:13:13Z</time>
					</trkpt>
					<trkpt lat="44.811730" lon="3.159010">
						<ele>1132</ele>
						<time>2026-05-03T16:13:41Z</time>
					</trkpt>
					<trkpt lat="44.811660" lon="3.159060">
						<ele>1132</ele>
						<time>2026-05-03T16:13:52Z</time>
					</trkpt>
					<trkpt lat="44.811630" lon="3.159180">
						<ele>1132</ele>
						<time>2026-05-03T16:14:04Z</time>
					</trkpt>
					<trkpt lat="44.811660" lon="3.159600">
						<ele>1134</ele>
						<time>2026-05-03T16:14:44Z</time>
					</trkpt>
					<trkpt lat="44.811700" lon="3.159920">
						<ele>1134</ele>
						<time>2026-05-03T16:15:14Z</time>
					</trkpt>
					<trkpt lat="44.811810" lon="3.160130">
						<ele>1133</ele>
						<time>2026-05-03T16:15:39Z</time>
					</trkpt>
					<trkpt lat="44.812040" lon="3.160420">
						<ele>1129</ele>
						<time>2026-05-03T16:16:20Z</time>
					</trkpt>
					<trkpt lat="44.812300" lon="3.160860">
						<ele>1125</ele>
						<time>2026-05-03T16:17:15Z</time>
					</trkpt>
					<trkpt lat="44.812340" lon="3.161000">
						<ele>1124</ele>
						<time>2026-05-03T16:17:29Z</time>
					</trkpt>
					<trkpt lat="44.812270" lon="3.161670">
						<ele>1126</ele>
						<time>2026-05-03T16:18:33Z</time>
					</trkpt>
					<trkpt lat="44.812170" lon="3.162320">
						<ele>1124</ele>
						<time>2026-05-03T16:19:36Z</time>
					</trkpt>
					<trkpt lat="44.812200" lon="3.162350">
						<ele>1124</ele>
						<time>2026-05-03T16:19:41Z</time>
					</trkpt>
					<trkpt lat="44.812230" lon="3.162550">
						<ele>1123</ele>
						<time>2026-05-03T16:20:00Z</time>
					</trkpt>
					<trkpt lat="44.812210" lon="3.162930">
						<ele>1123</ele>
						<time>2026-05-03T16:20:36Z</time>
					</trkpt>
					<trkpt lat="44.812250" lon="3.163330">
						<ele>1122</ele>
						<time>2026-05-03T16:21:15Z</time>
					</trkpt>
					<trkpt lat="44.812510" lon="3.165180">
						<ele>1129</ele>
						<time>2026-05-03T16:24:13Z</time>
					</trkpt>
					<trkpt lat="44.812550" lon="3.165540">
						<ele>1131</ele>
						<time>2026-05-03T16:24:48Z</time>
					</trkpt>
					<trkpt lat="44.812590" lon="3.165700">
						<ele>1132</ele>
						<time>2026-05-03T16:25:04Z</time>
					</trkpt>
					<trkpt lat="44.812620" lon="3.165820">
						<ele>1133</ele>
						<time>2026-05-03T16:25:16Z</time>
					</trkpt>
					<trkpt lat="44.812790" lon="3.166180">
						<ele>1137</ele>
						<time>2026-05-03T16:25:57Z</time>
					</trkpt>
					<trkpt lat="44.812900" lon="3.166530">
						<ele>1140</ele>
						<time>2026-05-03T16:26:33Z</time>
					</trkpt>
					<trkpt lat="44.812960" lon="3.166780">
						<ele>1141</ele>
						<time>2026-05-03T16:26:58Z</time>
					</trkpt>
					<trkpt lat="44.813020" lon="3.166780">
						<ele>1142</ele>
						<time>2026-05-03T16:27:06Z</time>
					</trkpt>
					<trkpt lat="44.813180" lon="3.166850">
						<ele>1143</ele>
						<time>2026-05-03T16:27:28Z</time>
					</trkpt>
					<trkpt lat="44.813290" lon="3.166980">
						<ele>1144</ele>
						<time>2026-05-03T16:27:47Z</time>
					</trkpt>
					<trkpt lat="44.813110" lon="3.167310">
						<ele>1141</ele>
						<time>2026-05-03T16:28:27Z</time>
					</trkpt>
					<trkpt lat="44.813090" lon="3.167790">
						<ele>1139</ele>
						<time>2026-05-03T16:29:12Z</time>
					</trkpt>
					<trkpt lat="44.813030" lon="3.168100">
						<ele>1136</ele>
						<time>2026-05-03T16:29:43Z</time>
					</trkpt>
					<trkpt lat="44.813010" lon="3.168150">
						<ele>1136</ele>
						<time>2026-05-03T16:29:48Z</time>
					</trkpt>
					<trkpt lat="44.812980" lon="3.168230">
						<ele>1136</ele>
						<time>2026-05-03T16:29:57Z</time>
					</trkpt>
					<trkpt lat="44.812870" lon="3.168320">
						<ele>1135</ele>
						<time>2026-05-03T16:30:14Z</time>
					</trkpt>
					<trkpt lat="44.812690" lon="3.168400">
						<ele>1135</ele>
						<time>2026-05-03T16:30:39Z</time>
					</trkpt>
					<trkpt lat="44.812570" lon="3.168400">
						<ele>1135</ele>
						<time>2026-05-03T16:30:55Z</time>
					</trkpt>
					<trkpt lat="44.812410" lon="3.168260">
						<ele>1135</ele>
						<time>2026-05-03T16:31:20Z</time>
					</trkpt>
					<trkpt lat="44.812380" lon="3.168210">
						<ele>1135</ele>
						<time>2026-05-03T16:31:26Z</time>
					</trkpt>
					<trkpt lat="44.812300" lon="3.168470">
						<ele>1133</ele>
						<time>2026-05-03T16:31:53Z</time>
					</trkpt>
					<trkpt lat="44.812200" lon="3.168830">
						<ele>1131</ele>
						<time>2026-05-03T16:32:30Z</time>
					</trkpt>
					<trkpt lat="44.812180" lon="3.168980">
						<ele>1130</ele>
						<time>2026-05-03T16:32:44Z</time>
					</trkpt>
					<trkpt lat="44.812210" lon="3.169190">
						<ele>1129</ele>
						<time>2026-05-03T16:33:04Z</time>
					</trkpt>
					<trkpt lat="44.812260" lon="3.169400">
						<ele>1129</ele>
						<time>2026-05-03T16:33:25Z</time>
					</trkpt>
					<trkpt lat="44.812530" lon="3.170050">
						<ele>1127</ele>
						<time>2026-05-03T16:34:37Z</time>
					</trkpt>
					<trkpt lat="44.812590" lon="3.170220">
						<ele>1126</ele>
						<time>2026-05-03T16:34:55Z</time>
					</trkpt>
					<trkpt lat="44.812620" lon="3.170370">
						<ele>1126</ele>
						<time>2026-05-03T16:35:09Z</time>
					</trkpt>
					<trkpt lat="44.812620" lon="3.170510">
						<ele>1125</ele>
						<time>2026-05-03T16:35:23Z</time>
					</trkpt>
					<trkpt lat="44.812570" lon="3.171040">
						<ele>1122</ele>
						<time>2026-05-03T16:36:13Z</time>
					</trkpt>
					<trkpt lat="44.812570" lon="3.171290">
						<ele>1121</ele>
						<time>2026-05-03T16:36:37Z</time>
					</trkpt>
					<trkpt lat="44.812690" lon="3.171630">
						<ele>1119</ele>
						<time>2026-05-03T16:37:13Z</time>
					</trkpt>
					<trkpt lat="44.812910" lon="3.171850">
						<ele>1118</ele>
						<time>2026-05-03T16:37:49Z</time>
					</trkpt>
					<trkpt lat="44.813420" lon="3.172410">
						<ele>1115</ele>
						<time>2026-05-03T16:39:15Z</time>
					</trkpt>
					<trkpt lat="44.813900" lon="3.172980">
						<ele>1114</ele>
						<time>2026-05-03T16:40:39Z</time>
					</trkpt>
					<trkpt lat="44.814080" lon="3.173300">
						<ele>1114</ele>
						<time>2026-05-03T16:41:18Z</time>
					</trkpt>
					<trkpt lat="44.813900" lon="3.173540">
						<ele>1114</ele>
						<time>2026-05-03T16:41:51Z</time>
					</trkpt>
					<trkpt lat="44.813750" lon="3.173680">
						<ele>1114</ele>
						<time>2026-05-03T16:42:15Z</time>
					</trkpt>
					<trkpt lat="44.813610" lon="3.173830">
						<ele>1114</ele>
						<time>2026-05-03T16:42:38Z</time>
					</trkpt>
					<trkpt lat="44.813450" lon="3.173960">
						<ele>1114</ele>
						<time>2026-05-03T16:43:03Z</time>
					</trkpt>
					<trkpt lat="44.813290" lon="3.174060">
						<ele>1114</ele>
						<time>2026-05-03T16:43:26Z</time>
					</trkpt>
					<trkpt lat="44.813190" lon="3.174230">
						<ele>1113</ele>
						<time>2026-05-03T16:43:47Z</time>
					</trkpt>
					<trkpt lat="44.813070" lon="3.174470">
						<ele>1112</ele>
						<time>2026-05-03T16:44:15Z</time>
					</trkpt>
					<trkpt lat="44.812980" lon="3.174540">
						<ele>1112</ele>
						<time>2026-05-03T16:44:28Z</time>
					</trkpt>
					<trkpt lat="44.812930" lon="3.174560">
						<ele>1112</ele>
						<time>2026-05-03T16:44:35Z</time>
					</trkpt>
					<trkpt lat="44.812920" lon="3.174750">
						<ele>1111</ele>
						<time>2026-05-03T16:44:53Z</time>
					</trkpt>
					<trkpt lat="44.812890" lon="3.174870">
						<ele>1111</ele>
						<time>2026-05-03T16:45:06Z</time>
					</trkpt>
					<trkpt lat="44.812890" lon="3.174870">
						<ele>1111</ele>
						<time>2026-05-03T16:45:06Z</time>
					</trkpt>
					<trkpt lat="44.812900" lon="3.175200">
						<ele>1109</ele>
						<time>2026-05-03T16:45:37Z</time>
					</trkpt>
					<trkpt lat="44.812870" lon="3.175780">
						<ele>1103</ele>
						<time>2026-05-03T16:46:32Z</time>
					</trkpt>
					<trkpt lat="44.812830" lon="3.176230">
						<ele>1096</ele>
						<time>2026-05-03T16:47:15Z</time>
					</trkpt>
					<trkpt lat="44.812740" lon="3.176880">
						<ele>1087</ele>
						<time>2026-05-03T16:48:17Z</time>
					</trkpt>
					<trkpt lat="44.812690" lon="3.177150">
						<ele>1084</ele>
						<time>2026-05-03T16:48:44Z</time>
					</trkpt>
					<trkpt lat="44.812680" lon="3.177390">
						<ele>1081</ele>
						<time>2026-05-03T16:49:07Z</time>
					</trkpt>
					<trkpt lat="44.812690" lon="3.177680">
						<ele>1080</ele>
						<time>2026-05-03T16:49:34Z</time>
					</trkpt>
					<trkpt lat="44.812730" lon="3.178050">
						<ele>1079</ele>
						<time>2026-05-03T16:50:10Z</time>
					</trkpt>
					<trkpt lat="44.812730" lon="3.178180">
						<ele>1079</ele>
						<time>2026-05-03T16:50:22Z</time>
					</trkpt>
					<trkpt lat="44.812730" lon="3.178180">
						<ele>1079</ele>
						<time>2026-05-03T16:50:22Z</time>
					</trkpt>
					<trkpt lat="44.812730" lon="3.178400">
						<ele>1080</ele>
						<time>2026-05-03T16:50:43Z</time>
					</trkpt>
					<trkpt lat="44.812970" lon="3.178770">
						<ele>1079</ele>
						<time>2026-05-03T16:51:30Z</time>
					</trkpt>
					<trkpt lat="44.813200" lon="3.179170">
						<ele>1078</ele>
						<time>2026-05-03T16:52:19Z</time>
					</trkpt>
					<trkpt lat="44.813400" lon="3.179580">
						<ele>1078</ele>
						<time>2026-05-03T16:53:06Z</time>
					</trkpt>
					<trkpt lat="44.813510" lon="3.180030">
						<ele>1080</ele>
						<time>2026-05-03T16:53:51Z</time>
					</trkpt>
					<trkpt lat="44.813640" lon="3.180370">
						<ele>1078</ele>
						<time>2026-05-03T16:54:28Z</time>
					</trkpt>
					<trkpt lat="44.813680" lon="3.180620">
						<ele>1077</ele>
						<time>2026-05-03T16:54:52Z</time>
					</trkpt>
					<trkpt lat="44.813680" lon="3.180980">
						<ele>1077</ele>
						<time>2026-05-03T16:55:26Z</time>
					</trkpt>
					<trkpt lat="44.813630" lon="3.181410">
						<ele>1076</ele>
						<time>2026-05-03T16:56:07Z</time>
					</trkpt>
					<trkpt lat="44.813550" lon="3.181780">
						<ele>1076</ele>
						<time>2026-05-03T16:56:44Z</time>
					</trkpt>
					<trkpt lat="44.813520" lon="3.182100">
						<ele>1076</ele>
						<time>2026-05-03T16:57:14Z</time>
					</trkpt>
					<trkpt lat="44.813530" lon="3.182260">
						<ele>1076</ele>
						<time>2026-05-03T16:57:30Z</time>
					</trkpt>
					<trkpt lat="44.813590" lon="3.182550">
						<ele>1076</ele>
						<time>2026-05-03T16:57:58Z</time>
					</trkpt>
					<trkpt lat="44.813640" lon="3.182950">
						<ele>1075</ele>
						<time>2026-05-03T16:58:37Z</time>
					</trkpt>
					<trkpt lat="44.813640" lon="3.183260">
						<ele>1075</ele>
						<time>2026-05-03T16:59:06Z</time>
					</trkpt>
					<trkpt lat="44.813670" lon="3.183370">
						<ele>1075</ele>
						<time>2026-05-03T16:59:17Z</time>
					</trkpt>
					<trkpt lat="44.813720" lon="3.183460">
						<ele>1074</ele>
						<time>2026-05-03T16:59:28Z</time>
					</trkpt>
					<trkpt lat="44.813700" lon="3.183620">
						<ele>1074</ele>
						<time>2026-05-03T16:59:43Z</time>
					</trkpt>
					<trkpt lat="44.813600" lon="3.183760">
						<ele>1074</ele>
						<time>2026-05-03T17:00:02Z</time>
					</trkpt>
					<trkpt lat="44.813490" lon="3.183980">
						<ele>1075</ele>
						<time>2026-05-03T17:00:28Z</time>
					</trkpt>
					<trkpt lat="44.813410" lon="3.184320">
						<ele>1075</ele>
						<time>2026-05-03T17:01:02Z</time>
					</trkpt>
					<trkpt lat="44.813390" lon="3.184630">
						<ele>1076</ele>
						<time>2026-05-03T17:01:31Z</time>
					</trkpt>
					<trkpt lat="44.813460" lon="3.185340">
						<ele>1077</ele>
						<time>2026-05-03T17:02:39Z</time>
					</trkpt>
					<trkpt lat="44.813570" lon="3.185980">
						<ele>1078</ele>
						<time>2026-05-03T17:03:41Z</time>
					</trkpt>
					<trkpt lat="44.813660" lon="3.186620">
						<ele>1079</ele>
						<time>2026-05-03T17:04:43Z</time>
					</trkpt>
					<trkpt lat="44.813900" lon="3.188310">
						<ele>1082</ele>
						<time>2026-05-03T17:07:26Z</time>
					</trkpt>
					<trkpt lat="44.813940" lon="3.188450">
						<ele>1082</ele>
						<time>2026-05-03T17:07:40Z</time>
					</trkpt>
					<trkpt lat="44.813940" lon="3.188450">
						<ele>1082</ele>
						<time>2026-05-03T17:07:40Z</time>
					</trkpt>
					<trkpt lat="44.814060" lon="3.188920">
						<ele>1082</ele>
						<time>2026-05-03T17:08:28Z</time>
					</trkpt>
					<trkpt lat="44.814220" lon="3.189330">
						<ele>1082</ele>
						<time>2026-05-03T17:09:12Z</time>
					</trkpt>
					<trkpt lat="44.814440" lon="3.189810">
						<ele>1081</ele>
						<time>2026-05-03T17:10:06Z</time>
					</trkpt>
					<trkpt lat="44.814590" lon="3.190240">
						<ele>1079</ele>
						<time>2026-05-03T17:10:51Z</time>
					</trkpt>
					<trkpt lat="44.814670" lon="3.190650">
						<ele>1077</ele>
						<time>2026-05-03T17:11:32Z</time>
					</trkpt>
					<trkpt lat="44.814820" lon="3.191030">
						<ele>1075</ele>
						<time>2026-05-03T17:12:13Z</time>
					</trkpt>
					<trkpt lat="44.814980" lon="3.191320">
						<ele>1072</ele>
						<time>2026-05-03T17:12:48Z</time>
					</trkpt>
					<trkpt lat="44.815270" lon="3.191830">
						<ele>1068</ele>
						<time>2026-05-03T17:13:50Z</time>
					</trkpt>
					<trkpt lat="44.815460" lon="3.192230">
						<ele>1067</ele>
						<time>2026-05-03T17:14:35Z</time>
					</trkpt>
					<trkpt lat="44.815780" lon="3.192840">
						<ele>1068</ele>
						<time>2026-05-03T17:15:47Z</time>
					</trkpt>
					<trkpt lat="44.816090" lon="3.193610">
						<ele>1067</ele>
						<time>2026-05-03T17:17:11Z</time>
					</trkpt>
					<trkpt lat="44.816520" lon="3.194770">
						<ele>1062</ele>
						<time>2026-05-03T17:19:15Z</time>
					</trkpt>
					<trkpt lat="44.816680" lon="3.195080">
						<ele>1061</ele>
						<time>2026-05-03T17:19:51Z</time>
					</trkpt>
					<trkpt lat="44.816900" lon="3.195820">
						<ele>1057</ele>
						<time>2026-05-03T17:21:07Z</time>
					</trkpt>
					<trkpt lat="44.817020" lon="3.196480">
						<ele>1054</ele>
						<time>2026-05-03T17:22:11Z</time>
					</trkpt>
					<trkpt lat="44.817170" lon="3.197230">
						<ele>1052</ele>
						<time>2026-05-03T17:23:25Z</time>
					</trkpt>
					<trkpt lat="44.817260" lon="3.197800">
						<ele>1051</ele>
						<time>2026-05-03T17:24:20Z</time>
					</trkpt>
					<trkpt lat="44.817150" lon="3.198160">
						<ele>1050</ele>
						<time>2026-05-03T17:24:58Z</time>
					</trkpt>
					<trkpt lat="44.817100" lon="3.198450">
						<ele>1050</ele>
						<time>2026-05-03T17:25:26Z</time>
					</trkpt>
					<trkpt lat="44.817020" lon="3.198800">
						<ele>1052</ele>
						<time>2026-05-03T17:26:01Z</time>
					</trkpt>
					<trkpt lat="44.816940" lon="3.199010">
						<ele>1054</ele>
						<time>2026-05-03T17:26:23Z</time>
					</trkpt>
					<trkpt lat="44.816800" lon="3.199210">
						<ele>1057</ele>
						<time>2026-05-03T17:26:50Z</time>
					</trkpt>
					<trkpt lat="44.816660" lon="3.199310">
						<ele>1059</ele>
						<time>2026-05-03T17:27:11Z</time>
					</trkpt>
					<trkpt lat="44.816220" lon="3.199550">
						<ele>1063</ele>
						<time>2026-05-03T17:28:14Z</time>
					</trkpt>
					<trkpt lat="44.815880" lon="3.199760">
						<ele>1066</ele>
						<time>2026-05-03T17:29:03Z</time>
					</trkpt>
					<trkpt lat="44.815690" lon="3.199930">
						<ele>1067</ele>
						<time>2026-05-03T17:29:33Z</time>
					</trkpt>
					<trkpt lat="44.815640" lon="3.199980">
						<ele>1068</ele>
						<time>2026-05-03T17:29:41Z</time>
					</trkpt>
					<trkpt lat="44.815430" lon="3.200230">
						<ele>1068</ele>
						<time>2026-05-03T17:30:18Z</time>
					</trkpt>
					<trkpt lat="44.815240" lon="3.200400">
						<ele>1069</ele>
						<time>2026-05-03T17:30:48Z</time>
					</trkpt>
					<trkpt lat="44.815190" lon="3.200680">
						<ele>1069</ele>
						<time>2026-05-03T17:31:15Z</time>
					</trkpt>
					<trkpt lat="44.815110" lon="3.200770">
						<ele>1070</ele>
						<time>2026-05-03T17:31:29Z</time>
					</trkpt>
					<trkpt lat="44.815100" lon="3.201060">
						<ele>1069</ele>
						<time>2026-05-03T17:31:57Z</time>
					</trkpt>
					<trkpt lat="44.814920" lon="3.202300">
						<ele>1067</ele>
						<time>2026-05-03T17:33:56Z</time>
					</trkpt>
					<trkpt lat="44.814770" lon="3.203060">
						<ele>1067</ele>
						<time>2026-05-03T17:35:11Z</time>
					</trkpt>
					<trkpt lat="44.814540" lon="3.203900">
						<ele>1067</ele>
						<time>2026-05-03T17:36:36Z</time>
					</trkpt>
					<trkpt lat="44.814440" lon="3.204170">
						<ele>1067</ele>
						<time>2026-05-03T17:37:05Z</time>
					</trkpt>
					<trkpt lat="44.814340" lon="3.204430">
						<ele>1067</ele>
						<time>2026-05-03T17:37:33Z</time>
					</trkpt>
					<trkpt lat="44.814050" lon="3.205070">
						<ele>1065</ele>
						<time>2026-05-03T17:38:45Z</time>
					</trkpt>
					<trkpt lat="44.813990" lon="3.205320">
						<ele>1065</ele>
						<time>2026-05-03T17:39:10Z</time>
					</trkpt>
					<trkpt lat="44.813900" lon="3.205890">
						<ele>1064</ele>
						<time>2026-05-03T17:40:05Z</time>
					</trkpt>
					<trkpt lat="44.813780" lon="3.206320">
						<ele>1063</ele>
						<time>2026-05-03T17:40:49Z</time>
					</trkpt>
					<trkpt lat="44.813480" lon="3.207350">
						<ele>1059</ele>
						<time>2026-05-03T17:42:34Z</time>
					</trkpt>
					<trkpt lat="44.813410" lon="3.207530">
						<ele>1058</ele>
						<time>2026-05-03T17:42:54Z</time>
					</trkpt>
					<trkpt lat="44.813390" lon="3.207810">
						<ele>1058</ele>
						<time>2026-05-03T17:43:21Z</time>
					</trkpt>
					<trkpt lat="44.813400" lon="3.208690">
						<ele>1056</ele>
						<time>2026-05-03T17:44:44Z</time>
					</trkpt>
					<trkpt lat="44.813390" lon="3.209360">
						<ele>1056</ele>
						<time>2026-05-03T17:45:47Z</time>
					</trkpt>
					<trkpt lat="44.813330" lon="3.209940">
						<ele>1055</ele>
						<time>2026-05-03T17:46:43Z</time>
					</trkpt>
					<trkpt lat="44.813140" lon="3.211510">
						<ele>1052</ele>
						<time>2026-05-03T17:49:14Z</time>
					</trkpt>
					<trkpt lat="44.813120" lon="3.211890">
						<ele>1051</ele>
						<time>2026-05-03T17:49:50Z</time>
					</trkpt>
					<trkpt lat="44.813140" lon="3.212230">
						<ele>1050</ele>
						<time>2026-05-03T17:50:22Z</time>
					</trkpt>
					<trkpt lat="44.813210" lon="3.212810">
						<ele>1048</ele>
						<time>2026-05-03T17:51:18Z</time>
					</trkpt>
					<trkpt lat="44.813260" lon="3.213300">
						<ele>1047</ele>
						<time>2026-05-03T17:52:04Z</time>
					</trkpt>
					<trkpt lat="44.813340" lon="3.213670">
						<ele>1046</ele>
						<time>2026-05-03T17:52:41Z</time>
					</trkpt>
					<trkpt lat="44.813490" lon="3.214200">
						<ele>1045</ele>
						<time>2026-05-03T17:53:35Z</time>
					</trkpt>
					<trkpt lat="44.813500" lon="3.214430">
						<ele>1045</ele>
						<time>2026-05-03T17:53:57Z</time>
					</trkpt>
					<trkpt lat="44.813460" lon="3.214660">
						<ele>1044</ele>
						<time>2026-05-03T17:54:19Z</time>
					</trkpt>
					<trkpt lat="44.813220" lon="3.215510">
						<ele>1043</ele>
						<time>2026-05-03T17:55:46Z</time>
					</trkpt>
					<trkpt lat="44.813140" lon="3.215690">
						<ele>1042</ele>
						<time>2026-05-03T17:56:06Z</time>
					</trkpt>
					<trkpt lat="44.812800" lon="3.216190">
						<ele>1040</ele>
						<time>2026-05-03T17:57:12Z</time>
					</trkpt>
					<trkpt lat="44.812550" lon="3.216580">
						<ele>1039</ele>
						<time>2026-05-03T17:58:01Z</time>
					</trkpt>
					<trkpt lat="44.812250" lon="3.217410">
						<ele>1041</ele>
						<time>2026-05-03T17:59:30Z</time>
					</trkpt>
					<trkpt lat="44.811980" lon="3.218320">
						<ele>1041</ele>
						<time>2026-05-03T18:01:03Z</time>
					</trkpt>
					<trkpt lat="44.811840" lon="3.219020">
						<ele>1043</ele>
						<time>2026-05-03T18:02:12Z</time>
					</trkpt>
					<trkpt lat="44.811710" lon="3.219900">
						<ele>1046</ele>
						<time>2026-05-03T18:03:37Z</time>
					</trkpt>
					<trkpt lat="44.811610" lon="3.220400">
						<ele>1047</ele>
						<time>2026-05-03T18:04:26Z</time>
					</trkpt>
					<trkpt lat="44.811510" lon="3.221300">
						<ele>1046</ele>
						<time>2026-05-03T18:05:52Z</time>
					</trkpt>
					<trkpt lat="44.811480" lon="3.221430">
						<ele>1045</ele>
						<time>2026-05-03T18:06:05Z</time>
					</trkpt>
					<trkpt lat="44.811410" lon="3.221490">
						<ele>1044</ele>
						<time>2026-05-03T18:06:16Z</time>
					</trkpt>
					<trkpt lat="44.811420" lon="3.221830">
						<ele>1043</ele>
						<time>2026-05-03T18:06:48Z</time>
					</trkpt>
					<trkpt lat="44.811360" lon="3.222410">
						<ele>1041</ele>
						<time>2026-05-03T18:07:44Z</time>
					</trkpt>
					<trkpt lat="44.811310" lon="3.223100">
						<ele>1040</ele>
						<time>2026-05-03T18:08:50Z</time>
					</trkpt>
					<trkpt lat="44.811300" lon="3.223930">
						<ele>1038</ele>
						<time>2026-05-03T18:10:08Z</time>
					</trkpt>
					<trkpt lat="44.811080" lon="3.226650">
						<ele>1031</ele>
						<time>2026-05-03T18:14:27Z</time>
					</trkpt>
					<trkpt lat="44.811060" lon="3.226840">
						<ele>1032</ele>
						<time>2026-05-03T18:14:46Z</time>
					</trkpt>
					<trkpt lat="44.811040" lon="3.227120">
						<ele>1033</ele>
						<time>2026-05-03T18:15:12Z</time>
					</trkpt>
					<trkpt lat="44.811210" lon="3.227180">
						<ele>1033</ele>
						<time>2026-05-03T18:15:36Z</time>
					</trkpt>
					<trkpt lat="44.811210" lon="3.227370">
						<ele>1034</ele>
						<time>2026-05-03T18:15:54Z</time>
					</trkpt>
					<trkpt lat="44.811230" lon="3.227470">
						<ele>1034</ele>
						<time>2026-05-03T18:16:03Z</time>
					</trkpt>
					<trkpt lat="44.811440" lon="3.227860">
						<ele>1037</ele>
						<time>2026-05-03T18:16:50Z</time>
					</trkpt>
					<trkpt lat="44.811530" lon="3.228090">
						<ele>1039</ele>
						<time>2026-05-03T18:17:15Z</time>
					</trkpt>
					<trkpt lat="44.811570" lon="3.228260">
						<ele>1040</ele>
						<time>2026-05-03T18:17:32Z</time>
					</trkpt>
					<trkpt lat="44.811610" lon="3.228510">
						<ele>1041</ele>
						<time>2026-05-03T18:17:56Z</time>
					</trkpt>
					<trkpt lat="44.811630" lon="3.228790">
						<ele>1042</ele>
						<time>2026-05-03T18:18:22Z</time>
					</trkpt>
					<trkpt lat="44.811630" lon="3.229050">
						<ele>1044</ele>
						<time>2026-05-03T18:18:47Z</time>
					</trkpt>
					<trkpt lat="44.811600" lon="3.229520">
						<ele>1046</ele>
						<time>2026-05-03T18:19:32Z</time>
					</trkpt>
					<trkpt lat="44.811600" lon="3.229910">
						<ele>1047</ele>
						<time>2026-05-03T18:20:09Z</time>
					</trkpt>
					<trkpt lat="44.811610" lon="3.230090">
						<ele>1047</ele>
						<time>2026-05-03T18:20:26Z</time>
					</trkpt>
					<trkpt lat="44.811650" lon="3.230250">
						<ele>1047</ele>
						<time>2026-05-03T18:20:42Z</time>
					</trkpt>
					<trkpt lat="44.811890" lon="3.230930">
						<ele>1044</ele>
						<time>2026-05-03T18:21:54Z</time>
					</trkpt>
					<trkpt lat="44.812490" lon="3.232730">
						<ele>1047</ele>
						<time>2026-05-03T18:25:02Z</time>
					</trkpt>
					<trkpt lat="44.812900" lon="3.233950">
						<ele>1052</ele>
						<time>2026-05-03T18:27:10Z</time>
					</trkpt>
					<trkpt lat="44.813020" lon="3.234380">
						<ele>1054</ele>
						<time>2026-05-03T18:27:54Z</time>
					</trkpt>
					<trkpt lat="44.813110" lon="3.234800">
						<ele>1057</ele>
						<time>2026-05-03T18:28:35Z</time>
					</trkpt>
					<trkpt lat="44.813320" lon="3.235840">
						<ele>1062</ele>
						<time>2026-05-03T18:30:17Z</time>
					</trkpt>
					<trkpt lat="44.813500" lon="3.236970">
						<ele>1064</ele>
						<time>2026-05-03T18:32:07Z</time>
					</trkpt>
					<trkpt lat="44.813710" lon="3.237930">
						<ele>1065</ele>
						<time>2026-05-03T18:33:42Z</time>
					</trkpt>
					<trkpt lat="44.813790" lon="3.238190">
						<ele>1066</ele>
						<time>2026-05-03T18:34:09Z</time>
					</trkpt>
					<trkpt lat="44.813890" lon="3.238400">
						<ele>1067</ele>
						<time>2026-05-03T18:34:33Z</time>
					</trkpt>
					<trkpt lat="44.814190" lon="3.238880">
						<ele>1071</ele>
						<time>2026-05-03T18:35:34Z</time>
					</trkpt>
					<trkpt lat="44.814320" lon="3.239180">
						<ele>1072</ele>
						<time>2026-05-03T18:36:07Z</time>
					</trkpt>
					<trkpt lat="44.814410" lon="3.239480">
						<ele>1073</ele>
						<time>2026-05-03T18:36:38Z</time>
					</trkpt>
					<trkpt lat="44.814470" lon="3.239860">
						<ele>1075</ele>
						<time>2026-05-03T18:37:15Z</time>
					</trkpt>
					<trkpt lat="44.814500" lon="3.240430">
						<ele>1076</ele>
						<time>2026-05-03T18:38:09Z</time>
					</trkpt>
					<trkpt lat="44.814640" lon="3.241500">
						<ele>1077</ele>
						<time>2026-05-03T18:39:52Z</time>
					</trkpt>
					<trkpt lat="44.814730" lon="3.242860">
						<ele>1080</ele>
						<time>2026-05-03T18:42:01Z</time>
					</trkpt>
					<trkpt lat="44.814750" lon="3.243040">
						<ele>1080</ele>
						<time>2026-05-03T18:42:18Z</time>
					</trkpt>
					<trkpt lat="44.814770" lon="3.243150">
						<ele>1080</ele>
						<time>2026-05-03T18:42:29Z</time>
					</trkpt>
					<trkpt lat="44.814750" lon="3.243270">
						<ele>1080</ele>
						<time>2026-05-03T18:42:41Z</time>
					</trkpt>
					<trkpt lat="44.814680" lon="3.244070">
						<ele>1083</ele>
						<time>2026-05-03T18:43:57Z</time>
					</trkpt>
					<trkpt lat="44.814550" lon="3.245220">
						<ele>1087</ele>
						<time>2026-05-03T18:45:47Z</time>
					</trkpt>
					<trkpt lat="44.814410" lon="3.246240">
						<ele>1087</ele>
						<time>2026-05-03T18:47:25Z</time>
					</trkpt>
					<trkpt lat="44.814330" lon="3.247010">
						<ele>1087</ele>
						<time>2026-05-03T18:48:39Z</time>
					</trkpt>
					<trkpt lat="44.814180" lon="3.248130">
						<ele>1086</ele>
						<time>2026-05-03T18:50:27Z</time>
					</trkpt>
					<trkpt lat="44.814180" lon="3.248440">
						<ele>1086</ele>
						<time>2026-05-03T18:50:56Z</time>
					</trkpt>
					<trkpt lat="44.813340" lon="3.249110">
						<ele>1081</ele>
						<time>2026-05-03T18:53:05Z</time>
					</trkpt>
					<trkpt lat="44.812370" lon="3.249950">
						<ele>1071</ele>
						<time>2026-05-03T18:55:37Z</time>
					</trkpt>
					<trkpt lat="44.812090" lon="3.250140">
						<ele>1070</ele>
						<time>2026-05-03T18:56:19Z</time>
					</trkpt>
					<trkpt lat="44.811750" lon="3.250300">
						<ele>1070</ele>
						<time>2026-05-03T18:57:06Z</time>
					</trkpt>
					<trkpt lat="44.811150" lon="3.250530">
						<ele>1070</ele>
						<time>2026-05-03T18:58:29Z</time>
					</trkpt>
					<trkpt lat="44.810930" lon="3.250580">
						<ele>1070</ele>
						<time>2026-05-03T18:58:59Z</time>
					</trkpt>
					<trkpt lat="44.809980" lon="3.250670">
						<ele>1069</ele>
						<time>2026-05-03T19:01:06Z</time>
					</trkpt>
					<trkpt lat="44.809780" lon="3.250700">
						<ele>1068</ele>
						<time>2026-05-03T19:01:33Z</time>
					</trkpt>
					<trkpt lat="44.809350" lon="3.250890">
						<ele>1065</ele>
						<time>2026-05-03T19:02:33Z</time>
					</trkpt>
					<trkpt lat="44.808160" lon="3.251360">
						<ele>1058</ele>
						<time>2026-05-03T19:05:18Z</time>
					</trkpt>
					<trkpt lat="44.807980" lon="3.251430">
						<ele>1058</ele>
						<time>2026-05-03T19:05:43Z</time>
					</trkpt>
					<trkpt lat="44.807830" lon="3.251470">
						<ele>1059</ele>
						<time>2026-05-03T19:06:03Z</time>
					</trkpt>
					<trkpt lat="44.807750" lon="3.251460">
						<ele>1059</ele>
						<time>2026-05-03T19:06:14Z</time>
					</trkpt>
					<trkpt lat="44.807400" lon="3.251390">
						<ele>1059</ele>
						<time>2026-05-03T19:07:01Z</time>
					</trkpt>
					<trkpt lat="44.806160" lon="3.251250">
						<ele>1057</ele>
						<time>2026-05-03T19:09:47Z</time>
					</trkpt>
					<trkpt lat="44.805760" lon="3.251210">
						<ele>1057</ele>
						<time>2026-05-03T19:10:41Z</time>
					</trkpt>
					<trkpt lat="44.805370" lon="3.251210">
						<ele>1057</ele>
						<time>2026-05-03T19:11:33Z</time>
					</trkpt>
					<trkpt lat="44.805120" lon="3.251230">
						<ele>1057</ele>
						<time>2026-05-03T19:12:06Z</time>
					</trkpt>
					<trkpt lat="44.804740" lon="3.251420">
						<ele>1057</ele>
						<time>2026-05-03T19:13:00Z</time>
					</trkpt>
					<trkpt lat="44.804380" lon="3.251610">
						<ele>1057</ele>
						<time>2026-05-03T19:13:51Z</time>
					</trkpt>
					<trkpt lat="44.803900" lon="3.251930">
						<ele>1056</ele>
						<time>2026-05-03T19:15:02Z</time>
					</trkpt>
					<trkpt lat="44.803370" lon="3.252070">
						<ele>1054</ele>
						<time>2026-05-03T19:16:14Z</time>
					</trkpt>
					<trkpt lat="44.803210" lon="3.252090">
						<ele>1053</ele>
						<time>2026-05-03T19:16:36Z</time>
					</trkpt>
					<trkpt lat="44.803130" lon="3.252070">
						<ele>1053</ele>
						<time>2026-05-03T19:16:46Z</time>
					</trkpt>
					<trkpt lat="44.803020" lon="3.251980">
						<ele>1052</ele>
						<time>2026-05-03T19:17:03Z</time>
					</trkpt>
					<trkpt lat="44.802830" lon="3.251850">
						<ele>1051</ele>
						<time>2026-05-03T19:17:32Z</time>
					</trkpt>
					<trkpt lat="44.802110" lon="3.252910">
						<ele>1048</ele>
						<time>2026-05-03T19:19:51Z</time>
					</trkpt>
					<trkpt lat="44.802080" lon="3.252960">
						<ele>1048</ele>
						<time>2026-05-03T19:19:57Z</time>
					</trkpt>
					<trkpt lat="44.801270" lon="3.254120">
						<ele>1043</ele>
						<time>2026-05-03T19:22:31Z</time>
					</trkpt>
					<trkpt lat="44.800780" lon="3.254790">
						<ele>1040</ele>
						<time>2026-05-03T19:24:02Z</time>
					</trkpt>
					<trkpt lat="44.800240" lon="3.255650">
						<ele>1041</ele>
						<time>2026-05-03T19:25:51Z</time>
					</trkpt>
					<trkpt lat="44.799900" lon="3.256240">
						<ele>1042</ele>
						<time>2026-05-03T19:27:03Z</time>
					</trkpt>
					<trkpt lat="44.799680" lon="3.256680">
						<ele>1040</ele>
						<time>2026-05-03T19:27:54Z</time>
					</trkpt>
					<trkpt lat="44.799450" lon="3.257360">
						<ele>1037</ele>
						<time>2026-05-03T19:29:05Z</time>
					</trkpt>
					<trkpt lat="44.798890" lon="3.258710">
						<ele>1033</ele>
						<time>2026-05-03T19:31:33Z</time>
					</trkpt>
					<trkpt lat="44.798820" lon="3.258920">
						<ele>1033</ele>
						<time>2026-05-03T19:31:55Z</time>
					</trkpt>
					<trkpt lat="44.798750" lon="3.259390">
						<ele>1032</ele>
						<time>2026-05-03T19:32:40Z</time>
					</trkpt>
					<trkpt lat="44.798770" lon="3.259590">
						<ele>1031</ele>
						<time>2026-05-03T19:33:00Z</time>
					</trkpt>
					<trkpt lat="44.798740" lon="3.259650">
						<ele>1031</ele>
						<time>2026-05-03T19:33:07Z</time>
					</trkpt>
					<trkpt lat="44.798730" lon="3.260500">
						<ele>1033</ele>
						<time>2026-05-03T19:34:27Z</time>
					</trkpt>
					<trkpt lat="44.798720" lon="3.261160">
						<ele>1035</ele>
						<time>2026-05-03T19:35:30Z</time>
					</trkpt>
					<trkpt lat="44.798590" lon="3.261190">
						<ele>1036</ele>
						<time>2026-05-03T19:35:47Z</time>
					</trkpt>
					<trkpt lat="44.798280" lon="3.261380">
						<ele>1037</ele>
						<time>2026-05-03T19:36:32Z</time>
					</trkpt>
					<trkpt lat="44.798100" lon="3.261500">
						<ele>1036</ele>
						<time>2026-05-03T19:36:59Z</time>
					</trkpt>
					<trkpt lat="44.797970" lon="3.261550">
						<ele>1035</ele>
						<time>2026-05-03T19:37:17Z</time>
					</trkpt>
					<trkpt lat="44.797660" lon="3.261590">
						<ele>1033</ele>
						<time>2026-05-03T19:37:58Z</time>
					</trkpt>
					<trkpt lat="44.797460" lon="3.261650">
						<ele>1032</ele>
						<time>2026-05-03T19:38:26Z</time>
					</trkpt>
					<trkpt lat="44.797330" lon="3.261700">
						<ele>1031</ele>
						<time>2026-05-03T19:38:44Z</time>
					</trkpt>
					<trkpt lat="44.797180" lon="3.261830">
						<ele>1030</ele>
						<time>2026-05-03T19:39:07Z</time>
					</trkpt>
					<trkpt lat="44.797060" lon="3.261880">
						<ele>1029</ele>
						<time>2026-05-03T19:39:24Z</time>
					</trkpt>
					<trkpt lat="44.796930" lon="3.261980">
						<ele>1028</ele>
						<time>2026-05-03T19:39:44Z</time>
					</trkpt>
					<trkpt lat="44.796850" lon="3.262060">
						<ele>1027</ele>
						<time>2026-05-03T19:39:57Z</time>
					</trkpt>
					<trkpt lat="44.796770" lon="3.262170">
						<ele>1026</ele>
						<time>2026-05-03T19:40:12Z</time>
					</trkpt>
					<trkpt lat="44.796700" lon="3.262340">
						<ele>1026</ele>
						<time>2026-05-03T19:40:30Z</time>
					</trkpt>
					<trkpt lat="44.796660" lon="3.262480">
						<ele>1026</ele>
						<time>2026-05-03T19:40:44Z</time>
					</trkpt>
					<trkpt lat="44.796640" lon="3.262540">
						<ele>1026</ele>
						<time>2026-05-03T19:40:51Z</time>
					</trkpt>
					<trkpt lat="44.796720" lon="3.263430">
						<ele>1025</ele>
						<time>2026-05-03T19:42:16Z</time>
					</trkpt>
					<trkpt lat="44.796710" lon="3.263630">
						<ele>1025</ele>
						<time>2026-05-03T19:42:35Z</time>
					</trkpt>
					<trkpt lat="44.796730" lon="3.263860">
						<ele>1026</ele>
						<time>2026-05-03T19:42:57Z</time>
					</trkpt>
					<trkpt lat="44.796700" lon="3.264110">
						<ele>1025</ele>
						<time>2026-05-03T19:43:21Z</time>
					</trkpt>
					<trkpt lat="44.796580" lon="3.264680">
						<ele>1027</ele>
						<time>2026-05-03T19:44:17Z</time>
					</trkpt>
					<trkpt lat="44.796540" lon="3.264830">
						<ele>1027</ele>
						<time>2026-05-03T19:44:32Z</time>
					</trkpt>
					<trkpt lat="44.796490" lon="3.265090">
						<ele>1029</ele>
						<time>2026-05-03T19:44:58Z</time>
					</trkpt>
					<trkpt lat="44.796370" lon="3.265440">
						<ele>1031</ele>
						<time>2026-05-03T19:45:34Z</time>
					</trkpt>
					<trkpt lat="44.796020" lon="3.266260">
						<ele>1028</ele>
						<time>2026-05-03T19:47:05Z</time>
					</trkpt>
					<trkpt lat="44.795920" lon="3.266550">
						<ele>1026</ele>
						<time>2026-05-03T19:47:36Z</time>
					</trkpt>
					<trkpt lat="44.795880" lon="3.266760">
						<ele>1024</ele>
						<time>2026-05-03T19:47:56Z</time>
					</trkpt>
					<trkpt lat="44.795890" lon="3.267020">
						<ele>1023</ele>
						<time>2026-05-03T19:48:21Z</time>
					</trkpt>
					<trkpt lat="44.795950" lon="3.267250">
						<ele>1023</ele>
						<time>2026-05-03T19:48:44Z</time>
					</trkpt>
					<trkpt lat="44.795820" lon="3.267120">
						<ele>1022</ele>
						<time>2026-05-03T19:49:05Z</time>
					</trkpt>
					<trkpt lat="44.795780" lon="3.267030">
						<ele>1023</ele>
						<time>2026-05-03T19:49:15Z</time>
					</trkpt>
					<trkpt lat="44.795750" lon="3.266930">
						<ele>1025</ele>
						<time>2026-05-03T19:49:26Z</time>
					</trkpt>
					<trkpt lat="44.795710" lon="3.266870">
						<ele>1026</ele>
						<time>2026-05-03T19:49:33Z</time>
					</trkpt>
					<trkpt lat="44.795640" lon="3.266810">
						<ele>1028</ele>
						<time>2026-05-03T19:49:44Z</time>
					</trkpt>
					<trkpt lat="44.795570" lon="3.266750">
						<ele>1031</ele>
						<time>2026-05-03T19:49:55Z</time>
					</trkpt>
					<trkpt lat="44.795490" lon="3.266640">
						<ele>1033</ele>
						<time>2026-05-03T19:50:10Z</time>
					</trkpt>
					<trkpt lat="44.795470" lon="3.266530">
						<ele>1034</ele>
						<time>2026-05-03T19:50:21Z</time>
					</trkpt>
					<trkpt lat="44.795480" lon="3.266360">
						<ele>1035</ele>
						<time>2026-05-03T19:50:37Z</time>
					</trkpt>
					<trkpt lat="44.795590" lon="3.266040">
						<ele>1033</ele>
						<time>2026-05-03T19:51:11Z</time>
					</trkpt>
					<trkpt lat="44.795840" lon="3.265570">
						<ele>1028</ele>
						<time>2026-05-03T19:52:06Z</time>
					</trkpt>
					<trkpt lat="44.795920" lon="3.265310">
						<ele>1029</ele>
						<time>2026-05-03T19:52:33Z</time>
					</trkpt>
					<trkpt lat="44.796020" lon="3.264890">
						<ele>1031</ele>
						<time>2026-05-03T19:53:15Z</time>
					</trkpt>
					<trkpt lat="44.796090" lon="3.264550">
						<ele>1031</ele>
						<time>2026-05-03T19:53:49Z</time>
					</trkpt>
					<trkpt lat="44.796090" lon="3.264310">
						<ele>1032</ele>
						<time>2026-05-03T19:54:11Z</time>
					</trkpt>
					<trkpt lat="44.796070" lon="3.264090">
						<ele>1033</ele>
						<time>2026-05-03T19:54:32Z</time>
					</trkpt>
					<trkpt lat="44.796020" lon="3.263710">
						<ele>1032</ele>
						<time>2026-05-03T19:55:09Z</time>
					</trkpt>
					<trkpt lat="44.795950" lon="3.263400">
						<ele>1032</ele>
						<time>2026-05-03T19:55:40Z</time>
					</trkpt>
					<trkpt lat="44.795870" lon="3.263070">
						<ele>1031</ele>
						<time>2026-05-03T19:56:13Z</time>
					</trkpt>
					<trkpt lat="44.795620" lon="3.262390">
						<ele>1030</ele>
						<time>2026-05-03T19:57:25Z</time>
					</trkpt>
					<trkpt lat="44.795540" lon="3.262310">
						<ele>1030</ele>
						<time>2026-05-03T19:57:39Z</time>
					</trkpt>
					<trkpt lat="44.795380" lon="3.262240">
						<ele>1031</ele>
						<time>2026-05-03T19:58:01Z</time>
					</trkpt>
					<trkpt lat="44.795170" lon="3.262090">
						<ele>1032</ele>
						<time>2026-05-03T19:58:32Z</time>
					</trkpt>
					<trkpt lat="44.794910" lon="3.261860">
						<ele>1032</ele>
						<time>2026-05-03T19:59:13Z</time>
					</trkpt>
					<trkpt lat="44.794550" lon="3.261640">
						<ele>1034</ele>
						<time>2026-05-03T20:00:06Z</time>
					</trkpt>
					<trkpt lat="44.794200" lon="3.261470">
						<ele>1039</ele>
						<time>2026-05-03T20:00:55Z</time>
					</trkpt>
					<trkpt lat="44.793500" lon="3.261310">
						<ele>1043</ele>
						<time>2026-05-03T20:02:30Z</time>
					</trkpt>
					<trkpt lat="44.793250" lon="3.261220">
						<ele>1045</ele>
						<time>2026-05-03T20:03:04Z</time>
					</trkpt>
					<trkpt lat="44.791690" lon="3.260440">
						<ele>1045</ele>
						<time>2026-05-03T20:06:45Z</time>
					</trkpt>
					<trkpt lat="44.791430" lon="3.260270">
						<ele>1045</ele>
						<time>2026-05-03T20:07:23Z</time>
					</trkpt>
					<trkpt lat="44.791330" lon="3.260240">
						<ele>1045</ele>
						<time>2026-05-03T20:07:37Z</time>
					</trkpt>
					<trkpt lat="44.791160" lon="3.260270">
						<ele>1045</ele>
						<time>2026-05-03T20:08:00Z</time>
					</trkpt>
					<trkpt lat="44.790410" lon="3.260490">
						<ele>1046</ele>
						<time>2026-05-03T20:09:42Z</time>
					</trkpt>
					<trkpt lat="44.789970" lon="3.260610">
						<ele>1046</ele>
						<time>2026-05-03T20:10:42Z</time>
					</trkpt>
					<trkpt lat="44.789500" lon="3.260800">
						<ele>1045</ele>
						<time>2026-05-03T20:11:47Z</time>
					</trkpt>
					<trkpt lat="44.789420" lon="3.260780">
						<ele>1045</ele>
						<time>2026-05-03T20:11:58Z</time>
					</trkpt>
					<trkpt lat="44.789370" lon="3.260850">
						<ele>1045</ele>
						<time>2026-05-03T20:12:07Z</time>
					</trkpt>
					<trkpt lat="44.789350" lon="3.261000">
						<ele>1045</ele>
						<time>2026-05-03T20:12:22Z</time>
					</trkpt>
					<trkpt lat="44.789340" lon="3.261120">
						<ele>1044</ele>
						<time>2026-05-03T20:12:33Z</time>
					</trkpt>
					<trkpt lat="44.789420" lon="3.261690">
						<ele>1043</ele>
						<time>2026-05-03T20:13:28Z</time>
					</trkpt>
					<trkpt lat="44.789420" lon="3.261750">
						<ele>1042</ele>
						<time>2026-05-03T20:13:34Z</time>
					</trkpt>
					<trkpt lat="44.789410" lon="3.261920">
						<ele>1042</ele>
						<time>2026-05-03T20:13:50Z</time>
					</trkpt>
					<trkpt lat="44.789370" lon="3.262010">
						<ele>1041</ele>
						<time>2026-05-03T20:14:00Z</time>
					</trkpt>
					<trkpt lat="44.789300" lon="3.262070">
						<ele>1041</ele>
						<time>2026-05-03T20:14:11Z</time>
					</trkpt>
					<trkpt lat="44.789170" lon="3.262170">
						<ele>1040</ele>
						<time>2026-05-03T20:14:31Z</time>
					</trkpt>
					<trkpt lat="44.789000" lon="3.262230">
						<ele>1040</ele>
						<time>2026-05-03T20:14:54Z</time>
					</trkpt>
					<trkpt lat="44.788920" lon="3.262250">
						<ele>1039</ele>
						<time>2026-05-03T20:15:05Z</time>
					</trkpt>
					<trkpt lat="44.788780" lon="3.262220">
						<ele>1039</ele>
						<time>2026-05-03T20:15:24Z</time>
					</trkpt>
					<trkpt lat="44.788710" lon="3.262230">
						<ele>1039</ele>
						<time>2026-05-03T20:15:33Z</time>
					</trkpt>
					<trkpt lat="44.788620" lon="3.262290">
						<ele>1039</ele>
						<time>2026-05-03T20:15:47Z</time>
					</trkpt>
					<trkpt lat="44.788550" lon="3.262430">
						<ele>1038</ele>
						<time>2026-05-03T20:16:03Z</time>
					</trkpt>
					<trkpt lat="44.788340" lon="3.262350">
						<ele>1038</ele>
						<time>2026-05-03T20:16:32Z</time>
					</trkpt>
					<trkpt lat="44.788120" lon="3.262350">
						<ele>1038</ele>
						<time>2026-05-03T20:17:01Z</time>
					</trkpt>
					<trkpt lat="44.787950" lon="3.262380">
						<ele>1039</ele>
						<time>2026-05-03T20:17:24Z</time>
					</trkpt>
					<trkpt lat="44.787790" lon="3.262420">
						<ele>1038</ele>
						<time>2026-05-03T20:17:46Z</time>
					</trkpt>
					<trkpt lat="44.787470" lon="3.262440">
						<ele>1039</ele>
						<time>2026-05-03T20:18:29Z</time>
					</trkpt>
					<trkpt lat="44.787190" lon="3.262460">
						<ele>1040</ele>
						<time>2026-05-03T20:19:06Z</time>
					</trkpt>
					<trkpt lat="44.787060" lon="3.262430">
						<ele>1041</ele>
						<time>2026-05-03T20:19:23Z</time>
					</trkpt>
					<trkpt lat="44.787020" lon="3.262410">
						<ele>1041</ele>
						<time>2026-05-03T20:19:29Z</time>
					</trkpt>
					<trkpt lat="44.787060" lon="3.262430">
						<ele>1041</ele>
						<time>2026-05-03T20:19:35Z</time>
					</trkpt>
					<trkpt lat="44.787190" lon="3.262460">
						<ele>1040</ele>
						<time>2026-05-03T20:19:52Z</time>
					</trkpt>
					<trkpt lat="44.787470" lon="3.262440">
						<ele>1039</ele>
						<time>2026-05-03T20:20:30Z</time>
					</trkpt>
					<trkpt lat="44.787790" lon="3.262420">
						<ele>1038</ele>
						<time>2026-05-03T20:21:13Z</time>
					</trkpt>
					<trkpt lat="44.787950" lon="3.262380">
						<ele>1039</ele>
						<time>2026-05-03T20:21:34Z</time>
					</trkpt>
					<trkpt lat="44.787810" lon="3.261990">
						<ele>1041</ele>
						<time>2026-05-03T20:22:16Z</time>
					</trkpt>
					<trkpt lat="44.787760" lon="3.261790">
						<ele>1042</ele>
						<time>2026-05-03T20:22:36Z</time>
					</trkpt>
					<trkpt lat="44.787720" lon="3.261720">
						<ele>1043</ele>
						<time>2026-05-03T20:22:44Z</time>
					</trkpt>
					<trkpt lat="44.787640" lon="3.261650">
						<ele>1044</ele>
						<time>2026-05-03T20:22:57Z</time>
					</trkpt>
					<trkpt lat="44.787460" lon="3.261580">
						<ele>1046</ele>
						<time>2026-05-03T20:23:22Z</time>
					</trkpt>
					<trkpt lat="44.787390" lon="3.261550">
						<ele>1046</ele>
						<time>2026-05-03T20:23:31Z</time>
					</trkpt>
					<trkpt lat="44.787350" lon="3.261490">
						<ele>1047</ele>
						<time>2026-05-03T20:23:39Z</time>
					</trkpt>
					<trkpt lat="44.787260" lon="3.261110">
						<ele>1050</ele>
						<time>2026-05-03T20:24:17Z</time>
					</trkpt>
					<trkpt lat="44.787210" lon="3.260940">
						<ele>1051</ele>
						<time>2026-05-03T20:24:35Z</time>
					</trkpt>
					<trkpt lat="44.787140" lon="3.260770">
						<ele>1052</ele>
						<time>2026-05-03T20:24:53Z</time>
					</trkpt>
					<trkpt lat="44.787030" lon="3.260570">
						<ele>1052</ele>
						<time>2026-05-03T20:25:17Z</time>
					</trkpt>
					<trkpt lat="44.786780" lon="3.260180">
						<ele>1053</ele>
						<time>2026-05-03T20:26:07Z</time>
					</trkpt>
					<trkpt lat="44.786370" lon="3.259580">
						<ele>1053</ele>
						<time>2026-05-03T20:27:26Z</time>
					</trkpt>
					<trkpt lat="44.786160" lon="3.259360">
						<ele>1053</ele>
						<time>2026-05-03T20:28:01Z</time>
					</trkpt>
					<trkpt lat="44.785850" lon="3.258960">
						<ele>1051</ele>
						<time>2026-05-03T20:28:57Z</time>
					</trkpt>
					<trkpt lat="44.785550" lon="3.258480">
						<ele>1050</ele>
						<time>2026-05-03T20:29:57Z</time>
					</trkpt>
					<trkpt lat="44.785370" lon="3.258080">
						<ele>1049</ele>
						<time>2026-05-03T20:30:42Z</time>
					</trkpt>
					<trkpt lat="44.785310" lon="3.257920">
						<ele>1048</ele>
						<time>2026-05-03T20:30:59Z</time>
					</trkpt>
					<trkpt lat="44.785340" lon="3.257630">
						<ele>1047</ele>
						<time>2026-05-03T20:31:27Z</time>
					</trkpt>
					<trkpt lat="44.785070" lon="3.257540">
						<ele>1047</ele>
						<time>2026-05-03T20:32:04Z</time>
					</trkpt>
					<trkpt lat="44.784840" lon="3.257400">
						<ele>1047</ele>
						<time>2026-05-03T20:32:38Z</time>
					</trkpt>
					<trkpt lat="44.784660" lon="3.257210">
						<ele>1047</ele>
						<time>2026-05-03T20:33:08Z</time>
					</trkpt>
					<trkpt lat="44.784240" lon="3.256750">
						<ele>1046</ele>
						<time>2026-05-03T20:34:19Z</time>
					</trkpt>
					<trkpt lat="44.784130" lon="3.256640">
						<ele>1046</ele>
						<time>2026-05-03T20:34:37Z</time>
					</trkpt>
					<trkpt lat="44.783980" lon="3.256530">
						<ele>1047</ele>
						<time>2026-05-03T20:34:59Z</time>
					</trkpt>
					<trkpt lat="44.783860" lon="3.256460">
						<ele>1047</ele>
						<time>2026-05-03T20:35:17Z</time>
					</trkpt>
					<trkpt lat="44.783170" lon="3.256240">
						<ele>1049</ele>
						<time>2026-05-03T20:36:51Z</time>
					</trkpt>
					<trkpt lat="44.782860" lon="3.256060">
						<ele>1050</ele>
						<time>2026-05-03T20:37:36Z</time>
					</trkpt>
					<trkpt lat="44.782550" lon="3.255910">
						<ele>1051</ele>
						<time>2026-05-03T20:38:19Z</time>
					</trkpt>
					<trkpt lat="44.781720" lon="3.255690">
						<ele>1046</ele>
						<time>2026-05-03T20:40:12Z</time>
					</trkpt>
					<trkpt lat="44.781040" lon="3.255520">
						<ele>1042</ele>
						<time>2026-05-03T20:41:44Z</time>
					</trkpt>
					<trkpt lat="44.780730" lon="3.255430">
						<ele>1041</ele>
						<time>2026-05-03T20:42:27Z</time>
					</trkpt>
					<trkpt lat="44.780260" lon="3.255140">
						<ele>1041</ele>
						<time>2026-05-03T20:43:35Z</time>
					</trkpt>
					<trkpt lat="44.780090" lon="3.255120">
						<ele>1041</ele>
						<time>2026-05-03T20:43:58Z</time>
					</trkpt>
					<trkpt lat="44.779930" lon="3.255110">
						<ele>1040</ele>
						<time>2026-05-03T20:44:19Z</time>
					</trkpt>
					<trkpt lat="44.779460" lon="3.255130">
						<ele>1039</ele>
						<time>2026-05-03T20:45:22Z</time>
					</trkpt>
					<trkpt lat="44.779260" lon="3.255110">
						<ele>1038</ele>
						<time>2026-05-03T20:45:49Z</time>
					</trkpt>
					<trkpt lat="44.778980" lon="3.255090">
						<ele>1036</ele>
						<time>2026-05-03T20:46:26Z</time>
					</trkpt>
					<trkpt lat="44.778680" lon="3.255090">
						<ele>1036</ele>
						<time>2026-05-03T20:47:06Z</time>
					</trkpt>
					<trkpt lat="44.778340" lon="3.255100">
						<ele>1035</ele>
						<time>2026-05-03T20:47:52Z</time>
					</trkpt>
					<trkpt lat="44.778040" lon="3.255140">
						<ele>1033</ele>
						<time>2026-05-03T20:48:32Z</time>
					</trkpt>
					<trkpt lat="44.777740" lon="3.255160">
						<ele>1032</ele>
						<time>2026-05-03T20:49:12Z</time>
					</trkpt>
					<trkpt lat="44.777530" lon="3.255200">
						<ele>1030</ele>
						<time>2026-05-03T20:49:40Z</time>
					</trkpt>
					<trkpt lat="44.777210" lon="3.255350">
						<ele>1028</ele>
						<time>2026-05-03T20:50:25Z</time>
					</trkpt>
					<trkpt lat="44.777050" lon="3.255440">
						<ele>1027</ele>
						<time>2026-05-03T20:50:48Z</time>
					</trkpt>
					<trkpt lat="44.776960" lon="3.255460">
						<ele>1026</ele>
						<time>2026-05-03T20:51:00Z</time>
					</trkpt>
					<trkpt lat="44.776450" lon="3.255480">
						<ele>1020</ele>
						<time>2026-05-03T20:52:08Z</time>
					</trkpt>
					<trkpt lat="44.776270" lon="3.255430">
						<ele>1018</ele>
						<time>2026-05-03T20:52:33Z</time>
					</trkpt>
					<trkpt lat="44.776160" lon="3.255360">
						<ele>1018</ele>
						<time>2026-05-03T20:52:49Z</time>
					</trkpt>
					<trkpt lat="44.776050" lon="3.255260">
						<ele>1017</ele>
						<time>2026-05-03T20:53:06Z</time>
					</trkpt>
					<trkpt lat="44.775940" lon="3.255130">
						<ele>1016</ele>
						<time>2026-05-03T20:53:26Z</time>
					</trkpt>
					<trkpt lat="44.775790" lon="3.254960">
						<ele>1016</ele>
						<time>2026-05-03T20:53:51Z</time>
					</trkpt>
					<trkpt lat="44.775620" lon="3.254840">
						<ele>1014</ele>
						<time>2026-05-03T20:54:17Z</time>
					</trkpt>
					<trkpt lat="44.775350" lon="3.254700">
						<ele>1012</ele>
						<time>2026-05-03T20:54:55Z</time>
					</trkpt>
					<trkpt lat="44.775240" lon="3.254590">
						<ele>1012</ele>
						<time>2026-05-03T20:55:13Z</time>
					</trkpt>
					<trkpt lat="44.775170" lon="3.254540">
						<ele>1012</ele>
						<time>2026-05-03T20:55:23Z</time>
					</trkpt>
					<trkpt lat="44.774770" lon="3.254340">
						<ele>1015</ele>
						<time>2026-05-03T20:56:20Z</time>
					</trkpt>
					<trkpt lat="44.774590" lon="3.254270">
						<ele>1018</ele>
						<time>2026-05-03T20:56:45Z</time>
					</trkpt>
					<trkpt lat="44.774570" lon="3.254160">
						<ele>1019</ele>
						<time>2026-05-03T20:56:56Z</time>
					</trkpt>
					<trkpt lat="44.774530" lon="3.254030">
						<ele>1021</ele>
						<time>2026-05-03T20:57:09Z</time>
					</trkpt>
					<trkpt lat="44.774340" lon="3.253830">
						<ele>1025</ele>
						<time>2026-05-03T20:57:41Z</time>
					</trkpt>
					<trkpt lat="44.774290" lon="3.253730">
						<ele>1027</ele>
						<time>2026-05-03T20:57:52Z</time>
					</trkpt>
					<trkpt lat="44.774240" lon="3.253580">
						<ele>1028</ele>
						<time>2026-05-03T20:58:08Z</time>
					</trkpt>
					<trkpt lat="44.774180" lon="3.253450">
						<ele>1030</ele>
						<time>2026-05-03T20:58:23Z</time>
					</trkpt>
					<trkpt lat="44.774030" lon="3.253230">
						<ele>1034</ele>
						<time>2026-05-03T20:58:52Z</time>
					</trkpt>
					<trkpt lat="44.773970" lon="3.253050">
						<ele>1037</ele>
						<time>2026-05-03T20:59:11Z</time>
					</trkpt>
					<trkpt lat="44.773930" lon="3.252890">
						<ele>1040</ele>
						<time>2026-05-03T20:59:27Z</time>
					</trkpt>
					<trkpt lat="44.773920" lon="3.252510">
						<ele>1044</ele>
						<time>2026-05-03T21:00:03Z</time>
					</trkpt>
					<trkpt lat="44.773870" lon="3.252480">
						<ele>1045</ele>
						<time>2026-05-03T21:00:10Z</time>
					</trkpt>
					<trkpt lat="44.773710" lon="3.252450">
						<ele>1048</ele>
						<time>2026-05-03T21:00:31Z</time>
					</trkpt>
					<trkpt lat="44.773620" lon="3.252400">
						<ele>1050</ele>
						<time>2026-05-03T21:00:44Z</time>
					</trkpt>
					<trkpt lat="44.773570" lon="3.252340">
						<ele>1051</ele>
						<time>2026-05-03T21:00:53Z</time>
					</trkpt>
					<trkpt lat="44.773460" lon="3.252180">
						<ele>1054</ele>
						<time>2026-05-03T21:01:14Z</time>
					</trkpt>
					<trkpt lat="44.773450" lon="3.252170">
						<ele>1054</ele>
						<time>2026-05-03T21:01:16Z</time>
					</trkpt>
					<trkpt lat="44.773250" lon="3.251910">
						<ele>1060</ele>
						<time>2026-05-03T21:01:52Z</time>
					</trkpt>
					<trkpt lat="44.773340" lon="3.251730">
						<ele>1059</ele>
						<time>2026-05-03T21:02:13Z</time>
					</trkpt>
					<trkpt lat="44.773470" lon="3.251520">
						<ele>1060</ele>
						<time>2026-05-03T21:02:39Z</time>
					</trkpt>
					<trkpt lat="44.773550" lon="3.251330">
						<ele>1062</ele>
						<time>2026-05-03T21:03:00Z</time>
					</trkpt>
					<trkpt lat="44.773600" lon="3.251170">
						<ele>1064</ele>
						<time>2026-05-03T21:03:17Z</time>
					</trkpt>
					<trkpt lat="44.773640" lon="3.251000">
						<ele>1066</ele>
						<time>2026-05-03T21:03:34Z</time>
					</trkpt>
					<trkpt lat="44.773810" lon="3.250590">
						<ele>1067</ele>
						<time>2026-05-03T21:04:19Z</time>
					</trkpt>
					<trkpt lat="44.773880" lon="3.250400">
						<ele>1067</ele>
						<time>2026-05-03T21:04:39Z</time>
					</trkpt>
					<trkpt lat="44.774030" lon="3.249910">
						<ele>1067</ele>
						<time>2026-05-03T21:05:30Z</time>
					</trkpt>
					<trkpt lat="44.774080" lon="3.249630">
						<ele>1068</ele>
						<time>2026-05-03T21:05:57Z</time>
					</trkpt>
					<trkpt lat="44.774080" lon="3.249290">
						<ele>1071</ele>
						<time>2026-05-03T21:06:29Z</time>
					</trkpt>
					<trkpt lat="44.774030" lon="3.249050">
						<ele>1074</ele>
						<time>2026-05-03T21:06:53Z</time>
					</trkpt>
					<trkpt lat="44.773910" lon="3.248780">
						<ele>1077</ele>
						<time>2026-05-03T21:07:23Z</time>
					</trkpt>
					<trkpt lat="44.773850" lon="3.248620">
						<ele>1079</ele>
						<time>2026-05-03T21:07:40Z</time>
					</trkpt>
					<trkpt lat="44.773720" lon="3.248180">
						<ele>1083</ele>
						<time>2026-05-03T21:08:25Z</time>
					</trkpt>
					<trkpt lat="44.773490" lon="3.247140">
						<ele>1086</ele>
						<time>2026-05-03T21:10:09Z</time>
					</trkpt>
					<trkpt lat="44.773440" lon="3.246940">
						<ele>1086</ele>
						<time>2026-05-03T21:10:29Z</time>
					</trkpt>
					<trkpt lat="44.773430" lon="3.246730">
						<ele>1085</ele>
						<time>2026-05-03T21:10:49Z</time>
					</trkpt>
					<trkpt lat="44.773390" lon="3.246480">
						<ele>1085</ele>
						<time>2026-05-03T21:11:13Z</time>
					</trkpt>
					<trkpt lat="44.773210" lon="3.246070">
						<ele>1084</ele>
						<time>2026-05-03T21:11:59Z</time>
					</trkpt>
					<trkpt lat="44.773090" lon="3.245810">
						<ele>1083</ele>
						<time>2026-05-03T21:12:28Z</time>
					</trkpt>
					<trkpt lat="44.772920" lon="3.245440">
						<ele>1080</ele>
						<time>2026-05-03T21:13:10Z</time>
					</trkpt>
					<trkpt lat="44.772710" lon="3.245050">
						<ele>1077</ele>
						<time>2026-05-03T21:13:56Z</time>
					</trkpt>
					<trkpt lat="44.772650" lon="3.244860">
						<ele>1078</ele>
						<time>2026-05-03T21:14:16Z</time>
					</trkpt>
					<trkpt lat="44.772620" lon="3.244650">
						<ele>1079</ele>
						<time>2026-05-03T21:14:36Z</time>
					</trkpt>
					<trkpt lat="44.772600" lon="3.244410">
						<ele>1081</ele>
						<time>2026-05-03T21:14:59Z</time>
					</trkpt>
					<trkpt lat="44.772580" lon="3.244220">
						<ele>1082</ele>
						<time>2026-05-03T21:15:17Z</time>
					</trkpt>
					<trkpt lat="44.772520" lon="3.244040">
						<ele>1083</ele>
						<time>2026-05-03T21:15:36Z</time>
					</trkpt>
					<trkpt lat="44.772300" lon="3.243490">
						<ele>1088</ele>
						<time>2026-05-03T21:16:36Z</time>
					</trkpt>
					<trkpt lat="44.772150" lon="3.243170">
						<ele>1090</ele>
						<time>2026-05-03T21:17:12Z</time>
					</trkpt>
					<trkpt lat="44.772060" lon="3.243030">
						<ele>1092</ele>
						<time>2026-05-03T21:17:30Z</time>
					</trkpt>
					<trkpt lat="44.771950" lon="3.242890">
						<ele>1093</ele>
						<time>2026-05-03T21:17:50Z</time>
					</trkpt>
					<trkpt lat="44.771810" lon="3.242730">
						<ele>1094</ele>
						<time>2026-05-03T21:18:14Z</time>
					</trkpt>
					<trkpt lat="44.771570" lon="3.242510">
						<ele>1095</ele>
						<time>2026-05-03T21:18:52Z</time>
					</trkpt>
					<trkpt lat="44.770780" lon="3.241770">
						<ele>1095</ele>
						<time>2026-05-03T21:20:59Z</time>
					</trkpt>
					<trkpt lat="44.770630" lon="3.241620">
						<ele>1095</ele>
						<time>2026-05-03T21:21:23Z</time>
					</trkpt>
					<trkpt lat="44.770420" lon="3.241400">
						<ele>1094</ele>
						<time>2026-05-03T21:21:58Z</time>
					</trkpt>
					<trkpt lat="44.770290" lon="3.241230">
						<ele>1093</ele>
						<time>2026-05-03T21:22:22Z</time>
					</trkpt>
					<trkpt lat="44.770240" lon="3.241100">
						<ele>1093</ele>
						<time>2026-05-03T21:22:36Z</time>
					</trkpt>
					<trkpt lat="44.770210" lon="3.240770">
						<ele>1093</ele>
						<time>2026-05-03T21:23:07Z</time>
					</trkpt>
					<trkpt lat="44.770160" lon="3.239660">
						<ele>1094</ele>
						<time>2026-05-03T21:24:53Z</time>
					</trkpt>
					<trkpt lat="44.770140" lon="3.239320">
						<ele>1095</ele>
						<time>2026-05-03T21:25:25Z</time>
					</trkpt>
					<trkpt lat="44.770120" lon="3.239120">
						<ele>1095</ele>
						<time>2026-05-03T21:25:44Z</time>
					</trkpt>
					<trkpt lat="44.770120" lon="3.238970">
						<ele>1096</ele>
						<time>2026-05-03T21:25:58Z</time>
					</trkpt>
					<trkpt lat="44.770120" lon="3.238820">
						<ele>1097</ele>
						<time>2026-05-03T21:26:13Z</time>
					</trkpt>
					<trkpt lat="44.770100" lon="3.238650">
						<ele>1098</ele>
						<time>2026-05-03T21:26:29Z</time>
					</trkpt>
					<trkpt lat="44.770010" lon="3.238510">
						<ele>1098</ele>
						<time>2026-05-03T21:26:47Z</time>
					</trkpt>
					<trkpt lat="44.769960" lon="3.238410">
						<ele>1098</ele>
						<time>2026-05-03T21:26:58Z</time>
					</trkpt>
					<trkpt lat="44.769910" lon="3.238250">
						<ele>1099</ele>
						<time>2026-05-03T21:27:15Z</time>
					</trkpt>
					<trkpt lat="44.769810" lon="3.238020">
						<ele>1100</ele>
						<time>2026-05-03T21:27:41Z</time>
					</trkpt>
					<trkpt lat="44.769710" lon="3.237780">
						<ele>1102</ele>
						<time>2026-05-03T21:28:07Z</time>
					</trkpt>
					<trkpt lat="44.769620" lon="3.237720">
						<ele>1102</ele>
						<time>2026-05-03T21:28:20Z</time>
					</trkpt>
					<trkpt lat="44.769550" lon="3.237640">
						<ele>1103</ele>
						<time>2026-05-03T21:28:32Z</time>
					</trkpt>
					<trkpt lat="44.769410" lon="3.237420">
						<ele>1104</ele>
						<time>2026-05-03T21:29:00Z</time>
					</trkpt>
					<trkpt lat="44.769290" lon="3.237180">
						<ele>1105</ele>
						<time>2026-05-03T21:29:28Z</time>
					</trkpt>
					<trkpt lat="44.769280" lon="3.237060">
						<ele>1106</ele>
						<time>2026-05-03T21:29:39Z</time>
					</trkpt>
					<trkpt lat="44.769370" lon="3.236360">
						<ele>1110</ele>
						<time>2026-05-03T21:30:47Z</time>
					</trkpt>
					<trkpt lat="44.769460" lon="3.236010">
						<ele>1112</ele>
						<time>2026-05-03T21:31:22Z</time>
					</trkpt>
					<trkpt lat="44.769410" lon="3.235930">
						<ele>1113</ele>
						<time>2026-05-03T21:31:32Z</time>
					</trkpt>
					<trkpt lat="44.769230" lon="3.235570">
						<ele>1114</ele>
						<time>2026-05-03T21:32:14Z</time>
					</trkpt>
					<trkpt lat="44.769200" lon="3.235460">
						<ele>1115</ele>
						<time>2026-05-03T21:32:25Z</time>
					</trkpt>
					<trkpt lat="44.769110" lon="3.235450">
						<ele>1115</ele>
						<time>2026-05-03T21:32:37Z</time>
					</trkpt>
					<trkpt lat="44.768930" lon="3.235280">
						<ele>1118</ele>
						<time>2026-05-03T21:33:06Z</time>
					</trkpt>
					<trkpt lat="44.768770" lon="3.235090">
						<ele>1121</ele>
						<time>2026-05-03T21:33:34Z</time>
					</trkpt>
					<trkpt lat="44.768580" lon="3.234900">
						<ele>1124</ele>
						<time>2026-05-03T21:34:05Z</time>
					</trkpt>
					<trkpt lat="44.768310" lon="3.234730">
						<ele>1129</ele>
						<time>2026-05-03T21:34:45Z</time>
					</trkpt>
					<trkpt lat="44.768230" lon="3.234620">
						<ele>1131</ele>
						<time>2026-05-03T21:35:00Z</time>
					</trkpt>
					<trkpt lat="44.768150" lon="3.234410">
						<ele>1135</ele>
						<time>2026-05-03T21:35:22Z</time>
					</trkpt>
					<trkpt lat="44.768090" lon="3.234180">
						<ele>1138</ele>
						<time>2026-05-03T21:35:45Z</time>
					</trkpt>
					<trkpt lat="44.768120" lon="3.233950">
						<ele>1141</ele>
						<time>2026-05-03T21:36:07Z</time>
					</trkpt>
					<trkpt lat="44.768280" lon="3.233670">
						<ele>1143</ele>
						<time>2026-05-03T21:36:42Z</time>
					</trkpt>
					<trkpt lat="44.768390" lon="3.233530">
						<ele>1144</ele>
						<time>2026-05-03T21:37:01Z</time>
					</trkpt>
					<trkpt lat="44.768490" lon="3.233470">
						<ele>1143</ele>
						<time>2026-05-03T21:37:16Z</time>
					</trkpt>
					<trkpt lat="44.768710" lon="3.233410">
						<ele>1142</ele>
						<time>2026-05-03T21:37:46Z</time>
					</trkpt>
					<trkpt lat="44.768880" lon="3.233330">
						<ele>1142</ele>
						<time>2026-05-03T21:38:10Z</time>
					</trkpt>
					<trkpt lat="44.769040" lon="3.233170">
						<ele>1142</ele>
						<time>2026-05-03T21:38:36Z</time>
					</trkpt>
					<trkpt lat="44.769210" lon="3.232980">
						<ele>1143</ele>
						<time>2026-05-03T21:39:05Z</time>
					</trkpt>
					<trkpt lat="44.769260" lon="3.232850">
						<ele>1144</ele>
						<time>2026-05-03T21:39:19Z</time>
					</trkpt>
					<trkpt lat="44.769240" lon="3.232670">
						<ele>1147</ele>
						<time>2026-05-03T21:39:36Z</time>
					</trkpt>
					<trkpt lat="44.769120" lon="3.232480">
						<ele>1150</ele>
						<time>2026-05-03T21:40:00Z</time>
					</trkpt>
					<trkpt lat="44.769010" lon="3.232390">
						<ele>1152</ele>
						<time>2026-05-03T21:40:17Z</time>
					</trkpt>
					<trkpt lat="44.768950" lon="3.232270">
						<ele>1153</ele>
						<time>2026-05-03T21:40:31Z</time>
					</trkpt>
					<trkpt lat="44.768880" lon="3.232040">
						<ele>1156</ele>
						<time>2026-05-03T21:40:55Z</time>
					</trkpt>
					<trkpt lat="44.768700" lon="3.231860">
						<ele>1160</ele>
						<time>2026-05-03T21:41:24Z</time>
					</trkpt>
					<trkpt lat="44.768620" lon="3.231820">
						<ele>1161</ele>
						<time>2026-05-03T21:41:35Z</time>
					</trkpt>
					<trkpt lat="44.768590" lon="3.231690">
						<ele>1162</ele>
						<time>2026-05-03T21:41:48Z</time>
					</trkpt>
					<trkpt lat="44.768650" lon="3.231540">
						<ele>1162</ele>
						<time>2026-05-03T21:42:05Z</time>
					</trkpt>
					<trkpt lat="44.768650" lon="3.231400">
						<ele>1162</ele>
						<time>2026-05-03T21:42:18Z</time>
					</trkpt>
					<trkpt lat="44.768640" lon="3.231150">
						<ele>1163</ele>
						<time>2026-05-03T21:42:42Z</time>
					</trkpt>
					<trkpt lat="44.768520" lon="3.230900">
						<ele>1164</ele>
						<time>2026-05-03T21:43:10Z</time>
					</trkpt>
					<trkpt lat="44.768410" lon="3.230570">
						<ele>1165</ele>
						<time>2026-05-03T21:43:45Z</time>
					</trkpt>
					<trkpt lat="44.768050" lon="3.229740">
						<ele>1166</ele>
						<time>2026-05-03T21:45:17Z</time>
					</trkpt>
					<trkpt lat="44.767900" lon="3.229440">
						<ele>1167</ele>
						<time>2026-05-03T21:45:52Z</time>
					</trkpt>
					<trkpt lat="44.767580" lon="3.229160">
						<ele>1170</ele>
						<time>2026-05-03T21:46:42Z</time>
					</trkpt>
					<trkpt lat="44.767420" lon="3.229000">
						<ele>1172</ele>
						<time>2026-05-03T21:47:08Z</time>
					</trkpt>
					<trkpt lat="44.767290" lon="3.228940">
						<ele>1173</ele>
						<time>2026-05-03T21:47:27Z</time>
					</trkpt>
					<trkpt lat="44.767120" lon="3.228870">
						<ele>1175</ele>
						<time>2026-05-03T21:47:50Z</time>
					</trkpt>
					<trkpt lat="44.766990" lon="3.228810">
						<ele>1176</ele>
						<time>2026-05-03T21:48:08Z</time>
					</trkpt>
					<trkpt lat="44.766740" lon="3.228500">
						<ele>1177</ele>
						<time>2026-05-03T21:48:53Z</time>
					</trkpt>
					<trkpt lat="44.766590" lon="3.228390">
						<ele>1177</ele>
						<time>2026-05-03T21:49:15Z</time>
					</trkpt>
					<trkpt lat="44.766490" lon="3.228260">
						<ele>1177</ele>
						<time>2026-05-03T21:49:34Z</time>
					</trkpt>
					<trkpt lat="44.766320" lon="3.227920">
						<ele>1178</ele>
						<time>2026-05-03T21:50:13Z</time>
					</trkpt>
					<trkpt lat="44.766150" lon="3.227700">
						<ele>1179</ele>
						<time>2026-05-03T21:50:44Z</time>
					</trkpt>
					<trkpt lat="44.765980" lon="3.227370">
						<ele>1180</ele>
						<time>2026-05-03T21:51:22Z</time>
					</trkpt>
					<trkpt lat="44.765590" lon="3.226990">
						<ele>1180</ele>
						<time>2026-05-03T21:52:26Z</time>
					</trkpt>
					<trkpt lat="44.765430" lon="3.226830">
						<ele>1180</ele>
						<time>2026-05-03T21:52:52Z</time>
					</trkpt>
					<trkpt lat="44.765120" lon="3.226430">
						<ele>1180</ele>
						<time>2026-05-03T21:53:48Z</time>
					</trkpt>
					<trkpt lat="44.764600" lon="3.225690">
						<ele>1181</ele>
						<time>2026-05-03T21:55:27Z</time>
					</trkpt>
					<trkpt lat="44.764400" lon="3.225360">
						<ele>1182</ele>
						<time>2026-05-03T21:56:08Z</time>
					</trkpt>
					<trkpt lat="44.764110" lon="3.224670">
						<ele>1183</ele>
						<time>2026-05-03T21:57:24Z</time>
					</trkpt>
					<trkpt lat="44.763930" lon="3.224380">
						<ele>1182</ele>
						<time>2026-05-03T21:58:00Z</time>
					</trkpt>
					<trkpt lat="44.763720" lon="3.223990">
						<ele>1181</ele>
						<time>2026-05-03T21:58:47Z</time>
					</trkpt>
					<trkpt lat="44.763540" lon="3.223610">
						<ele>1180</ele>
						<time>2026-05-03T21:59:30Z</time>
					</trkpt>
					<trkpt lat="44.763270" lon="3.222960">
						<ele>1179</ele>
						<time>2026-05-03T22:00:41Z</time>
					</trkpt>
					<trkpt lat="44.763120" lon="3.222590">
						<ele>1178</ele>
						<time>2026-05-03T22:01:22Z</time>
					</trkpt>
					<trkpt lat="44.763030" lon="3.222410">
						<ele>1178</ele>
						<time>2026-05-03T22:01:42Z</time>
					</trkpt>
					<trkpt lat="44.762880" lon="3.222180">
						<ele>1177</ele>
						<time>2026-05-03T22:02:12Z</time>
					</trkpt>
					<trkpt lat="44.762600" lon="3.221590">
						<ele>1176</ele>
						<time>2026-05-03T22:03:19Z</time>
					</trkpt>
					<trkpt lat="44.762520" lon="3.221330">
						<ele>1176</ele>
						<time>2026-05-03T22:03:46Z</time>
					</trkpt>
					<trkpt lat="44.762350" lon="3.220970">
						<ele>1177</ele>
						<time>2026-05-03T22:04:27Z</time>
					</trkpt>
					<trkpt lat="44.762230" lon="3.220740">
						<ele>1177</ele>
						<time>2026-05-03T22:04:54Z</time>
					</trkpt>
					<trkpt lat="44.762070" lon="3.220530">
						<ele>1177</ele>
						<time>2026-05-03T22:05:23Z</time>
					</trkpt>
					<trkpt lat="44.761840" lon="3.220290">
						<ele>1178</ele>
						<time>2026-05-03T22:06:02Z</time>
					</trkpt>
					<trkpt lat="44.761630" lon="3.219790">
						<ele>1177</ele>
						<time>2026-05-03T22:06:57Z</time>
					</trkpt>
					<trkpt lat="44.761540" lon="3.219610">
						<ele>1176</ele>
						<time>2026-05-03T22:07:17Z</time>
					</trkpt>
					<trkpt lat="44.761390" lon="3.219420">
						<ele>1175</ele>
						<time>2026-05-03T22:07:44Z</time>
					</trkpt>
					<trkpt lat="44.761190" lon="3.219220">
						<ele>1173</ele>
						<time>2026-05-03T22:08:17Z</time>
					</trkpt>
					<trkpt lat="44.761180" lon="3.219110">
						<ele>1173</ele>
						<time>2026-05-03T22:08:28Z</time>
					</trkpt>
					<trkpt lat="44.761130" lon="3.218830">
						<ele>1171</ele>
						<time>2026-05-03T22:08:55Z</time>
					</trkpt>
					<trkpt lat="44.761100" lon="3.218780">
						<ele>1171</ele>
						<time>2026-05-03T22:09:01Z</time>
					</trkpt>
					<trkpt lat="44.761040" lon="3.218760">
						<ele>1171</ele>
						<time>2026-05-03T22:09:09Z</time>
					</trkpt>
					<trkpt lat="44.760970" lon="3.218750">
						<ele>1171</ele>
						<time>2026-05-03T22:09:19Z</time>
					</trkpt>
					<trkpt lat="44.760920" lon="3.218720">
						<ele>1170</ele>
						<time>2026-05-03T22:09:26Z</time>
					</trkpt>
					<trkpt lat="44.760810" lon="3.218720">
						<ele>1170</ele>
						<time>2026-05-03T22:09:41Z</time>
					</trkpt>
					<trkpt lat="44.760710" lon="3.218700">
						<ele>1170</ele>
						<time>2026-05-03T22:09:54Z</time>
					</trkpt>
					<trkpt lat="44.760630" lon="3.218650">
						<ele>1170</ele>
						<time>2026-05-03T22:10:06Z</time>
					</trkpt>
					<trkpt lat="44.760400" lon="3.218410">
						<ele>1169</ele>
						<time>2026-05-03T22:10:44Z</time>
					</trkpt>
					<trkpt lat="44.759910" lon="3.217790">
						<ele>1163</ele>
						<time>2026-05-03T22:12:12Z</time>
					</trkpt>
					<trkpt lat="44.759800" lon="3.217620">
						<ele>1161</ele>
						<time>2026-05-03T22:12:34Z</time>
					</trkpt>
					<trkpt lat="44.759700" lon="3.217490">
						<ele>1159</ele>
						<time>2026-05-03T22:12:52Z</time>
					</trkpt>
					<trkpt lat="44.759260" lon="3.216800">
						<ele>1148</ele>
						<time>2026-05-03T22:14:20Z</time>
					</trkpt>
					<trkpt lat="44.758660" lon="3.215940">
						<ele>1134</ele>
						<time>2026-05-03T22:16:14Z</time>
					</trkpt>
					<trkpt lat="44.758520" lon="3.215830">
						<ele>1132</ele>
						<time>2026-05-03T22:16:35Z</time>
					</trkpt>
					<trkpt lat="44.758250" lon="3.215730">
						<ele>1131</ele>
						<time>2026-05-03T22:17:13Z</time>
					</trkpt>
					<trkpt lat="44.758070" lon="3.215680">
						<ele>1129</ele>
						<time>2026-05-03T22:17:37Z</time>
					</trkpt>
					<trkpt lat="44.757950" lon="3.215670">
						<ele>1128</ele>
						<time>2026-05-03T22:17:53Z</time>
					</trkpt>
					<trkpt lat="44.757840" lon="3.215200">
						<ele>1128</ele>
						<time>2026-05-03T22:18:40Z</time>
					</trkpt>
					<trkpt lat="44.757800" lon="3.214860">
						<ele>1130</ele>
						<time>2026-05-03T22:19:13Z</time>
					</trkpt>
					<trkpt lat="44.757730" lon="3.214640">
						<ele>1133</ele>
						<time>2026-05-03T22:19:36Z</time>
					</trkpt>
					<trkpt lat="44.757650" lon="3.214490">
						<ele>1135</ele>
						<time>2026-05-03T22:19:53Z</time>
					</trkpt>
					<trkpt lat="44.757510" lon="3.214330">
						<ele>1135</ele>
						<time>2026-05-03T22:20:17Z</time>
					</trkpt>
					<trkpt lat="44.757230" lon="3.214090">
						<ele>1137</ele>
						<time>2026-05-03T22:21:01Z</time>
					</trkpt>
					<trkpt lat="44.756970" lon="3.213860">
						<ele>1140</ele>
						<time>2026-05-03T22:21:42Z</time>
					</trkpt>
					<trkpt lat="44.756800" lon="3.213690">
						<ele>1144</ele>
						<time>2026-05-03T22:22:10Z</time>
					</trkpt>
					<trkpt lat="44.756650" lon="3.213530">
						<ele>1148</ele>
						<time>2026-05-03T22:22:35Z</time>
					</trkpt>
					<trkpt lat="44.756510" lon="3.213460">
						<ele>1149</ele>
						<time>2026-05-03T22:22:55Z</time>
					</trkpt>
					<trkpt lat="44.756320" lon="3.213390">
						<ele>1150</ele>
						<time>2026-05-03T22:23:21Z</time>
					</trkpt>
					<trkpt lat="44.756160" lon="3.213340">
						<ele>1150</ele>
						<time>2026-05-03T22:23:43Z</time>
					</trkpt>
					<trkpt lat="44.755970" lon="3.213310">
						<ele>1150</ele>
						<time>2026-05-03T22:24:09Z</time>
					</trkpt>
					<trkpt lat="44.755810" lon="3.213310">
						<ele>1148</ele>
						<time>2026-05-03T22:24:30Z</time>
					</trkpt>
					<trkpt lat="44.755650" lon="3.213280">
						<ele>1148</ele>
						<time>2026-05-03T22:24:51Z</time>
					</trkpt>
					<trkpt lat="44.755110" lon="3.213160">
						<ele>1148</ele>
						<time>2026-05-03T22:26:04Z</time>
					</trkpt>
					<trkpt lat="44.754890" lon="3.213100">
						<ele>1147</ele>
						<time>2026-05-03T22:26:34Z</time>
					</trkpt>
					<trkpt lat="44.754840" lon="3.212980">
						<ele>1149</ele>
						<time>2026-05-03T22:26:47Z</time>
					</trkpt>
					<trkpt lat="44.754690" lon="3.212920">
						<ele>1148</ele>
						<time>2026-05-03T22:27:08Z</time>
					</trkpt>
					<trkpt lat="44.754500" lon="3.212740">
						<ele>1148</ele>
						<time>2026-05-03T22:27:39Z</time>
					</trkpt>
					<trkpt lat="44.754380" lon="3.212530">
						<ele>1150</ele>
						<time>2026-05-03T22:28:04Z</time>
					</trkpt>
					<trkpt lat="44.754300" lon="3.212320">
						<ele>1152</ele>
						<time>2026-05-03T22:28:27Z</time>
					</trkpt>
					<trkpt lat="44.754230" lon="3.212070">
						<ele>1154</ele>
						<time>2026-05-03T22:28:52Z</time>
					</trkpt>
					<trkpt lat="44.754170" lon="3.211990">
						<ele>1154</ele>
						<time>2026-05-03T22:29:03Z</time>
					</trkpt>
					<trkpt lat="44.754100" lon="3.211890">
						<ele>1154</ele>
						<time>2026-05-03T22:29:17Z</time>
					</trkpt>
					<trkpt lat="44.754000" lon="3.211800">
						<ele>1155</ele>
						<time>2026-05-03T22:29:33Z</time>
					</trkpt>
					<trkpt lat="44.753800" lon="3.211730">
						<ele>1154</ele>
						<time>2026-05-03T22:30:00Z</time>
					</trkpt>
					<trkpt lat="44.753640" lon="3.211670">
						<ele>1153</ele>
						<time>2026-05-03T22:30:22Z</time>
					</trkpt>
					<trkpt lat="44.753470" lon="3.211640">
						<ele>1152</ele>
						<time>2026-05-03T22:30:45Z</time>
					</trkpt>
					<trkpt lat="44.753340" lon="3.211640">
						<ele>1150</ele>
						<time>2026-05-03T22:31:02Z</time>
					</trkpt>
					<trkpt lat="44.753180" lon="3.211690">
						<ele>1150</ele>
						<time>2026-05-03T22:31:24Z</time>
					</trkpt>
					<trkpt lat="44.753100" lon="3.211730">
						<ele>1150</ele>
						<time>2026-05-03T22:31:36Z</time>
					</trkpt>
					<trkpt lat="44.753030" lon="3.211780">
						<ele>1149</ele>
						<time>2026-05-03T22:31:46Z</time>
					</trkpt>
					<trkpt lat="44.752810" lon="3.211990">
						<ele>1148</ele>
						<time>2026-05-03T22:32:22Z</time>
					</trkpt>
					<trkpt lat="44.752520" lon="3.212150">
						<ele>1148</ele>
						<time>2026-05-03T22:33:03Z</time>
					</trkpt>
					<trkpt lat="44.752450" lon="3.212230">
						<ele>1148</ele>
						<time>2026-05-03T22:33:15Z</time>
					</trkpt>
					<trkpt lat="44.752410" lon="3.212310">
						<ele>1147</ele>
						<time>2026-05-03T22:33:24Z</time>
					</trkpt>
					<trkpt lat="44.752390" lon="3.212420">
						<ele>1147</ele>
						<time>2026-05-03T22:33:35Z</time>
					</trkpt>
					<trkpt lat="44.752360" lon="3.212560">
						<ele>1146</ele>
						<time>2026-05-03T22:33:49Z</time>
					</trkpt>
					<trkpt lat="44.752350" lon="3.212670">
						<ele>1146</ele>
						<time>2026-05-03T22:34:00Z</time>
					</trkpt>
					<trkpt lat="44.752340" lon="3.212840">
						<ele>1147</ele>
						<time>2026-05-03T22:34:16Z</time>
					</trkpt>
					<trkpt lat="44.752350" lon="3.213010">
						<ele>1146</ele>
						<time>2026-05-03T22:34:32Z</time>
					</trkpt>
					<trkpt lat="44.752390" lon="3.213180">
						<ele>1146</ele>
						<time>2026-05-03T22:34:49Z</time>
					</trkpt>
					<trkpt lat="44.752670" lon="3.214260">
						<ele>1147</ele>
						<time>2026-05-03T22:36:38Z</time>
					</trkpt>
					<trkpt lat="44.752770" lon="3.214610">
						<ele>1144</ele>
						<time>2026-05-03T22:37:14Z</time>
					</trkpt>
					<trkpt lat="44.752830" lon="3.214840">
						<ele>1143</ele>
						<time>2026-05-03T22:37:37Z</time>
					</trkpt>
					<trkpt lat="44.752850" lon="3.215140">
						<ele>1141</ele>
						<time>2026-05-03T22:38:05Z</time>
					</trkpt>
					<trkpt lat="44.752830" lon="3.215410">
						<ele>1139</ele>
						<time>2026-05-03T22:38:31Z</time>
					</trkpt>
					<trkpt lat="44.752800" lon="3.215730">
						<ele>1137</ele>
						<time>2026-05-03T22:39:02Z</time>
					</trkpt>
					<trkpt lat="44.752760" lon="3.216010">
						<ele>1134</ele>
						<time>2026-05-03T22:39:29Z</time>
					</trkpt>
					<trkpt lat="44.752720" lon="3.216150">
						<ele>1133</ele>
						<time>2026-05-03T22:39:43Z</time>
					</trkpt>
					<trkpt lat="44.752610" lon="3.216400">
						<ele>1132</ele>
						<time>2026-05-03T22:40:11Z</time>
					</trkpt>
					<trkpt lat="44.751660" lon="3.217620">
						<ele>1129</ele>
						<time>2026-05-03T22:43:02Z</time>
					</trkpt>
					<trkpt lat="44.751430" lon="3.217880">
						<ele>1126</ele>
						<time>2026-05-03T22:43:42Z</time>
					</trkpt>
					<trkpt lat="44.751070" lon="3.218250">
						<ele>1121</ele>
						<time>2026-05-03T22:44:41Z</time>
					</trkpt>
					<trkpt lat="44.750440" lon="3.218870">
						<ele>1119</ele>
						<time>2026-05-03T22:46:24Z</time>
					</trkpt>
					<trkpt lat="44.749960" lon="3.219290">
						<ele>1116</ele>
						<time>2026-05-03T22:47:39Z</time>
					</trkpt>
					<trkpt lat="44.749860" lon="3.219410">
						<ele>1115</ele>
						<time>2026-05-03T22:47:57Z</time>
					</trkpt>
					<trkpt lat="44.749230" lon="3.220200">
						<ele>1109</ele>
						<time>2026-05-03T22:49:49Z</time>
					</trkpt>
					<trkpt lat="44.748810" lon="3.220750">
						<ele>1105</ele>
						<time>2026-05-03T22:51:06Z</time>
					</trkpt>
					<trkpt lat="44.748540" lon="3.221130">
						<ele>1105</ele>
						<time>2026-05-03T22:51:57Z</time>
					</trkpt>
					<trkpt lat="44.748450" lon="3.221280">
						<ele>1105</ele>
						<time>2026-05-03T22:52:15Z</time>
					</trkpt>
					<trkpt lat="44.748380" lon="3.221420">
						<ele>1105</ele>
						<time>2026-05-03T22:52:32Z</time>
					</trkpt>
					<trkpt lat="44.748330" lon="3.221610">
						<ele>1105</ele>
						<time>2026-05-03T22:52:51Z</time>
					</trkpt>
					<trkpt lat="44.748250" lon="3.222010">
						<ele>1106</ele>
						<time>2026-05-03T22:53:30Z</time>
					</trkpt>
					<trkpt lat="44.748180" lon="3.222650">
						<ele>1107</ele>
						<time>2026-05-03T22:54:32Z</time>
					</trkpt>
					<trkpt lat="44.748150" lon="3.222680">
						<ele>1107</ele>
						<time>2026-05-03T22:54:37Z</time>
					</trkpt>
					<trkpt lat="44.748230" lon="3.222940">
						<ele>1105</ele>
						<time>2026-05-03T22:55:03Z</time>
					</trkpt>
					<trkpt lat="44.748290" lon="3.223130">
						<ele>1103</ele>
						<time>2026-05-03T22:55:23Z</time>
					</trkpt>
					<trkpt lat="44.748410" lon="3.223070">
						<ele>1104</ele>
						<time>2026-05-03T22:55:40Z</time>
					</trkpt>
					<trkpt lat="44.748460" lon="3.223060">
						<ele>1104</ele>
						<time>2026-05-03T22:55:47Z</time>
					</trkpt>
					<trkpt lat="44.748410" lon="3.223070">
						<ele>1104</ele>
						<time>2026-05-03T22:55:54Z</time>
					</trkpt>
					<trkpt lat="44.748290" lon="3.223130">
						<ele>1103</ele>
						<time>2026-05-03T22:56:11Z</time>
					</trkpt>
					<trkpt lat="44.748410" lon="3.223520">
						<ele>1101</ele>
						<time>2026-05-03T22:56:51Z</time>
					</trkpt>
					<trkpt lat="44.748350" lon="3.223770">
						<ele>1099</ele>
						<time>2026-05-03T22:57:16Z</time>
					</trkpt>
					<trkpt lat="44.748180" lon="3.224270">
						<ele>1097</ele>
						<time>2026-05-03T22:58:08Z</time>
					</trkpt>
					<trkpt lat="44.748160" lon="3.224450">
						<ele>1096</ele>
						<time>2026-05-03T22:58:26Z</time>
					</trkpt>
					<trkpt lat="44.748070" lon="3.224560">
						<ele>1096</ele>
						<time>2026-05-03T22:58:42Z</time>
					</trkpt>
					<trkpt lat="44.748020" lon="3.224610">
						<ele>1096</ele>
						<time>2026-05-03T22:58:50Z</time>
					</trkpt>
					<trkpt lat="44.747930" lon="3.224760">
						<ele>1095</ele>
						<time>2026-05-03T22:59:08Z</time>
					</trkpt>
					<trkpt lat="44.747830" lon="3.224960">
						<ele>1095</ele>
						<time>2026-05-03T22:59:32Z</time>
					</trkpt>
					<trkpt lat="44.747770" lon="3.225180">
						<ele>1092</ele>
						<time>2026-05-03T22:59:54Z</time>
					</trkpt>
					<trkpt lat="44.747730" lon="3.225850">
						<ele>1084</ele>
						<time>2026-05-03T23:00:58Z</time>
					</trkpt>
					<trkpt lat="44.747670" lon="3.226100">
						<ele>1083</ele>
						<time>2026-05-03T23:01:23Z</time>
					</trkpt>
					<trkpt lat="44.747490" lon="3.226560">
						<ele>1083</ele>
						<time>2026-05-03T23:02:12Z</time>
					</trkpt>
					<trkpt lat="44.747470" lon="3.226640">
						<ele>1082</ele>
						<time>2026-05-03T23:02:20Z</time>
					</trkpt>
					<trkpt lat="44.747720" lon="3.226930">
						<ele>1080</ele>
						<time>2026-05-03T23:03:04Z</time>
					</trkpt>
					<trkpt lat="44.747870" lon="3.227080">
						<ele>1079</ele>
						<time>2026-05-03T23:03:28Z</time>
					</trkpt>
					<trkpt lat="44.747940" lon="3.227140">
						<ele>1078</ele>
						<time>2026-05-03T23:03:39Z</time>
					</trkpt>
					<trkpt lat="44.748010" lon="3.227170">
						<ele>1078</ele>
						<time>2026-05-03T23:03:49Z</time>
					</trkpt>
					<trkpt lat="44.748140" lon="3.227280">
						<ele>1077</ele>
						<time>2026-05-03T23:04:09Z</time>
					</trkpt>
					<trkpt lat="44.748280" lon="3.227460">
						<ele>1077</ele>
						<time>2026-05-03T23:04:34Z</time>
					</trkpt>
					<trkpt lat="44.748370" lon="3.227580">
						<ele>1077</ele>
						<time>2026-05-03T23:04:51Z</time>
					</trkpt>
					<trkpt lat="44.748420" lon="3.227740">
						<ele>1076</ele>
						<time>2026-05-03T23:05:08Z</time>
					</trkpt>
					<trkpt lat="44.748480" lon="3.228260">
						<ele>1075</ele>
						<time>2026-05-03T23:05:57Z</time>
					</trkpt>
					<trkpt lat="44.748510" lon="3.228320">
						<ele>1075</ele>
						<time>2026-05-03T23:06:04Z</time>
					</trkpt>
					<trkpt lat="44.748490" lon="3.228550">
						<ele>1074</ele>
						<time>2026-05-03T23:06:26Z</time>
					</trkpt>
					<trkpt lat="44.748550" lon="3.228750">
						<ele>1072</ele>
						<time>2026-05-03T23:06:47Z</time>
					</trkpt>
					<trkpt lat="44.748540" lon="3.228850">
						<ele>1072</ele>
						<time>2026-05-03T23:06:57Z</time>
					</trkpt>
					<trkpt lat="44.748480" lon="3.229010">
						<ele>1072</ele>
						<time>2026-05-03T23:07:14Z</time>
					</trkpt>
					<trkpt lat="44.748470" lon="3.229110">
						<ele>1071</ele>
						<time>2026-05-03T23:07:23Z</time>
					</trkpt>
					<trkpt lat="44.748470" lon="3.229230">
						<ele>1070</ele>
						<time>2026-05-03T23:07:35Z</time>
					</trkpt>
					<trkpt lat="44.748540" lon="3.229600">
						<ele>1067</ele>
						<time>2026-05-03T23:08:11Z</time>
					</trkpt>
					<trkpt lat="44.748620" lon="3.229800">
						<ele>1067</ele>
						<time>2026-05-03T23:08:33Z</time>
					</trkpt>
					<trkpt lat="44.748670" lon="3.229860">
						<ele>1067</ele>
						<time>2026-05-03T23:08:41Z</time>
					</trkpt>
					<trkpt lat="44.748660" lon="3.229930">
						<ele>1066</ele>
						<time>2026-05-03T23:08:48Z</time>
					</trkpt>
					<trkpt lat="44.748610" lon="3.230030">
						<ele>1065</ele>
						<time>2026-05-03T23:09:00Z</time>
					</trkpt>
					<trkpt lat="44.748530" lon="3.230230">
						<ele>1064</ele>
						<time>2026-05-03T23:09:22Z</time>
					</trkpt>
					<trkpt lat="44.748480" lon="3.230310">
						<ele>1063</ele>
						<time>2026-05-03T23:09:32Z</time>
					</trkpt>
					<trkpt lat="44.748480" lon="3.230370">
						<ele>1064</ele>
						<time>2026-05-03T23:09:37Z</time>
					</trkpt>
					<trkpt lat="44.748310" lon="3.230810">
						<ele>1061</ele>
						<time>2026-05-03T23:10:25Z</time>
					</trkpt>
					<trkpt lat="44.748250" lon="3.231060">
						<ele>1061</ele>
						<time>2026-05-03T23:10:50Z</time>
					</trkpt>
					<trkpt lat="44.748250" lon="3.231220">
						<ele>1062</ele>
						<time>2026-05-03T23:11:05Z</time>
					</trkpt>
					<trkpt lat="44.748230" lon="3.231330">
						<ele>1063</ele>
						<time>2026-05-03T23:11:16Z</time>
					</trkpt>
					<trkpt lat="44.748200" lon="3.231620">
						<ele>1064</ele>
						<time>2026-05-03T23:11:44Z</time>
					</trkpt>
					<trkpt lat="44.748190" lon="3.231900">
						<ele>1066</ele>
						<time>2026-05-03T23:12:10Z</time>
					</trkpt>
					<trkpt lat="44.748210" lon="3.232050">
						<ele>1067</ele>
						<time>2026-05-03T23:12:25Z</time>
					</trkpt>
					<trkpt lat="44.748280" lon="3.232340">
						<ele>1069</ele>
						<time>2026-05-03T23:12:54Z</time>
					</trkpt>
					<trkpt lat="44.748360" lon="3.232550">
						<ele>1069</ele>
						<time>2026-05-03T23:13:16Z</time>
					</trkpt>
					<trkpt lat="44.748410" lon="3.232760">
						<ele>1067</ele>
						<time>2026-05-03T23:13:37Z</time>
					</trkpt>
					<trkpt lat="44.748470" lon="3.232890">
						<ele>1066</ele>
						<time>2026-05-03T23:13:52Z</time>
					</trkpt>
					<trkpt lat="44.748560" lon="3.232990">
						<ele>1064</ele>
						<time>2026-05-03T23:14:07Z</time>
					</trkpt>
					<trkpt lat="44.748720" lon="3.233060">
						<ele>1063</ele>
						<time>2026-05-03T23:14:30Z</time>
					</trkpt>
					<trkpt lat="44.748940" lon="3.233090">
						<ele>1062</ele>
						<time>2026-05-03T23:14:59Z</time>
					</trkpt>
					<trkpt lat="44.749070" lon="3.233140">
						<ele>1061</ele>
						<time>2026-05-03T23:15:17Z</time>
					</trkpt>
					<trkpt lat="44.749200" lon="3.233230">
						<ele>1059</ele>
						<time>2026-05-03T23:15:36Z</time>
					</trkpt>
					<trkpt lat="44.749330" lon="3.233270">
						<ele>1058</ele>
						<time>2026-05-03T23:15:54Z</time>
					</trkpt>
					<trkpt lat="44.749470" lon="3.233360">
						<ele>1057</ele>
						<time>2026-05-03T23:16:15Z</time>
					</trkpt>
					<trkpt lat="44.749550" lon="3.233420">
						<ele>1056</ele>
						<time>2026-05-03T23:16:27Z</time>
					</trkpt>
					<trkpt lat="44.749650" lon="3.233550">
						<ele>1054</ele>
						<time>2026-05-03T23:16:45Z</time>
					</trkpt>
					<trkpt lat="44.749790" lon="3.233700">
						<ele>1051</ele>
						<time>2026-05-03T23:17:08Z</time>
					</trkpt>
					<trkpt lat="44.749920" lon="3.233730">
						<ele>1051</ele>
						<time>2026-05-03T23:17:26Z</time>
					</trkpt>
					<trkpt lat="44.749960" lon="3.233760">
						<ele>1051</ele>
						<time>2026-05-03T23:17:32Z</time>
					</trkpt>
					<trkpt lat="44.750010" lon="3.233780">
						<ele>1051</ele>
						<time>2026-05-03T23:17:39Z</time>
					</trkpt>
					<trkpt lat="44.750060" lon="3.233950">
						<ele>1049</ele>
						<time>2026-05-03T23:17:56Z</time>
					</trkpt>
					<trkpt lat="44.750170" lon="3.234060">
						<ele>1048</ele>
						<time>2026-05-03T23:18:14Z</time>
					</trkpt>
					<trkpt lat="44.750240" lon="3.234180">
						<ele>1047</ele>
						<time>2026-05-03T23:18:29Z</time>
					</trkpt>
					<trkpt lat="44.750280" lon="3.234310">
						<ele>1046</ele>
						<time>2026-05-03T23:18:43Z</time>
					</trkpt>
					<trkpt lat="44.750200" lon="3.234490">
						<ele>1044</ele>
						<time>2026-05-03T23:19:03Z</time>
					</trkpt>
					<trkpt lat="44.750100" lon="3.234560">
						<ele>1042</ele>
						<time>2026-05-03T23:19:18Z</time>
					</trkpt>
					<trkpt lat="44.749990" lon="3.234660">
						<ele>1041</ele>
						<time>2026-05-03T23:19:35Z</time>
					</trkpt>
					<trkpt lat="44.749940" lon="3.234790">
						<ele>1039</ele>
						<time>2026-05-03T23:19:49Z</time>
					</trkpt>
					<trkpt lat="44.749890" lon="3.235030">
						<ele>1038</ele>
						<time>2026-05-03T23:20:13Z</time>
					</trkpt>
					<trkpt lat="44.749840" lon="3.235180">
						<ele>1038</ele>
						<time>2026-05-03T23:20:28Z</time>
					</trkpt>
					<trkpt lat="44.749780" lon="3.235260">
						<ele>1037</ele>
						<time>2026-05-03T23:20:39Z</time>
					</trkpt>
					<trkpt lat="44.749740" lon="3.235350">
						<ele>1037</ele>
						<time>2026-05-03T23:20:50Z</time>
					</trkpt>
					<trkpt lat="44.749710" lon="3.235490">
						<ele>1037</ele>
						<time>2026-05-03T23:21:03Z</time>
					</trkpt>
					<trkpt lat="44.749650" lon="3.235840">
						<ele>1037</ele>
						<time>2026-05-03T23:21:38Z</time>
					</trkpt>
					<trkpt lat="44.749640" lon="3.236080">
						<ele>1039</ele>
						<time>2026-05-03T23:22:00Z</time>
					</trkpt>
					<trkpt lat="44.749640" lon="3.236390">
						<ele>1041</ele>
						<time>2026-05-03T23:22:30Z</time>
					</trkpt>
					<trkpt lat="44.749650" lon="3.236730">
						<ele>1044</ele>
						<time>2026-05-03T23:23:02Z</time>
					</trkpt>
					<trkpt lat="44.749700" lon="3.236960">
						<ele>1046</ele>
						<time>2026-05-03T23:23:25Z</time>
					</trkpt>
					<trkpt lat="44.749700" lon="3.237200">
						<ele>1048</ele>
						<time>2026-05-03T23:23:47Z</time>
					</trkpt>
					<trkpt lat="44.749670" lon="3.237660">
						<ele>1051</ele>
						<time>2026-05-03T23:24:31Z</time>
					</trkpt>
					<trkpt lat="44.749560" lon="3.238070">
						<ele>1050</ele>
						<time>2026-05-03T23:25:13Z</time>
					</trkpt>
					<trkpt lat="44.749350" lon="3.238510">
						<ele>1045</ele>
						<time>2026-05-03T23:26:03Z</time>
					</trkpt>
					<trkpt lat="44.749240" lon="3.238670">
						<ele>1042</ele>
						<time>2026-05-03T23:26:24Z</time>
					</trkpt>
					<trkpt lat="44.749220" lon="3.238730">
						<ele>1041</ele>
						<time>2026-05-03T23:26:30Z</time>
					</trkpt>
					<trkpt lat="44.749240" lon="3.238850">
						<ele>1042</ele>
						<time>2026-05-03T23:26:42Z</time>
					</trkpt>
					<trkpt lat="44.749280" lon="3.238990">
						<ele>1043</ele>
						<time>2026-05-03T23:26:56Z</time>
					</trkpt>
					<trkpt lat="44.749610" lon="3.239700">
						<ele>1049</ele>
						<time>2026-05-03T23:28:17Z</time>
					</trkpt>
					<trkpt lat="44.749670" lon="3.239860">
						<ele>1049</ele>
						<time>2026-05-03T23:28:34Z</time>
					</trkpt>
					<trkpt lat="44.749730" lon="3.240070">
						<ele>1049</ele>
						<time>2026-05-03T23:28:55Z</time>
					</trkpt>
					<trkpt lat="44.749760" lon="3.240250">
						<ele>1049</ele>
						<time>2026-05-03T23:29:13Z</time>
					</trkpt>
					<trkpt lat="44.749780" lon="3.240420">
						<ele>1048</ele>
						<time>2026-05-03T23:29:29Z</time>
					</trkpt>
					<trkpt lat="44.749820" lon="3.240610">
						<ele>1048</ele>
						<time>2026-05-03T23:29:48Z</time>
					</trkpt>
					<trkpt lat="44.749930" lon="3.240950">
						<ele>1047</ele>
						<time>2026-05-03T23:30:23Z</time>
					</trkpt>
					<trkpt lat="44.749930" lon="3.241090">
						<ele>1046</ele>
						<time>2026-05-03T23:30:37Z</time>
					</trkpt>
					<trkpt lat="44.749930" lon="3.241310">
						<ele>1044</ele>
						<time>2026-05-03T23:30:58Z</time>
					</trkpt>
					<trkpt lat="44.749850" lon="3.242170">
						<ele>1040</ele>
						<time>2026-05-03T23:32:20Z</time>
					</trkpt>
					<trkpt lat="44.749870" lon="3.242310">
						<ele>1039</ele>
						<time>2026-05-03T23:32:33Z</time>
					</trkpt>
					<trkpt lat="44.749910" lon="3.242430">
						<ele>1038</ele>
						<time>2026-05-03T23:32:46Z</time>
					</trkpt>
					<trkpt lat="44.750070" lon="3.242890">
						<ele>1037</ele>
						<time>2026-05-03T23:33:34Z</time>
					</trkpt>
					<trkpt lat="44.750120" lon="3.243090">
						<ele>1038</ele>
						<time>2026-05-03T23:33:55Z</time>
					</trkpt>
					<trkpt lat="44.750210" lon="3.243470">
						<ele>1040</ele>
						<time>2026-05-03T23:34:32Z</time>
					</trkpt>
					<trkpt lat="44.750240" lon="3.243630">
						<ele>1042</ele>
						<time>2026-05-03T23:34:48Z</time>
					</trkpt>
					<trkpt lat="44.750250" lon="3.243760">
						<ele>1042</ele>
						<time>2026-05-03T23:35:01Z</time>
					</trkpt>
					<trkpt lat="44.750240" lon="3.243900">
						<ele>1042</ele>
						<time>2026-05-03T23:35:14Z</time>
					</trkpt>
					<trkpt lat="44.750160" lon="3.244230">
						<ele>1040</ele>
						<time>2026-05-03T23:35:47Z</time>
					</trkpt>
					<trkpt lat="44.750100" lon="3.244400">
						<ele>1040</ele>
						<time>2026-05-03T23:36:05Z</time>
					</trkpt>
					<trkpt lat="44.749930" lon="3.244770">
						<ele>1039</ele>
						<time>2026-05-03T23:36:47Z</time>
					</trkpt>
					<trkpt lat="44.749870" lon="3.244980">
						<ele>1041</ele>
						<time>2026-05-03T23:37:08Z</time>
					</trkpt>
					<trkpt lat="44.749830" lon="3.245170">
						<ele>1043</ele>
						<time>2026-05-03T23:37:27Z</time>
					</trkpt>
					<trkpt lat="44.749760" lon="3.245360">
						<ele>1045</ele>
						<time>2026-05-03T23:37:47Z</time>
					</trkpt>
					<trkpt lat="44.749590" lon="3.245670">
						<ele>1045</ele>
						<time>2026-05-03T23:38:24Z</time>
					</trkpt>
					<trkpt lat="44.749320" lon="3.246140">
						<ele>1039</ele>
						<time>2026-05-03T23:39:22Z</time>
					</trkpt>
					<trkpt lat="44.749260" lon="3.246300">
						<ele>1037</ele>
						<time>2026-05-03T23:39:39Z</time>
					</trkpt>
					<trkpt lat="44.749220" lon="3.246540">
						<ele>1034</ele>
						<time>2026-05-03T23:40:02Z</time>
					</trkpt>
					<trkpt lat="44.749170" lon="3.246970">
						<ele>1031</ele>
						<time>2026-05-03T23:40:43Z</time>
					</trkpt>
					<trkpt lat="44.749130" lon="3.247150">
						<ele>1032</ele>
						<time>2026-05-03T23:41:01Z</time>
					</trkpt>
					<trkpt lat="44.749080" lon="3.247290">
						<ele>1032</ele>
						<time>2026-05-03T23:41:16Z</time>
					</trkpt>
					<trkpt lat="44.749060" lon="3.247630">
						<ele>1033</ele>
						<time>2026-05-03T23:41:48Z</time>
					</trkpt>
					<trkpt lat="44.749000" lon="3.248200">
						<ele>1033</ele>
						<time>2026-05-03T23:42:43Z</time>
					</trkpt>
					<trkpt lat="44.748970" lon="3.248550">
						<ele>1033</ele>
						<time>2026-05-03T23:43:17Z</time>
					</trkpt>
					<trkpt lat="44.748900" lon="3.248960">
						<ele>1031</ele>
						<time>2026-05-03T23:43:56Z</time>
					</trkpt>
					<trkpt lat="44.748870" lon="3.249330">
						<ele>1029</ele>
						<time>2026-05-03T23:44:32Z</time>
					</trkpt>
					<trkpt lat="44.748850" lon="3.249550">
						<ele>1028</ele>
						<time>2026-05-03T23:44:53Z</time>
					</trkpt>
					<trkpt lat="44.748820" lon="3.249790">
						<ele>1026</ele>
						<time>2026-05-03T23:45:16Z</time>
					</trkpt>
					<trkpt lat="44.748860" lon="3.250260">
						<ele>1021</ele>
						<time>2026-05-03T23:46:01Z</time>
					</trkpt>
					<trkpt lat="44.748890" lon="3.250390">
						<ele>1019</ele>
						<time>2026-05-03T23:46:14Z</time>
					</trkpt>
					<trkpt lat="44.748950" lon="3.250500">
						<ele>1017</ele>
						<time>2026-05-03T23:46:27Z</time>
					</trkpt>
					<trkpt lat="44.749040" lon="3.250560">
						<ele>1017</ele>
						<time>2026-05-03T23:46:40Z</time>
					</trkpt>
					<trkpt lat="44.749250" lon="3.250550">
						<ele>1018</ele>
						<time>2026-05-03T23:47:08Z</time>
					</trkpt>
					<trkpt lat="44.749710" lon="3.250440">
						<ele>1022</ele>
						<time>2026-05-03T23:48:10Z</time>
					</trkpt>
					<trkpt lat="44.749750" lon="3.250500">
						<ele>1021</ele>
						<time>2026-05-03T23:48:18Z</time>
					</trkpt>
					<trkpt lat="44.749580" lon="3.250580">
						<ele>1018</ele>
						<time>2026-05-03T23:48:42Z</time>
					</trkpt>
					<trkpt lat="44.749360" lon="3.250670">
						<ele>1016</ele>
						<time>2026-05-03T23:49:13Z</time>
					</trkpt>
					<trkpt lat="44.748980" lon="3.250830">
						<ele>1012</ele>
						<time>2026-05-03T23:50:06Z</time>
					</trkpt>
					<trkpt lat="44.748670" lon="3.250890">
						<ele>1011</ele>
						<time>2026-05-03T23:50:47Z</time>
					</trkpt>
					<trkpt lat="44.748600" lon="3.250890">
						<ele>1011</ele>
						<time>2026-05-03T23:50:57Z</time>
					</trkpt>
					<trkpt lat="44.748320" lon="3.250910">
						<ele>1011</ele>
						<time>2026-05-03T23:51:34Z</time>
					</trkpt>
					<trkpt lat="44.748140" lon="3.250890">
						<ele>1014</ele>
						<time>2026-05-03T23:51:58Z</time>
					</trkpt>
					<trkpt lat="44.748060" lon="3.250890">
						<ele>1016</ele>
						<time>2026-05-03T23:52:09Z</time>
					</trkpt>
					<trkpt lat="44.747740" lon="3.250980">
						<ele>1021</ele>
						<time>2026-05-03T23:52:52Z</time>
					</trkpt>
					<trkpt lat="44.747410" lon="3.251130">
						<ele>1023</ele>
						<time>2026-05-03T23:53:39Z</time>
					</trkpt>
					<trkpt lat="44.747130" lon="3.251280">
						<ele>1024</ele>
						<time>2026-05-03T23:54:19Z</time>
					</trkpt>
					<trkpt lat="44.746790" lon="3.251460">
						<ele>1024</ele>
						<time>2026-05-03T23:55:07Z</time>
					</trkpt>
					<trkpt lat="44.746580" lon="3.251600">
						<ele>1023</ele>
						<time>2026-05-03T23:55:38Z</time>
					</trkpt>
					<trkpt lat="44.746350" lon="3.251690">
						<ele>1024</ele>
						<time>2026-05-03T23:56:10Z</time>
					</trkpt>
					<trkpt lat="44.746180" lon="3.251690">
						<ele>1026</ele>
						<time>2026-05-03T23:56:33Z</time>
					</trkpt>
					<trkpt lat="44.746030" lon="3.251800">
						<ele>1026</ele>
						<time>2026-05-03T23:56:55Z</time>
					</trkpt>
					<trkpt lat="44.745930" lon="3.251880">
						<ele>1026</ele>
						<time>2026-05-03T23:57:11Z</time>
					</trkpt>
					<trkpt lat="44.745850" lon="3.252020">
						<ele>1026</ele>
						<time>2026-05-03T23:57:28Z</time>
					</trkpt>
					<trkpt lat="44.745830" lon="3.252210">
						<ele>1024</ele>
						<time>2026-05-03T23:57:46Z</time>
					</trkpt>
					<trkpt lat="44.745780" lon="3.252430">
						<ele>1023</ele>
						<time>2026-05-03T23:58:08Z</time>
					</trkpt>
					<trkpt lat="44.745690" lon="3.252660">
						<ele>1024</ele>
						<time>2026-05-03T23:58:33Z</time>
					</trkpt>
					<trkpt lat="44.745560" lon="3.252880">
						<ele>1026</ele>
						<time>2026-05-03T23:59:00Z</time>
					</trkpt>
					<trkpt lat="44.745470" lon="3.252970">
						<ele>1027</ele>
						<time>2026-05-03T23:59:15Z</time>
					</trkpt>
					<trkpt lat="44.745440" lon="3.253040">
						<ele>1028</ele>
						<time>2026-05-03T23:59:22Z</time>
					</trkpt>
					<trkpt lat="44.745350" lon="3.253120">
						<ele>1029</ele>
						<time>2026-05-03T23:59:36Z</time>
					</trkpt>
					<trkpt lat="44.745270" lon="3.253170">
						<ele>1030</ele>
						<time>2026-05-03T23:59:48Z</time>
					</trkpt>
					<trkpt lat="44.745050" lon="3.253290">
						<ele>1031</ele>
						<time>2026-05-04T00:00:20Z</time>
					</trkpt>
					<trkpt lat="44.744970" lon="3.253320">
						<ele>1032</ele>
						<time>2026-05-04T00:00:31Z</time>
					</trkpt>
					<trkpt lat="44.744890" lon="3.253380">
						<ele>1033</ele>
						<time>2026-05-04T00:00:43Z</time>
					</trkpt>
					<trkpt lat="44.744750" lon="3.253540">
						<ele>1037</ele>
						<time>2026-05-04T00:01:07Z</time>
					</trkpt>
					<trkpt lat="44.744620" lon="3.253670">
						<ele>1039</ele>
						<time>2026-05-04T00:01:28Z</time>
					</trkpt>
					<trkpt lat="44.744550" lon="3.253700">
						<ele>1040</ele>
						<time>2026-05-04T00:01:38Z</time>
					</trkpt>
					<trkpt lat="44.744300" lon="3.253630">
						<ele>1041</ele>
						<time>2026-05-04T00:02:12Z</time>
					</trkpt>
					<trkpt lat="44.744250" lon="3.253650">
						<ele>1042</ele>
						<time>2026-05-04T00:02:19Z</time>
					</trkpt>
					<trkpt lat="44.744230" lon="3.253690">
						<ele>1042</ele>
						<time>2026-05-04T00:02:23Z</time>
					</trkpt>
					<trkpt lat="44.744240" lon="3.253740">
						<ele>1043</ele>
						<time>2026-05-04T00:02:28Z</time>
					</trkpt>
					<trkpt lat="44.744310" lon="3.253790">
						<ele>1043</ele>
						<time>2026-05-04T00:02:39Z</time>
					</trkpt>
					<trkpt lat="44.744380" lon="3.253860">
						<ele>1044</ele>
						<time>2026-05-04T00:02:50Z</time>
					</trkpt>
					<trkpt lat="44.744410" lon="3.254200">
						<ele>1048</ele>
						<time>2026-05-04T00:03:23Z</time>
					</trkpt>
					<trkpt lat="44.744400" lon="3.254370">
						<ele>1049</ele>
						<time>2026-05-04T00:03:39Z</time>
					</trkpt>
					<trkpt lat="44.744340" lon="3.254490">
						<ele>1051</ele>
						<time>2026-05-04T00:03:53Z</time>
					</trkpt>
					<trkpt lat="44.744020" lon="3.254970">
						<ele>1057</ele>
						<time>2026-05-04T00:04:55Z</time>
					</trkpt>
					<trkpt lat="44.743930" lon="3.255040">
						<ele>1058</ele>
						<time>2026-05-04T00:05:09Z</time>
					</trkpt>
					<trkpt lat="44.743810" lon="3.255140">
						<ele>1060</ele>
						<time>2026-05-04T00:05:28Z</time>
					</trkpt>
					<trkpt lat="44.743640" lon="3.255450">
						<ele>1063</ele>
						<time>2026-05-04T00:06:05Z</time>
					</trkpt>
					<trkpt lat="44.743600" lon="3.255640">
						<ele>1063</ele>
						<time>2026-05-04T00:06:24Z</time>
					</trkpt>
					<trkpt lat="44.743520" lon="3.255820">
						<ele>1065</ele>
						<time>2026-05-04T00:06:44Z</time>
					</trkpt>
					<trkpt lat="44.743370" lon="3.256100">
						<ele>1065</ele>
						<time>2026-05-04T00:07:17Z</time>
					</trkpt>
					<trkpt lat="44.742950" lon="3.256320">
						<ele>1065</ele>
						<time>2026-05-04T00:08:17Z</time>
					</trkpt>
					<trkpt lat="44.742860" lon="3.256320">
						<ele>1065</ele>
						<time>2026-05-04T00:08:29Z</time>
					</trkpt>
					<trkpt lat="44.742780" lon="3.256320">
						<ele>1065</ele>
						<time>2026-05-04T00:08:39Z</time>
					</trkpt>
					<trkpt lat="44.742380" lon="3.256580">
						<ele>1063</ele>
						<time>2026-05-04T00:09:38Z</time>
					</trkpt>
					<trkpt lat="44.742170" lon="3.256770">
						<ele>1061</ele>
						<time>2026-05-04T00:10:11Z</time>
					</trkpt>
					<trkpt lat="44.742020" lon="3.256920">
						<ele>1060</ele>
						<time>2026-05-04T00:10:36Z</time>
					</trkpt>
					<trkpt lat="44.741850" lon="3.257120">
						<ele>1058</ele>
						<time>2026-05-04T00:11:06Z</time>
					</trkpt>
					<trkpt lat="44.741740" lon="3.257280">
						<ele>1056</ele>
						<time>2026-05-04T00:11:27Z</time>
					</trkpt>
					<trkpt lat="44.741640" lon="3.257410">
						<ele>1055</ele>
						<time>2026-05-04T00:11:45Z</time>
					</trkpt>
					<trkpt lat="44.741450" lon="3.257670">
						<ele>1053</ele>
						<time>2026-05-04T00:12:20Z</time>
					</trkpt>
					<trkpt lat="44.741340" lon="3.257880">
						<ele>1052</ele>
						<time>2026-05-04T00:12:45Z</time>
					</trkpt>
					<trkpt lat="44.741260" lon="3.258190">
						<ele>1051</ele>
						<time>2026-05-04T00:13:16Z</time>
					</trkpt>
					<trkpt lat="44.741230" lon="3.258400">
						<ele>1050</ele>
						<time>2026-05-04T00:13:37Z</time>
					</trkpt>
					<trkpt lat="44.741200" lon="3.258590">
						<ele>1050</ele>
						<time>2026-05-04T00:13:55Z</time>
					</trkpt>
					<trkpt lat="44.741210" lon="3.258740">
						<ele>1049</ele>
						<time>2026-05-04T00:14:09Z</time>
					</trkpt>
					<trkpt lat="44.741230" lon="3.258850">
						<ele>1049</ele>
						<time>2026-05-04T00:14:20Z</time>
					</trkpt>
					<trkpt lat="44.741290" lon="3.259040">
						<ele>1050</ele>
						<time>2026-05-04T00:14:40Z</time>
					</trkpt>
					<trkpt lat="44.741330" lon="3.259090">
						<ele>1050</ele>
						<time>2026-05-04T00:14:47Z</time>
					</trkpt>
					<trkpt lat="44.741300" lon="3.259200">
						<ele>1050</ele>
						<time>2026-05-04T00:14:58Z</time>
					</trkpt>
					<trkpt lat="44.741290" lon="3.259450">
						<ele>1049</ele>
						<time>2026-05-04T00:15:22Z</time>
					</trkpt>
					<trkpt lat="44.741250" lon="3.259680">
						<ele>1047</ele>
						<time>2026-05-04T00:15:44Z</time>
					</trkpt>
					<trkpt lat="44.741230" lon="3.259940">
						<ele>1046</ele>
						<time>2026-05-04T00:16:09Z</time>
					</trkpt>
					<trkpt lat="44.741220" lon="3.260280">
						<ele>1045</ele>
						<time>2026-05-04T00:16:41Z</time>
					</trkpt>
					<trkpt lat="44.741180" lon="3.260730">
						<ele>1043</ele>
						<time>2026-05-04T00:17:24Z</time>
					</trkpt>
					<trkpt lat="44.741230" lon="3.260950">
						<ele>1043</ele>
						<time>2026-05-04T00:17:46Z</time>
					</trkpt>
					<trkpt lat="44.741340" lon="3.261650">
						<ele>1043</ele>
						<time>2026-05-04T00:18:54Z</time>
					</trkpt>
					<trkpt lat="44.741310" lon="3.261930">
						<ele>1042</ele>
						<time>2026-05-04T00:19:21Z</time>
					</trkpt>
					<trkpt lat="44.741240" lon="3.262260">
						<ele>1040</ele>
						<time>2026-05-04T00:19:54Z</time>
					</trkpt>
					<trkpt lat="44.741200" lon="3.262470">
						<ele>1039</ele>
						<time>2026-05-04T00:20:14Z</time>
					</trkpt>
					<trkpt lat="44.741210" lon="3.262700">
						<ele>1038</ele>
						<time>2026-05-04T00:20:36Z</time>
					</trkpt>
					<trkpt lat="44.741240" lon="3.262940">
						<ele>1037</ele>
						<time>2026-05-04T00:20:59Z</time>
					</trkpt>
					<trkpt lat="44.741320" lon="3.263350">
						<ele>1037</ele>
						<time>2026-05-04T00:21:39Z</time>
					</trkpt>
					<trkpt lat="44.741480" lon="3.264080">
						<ele>1036</ele>
						<time>2026-05-04T00:22:52Z</time>
					</trkpt>
					<trkpt lat="44.741550" lon="3.264450">
						<ele>1036</ele>
						<time>2026-05-04T00:23:28Z</time>
					</trkpt>
					<trkpt lat="44.741710" lon="3.265060">
						<ele>1036</ele>
						<time>2026-05-04T00:24:30Z</time>
					</trkpt>
					<trkpt lat="44.741790" lon="3.265340">
						<ele>1036</ele>
						<time>2026-05-04T00:24:58Z</time>
					</trkpt>
					<trkpt lat="44.741860" lon="3.265650">
						<ele>1036</ele>
						<time>2026-05-04T00:25:29Z</time>
					</trkpt>
					<trkpt lat="44.741940" lon="3.265970">
						<ele>1036</ele>
						<time>2026-05-04T00:26:01Z</time>
					</trkpt>
					<trkpt lat="44.742020" lon="3.266140">
						<ele>1036</ele>
						<time>2026-05-04T00:26:21Z</time>
					</trkpt>
					<trkpt lat="44.742220" lon="3.266440">
						<ele>1035</ele>
						<time>2026-05-04T00:27:00Z</time>
					</trkpt>
					<trkpt lat="44.742600" lon="3.266840">
						<ele>1034</ele>
						<time>2026-05-04T00:28:03Z</time>
					</trkpt>
					<trkpt lat="44.742450" lon="3.267010">
						<ele>1031</ele>
						<time>2026-05-04T00:28:29Z</time>
					</trkpt>
					<trkpt lat="44.742360" lon="3.267130">
						<ele>1030</ele>
						<time>2026-05-04T00:28:45Z</time>
					</trkpt>
					<trkpt lat="44.742320" lon="3.267240">
						<ele>1029</ele>
						<time>2026-05-04T00:28:57Z</time>
					</trkpt>
					<trkpt lat="44.742260" lon="3.267470">
						<ele>1028</ele>
						<time>2026-05-04T00:29:20Z</time>
					</trkpt>
					<trkpt lat="44.742200" lon="3.267550">
						<ele>1028</ele>
						<time>2026-05-04T00:29:31Z</time>
					</trkpt>
					<trkpt lat="44.741880" lon="3.267770">
						<ele>1026</ele>
						<time>2026-05-04T00:30:19Z</time>
					</trkpt>
					<trkpt lat="44.741800" lon="3.267810">
						<ele>1026</ele>
						<time>2026-05-04T00:30:30Z</time>
					</trkpt>
					<trkpt lat="44.741690" lon="3.267830">
						<ele>1026</ele>
						<time>2026-05-04T00:30:45Z</time>
					</trkpt>
					<trkpt lat="44.741620" lon="3.267870">
						<ele>1026</ele>
						<time>2026-05-04T00:30:55Z</time>
					</trkpt>
					<trkpt lat="44.741570" lon="3.267940">
						<ele>1025</ele>
						<time>2026-05-04T00:31:04Z</time>
					</trkpt>
					<trkpt lat="44.741530" lon="3.268010">
						<ele>1025</ele>
						<time>2026-05-04T00:31:13Z</time>
					</trkpt>
					<trkpt lat="44.741470" lon="3.268220">
						<ele>1023</ele>
						<time>2026-05-04T00:31:34Z</time>
					</trkpt>
					<trkpt lat="44.741430" lon="3.268340">
						<ele>1022</ele>
						<time>2026-05-04T00:31:47Z</time>
					</trkpt>
					<trkpt lat="44.741310" lon="3.268490">
						<ele>1021</ele>
						<time>2026-05-04T00:32:08Z</time>
					</trkpt>
					<trkpt lat="44.740910" lon="3.269110">
						<ele>1020</ele>
						<time>2026-05-04T00:33:28Z</time>
					</trkpt>
					<trkpt lat="44.740720" lon="3.269350">
						<ele>1019</ele>
						<time>2026-05-04T00:34:02Z</time>
					</trkpt>
					<trkpt lat="44.740660" lon="3.269400">
						<ele>1019</ele>
						<time>2026-05-04T00:34:11Z</time>
					</trkpt>
					<trkpt lat="44.740630" lon="3.269470">
						<ele>1019</ele>
						<time>2026-05-04T00:34:19Z</time>
					</trkpt>
					<trkpt lat="44.740610" lon="3.269720">
						<ele>1018</ele>
						<time>2026-05-04T00:34:43Z</time>
					</trkpt>
					<trkpt lat="44.740600" lon="3.270150">
						<ele>1016</ele>
						<time>2026-05-04T00:35:23Z</time>
					</trkpt>
					<trkpt lat="44.740560" lon="3.270460">
						<ele>1015</ele>
						<time>2026-05-04T00:35:53Z</time>
					</trkpt>
					<trkpt lat="44.740490" lon="3.270740">
						<ele>1014</ele>
						<time>2026-05-04T00:36:21Z</time>
					</trkpt>
					<trkpt lat="44.740260" lon="3.271360">
						<ele>1010</ele>
						<time>2026-05-04T00:37:28Z</time>
					</trkpt>
					<trkpt lat="44.740140" lon="3.271860">
						<ele>1007</ele>
						<time>2026-05-04T00:38:18Z</time>
					</trkpt>
					<trkpt lat="44.740020" lon="3.272260">
						<ele>1005</ele>
						<time>2026-05-04T00:38:59Z</time>
					</trkpt>
					<trkpt lat="44.739900" lon="3.272610">
						<ele>1002</ele>
						<time>2026-05-04T00:39:36Z</time>
					</trkpt>
					<trkpt lat="44.739820" lon="3.272780">
						<ele>1000</ele>
						<time>2026-05-04T00:39:55Z</time>
					</trkpt>
					<trkpt lat="44.739740" lon="3.272860">
						<ele>999</ele>
						<time>2026-05-04T00:40:08Z</time>
					</trkpt>
					<trkpt lat="44.739650" lon="3.272930">
						<ele>998</ele>
						<time>2026-05-04T00:40:22Z</time>
					</trkpt>
					<trkpt lat="44.739460" lon="3.273030">
						<ele>996</ele>
						<time>2026-05-04T00:40:49Z</time>
					</trkpt>
					<trkpt lat="44.739040" lon="3.273150">
						<ele>996</ele>
						<time>2026-05-04T00:41:46Z</time>
					</trkpt>
					<trkpt lat="44.738840" lon="3.273220">
						<ele>999</ele>
						<time>2026-05-04T00:42:14Z</time>
					</trkpt>
					<trkpt lat="44.738640" lon="3.273350">
						<ele>1002</ele>
						<time>2026-05-04T00:42:43Z</time>
					</trkpt>
					<trkpt lat="44.738330" lon="3.273650">
						<ele>1007</ele>
						<time>2026-05-04T00:43:33Z</time>
					</trkpt>
					<trkpt lat="44.738190" lon="3.273750">
						<ele>1008</ele>
						<time>2026-05-04T00:43:54Z</time>
					</trkpt>
					<trkpt lat="44.738010" lon="3.273820">
						<ele>1010</ele>
						<time>2026-05-04T00:44:19Z</time>
					</trkpt>
					<trkpt lat="44.737560" lon="3.273960">
						<ele>1014</ele>
						<time>2026-05-04T00:45:21Z</time>
					</trkpt>
					<trkpt lat="44.737100" lon="3.274080">
						<ele>1014</ele>
						<time>2026-05-04T00:46:23Z</time>
					</trkpt>
					<trkpt lat="44.736840" lon="3.274130">
						<ele>1014</ele>
						<time>2026-05-04T00:46:58Z</time>
					</trkpt>
					<trkpt lat="44.736550" lon="3.274120">
						<ele>1014</ele>
						<time>2026-05-04T00:47:37Z</time>
					</trkpt>
					<trkpt lat="44.736390" lon="3.274090">
						<ele>1014</ele>
						<time>2026-05-04T00:47:58Z</time>
					</trkpt>
					<trkpt lat="44.736230" lon="3.274090">
						<ele>1014</ele>
						<time>2026-05-04T00:48:20Z</time>
					</trkpt>
					<trkpt lat="44.735940" lon="3.274150">
						<ele>1013</ele>
						<time>2026-05-04T00:48:59Z</time>
					</trkpt>
					<trkpt lat="44.735320" lon="3.274330">
						<ele>1014</ele>
						<time>2026-05-04T00:50:23Z</time>
					</trkpt>
					<trkpt lat="44.735070" lon="3.274410">
						<ele>1015</ele>
						<time>2026-05-04T00:50:57Z</time>
					</trkpt>
					<trkpt lat="44.734880" lon="3.274500">
						<ele>1016</ele>
						<time>2026-05-04T00:51:24Z</time>
					</trkpt>
					<trkpt lat="44.734740" lon="3.274610">
						<ele>1018</ele>
						<time>2026-05-04T00:51:46Z</time>
					</trkpt>
					<trkpt lat="44.734580" lon="3.274870">
						<ele>1020</ele>
						<time>2026-05-04T00:52:18Z</time>
					</trkpt>
					<trkpt lat="44.734530" lon="3.275050">
						<ele>1021</ele>
						<time>2026-05-04T00:52:37Z</time>
					</trkpt>
					<trkpt lat="44.734480" lon="3.275470">
						<ele>1021</ele>
						<time>2026-05-04T00:53:17Z</time>
					</trkpt>
					<trkpt lat="44.734400" lon="3.276040">
						<ele>1020</ele>
						<time>2026-05-04T00:54:12Z</time>
					</trkpt>
					<trkpt lat="44.734310" lon="3.276290">
						<ele>1020</ele>
						<time>2026-05-04T00:54:39Z</time>
					</trkpt>
					<trkpt lat="44.734190" lon="3.276500">
						<ele>1021</ele>
						<time>2026-05-04T00:55:04Z</time>
					</trkpt>
					<trkpt lat="44.733850" lon="3.276830">
						<ele>1020</ele>
						<time>2026-05-04T00:55:59Z</time>
					</trkpt>
					<trkpt lat="44.733270" lon="3.277120">
						<ele>1021</ele>
						<time>2026-05-04T00:57:21Z</time>
					</trkpt>
					<trkpt lat="44.733050" lon="3.277150">
						<ele>1019</ele>
						<time>2026-05-04T00:57:51Z</time>
					</trkpt>
					<trkpt lat="44.732640" lon="3.277060">
						<ele>1018</ele>
						<time>2026-05-04T00:58:46Z</time>
					</trkpt>
					<trkpt lat="44.732450" lon="3.276990">
						<ele>1017</ele>
						<time>2026-05-04T00:59:12Z</time>
					</trkpt>
					<trkpt lat="44.732280" lon="3.276860">
						<ele>1015</ele>
						<time>2026-05-04T00:59:38Z</time>
					</trkpt>
					<trkpt lat="44.732100" lon="3.276790">
						<ele>1014</ele>
						<time>2026-05-04T01:00:03Z</time>
					</trkpt>
					<trkpt lat="44.731560" lon="3.276790">
						<ele>1008</ele>
						<time>2026-05-04T01:01:15Z</time>
					</trkpt>
					<trkpt lat="44.731450" lon="3.276830">
						<ele>1007</ele>
						<time>2026-05-04T01:01:30Z</time>
					</trkpt>
					<trkpt lat="44.731130" lon="3.277070">
						<ele>1004</ele>
						<time>2026-05-04T01:02:19Z</time>
					</trkpt>
					<trkpt lat="44.731010" lon="3.277080">
						<ele>1002</ele>
						<time>2026-05-04T01:02:35Z</time>
					</trkpt>
					<trkpt lat="44.730930" lon="3.277060">
						<ele>1002</ele>
						<time>2026-05-04T01:02:46Z</time>
					</trkpt>
					<trkpt lat="44.730450" lon="3.276690">
						<ele>1000</ele>
						<time>2026-05-04T01:03:59Z</time>
					</trkpt>
					<trkpt lat="44.730340" lon="3.276660">
						<ele>1000</ele>
						<time>2026-05-04T01:04:14Z</time>
					</trkpt>
					<trkpt lat="44.730030" lon="3.276680">
						<ele>1000</ele>
						<time>2026-05-04T01:04:55Z</time>
					</trkpt>
					<trkpt lat="44.729870" lon="3.276660">
						<ele>1001</ele>
						<time>2026-05-04T01:05:17Z</time>
					</trkpt>
					<trkpt lat="44.727710" lon="3.275750">
						<ele>1015</ele>
						<time>2026-05-04T01:10:17Z</time>
					</trkpt>
					<trkpt lat="44.727590" lon="3.275880">
						<ele>1015</ele>
						<time>2026-05-04T01:10:38Z</time>
					</trkpt>
					<trkpt lat="44.727510" lon="3.276110">
						<ele>1014</ele>
						<time>2026-05-04T01:11:02Z</time>
					</trkpt>
					<trkpt lat="44.727210" lon="3.277290">
						<ele>1010</ele>
						<time>2026-05-04T01:13:01Z</time>
					</trkpt>
					<trkpt lat="44.726890" lon="3.277950">
						<ele>1012</ele>
						<time>2026-05-04T01:14:16Z</time>
					</trkpt>
					<trkpt lat="44.726320" lon="3.278640">
						<ele>1020</ele>
						<time>2026-05-04T01:15:57Z</time>
					</trkpt>
					<trkpt lat="44.726220" lon="3.278800">
						<ele>1020</ele>
						<time>2026-05-04T01:16:17Z</time>
					</trkpt>
					<trkpt lat="44.725920" lon="3.279250">
						<ele>1018</ele>
						<time>2026-05-04T01:17:16Z</time>
					</trkpt>
					<trkpt lat="44.725770" lon="3.279360">
						<ele>1017</ele>
						<time>2026-05-04T01:17:38Z</time>
					</trkpt>
					<trkpt lat="44.725350" lon="3.279590">
						<ele>1018</ele>
						<time>2026-05-04T01:18:38Z</time>
					</trkpt>
					<trkpt lat="44.725060" lon="3.279630">
						<ele>1020</ele>
						<time>2026-05-04T01:19:17Z</time>
					</trkpt>
					<trkpt lat="44.724900" lon="3.279650">
						<ele>1020</ele>
						<time>2026-05-04T01:19:39Z</time>
					</trkpt>
					<trkpt lat="44.724690" lon="3.279640">
						<ele>1020</ele>
						<time>2026-05-04T01:20:07Z</time>
					</trkpt>
					<trkpt lat="44.724240" lon="3.279560">
						<ele>1022</ele>
						<time>2026-05-04T01:21:07Z</time>
					</trkpt>
					<trkpt lat="44.724070" lon="3.279600">
						<ele>1021</ele>
						<time>2026-05-04T01:21:30Z</time>
					</trkpt>
					<trkpt lat="44.723890" lon="3.279700">
						<ele>1020</ele>
						<time>2026-05-04T01:21:56Z</time>
					</trkpt>
					<trkpt lat="44.723710" lon="3.279870">
						<ele>1018</ele>
						<time>2026-05-04T01:22:25Z</time>
					</trkpt>
					<trkpt lat="44.723540" lon="3.280020">
						<ele>1017</ele>
						<time>2026-05-04T01:22:52Z</time>
					</trkpt>
					<trkpt lat="44.723320" lon="3.280140">
						<ele>1019</ele>
						<time>2026-05-04T01:23:23Z</time>
					</trkpt>
					<trkpt lat="44.723160" lon="3.280190">
						<ele>1020</ele>
						<time>2026-05-04T01:23:45Z</time>
					</trkpt>
					<trkpt lat="44.722950" lon="3.280220">
						<ele>1021</ele>
						<time>2026-05-04T01:24:13Z</time>
					</trkpt>
					<trkpt lat="44.722680" lon="3.280160">
						<ele>1022</ele>
						<time>2026-05-04T01:24:50Z</time>
					</trkpt>
					<trkpt lat="44.722580" lon="3.280120">
						<ele>1022</ele>
						<time>2026-05-04T01:25:04Z</time>
					</trkpt>
					<trkpt lat="44.722240" lon="3.279760">
						<ele>1022</ele>
						<time>2026-05-04T01:26:00Z</time>
					</trkpt>
					<trkpt lat="44.721850" lon="3.279390">
						<ele>1022</ele>
						<time>2026-05-04T01:27:03Z</time>
					</trkpt>
					<trkpt lat="44.721500" lon="3.279140">
						<ele>1021</ele>
						<time>2026-05-04T01:27:55Z</time>
					</trkpt>
					<trkpt lat="44.721390" lon="3.279110">
						<ele>1021</ele>
						<time>2026-05-04T01:28:10Z</time>
					</trkpt>
					<trkpt lat="44.721310" lon="3.279140">
						<ele>1021</ele>
						<time>2026-05-04T01:28:21Z</time>
					</trkpt>
					<trkpt lat="44.720950" lon="3.279580">
						<ele>1024</ele>
						<time>2026-05-04T01:29:25Z</time>
					</trkpt>
					<trkpt lat="44.720790" lon="3.279760">
						<ele>1024</ele>
						<time>2026-05-04T01:29:52Z</time>
					</trkpt>
					<trkpt lat="44.720720" lon="3.279830">
						<ele>1025</ele>
						<time>2026-05-04T01:30:04Z</time>
					</trkpt>
					<trkpt lat="44.720680" lon="3.279830">
						<ele>1025</ele>
						<time>2026-05-04T01:30:09Z</time>
					</trkpt>
					<trkpt lat="44.720660" lon="3.279930">
						<ele>1025</ele>
						<time>2026-05-04T01:30:19Z</time>
					</trkpt>
					<trkpt lat="44.720780" lon="3.279970">
						<ele>1026</ele>
						<time>2026-05-04T01:30:35Z</time>
					</trkpt>
					<trkpt lat="44.720810" lon="3.280020">
						<ele>1026</ele>
						<time>2026-05-04T01:30:42Z</time>
					</trkpt>
					<trkpt lat="44.720900" lon="3.280430">
						<ele>1031</ele>
						<time>2026-05-04T01:31:22Z</time>
					</trkpt>
					</trkseg>
				</trk>
			</gpx>