<?xml version="1.0" encoding="UTF-8"?>
<gpx xmlns="http://www.topografix.com/GPX/1/1" xmlns:xsi="http://www.w3.org/2001/XMLSchema-instance" version="1.1" creator="phpGPX/1.3.0" xsi:schemaLocation="http://www.topografix.com/GPX/1/1 http://www.topografix.com/GPX/1/1/gpx.xsd">
  <metadata>
    <time>2026-05-14T09:44:40+00:00</time>
  </metadata>
  <trk>
    <name>Tour de la montagne d'Outray</name>
    <trkseg>
      <trkpt lat="45.76034" lon="6.53316">
        <ele>1658</ele>
        <time>2026-05-14T09:44:41+00:00</time>
      </trkpt>
      <trkpt lat="45.76016" lon="6.5334">
        <ele>1658</ele>
        <time>2026-05-14T09:44:42+00:00</time>
      </trkpt>
      <trkpt lat="45.76024" lon="6.53363">
        <ele>1660</ele>
        <time>2026-05-14T09:44:43+00:00</time>
      </trkpt>
      <trkpt lat="45.76033" lon="6.5336">
        <ele>1660</ele>
        <time>2026-05-14T09:44:44+00:00</time>
      </trkpt>
      <trkpt lat="45.76039" lon="6.53383">
        <ele>1661</ele>
        <time>2026-05-14T09:44:45+00:00</time>
      </trkpt>
      <trkpt lat="45.75996" lon="6.5343">
        <ele>1661</ele>
        <time>2026-05-14T09:44:46+00:00</time>
      </trkpt>
      <trkpt lat="45.7599" lon="6.53446">
        <ele>1661</ele>
        <time>2026-05-14T09:44:47+00:00</time>
      </trkpt>
      <trkpt lat="45.75992" lon="6.53478">
        <ele>1662</ele>
        <time>2026-05-14T09:44:48+00:00</time>
      </trkpt>
      <trkpt lat="45.75981" lon="6.53491">
        <ele>1662</ele>
        <time>2026-05-14T09:44:49+00:00</time>
      </trkpt>
      <trkpt lat="45.75946" lon="6.53575">
        <ele>1662</ele>
        <time>2026-05-14T09:44:50+00:00</time>
      </trkpt>
      <trkpt lat="45.7594" lon="6.53583">
        <ele>1662</ele>
        <time>2026-05-14T09:44:51+00:00</time>
      </trkpt>
      <trkpt lat="45.75923" lon="6.53591">
        <ele>1660</ele>
        <time>2026-05-14T09:44:52+00:00</time>
      </trkpt>
      <trkpt lat="45.75933" lon="6.53615">
        <ele>1663</ele>
        <time>2026-05-14T09:44:53+00:00</time>
      </trkpt>
      <trkpt lat="45.7594" lon="6.53703">
        <ele>1670</ele>
        <time>2026-05-14T09:44:54+00:00</time>
      </trkpt>
      <trkpt lat="45.75952" lon="6.53739">
        <ele>1674</ele>
        <time>2026-05-14T09:44:55+00:00</time>
      </trkpt>
      <trkpt lat="45.75925" lon="6.53857">
        <ele>1680</ele>
        <time>2026-05-14T09:44:56+00:00</time>
      </trkpt>
      <trkpt lat="45.75919" lon="6.53911">
        <ele>1684</ele>
        <time>2026-05-14T09:44:57+00:00</time>
      </trkpt>
      <trkpt lat="45.75921" lon="6.54026">
        <ele>1693</ele>
        <time>2026-05-14T09:44:58+00:00</time>
      </trkpt>
      <trkpt lat="45.75942" lon="6.5413">
        <ele>1704</ele>
        <time>2026-05-14T09:44:59+00:00</time>
      </trkpt>
      <trkpt lat="45.75937" lon="6.54168">
        <ele>1705</ele>
        <time>2026-05-14T09:45:00+00:00</time>
      </trkpt>
      <trkpt lat="45.75943" lon="6.54258">
        <ele>1713</ele>
        <time>2026-05-14T09:45:01+00:00</time>
      </trkpt>
      <trkpt lat="45.75938" lon="6.54289">
        <ele>1714</ele>
        <time>2026-05-14T09:45:02+00:00</time>
      </trkpt>
      <trkpt lat="45.75949" lon="6.5438">
        <ele>1723</ele>
        <time>2026-05-14T09:45:03+00:00</time>
      </trkpt>
      <trkpt lat="45.7596" lon="6.54434">
        <ele>1730</ele>
        <time>2026-05-14T09:45:04+00:00</time>
      </trkpt>
      <trkpt lat="45.75963" lon="6.54503">
        <ele>1737</ele>
        <time>2026-05-14T09:45:05+00:00</time>
      </trkpt>
      <trkpt lat="45.75963" lon="6.54581">
        <ele>1746</ele>
        <time>2026-05-14T09:45:06+00:00</time>
      </trkpt>
      <trkpt lat="45.75952" lon="6.5468">
        <ele>1752</ele>
        <time>2026-05-14T09:45:07+00:00</time>
      </trkpt>
      <trkpt lat="45.75963" lon="6.54737">
        <ele>1756</ele>
        <time>2026-05-14T09:45:08+00:00</time>
      </trkpt>
      <trkpt lat="45.75993" lon="6.54829">
        <ele>1764</ele>
        <time>2026-05-14T09:45:09+00:00</time>
      </trkpt>
      <trkpt lat="45.76014" lon="6.54912">
        <ele>1770</ele>
        <time>2026-05-14T09:45:10+00:00</time>
      </trkpt>
      <trkpt lat="45.76009" lon="6.54944">
        <ele>1770</ele>
        <time>2026-05-14T09:45:11+00:00</time>
      </trkpt>
      <trkpt lat="45.76007" lon="6.55004">
        <ele>1773</ele>
        <time>2026-05-14T09:45:12+00:00</time>
      </trkpt>
      <trkpt lat="45.75988" lon="6.55037">
        <ele>1774</ele>
        <time>2026-05-14T09:45:13+00:00</time>
      </trkpt>
      <trkpt lat="45.75976" lon="6.55042">
        <ele>1774</ele>
        <time>2026-05-14T09:45:14+00:00</time>
      </trkpt>
      <trkpt lat="45.75914" lon="6.55037">
        <ele>1772</ele>
        <time>2026-05-14T09:45:15+00:00</time>
      </trkpt>
      <trkpt lat="45.75885" lon="6.55052">
        <ele>1772</ele>
        <time>2026-05-14T09:45:16+00:00</time>
      </trkpt>
      <trkpt lat="45.7584" lon="6.55118">
        <ele>1775</ele>
        <time>2026-05-14T09:45:17+00:00</time>
      </trkpt>
      <trkpt lat="45.75799" lon="6.55143">
        <ele>1773</ele>
        <time>2026-05-14T09:45:18+00:00</time>
      </trkpt>
      <trkpt lat="45.75787" lon="6.55165">
        <ele>1774</ele>
        <time>2026-05-14T09:45:19+00:00</time>
      </trkpt>
      <trkpt lat="45.7578" lon="6.55195">
        <ele>1776</ele>
        <time>2026-05-14T09:45:20+00:00</time>
      </trkpt>
      <trkpt lat="45.75771" lon="6.55214">
        <ele>1777</ele>
        <time>2026-05-14T09:45:21+00:00</time>
      </trkpt>
      <trkpt lat="45.75748" lon="6.55243">
        <ele>1777</ele>
        <time>2026-05-14T09:45:22+00:00</time>
      </trkpt>
      <trkpt lat="45.75684" lon="6.55276">
        <ele>1768</ele>
        <time>2026-05-14T09:45:23+00:00</time>
      </trkpt>
      <trkpt lat="45.75669" lon="6.55295">
        <ele>1768</ele>
        <time>2026-05-14T09:45:24+00:00</time>
      </trkpt>
      <trkpt lat="45.75667" lon="6.55319">
        <ele>1772</ele>
        <time>2026-05-14T09:45:25+00:00</time>
      </trkpt>
      <trkpt lat="45.75661" lon="6.55323">
        <ele>1773</ele>
        <time>2026-05-14T09:45:26+00:00</time>
      </trkpt>
      <trkpt lat="45.75623" lon="6.55299">
        <ele>1772</ele>
        <time>2026-05-14T09:45:27+00:00</time>
      </trkpt>
      <trkpt lat="45.75604" lon="6.55271">
        <ele>1768</ele>
        <time>2026-05-14T09:45:28+00:00</time>
      </trkpt>
      <trkpt lat="45.75543" lon="6.55221">
        <ele>1761</ele>
        <time>2026-05-14T09:45:29+00:00</time>
      </trkpt>
      <trkpt lat="45.75509" lon="6.55213">
        <ele>1763</ele>
        <time>2026-05-14T09:45:30+00:00</time>
      </trkpt>
      <trkpt lat="45.75471" lon="6.55211">
        <ele>1760</ele>
        <time>2026-05-14T09:45:31+00:00</time>
      </trkpt>
      <trkpt lat="45.75442" lon="6.55215">
        <ele>1759</ele>
        <time>2026-05-14T09:45:32+00:00</time>
      </trkpt>
      <trkpt lat="45.754" lon="6.5524">
        <ele>1760</ele>
        <time>2026-05-14T09:45:33+00:00</time>
      </trkpt>
      <trkpt lat="45.75368" lon="6.55282">
        <ele>1764</ele>
        <time>2026-05-14T09:45:34+00:00</time>
      </trkpt>
      <trkpt lat="45.75345" lon="6.553">
        <ele>1764</ele>
        <time>2026-05-14T09:45:35+00:00</time>
      </trkpt>
      <trkpt lat="45.75326" lon="6.55302">
        <ele>1762</ele>
        <time>2026-05-14T09:45:36+00:00</time>
      </trkpt>
      <trkpt lat="45.7531" lon="6.55311">
        <ele>1764</ele>
        <time>2026-05-14T09:45:37+00:00</time>
      </trkpt>
      <trkpt lat="45.75274" lon="6.55306">
        <ele>1760</ele>
        <time>2026-05-14T09:45:38+00:00</time>
      </trkpt>
      <trkpt lat="45.75209" lon="6.55271">
        <ele>1750</ele>
        <time>2026-05-14T09:45:39+00:00</time>
      </trkpt>
      <trkpt lat="45.75187" lon="6.55266">
        <ele>1749</ele>
        <time>2026-05-14T09:45:40+00:00</time>
      </trkpt>
      <trkpt lat="45.75166" lon="6.55268">
        <ele>1750</ele>
        <time>2026-05-14T09:45:41+00:00</time>
      </trkpt>
      <trkpt lat="45.75153" lon="6.55274">
        <ele>1749</ele>
        <time>2026-05-14T09:45:42+00:00</time>
      </trkpt>
      <trkpt lat="45.75138" lon="6.55299">
        <ele>1752</ele>
        <time>2026-05-14T09:45:43+00:00</time>
      </trkpt>
      <trkpt lat="45.75123" lon="6.55352">
        <ele>1759</ele>
        <time>2026-05-14T09:45:44+00:00</time>
      </trkpt>
      <trkpt lat="45.7509" lon="6.55406">
        <ele>1758</ele>
        <time>2026-05-14T09:45:45+00:00</time>
      </trkpt>
      <trkpt lat="45.75087" lon="6.55465">
        <ele>1756</ele>
        <time>2026-05-14T09:45:46+00:00</time>
      </trkpt>
      <trkpt lat="45.75105" lon="6.55525">
        <ele>1754</ele>
        <time>2026-05-14T09:45:47+00:00</time>
      </trkpt>
      <trkpt lat="45.75118" lon="6.55544">
        <ele>1753</ele>
        <time>2026-05-14T09:45:48+00:00</time>
      </trkpt>
      <trkpt lat="45.752" lon="6.55615">
        <ele>1757</ele>
        <time>2026-05-14T09:45:49+00:00</time>
      </trkpt>
      <trkpt lat="45.75307" lon="6.55721">
        <ele>1755</ele>
        <time>2026-05-14T09:45:50+00:00</time>
      </trkpt>
      <trkpt lat="45.75327" lon="6.55747">
        <ele>1756</ele>
        <time>2026-05-14T09:45:51+00:00</time>
      </trkpt>
      <trkpt lat="45.75359" lon="6.55802">
        <ele>1751</ele>
        <time>2026-05-14T09:45:52+00:00</time>
      </trkpt>
      <trkpt lat="45.75384" lon="6.55869">
        <ele>1747</ele>
        <time>2026-05-14T09:45:53+00:00</time>
      </trkpt>
      <trkpt lat="45.75398" lon="6.55892">
        <ele>1749</ele>
        <time>2026-05-14T09:45:54+00:00</time>
      </trkpt>
      <trkpt lat="45.75404" lon="6.55943">
        <ele>1743</ele>
        <time>2026-05-14T09:45:55+00:00</time>
      </trkpt>
      <trkpt lat="45.75414" lon="6.55965">
        <ele>1745</ele>
        <time>2026-05-14T09:45:56+00:00</time>
      </trkpt>
      <trkpt lat="45.75415" lon="6.55991">
        <ele>1741</ele>
        <time>2026-05-14T09:45:57+00:00</time>
      </trkpt>
      <trkpt lat="45.75408" lon="6.56065">
        <ele>1734</ele>
        <time>2026-05-14T09:45:58+00:00</time>
      </trkpt>
      <trkpt lat="45.75394" lon="6.56127">
        <ele>1724</ele>
        <time>2026-05-14T09:45:59+00:00</time>
      </trkpt>
      <trkpt lat="45.75393" lon="6.56142">
        <ele>1724</ele>
        <time>2026-05-14T09:46:00+00:00</time>
      </trkpt>
      <trkpt lat="45.754" lon="6.56163">
        <ele>1726</ele>
        <time>2026-05-14T09:46:01+00:00</time>
      </trkpt>
      <trkpt lat="45.75456" lon="6.56219">
        <ele>1731</ele>
        <time>2026-05-14T09:46:02+00:00</time>
      </trkpt>
      <trkpt lat="45.75501" lon="6.56233">
        <ele>1738</ele>
        <time>2026-05-14T09:46:03+00:00</time>
      </trkpt>
      <trkpt lat="45.75532" lon="6.56256">
        <ele>1735</ele>
        <time>2026-05-14T09:46:04+00:00</time>
      </trkpt>
      <trkpt lat="45.75606" lon="6.56294">
        <ele>1733</ele>
        <time>2026-05-14T09:46:05+00:00</time>
      </trkpt>
      <trkpt lat="45.75677" lon="6.56311">
        <ele>1735</ele>
        <time>2026-05-14T09:46:06+00:00</time>
      </trkpt>
      <trkpt lat="45.75722" lon="6.5634">
        <ele>1726</ele>
        <time>2026-05-14T09:46:07+00:00</time>
      </trkpt>
      <trkpt lat="45.75776" lon="6.56358">
        <ele>1724</ele>
        <time>2026-05-14T09:46:08+00:00</time>
      </trkpt>
      <trkpt lat="45.75795" lon="6.56373">
        <ele>1720</ele>
        <time>2026-05-14T09:46:09+00:00</time>
      </trkpt>
      <trkpt lat="45.75826" lon="6.5636">
        <ele>1726</ele>
        <time>2026-05-14T09:46:10+00:00</time>
      </trkpt>
      <trkpt lat="45.75862" lon="6.56356">
        <ele>1736</ele>
        <time>2026-05-14T09:46:11+00:00</time>
      </trkpt>
      <trkpt lat="45.75895" lon="6.56281">
        <ele>1755</ele>
        <time>2026-05-14T09:46:12+00:00</time>
      </trkpt>
      <trkpt lat="45.75905" lon="6.56264">
        <ele>1758</ele>
        <time>2026-05-14T09:46:13+00:00</time>
      </trkpt>
      <trkpt lat="45.75916" lon="6.56263">
        <ele>1760</ele>
        <time>2026-05-14T09:46:14+00:00</time>
      </trkpt>
      <trkpt lat="45.75919" lon="6.56278">
        <ele>1759</ele>
        <time>2026-05-14T09:46:15+00:00</time>
      </trkpt>
      <trkpt lat="45.75932" lon="6.56292">
        <ele>1761</ele>
        <time>2026-05-14T09:46:16+00:00</time>
      </trkpt>
      <trkpt lat="45.75939" lon="6.56309">
        <ele>1762</ele>
        <time>2026-05-14T09:46:17+00:00</time>
      </trkpt>
      <trkpt lat="45.75939" lon="6.56329">
        <ele>1761</ele>
        <time>2026-05-14T09:46:18+00:00</time>
      </trkpt>
      <trkpt lat="45.75947" lon="6.56369">
        <ele>1761</ele>
        <time>2026-05-14T09:46:19+00:00</time>
      </trkpt>
      <trkpt lat="45.75988" lon="6.56462">
        <ele>1764</ele>
        <time>2026-05-14T09:46:20+00:00</time>
      </trkpt>
      <trkpt lat="45.75996" lon="6.56474">
        <ele>1765</ele>
        <time>2026-05-14T09:46:21+00:00</time>
      </trkpt>
      <trkpt lat="45.76015" lon="6.56487">
        <ele>1768</ele>
        <time>2026-05-14T09:46:22+00:00</time>
      </trkpt>
      <trkpt lat="45.76032" lon="6.56516">
        <ele>1766</ele>
        <time>2026-05-14T09:46:23+00:00</time>
      </trkpt>
      <trkpt lat="45.76052" lon="6.56533">
        <ele>1769</ele>
        <time>2026-05-14T09:46:24+00:00</time>
      </trkpt>
      <trkpt lat="45.76072" lon="6.5656">
        <ele>1770</ele>
        <time>2026-05-14T09:46:25+00:00</time>
      </trkpt>
      <trkpt lat="45.76096" lon="6.56578">
        <ele>1774</ele>
        <time>2026-05-14T09:46:26+00:00</time>
      </trkpt>
      <trkpt lat="45.76112" lon="6.56607">
        <ele>1773</ele>
        <time>2026-05-14T09:46:27+00:00</time>
      </trkpt>
      <trkpt lat="45.76135" lon="6.56626">
        <ele>1777</ele>
        <time>2026-05-14T09:46:28+00:00</time>
      </trkpt>
      <trkpt lat="45.7616" lon="6.56671">
        <ele>1779</ele>
        <time>2026-05-14T09:46:29+00:00</time>
      </trkpt>
      <trkpt lat="45.76203" lon="6.56709">
        <ele>1784</ele>
        <time>2026-05-14T09:46:30+00:00</time>
      </trkpt>
      <trkpt lat="45.76232" lon="6.5677">
        <ele>1782</ele>
        <time>2026-05-14T09:46:31+00:00</time>
      </trkpt>
      <trkpt lat="45.76248" lon="6.56792">
        <ele>1783</ele>
        <time>2026-05-14T09:46:32+00:00</time>
      </trkpt>
      <trkpt lat="45.76262" lon="6.56804">
        <ele>1784</ele>
        <time>2026-05-14T09:46:33+00:00</time>
      </trkpt>
      <trkpt lat="45.76269" lon="6.56819">
        <ele>1783</ele>
        <time>2026-05-14T09:46:34+00:00</time>
      </trkpt>
      <trkpt lat="45.76271" lon="6.56851">
        <ele>1778</ele>
        <time>2026-05-14T09:46:35+00:00</time>
      </trkpt>
      <trkpt lat="45.76276" lon="6.56866">
        <ele>1776</ele>
        <time>2026-05-14T09:46:36+00:00</time>
      </trkpt>
      <trkpt lat="45.76293" lon="6.56874">
        <ele>1778</ele>
        <time>2026-05-14T09:46:37+00:00</time>
      </trkpt>
      <trkpt lat="45.76334" lon="6.56872">
        <ele>1786</ele>
        <time>2026-05-14T09:46:38+00:00</time>
      </trkpt>
      <trkpt lat="45.76357" lon="6.56875">
        <ele>1786</ele>
        <time>2026-05-14T09:46:39+00:00</time>
      </trkpt>
      <trkpt lat="45.76382" lon="6.56895">
        <ele>1783</ele>
        <time>2026-05-14T09:46:40+00:00</time>
      </trkpt>
      <trkpt lat="45.76436" lon="6.56952">
        <ele>1779</ele>
        <time>2026-05-14T09:46:41+00:00</time>
      </trkpt>
      <trkpt lat="45.76511" lon="6.56991">
        <ele>1779</ele>
        <time>2026-05-14T09:46:42+00:00</time>
      </trkpt>
      <trkpt lat="45.76526" lon="6.57005">
        <ele>1778</ele>
        <time>2026-05-14T09:46:43+00:00</time>
      </trkpt>
      <trkpt lat="45.76551" lon="6.57043">
        <ele>1779</ele>
        <time>2026-05-14T09:46:44+00:00</time>
      </trkpt>
      <trkpt lat="45.76578" lon="6.57112">
        <ele>1788</ele>
        <time>2026-05-14T09:46:45+00:00</time>
      </trkpt>
      <trkpt lat="45.76608" lon="6.57156">
        <ele>1794</ele>
        <time>2026-05-14T09:46:46+00:00</time>
      </trkpt>
      <trkpt lat="45.76626" lon="6.57233">
        <ele>1802</ele>
        <time>2026-05-14T09:46:47+00:00</time>
      </trkpt>
      <trkpt lat="45.76636" lon="6.57337">
        <ele>1813</ele>
        <time>2026-05-14T09:46:48+00:00</time>
      </trkpt>
      <trkpt lat="45.76628" lon="6.57356">
        <ele>1812</ele>
        <time>2026-05-14T09:46:49+00:00</time>
      </trkpt>
      <trkpt lat="45.76623" lon="6.57383">
        <ele>1813</ele>
        <time>2026-05-14T09:46:50+00:00</time>
      </trkpt>
      <trkpt lat="45.76615" lon="6.57458">
        <ele>1816</ele>
        <time>2026-05-14T09:46:51+00:00</time>
      </trkpt>
      <trkpt lat="45.76631" lon="6.57541">
        <ele>1822</ele>
        <time>2026-05-14T09:46:52+00:00</time>
      </trkpt>
      <trkpt lat="45.76652" lon="6.57588">
        <ele>1826</ele>
        <time>2026-05-14T09:46:53+00:00</time>
      </trkpt>
      <trkpt lat="45.76715" lon="6.57661">
        <ele>1836</ele>
        <time>2026-05-14T09:46:54+00:00</time>
      </trkpt>
      <trkpt lat="45.76791" lon="6.57728">
        <ele>1848</ele>
        <time>2026-05-14T09:46:55+00:00</time>
      </trkpt>
      <trkpt lat="45.76805" lon="6.57777">
        <ele>1848</ele>
        <time>2026-05-14T09:46:56+00:00</time>
      </trkpt>
      <trkpt lat="45.76818" lon="6.57805">
        <ele>1850</ele>
        <time>2026-05-14T09:46:57+00:00</time>
      </trkpt>
      <trkpt lat="45.76833" lon="6.57825">
        <ele>1853</ele>
        <time>2026-05-14T09:46:58+00:00</time>
      </trkpt>
      <trkpt lat="45.76852" lon="6.57879">
        <ele>1860</ele>
        <time>2026-05-14T09:46:59+00:00</time>
      </trkpt>
      <trkpt lat="45.76856" lon="6.57913">
        <ele>1862</ele>
        <time>2026-05-14T09:47:00+00:00</time>
      </trkpt>
      <trkpt lat="45.76859" lon="6.58101">
        <ele>1872</ele>
        <time>2026-05-14T09:47:01+00:00</time>
      </trkpt>
      <trkpt lat="45.7687" lon="6.58173">
        <ele>1878</ele>
        <time>2026-05-14T09:47:02+00:00</time>
      </trkpt>
      <trkpt lat="45.76872" lon="6.58235">
        <ele>1877</ele>
        <time>2026-05-14T09:47:03+00:00</time>
      </trkpt>
      <trkpt lat="45.76878" lon="6.58279">
        <ele>1877</ele>
        <time>2026-05-14T09:47:04+00:00</time>
      </trkpt>
      <trkpt lat="45.76906" lon="6.58375">
        <ele>1884</ele>
        <time>2026-05-14T09:47:05+00:00</time>
      </trkpt>
      <trkpt lat="45.76961" lon="6.5851">
        <ele>1888</ele>
        <time>2026-05-14T09:47:06+00:00</time>
      </trkpt>
      <trkpt lat="45.77004" lon="6.58594">
        <ele>1901</ele>
        <time>2026-05-14T09:47:07+00:00</time>
      </trkpt>
      <trkpt lat="45.77036" lon="6.58647">
        <ele>1899</ele>
        <time>2026-05-14T09:47:08+00:00</time>
      </trkpt>
      <trkpt lat="45.77078" lon="6.58779">
        <ele>1920</ele>
        <time>2026-05-14T09:47:09+00:00</time>
      </trkpt>
      <trkpt lat="45.77108" lon="6.5885">
        <ele>1924</ele>
        <time>2026-05-14T09:47:10+00:00</time>
      </trkpt>
      <trkpt lat="45.77133" lon="6.58889">
        <ele>1925</ele>
        <time>2026-05-14T09:47:11+00:00</time>
      </trkpt>
      <trkpt lat="45.7717" lon="6.58919">
        <ele>1928</ele>
        <time>2026-05-14T09:47:12+00:00</time>
      </trkpt>
      <trkpt lat="45.77178" lon="6.5893">
        <ele>1928</ele>
        <time>2026-05-14T09:47:13+00:00</time>
      </trkpt>
      <trkpt lat="45.77214" lon="6.5899">
        <ele>1934</ele>
        <time>2026-05-14T09:47:14+00:00</time>
      </trkpt>
      <trkpt lat="45.77253" lon="6.59068">
        <ele>1940</ele>
        <time>2026-05-14T09:47:15+00:00</time>
      </trkpt>
      <trkpt lat="45.77297" lon="6.59137">
        <ele>1945</ele>
        <time>2026-05-14T09:47:16+00:00</time>
      </trkpt>
      <trkpt lat="45.77339" lon="6.59158">
        <ele>1944</ele>
        <time>2026-05-14T09:47:17+00:00</time>
      </trkpt>
      <trkpt lat="45.77379" lon="6.59205">
        <ele>1944</ele>
        <time>2026-05-14T09:47:18+00:00</time>
      </trkpt>
      <trkpt lat="45.7739" lon="6.5921">
        <ele>1943</ele>
        <time>2026-05-14T09:47:19+00:00</time>
      </trkpt>
      <trkpt lat="45.77398" lon="6.59212">
        <ele>1943</ele>
        <time>2026-05-14T09:47:20+00:00</time>
      </trkpt>
      <trkpt lat="45.77461" lon="6.59196">
        <ele>1944</ele>
        <time>2026-05-14T09:47:21+00:00</time>
      </trkpt>
      <trkpt lat="45.77498" lon="6.59198">
        <ele>1945</ele>
        <time>2026-05-14T09:47:22+00:00</time>
      </trkpt>
      <trkpt lat="45.77548" lon="6.59252">
        <ele>1948</ele>
        <time>2026-05-14T09:47:23+00:00</time>
      </trkpt>
      <trkpt lat="45.77601" lon="6.59286">
        <ele>1953</ele>
        <time>2026-05-14T09:47:24+00:00</time>
      </trkpt>
      <trkpt lat="45.77633" lon="6.59291">
        <ele>1955</ele>
        <time>2026-05-14T09:47:25+00:00</time>
      </trkpt>
      <trkpt lat="45.77702" lon="6.59285">
        <ele>1959</ele>
        <time>2026-05-14T09:47:26+00:00</time>
      </trkpt>
      <trkpt lat="45.77733" lon="6.59261">
        <ele>1960</ele>
        <time>2026-05-14T09:47:27+00:00</time>
      </trkpt>
      <trkpt lat="45.77788" lon="6.59259">
        <ele>1963</ele>
        <time>2026-05-14T09:47:28+00:00</time>
      </trkpt>
      <trkpt lat="45.77804" lon="6.59263">
        <ele>1965</ele>
        <time>2026-05-14T09:47:29+00:00</time>
      </trkpt>
      <trkpt lat="45.77866" lon="6.59234">
        <ele>1967</ele>
        <time>2026-05-14T09:47:30+00:00</time>
      </trkpt>
      <trkpt lat="45.7788" lon="6.59217">
        <ele>1968</ele>
        <time>2026-05-14T09:47:31+00:00</time>
      </trkpt>
      <trkpt lat="45.77904" lon="6.59156">
        <ele>1970</ele>
        <time>2026-05-14T09:47:32+00:00</time>
      </trkpt>
      <trkpt lat="45.77906" lon="6.59139">
        <ele>1970</ele>
        <time>2026-05-14T09:47:33+00:00</time>
      </trkpt>
      <trkpt lat="45.77903" lon="6.58982">
        <ele>1970</ele>
        <time>2026-05-14T09:47:34+00:00</time>
      </trkpt>
      <trkpt lat="45.77893" lon="6.58788">
        <ele>1964</ele>
        <time>2026-05-14T09:47:35+00:00</time>
      </trkpt>
      <trkpt lat="45.77899" lon="6.5874">
        <ele>1962</ele>
        <time>2026-05-14T09:47:36+00:00</time>
      </trkpt>
      <trkpt lat="45.77907" lon="6.58715">
        <ele>1963</ele>
        <time>2026-05-14T09:47:37+00:00</time>
      </trkpt>
      <trkpt lat="45.77918" lon="6.58704">
        <ele>1966</ele>
        <time>2026-05-14T09:47:38+00:00</time>
      </trkpt>
      <trkpt lat="45.77928" lon="6.58683">
        <ele>1968</ele>
        <time>2026-05-14T09:47:39+00:00</time>
      </trkpt>
      <trkpt lat="45.77942" lon="6.58666">
        <ele>1971</ele>
        <time>2026-05-14T09:47:40+00:00</time>
      </trkpt>
      <trkpt lat="45.77993" lon="6.58543">
        <ele>1977</ele>
        <time>2026-05-14T09:47:41+00:00</time>
      </trkpt>
      <trkpt lat="45.78007" lon="6.58528">
        <ele>1979</ele>
        <time>2026-05-14T09:47:42+00:00</time>
      </trkpt>
      <trkpt lat="45.78024" lon="6.58518">
        <ele>1982</ele>
        <time>2026-05-14T09:47:43+00:00</time>
      </trkpt>
      <trkpt lat="45.7805" lon="6.58508">
        <ele>1985</ele>
        <time>2026-05-14T09:47:44+00:00</time>
      </trkpt>
      <trkpt lat="45.78084" lon="6.58488">
        <ele>1989</ele>
        <time>2026-05-14T09:47:45+00:00</time>
      </trkpt>
      <trkpt lat="45.78095" lon="6.58486">
        <ele>1984</ele>
        <time>2026-05-14T09:47:46+00:00</time>
      </trkpt>
      <trkpt lat="45.78117" lon="6.5865">
        <ele>2000</ele>
        <time>2026-05-14T09:47:47+00:00</time>
      </trkpt>
      <trkpt lat="45.7812" lon="6.58717">
        <ele>2008</ele>
        <time>2026-05-14T09:47:48+00:00</time>
      </trkpt>
      <trkpt lat="45.78119" lon="6.5884">
        <ele>2018</ele>
        <time>2026-05-14T09:47:49+00:00</time>
      </trkpt>
      <trkpt lat="45.78113" lon="6.58933">
        <ele>2028</ele>
        <time>2026-05-14T09:47:50+00:00</time>
      </trkpt>
      <trkpt lat="45.78135" lon="6.59012">
        <ele>2028</ele>
        <time>2026-05-14T09:47:51+00:00</time>
      </trkpt>
      <trkpt lat="45.78139" lon="6.5906">
        <ele>2032</ele>
        <time>2026-05-14T09:47:52+00:00</time>
      </trkpt>
      <trkpt lat="45.78151" lon="6.59107">
        <ele>2037</ele>
        <time>2026-05-14T09:47:53+00:00</time>
      </trkpt>
      <trkpt lat="45.78186" lon="6.59197">
        <ele>2034</ele>
        <time>2026-05-14T09:47:54+00:00</time>
      </trkpt>
      <trkpt lat="45.78203" lon="6.59227">
        <ele>2030</ele>
        <time>2026-05-14T09:47:55+00:00</time>
      </trkpt>
      <trkpt lat="45.78224" lon="6.59247">
        <ele>2029</ele>
        <time>2026-05-14T09:47:56+00:00</time>
      </trkpt>
      <trkpt lat="45.78245" lon="6.59286">
        <ele>2029</ele>
        <time>2026-05-14T09:47:57+00:00</time>
      </trkpt>
      <trkpt lat="45.78321" lon="6.59391">
        <ele>2035</ele>
        <time>2026-05-14T09:47:58+00:00</time>
      </trkpt>
      <trkpt lat="45.78352" lon="6.59448">
        <ele>2036</ele>
        <time>2026-05-14T09:47:59+00:00</time>
      </trkpt>
      <trkpt lat="45.78389" lon="6.59487">
        <ele>2035</ele>
        <time>2026-05-14T09:48:00+00:00</time>
      </trkpt>
      <trkpt lat="45.78419" lon="6.59503">
        <ele>2035</ele>
        <time>2026-05-14T09:48:01+00:00</time>
      </trkpt>
      <trkpt lat="45.78474" lon="6.59542">
        <ele>2023</ele>
        <time>2026-05-14T09:48:02+00:00</time>
      </trkpt>
      <trkpt lat="45.78507" lon="6.59557">
        <ele>2020</ele>
        <time>2026-05-14T09:48:03+00:00</time>
      </trkpt>
      <trkpt lat="45.7859" lon="6.59614">
        <ele>2014</ele>
        <time>2026-05-14T09:48:04+00:00</time>
      </trkpt>
      <trkpt lat="45.78618" lon="6.59624">
        <ele>2012</ele>
        <time>2026-05-14T09:48:05+00:00</time>
      </trkpt>
      <trkpt lat="45.78665" lon="6.59631">
        <ele>2011</ele>
        <time>2026-05-14T09:48:06+00:00</time>
      </trkpt>
      <trkpt lat="45.787" lon="6.59642">
        <ele>2005</ele>
        <time>2026-05-14T09:48:07+00:00</time>
      </trkpt>
      <trkpt lat="45.78755" lon="6.59661">
        <ele>2001</ele>
        <time>2026-05-14T09:48:08+00:00</time>
      </trkpt>
      <trkpt lat="45.78792" lon="6.5968">
        <ele>1997</ele>
        <time>2026-05-14T09:48:09+00:00</time>
      </trkpt>
      <trkpt lat="45.78917" lon="6.5971">
        <ele>1987</ele>
        <time>2026-05-14T09:48:10+00:00</time>
      </trkpt>
      <trkpt lat="45.78958" lon="6.59752">
        <ele>1998</ele>
        <time>2026-05-14T09:48:11+00:00</time>
      </trkpt>
      <trkpt lat="45.78971" lon="6.59771">
        <ele>1999</ele>
        <time>2026-05-14T09:48:12+00:00</time>
      </trkpt>
      <trkpt lat="45.79028" lon="6.59816">
        <ele>2009</ele>
        <time>2026-05-14T09:48:13+00:00</time>
      </trkpt>
      <trkpt lat="45.79087" lon="6.59851">
        <ele>2016</ele>
        <time>2026-05-14T09:48:14+00:00</time>
      </trkpt>
      <trkpt lat="45.79159" lon="6.59864">
        <ele>2024</ele>
        <time>2026-05-14T09:48:15+00:00</time>
      </trkpt>
      <trkpt lat="45.79191" lon="6.59889">
        <ele>2032</ele>
        <time>2026-05-14T09:48:16+00:00</time>
      </trkpt>
      <trkpt lat="45.79233" lon="6.59904">
        <ele>2043</ele>
        <time>2026-05-14T09:48:17+00:00</time>
      </trkpt>
      <trkpt lat="45.79242" lon="6.59911">
        <ele>2046</ele>
        <time>2026-05-14T09:48:18+00:00</time>
      </trkpt>
      <trkpt lat="45.79254" lon="6.59933">
        <ele>2047</ele>
        <time>2026-05-14T09:48:19+00:00</time>
      </trkpt>
      <trkpt lat="45.79266" lon="6.59978">
        <ele>2043</ele>
        <time>2026-05-14T09:48:20+00:00</time>
      </trkpt>
      <trkpt lat="45.79279" lon="6.60002">
        <ele>2041</ele>
        <time>2026-05-14T09:48:21+00:00</time>
      </trkpt>
      <trkpt lat="45.79333" lon="6.60083">
        <ele>2046</ele>
        <time>2026-05-14T09:48:22+00:00</time>
      </trkpt>
      <trkpt lat="45.79372" lon="6.60132">
        <ele>2034</ele>
        <time>2026-05-14T09:48:23+00:00</time>
      </trkpt>
      <trkpt lat="45.79384" lon="6.60134">
        <ele>2033</ele>
        <time>2026-05-14T09:48:24+00:00</time>
      </trkpt>
      <trkpt lat="45.79401" lon="6.60127">
        <ele>2031</ele>
        <time>2026-05-14T09:48:25+00:00</time>
      </trkpt>
      <trkpt lat="45.79431" lon="6.60143">
        <ele>2031</ele>
        <time>2026-05-14T09:48:26+00:00</time>
      </trkpt>
      <trkpt lat="45.79472" lon="6.60157">
        <ele>2033</ele>
        <time>2026-05-14T09:48:27+00:00</time>
      </trkpt>
      <trkpt lat="45.79481" lon="6.60169">
        <ele>2035</ele>
        <time>2026-05-14T09:48:28+00:00</time>
      </trkpt>
      <trkpt lat="45.79503" lon="6.60211">
        <ele>2034</ele>
        <time>2026-05-14T09:48:29+00:00</time>
      </trkpt>
      <trkpt lat="45.79525" lon="6.60243">
        <ele>2036</ele>
        <time>2026-05-14T09:48:30+00:00</time>
      </trkpt>
      <trkpt lat="45.79548" lon="6.60305">
        <ele>2032</ele>
        <time>2026-05-14T09:48:31+00:00</time>
      </trkpt>
      <trkpt lat="45.79563" lon="6.60321">
        <ele>2032</ele>
        <time>2026-05-14T09:48:32+00:00</time>
      </trkpt>
      <trkpt lat="45.79576" lon="6.60371">
        <ele>2029</ele>
        <time>2026-05-14T09:48:33+00:00</time>
      </trkpt>
      <trkpt lat="45.79586" lon="6.60394">
        <ele>2028</ele>
        <time>2026-05-14T09:48:34+00:00</time>
      </trkpt>
      <trkpt lat="45.79588" lon="6.60412">
        <ele>2027</ele>
        <time>2026-05-14T09:48:35+00:00</time>
      </trkpt>
      <trkpt lat="45.79583" lon="6.60526">
        <ele>2020</ele>
        <time>2026-05-14T09:48:36+00:00</time>
      </trkpt>
      <trkpt lat="45.79569" lon="6.60596">
        <ele>2006</ele>
        <time>2026-05-14T09:48:37+00:00</time>
      </trkpt>
      <trkpt lat="45.79552" lon="6.60761">
        <ele>1989</ele>
        <time>2026-05-14T09:48:38+00:00</time>
      </trkpt>
      <trkpt lat="45.79533" lon="6.60842">
        <ele>1981</ele>
        <time>2026-05-14T09:48:39+00:00</time>
      </trkpt>
      <trkpt lat="45.7953" lon="6.60882">
        <ele>1976</ele>
        <time>2026-05-14T09:48:40+00:00</time>
      </trkpt>
      <trkpt lat="45.79532" lon="6.60966">
        <ele>1966</ele>
        <time>2026-05-14T09:48:41+00:00</time>
      </trkpt>
      <trkpt lat="45.79544" lon="6.61029">
        <ele>1960</ele>
        <time>2026-05-14T09:48:42+00:00</time>
      </trkpt>
      <trkpt lat="45.79576" lon="6.61098">
        <ele>1959</ele>
        <time>2026-05-14T09:48:43+00:00</time>
      </trkpt>
      <trkpt lat="45.79584" lon="6.61106">
        <ele>1959</ele>
        <time>2026-05-14T09:48:44+00:00</time>
      </trkpt>
      <trkpt lat="45.7959" lon="6.61128">
        <ele>1959</ele>
        <time>2026-05-14T09:48:45+00:00</time>
      </trkpt>
      <trkpt lat="45.7959" lon="6.61163">
        <ele>1960</ele>
        <time>2026-05-14T09:48:46+00:00</time>
      </trkpt>
      <trkpt lat="45.796" lon="6.612">
        <ele>1960</ele>
        <time>2026-05-14T09:48:47+00:00</time>
      </trkpt>
      <trkpt lat="45.79627" lon="6.61384">
        <ele>1965</ele>
        <time>2026-05-14T09:48:48+00:00</time>
      </trkpt>
      <trkpt lat="45.7963" lon="6.61427">
        <ele>1964</ele>
        <time>2026-05-14T09:48:49+00:00</time>
      </trkpt>
      <trkpt lat="45.79628" lon="6.61504">
        <ele>1966</ele>
        <time>2026-05-14T09:48:50+00:00</time>
      </trkpt>
      <trkpt lat="45.79609" lon="6.61559">
        <ele>1970</ele>
        <time>2026-05-14T09:48:51+00:00</time>
      </trkpt>
      <trkpt lat="45.79593" lon="6.61637">
        <ele>1975</ele>
        <time>2026-05-14T09:48:52+00:00</time>
      </trkpt>
      <trkpt lat="45.79582" lon="6.61667">
        <ele>1978</ele>
        <time>2026-05-14T09:48:53+00:00</time>
      </trkpt>
      <trkpt lat="45.79566" lon="6.61689">
        <ele>1977</ele>
        <time>2026-05-14T09:48:54+00:00</time>
      </trkpt>
      <trkpt lat="45.79566" lon="6.61735">
        <ele>1978</ele>
        <time>2026-05-14T09:48:55+00:00</time>
      </trkpt>
      <trkpt lat="45.79554" lon="6.61793">
        <ele>1983</ele>
        <time>2026-05-14T09:48:56+00:00</time>
      </trkpt>
      <trkpt lat="45.79513" lon="6.61818">
        <ele>1986</ele>
        <time>2026-05-14T09:48:57+00:00</time>
      </trkpt>
      <trkpt lat="45.79491" lon="6.61822">
        <ele>1986</ele>
        <time>2026-05-14T09:48:58+00:00</time>
      </trkpt>
      <trkpt lat="45.79482" lon="6.61828">
        <ele>1986</ele>
        <time>2026-05-14T09:48:59+00:00</time>
      </trkpt>
      <trkpt lat="45.79455" lon="6.61911">
        <ele>1990</ele>
        <time>2026-05-14T09:49:00+00:00</time>
      </trkpt>
      <trkpt lat="45.7945" lon="6.61943">
        <ele>1988</ele>
        <time>2026-05-14T09:49:01+00:00</time>
      </trkpt>
      <trkpt lat="45.79469" lon="6.62051">
        <ele>1990</ele>
        <time>2026-05-14T09:49:02+00:00</time>
      </trkpt>
      <trkpt lat="45.79469" lon="6.62132">
        <ele>1986</ele>
        <time>2026-05-14T09:49:03+00:00</time>
      </trkpt>
      <trkpt lat="45.79459" lon="6.62227">
        <ele>1981</ele>
        <time>2026-05-14T09:49:04+00:00</time>
      </trkpt>
      <trkpt lat="45.79455" lon="6.62243">
        <ele>1980</ele>
        <time>2026-05-14T09:49:05+00:00</time>
      </trkpt>
      <trkpt lat="45.79444" lon="6.62257">
        <ele>1976</ele>
        <time>2026-05-14T09:49:06+00:00</time>
      </trkpt>
      <trkpt lat="45.79439" lon="6.6228">
        <ele>1974</ele>
        <time>2026-05-14T09:49:07+00:00</time>
      </trkpt>
      <trkpt lat="45.79448" lon="6.62446">
        <ele>1970</ele>
        <time>2026-05-14T09:49:08+00:00</time>
      </trkpt>
      <trkpt lat="45.79494" lon="6.62527">
        <ele>1971</ele>
        <time>2026-05-14T09:49:09+00:00</time>
      </trkpt>
      <trkpt lat="45.795" lon="6.62581">
        <ele>1965</ele>
        <time>2026-05-14T09:49:10+00:00</time>
      </trkpt>
      <trkpt lat="45.79493" lon="6.62613">
        <ele>1962</ele>
        <time>2026-05-14T09:49:11+00:00</time>
      </trkpt>
      <trkpt lat="45.7949" lon="6.62661">
        <ele>1960</ele>
        <time>2026-05-14T09:49:12+00:00</time>
      </trkpt>
      <trkpt lat="45.79474" lon="6.627">
        <ele>1955</ele>
        <time>2026-05-14T09:49:13+00:00</time>
      </trkpt>
      <trkpt lat="45.79469" lon="6.62749">
        <ele>1952</ele>
        <time>2026-05-14T09:49:14+00:00</time>
      </trkpt>
      <trkpt lat="45.79449" lon="6.62821">
        <ele>1947</ele>
        <time>2026-05-14T09:49:15+00:00</time>
      </trkpt>
      <trkpt lat="45.79452" lon="6.62863">
        <ele>1951</ele>
        <time>2026-05-14T09:49:16+00:00</time>
      </trkpt>
      <trkpt lat="45.79447" lon="6.62929">
        <ele>1952</ele>
        <time>2026-05-14T09:49:17+00:00</time>
      </trkpt>
      <trkpt lat="45.79437" lon="6.62986">
        <ele>1950</ele>
        <time>2026-05-14T09:49:18+00:00</time>
      </trkpt>
      <trkpt lat="45.79448" lon="6.63026">
        <ele>1958</ele>
        <time>2026-05-14T09:49:19+00:00</time>
      </trkpt>
      <trkpt lat="45.79457" lon="6.63035">
        <ele>1963</ele>
        <time>2026-05-14T09:49:20+00:00</time>
      </trkpt>
      <trkpt lat="45.79452" lon="6.63041">
        <ele>1961</ele>
        <time>2026-05-14T09:49:21+00:00</time>
      </trkpt>
      <trkpt lat="45.7944" lon="6.63045">
        <ele>1956</ele>
        <time>2026-05-14T09:49:22+00:00</time>
      </trkpt>
      <trkpt lat="45.79389" lon="6.63133">
        <ele>1949</ele>
        <time>2026-05-14T09:49:23+00:00</time>
      </trkpt>
      <trkpt lat="45.79384" lon="6.63166">
        <ele>1954</ele>
        <time>2026-05-14T09:49:24+00:00</time>
      </trkpt>
      <trkpt lat="45.7937" lon="6.63205">
        <ele>1955</ele>
        <time>2026-05-14T09:49:25+00:00</time>
      </trkpt>
      <trkpt lat="45.79365" lon="6.6325">
        <ele>1960</ele>
        <time>2026-05-14T09:49:26+00:00</time>
      </trkpt>
      <trkpt lat="45.79376" lon="6.63317">
        <ele>1960</ele>
        <time>2026-05-14T09:49:27+00:00</time>
      </trkpt>
      <trkpt lat="45.79403" lon="6.63401">
        <ele>1959</ele>
        <time>2026-05-14T09:49:28+00:00</time>
      </trkpt>
      <trkpt lat="45.79429" lon="6.63437">
        <ele>1963</ele>
        <time>2026-05-14T09:49:29+00:00</time>
      </trkpt>
      <trkpt lat="45.79434" lon="6.63451">
        <ele>1964</ele>
        <time>2026-05-14T09:49:30+00:00</time>
      </trkpt>
      <trkpt lat="45.79449" lon="6.63468">
        <ele>1968</ele>
        <time>2026-05-14T09:49:31+00:00</time>
      </trkpt>
      <trkpt lat="45.79455" lon="6.63521">
        <ele>1964</ele>
        <time>2026-05-14T09:49:32+00:00</time>
      </trkpt>
      <trkpt lat="45.79446" lon="6.63537">
        <ele>1958</ele>
        <time>2026-05-14T09:49:33+00:00</time>
      </trkpt>
      <trkpt lat="45.79464" lon="6.6359">
        <ele>1957</ele>
        <time>2026-05-14T09:49:34+00:00</time>
      </trkpt>
      <trkpt lat="45.7947" lon="6.63621">
        <ele>1954</ele>
        <time>2026-05-14T09:49:35+00:00</time>
      </trkpt>
      <trkpt lat="45.79505" lon="6.6371">
        <ele>1956</ele>
        <time>2026-05-14T09:49:36+00:00</time>
      </trkpt>
      <trkpt lat="45.79508" lon="6.63735">
        <ele>1954</ele>
        <time>2026-05-14T09:49:37+00:00</time>
      </trkpt>
      <trkpt lat="45.79517" lon="6.63759">
        <ele>1956</ele>
        <time>2026-05-14T09:49:38+00:00</time>
      </trkpt>
      <trkpt lat="45.79518" lon="6.63775">
        <ele>1957</ele>
        <time>2026-05-14T09:49:39+00:00</time>
      </trkpt>
      <trkpt lat="45.7951" lon="6.63813">
        <ele>1953</ele>
        <time>2026-05-14T09:49:40+00:00</time>
      </trkpt>
      <trkpt lat="45.79497" lon="6.63848">
        <ele>1948</ele>
        <time>2026-05-14T09:49:41+00:00</time>
      </trkpt>
      <trkpt lat="45.79502" lon="6.63862">
        <ele>1950</ele>
        <time>2026-05-14T09:49:42+00:00</time>
      </trkpt>
      <trkpt lat="45.795" lon="6.6389">
        <ele>1949</ele>
        <time>2026-05-14T09:49:43+00:00</time>
      </trkpt>
      <trkpt lat="45.79507" lon="6.63909">
        <ele>1952</ele>
        <time>2026-05-14T09:49:44+00:00</time>
      </trkpt>
      <trkpt lat="45.79501" lon="6.63946">
        <ele>1948</ele>
        <time>2026-05-14T09:49:45+00:00</time>
      </trkpt>
      <trkpt lat="45.79508" lon="6.63964">
        <ele>1950</ele>
        <time>2026-05-14T09:49:46+00:00</time>
      </trkpt>
      <trkpt lat="45.79515" lon="6.64024">
        <ele>1950</ele>
        <time>2026-05-14T09:49:47+00:00</time>
      </trkpt>
      <trkpt lat="45.79473" lon="6.64098">
        <ele>1936</ele>
        <time>2026-05-14T09:49:48+00:00</time>
      </trkpt>
      <trkpt lat="45.79465" lon="6.64118">
        <ele>1932</ele>
        <time>2026-05-14T09:49:49+00:00</time>
      </trkpt>
      <trkpt lat="45.79464" lon="6.64135">
        <ele>1930</ele>
        <time>2026-05-14T09:49:50+00:00</time>
      </trkpt>
      <trkpt lat="45.7947" lon="6.64154">
        <ele>1929</ele>
        <time>2026-05-14T09:49:51+00:00</time>
      </trkpt>
      <trkpt lat="45.79479" lon="6.64163">
        <ele>1930</ele>
        <time>2026-05-14T09:49:52+00:00</time>
      </trkpt>
      <trkpt lat="45.79504" lon="6.64163">
        <ele>1936</ele>
        <time>2026-05-14T09:49:53+00:00</time>
      </trkpt>
      <trkpt lat="45.79519" lon="6.64171">
        <ele>1938</ele>
        <time>2026-05-14T09:49:54+00:00</time>
      </trkpt>
      <trkpt lat="45.79522" lon="6.64181">
        <ele>1937</ele>
        <time>2026-05-14T09:49:55+00:00</time>
      </trkpt>
      <trkpt lat="45.7952" lon="6.642">
        <ele>1935</ele>
        <time>2026-05-14T09:49:56+00:00</time>
      </trkpt>
      <trkpt lat="45.795" lon="6.64227">
        <ele>1928</ele>
        <time>2026-05-14T09:49:57+00:00</time>
      </trkpt>
      <trkpt lat="45.79491" lon="6.64232">
        <ele>1926</ele>
        <time>2026-05-14T09:49:58+00:00</time>
      </trkpt>
      <trkpt lat="45.79486" lon="6.64244">
        <ele>1923</ele>
        <time>2026-05-14T09:49:59+00:00</time>
      </trkpt>
      <trkpt lat="45.7949" lon="6.6426">
        <ele>1922</ele>
        <time>2026-05-14T09:50:00+00:00</time>
      </trkpt>
      <trkpt lat="45.795" lon="6.64271">
        <ele>1922</ele>
        <time>2026-05-14T09:50:01+00:00</time>
      </trkpt>
      <trkpt lat="45.79513" lon="6.64274">
        <ele>1924</ele>
        <time>2026-05-14T09:50:02+00:00</time>
      </trkpt>
      <trkpt lat="45.79518" lon="6.64282">
        <ele>1924</ele>
        <time>2026-05-14T09:50:03+00:00</time>
      </trkpt>
      <trkpt lat="45.79517" lon="6.64291">
        <ele>1922</ele>
        <time>2026-05-14T09:50:04+00:00</time>
      </trkpt>
      <trkpt lat="45.79493" lon="6.64298">
        <ele>1916</ele>
        <time>2026-05-14T09:50:05+00:00</time>
      </trkpt>
      <trkpt lat="45.79478" lon="6.64298">
        <ele>1913</ele>
        <time>2026-05-14T09:50:06+00:00</time>
      </trkpt>
      <trkpt lat="45.79466" lon="6.64288">
        <ele>1912</ele>
        <time>2026-05-14T09:50:07+00:00</time>
      </trkpt>
      <trkpt lat="45.79462" lon="6.64289">
        <ele>1911</ele>
        <time>2026-05-14T09:50:08+00:00</time>
      </trkpt>
      <trkpt lat="45.79464" lon="6.64308">
        <ele>1908</ele>
        <time>2026-05-14T09:50:09+00:00</time>
      </trkpt>
      <trkpt lat="45.79479" lon="6.64331">
        <ele>1908</ele>
        <time>2026-05-14T09:50:10+00:00</time>
      </trkpt>
      <trkpt lat="45.79483" lon="6.64346">
        <ele>1906</ele>
        <time>2026-05-14T09:50:11+00:00</time>
      </trkpt>
      <trkpt lat="45.79493" lon="6.64355">
        <ele>1906</ele>
        <time>2026-05-14T09:50:12+00:00</time>
      </trkpt>
      <trkpt lat="45.79512" lon="6.64359">
        <ele>1909</ele>
        <time>2026-05-14T09:50:13+00:00</time>
      </trkpt>
      <trkpt lat="45.79529" lon="6.64418">
        <ele>1900</ele>
        <time>2026-05-14T09:50:14+00:00</time>
      </trkpt>
      <trkpt lat="45.79539" lon="6.64433">
        <ele>1900</ele>
        <time>2026-05-14T09:50:15+00:00</time>
      </trkpt>
      <trkpt lat="45.79542" lon="6.64445">
        <ele>1899</ele>
        <time>2026-05-14T09:50:16+00:00</time>
      </trkpt>
      <trkpt lat="45.79536" lon="6.64458">
        <ele>1896</ele>
        <time>2026-05-14T09:50:17+00:00</time>
      </trkpt>
      <trkpt lat="45.79543" lon="6.64466">
        <ele>1897</ele>
        <time>2026-05-14T09:50:18+00:00</time>
      </trkpt>
      <trkpt lat="45.79548" lon="6.64494">
        <ele>1894</ele>
        <time>2026-05-14T09:50:19+00:00</time>
      </trkpt>
      <trkpt lat="45.79564" lon="6.64542">
        <ele>1894</ele>
        <time>2026-05-14T09:50:20+00:00</time>
      </trkpt>
      <trkpt lat="45.79572" lon="6.64601">
        <ele>1895</ele>
        <time>2026-05-14T09:50:21+00:00</time>
      </trkpt>
      <trkpt lat="45.79548" lon="6.64631">
        <ele>1885</ele>
        <time>2026-05-14T09:50:22+00:00</time>
      </trkpt>
      <trkpt lat="45.79525" lon="6.64687">
        <ele>1874</ele>
        <time>2026-05-14T09:50:23+00:00</time>
      </trkpt>
      <trkpt lat="45.79514" lon="6.64701">
        <ele>1869</ele>
        <time>2026-05-14T09:50:24+00:00</time>
      </trkpt>
      <trkpt lat="45.79496" lon="6.64714">
        <ele>1861</ele>
        <time>2026-05-14T09:50:25+00:00</time>
      </trkpt>
      <trkpt lat="45.79477" lon="6.64745">
        <ele>1857</ele>
        <time>2026-05-14T09:50:26+00:00</time>
      </trkpt>
      <trkpt lat="45.79462" lon="6.64757">
        <ele>1854</ele>
        <time>2026-05-14T09:50:27+00:00</time>
      </trkpt>
      <trkpt lat="45.7945" lon="6.64816">
        <ele>1856</ele>
        <time>2026-05-14T09:50:28+00:00</time>
      </trkpt>
      <trkpt lat="45.79433" lon="6.64839">
        <ele>1853</ele>
        <time>2026-05-14T09:50:29+00:00</time>
      </trkpt>
      <trkpt lat="45.79422" lon="6.64846">
        <ele>1850</ele>
        <time>2026-05-14T09:50:30+00:00</time>
      </trkpt>
      <trkpt lat="45.79395" lon="6.64915">
        <ele>1850</ele>
        <time>2026-05-14T09:50:31+00:00</time>
      </trkpt>
      <trkpt lat="45.79392" lon="6.64941">
        <ele>1850</ele>
        <time>2026-05-14T09:50:32+00:00</time>
      </trkpt>
      <trkpt lat="45.79382" lon="6.6496">
        <ele>1848</ele>
        <time>2026-05-14T09:50:33+00:00</time>
      </trkpt>
      <trkpt lat="45.79394" lon="6.64982">
        <ele>1854</ele>
        <time>2026-05-14T09:50:34+00:00</time>
      </trkpt>
      <trkpt lat="45.79385" lon="6.64997">
        <ele>1852</ele>
        <time>2026-05-14T09:50:35+00:00</time>
      </trkpt>
      <trkpt lat="45.79367" lon="6.65007">
        <ele>1849</ele>
        <time>2026-05-14T09:50:36+00:00</time>
      </trkpt>
      <trkpt lat="45.79357" lon="6.65007">
        <ele>1846</ele>
        <time>2026-05-14T09:50:37+00:00</time>
      </trkpt>
      <trkpt lat="45.79336" lon="6.65032">
        <ele>1848</ele>
        <time>2026-05-14T09:50:38+00:00</time>
      </trkpt>
      <trkpt lat="45.79329" lon="6.65026">
        <ele>1844</ele>
        <time>2026-05-14T09:50:39+00:00</time>
      </trkpt>
      <trkpt lat="45.79307" lon="6.65024">
        <ele>1839</ele>
        <time>2026-05-14T09:50:40+00:00</time>
      </trkpt>
      <trkpt lat="45.79295" lon="6.65027">
        <ele>1838</ele>
        <time>2026-05-14T09:50:41+00:00</time>
      </trkpt>
      <trkpt lat="45.79289" lon="6.65039">
        <ele>1840</ele>
        <time>2026-05-14T09:50:42+00:00</time>
      </trkpt>
      <trkpt lat="45.79266" lon="6.65054">
        <ele>1839</ele>
        <time>2026-05-14T09:50:43+00:00</time>
      </trkpt>
      <trkpt lat="45.79238" lon="6.65082">
        <ele>1838</ele>
        <time>2026-05-14T09:50:44+00:00</time>
      </trkpt>
      <trkpt lat="45.79187" lon="6.65116">
        <ele>1826</ele>
        <time>2026-05-14T09:50:45+00:00</time>
      </trkpt>
      <trkpt lat="45.79178" lon="6.65129">
        <ele>1826</ele>
        <time>2026-05-14T09:50:46+00:00</time>
      </trkpt>
      <trkpt lat="45.7916" lon="6.65144">
        <ele>1823</ele>
        <time>2026-05-14T09:50:47+00:00</time>
      </trkpt>
      <trkpt lat="45.79139" lon="6.65181">
        <ele>1826</ele>
        <time>2026-05-14T09:50:48+00:00</time>
      </trkpt>
      <trkpt lat="45.79113" lon="6.65192">
        <ele>1819</ele>
        <time>2026-05-14T09:50:49+00:00</time>
      </trkpt>
      <trkpt lat="45.79088" lon="6.65223">
        <ele>1817</ele>
        <time>2026-05-14T09:50:50+00:00</time>
      </trkpt>
      <trkpt lat="45.79067" lon="6.65235">
        <ele>1816</ele>
        <time>2026-05-14T09:50:51+00:00</time>
      </trkpt>
      <trkpt lat="45.7904" lon="6.65287">
        <ele>1826</ele>
        <time>2026-05-14T09:50:52+00:00</time>
      </trkpt>
      <trkpt lat="45.78988" lon="6.65317">
        <ele>1820</ele>
        <time>2026-05-14T09:50:53+00:00</time>
      </trkpt>
      <trkpt lat="45.78953" lon="6.65387">
        <ele>1823</ele>
        <time>2026-05-14T09:50:54+00:00</time>
      </trkpt>
      <trkpt lat="45.78945" lon="6.65424">
        <ele>1828</ele>
        <time>2026-05-14T09:50:55+00:00</time>
      </trkpt>
      <trkpt lat="45.78926" lon="6.65443">
        <ele>1829</ele>
        <time>2026-05-14T09:50:56+00:00</time>
      </trkpt>
      <trkpt lat="45.78916" lon="6.65437">
        <ele>1823</ele>
        <time>2026-05-14T09:50:57+00:00</time>
      </trkpt>
      <trkpt lat="45.78906" lon="6.65442">
        <ele>1822</ele>
        <time>2026-05-14T09:50:58+00:00</time>
      </trkpt>
      <trkpt lat="45.78901" lon="6.65454">
        <ele>1825</ele>
        <time>2026-05-14T09:50:59+00:00</time>
      </trkpt>
      <trkpt lat="45.78901" lon="6.65463">
        <ele>1828</ele>
        <time>2026-05-14T09:51:00+00:00</time>
      </trkpt>
      <trkpt lat="45.78916" lon="6.65465">
        <ele>1834</ele>
        <time>2026-05-14T09:51:01+00:00</time>
      </trkpt>
      <trkpt lat="45.78918" lon="6.65478">
        <ele>1840</ele>
        <time>2026-05-14T09:51:02+00:00</time>
      </trkpt>
      <trkpt lat="45.78905" lon="6.65526">
        <ele>1852</ele>
        <time>2026-05-14T09:51:03+00:00</time>
      </trkpt>
      <trkpt lat="45.7891" lon="6.65534">
        <ele>1857</ele>
        <time>2026-05-14T09:51:04+00:00</time>
      </trkpt>
      <trkpt lat="45.78903" lon="6.65547">
        <ele>1858</ele>
        <time>2026-05-14T09:51:05+00:00</time>
      </trkpt>
      <trkpt lat="45.78889" lon="6.65558">
        <ele>1855</ele>
        <time>2026-05-14T09:51:06+00:00</time>
      </trkpt>
      <trkpt lat="45.78882" lon="6.65574">
        <ele>1856</ele>
        <time>2026-05-14T09:51:07+00:00</time>
      </trkpt>
      <trkpt lat="45.78871" lon="6.65582">
        <ele>1853</ele>
        <time>2026-05-14T09:51:08+00:00</time>
      </trkpt>
      <trkpt lat="45.78868" lon="6.65596">
        <ele>1854</ele>
        <time>2026-05-14T09:51:09+00:00</time>
      </trkpt>
      <trkpt lat="45.78873" lon="6.65601">
        <ele>1857</ele>
        <time>2026-05-14T09:51:10+00:00</time>
      </trkpt>
      <trkpt lat="45.78885" lon="6.656">
        <ele>1863</ele>
        <time>2026-05-14T09:51:11+00:00</time>
      </trkpt>
      <trkpt lat="45.78887" lon="6.65633">
        <ele>1869</ele>
        <time>2026-05-14T09:51:12+00:00</time>
      </trkpt>
      <trkpt lat="45.78895" lon="6.65666">
        <ele>1878</ele>
        <time>2026-05-14T09:51:13+00:00</time>
      </trkpt>
      <trkpt lat="45.78939" lon="6.65724">
        <ele>1891</ele>
        <time>2026-05-14T09:51:14+00:00</time>
      </trkpt>
      <trkpt lat="45.78951" lon="6.65721">
        <ele>1896</ele>
        <time>2026-05-14T09:51:15+00:00</time>
      </trkpt>
      <trkpt lat="45.78953" lon="6.65715">
        <ele>1898</ele>
        <time>2026-05-14T09:51:16+00:00</time>
      </trkpt>
      <trkpt lat="45.78961" lon="6.65715">
        <ele>1902</ele>
        <time>2026-05-14T09:51:17+00:00</time>
      </trkpt>
      <trkpt lat="45.78954" lon="6.65698">
        <ele>1901</ele>
        <time>2026-05-14T09:51:18+00:00</time>
      </trkpt>
      <trkpt lat="45.7899" lon="6.65687">
        <ele>1920</ele>
        <time>2026-05-14T09:51:19+00:00</time>
      </trkpt>
      <trkpt lat="45.79037" lon="6.65681">
        <ele>1941</ele>
        <time>2026-05-14T09:51:20+00:00</time>
      </trkpt>
      <trkpt lat="45.79048" lon="6.65681">
        <ele>1946</ele>
        <time>2026-05-14T09:51:21+00:00</time>
      </trkpt>
      <trkpt lat="45.79079" lon="6.65693">
        <ele>1956</ele>
        <time>2026-05-14T09:51:22+00:00</time>
      </trkpt>
      <trkpt lat="45.79088" lon="6.65698">
        <ele>1959</ele>
        <time>2026-05-14T09:51:23+00:00</time>
      </trkpt>
      <trkpt lat="45.79097" lon="6.6571">
        <ele>1959</ele>
        <time>2026-05-14T09:51:24+00:00</time>
      </trkpt>
      <trkpt lat="45.79118" lon="6.65718">
        <ele>1965</ele>
        <time>2026-05-14T09:51:25+00:00</time>
      </trkpt>
      <trkpt lat="45.79128" lon="6.65711">
        <ele>1970</ele>
        <time>2026-05-14T09:51:26+00:00</time>
      </trkpt>
      <trkpt lat="45.79156" lon="6.65722">
        <ele>1978</ele>
        <time>2026-05-14T09:51:27+00:00</time>
      </trkpt>
      <trkpt lat="45.7919" lon="6.65717">
        <ele>1992</ele>
        <time>2026-05-14T09:51:28+00:00</time>
      </trkpt>
      <trkpt lat="45.79205" lon="6.65702">
        <ele>1999</ele>
        <time>2026-05-14T09:51:29+00:00</time>
      </trkpt>
      <trkpt lat="45.79212" lon="6.65708">
        <ele>2001</ele>
        <time>2026-05-14T09:51:30+00:00</time>
      </trkpt>
      <trkpt lat="45.79205" lon="6.65716">
        <ele>1997</ele>
        <time>2026-05-14T09:51:31+00:00</time>
      </trkpt>
      <trkpt lat="45.792" lon="6.65736">
        <ele>1994</ele>
        <time>2026-05-14T09:51:32+00:00</time>
      </trkpt>
      <trkpt lat="45.79199" lon="6.65772">
        <ele>1996</ele>
        <time>2026-05-14T09:51:33+00:00</time>
      </trkpt>
      <trkpt lat="45.79193" lon="6.65805">
        <ele>1998</ele>
        <time>2026-05-14T09:51:34+00:00</time>
      </trkpt>
      <trkpt lat="45.79191" lon="6.65872">
        <ele>2011</ele>
        <time>2026-05-14T09:51:35+00:00</time>
      </trkpt>
      <trkpt lat="45.79194" lon="6.65895">
        <ele>2019</ele>
        <time>2026-05-14T09:51:36+00:00</time>
      </trkpt>
      <trkpt lat="45.79187" lon="6.65917">
        <ele>2020</ele>
        <time>2026-05-14T09:51:37+00:00</time>
      </trkpt>
      <trkpt lat="45.79183" lon="6.65979">
        <ele>2026</ele>
        <time>2026-05-14T09:51:38+00:00</time>
      </trkpt>
      <trkpt lat="45.79174" lon="6.66013">
        <ele>2023</ele>
        <time>2026-05-14T09:51:39+00:00</time>
      </trkpt>
      <trkpt lat="45.79174" lon="6.66064">
        <ele>2025</ele>
        <time>2026-05-14T09:51:40+00:00</time>
      </trkpt>
      <trkpt lat="45.7917" lon="6.66076">
        <ele>2023</ele>
        <time>2026-05-14T09:51:41+00:00</time>
      </trkpt>
      <trkpt lat="45.79175" lon="6.66124">
        <ele>2030</ele>
        <time>2026-05-14T09:51:42+00:00</time>
      </trkpt>
      <trkpt lat="45.79174" lon="6.66156">
        <ele>2032</ele>
        <time>2026-05-14T09:51:43+00:00</time>
      </trkpt>
      <trkpt lat="45.79147" lon="6.66233">
        <ele>2036</ele>
        <time>2026-05-14T09:51:44+00:00</time>
      </trkpt>
      <trkpt lat="45.79124" lon="6.66266">
        <ele>2031</ele>
        <time>2026-05-14T09:51:45+00:00</time>
      </trkpt>
      <trkpt lat="45.79104" lon="6.66321">
        <ele>2029</ele>
        <time>2026-05-14T09:51:46+00:00</time>
      </trkpt>
      <trkpt lat="45.791" lon="6.66416">
        <ele>2035</ele>
        <time>2026-05-14T09:51:47+00:00</time>
      </trkpt>
      <trkpt lat="45.79079" lon="6.66511">
        <ele>2040</ele>
        <time>2026-05-14T09:51:48+00:00</time>
      </trkpt>
      <trkpt lat="45.79052" lon="6.66567">
        <ele>2040</ele>
        <time>2026-05-14T09:51:49+00:00</time>
      </trkpt>
      <trkpt lat="45.7903" lon="6.66596">
        <ele>2036</ele>
        <time>2026-05-14T09:51:50+00:00</time>
      </trkpt>
      <trkpt lat="45.7902" lon="6.66641">
        <ele>2041</ele>
        <time>2026-05-14T09:51:51+00:00</time>
      </trkpt>
      <trkpt lat="45.7901" lon="6.66667">
        <ele>2043</ele>
        <time>2026-05-14T09:51:52+00:00</time>
      </trkpt>
      <trkpt lat="45.78959" lon="6.66733">
        <ele>2034</ele>
        <time>2026-05-14T09:51:53+00:00</time>
      </trkpt>
      <trkpt lat="45.78918" lon="6.66804">
        <ele>2029</ele>
        <time>2026-05-14T09:51:54+00:00</time>
      </trkpt>
      <trkpt lat="45.78905" lon="6.66889">
        <ele>2026</ele>
        <time>2026-05-14T09:51:55+00:00</time>
      </trkpt>
      <trkpt lat="45.78905" lon="6.66955">
        <ele>2022</ele>
        <time>2026-05-14T09:51:56+00:00</time>
      </trkpt>
      <trkpt lat="45.78887" lon="6.6699">
        <ele>2016</ele>
        <time>2026-05-14T09:51:57+00:00</time>
      </trkpt>
      <trkpt lat="45.78887" lon="6.6701">
        <ele>2014</ele>
        <time>2026-05-14T09:51:58+00:00</time>
      </trkpt>
      <trkpt lat="45.78882" lon="6.67022">
        <ele>2013</ele>
        <time>2026-05-14T09:51:59+00:00</time>
      </trkpt>
      <trkpt lat="45.78834" lon="6.67036">
        <ele>2008</ele>
        <time>2026-05-14T09:52:00+00:00</time>
      </trkpt>
      <trkpt lat="45.7882" lon="6.67056">
        <ele>2008</ele>
        <time>2026-05-14T09:52:01+00:00</time>
      </trkpt>
      <trkpt lat="45.7881" lon="6.67091">
        <ele>2007</ele>
        <time>2026-05-14T09:52:02+00:00</time>
      </trkpt>
      <trkpt lat="45.78723" lon="6.6719">
        <ele>1999</ele>
        <time>2026-05-14T09:52:03+00:00</time>
      </trkpt>
      <trkpt lat="45.78679" lon="6.67228">
        <ele>1995</ele>
        <time>2026-05-14T09:52:04+00:00</time>
      </trkpt>
      <trkpt lat="45.78662" lon="6.67233">
        <ele>1995</ele>
        <time>2026-05-14T09:52:05+00:00</time>
      </trkpt>
      <trkpt lat="45.78616" lon="6.67265">
        <ele>1993</ele>
        <time>2026-05-14T09:52:06+00:00</time>
      </trkpt>
      <trkpt lat="45.78587" lon="6.67316">
        <ele>1988</ele>
        <time>2026-05-14T09:52:07+00:00</time>
      </trkpt>
      <trkpt lat="45.78565" lon="6.6738">
        <ele>1985</ele>
        <time>2026-05-14T09:52:08+00:00</time>
      </trkpt>
      <trkpt lat="45.78536" lon="6.67431">
        <ele>1985</ele>
        <time>2026-05-14T09:52:09+00:00</time>
      </trkpt>
      <trkpt lat="45.78499" lon="6.67455">
        <ele>1987</ele>
        <time>2026-05-14T09:52:10+00:00</time>
      </trkpt>
      <trkpt lat="45.7846" lon="6.67454">
        <ele>1985</ele>
        <time>2026-05-14T09:52:11+00:00</time>
      </trkpt>
      <trkpt lat="45.78445" lon="6.67449">
        <ele>1985</ele>
        <time>2026-05-14T09:52:12+00:00</time>
      </trkpt>
      <trkpt lat="45.78424" lon="6.67435">
        <ele>1986</ele>
        <time>2026-05-14T09:52:13+00:00</time>
      </trkpt>
      <trkpt lat="45.78398" lon="6.67403">
        <ele>1987</ele>
        <time>2026-05-14T09:52:14+00:00</time>
      </trkpt>
      <trkpt lat="45.78387" lon="6.67399">
        <ele>1986</ele>
        <time>2026-05-14T09:52:15+00:00</time>
      </trkpt>
      <trkpt lat="45.78365" lon="6.67401">
        <ele>1986</ele>
        <time>2026-05-14T09:52:16+00:00</time>
      </trkpt>
      <trkpt lat="45.78308" lon="6.67443">
        <ele>1983</ele>
        <time>2026-05-14T09:52:17+00:00</time>
      </trkpt>
      <trkpt lat="45.78286" lon="6.67452">
        <ele>1983</ele>
        <time>2026-05-14T09:52:18+00:00</time>
      </trkpt>
      <trkpt lat="45.78248" lon="6.67452">
        <ele>1985</ele>
        <time>2026-05-14T09:52:19+00:00</time>
      </trkpt>
      <trkpt lat="45.7824" lon="6.67467">
        <ele>1987</ele>
        <time>2026-05-14T09:52:20+00:00</time>
      </trkpt>
      <trkpt lat="45.78236" lon="6.6749">
        <ele>1989</ele>
        <time>2026-05-14T09:52:21+00:00</time>
      </trkpt>
      <trkpt lat="45.78215" lon="6.67522">
        <ele>1992</ele>
        <time>2026-05-14T09:52:22+00:00</time>
      </trkpt>
      <trkpt lat="45.78183" lon="6.67543">
        <ele>1998</ele>
        <time>2026-05-14T09:52:23+00:00</time>
      </trkpt>
      <trkpt lat="45.78167" lon="6.67544">
        <ele>2001</ele>
        <time>2026-05-14T09:52:24+00:00</time>
      </trkpt>
      <trkpt lat="45.78091" lon="6.67598">
        <ele>2012</ele>
        <time>2026-05-14T09:52:25+00:00</time>
      </trkpt>
      <trkpt lat="45.78081" lon="6.67619">
        <ele>2013</ele>
        <time>2026-05-14T09:52:26+00:00</time>
      </trkpt>
      <trkpt lat="45.78078" lon="6.67645">
        <ele>2013</ele>
        <time>2026-05-14T09:52:27+00:00</time>
      </trkpt>
      <trkpt lat="45.78072" lon="6.6765">
        <ele>2014</ele>
        <time>2026-05-14T09:52:28+00:00</time>
      </trkpt>
      <trkpt lat="45.78049" lon="6.67631">
        <ele>2016</ele>
        <time>2026-05-14T09:52:29+00:00</time>
      </trkpt>
      <trkpt lat="45.78037" lon="6.67631">
        <ele>2017</ele>
        <time>2026-05-14T09:52:30+00:00</time>
      </trkpt>
      <trkpt lat="45.78027" lon="6.67636">
        <ele>2019</ele>
        <time>2026-05-14T09:52:31+00:00</time>
      </trkpt>
      <trkpt lat="45.7802" lon="6.67634">
        <ele>2019</ele>
        <time>2026-05-14T09:52:32+00:00</time>
      </trkpt>
      <trkpt lat="45.78008" lon="6.67645">
        <ele>2021</ele>
        <time>2026-05-14T09:52:33+00:00</time>
      </trkpt>
      <trkpt lat="45.77979" lon="6.67712">
        <ele>2025</ele>
        <time>2026-05-14T09:52:34+00:00</time>
      </trkpt>
      <trkpt lat="45.77977" lon="6.67725">
        <ele>2026</ele>
        <time>2026-05-14T09:52:35+00:00</time>
      </trkpt>
      <trkpt lat="45.77981" lon="6.67754">
        <ele>2027</ele>
        <time>2026-05-14T09:52:36+00:00</time>
      </trkpt>
      <trkpt lat="45.77974" lon="6.67772">
        <ele>2028</ele>
        <time>2026-05-14T09:52:37+00:00</time>
      </trkpt>
      <trkpt lat="45.77968" lon="6.6782">
        <ele>2030</ele>
        <time>2026-05-14T09:52:38+00:00</time>
      </trkpt>
      <trkpt lat="45.77959" lon="6.67834">
        <ele>2033</ele>
        <time>2026-05-14T09:52:39+00:00</time>
      </trkpt>
      <trkpt lat="45.77937" lon="6.67847">
        <ele>2037</ele>
        <time>2026-05-14T09:52:40+00:00</time>
      </trkpt>
      <trkpt lat="45.77924" lon="6.67841">
        <ele>2040</ele>
        <time>2026-05-14T09:52:41+00:00</time>
      </trkpt>
      <trkpt lat="45.77894" lon="6.67858">
        <ele>2042</ele>
        <time>2026-05-14T09:52:42+00:00</time>
      </trkpt>
      <trkpt lat="45.77882" lon="6.67871">
        <ele>2043</ele>
        <time>2026-05-14T09:52:43+00:00</time>
      </trkpt>
      <trkpt lat="45.77826" lon="6.67879">
        <ele>2048</ele>
        <time>2026-05-14T09:52:44+00:00</time>
      </trkpt>
      <trkpt lat="45.77803" lon="6.67877">
        <ele>2048</ele>
        <time>2026-05-14T09:52:45+00:00</time>
      </trkpt>
      <trkpt lat="45.7781" lon="6.67892">
        <ele>2052</ele>
        <time>2026-05-14T09:52:46+00:00</time>
      </trkpt>
      <trkpt lat="45.77794" lon="6.67889">
        <ele>2051</ele>
        <time>2026-05-14T09:52:47+00:00</time>
      </trkpt>
      <trkpt lat="45.77781" lon="6.67892">
        <ele>2053</ele>
        <time>2026-05-14T09:52:48+00:00</time>
      </trkpt>
      <trkpt lat="45.77773" lon="6.679">
        <ele>2056</ele>
        <time>2026-05-14T09:52:49+00:00</time>
      </trkpt>
      <trkpt lat="45.77793" lon="6.67914">
        <ele>2059</ele>
        <time>2026-05-14T09:52:50+00:00</time>
      </trkpt>
      <trkpt lat="45.77807" lon="6.67942">
        <ele>2060</ele>
        <time>2026-05-14T09:52:51+00:00</time>
      </trkpt>
      <trkpt lat="45.77794" lon="6.68004">
        <ele>2068</ele>
        <time>2026-05-14T09:52:52+00:00</time>
      </trkpt>
      <trkpt lat="45.77776" lon="6.68044">
        <ele>2072</ele>
        <time>2026-05-14T09:52:53+00:00</time>
      </trkpt>
      <trkpt lat="45.77772" lon="6.68167">
        <ele>2082</ele>
        <time>2026-05-14T09:52:54+00:00</time>
      </trkpt>
      <trkpt lat="45.77766" lon="6.68189">
        <ele>2087</ele>
        <time>2026-05-14T09:52:55+00:00</time>
      </trkpt>
      <trkpt lat="45.77742" lon="6.68231">
        <ele>2099</ele>
        <time>2026-05-14T09:52:56+00:00</time>
      </trkpt>
      <trkpt lat="45.77738" lon="6.6825">
        <ele>2101</ele>
        <time>2026-05-14T09:52:57+00:00</time>
      </trkpt>
      <trkpt lat="45.77718" lon="6.68276">
        <ele>2098</ele>
        <time>2026-05-14T09:52:58+00:00</time>
      </trkpt>
      <trkpt lat="45.77692" lon="6.68301">
        <ele>2096</ele>
        <time>2026-05-14T09:52:59+00:00</time>
      </trkpt>
      <trkpt lat="45.77655" lon="6.68293">
        <ele>2095</ele>
        <time>2026-05-14T09:53:00+00:00</time>
      </trkpt>
      <trkpt lat="45.7763" lon="6.68297">
        <ele>2095</ele>
        <time>2026-05-14T09:53:01+00:00</time>
      </trkpt>
      <trkpt lat="45.77514" lon="6.68326">
        <ele>2099</ele>
        <time>2026-05-14T09:53:02+00:00</time>
      </trkpt>
      <trkpt lat="45.77493" lon="6.68335">
        <ele>2099</ele>
        <time>2026-05-14T09:53:03+00:00</time>
      </trkpt>
      <trkpt lat="45.77478" lon="6.68345">
        <ele>2096</ele>
        <time>2026-05-14T09:53:04+00:00</time>
      </trkpt>
      <trkpt lat="45.77459" lon="6.68373">
        <ele>2094</ele>
        <time>2026-05-14T09:53:05+00:00</time>
      </trkpt>
      <trkpt lat="45.77407" lon="6.6842">
        <ele>2097</ele>
        <time>2026-05-14T09:53:06+00:00</time>
      </trkpt>
      <trkpt lat="45.77361" lon="6.68478">
        <ele>2093</ele>
        <time>2026-05-14T09:53:07+00:00</time>
      </trkpt>
      <trkpt lat="45.77317" lon="6.68492">
        <ele>2090</ele>
        <time>2026-05-14T09:53:08+00:00</time>
      </trkpt>
      <trkpt lat="45.77304" lon="6.6849">
        <ele>2086</ele>
        <time>2026-05-14T09:53:09+00:00</time>
      </trkpt>
      <trkpt lat="45.77289" lon="6.68511">
        <ele>2086</ele>
        <time>2026-05-14T09:53:10+00:00</time>
      </trkpt>
      <trkpt lat="45.77266" lon="6.6852">
        <ele>2082</ele>
        <time>2026-05-14T09:53:11+00:00</time>
      </trkpt>
      <trkpt lat="45.77237" lon="6.68546">
        <ele>2084</ele>
        <time>2026-05-14T09:53:12+00:00</time>
      </trkpt>
      <trkpt lat="45.77213" lon="6.68559">
        <ele>2083</ele>
        <time>2026-05-14T09:53:13+00:00</time>
      </trkpt>
      <trkpt lat="45.77181" lon="6.68569">
        <ele>2080</ele>
        <time>2026-05-14T09:53:14+00:00</time>
      </trkpt>
      <trkpt lat="45.77174" lon="6.68565">
        <ele>2077</ele>
        <time>2026-05-14T09:53:15+00:00</time>
      </trkpt>
      <trkpt lat="45.77148" lon="6.68574">
        <ele>2077</ele>
        <time>2026-05-14T09:53:16+00:00</time>
      </trkpt>
      <trkpt lat="45.77119" lon="6.68568">
        <ele>2073</ele>
        <time>2026-05-14T09:53:17+00:00</time>
      </trkpt>
      <trkpt lat="45.77095" lon="6.68577">
        <ele>2074</ele>
        <time>2026-05-14T09:53:18+00:00</time>
      </trkpt>
      <trkpt lat="45.77038" lon="6.68568">
        <ele>2067</ele>
        <time>2026-05-14T09:53:19+00:00</time>
      </trkpt>
      <trkpt lat="45.77015" lon="6.68534">
        <ele>2055</ele>
        <time>2026-05-14T09:53:20+00:00</time>
      </trkpt>
      <trkpt lat="45.76987" lon="6.68526">
        <ele>2052</ele>
        <time>2026-05-14T09:53:21+00:00</time>
      </trkpt>
      <trkpt lat="45.76949" lon="6.6854">
        <ele>2056</ele>
        <time>2026-05-14T09:53:22+00:00</time>
      </trkpt>
      <trkpt lat="45.76938" lon="6.68538">
        <ele>2055</ele>
        <time>2026-05-14T09:53:23+00:00</time>
      </trkpt>
      <trkpt lat="45.76918" lon="6.68516">
        <ele>2049</ele>
        <time>2026-05-14T09:53:24+00:00</time>
      </trkpt>
      <trkpt lat="45.76876" lon="6.68516">
        <ele>2051</ele>
        <time>2026-05-14T09:53:25+00:00</time>
      </trkpt>
      <trkpt lat="45.76833" lon="6.68498">
        <ele>2048</ele>
        <time>2026-05-14T09:53:26+00:00</time>
      </trkpt>
      <trkpt lat="45.76807" lon="6.68452">
        <ele>2041</ele>
        <time>2026-05-14T09:53:27+00:00</time>
      </trkpt>
      <trkpt lat="45.76787" lon="6.68443">
        <ele>2041</ele>
        <time>2026-05-14T09:53:28+00:00</time>
      </trkpt>
      <trkpt lat="45.76772" lon="6.68413">
        <ele>2036</ele>
        <time>2026-05-14T09:53:29+00:00</time>
      </trkpt>
      <trkpt lat="45.76757" lon="6.68403">
        <ele>2036</ele>
        <time>2026-05-14T09:53:30+00:00</time>
      </trkpt>
      <trkpt lat="45.7672" lon="6.68396">
        <ele>2038</ele>
        <time>2026-05-14T09:53:31+00:00</time>
      </trkpt>
      <trkpt lat="45.76716" lon="6.68392">
        <ele>2037</ele>
        <time>2026-05-14T09:53:32+00:00</time>
      </trkpt>
      <trkpt lat="45.76711" lon="6.68369">
        <ele>2033</ele>
        <time>2026-05-14T09:53:33+00:00</time>
      </trkpt>
      <trkpt lat="45.76702" lon="6.68352">
        <ele>2031</ele>
        <time>2026-05-14T09:53:34+00:00</time>
      </trkpt>
      <trkpt lat="45.76638" lon="6.68334">
        <ele>2032</ele>
        <time>2026-05-14T09:53:35+00:00</time>
      </trkpt>
      <trkpt lat="45.76636" lon="6.68324">
        <ele>2031</ele>
        <time>2026-05-14T09:53:36+00:00</time>
      </trkpt>
      <trkpt lat="45.76639" lon="6.68318">
        <ele>2030</ele>
        <time>2026-05-14T09:53:37+00:00</time>
      </trkpt>
      <trkpt lat="45.76671" lon="6.68304">
        <ele>2026</ele>
        <time>2026-05-14T09:53:38+00:00</time>
      </trkpt>
      <trkpt lat="45.76695" lon="6.68278">
        <ele>2021</ele>
        <time>2026-05-14T09:53:39+00:00</time>
      </trkpt>
      <trkpt lat="45.7671" lon="6.68271">
        <ele>2019</ele>
        <time>2026-05-14T09:53:40+00:00</time>
      </trkpt>
      <trkpt lat="45.76736" lon="6.68267">
        <ele>2016</ele>
        <time>2026-05-14T09:53:41+00:00</time>
      </trkpt>
      <trkpt lat="45.76763" lon="6.6828">
        <ele>2016</ele>
        <time>2026-05-14T09:53:42+00:00</time>
      </trkpt>
      <trkpt lat="45.76772" lon="6.68279">
        <ele>2015</ele>
        <time>2026-05-14T09:53:43+00:00</time>
      </trkpt>
      <trkpt lat="45.76804" lon="6.6826">
        <ele>2011</ele>
        <time>2026-05-14T09:53:44+00:00</time>
      </trkpt>
      <trkpt lat="45.76816" lon="6.68247">
        <ele>2010</ele>
        <time>2026-05-14T09:53:45+00:00</time>
      </trkpt>
      <trkpt lat="45.76853" lon="6.68158">
        <ele>2000</ele>
        <time>2026-05-14T09:53:46+00:00</time>
      </trkpt>
      <trkpt lat="45.76875" lon="6.68126">
        <ele>1995</ele>
        <time>2026-05-14T09:53:47+00:00</time>
      </trkpt>
      <trkpt lat="45.76914" lon="6.68114">
        <ele>1990</ele>
        <time>2026-05-14T09:53:48+00:00</time>
      </trkpt>
      <trkpt lat="45.76955" lon="6.68093">
        <ele>1986</ele>
        <time>2026-05-14T09:53:49+00:00</time>
      </trkpt>
      <trkpt lat="45.76995" lon="6.68103">
        <ele>1983</ele>
        <time>2026-05-14T09:53:50+00:00</time>
      </trkpt>
      <trkpt lat="45.77021" lon="6.68103">
        <ele>1982</ele>
        <time>2026-05-14T09:53:51+00:00</time>
      </trkpt>
      <trkpt lat="45.77039" lon="6.6809">
        <ele>1980</ele>
        <time>2026-05-14T09:53:52+00:00</time>
      </trkpt>
      <trkpt lat="45.77049" lon="6.68074">
        <ele>1977</ele>
        <time>2026-05-14T09:53:53+00:00</time>
      </trkpt>
      <trkpt lat="45.77069" lon="6.68059">
        <ele>1974</ele>
        <time>2026-05-14T09:53:54+00:00</time>
      </trkpt>
      <trkpt lat="45.77063" lon="6.68048">
        <ele>1973</ele>
        <time>2026-05-14T09:53:55+00:00</time>
      </trkpt>
      <trkpt lat="45.77042" lon="6.68038">
        <ele>1974</ele>
        <time>2026-05-14T09:53:56+00:00</time>
      </trkpt>
      <trkpt lat="45.7699" lon="6.67991">
        <ele>1976</ele>
        <time>2026-05-14T09:53:57+00:00</time>
      </trkpt>
      <trkpt lat="45.76969" lon="6.67984">
        <ele>1977</ele>
        <time>2026-05-14T09:53:58+00:00</time>
      </trkpt>
      <trkpt lat="45.76967" lon="6.67971">
        <ele>1976</ele>
        <time>2026-05-14T09:53:59+00:00</time>
      </trkpt>
      <trkpt lat="45.76961" lon="6.67965">
        <ele>1977</ele>
        <time>2026-05-14T09:54:00+00:00</time>
      </trkpt>
      <trkpt lat="45.7695" lon="6.67981">
        <ele>1979</ele>
        <time>2026-05-14T09:54:01+00:00</time>
      </trkpt>
      <trkpt lat="45.76922" lon="6.67985">
        <ele>1981</ele>
        <time>2026-05-14T09:54:02+00:00</time>
      </trkpt>
      <trkpt lat="45.76912" lon="6.67993">
        <ele>1982</ele>
        <time>2026-05-14T09:54:03+00:00</time>
      </trkpt>
      <trkpt lat="45.76906" lon="6.68008">
        <ele>1983</ele>
        <time>2026-05-14T09:54:04+00:00</time>
      </trkpt>
      <trkpt lat="45.76895" lon="6.68009">
        <ele>1984</ele>
        <time>2026-05-14T09:54:05+00:00</time>
      </trkpt>
      <trkpt lat="45.76875" lon="6.67985">
        <ele>1984</ele>
        <time>2026-05-14T09:54:06+00:00</time>
      </trkpt>
      <trkpt lat="45.76862" lon="6.67958">
        <ele>1983</ele>
        <time>2026-05-14T09:54:07+00:00</time>
      </trkpt>
      <trkpt lat="45.76828" lon="6.67928">
        <ele>1984</ele>
        <time>2026-05-14T09:54:08+00:00</time>
      </trkpt>
      <trkpt lat="45.76774" lon="6.679">
        <ele>1986</ele>
        <time>2026-05-14T09:54:09+00:00</time>
      </trkpt>
      <trkpt lat="45.76761" lon="6.67903">
        <ele>1988</ele>
        <time>2026-05-14T09:54:10+00:00</time>
      </trkpt>
      <trkpt lat="45.76757" lon="6.67892">
        <ele>1986</ele>
        <time>2026-05-14T09:54:11+00:00</time>
      </trkpt>
      <trkpt lat="45.76743" lon="6.67875">
        <ele>1984</ele>
        <time>2026-05-14T09:54:12+00:00</time>
      </trkpt>
      <trkpt lat="45.76717" lon="6.6786">
        <ele>1985</ele>
        <time>2026-05-14T09:54:13+00:00</time>
      </trkpt>
      <trkpt lat="45.76695" lon="6.67863">
        <ele>1988</ele>
        <time>2026-05-14T09:54:14+00:00</time>
      </trkpt>
      <trkpt lat="45.76686" lon="6.67858">
        <ele>1988</ele>
        <time>2026-05-14T09:54:15+00:00</time>
      </trkpt>
      <trkpt lat="45.76661" lon="6.67857">
        <ele>1992</ele>
        <time>2026-05-14T09:54:16+00:00</time>
      </trkpt>
      <trkpt lat="45.76645" lon="6.6785">
        <ele>1994</ele>
        <time>2026-05-14T09:54:17+00:00</time>
      </trkpt>
      <trkpt lat="45.76613" lon="6.67881">
        <ele>2005</ele>
        <time>2026-05-14T09:54:18+00:00</time>
      </trkpt>
      <trkpt lat="45.76589" lon="6.67895">
        <ele>2012</ele>
        <time>2026-05-14T09:54:19+00:00</time>
      </trkpt>
      <trkpt lat="45.76584" lon="6.67894">
        <ele>2013</ele>
        <time>2026-05-14T09:54:20+00:00</time>
      </trkpt>
      <trkpt lat="45.76557" lon="6.67879">
        <ele>2017</ele>
        <time>2026-05-14T09:54:21+00:00</time>
      </trkpt>
      <trkpt lat="45.76541" lon="6.67862">
        <ele>2019</ele>
        <time>2026-05-14T09:54:22+00:00</time>
      </trkpt>
      <trkpt lat="45.76516" lon="6.67846">
        <ele>2024</ele>
        <time>2026-05-14T09:54:23+00:00</time>
      </trkpt>
      <trkpt lat="45.7649" lon="6.67816">
        <ele>2026</ele>
        <time>2026-05-14T09:54:24+00:00</time>
      </trkpt>
      <trkpt lat="45.76474" lon="6.67812">
        <ele>2029</ele>
        <time>2026-05-14T09:54:25+00:00</time>
      </trkpt>
      <trkpt lat="45.76463" lon="6.67817">
        <ele>2033</ele>
        <time>2026-05-14T09:54:26+00:00</time>
      </trkpt>
      <trkpt lat="45.76454" lon="6.67813">
        <ele>2034</ele>
        <time>2026-05-14T09:54:27+00:00</time>
      </trkpt>
      <trkpt lat="45.76438" lon="6.67814">
        <ele>2038</ele>
        <time>2026-05-14T09:54:28+00:00</time>
      </trkpt>
      <trkpt lat="45.76424" lon="6.67804">
        <ele>2040</ele>
        <time>2026-05-14T09:54:29+00:00</time>
      </trkpt>
      <trkpt lat="45.76409" lon="6.67768">
        <ele>2040</ele>
        <time>2026-05-14T09:54:30+00:00</time>
      </trkpt>
      <trkpt lat="45.76391" lon="6.67736">
        <ele>2041</ele>
        <time>2026-05-14T09:54:31+00:00</time>
      </trkpt>
      <trkpt lat="45.76381" lon="6.67727">
        <ele>2043</ele>
        <time>2026-05-14T09:54:32+00:00</time>
      </trkpt>
      <trkpt lat="45.76366" lon="6.67722">
        <ele>2047</ele>
        <time>2026-05-14T09:54:33+00:00</time>
      </trkpt>
      <trkpt lat="45.76349" lon="6.67725">
        <ele>2051</ele>
        <time>2026-05-14T09:54:34+00:00</time>
      </trkpt>
      <trkpt lat="45.7633" lon="6.67717">
        <ele>2056</ele>
        <time>2026-05-14T09:54:35+00:00</time>
      </trkpt>
      <trkpt lat="45.76312" lon="6.67701">
        <ele>2059</ele>
        <time>2026-05-14T09:54:36+00:00</time>
      </trkpt>
      <trkpt lat="45.76286" lon="6.67697">
        <ele>2065</ele>
        <time>2026-05-14T09:54:37+00:00</time>
      </trkpt>
      <trkpt lat="45.76243" lon="6.67702">
        <ele>2074</ele>
        <time>2026-05-14T09:54:38+00:00</time>
      </trkpt>
      <trkpt lat="45.7621" lon="6.67695">
        <ele>2080</ele>
        <time>2026-05-14T09:54:39+00:00</time>
      </trkpt>
      <trkpt lat="45.76166" lon="6.67671">
        <ele>2088</ele>
        <time>2026-05-14T09:54:40+00:00</time>
      </trkpt>
      <trkpt lat="45.7616" lon="6.67657">
        <ele>2088</ele>
        <time>2026-05-14T09:54:41+00:00</time>
      </trkpt>
      <trkpt lat="45.76138" lon="6.67642">
        <ele>2090</ele>
        <time>2026-05-14T09:54:42+00:00</time>
      </trkpt>
      <trkpt lat="45.76123" lon="6.67641">
        <ele>2092</ele>
        <time>2026-05-14T09:54:43+00:00</time>
      </trkpt>
      <trkpt lat="45.76084" lon="6.67613">
        <ele>2094</ele>
        <time>2026-05-14T09:54:44+00:00</time>
      </trkpt>
      <trkpt lat="45.76074" lon="6.6761">
        <ele>2095</ele>
        <time>2026-05-14T09:54:45+00:00</time>
      </trkpt>
      <trkpt lat="45.76067" lon="6.6761">
        <ele>2096</ele>
        <time>2026-05-14T09:54:46+00:00</time>
      </trkpt>
      <trkpt lat="45.76047" lon="6.67629">
        <ele>2102</ele>
        <time>2026-05-14T09:54:47+00:00</time>
      </trkpt>
      <trkpt lat="45.76035" lon="6.67622">
        <ele>2103</ele>
        <time>2026-05-14T09:54:48+00:00</time>
      </trkpt>
      <trkpt lat="45.7603" lon="6.67598">
        <ele>2101</ele>
        <time>2026-05-14T09:54:49+00:00</time>
      </trkpt>
      <trkpt lat="45.76023" lon="6.67591">
        <ele>2101</ele>
        <time>2026-05-14T09:54:50+00:00</time>
      </trkpt>
      <trkpt lat="45.76006" lon="6.67583">
        <ele>2103</ele>
        <time>2026-05-14T09:54:51+00:00</time>
      </trkpt>
      <trkpt lat="45.75987" lon="6.6758">
        <ele>2104</ele>
        <time>2026-05-14T09:54:52+00:00</time>
      </trkpt>
      <trkpt lat="45.75974" lon="6.6757">
        <ele>2103</ele>
        <time>2026-05-14T09:54:53+00:00</time>
      </trkpt>
      <trkpt lat="45.75959" lon="6.67565">
        <ele>2104</ele>
        <time>2026-05-14T09:54:54+00:00</time>
      </trkpt>
      <trkpt lat="45.75942" lon="6.67547">
        <ele>2103</ele>
        <time>2026-05-14T09:54:55+00:00</time>
      </trkpt>
      <trkpt lat="45.7593" lon="6.67551">
        <ele>2105</ele>
        <time>2026-05-14T09:54:56+00:00</time>
      </trkpt>
      <trkpt lat="45.75922" lon="6.67548">
        <ele>2106</ele>
        <time>2026-05-14T09:54:57+00:00</time>
      </trkpt>
      <trkpt lat="45.75897" lon="6.67572">
        <ele>2115</ele>
        <time>2026-05-14T09:54:58+00:00</time>
      </trkpt>
      <trkpt lat="45.75885" lon="6.67573">
        <ele>2117</ele>
        <time>2026-05-14T09:54:59+00:00</time>
      </trkpt>
      <trkpt lat="45.75876" lon="6.67581">
        <ele>2120</ele>
        <time>2026-05-14T09:55:00+00:00</time>
      </trkpt>
      <trkpt lat="45.75879" lon="6.67612">
        <ele>2125</ele>
        <time>2026-05-14T09:55:01+00:00</time>
      </trkpt>
      <trkpt lat="45.75874" lon="6.67651">
        <ele>2133</ele>
        <time>2026-05-14T09:55:02+00:00</time>
      </trkpt>
      <trkpt lat="45.75865" lon="6.6765">
        <ele>2136</ele>
        <time>2026-05-14T09:55:03+00:00</time>
      </trkpt>
      <trkpt lat="45.75848" lon="6.67627">
        <ele>2136</ele>
        <time>2026-05-14T09:55:04+00:00</time>
      </trkpt>
      <trkpt lat="45.75815" lon="6.67611">
        <ele>2143</ele>
        <time>2026-05-14T09:55:05+00:00</time>
      </trkpt>
      <trkpt lat="45.7581" lon="6.676">
        <ele>2142</ele>
        <time>2026-05-14T09:55:06+00:00</time>
      </trkpt>
      <trkpt lat="45.75801" lon="6.67595">
        <ele>2145</ele>
        <time>2026-05-14T09:55:07+00:00</time>
      </trkpt>
      <trkpt lat="45.7576" lon="6.67597">
        <ele>2160</ele>
        <time>2026-05-14T09:55:08+00:00</time>
      </trkpt>
      <trkpt lat="45.75723" lon="6.67591">
        <ele>2169</ele>
        <time>2026-05-14T09:55:09+00:00</time>
      </trkpt>
      <trkpt lat="45.75714" lon="6.67598">
        <ele>2171</ele>
        <time>2026-05-14T09:55:10+00:00</time>
      </trkpt>
      <trkpt lat="45.75693" lon="6.67595">
        <ele>2176</ele>
        <time>2026-05-14T09:55:11+00:00</time>
      </trkpt>
      <trkpt lat="45.75676" lon="6.67585">
        <ele>2180</ele>
        <time>2026-05-14T09:55:12+00:00</time>
      </trkpt>
      <trkpt lat="45.75668" lon="6.67591">
        <ele>2181</ele>
        <time>2026-05-14T09:55:13+00:00</time>
      </trkpt>
      <trkpt lat="45.75561" lon="6.67581">
        <ele>2191</ele>
        <time>2026-05-14T09:55:14+00:00</time>
      </trkpt>
      <trkpt lat="45.75456" lon="6.67598">
        <ele>2210</ele>
        <time>2026-05-14T09:55:15+00:00</time>
      </trkpt>
      <trkpt lat="45.75441" lon="6.67588">
        <ele>2214</ele>
        <time>2026-05-14T09:55:16+00:00</time>
      </trkpt>
      <trkpt lat="45.75421" lon="6.67592">
        <ele>2218</ele>
        <time>2026-05-14T09:55:17+00:00</time>
      </trkpt>
      <trkpt lat="45.75403" lon="6.67565">
        <ele>2224</ele>
        <time>2026-05-14T09:55:18+00:00</time>
      </trkpt>
      <trkpt lat="45.75387" lon="6.67559">
        <ele>2227</ele>
        <time>2026-05-14T09:55:19+00:00</time>
      </trkpt>
      <trkpt lat="45.75349" lon="6.67534">
        <ele>2234</ele>
        <time>2026-05-14T09:55:20+00:00</time>
      </trkpt>
      <trkpt lat="45.75346" lon="6.67522">
        <ele>2235</ele>
        <time>2026-05-14T09:55:21+00:00</time>
      </trkpt>
      <trkpt lat="45.75317" lon="6.67488">
        <ele>2240</ele>
        <time>2026-05-14T09:55:22+00:00</time>
      </trkpt>
      <trkpt lat="45.75303" lon="6.67488">
        <ele>2241</ele>
        <time>2026-05-14T09:55:23+00:00</time>
      </trkpt>
      <trkpt lat="45.75289" lon="6.67482">
        <ele>2242</ele>
        <time>2026-05-14T09:55:24+00:00</time>
      </trkpt>
      <trkpt lat="45.75268" lon="6.6749">
        <ele>2245</ele>
        <time>2026-05-14T09:55:25+00:00</time>
      </trkpt>
      <trkpt lat="45.75259" lon="6.67482">
        <ele>2246</ele>
        <time>2026-05-14T09:55:26+00:00</time>
      </trkpt>
      <trkpt lat="45.75235" lon="6.67481">
        <ele>2247</ele>
        <time>2026-05-14T09:55:27+00:00</time>
      </trkpt>
      <trkpt lat="45.75176" lon="6.67493">
        <ele>2250</ele>
        <time>2026-05-14T09:55:28+00:00</time>
      </trkpt>
      <trkpt lat="45.75165" lon="6.6749">
        <ele>2250</ele>
        <time>2026-05-14T09:55:29+00:00</time>
      </trkpt>
      <trkpt lat="45.75147" lon="6.67498">
        <ele>2251</ele>
        <time>2026-05-14T09:55:30+00:00</time>
      </trkpt>
      <trkpt lat="45.75118" lon="6.675">
        <ele>2252</ele>
        <time>2026-05-14T09:55:31+00:00</time>
      </trkpt>
      <trkpt lat="45.75104" lon="6.67495">
        <ele>2253</ele>
        <time>2026-05-14T09:55:32+00:00</time>
      </trkpt>
      <trkpt lat="45.75074" lon="6.67502">
        <ele>2255</ele>
        <time>2026-05-14T09:55:33+00:00</time>
      </trkpt>
      <trkpt lat="45.75025" lon="6.67485">
        <ele>2260</ele>
        <time>2026-05-14T09:55:34+00:00</time>
      </trkpt>
      <trkpt lat="45.74985" lon="6.67456">
        <ele>2266</ele>
        <time>2026-05-14T09:55:35+00:00</time>
      </trkpt>
      <trkpt lat="45.74921" lon="6.67451">
        <ele>2273</ele>
        <time>2026-05-14T09:55:36+00:00</time>
      </trkpt>
      <trkpt lat="45.74889" lon="6.67443">
        <ele>2276</ele>
        <time>2026-05-14T09:55:37+00:00</time>
      </trkpt>
      <trkpt lat="45.74827" lon="6.67405">
        <ele>2279</ele>
        <time>2026-05-14T09:55:38+00:00</time>
      </trkpt>
      <trkpt lat="45.74813" lon="6.674">
        <ele>2281</ele>
        <time>2026-05-14T09:55:39+00:00</time>
      </trkpt>
      <trkpt lat="45.74799" lon="6.67387">
        <ele>2282</ele>
        <time>2026-05-14T09:55:40+00:00</time>
      </trkpt>
      <trkpt lat="45.74775" lon="6.67379">
        <ele>2284</ele>
        <time>2026-05-14T09:55:41+00:00</time>
      </trkpt>
      <trkpt lat="45.74751" lon="6.67382">
        <ele>2286</ele>
        <time>2026-05-14T09:55:42+00:00</time>
      </trkpt>
      <trkpt lat="45.74744" lon="6.67374">
        <ele>2287</ele>
        <time>2026-05-14T09:55:43+00:00</time>
      </trkpt>
      <trkpt lat="45.74706" lon="6.67382">
        <ele>2291</ele>
        <time>2026-05-14T09:55:44+00:00</time>
      </trkpt>
      <trkpt lat="45.74688" lon="6.67361">
        <ele>2293</ele>
        <time>2026-05-14T09:55:45+00:00</time>
      </trkpt>
      <trkpt lat="45.74675" lon="6.67356">
        <ele>2294</ele>
        <time>2026-05-14T09:55:46+00:00</time>
      </trkpt>
      <trkpt lat="45.74639" lon="6.67319">
        <ele>2295</ele>
        <time>2026-05-14T09:55:47+00:00</time>
      </trkpt>
      <trkpt lat="45.7463" lon="6.67296">
        <ele>2296</ele>
        <time>2026-05-14T09:55:48+00:00</time>
      </trkpt>
      <trkpt lat="45.74612" lon="6.67284">
        <ele>2297</ele>
        <time>2026-05-14T09:55:49+00:00</time>
      </trkpt>
      <trkpt lat="45.74592" lon="6.67277">
        <ele>2298</ele>
        <time>2026-05-14T09:55:50+00:00</time>
      </trkpt>
      <trkpt lat="45.74577" lon="6.67258">
        <ele>2299</ele>
        <time>2026-05-14T09:55:51+00:00</time>
      </trkpt>
      <trkpt lat="45.74552" lon="6.6724">
        <ele>2299</ele>
        <time>2026-05-14T09:55:52+00:00</time>
      </trkpt>
      <trkpt lat="45.74533" lon="6.6722">
        <ele>2298</ele>
        <time>2026-05-14T09:55:53+00:00</time>
      </trkpt>
      <trkpt lat="45.7451" lon="6.67188">
        <ele>2297</ele>
        <time>2026-05-14T09:55:54+00:00</time>
      </trkpt>
      <trkpt lat="45.74461" lon="6.67163">
        <ele>2298</ele>
        <time>2026-05-14T09:55:55+00:00</time>
      </trkpt>
      <trkpt lat="45.74428" lon="6.67138">
        <ele>2298</ele>
        <time>2026-05-14T09:55:56+00:00</time>
      </trkpt>
      <trkpt lat="45.74396" lon="6.67129">
        <ele>2301</ele>
        <time>2026-05-14T09:55:57+00:00</time>
      </trkpt>
      <trkpt lat="45.74344" lon="6.67098">
        <ele>2304</ele>
        <time>2026-05-14T09:55:58+00:00</time>
      </trkpt>
      <trkpt lat="45.74337" lon="6.67098">
        <ele>2304</ele>
        <time>2026-05-14T09:55:59+00:00</time>
      </trkpt>
      <trkpt lat="45.74306" lon="6.67063">
        <ele>2301</ele>
        <time>2026-05-14T09:56:00+00:00</time>
      </trkpt>
      <trkpt lat="45.74299" lon="6.67061">
        <ele>2301</ele>
        <time>2026-05-14T09:56:01+00:00</time>
      </trkpt>
      <trkpt lat="45.74282" lon="6.67035">
        <ele>2298</ele>
        <time>2026-05-14T09:56:02+00:00</time>
      </trkpt>
      <trkpt lat="45.74269" lon="6.67024">
        <ele>2297</ele>
        <time>2026-05-14T09:56:03+00:00</time>
      </trkpt>
      <trkpt lat="45.74257" lon="6.66996">
        <ele>2295</ele>
        <time>2026-05-14T09:56:04+00:00</time>
      </trkpt>
      <trkpt lat="45.74246" lon="6.66997">
        <ele>2295</ele>
        <time>2026-05-14T09:56:05+00:00</time>
      </trkpt>
      <trkpt lat="45.74194" lon="6.66862">
        <ele>2289</ele>
        <time>2026-05-14T09:56:06+00:00</time>
      </trkpt>
      <trkpt lat="45.74149" lon="6.66804">
        <ele>2285</ele>
        <time>2026-05-14T09:56:07+00:00</time>
      </trkpt>
      <trkpt lat="45.74139" lon="6.66769">
        <ele>2280</ele>
        <time>2026-05-14T09:56:08+00:00</time>
      </trkpt>
      <trkpt lat="45.74111" lon="6.66729">
        <ele>2278</ele>
        <time>2026-05-14T09:56:09+00:00</time>
      </trkpt>
      <trkpt lat="45.7411" lon="6.66701">
        <ele>2275</ele>
        <time>2026-05-14T09:56:10+00:00</time>
      </trkpt>
      <trkpt lat="45.74089" lon="6.66599">
        <ele>2272</ele>
        <time>2026-05-14T09:56:11+00:00</time>
      </trkpt>
      <trkpt lat="45.74093" lon="6.66538">
        <ele>2276</ele>
        <time>2026-05-14T09:56:12+00:00</time>
      </trkpt>
      <trkpt lat="45.74082" lon="6.66491">
        <ele>2284</ele>
        <time>2026-05-14T09:56:13+00:00</time>
      </trkpt>
      <trkpt lat="45.74034" lon="6.66406">
        <ele>2295</ele>
        <time>2026-05-14T09:56:14+00:00</time>
      </trkpt>
      <trkpt lat="45.74006" lon="6.66373">
        <ele>2300</ele>
        <time>2026-05-14T09:56:15+00:00</time>
      </trkpt>
      <trkpt lat="45.74" lon="6.66359">
        <ele>2303</ele>
        <time>2026-05-14T09:56:16+00:00</time>
      </trkpt>
      <trkpt lat="45.7398" lon="6.66343">
        <ele>2302</ele>
        <time>2026-05-14T09:56:17+00:00</time>
      </trkpt>
      <trkpt lat="45.73979" lon="6.66334">
        <ele>2304</ele>
        <time>2026-05-14T09:56:18+00:00</time>
      </trkpt>
      <trkpt lat="45.7399" lon="6.66299">
        <ele>2313</ele>
        <time>2026-05-14T09:56:19+00:00</time>
      </trkpt>
      <trkpt lat="45.7399" lon="6.66285">
        <ele>2316</ele>
        <time>2026-05-14T09:56:20+00:00</time>
      </trkpt>
      <trkpt lat="45.73982" lon="6.66255">
        <ele>2320</ele>
        <time>2026-05-14T09:56:21+00:00</time>
      </trkpt>
      <trkpt lat="45.73986" lon="6.66212">
        <ele>2328</ele>
        <time>2026-05-14T09:56:22+00:00</time>
      </trkpt>
      <trkpt lat="45.73981" lon="6.66178">
        <ele>2333</ele>
        <time>2026-05-14T09:56:23+00:00</time>
      </trkpt>
      <trkpt lat="45.7397" lon="6.66148">
        <ele>2336</ele>
        <time>2026-05-14T09:56:24+00:00</time>
      </trkpt>
      <trkpt lat="45.73935" lon="6.66106">
        <ele>2340</ele>
        <time>2026-05-14T09:56:25+00:00</time>
      </trkpt>
      <trkpt lat="45.73932" lon="6.66085">
        <ele>2346</ele>
        <time>2026-05-14T09:56:26+00:00</time>
      </trkpt>
      <trkpt lat="45.73918" lon="6.66049">
        <ele>2347</ele>
        <time>2026-05-14T09:56:27+00:00</time>
      </trkpt>
      <trkpt lat="45.73924" lon="6.66026">
        <ele>2349</ele>
        <time>2026-05-14T09:56:28+00:00</time>
      </trkpt>
      <trkpt lat="45.73921" lon="6.66008">
        <ele>2351</ele>
        <time>2026-05-14T09:56:29+00:00</time>
      </trkpt>
      <trkpt lat="45.73965" lon="6.659">
        <ele>2349</ele>
        <time>2026-05-14T09:56:30+00:00</time>
      </trkpt>
      <trkpt lat="45.73979" lon="6.65876">
        <ele>2351</ele>
        <time>2026-05-14T09:56:31+00:00</time>
      </trkpt>
      <trkpt lat="45.74017" lon="6.6583">
        <ele>2350</ele>
        <time>2026-05-14T09:56:32+00:00</time>
      </trkpt>
      <trkpt lat="45.74046" lon="6.65782">
        <ele>2347</ele>
        <time>2026-05-14T09:56:33+00:00</time>
      </trkpt>
      <trkpt lat="45.74055" lon="6.65774">
        <ele>2346</ele>
        <time>2026-05-14T09:56:34+00:00</time>
      </trkpt>
      <trkpt lat="45.74081" lon="6.65768">
        <ele>2344</ele>
        <time>2026-05-14T09:56:35+00:00</time>
      </trkpt>
      <trkpt lat="45.74138" lon="6.65767">
        <ele>2334</ele>
        <time>2026-05-14T09:56:36+00:00</time>
      </trkpt>
      <trkpt lat="45.74144" lon="6.65764">
        <ele>2333</ele>
        <time>2026-05-14T09:56:37+00:00</time>
      </trkpt>
      <trkpt lat="45.74182" lon="6.65729">
        <ele>2338</ele>
        <time>2026-05-14T09:56:38+00:00</time>
      </trkpt>
      <trkpt lat="45.74194" lon="6.65708">
        <ele>2344</ele>
        <time>2026-05-14T09:56:39+00:00</time>
      </trkpt>
      <trkpt lat="45.742" lon="6.65704">
        <ele>2345</ele>
        <time>2026-05-14T09:56:40+00:00</time>
      </trkpt>
      <trkpt lat="45.74211" lon="6.65678">
        <ele>2352</ele>
        <time>2026-05-14T09:56:41+00:00</time>
      </trkpt>
      <trkpt lat="45.74209" lon="6.65625">
        <ele>2359</ele>
        <time>2026-05-14T09:56:42+00:00</time>
      </trkpt>
      <trkpt lat="45.74192" lon="6.65566">
        <ele>2363</ele>
        <time>2026-05-14T09:56:43+00:00</time>
      </trkpt>
      <trkpt lat="45.74161" lon="6.65515">
        <ele>2364</ele>
        <time>2026-05-14T09:56:44+00:00</time>
      </trkpt>
      <trkpt lat="45.74158" lon="6.65498">
        <ele>2364</ele>
        <time>2026-05-14T09:56:45+00:00</time>
      </trkpt>
      <trkpt lat="45.74136" lon="6.65453">
        <ele>2359</ele>
        <time>2026-05-14T09:56:46+00:00</time>
      </trkpt>
      <trkpt lat="45.74079" lon="6.65362">
        <ele>2351</ele>
        <time>2026-05-14T09:56:47+00:00</time>
      </trkpt>
      <trkpt lat="45.74029" lon="6.6527">
        <ele>2345</ele>
        <time>2026-05-14T09:56:48+00:00</time>
      </trkpt>
      <trkpt lat="45.74007" lon="6.65182">
        <ele>2334</ele>
        <time>2026-05-14T09:56:49+00:00</time>
      </trkpt>
      <trkpt lat="45.73969" lon="6.65106">
        <ele>2340</ele>
        <time>2026-05-14T09:56:50+00:00</time>
      </trkpt>
      <trkpt lat="45.7396" lon="6.65066">
        <ele>2339</ele>
        <time>2026-05-14T09:56:51+00:00</time>
      </trkpt>
      <trkpt lat="45.7396" lon="6.64966">
        <ele>2321</ele>
        <time>2026-05-14T09:56:52+00:00</time>
      </trkpt>
      <trkpt lat="45.73956" lon="6.64933">
        <ele>2313</ele>
        <time>2026-05-14T09:56:53+00:00</time>
      </trkpt>
      <trkpt lat="45.73898" lon="6.64795">
        <ele>2290</ele>
        <time>2026-05-14T09:56:54+00:00</time>
      </trkpt>
      <trkpt lat="45.73892" lon="6.64772">
        <ele>2286</ele>
        <time>2026-05-14T09:56:55+00:00</time>
      </trkpt>
      <trkpt lat="45.73893" lon="6.64764">
        <ele>2283</ele>
        <time>2026-05-14T09:56:56+00:00</time>
      </trkpt>
      <trkpt lat="45.73903" lon="6.64759">
        <ele>2277</ele>
        <time>2026-05-14T09:56:57+00:00</time>
      </trkpt>
      <trkpt lat="45.7392" lon="6.64755">
        <ele>2268</ele>
        <time>2026-05-14T09:56:58+00:00</time>
      </trkpt>
      <trkpt lat="45.73926" lon="6.64757">
        <ele>2266</ele>
        <time>2026-05-14T09:56:59+00:00</time>
      </trkpt>
      <trkpt lat="45.73985" lon="6.648">
        <ele>2259</ele>
        <time>2026-05-14T09:57:00+00:00</time>
      </trkpt>
      <trkpt lat="45.74026" lon="6.6482">
        <ele>2248</ele>
        <time>2026-05-14T09:57:01+00:00</time>
      </trkpt>
      <trkpt lat="45.74048" lon="6.64825">
        <ele>2237</ele>
        <time>2026-05-14T09:57:02+00:00</time>
      </trkpt>
      <trkpt lat="45.7407" lon="6.64783">
        <ele>2214</ele>
        <time>2026-05-14T09:57:03+00:00</time>
      </trkpt>
      <trkpt lat="45.74073" lon="6.64766">
        <ele>2208</ele>
        <time>2026-05-14T09:57:04+00:00</time>
      </trkpt>
      <trkpt lat="45.74096" lon="6.64708">
        <ele>2201</ele>
        <time>2026-05-14T09:57:05+00:00</time>
      </trkpt>
      <trkpt lat="45.74116" lon="6.64681">
        <ele>2202</ele>
        <time>2026-05-14T09:57:06+00:00</time>
      </trkpt>
      <trkpt lat="45.74148" lon="6.64669">
        <ele>2201</ele>
        <time>2026-05-14T09:57:07+00:00</time>
      </trkpt>
      <trkpt lat="45.74155" lon="6.6466">
        <ele>2201</ele>
        <time>2026-05-14T09:57:08+00:00</time>
      </trkpt>
      <trkpt lat="45.7416" lon="6.64626">
        <ele>2201</ele>
        <time>2026-05-14T09:57:09+00:00</time>
      </trkpt>
      <trkpt lat="45.74159" lon="6.64516">
        <ele>2193</ele>
        <time>2026-05-14T09:57:10+00:00</time>
      </trkpt>
      <trkpt lat="45.74144" lon="6.64457">
        <ele>2187</ele>
        <time>2026-05-14T09:57:11+00:00</time>
      </trkpt>
      <trkpt lat="45.74131" lon="6.64438">
        <ele>2188</ele>
        <time>2026-05-14T09:57:12+00:00</time>
      </trkpt>
      <trkpt lat="45.74105" lon="6.64369">
        <ele>2187</ele>
        <time>2026-05-14T09:57:13+00:00</time>
      </trkpt>
      <trkpt lat="45.74104" lon="6.64342">
        <ele>2183</ele>
        <time>2026-05-14T09:57:14+00:00</time>
      </trkpt>
      <trkpt lat="45.74088" lon="6.64271">
        <ele>2174</ele>
        <time>2026-05-14T09:57:15+00:00</time>
      </trkpt>
      <trkpt lat="45.74075" lon="6.64258">
        <ele>2176</ele>
        <time>2026-05-14T09:57:16+00:00</time>
      </trkpt>
      <trkpt lat="45.74058" lon="6.64215">
        <ele>2171</ele>
        <time>2026-05-14T09:57:17+00:00</time>
      </trkpt>
      <trkpt lat="45.74025" lon="6.64163">
        <ele>2168</ele>
        <time>2026-05-14T09:57:18+00:00</time>
      </trkpt>
      <trkpt lat="45.74007" lon="6.64116">
        <ele>2155</ele>
        <time>2026-05-14T09:57:19+00:00</time>
      </trkpt>
      <trkpt lat="45.73978" lon="6.6406">
        <ele>2145</ele>
        <time>2026-05-14T09:57:20+00:00</time>
      </trkpt>
      <trkpt lat="45.73957" lon="6.63997">
        <ele>2130</ele>
        <time>2026-05-14T09:57:21+00:00</time>
      </trkpt>
      <trkpt lat="45.73938" lon="6.63954">
        <ele>2121</ele>
        <time>2026-05-14T09:57:22+00:00</time>
      </trkpt>
      <trkpt lat="45.73915" lon="6.63923">
        <ele>2117</ele>
        <time>2026-05-14T09:57:23+00:00</time>
      </trkpt>
      <trkpt lat="45.73908" lon="6.63921">
        <ele>2120</ele>
        <time>2026-05-14T09:57:24+00:00</time>
      </trkpt>
      <trkpt lat="45.73893" lon="6.63898">
        <ele>2118</ele>
        <time>2026-05-14T09:57:25+00:00</time>
      </trkpt>
      <trkpt lat="45.73784" lon="6.63688">
        <ele>2104</ele>
        <time>2026-05-14T09:57:26+00:00</time>
      </trkpt>
      <trkpt lat="45.73772" lon="6.63651">
        <ele>2100</ele>
        <time>2026-05-14T09:57:27+00:00</time>
      </trkpt>
      <trkpt lat="45.73761" lon="6.63636">
        <ele>2101</ele>
        <time>2026-05-14T09:57:28+00:00</time>
      </trkpt>
      <trkpt lat="45.73755" lon="6.63613">
        <ele>2099</ele>
        <time>2026-05-14T09:57:29+00:00</time>
      </trkpt>
      <trkpt lat="45.73734" lon="6.63589">
        <ele>2101</ele>
        <time>2026-05-14T09:57:30+00:00</time>
      </trkpt>
      <trkpt lat="45.73728" lon="6.63562">
        <ele>2101</ele>
        <time>2026-05-14T09:57:31+00:00</time>
      </trkpt>
      <trkpt lat="45.7371" lon="6.63528">
        <ele>2104</ele>
        <time>2026-05-14T09:57:32+00:00</time>
      </trkpt>
      <trkpt lat="45.73698" lon="6.63471">
        <ele>2106</ele>
        <time>2026-05-14T09:57:33+00:00</time>
      </trkpt>
      <trkpt lat="45.73696" lon="6.63446">
        <ele>2107</ele>
        <time>2026-05-14T09:57:34+00:00</time>
      </trkpt>
      <trkpt lat="45.737" lon="6.63423">
        <ele>2107</ele>
        <time>2026-05-14T09:57:35+00:00</time>
      </trkpt>
      <trkpt lat="45.73693" lon="6.63383">
        <ele>2112</ele>
        <time>2026-05-14T09:57:36+00:00</time>
      </trkpt>
      <trkpt lat="45.73663" lon="6.63355">
        <ele>2113</ele>
        <time>2026-05-14T09:57:37+00:00</time>
      </trkpt>
      <trkpt lat="45.73648" lon="6.63346">
        <ele>2111</ele>
        <time>2026-05-14T09:57:38+00:00</time>
      </trkpt>
      <trkpt lat="45.73637" lon="6.63328">
        <ele>2110</ele>
        <time>2026-05-14T09:57:39+00:00</time>
      </trkpt>
      <trkpt lat="45.73628" lon="6.63321">
        <ele>2108</ele>
        <time>2026-05-14T09:57:40+00:00</time>
      </trkpt>
      <trkpt lat="45.73586" lon="6.6324">
        <ele>2104</ele>
        <time>2026-05-14T09:57:41+00:00</time>
      </trkpt>
      <trkpt lat="45.73568" lon="6.63233">
        <ele>2101</ele>
        <time>2026-05-14T09:57:42+00:00</time>
      </trkpt>
      <trkpt lat="45.73543" lon="6.63205">
        <ele>2099</ele>
        <time>2026-05-14T09:57:43+00:00</time>
      </trkpt>
      <trkpt lat="45.73503" lon="6.63179">
        <ele>2092</ele>
        <time>2026-05-14T09:57:44+00:00</time>
      </trkpt>
      <trkpt lat="45.73475" lon="6.63156">
        <ele>2089</ele>
        <time>2026-05-14T09:57:45+00:00</time>
      </trkpt>
      <trkpt lat="45.73464" lon="6.63142">
        <ele>2089</ele>
        <time>2026-05-14T09:57:46+00:00</time>
      </trkpt>
      <trkpt lat="45.73452" lon="6.63135">
        <ele>2087</ele>
        <time>2026-05-14T09:57:47+00:00</time>
      </trkpt>
      <trkpt lat="45.73424" lon="6.63124">
        <ele>2082</ele>
        <time>2026-05-14T09:57:48+00:00</time>
      </trkpt>
      <trkpt lat="45.73397" lon="6.63127">
        <ele>2077</ele>
        <time>2026-05-14T09:57:49+00:00</time>
      </trkpt>
      <trkpt lat="45.73365" lon="6.63114">
        <ele>2072</ele>
        <time>2026-05-14T09:57:50+00:00</time>
      </trkpt>
      <trkpt lat="45.73352" lon="6.63096">
        <ele>2072</ele>
        <time>2026-05-14T09:57:51+00:00</time>
      </trkpt>
      <trkpt lat="45.73339" lon="6.63038">
        <ele>2072</ele>
        <time>2026-05-14T09:57:52+00:00</time>
      </trkpt>
      <trkpt lat="45.73331" lon="6.63022">
        <ele>2071</ele>
        <time>2026-05-14T09:57:53+00:00</time>
      </trkpt>
      <trkpt lat="45.7333" lon="6.63007">
        <ele>2071</ele>
        <time>2026-05-14T09:57:54+00:00</time>
      </trkpt>
      <trkpt lat="45.73336" lon="6.62994">
        <ele>2073</ele>
        <time>2026-05-14T09:57:55+00:00</time>
      </trkpt>
      <trkpt lat="45.73326" lon="6.62979">
        <ele>2072</ele>
        <time>2026-05-14T09:57:56+00:00</time>
      </trkpt>
      <trkpt lat="45.7331" lon="6.62972">
        <ele>2070</ele>
        <time>2026-05-14T09:57:57+00:00</time>
      </trkpt>
      <trkpt lat="45.73277" lon="6.62968">
        <ele>2065</ele>
        <time>2026-05-14T09:57:58+00:00</time>
      </trkpt>
      <trkpt lat="45.73263" lon="6.62975">
        <ele>2062</ele>
        <time>2026-05-14T09:57:59+00:00</time>
      </trkpt>
      <trkpt lat="45.73258" lon="6.62971">
        <ele>2062</ele>
        <time>2026-05-14T09:58:00+00:00</time>
      </trkpt>
      <trkpt lat="45.73245" lon="6.62971">
        <ele>2058</ele>
        <time>2026-05-14T09:58:01+00:00</time>
      </trkpt>
      <trkpt lat="45.73241" lon="6.62954">
        <ele>2057</ele>
        <time>2026-05-14T09:58:02+00:00</time>
      </trkpt>
      <trkpt lat="45.73247" lon="6.62915">
        <ele>2060</ele>
        <time>2026-05-14T09:58:03+00:00</time>
      </trkpt>
      <trkpt lat="45.73259" lon="6.62908">
        <ele>2063</ele>
        <time>2026-05-14T09:58:04+00:00</time>
      </trkpt>
      <trkpt lat="45.73263" lon="6.62899">
        <ele>2065</ele>
        <time>2026-05-14T09:58:05+00:00</time>
      </trkpt>
      <trkpt lat="45.73254" lon="6.62878">
        <ele>2064</ele>
        <time>2026-05-14T09:58:06+00:00</time>
      </trkpt>
      <trkpt lat="45.73239" lon="6.62866">
        <ele>2059</ele>
        <time>2026-05-14T09:58:07+00:00</time>
      </trkpt>
      <trkpt lat="45.73213" lon="6.62856">
        <ele>2050</ele>
        <time>2026-05-14T09:58:08+00:00</time>
      </trkpt>
      <trkpt lat="45.73159" lon="6.6281">
        <ele>2037</ele>
        <time>2026-05-14T09:58:09+00:00</time>
      </trkpt>
      <trkpt lat="45.73097" lon="6.62699">
        <ele>2027</ele>
        <time>2026-05-14T09:58:10+00:00</time>
      </trkpt>
      <trkpt lat="45.73062" lon="6.62578">
        <ele>2025</ele>
        <time>2026-05-14T09:58:11+00:00</time>
      </trkpt>
      <trkpt lat="45.73055" lon="6.62535">
        <ele>2027</ele>
        <time>2026-05-14T09:58:12+00:00</time>
      </trkpt>
      <trkpt lat="45.73056" lon="6.62491">
        <ele>2033</ele>
        <time>2026-05-14T09:58:13+00:00</time>
      </trkpt>
      <trkpt lat="45.73043" lon="6.6247">
        <ele>2032</ele>
        <time>2026-05-14T09:58:14+00:00</time>
      </trkpt>
      <trkpt lat="45.7304" lon="6.62445">
        <ele>2035</ele>
        <time>2026-05-14T09:58:15+00:00</time>
      </trkpt>
      <trkpt lat="45.73027" lon="6.62405">
        <ele>2039</ele>
        <time>2026-05-14T09:58:16+00:00</time>
      </trkpt>
      <trkpt lat="45.73" lon="6.62347">
        <ele>2049</ele>
        <time>2026-05-14T09:58:17+00:00</time>
      </trkpt>
      <trkpt lat="45.72979" lon="6.62318">
        <ele>2056</ele>
        <time>2026-05-14T09:58:18+00:00</time>
      </trkpt>
      <trkpt lat="45.72928" lon="6.62264">
        <ele>2066</ele>
        <time>2026-05-14T09:58:19+00:00</time>
      </trkpt>
      <trkpt lat="45.72928" lon="6.6225">
        <ele>2071</ele>
        <time>2026-05-14T09:58:20+00:00</time>
      </trkpt>
      <trkpt lat="45.72939" lon="6.62225">
        <ele>2082</ele>
        <time>2026-05-14T09:58:21+00:00</time>
      </trkpt>
      <trkpt lat="45.72936" lon="6.62218">
        <ele>2083</ele>
        <time>2026-05-14T09:58:22+00:00</time>
      </trkpt>
      <trkpt lat="45.72926" lon="6.62212">
        <ele>2083</ele>
        <time>2026-05-14T09:58:23+00:00</time>
      </trkpt>
      <trkpt lat="45.72916" lon="6.62216">
        <ele>2079</ele>
        <time>2026-05-14T09:58:24+00:00</time>
      </trkpt>
      <trkpt lat="45.72925" lon="6.6218">
        <ele>2092</ele>
        <time>2026-05-14T09:58:25+00:00</time>
      </trkpt>
      <trkpt lat="45.72913" lon="6.62166">
        <ele>2094</ele>
        <time>2026-05-14T09:58:26+00:00</time>
      </trkpt>
      <trkpt lat="45.72917" lon="6.62153">
        <ele>2098</ele>
        <time>2026-05-14T09:58:27+00:00</time>
      </trkpt>
      <trkpt lat="45.72908" lon="6.62145">
        <ele>2100</ele>
        <time>2026-05-14T09:58:28+00:00</time>
      </trkpt>
      <trkpt lat="45.7292" lon="6.62138">
        <ele>2103</ele>
        <time>2026-05-14T09:58:29+00:00</time>
      </trkpt>
      <trkpt lat="45.72921" lon="6.62132">
        <ele>2105</ele>
        <time>2026-05-14T09:58:30+00:00</time>
      </trkpt>
      <trkpt lat="45.72907" lon="6.62124">
        <ele>2106</ele>
        <time>2026-05-14T09:58:31+00:00</time>
      </trkpt>
      <trkpt lat="45.72896" lon="6.62127">
        <ele>2105</ele>
        <time>2026-05-14T09:58:32+00:00</time>
      </trkpt>
      <trkpt lat="45.72898" lon="6.62087">
        <ele>2116</ele>
        <time>2026-05-14T09:58:33+00:00</time>
      </trkpt>
      <trkpt lat="45.72886" lon="6.62091">
        <ele>2115</ele>
        <time>2026-05-14T09:58:34+00:00</time>
      </trkpt>
      <trkpt lat="45.72881" lon="6.62087">
        <ele>2116</ele>
        <time>2026-05-14T09:58:35+00:00</time>
      </trkpt>
      <trkpt lat="45.72888" lon="6.62078">
        <ele>2118</ele>
        <time>2026-05-14T09:58:36+00:00</time>
      </trkpt>
      <trkpt lat="45.72883" lon="6.62076">
        <ele>2118</ele>
        <time>2026-05-14T09:58:37+00:00</time>
      </trkpt>
      <trkpt lat="45.72855" lon="6.62085">
        <ele>2115</ele>
        <time>2026-05-14T09:58:38+00:00</time>
      </trkpt>
      <trkpt lat="45.72849" lon="6.62061">
        <ele>2119</ele>
        <time>2026-05-14T09:58:39+00:00</time>
      </trkpt>
      <trkpt lat="45.72848" lon="6.62028">
        <ele>2124</ele>
        <time>2026-05-14T09:58:40+00:00</time>
      </trkpt>
      <trkpt lat="45.72805" lon="6.61937">
        <ele>2134</ele>
        <time>2026-05-14T09:58:41+00:00</time>
      </trkpt>
      <trkpt lat="45.7277" lon="6.61921">
        <ele>2134</ele>
        <time>2026-05-14T09:58:42+00:00</time>
      </trkpt>
      <trkpt lat="45.72753" lon="6.61902">
        <ele>2136</ele>
        <time>2026-05-14T09:58:43+00:00</time>
      </trkpt>
      <trkpt lat="45.7272" lon="6.61921">
        <ele>2135</ele>
        <time>2026-05-14T09:58:44+00:00</time>
      </trkpt>
      <trkpt lat="45.72711" lon="6.61892">
        <ele>2141</ele>
        <time>2026-05-14T09:58:45+00:00</time>
      </trkpt>
      <trkpt lat="45.72689" lon="6.61857">
        <ele>2151</ele>
        <time>2026-05-14T09:58:46+00:00</time>
      </trkpt>
      <trkpt lat="45.72656" lon="6.61857">
        <ele>2153</ele>
        <time>2026-05-14T09:58:47+00:00</time>
      </trkpt>
      <trkpt lat="45.72652" lon="6.61837">
        <ele>2156</ele>
        <time>2026-05-14T09:58:48+00:00</time>
      </trkpt>
      <trkpt lat="45.72641" lon="6.61839">
        <ele>2155</ele>
        <time>2026-05-14T09:58:49+00:00</time>
      </trkpt>
      <trkpt lat="45.72639" lon="6.61833">
        <ele>2156</ele>
        <time>2026-05-14T09:58:50+00:00</time>
      </trkpt>
      <trkpt lat="45.72641" lon="6.61815">
        <ele>2159</ele>
        <time>2026-05-14T09:58:51+00:00</time>
      </trkpt>
      <trkpt lat="45.7265" lon="6.61811">
        <ele>2160</ele>
        <time>2026-05-14T09:58:52+00:00</time>
      </trkpt>
      <trkpt lat="45.72654" lon="6.61797">
        <ele>2163</ele>
        <time>2026-05-14T09:58:53+00:00</time>
      </trkpt>
      <trkpt lat="45.72652" lon="6.61791">
        <ele>2163</ele>
        <time>2026-05-14T09:58:54+00:00</time>
      </trkpt>
      <trkpt lat="45.72631" lon="6.61774">
        <ele>2163</ele>
        <time>2026-05-14T09:58:55+00:00</time>
      </trkpt>
      <trkpt lat="45.72632" lon="6.61758">
        <ele>2165</ele>
        <time>2026-05-14T09:58:56+00:00</time>
      </trkpt>
      <trkpt lat="45.72666" lon="6.61713">
        <ele>2171</ele>
        <time>2026-05-14T09:58:57+00:00</time>
      </trkpt>
      <trkpt lat="45.72687" lon="6.61648">
        <ele>2172</ele>
        <time>2026-05-14T09:58:58+00:00</time>
      </trkpt>
      <trkpt lat="45.72701" lon="6.61645">
        <ele>2175</ele>
        <time>2026-05-14T09:58:59+00:00</time>
      </trkpt>
      <trkpt lat="45.72722" lon="6.61613">
        <ele>2173</ele>
        <time>2026-05-14T09:59:00+00:00</time>
      </trkpt>
      <trkpt lat="45.72746" lon="6.6159">
        <ele>2174</ele>
        <time>2026-05-14T09:59:01+00:00</time>
      </trkpt>
      <trkpt lat="45.72774" lon="6.61539">
        <ele>2174</ele>
        <time>2026-05-14T09:59:02+00:00</time>
      </trkpt>
      <trkpt lat="45.72785" lon="6.61531">
        <ele>2179</ele>
        <time>2026-05-14T09:59:03+00:00</time>
      </trkpt>
      <trkpt lat="45.72798" lon="6.61491">
        <ele>2181</ele>
        <time>2026-05-14T09:59:04+00:00</time>
      </trkpt>
      <trkpt lat="45.728" lon="6.61408">
        <ele>2168</ele>
        <time>2026-05-14T09:59:05+00:00</time>
      </trkpt>
      <trkpt lat="45.72823" lon="6.6132">
        <ele>2156</ele>
        <time>2026-05-14T09:59:06+00:00</time>
      </trkpt>
      <trkpt lat="45.72831" lon="6.6131">
        <ele>2157</ele>
        <time>2026-05-14T09:59:07+00:00</time>
      </trkpt>
      <trkpt lat="45.72841" lon="6.61308">
        <ele>2157</ele>
        <time>2026-05-14T09:59:08+00:00</time>
      </trkpt>
      <trkpt lat="45.7286" lon="6.61322">
        <ele>2162</ele>
        <time>2026-05-14T09:59:09+00:00</time>
      </trkpt>
      <trkpt lat="45.7291" lon="6.61335">
        <ele>2166</ele>
        <time>2026-05-14T09:59:10+00:00</time>
      </trkpt>
      <trkpt lat="45.72919" lon="6.6133">
        <ele>2162</ele>
        <time>2026-05-14T09:59:11+00:00</time>
      </trkpt>
      <trkpt lat="45.72889" lon="6.61315">
        <ele>2156</ele>
        <time>2026-05-14T09:59:12+00:00</time>
      </trkpt>
      <trkpt lat="45.72887" lon="6.61303">
        <ele>2150</ele>
        <time>2026-05-14T09:59:13+00:00</time>
      </trkpt>
      <trkpt lat="45.72903" lon="6.6131">
        <ele>2152</ele>
        <time>2026-05-14T09:59:14+00:00</time>
      </trkpt>
      <trkpt lat="45.72913" lon="6.61304">
        <ele>2147</ele>
        <time>2026-05-14T09:59:15+00:00</time>
      </trkpt>
      <trkpt lat="45.72941" lon="6.61283">
        <ele>2138</ele>
        <time>2026-05-14T09:59:16+00:00</time>
      </trkpt>
      <trkpt lat="45.72964" lon="6.61253">
        <ele>2124</ele>
        <time>2026-05-14T09:59:17+00:00</time>
      </trkpt>
      <trkpt lat="45.72965" lon="6.61234">
        <ele>2115</ele>
        <time>2026-05-14T09:59:18+00:00</time>
      </trkpt>
      <trkpt lat="45.72944" lon="6.61244">
        <ele>2117</ele>
        <time>2026-05-14T09:59:19+00:00</time>
      </trkpt>
      <trkpt lat="45.7292" lon="6.61247">
        <ele>2115</ele>
        <time>2026-05-14T09:59:20+00:00</time>
      </trkpt>
      <trkpt lat="45.72909" lon="6.61246">
        <ele>2115</ele>
        <time>2026-05-14T09:59:21+00:00</time>
      </trkpt>
      <trkpt lat="45.729" lon="6.6124">
        <ele>2114</ele>
        <time>2026-05-14T09:59:22+00:00</time>
      </trkpt>
      <trkpt lat="45.72902" lon="6.61235">
        <ele>2112</ele>
        <time>2026-05-14T09:59:23+00:00</time>
      </trkpt>
      <trkpt lat="45.72912" lon="6.6123">
        <ele>2108</ele>
        <time>2026-05-14T09:59:24+00:00</time>
      </trkpt>
      <trkpt lat="45.72911" lon="6.61221">
        <ele>2104</ele>
        <time>2026-05-14T09:59:25+00:00</time>
      </trkpt>
      <trkpt lat="45.7288" lon="6.61172">
        <ele>2088</ele>
        <time>2026-05-14T09:59:26+00:00</time>
      </trkpt>
      <trkpt lat="45.72888" lon="6.61172">
        <ele>2087</ele>
        <time>2026-05-14T09:59:27+00:00</time>
      </trkpt>
      <trkpt lat="45.72878" lon="6.61141">
        <ele>2078</ele>
        <time>2026-05-14T09:59:28+00:00</time>
      </trkpt>
      <trkpt lat="45.72874" lon="6.61112">
        <ele>2069</ele>
        <time>2026-05-14T09:59:29+00:00</time>
      </trkpt>
      <trkpt lat="45.7288" lon="6.6103">
        <ele>2053</ele>
        <time>2026-05-14T09:59:30+00:00</time>
      </trkpt>
      <trkpt lat="45.72874" lon="6.60988">
        <ele>2048</ele>
        <time>2026-05-14T09:59:31+00:00</time>
      </trkpt>
      <trkpt lat="45.72873" lon="6.60937">
        <ele>2034</ele>
        <time>2026-05-14T09:59:32+00:00</time>
      </trkpt>
      <trkpt lat="45.72879" lon="6.60893">
        <ele>2019</ele>
        <time>2026-05-14T09:59:33+00:00</time>
      </trkpt>
      <trkpt lat="45.72882" lon="6.60901">
        <ele>2022</ele>
        <time>2026-05-14T09:59:34+00:00</time>
      </trkpt>
      <trkpt lat="45.72889" lon="6.60904">
        <ele>2024</ele>
        <time>2026-05-14T09:59:35+00:00</time>
      </trkpt>
      <trkpt lat="45.72891" lon="6.60893">
        <ele>2020</ele>
        <time>2026-05-14T09:59:36+00:00</time>
      </trkpt>
      <trkpt lat="45.72893" lon="6.60876">
        <ele>2014</ele>
        <time>2026-05-14T09:59:37+00:00</time>
      </trkpt>
      <trkpt lat="45.72886" lon="6.60861">
        <ele>2008</ele>
        <time>2026-05-14T09:59:38+00:00</time>
      </trkpt>
      <trkpt lat="45.72881" lon="6.60833">
        <ele>1997</ele>
        <time>2026-05-14T09:59:39+00:00</time>
      </trkpt>
      <trkpt lat="45.72892" lon="6.60802">
        <ele>1993</ele>
        <time>2026-05-14T09:59:40+00:00</time>
      </trkpt>
      <trkpt lat="45.72909" lon="6.60786">
        <ele>1995</ele>
        <time>2026-05-14T09:59:41+00:00</time>
      </trkpt>
      <trkpt lat="45.72921" lon="6.60767">
        <ele>1993</ele>
        <time>2026-05-14T09:59:42+00:00</time>
      </trkpt>
      <trkpt lat="45.72933" lon="6.60779">
        <ele>1991</ele>
        <time>2026-05-14T09:59:43+00:00</time>
      </trkpt>
      <trkpt lat="45.72957" lon="6.60769">
        <ele>1983</ele>
        <time>2026-05-14T09:59:44+00:00</time>
      </trkpt>
      <trkpt lat="45.72947" lon="6.6076">
        <ele>1984</ele>
        <time>2026-05-14T09:59:45+00:00</time>
      </trkpt>
      <trkpt lat="45.72936" lon="6.60722">
        <ele>1979</ele>
        <time>2026-05-14T09:59:46+00:00</time>
      </trkpt>
      <trkpt lat="45.72937" lon="6.60713">
        <ele>1976</ele>
        <time>2026-05-14T09:59:47+00:00</time>
      </trkpt>
      <trkpt lat="45.72949" lon="6.60728">
        <ele>1976</ele>
        <time>2026-05-14T09:59:48+00:00</time>
      </trkpt>
      <trkpt lat="45.72958" lon="6.6067">
        <ele>1960</ele>
        <time>2026-05-14T09:59:49+00:00</time>
      </trkpt>
      <trkpt lat="45.72973" lon="6.60637">
        <ele>1951</ele>
        <time>2026-05-14T09:59:50+00:00</time>
      </trkpt>
      <trkpt lat="45.72981" lon="6.60628">
        <ele>1948</ele>
        <time>2026-05-14T09:59:51+00:00</time>
      </trkpt>
      <trkpt lat="45.73036" lon="6.606">
        <ele>1934</ele>
        <time>2026-05-14T09:59:52+00:00</time>
      </trkpt>
      <trkpt lat="45.73046" lon="6.60603">
        <ele>1932</ele>
        <time>2026-05-14T09:59:53+00:00</time>
      </trkpt>
      <trkpt lat="45.73088" lon="6.60634">
        <ele>1923</ele>
        <time>2026-05-14T09:59:54+00:00</time>
      </trkpt>
      <trkpt lat="45.73112" lon="6.60629">
        <ele>1916</ele>
        <time>2026-05-14T09:59:55+00:00</time>
      </trkpt>
      <trkpt lat="45.73108" lon="6.60615">
        <ele>1916</ele>
        <time>2026-05-14T09:59:56+00:00</time>
      </trkpt>
      <trkpt lat="45.73092" lon="6.60608">
        <ele>1920</ele>
        <time>2026-05-14T09:59:57+00:00</time>
      </trkpt>
      <trkpt lat="45.73085" lon="6.60595">
        <ele>1921</ele>
        <time>2026-05-14T09:59:58+00:00</time>
      </trkpt>
      <trkpt lat="45.73081" lon="6.60573">
        <ele>1920</ele>
        <time>2026-05-14T09:59:59+00:00</time>
      </trkpt>
      <trkpt lat="45.73085" lon="6.6057">
        <ele>1919</ele>
        <time>2026-05-14T10:00:00+00:00</time>
      </trkpt>
      <trkpt lat="45.731" lon="6.60574">
        <ele>1914</ele>
        <time>2026-05-14T10:00:01+00:00</time>
      </trkpt>
      <trkpt lat="45.73126" lon="6.60568">
        <ele>1905</ele>
        <time>2026-05-14T10:00:02+00:00</time>
      </trkpt>
      <trkpt lat="45.73129" lon="6.60562">
        <ele>1903</ele>
        <time>2026-05-14T10:00:03+00:00</time>
      </trkpt>
      <trkpt lat="45.73123" lon="6.60553">
        <ele>1903</ele>
        <time>2026-05-14T10:00:04+00:00</time>
      </trkpt>
      <trkpt lat="45.73135" lon="6.60541">
        <ele>1897</ele>
        <time>2026-05-14T10:00:05+00:00</time>
      </trkpt>
      <trkpt lat="45.73176" lon="6.60535">
        <ele>1881</ele>
        <time>2026-05-14T10:00:06+00:00</time>
      </trkpt>
      <trkpt lat="45.732" lon="6.6052">
        <ele>1872</ele>
        <time>2026-05-14T10:00:07+00:00</time>
      </trkpt>
      <trkpt lat="45.73183" lon="6.60504">
        <ele>1873</ele>
        <time>2026-05-14T10:00:08+00:00</time>
      </trkpt>
      <trkpt lat="45.73179" lon="6.6049">
        <ele>1873</ele>
        <time>2026-05-14T10:00:09+00:00</time>
      </trkpt>
      <trkpt lat="45.73213" lon="6.60477">
        <ele>1865</ele>
        <time>2026-05-14T10:00:10+00:00</time>
      </trkpt>
      <trkpt lat="45.73224" lon="6.60478">
        <ele>1863</ele>
        <time>2026-05-14T10:00:11+00:00</time>
      </trkpt>
      <trkpt lat="45.73239" lon="6.60485">
        <ele>1859</ele>
        <time>2026-05-14T10:00:12+00:00</time>
      </trkpt>
      <trkpt lat="45.7327" lon="6.60511">
        <ele>1851</ele>
        <time>2026-05-14T10:00:13+00:00</time>
      </trkpt>
      <trkpt lat="45.73314" lon="6.60517">
        <ele>1837</ele>
        <time>2026-05-14T10:00:14+00:00</time>
      </trkpt>
      <trkpt lat="45.73321" lon="6.60526">
        <ele>1835</ele>
        <time>2026-05-14T10:00:15+00:00</time>
      </trkpt>
      <trkpt lat="45.73333" lon="6.60529">
        <ele>1831</ele>
        <time>2026-05-14T10:00:16+00:00</time>
      </trkpt>
      <trkpt lat="45.73384" lon="6.60562">
        <ele>1817</ele>
        <time>2026-05-14T10:00:17+00:00</time>
      </trkpt>
      <trkpt lat="45.73406" lon="6.60581">
        <ele>1809</ele>
        <time>2026-05-14T10:00:18+00:00</time>
      </trkpt>
      <trkpt lat="45.73428" lon="6.60609">
        <ele>1801</ele>
        <time>2026-05-14T10:00:19+00:00</time>
      </trkpt>
      <trkpt lat="45.73492" lon="6.60653">
        <ele>1782</ele>
        <time>2026-05-14T10:00:20+00:00</time>
      </trkpt>
      <trkpt lat="45.73505" lon="6.60666">
        <ele>1777</ele>
        <time>2026-05-14T10:00:21+00:00</time>
      </trkpt>
      <trkpt lat="45.73511" lon="6.60678">
        <ele>1776</ele>
        <time>2026-05-14T10:00:22+00:00</time>
      </trkpt>
      <trkpt lat="45.73506" lon="6.60741">
        <ele>1782</ele>
        <time>2026-05-14T10:00:23+00:00</time>
      </trkpt>
      <trkpt lat="45.73513" lon="6.60753">
        <ele>1781</ele>
        <time>2026-05-14T10:00:24+00:00</time>
      </trkpt>
      <trkpt lat="45.73533" lon="6.60757">
        <ele>1774</ele>
        <time>2026-05-14T10:00:25+00:00</time>
      </trkpt>
      <trkpt lat="45.73562" lon="6.60743">
        <ele>1762</ele>
        <time>2026-05-14T10:00:26+00:00</time>
      </trkpt>
      <trkpt lat="45.73571" lon="6.60751">
        <ele>1759</ele>
        <time>2026-05-14T10:00:27+00:00</time>
      </trkpt>
      <trkpt lat="45.73577" lon="6.60732">
        <ele>1755</ele>
        <time>2026-05-14T10:00:28+00:00</time>
      </trkpt>
      <trkpt lat="45.73592" lon="6.6075">
        <ele>1751</ele>
        <time>2026-05-14T10:00:29+00:00</time>
      </trkpt>
      <trkpt lat="45.736" lon="6.60721">
        <ele>1747</ele>
        <time>2026-05-14T10:00:30+00:00</time>
      </trkpt>
      <trkpt lat="45.73676" lon="6.60662">
        <ele>1719</ele>
        <time>2026-05-14T10:00:31+00:00</time>
      </trkpt>
      <trkpt lat="45.73744" lon="6.60649">
        <ele>1705</ele>
        <time>2026-05-14T10:00:32+00:00</time>
      </trkpt>
      <trkpt lat="45.73778" lon="6.60655">
        <ele>1700</ele>
        <time>2026-05-14T10:00:33+00:00</time>
      </trkpt>
      <trkpt lat="45.73789" lon="6.60648">
        <ele>1698</ele>
        <time>2026-05-14T10:00:34+00:00</time>
      </trkpt>
      <trkpt lat="45.73813" lon="6.60662">
        <ele>1697</ele>
        <time>2026-05-14T10:00:35+00:00</time>
      </trkpt>
      <trkpt lat="45.73821" lon="6.60675">
        <ele>1699</ele>
        <time>2026-05-14T10:00:36+00:00</time>
      </trkpt>
      <trkpt lat="45.73835" lon="6.60681">
        <ele>1699</ele>
        <time>2026-05-14T10:00:37+00:00</time>
      </trkpt>
      <trkpt lat="45.73852" lon="6.60679">
        <ele>1703</ele>
        <time>2026-05-14T10:00:38+00:00</time>
      </trkpt>
      <trkpt lat="45.73866" lon="6.60672">
        <ele>1704</ele>
        <time>2026-05-14T10:00:39+00:00</time>
      </trkpt>
      <trkpt lat="45.73932" lon="6.60613">
        <ele>1697</ele>
        <time>2026-05-14T10:00:40+00:00</time>
      </trkpt>
      <trkpt lat="45.73998" lon="6.60539">
        <ele>1685</ele>
        <time>2026-05-14T10:00:41+00:00</time>
      </trkpt>
      <trkpt lat="45.74016" lon="6.60531">
        <ele>1679</ele>
        <time>2026-05-14T10:00:42+00:00</time>
      </trkpt>
      <trkpt lat="45.74046" lon="6.60556">
        <ele>1682</ele>
        <time>2026-05-14T10:00:43+00:00</time>
      </trkpt>
      <trkpt lat="45.74126" lon="6.60659">
        <ele>1699</ele>
        <time>2026-05-14T10:00:44+00:00</time>
      </trkpt>
      <trkpt lat="45.74154" lon="6.60666">
        <ele>1695</ele>
        <time>2026-05-14T10:00:45+00:00</time>
      </trkpt>
      <trkpt lat="45.74182" lon="6.60665">
        <ele>1689</ele>
        <time>2026-05-14T10:00:46+00:00</time>
      </trkpt>
      <trkpt lat="45.74266" lon="6.60692">
        <ele>1684</ele>
        <time>2026-05-14T10:00:47+00:00</time>
      </trkpt>
      <trkpt lat="45.74296" lon="6.60706">
        <ele>1679</ele>
        <time>2026-05-14T10:00:48+00:00</time>
      </trkpt>
      <trkpt lat="45.74328" lon="6.60728">
        <ele>1675</ele>
        <time>2026-05-14T10:00:49+00:00</time>
      </trkpt>
      <trkpt lat="45.74387" lon="6.60778">
        <ele>1666</ele>
        <time>2026-05-14T10:00:50+00:00</time>
      </trkpt>
      <trkpt lat="45.74417" lon="6.60791">
        <ele>1656</ele>
        <time>2026-05-14T10:00:51+00:00</time>
      </trkpt>
      <trkpt lat="45.74443" lon="6.60828">
        <ele>1655</ele>
        <time>2026-05-14T10:00:52+00:00</time>
      </trkpt>
      <trkpt lat="45.74502" lon="6.60894">
        <ele>1642</ele>
        <time>2026-05-14T10:00:53+00:00</time>
      </trkpt>
      <trkpt lat="45.74512" lon="6.60912">
        <ele>1641</ele>
        <time>2026-05-14T10:00:54+00:00</time>
      </trkpt>
      <trkpt lat="45.74549" lon="6.60986">
        <ele>1631</ele>
        <time>2026-05-14T10:00:55+00:00</time>
      </trkpt>
      <trkpt lat="45.74556" lon="6.61035">
        <ele>1630</ele>
        <time>2026-05-14T10:00:56+00:00</time>
      </trkpt>
      <trkpt lat="45.74572" lon="6.61092">
        <ele>1629</ele>
        <time>2026-05-14T10:00:57+00:00</time>
      </trkpt>
      <trkpt lat="45.74591" lon="6.61089">
        <ele>1622</ele>
        <time>2026-05-14T10:00:58+00:00</time>
      </trkpt>
      <trkpt lat="45.74589" lon="6.61068">
        <ele>1621</ele>
        <time>2026-05-14T10:00:59+00:00</time>
      </trkpt>
      <trkpt lat="45.74535" lon="6.6082">
        <ele>1610</ele>
        <time>2026-05-14T10:01:00+00:00</time>
      </trkpt>
      <trkpt lat="45.74524" lon="6.60787">
        <ele>1607</ele>
        <time>2026-05-14T10:01:01+00:00</time>
      </trkpt>
      <trkpt lat="45.74507" lon="6.60765">
        <ele>1608</ele>
        <time>2026-05-14T10:01:02+00:00</time>
      </trkpt>
      <trkpt lat="45.745" lon="6.60746">
        <ele>1606</ele>
        <time>2026-05-14T10:01:03+00:00</time>
      </trkpt>
      <trkpt lat="45.74482" lon="6.60728">
        <ele>1607</ele>
        <time>2026-05-14T10:01:04+00:00</time>
      </trkpt>
      <trkpt lat="45.7448" lon="6.60717">
        <ele>1604</ele>
        <time>2026-05-14T10:01:05+00:00</time>
      </trkpt>
      <trkpt lat="45.74488" lon="6.60711">
        <ele>1599</ele>
        <time>2026-05-14T10:01:06+00:00</time>
      </trkpt>
      <trkpt lat="45.74528" lon="6.6077">
        <ele>1601</ele>
        <time>2026-05-14T10:01:07+00:00</time>
      </trkpt>
      <trkpt lat="45.74574" lon="6.608">
        <ele>1588</ele>
        <time>2026-05-14T10:01:08+00:00</time>
      </trkpt>
      <trkpt lat="45.74598" lon="6.60828">
        <ele>1582</ele>
        <time>2026-05-14T10:01:09+00:00</time>
      </trkpt>
      <trkpt lat="45.746" lon="6.6081">
        <ele>1578</ele>
        <time>2026-05-14T10:01:10+00:00</time>
      </trkpt>
      <trkpt lat="45.74612" lon="6.6082">
        <ele>1574</ele>
        <time>2026-05-14T10:01:11+00:00</time>
      </trkpt>
      <trkpt lat="45.74614" lon="6.60811">
        <ele>1571</ele>
        <time>2026-05-14T10:01:12+00:00</time>
      </trkpt>
      <trkpt lat="45.74607" lon="6.60751">
        <ele>1566</ele>
        <time>2026-05-14T10:01:13+00:00</time>
      </trkpt>
      <trkpt lat="45.74593" lon="6.60691">
        <ele>1557</ele>
        <time>2026-05-14T10:01:14+00:00</time>
      </trkpt>
      <trkpt lat="45.74584" lon="6.60673">
        <ele>1555</ele>
        <time>2026-05-14T10:01:15+00:00</time>
      </trkpt>
      <trkpt lat="45.74585" lon="6.60665">
        <ele>1553</ele>
        <time>2026-05-14T10:01:16+00:00</time>
      </trkpt>
      <trkpt lat="45.74627" lon="6.60684">
        <ele>1541</ele>
        <time>2026-05-14T10:01:17+00:00</time>
      </trkpt>
      <trkpt lat="45.74666" lon="6.60723">
        <ele>1534</ele>
        <time>2026-05-14T10:01:18+00:00</time>
      </trkpt>
      <trkpt lat="45.74679" lon="6.60743">
        <ele>1533</ele>
        <time>2026-05-14T10:01:19+00:00</time>
      </trkpt>
      <trkpt lat="45.74685" lon="6.60743">
        <ele>1530</ele>
        <time>2026-05-14T10:01:20+00:00</time>
      </trkpt>
      <trkpt lat="45.74686" lon="6.60693">
        <ele>1520</ele>
        <time>2026-05-14T10:01:21+00:00</time>
      </trkpt>
      <trkpt lat="45.74656" lon="6.60607">
        <ele>1512</ele>
        <time>2026-05-14T10:01:22+00:00</time>
      </trkpt>
      <trkpt lat="45.74648" lon="6.60592">
        <ele>1510</ele>
        <time>2026-05-14T10:01:23+00:00</time>
      </trkpt>
      <trkpt lat="45.74636" lon="6.60583">
        <ele>1511</ele>
        <time>2026-05-14T10:01:24+00:00</time>
      </trkpt>
      <trkpt lat="45.74633" lon="6.60573">
        <ele>1509</ele>
        <time>2026-05-14T10:01:25+00:00</time>
      </trkpt>
      <trkpt lat="45.74636" lon="6.60565">
        <ele>1505</ele>
        <time>2026-05-14T10:01:26+00:00</time>
      </trkpt>
      <trkpt lat="45.74644" lon="6.60568">
        <ele>1505</ele>
        <time>2026-05-14T10:01:27+00:00</time>
      </trkpt>
      <trkpt lat="45.74653" lon="6.60585">
        <ele>1508</ele>
        <time>2026-05-14T10:01:28+00:00</time>
      </trkpt>
      <trkpt lat="45.74682" lon="6.60608">
        <ele>1504</ele>
        <time>2026-05-14T10:01:29+00:00</time>
      </trkpt>
      <trkpt lat="45.74682" lon="6.60586">
        <ele>1500</ele>
        <time>2026-05-14T10:01:30+00:00</time>
      </trkpt>
      <trkpt lat="45.74671" lon="6.60534">
        <ele>1490</ele>
        <time>2026-05-14T10:01:31+00:00</time>
      </trkpt>
      <trkpt lat="45.7464" lon="6.60497">
        <ele>1485</ele>
        <time>2026-05-14T10:01:32+00:00</time>
      </trkpt>
      <trkpt lat="45.74638" lon="6.60483">
        <ele>1480</ele>
        <time>2026-05-14T10:01:33+00:00</time>
      </trkpt>
      <trkpt lat="45.74653" lon="6.60466">
        <ele>1473</ele>
        <time>2026-05-14T10:01:34+00:00</time>
      </trkpt>
      <trkpt lat="45.74667" lon="6.60461">
        <ele>1470</ele>
        <time>2026-05-14T10:01:35+00:00</time>
      </trkpt>
      <trkpt lat="45.74713" lon="6.60472">
        <ele>1459</ele>
        <time>2026-05-14T10:01:36+00:00</time>
      </trkpt>
      <trkpt lat="45.74744" lon="6.60493">
        <ele>1457</ele>
        <time>2026-05-14T10:01:37+00:00</time>
      </trkpt>
      <trkpt lat="45.74787" lon="6.60543">
        <ele>1443</ele>
        <time>2026-05-14T10:01:38+00:00</time>
      </trkpt>
      <trkpt lat="45.74821" lon="6.60613">
        <ele>1441</ele>
        <time>2026-05-14T10:01:39+00:00</time>
      </trkpt>
      <trkpt lat="45.74822" lon="6.60586">
        <ele>1433</ele>
        <time>2026-05-14T10:01:40+00:00</time>
      </trkpt>
      <trkpt lat="45.74836" lon="6.60584">
        <ele>1424</ele>
        <time>2026-05-14T10:01:41+00:00</time>
      </trkpt>
      <trkpt lat="45.74797" lon="6.60468">
        <ele>1414</ele>
        <time>2026-05-14T10:01:42+00:00</time>
      </trkpt>
      <trkpt lat="45.74806" lon="6.60461">
        <ele>1406</ele>
        <time>2026-05-14T10:01:43+00:00</time>
      </trkpt>
      <trkpt lat="45.74806" lon="6.60429">
        <ele>1397</ele>
        <time>2026-05-14T10:01:44+00:00</time>
      </trkpt>
      <trkpt lat="45.74824" lon="6.60443">
        <ele>1390</ele>
        <time>2026-05-14T10:01:45+00:00</time>
      </trkpt>
      <trkpt lat="45.74854" lon="6.60477">
        <ele>1383</ele>
        <time>2026-05-14T10:01:46+00:00</time>
      </trkpt>
      <trkpt lat="45.74853" lon="6.60447">
        <ele>1375</ele>
        <time>2026-05-14T10:01:47+00:00</time>
      </trkpt>
      <trkpt lat="45.74844" lon="6.60402">
        <ele>1366</ele>
        <time>2026-05-14T10:01:48+00:00</time>
      </trkpt>
      <trkpt lat="45.74849" lon="6.604">
        <ele>1363</ele>
        <time>2026-05-14T10:01:49+00:00</time>
      </trkpt>
      <trkpt lat="45.74891" lon="6.60436">
        <ele>1354</ele>
        <time>2026-05-14T10:01:50+00:00</time>
      </trkpt>
      <trkpt lat="45.74924" lon="6.60478">
        <ele>1349</ele>
        <time>2026-05-14T10:01:51+00:00</time>
      </trkpt>
      <trkpt lat="45.74943" lon="6.60492">
        <ele>1342</ele>
        <time>2026-05-14T10:01:52+00:00</time>
      </trkpt>
      <trkpt lat="45.74945" lon="6.60469">
        <ele>1335</ele>
        <time>2026-05-14T10:01:53+00:00</time>
      </trkpt>
      <trkpt lat="45.75011" lon="6.60525">
        <ele>1313</ele>
        <time>2026-05-14T10:01:54+00:00</time>
      </trkpt>
      <trkpt lat="45.75012" lon="6.60501">
        <ele>1307</ele>
        <time>2026-05-14T10:01:55+00:00</time>
      </trkpt>
      <trkpt lat="45.75017" lon="6.6049">
        <ele>1303</ele>
        <time>2026-05-14T10:01:56+00:00</time>
      </trkpt>
      <trkpt lat="45.75046" lon="6.60519">
        <ele>1298</ele>
        <time>2026-05-14T10:01:57+00:00</time>
      </trkpt>
      <trkpt lat="45.75089" lon="6.60531">
        <ele>1284</ele>
        <time>2026-05-14T10:01:58+00:00</time>
      </trkpt>
      <trkpt lat="45.75112" lon="6.60542">
        <ele>1276</ele>
        <time>2026-05-14T10:01:59+00:00</time>
      </trkpt>
      <trkpt lat="45.75143" lon="6.60588">
        <ele>1267</ele>
        <time>2026-05-14T10:02:00+00:00</time>
      </trkpt>
      <trkpt lat="45.7517" lon="6.60602">
        <ele>1259</ele>
        <time>2026-05-14T10:02:01+00:00</time>
      </trkpt>
      <trkpt lat="45.75171" lon="6.60594">
        <ele>1257</ele>
        <time>2026-05-14T10:02:02+00:00</time>
      </trkpt>
      <trkpt lat="45.75151" lon="6.6057">
        <ele>1262</ele>
        <time>2026-05-14T10:02:03+00:00</time>
      </trkpt>
      <trkpt lat="45.75143" lon="6.60551">
        <ele>1264</ele>
        <time>2026-05-14T10:02:04+00:00</time>
      </trkpt>
      <trkpt lat="45.75131" lon="6.60504">
        <ele>1265</ele>
        <time>2026-05-14T10:02:05+00:00</time>
      </trkpt>
      <trkpt lat="45.75115" lon="6.60392">
        <ele>1251</ele>
        <time>2026-05-14T10:02:06+00:00</time>
      </trkpt>
      <trkpt lat="45.75099" lon="6.60379">
        <ele>1252</ele>
        <time>2026-05-14T10:02:07+00:00</time>
      </trkpt>
      <trkpt lat="45.75067" lon="6.60373">
        <ele>1260</ele>
        <time>2026-05-14T10:02:08+00:00</time>
      </trkpt>
      <trkpt lat="45.75061" lon="6.60364">
        <ele>1261</ele>
        <time>2026-05-14T10:02:09+00:00</time>
      </trkpt>
      <trkpt lat="45.75063" lon="6.60342">
        <ele>1256</ele>
        <time>2026-05-14T10:02:10+00:00</time>
      </trkpt>
      <trkpt lat="45.75086" lon="6.60292">
        <ele>1239</ele>
        <time>2026-05-14T10:02:11+00:00</time>
      </trkpt>
      <trkpt lat="45.75086" lon="6.60276">
        <ele>1237</ele>
        <time>2026-05-14T10:02:12+00:00</time>
      </trkpt>
      <trkpt lat="45.75077" lon="6.60258">
        <ele>1238</ele>
        <time>2026-05-14T10:02:13+00:00</time>
      </trkpt>
      <trkpt lat="45.75064" lon="6.60198">
        <ele>1229</ele>
        <time>2026-05-14T10:02:14+00:00</time>
      </trkpt>
      <trkpt lat="45.75046" lon="6.60176">
        <ele>1228</ele>
        <time>2026-05-14T10:02:15+00:00</time>
      </trkpt>
      <trkpt lat="45.75038" lon="6.60156">
        <ele>1224</ele>
        <time>2026-05-14T10:02:16+00:00</time>
      </trkpt>
      <trkpt lat="45.75037" lon="6.60138">
        <ele>1219</ele>
        <time>2026-05-14T10:02:17+00:00</time>
      </trkpt>
      <trkpt lat="45.75025" lon="6.60108">
        <ele>1213</ele>
        <time>2026-05-14T10:02:18+00:00</time>
      </trkpt>
      <trkpt lat="45.75" lon="6.60073">
        <ele>1210</ele>
        <time>2026-05-14T10:02:19+00:00</time>
      </trkpt>
      <trkpt lat="45.74982" lon="6.60055">
        <ele>1209</ele>
        <time>2026-05-14T10:02:20+00:00</time>
      </trkpt>
      <trkpt lat="45.74956" lon="6.59991">
        <ele>1202</ele>
        <time>2026-05-14T10:02:21+00:00</time>
      </trkpt>
      <trkpt lat="45.74957" lon="6.59961">
        <ele>1197</ele>
        <time>2026-05-14T10:02:22+00:00</time>
      </trkpt>
      <trkpt lat="45.7495" lon="6.59942">
        <ele>1195</ele>
        <time>2026-05-14T10:02:23+00:00</time>
      </trkpt>
      <trkpt lat="45.74932" lon="6.59932">
        <ele>1198</ele>
        <time>2026-05-14T10:02:24+00:00</time>
      </trkpt>
      <trkpt lat="45.74925" lon="6.59922">
        <ele>1198</ele>
        <time>2026-05-14T10:02:25+00:00</time>
      </trkpt>
      <trkpt lat="45.74927" lon="6.59912">
        <ele>1195</ele>
        <time>2026-05-14T10:02:26+00:00</time>
      </trkpt>
      <trkpt lat="45.74964" lon="6.59925">
        <ele>1189</ele>
        <time>2026-05-14T10:02:27+00:00</time>
      </trkpt>
      <trkpt lat="45.75008" lon="6.59979">
        <ele>1187</ele>
        <time>2026-05-14T10:02:28+00:00</time>
      </trkpt>
      <trkpt lat="45.75024" lon="6.59991">
        <ele>1185</ele>
        <time>2026-05-14T10:02:29+00:00</time>
      </trkpt>
      <trkpt lat="45.75054" lon="6.60003">
        <ele>1179</ele>
        <time>2026-05-14T10:02:30+00:00</time>
      </trkpt>
      <trkpt lat="45.75121" lon="6.60043">
        <ele>1171</ele>
        <time>2026-05-14T10:02:31+00:00</time>
      </trkpt>
      <trkpt lat="45.75134" lon="6.60066">
        <ele>1173</ele>
        <time>2026-05-14T10:02:32+00:00</time>
      </trkpt>
      <trkpt lat="45.75143" lon="6.60071">
        <ele>1171</ele>
        <time>2026-05-14T10:02:33+00:00</time>
      </trkpt>
      <trkpt lat="45.75162" lon="6.60067">
        <ele>1164</ele>
        <time>2026-05-14T10:02:34+00:00</time>
      </trkpt>
      <trkpt lat="45.75171" lon="6.60069">
        <ele>1162</ele>
        <time>2026-05-14T10:02:35+00:00</time>
      </trkpt>
      <trkpt lat="45.75193" lon="6.60096">
        <ele>1164</ele>
        <time>2026-05-14T10:02:36+00:00</time>
      </trkpt>
      <trkpt lat="45.75213" lon="6.6011">
        <ele>1162</ele>
        <time>2026-05-14T10:02:37+00:00</time>
      </trkpt>
      <trkpt lat="45.75233" lon="6.60138">
        <ele>1162</ele>
        <time>2026-05-14T10:02:38+00:00</time>
      </trkpt>
      <trkpt lat="45.75238" lon="6.60132">
        <ele>1159</ele>
        <time>2026-05-14T10:02:39+00:00</time>
      </trkpt>
      <trkpt lat="45.75235" lon="6.60122">
        <ele>1158</ele>
        <time>2026-05-14T10:02:40+00:00</time>
      </trkpt>
      <trkpt lat="45.75209" lon="6.60089">
        <ele>1157</ele>
        <time>2026-05-14T10:02:41+00:00</time>
      </trkpt>
      <trkpt lat="45.75189" lon="6.60026">
        <ele>1147</ele>
        <time>2026-05-14T10:02:42+00:00</time>
      </trkpt>
      <trkpt lat="45.75172" lon="6.60004">
        <ele>1146</ele>
        <time>2026-05-14T10:02:43+00:00</time>
      </trkpt>
      <trkpt lat="45.75149" lon="6.59963">
        <ele>1142</ele>
        <time>2026-05-14T10:02:44+00:00</time>
      </trkpt>
      <trkpt lat="45.75134" lon="6.59946">
        <ele>1143</ele>
        <time>2026-05-14T10:02:45+00:00</time>
      </trkpt>
      <trkpt lat="45.7513" lon="6.59932">
        <ele>1141</ele>
        <time>2026-05-14T10:02:46+00:00</time>
      </trkpt>
      <trkpt lat="45.75138" lon="6.59929">
        <ele>1138</ele>
        <time>2026-05-14T10:02:47+00:00</time>
      </trkpt>
      <trkpt lat="45.7517" lon="6.59971">
        <ele>1138</ele>
        <time>2026-05-14T10:02:48+00:00</time>
      </trkpt>
      <trkpt lat="45.75218" lon="6.59991">
        <ele>1132</ele>
        <time>2026-05-14T10:02:49+00:00</time>
      </trkpt>
      <trkpt lat="45.7533" lon="6.60061">
        <ele>1118</ele>
        <time>2026-05-14T10:02:50+00:00</time>
      </trkpt>
      <trkpt lat="45.75347" lon="6.60085">
        <ele>1117</ele>
        <time>2026-05-14T10:02:51+00:00</time>
      </trkpt>
      <trkpt lat="45.75358" lon="6.60078">
        <ele>1114</ele>
        <time>2026-05-14T10:02:52+00:00</time>
      </trkpt>
      <trkpt lat="45.75344" lon="6.60037">
        <ele>1111</ele>
        <time>2026-05-14T10:02:53+00:00</time>
      </trkpt>
      <trkpt lat="45.75319" lon="6.59986">
        <ele>1109</ele>
        <time>2026-05-14T10:02:54+00:00</time>
      </trkpt>
      <trkpt lat="45.75294" lon="6.59952">
        <ele>1108</ele>
        <time>2026-05-14T10:02:55+00:00</time>
      </trkpt>
      <trkpt lat="45.7528" lon="6.59924">
        <ele>1106</ele>
        <time>2026-05-14T10:02:56+00:00</time>
      </trkpt>
      <trkpt lat="45.75247" lon="6.59822">
        <ele>1093</ele>
        <time>2026-05-14T10:02:57+00:00</time>
      </trkpt>
      <trkpt lat="45.75226" lon="6.59784">
        <ele>1090</ele>
        <time>2026-05-14T10:02:58+00:00</time>
      </trkpt>
      <trkpt lat="45.75208" lon="6.59759">
        <ele>1089</ele>
        <time>2026-05-14T10:02:59+00:00</time>
      </trkpt>
      <trkpt lat="45.75164" lon="6.59719">
        <ele>1090</ele>
        <time>2026-05-14T10:03:00+00:00</time>
      </trkpt>
      <trkpt lat="45.75114" lon="6.59652">
        <ele>1087</ele>
        <time>2026-05-14T10:03:01+00:00</time>
      </trkpt>
      <trkpt lat="45.7507" lon="6.59584">
        <ele>1082</ele>
        <time>2026-05-14T10:03:02+00:00</time>
      </trkpt>
      <trkpt lat="45.75028" lon="6.59537">
        <ele>1081</ele>
        <time>2026-05-14T10:03:03+00:00</time>
      </trkpt>
      <trkpt lat="45.75019" lon="6.59521">
        <ele>1079</ele>
        <time>2026-05-14T10:03:04+00:00</time>
      </trkpt>
      <trkpt lat="45.75016" lon="6.59506">
        <ele>1077</ele>
        <time>2026-05-14T10:03:05+00:00</time>
      </trkpt>
      <trkpt lat="45.75037" lon="6.5947">
        <ele>1069</ele>
        <time>2026-05-14T10:03:06+00:00</time>
      </trkpt>
      <trkpt lat="45.75035" lon="6.59439">
        <ele>1065</ele>
        <time>2026-05-14T10:03:07+00:00</time>
      </trkpt>
      <trkpt lat="45.74996" lon="6.59381">
        <ele>1065</ele>
        <time>2026-05-14T10:03:08+00:00</time>
      </trkpt>
      <trkpt lat="45.74991" lon="6.593">
        <ele>1058</ele>
        <time>2026-05-14T10:03:09+00:00</time>
      </trkpt>
      <trkpt lat="45.74961" lon="6.59253">
        <ele>1056</ele>
        <time>2026-05-14T10:03:10+00:00</time>
      </trkpt>
      <trkpt lat="45.74932" lon="6.59158">
        <ele>1046</ele>
        <time>2026-05-14T10:03:11+00:00</time>
      </trkpt>
      <trkpt lat="45.74911" lon="6.59142">
        <ele>1045</ele>
        <time>2026-05-14T10:03:12+00:00</time>
      </trkpt>
      <trkpt lat="45.74901" lon="6.59129">
        <ele>1044</ele>
        <time>2026-05-14T10:03:13+00:00</time>
      </trkpt>
      <trkpt lat="45.74952" lon="6.59115">
        <ele>1041</ele>
        <time>2026-05-14T10:03:14+00:00</time>
      </trkpt>
      <trkpt lat="45.7498" lon="6.59116">
        <ele>1040</ele>
        <time>2026-05-14T10:03:15+00:00</time>
      </trkpt>
      <trkpt lat="45.75004" lon="6.59143">
        <ele>1041</ele>
        <time>2026-05-14T10:03:16+00:00</time>
      </trkpt>
      <trkpt lat="45.75015" lon="6.59149">
        <ele>1040</ele>
        <time>2026-05-14T10:03:17+00:00</time>
      </trkpt>
      <trkpt lat="45.75059" lon="6.59136">
        <ele>1038</ele>
        <time>2026-05-14T10:03:18+00:00</time>
      </trkpt>
      <trkpt lat="45.75108" lon="6.5915">
        <ele>1040</ele>
        <time>2026-05-14T10:03:19+00:00</time>
      </trkpt>
      <trkpt lat="45.75157" lon="6.59192">
        <ele>1046</ele>
        <time>2026-05-14T10:03:20+00:00</time>
      </trkpt>
      <trkpt lat="45.75169" lon="6.59209">
        <ele>1047</ele>
        <time>2026-05-14T10:03:21+00:00</time>
      </trkpt>
      <trkpt lat="45.75182" lon="6.59247">
        <ele>1048</ele>
        <time>2026-05-14T10:03:22+00:00</time>
      </trkpt>
      <trkpt lat="45.75191" lon="6.59255">
        <ele>1049</ele>
        <time>2026-05-14T10:03:23+00:00</time>
      </trkpt>
      <trkpt lat="45.75204" lon="6.59244">
        <ele>1051</ele>
        <time>2026-05-14T10:03:24+00:00</time>
      </trkpt>
      <trkpt lat="45.75206" lon="6.59232">
        <ele>1053</ele>
        <time>2026-05-14T10:03:25+00:00</time>
      </trkpt>
      <trkpt lat="45.7519" lon="6.59195">
        <ele>1053</ele>
        <time>2026-05-14T10:03:26+00:00</time>
      </trkpt>
      <trkpt lat="45.75179" lon="6.59144">
        <ele>1055</ele>
        <time>2026-05-14T10:03:27+00:00</time>
      </trkpt>
      <trkpt lat="45.75176" lon="6.59097">
        <ele>1060</ele>
        <time>2026-05-14T10:03:28+00:00</time>
      </trkpt>
      <trkpt lat="45.75152" lon="6.59032">
        <ele>1069</ele>
        <time>2026-05-14T10:03:29+00:00</time>
      </trkpt>
      <trkpt lat="45.75124" lon="6.59002">
        <ele>1069</ele>
        <time>2026-05-14T10:03:30+00:00</time>
      </trkpt>
      <trkpt lat="45.7512" lon="6.58989">
        <ele>1071</ele>
        <time>2026-05-14T10:03:31+00:00</time>
      </trkpt>
      <trkpt lat="45.75124" lon="6.58979">
        <ele>1074</ele>
        <time>2026-05-14T10:03:32+00:00</time>
      </trkpt>
      <trkpt lat="45.75133" lon="6.5898">
        <ele>1077</ele>
        <time>2026-05-14T10:03:33+00:00</time>
      </trkpt>
      <trkpt lat="45.75147" lon="6.58997">
        <ele>1077</ele>
        <time>2026-05-14T10:03:34+00:00</time>
      </trkpt>
      <trkpt lat="45.75157" lon="6.58999">
        <ele>1079</ele>
        <time>2026-05-14T10:03:35+00:00</time>
      </trkpt>
      <trkpt lat="45.75127" lon="6.58948">
        <ele>1082</ele>
        <time>2026-05-14T10:03:36+00:00</time>
      </trkpt>
      <trkpt lat="45.75103" lon="6.58889">
        <ele>1088</ele>
        <time>2026-05-14T10:03:37+00:00</time>
      </trkpt>
      <trkpt lat="45.7509" lon="6.58839">
        <ele>1097</ele>
        <time>2026-05-14T10:03:38+00:00</time>
      </trkpt>
      <trkpt lat="45.75094" lon="6.58795">
        <ele>1108</ele>
        <time>2026-05-14T10:03:39+00:00</time>
      </trkpt>
      <trkpt lat="45.75068" lon="6.58738">
        <ele>1112</ele>
        <time>2026-05-14T10:03:40+00:00</time>
      </trkpt>
      <trkpt lat="45.75062" lon="6.58703">
        <ele>1117</ele>
        <time>2026-05-14T10:03:41+00:00</time>
      </trkpt>
      <trkpt lat="45.75068" lon="6.58691">
        <ele>1121</ele>
        <time>2026-05-14T10:03:42+00:00</time>
      </trkpt>
      <trkpt lat="45.75079" lon="6.5869">
        <ele>1124</ele>
        <time>2026-05-14T10:03:43+00:00</time>
      </trkpt>
      <trkpt lat="45.7508" lon="6.58684">
        <ele>1126</ele>
        <time>2026-05-14T10:03:44+00:00</time>
      </trkpt>
      <trkpt lat="45.75068" lon="6.58633">
        <ele>1132</ele>
        <time>2026-05-14T10:03:45+00:00</time>
      </trkpt>
      <trkpt lat="45.75063" lon="6.58631">
        <ele>1131</ele>
        <time>2026-05-14T10:03:46+00:00</time>
      </trkpt>
      <trkpt lat="45.75058" lon="6.58615">
        <ele>1132</ele>
        <time>2026-05-14T10:03:47+00:00</time>
      </trkpt>
      <trkpt lat="45.75044" lon="6.58551">
        <ele>1139</ele>
        <time>2026-05-14T10:03:48+00:00</time>
      </trkpt>
      <trkpt lat="45.75049" lon="6.58536">
        <ele>1143</ele>
        <time>2026-05-14T10:03:49+00:00</time>
      </trkpt>
      <trkpt lat="45.75024" lon="6.58474">
        <ele>1146</ele>
        <time>2026-05-14T10:03:50+00:00</time>
      </trkpt>
      <trkpt lat="45.75006" lon="6.58458">
        <ele>1143</ele>
        <time>2026-05-14T10:03:51+00:00</time>
      </trkpt>
      <trkpt lat="45.74981" lon="6.58422">
        <ele>1141</ele>
        <time>2026-05-14T10:03:52+00:00</time>
      </trkpt>
      <trkpt lat="45.74981" lon="6.58407">
        <ele>1143</ele>
        <time>2026-05-14T10:03:53+00:00</time>
      </trkpt>
      <trkpt lat="45.74973" lon="6.58396">
        <ele>1143</ele>
        <time>2026-05-14T10:03:54+00:00</time>
      </trkpt>
      <trkpt lat="45.74954" lon="6.58379">
        <ele>1141</ele>
        <time>2026-05-14T10:03:55+00:00</time>
      </trkpt>
      <trkpt lat="45.7493" lon="6.58347">
        <ele>1139</ele>
        <time>2026-05-14T10:03:56+00:00</time>
      </trkpt>
      <trkpt lat="45.74919" lon="6.58325">
        <ele>1140</ele>
        <time>2026-05-14T10:03:57+00:00</time>
      </trkpt>
      <trkpt lat="45.74901" lon="6.58266">
        <ele>1142</ele>
        <time>2026-05-14T10:03:58+00:00</time>
      </trkpt>
      <trkpt lat="45.74874" lon="6.5808">
        <ele>1152</ele>
        <time>2026-05-14T10:03:59+00:00</time>
      </trkpt>
      <trkpt lat="45.7486" lon="6.58045">
        <ele>1151</ele>
        <time>2026-05-14T10:04:00+00:00</time>
      </trkpt>
      <trkpt lat="45.74851" lon="6.57998">
        <ele>1152</ele>
        <time>2026-05-14T10:04:01+00:00</time>
      </trkpt>
      <trkpt lat="45.7486" lon="6.5795">
        <ele>1155</ele>
        <time>2026-05-14T10:04:02+00:00</time>
      </trkpt>
      <trkpt lat="45.74899" lon="6.57931">
        <ele>1162</ele>
        <time>2026-05-14T10:04:03+00:00</time>
      </trkpt>
      <trkpt lat="45.74904" lon="6.57915">
        <ele>1163</ele>
        <time>2026-05-14T10:04:04+00:00</time>
      </trkpt>
      <trkpt lat="45.74894" lon="6.57891">
        <ele>1165</ele>
        <time>2026-05-14T10:04:05+00:00</time>
      </trkpt>
      <trkpt lat="45.74874" lon="6.57879">
        <ele>1163</ele>
        <time>2026-05-14T10:04:06+00:00</time>
      </trkpt>
      <trkpt lat="45.74812" lon="6.57864">
        <ele>1158</ele>
        <time>2026-05-14T10:04:07+00:00</time>
      </trkpt>
      <trkpt lat="45.74799" lon="6.57855">
        <ele>1158</ele>
        <time>2026-05-14T10:04:08+00:00</time>
      </trkpt>
      <trkpt lat="45.74781" lon="6.57829">
        <ele>1159</ele>
        <time>2026-05-14T10:04:09+00:00</time>
      </trkpt>
      <trkpt lat="45.74773" lon="6.57803">
        <ele>1161</ele>
        <time>2026-05-14T10:04:10+00:00</time>
      </trkpt>
      <trkpt lat="45.74765" lon="6.57738">
        <ele>1167</ele>
        <time>2026-05-14T10:04:11+00:00</time>
      </trkpt>
      <trkpt lat="45.74773" lon="6.57736">
        <ele>1169</ele>
        <time>2026-05-14T10:04:12+00:00</time>
      </trkpt>
      <trkpt lat="45.74788" lon="6.57713">
        <ele>1176</ele>
        <time>2026-05-14T10:04:13+00:00</time>
      </trkpt>
      <trkpt lat="45.74806" lon="6.57642">
        <ele>1192</ele>
        <time>2026-05-14T10:04:14+00:00</time>
      </trkpt>
      <trkpt lat="45.74815" lon="6.57622">
        <ele>1199</ele>
        <time>2026-05-14T10:04:15+00:00</time>
      </trkpt>
      <trkpt lat="45.74848" lon="6.57623">
        <ele>1206</ele>
        <time>2026-05-14T10:04:16+00:00</time>
      </trkpt>
      <trkpt lat="45.74858" lon="6.57619">
        <ele>1209</ele>
        <time>2026-05-14T10:04:17+00:00</time>
      </trkpt>
      <trkpt lat="45.74875" lon="6.57602">
        <ele>1217</ele>
        <time>2026-05-14T10:04:18+00:00</time>
      </trkpt>
      <trkpt lat="45.74876" lon="6.57574">
        <ele>1225</ele>
        <time>2026-05-14T10:04:19+00:00</time>
      </trkpt>
      <trkpt lat="45.74885" lon="6.57573">
        <ele>1228</ele>
        <time>2026-05-14T10:04:20+00:00</time>
      </trkpt>
      <trkpt lat="45.74913" lon="6.57581">
        <ele>1232</ele>
        <time>2026-05-14T10:04:21+00:00</time>
      </trkpt>
      <trkpt lat="45.74925" lon="6.57562">
        <ele>1240</ele>
        <time>2026-05-14T10:04:22+00:00</time>
      </trkpt>
      <trkpt lat="45.74935" lon="6.57563">
        <ele>1242</ele>
        <time>2026-05-14T10:04:23+00:00</time>
      </trkpt>
      <trkpt lat="45.74946" lon="6.57556">
        <ele>1246</ele>
        <time>2026-05-14T10:04:24+00:00</time>
      </trkpt>
      <trkpt lat="45.74939" lon="6.57535">
        <ele>1251</ele>
        <time>2026-05-14T10:04:25+00:00</time>
      </trkpt>
      <trkpt lat="45.74941" lon="6.57526">
        <ele>1255</ele>
        <time>2026-05-14T10:04:26+00:00</time>
      </trkpt>
      <trkpt lat="45.74952" lon="6.5753">
        <ele>1256</ele>
        <time>2026-05-14T10:04:27+00:00</time>
      </trkpt>
      <trkpt lat="45.74956" lon="6.57519">
        <ele>1260</ele>
        <time>2026-05-14T10:04:28+00:00</time>
      </trkpt>
      <trkpt lat="45.74949" lon="6.57496">
        <ele>1267</ele>
        <time>2026-05-14T10:04:29+00:00</time>
      </trkpt>
      <trkpt lat="45.74971" lon="6.57498">
        <ele>1271</ele>
        <time>2026-05-14T10:04:30+00:00</time>
      </trkpt>
      <trkpt lat="45.7498" lon="6.57492">
        <ele>1276</ele>
        <time>2026-05-14T10:04:31+00:00</time>
      </trkpt>
      <trkpt lat="45.74951" lon="6.57466">
        <ele>1282</ele>
        <time>2026-05-14T10:04:32+00:00</time>
      </trkpt>
      <trkpt lat="45.7496" lon="6.57464">
        <ele>1286</ele>
        <time>2026-05-14T10:04:33+00:00</time>
      </trkpt>
      <trkpt lat="45.74971" lon="6.57474">
        <ele>1284</ele>
        <time>2026-05-14T10:04:34+00:00</time>
      </trkpt>
      <trkpt lat="45.74994" lon="6.57473">
        <ele>1290</ele>
        <time>2026-05-14T10:04:35+00:00</time>
      </trkpt>
      <trkpt lat="45.7502" lon="6.57478">
        <ele>1295</ele>
        <time>2026-05-14T10:04:36+00:00</time>
      </trkpt>
      <trkpt lat="45.75052" lon="6.57496">
        <ele>1294</ele>
        <time>2026-05-14T10:04:37+00:00</time>
      </trkpt>
      <trkpt lat="45.75055" lon="6.5749">
        <ele>1298</ele>
        <time>2026-05-14T10:04:38+00:00</time>
      </trkpt>
      <trkpt lat="45.75046" lon="6.57468">
        <ele>1308</ele>
        <time>2026-05-14T10:04:39+00:00</time>
      </trkpt>
      <trkpt lat="45.75051" lon="6.57459">
        <ele>1315</ele>
        <time>2026-05-14T10:04:40+00:00</time>
      </trkpt>
      <trkpt lat="45.75077" lon="6.57475">
        <ele>1313</ele>
        <time>2026-05-14T10:04:41+00:00</time>
      </trkpt>
      <trkpt lat="45.75102" lon="6.57466">
        <ele>1323</ele>
        <time>2026-05-14T10:04:42+00:00</time>
      </trkpt>
      <trkpt lat="45.75049" lon="6.57342">
        <ele>1368</ele>
        <time>2026-05-14T10:04:43+00:00</time>
      </trkpt>
      <trkpt lat="45.74996" lon="6.57304">
        <ele>1364</ele>
        <time>2026-05-14T10:04:44+00:00</time>
      </trkpt>
      <trkpt lat="45.74986" lon="6.57289">
        <ele>1365</ele>
        <time>2026-05-14T10:04:45+00:00</time>
      </trkpt>
      <trkpt lat="45.74978" lon="6.57273">
        <ele>1367</ele>
        <time>2026-05-14T10:04:46+00:00</time>
      </trkpt>
      <trkpt lat="45.7497" lon="6.57241">
        <ele>1373</ele>
        <time>2026-05-14T10:04:47+00:00</time>
      </trkpt>
      <trkpt lat="45.74972" lon="6.57214">
        <ele>1376</ele>
        <time>2026-05-14T10:04:48+00:00</time>
      </trkpt>
      <trkpt lat="45.74956" lon="6.57193">
        <ele>1377</ele>
        <time>2026-05-14T10:04:49+00:00</time>
      </trkpt>
      <trkpt lat="45.74931" lon="6.57144">
        <ele>1381</ele>
        <time>2026-05-14T10:04:50+00:00</time>
      </trkpt>
      <trkpt lat="45.74921" lon="6.57136">
        <ele>1381</ele>
        <time>2026-05-14T10:04:51+00:00</time>
      </trkpt>
      <trkpt lat="45.74878" lon="6.57046">
        <ele>1383</ele>
        <time>2026-05-14T10:04:52+00:00</time>
      </trkpt>
      <trkpt lat="45.74858" lon="6.57019">
        <ele>1382</ele>
        <time>2026-05-14T10:04:53+00:00</time>
      </trkpt>
      <trkpt lat="45.74826" lon="6.56941">
        <ele>1380</ele>
        <time>2026-05-14T10:04:54+00:00</time>
      </trkpt>
      <trkpt lat="45.74741" lon="6.56914">
        <ele>1377</ele>
        <time>2026-05-14T10:04:55+00:00</time>
      </trkpt>
      <trkpt lat="45.74696" lon="6.56895">
        <ele>1372</ele>
        <time>2026-05-14T10:04:56+00:00</time>
      </trkpt>
      <trkpt lat="45.7469" lon="6.56888">
        <ele>1372</ele>
        <time>2026-05-14T10:04:57+00:00</time>
      </trkpt>
      <trkpt lat="45.74691" lon="6.56873">
        <ele>1373</ele>
        <time>2026-05-14T10:04:58+00:00</time>
      </trkpt>
      <trkpt lat="45.74676" lon="6.56833">
        <ele>1374</ele>
        <time>2026-05-14T10:04:59+00:00</time>
      </trkpt>
      <trkpt lat="45.74693" lon="6.5677">
        <ele>1382</ele>
        <time>2026-05-14T10:05:00+00:00</time>
      </trkpt>
      <trkpt lat="45.74681" lon="6.56698">
        <ele>1387</ele>
        <time>2026-05-14T10:05:01+00:00</time>
      </trkpt>
      <trkpt lat="45.74661" lon="6.56644">
        <ele>1388</ele>
        <time>2026-05-14T10:05:02+00:00</time>
      </trkpt>
      <trkpt lat="45.74644" lon="6.56619">
        <ele>1387</ele>
        <time>2026-05-14T10:05:03+00:00</time>
      </trkpt>
      <trkpt lat="45.74656" lon="6.56606">
        <ele>1391</ele>
        <time>2026-05-14T10:05:04+00:00</time>
      </trkpt>
      <trkpt lat="45.74662" lon="6.56588">
        <ele>1395</ele>
        <time>2026-05-14T10:05:05+00:00</time>
      </trkpt>
      <trkpt lat="45.74677" lon="6.56566">
        <ele>1401</ele>
        <time>2026-05-14T10:05:06+00:00</time>
      </trkpt>
      <trkpt lat="45.74683" lon="6.56492">
        <ele>1408</ele>
        <time>2026-05-14T10:05:07+00:00</time>
      </trkpt>
      <trkpt lat="45.74723" lon="6.56425">
        <ele>1420</ele>
        <time>2026-05-14T10:05:08+00:00</time>
      </trkpt>
      <trkpt lat="45.74722" lon="6.56416">
        <ele>1420</ele>
        <time>2026-05-14T10:05:09+00:00</time>
      </trkpt>
      <trkpt lat="45.74714" lon="6.56411">
        <ele>1420</ele>
        <time>2026-05-14T10:05:10+00:00</time>
      </trkpt>
      <trkpt lat="45.74645" lon="6.56422">
        <ele>1415</ele>
        <time>2026-05-14T10:05:11+00:00</time>
      </trkpt>
      <trkpt lat="45.74627" lon="6.56413">
        <ele>1415</ele>
        <time>2026-05-14T10:05:12+00:00</time>
      </trkpt>
      <trkpt lat="45.74596" lon="6.56378">
        <ele>1419</ele>
        <time>2026-05-14T10:05:13+00:00</time>
      </trkpt>
      <trkpt lat="45.74583" lon="6.56347">
        <ele>1424</ele>
        <time>2026-05-14T10:05:14+00:00</time>
      </trkpt>
      <trkpt lat="45.74583" lon="6.56319">
        <ele>1428</ele>
        <time>2026-05-14T10:05:15+00:00</time>
      </trkpt>
      <trkpt lat="45.74593" lon="6.56252">
        <ele>1437</ele>
        <time>2026-05-14T10:05:16+00:00</time>
      </trkpt>
      <trkpt lat="45.74586" lon="6.56233">
        <ele>1438</ele>
        <time>2026-05-14T10:05:17+00:00</time>
      </trkpt>
      <trkpt lat="45.7457" lon="6.56197">
        <ele>1440</ele>
        <time>2026-05-14T10:05:18+00:00</time>
      </trkpt>
      <trkpt lat="45.74529" lon="6.56147">
        <ele>1440</ele>
        <time>2026-05-14T10:05:19+00:00</time>
      </trkpt>
      <trkpt lat="45.74474" lon="6.56051">
        <ele>1440</ele>
        <time>2026-05-14T10:05:20+00:00</time>
      </trkpt>
      <trkpt lat="45.74469" lon="6.56007">
        <ele>1443</ele>
        <time>2026-05-14T10:05:21+00:00</time>
      </trkpt>
      <trkpt lat="45.74477" lon="6.55956">
        <ele>1448</ele>
        <time>2026-05-14T10:05:22+00:00</time>
      </trkpt>
      <trkpt lat="45.74494" lon="6.55948">
        <ele>1452</ele>
        <time>2026-05-14T10:05:23+00:00</time>
      </trkpt>
      <trkpt lat="45.74501" lon="6.55918">
        <ele>1454</ele>
        <time>2026-05-14T10:05:24+00:00</time>
      </trkpt>
      <trkpt lat="45.74493" lon="6.55893">
        <ele>1457</ele>
        <time>2026-05-14T10:05:25+00:00</time>
      </trkpt>
      <trkpt lat="45.74473" lon="6.55867">
        <ele>1458</ele>
        <time>2026-05-14T10:05:26+00:00</time>
      </trkpt>
      <trkpt lat="45.7446" lon="6.55841">
        <ele>1461</ele>
        <time>2026-05-14T10:05:27+00:00</time>
      </trkpt>
      <trkpt lat="45.74424" lon="6.55722">
        <ele>1474</ele>
        <time>2026-05-14T10:05:28+00:00</time>
      </trkpt>
      <trkpt lat="45.74409" lon="6.55623">
        <ele>1485</ele>
        <time>2026-05-14T10:05:29+00:00</time>
      </trkpt>
      <trkpt lat="45.74415" lon="6.55537">
        <ele>1493</ele>
        <time>2026-05-14T10:05:30+00:00</time>
      </trkpt>
      <trkpt lat="45.74415" lon="6.55469">
        <ele>1496</ele>
        <time>2026-05-14T10:05:31+00:00</time>
      </trkpt>
      <trkpt lat="45.74467" lon="6.55292">
        <ele>1521</ele>
        <time>2026-05-14T10:05:32+00:00</time>
      </trkpt>
      <trkpt lat="45.74483" lon="6.55205">
        <ele>1524</ele>
        <time>2026-05-14T10:05:33+00:00</time>
      </trkpt>
      <trkpt lat="45.74512" lon="6.55142">
        <ele>1526</ele>
        <time>2026-05-14T10:05:34+00:00</time>
      </trkpt>
      <trkpt lat="45.74527" lon="6.55122">
        <ele>1527</ele>
        <time>2026-05-14T10:05:35+00:00</time>
      </trkpt>
      <trkpt lat="45.74568" lon="6.55088">
        <ele>1528</ele>
        <time>2026-05-14T10:05:36+00:00</time>
      </trkpt>
      <trkpt lat="45.74586" lon="6.55055">
        <ele>1528</ele>
        <time>2026-05-14T10:05:37+00:00</time>
      </trkpt>
      <trkpt lat="45.74632" lon="6.54959">
        <ele>1527</ele>
        <time>2026-05-14T10:05:38+00:00</time>
      </trkpt>
      <trkpt lat="45.74637" lon="6.54911">
        <ele>1526</ele>
        <time>2026-05-14T10:05:39+00:00</time>
      </trkpt>
      <trkpt lat="45.747" lon="6.54899">
        <ele>1532</ele>
        <time>2026-05-14T10:05:40+00:00</time>
      </trkpt>
      <trkpt lat="45.74727" lon="6.54865">
        <ele>1536</ele>
        <time>2026-05-14T10:05:41+00:00</time>
      </trkpt>
      <trkpt lat="45.74742" lon="6.54825">
        <ele>1539</ele>
        <time>2026-05-14T10:05:42+00:00</time>
      </trkpt>
      <trkpt lat="45.74802" lon="6.54819">
        <ele>1547</ele>
        <time>2026-05-14T10:05:43+00:00</time>
      </trkpt>
      <trkpt lat="45.74817" lon="6.54792">
        <ele>1548</ele>
        <time>2026-05-14T10:05:44+00:00</time>
      </trkpt>
      <trkpt lat="45.74846" lon="6.54768">
        <ele>1550</ele>
        <time>2026-05-14T10:05:45+00:00</time>
      </trkpt>
      <trkpt lat="45.74869" lon="6.54771">
        <ele>1552</ele>
        <time>2026-05-14T10:05:46+00:00</time>
      </trkpt>
      <trkpt lat="45.7496" lon="6.54749">
        <ele>1559</ele>
        <time>2026-05-14T10:05:47+00:00</time>
      </trkpt>
      <trkpt lat="45.7496" lon="6.54725">
        <ele>1558</ele>
        <time>2026-05-14T10:05:48+00:00</time>
      </trkpt>
      <trkpt lat="45.74966" lon="6.54714">
        <ele>1558</ele>
        <time>2026-05-14T10:05:49+00:00</time>
      </trkpt>
      <trkpt lat="45.74985" lon="6.5471">
        <ele>1559</ele>
        <time>2026-05-14T10:05:50+00:00</time>
      </trkpt>
      <trkpt lat="45.75006" lon="6.54696">
        <ele>1560</ele>
        <time>2026-05-14T10:05:51+00:00</time>
      </trkpt>
      <trkpt lat="45.75015" lon="6.54683">
        <ele>1560</ele>
        <time>2026-05-14T10:05:52+00:00</time>
      </trkpt>
      <trkpt lat="45.75018" lon="6.54675">
        <ele>1560</ele>
        <time>2026-05-14T10:05:53+00:00</time>
      </trkpt>
      <trkpt lat="45.75017" lon="6.54645">
        <ele>1558</ele>
        <time>2026-05-14T10:05:54+00:00</time>
      </trkpt>
      <trkpt lat="45.75035" lon="6.54619">
        <ele>1557</ele>
        <time>2026-05-14T10:05:55+00:00</time>
      </trkpt>
      <trkpt lat="45.75046" lon="6.54618">
        <ele>1558</ele>
        <time>2026-05-14T10:05:56+00:00</time>
      </trkpt>
      <trkpt lat="45.75059" lon="6.54637">
        <ele>1560</ele>
        <time>2026-05-14T10:05:57+00:00</time>
      </trkpt>
      <trkpt lat="45.75097" lon="6.54661">
        <ele>1564</ele>
        <time>2026-05-14T10:05:58+00:00</time>
      </trkpt>
      <trkpt lat="45.75127" lon="6.54674">
        <ele>1568</ele>
        <time>2026-05-14T10:05:59+00:00</time>
      </trkpt>
      <trkpt lat="45.75161" lon="6.54657">
        <ele>1570</ele>
        <time>2026-05-14T10:06:00+00:00</time>
      </trkpt>
      <trkpt lat="45.75183" lon="6.54657">
        <ele>1573</ele>
        <time>2026-05-14T10:06:01+00:00</time>
      </trkpt>
      <trkpt lat="45.75224" lon="6.54636">
        <ele>1575</ele>
        <time>2026-05-14T10:06:02+00:00</time>
      </trkpt>
      <trkpt lat="45.75294" lon="6.5464">
        <ele>1584</ele>
        <time>2026-05-14T10:06:03+00:00</time>
      </trkpt>
      <trkpt lat="45.75321" lon="6.54629">
        <ele>1586</ele>
        <time>2026-05-14T10:06:04+00:00</time>
      </trkpt>
      <trkpt lat="45.7534" lon="6.54614">
        <ele>1587</ele>
        <time>2026-05-14T10:06:05+00:00</time>
      </trkpt>
      <trkpt lat="45.75384" lon="6.5459">
        <ele>1588</ele>
        <time>2026-05-14T10:06:06+00:00</time>
      </trkpt>
      <trkpt lat="45.75428" lon="6.5459">
        <ele>1594</ele>
        <time>2026-05-14T10:06:07+00:00</time>
      </trkpt>
      <trkpt lat="45.75454" lon="6.54583">
        <ele>1599</ele>
        <time>2026-05-14T10:06:08+00:00</time>
      </trkpt>
      <trkpt lat="45.75496" lon="6.5454">
        <ele>1604</ele>
        <time>2026-05-14T10:06:09+00:00</time>
      </trkpt>
      <trkpt lat="45.7552" lon="6.54501">
        <ele>1605</ele>
        <time>2026-05-14T10:06:10+00:00</time>
      </trkpt>
      <trkpt lat="45.75604" lon="6.54257">
        <ele>1617</ele>
        <time>2026-05-14T10:06:11+00:00</time>
      </trkpt>
      <trkpt lat="45.75616" lon="6.54217">
        <ele>1620</ele>
        <time>2026-05-14T10:06:12+00:00</time>
      </trkpt>
      <trkpt lat="45.75628" lon="6.54144">
        <ele>1623</ele>
        <time>2026-05-14T10:06:13+00:00</time>
      </trkpt>
      <trkpt lat="45.7564" lon="6.54102">
        <ele>1625</ele>
        <time>2026-05-14T10:06:14+00:00</time>
      </trkpt>
      <trkpt lat="45.75651" lon="6.54092">
        <ele>1626</ele>
        <time>2026-05-14T10:06:15+00:00</time>
      </trkpt>
      <trkpt lat="45.75712" lon="6.53956">
        <ele>1635</ele>
        <time>2026-05-14T10:06:16+00:00</time>
      </trkpt>
      <trkpt lat="45.75721" lon="6.5395">
        <ele>1637</ele>
        <time>2026-05-14T10:06:17+00:00</time>
      </trkpt>
      <trkpt lat="45.75727" lon="6.53927">
        <ele>1637</ele>
        <time>2026-05-14T10:06:18+00:00</time>
      </trkpt>
      <trkpt lat="45.75738" lon="6.53906">
        <ele>1639</ele>
        <time>2026-05-14T10:06:19+00:00</time>
      </trkpt>
      <trkpt lat="45.75751" lon="6.53848">
        <ele>1641</ele>
        <time>2026-05-14T10:06:20+00:00</time>
      </trkpt>
      <trkpt lat="45.75791" lon="6.53745">
        <ele>1649</ele>
        <time>2026-05-14T10:06:21+00:00</time>
      </trkpt>
      <trkpt lat="45.75808" lon="6.53677">
        <ele>1650</ele>
        <time>2026-05-14T10:06:22+00:00</time>
      </trkpt>
      <trkpt lat="45.75833" lon="6.53614">
        <ele>1653</ele>
        <time>2026-05-14T10:06:23+00:00</time>
      </trkpt>
      <trkpt lat="45.75845" lon="6.53592">
        <ele>1653</ele>
        <time>2026-05-14T10:06:24+00:00</time>
      </trkpt>
      <trkpt lat="45.75897" lon="6.53523">
        <ele>1657</ele>
        <time>2026-05-14T10:06:25+00:00</time>
      </trkpt>
      <trkpt lat="45.75914" lon="6.53492">
        <ele>1658</ele>
        <time>2026-05-14T10:06:26+00:00</time>
      </trkpt>
      <trkpt lat="45.75944" lon="6.53412">
        <ele>1658</ele>
        <time>2026-05-14T10:06:27+00:00</time>
      </trkpt>
      <trkpt lat="45.75983" lon="6.53351">
        <ele>1658</ele>
        <time>2026-05-14T10:06:28+00:00</time>
      </trkpt>
    </trkseg>
  </trk>
</gpx>
